subject_id,experiment_name,hotspot_idx,current_hotspot_idx,realization_id,sequence_idx,score_type,sequence_length,score
33764.44,RANDOM,412,9743,89250,0,nrmsd_norm,5,0.5422249859152973
33764.44,RANDOM,412,9743,89250,0,nrmsd_norm,6,0.5304562233451385
33764.44,RANDOM,412,3124,89250,0,nrmsd_norm,7,0.3815437404592882
33764.44,RANDOM,412,3560,89250,0,nrmsd_norm,8,0.3607409698543321
33764.44,RANDOM,412,6159,89250,0,nrmsd_norm,9,0.2994865119928883
33764.44,RANDOM,412,2011,89250,0,nrmsd_norm,10,0.2827416249739693
33764.44,RANDOM,412,2011,89250,0,nrmsd_norm,11,0.3092322008559461
33764.44,RANDOM,412,6160,89250,0,nrmsd_norm,12,0.2974104923332314
33764.44,RANDOM,412,6160,89250,0,nrmsd_norm,13,0.28392063753266766
33764.44,RANDOM,412,5603,89250,0,nrmsd_norm,14,0.27483361535791034
33764.44,RANDOM,412,5603,89250,0,nrmsd_norm,15,0.276872320450452
33764.44,RANDOM,412,5603,89250,0,nrmsd_norm,16,0.2702411695351814
33764.44,RANDOM,412,412,89250,0,nrmsd_norm,17,0.26016421725086836
33764.44,RANDOM,412,412,89250,0,nrmsd_norm,18,0.2550555184596299
33764.44,RANDOM,412,412,89250,0,nrmsd_norm,19,0.2477880568608001
33764.44,RANDOM,412,1951,89250,0,nrmsd_norm,20,0.25180392414983666
33764.44,RANDOM,412,1951,89250,0,nrmsd_norm,22,0.2566707566763372
33764.44,RANDOM,412,412,89250,0,nrmsd_norm,24,0.25461001830141705
33764.44,RANDOM,412,412,89250,0,nrmsd_norm,26,0.2407760703630139
33764.44,RANDOM,412,6159,89250,0,nrmsd_norm,28,0.2564177258825799
33764.44,RANDOM,412,412,89250,0,nrmsd_norm,30,0.24329577289830978
33764.44,RANDOM,412,412,89250,0,nrmsd_norm,32,0.25345847824976164
33764.44,RANDOM,412,412,89250,0,nrmsd_norm,34,0.2596288171941545
33764.44,RANDOM,412,412,89250,0,nrmsd_norm,36,0.2508849021039981
33764.44,RANDOM,412,412,89250,0,nrmsd_norm,38,0.2680234006634706
33764.44,RANDOM,412,412,89250,0,nrmsd_norm,40,0.26648739074768424
33764.44,RANDOM,412,412,89250,0,nrmsd_norm,42,0.25427264930525745
33764.44,RANDOM,412,412,89250,0,nrmsd_norm,44,0.2526604622985009
33764.44,RANDOM,412,412,89250,0,nrmsd_norm,46,0.26205928395093747
33764.44,RANDOM,412,412,89250,0,nrmsd_norm,48,0.2729729338535801
33764.44,RANDOM,412,412,89250,0,nrmsd_norm,50,0.2687010003918307
33764.44,RANDOM,412,412,89250,0,nrmsd_norm,55,0.2619078670351555
33764.44,RANDOM,412,412,89250,0,nrmsd_norm,60,0.2549653162614608
33764.44,RANDOM,412,412,89250,0,nrmsd_norm,65,0.25708245468938806
33764.44,RANDOM,412,412,89250,0,nrmsd_norm,70,0.2612947819089691
33764.44,RANDOM,412,412,89250,0,nrmsd_norm,75,0.2692477094487637
33764.44,RANDOM,412,412,89250,0,nrmsd_norm,80,0.2683061613773708
33764.44,RANDOM,412,412,89250,0,nrmsd_norm,85,0.26866048960114847
33764.44,RANDOM,412,412,89250,0,nrmsd_norm,90,0.2675702901469201
33764.44,RANDOM,412,412,89250,0,nrmsd_norm,95,0.26693856948050576
33764.44,RANDOM,412,412,89250,0,nrmsd_norm,100,0.2818004827565342
33764.44,RANDOM,412,3827,773956,0,nrmsd_norm,5,0.4792615661392834
33764.44,RANDOM,412,5723,773956,0,nrmsd_norm,6,0.44866394423072337
33764.44,RANDOM,412,2444,773956,0,nrmsd_norm,7,0.35463004805711434
33764.44,RANDOM,412,5784,773956,0,nrmsd_norm,8,0.3287465808313949
33764.44,RANDOM,412,6161,773956,0,nrmsd_norm,9,0.31194031789895543
33764.44,RANDOM,412,1951,773956,0,nrmsd_norm,10,0.3301132492972357
33764.44,RANDOM,412,1951,773956,0,nrmsd_norm,11,0.36211482838574827
33764.44,RANDOM,412,1951,773956,0,nrmsd_norm,12,0.35370400239627525
33764.44,RANDOM,412,1951,773956,0,nrmsd_norm,13,0.3389051279978207
33764.44,RANDOM,412,2563,773956,0,nrmsd_norm,14,0.3321196346616809
33764.44,RANDOM,412,2563,773956,0,nrmsd_norm,15,0.33220999189022826
33764.44,RANDOM,412,1951,773956,0,nrmsd_norm,16,0.35365028463537584
33764.44,RANDOM,412,1951,773956,0,nrmsd_norm,17,0.3567712470297655
33764.44,RANDOM,412,1951,773956,0,nrmsd_norm,18,0.3637728379055306
33764.44,RANDOM,412,1447,773956,0,nrmsd_norm,19,0.36592866865648366
33764.44,RANDOM,412,5884,773956,0,nrmsd_norm,20,0.3709086944261119
33764.44,RANDOM,412,1951,773956,0,nrmsd_norm,22,0.3532429342237053
33764.44,RANDOM,412,1951,773956,0,nrmsd_norm,24,0.3480520693156319
33764.44,RANDOM,412,1951,773956,0,nrmsd_norm,26,0.33032491647892925
33764.44,RANDOM,412,1951,773956,0,nrmsd_norm,28,0.3241962112888344
33764.44,RANDOM,412,1951,773956,0,nrmsd_norm,30,0.307855814767249
33764.44,RANDOM,412,1951,773956,0,nrmsd_norm,32,0.2877254885414955
33764.44,RANDOM,412,1951,773956,0,nrmsd_norm,34,0.2906997924975666
33764.44,RANDOM,412,1951,773956,0,nrmsd_norm,36,0.2869375209959814
33764.44,RANDOM,412,1951,773956,0,nrmsd_norm,38,0.301087437886848
33764.44,RANDOM,412,1951,773956,0,nrmsd_norm,40,0.29308989974506794
33764.44,RANDOM,412,1951,773956,0,nrmsd_norm,42,0.2712880128054358
33764.44,RANDOM,412,1951,773956,0,nrmsd_norm,44,0.27115051089852704
33764.44,RANDOM,412,1951,773956,0,nrmsd_norm,46,0.2835501158709354
33764.44,RANDOM,412,1951,773956,0,nrmsd_norm,48,0.28828432565528567
33764.44,RANDOM,412,1951,773956,0,nrmsd_norm,50,0.2846747175621029
33764.44,RANDOM,412,1951,773956,0,nrmsd_norm,55,0.2781907362404739
33764.44,RANDOM,412,1951,773956,0,nrmsd_norm,60,0.27277138231686976
33764.44,RANDOM,412,412,773956,0,nrmsd_norm,65,0.2700436080016117
33764.44,RANDOM,412,412,773956,0,nrmsd_norm,70,0.27284801970090355
33764.44,RANDOM,412,412,773956,0,nrmsd_norm,75,0.2782632132806859
33764.44,RANDOM,412,412,773956,0,nrmsd_norm,80,0.27820589870884627
33764.44,RANDOM,412,412,773956,0,nrmsd_norm,85,0.277692615930084
33764.44,RANDOM,412,412,773956,0,nrmsd_norm,90,0.2756142430855947
33764.44,RANDOM,412,412,773956,0,nrmsd_norm,95,0.27476576798650926
33764.44,RANDOM,412,412,773956,0,nrmsd_norm,100,0.29221397447865705
33764.44,RANDOM,412,11661,654571,0,nrmsd_norm,5,0.4793210350137517
33764.44,RANDOM,412,11982,654571,0,nrmsd_norm,6,0.4684812747465129
33764.44,RANDOM,412,1441,654571,0,nrmsd_norm,7,0.33776376343045056
33764.44,RANDOM,412,1441,654571,0,nrmsd_norm,8,0.31632677434255885
33764.44,RANDOM,412,5949,654571,0,nrmsd_norm,9,0.3760533865111722
33764.44,RANDOM,412,5949,654571,0,nrmsd_norm,10,0.33295013138253715
33764.44,RANDOM,412,5949,654571,0,nrmsd_norm,11,0.3517330823176878
33764.44,RANDOM,412,5603,654571,0,nrmsd_norm,12,0.3200583694149568
33764.44,RANDOM,412,5603,654571,0,nrmsd_norm,13,0.3046487658451882
33764.44,RANDOM,412,5603,654571,0,nrmsd_norm,14,0.29844785070186103
33764.44,RANDOM,412,5603,654571,0,nrmsd_norm,15,0.3066793784680813
33764.44,RANDOM,412,5603,654571,0,nrmsd_norm,16,0.2785656194699496
33764.44,RANDOM,412,5603,654571,0,nrmsd_norm,17,0.27555997321484194
33764.44,RANDOM,412,5603,654571,0,nrmsd_norm,18,0.2731388578028545
33764.44,RANDOM,412,1951,654571,0,nrmsd_norm,19,0.28194842852422264
33764.44,RANDOM,412,412,654571,0,nrmsd_norm,20,0.28159804968192953
33764.44,RANDOM,412,412,654571,0,nrmsd_norm,22,0.2716895030521022
33764.44,RANDOM,412,412,654571,0,nrmsd_norm,24,0.27313907582875696
33764.44,RANDOM,412,412,654571,0,nrmsd_norm,26,0.27160561227968544
33764.44,RANDOM,412,412,654571,0,nrmsd_norm,28,0.2830981253857905
33764.44,RANDOM,412,412,654571,0,nrmsd_norm,30,0.26327759287322794
33764.44,RANDOM,412,412,654571,0,nrmsd_norm,32,0.2613996167332379
33764.44,RANDOM,412,412,654571,0,nrmsd_norm,34,0.263284201450934
33764.44,RANDOM,412,412,654571,0,nrmsd_norm,36,0.26122237510788787
33764.44,RANDOM,412,412,654571,0,nrmsd_norm,38,0.27918140773113664
33764.44,RANDOM,412,412,654571,0,nrmsd_norm,40,0.2742009668134651
33764.44,RANDOM,412,412,654571,0,nrmsd_norm,42,0.26095185547211214
33764.44,RANDOM,412,412,654571,0,nrmsd_norm,44,0.2626351022618793
33764.44,RANDOM,412,412,654571,0,nrmsd_norm,46,0.2692384974118534
33764.44,RANDOM,412,412,654571,0,nrmsd_norm,48,0.281130645315601
33764.44,RANDOM,412,412,654571,0,nrmsd_norm,50,0.2762352961888826
33764.44,RANDOM,412,412,654571,0,nrmsd_norm,55,0.26927935341562553
33764.44,RANDOM,412,5953,654571,0,nrmsd_norm,60,0.2620129284933866
33764.44,RANDOM,412,412,654571,0,nrmsd_norm,65,0.25903125035828506
33764.44,RANDOM,412,412,654571,0,nrmsd_norm,70,0.2615775380802679
33764.44,RANDOM,412,412,654571,0,nrmsd_norm,75,0.2689347381418204
33764.44,RANDOM,412,412,654571,0,nrmsd_norm,80,0.26693376759341647
33764.44,RANDOM,412,412,654571,0,nrmsd_norm,85,0.2670910784456209
33764.44,RANDOM,412,412,654571,0,nrmsd_norm,90,0.2653231797291754
33764.44,RANDOM,412,412,654571,0,nrmsd_norm,95,0.264305039506652
33764.44,RANDOM,412,412,654571,0,nrmsd_norm,100,0.2805745014720499
33764.44,RANDOM,412,12247,438878,0,nrmsd_norm,5,0.4807072196282211
33764.44,RANDOM,412,8494,438878,0,nrmsd_norm,6,0.4713013853141516
33764.44,RANDOM,412,3124,438878,0,nrmsd_norm,7,0.47332330094033775
33764.44,RANDOM,412,3124,438878,0,nrmsd_norm,8,0.41875500211326105
33764.44,RANDOM,412,3124,438878,0,nrmsd_norm,9,0.379694609777469
33764.44,RANDOM,412,3124,438878,0,nrmsd_norm,10,0.34615861868603615
33764.44,RANDOM,412,3124,438878,0,nrmsd_norm,11,0.3858916724209012
33764.44,RANDOM,412,3124,438878,0,nrmsd_norm,12,0.3721953983359653
33764.44,RANDOM,412,3124,438878,0,nrmsd_norm,13,0.349292990690263
33764.44,RANDOM,412,3124,438878,0,nrmsd_norm,14,0.33674254557900457
33764.44,RANDOM,412,5784,438878,0,nrmsd_norm,15,0.33922104533513275
33764.44,RANDOM,412,5784,438878,0,nrmsd_norm,16,0.3007746561279789
33764.44,RANDOM,412,5784,438878,0,nrmsd_norm,17,0.29810375698608577
33764.44,RANDOM,412,5784,438878,0,nrmsd_norm,18,0.29659725083814226
33764.44,RANDOM,412,5784,438878,0,nrmsd_norm,19,0.2920192381947581
33764.44,RANDOM,412,5784,438878,0,nrmsd_norm,20,0.28468989577623444
33764.44,RANDOM,412,5784,438878,0,nrmsd_norm,22,0.2851278919613703
33764.44,RANDOM,412,5784,438878,0,nrmsd_norm,24,0.28944817269888873
33764.44,RANDOM,412,5784,438878,0,nrmsd_norm,26,0.2749793927567443
33764.44,RANDOM,412,5784,438878,0,nrmsd_norm,28,0.28266524390786757
33764.44,RANDOM,412,5784,438878,0,nrmsd_norm,30,0.2763891453064203
33764.44,RANDOM,412,412,438878,0,nrmsd_norm,32,0.3011366442967813
33764.44,RANDOM,412,412,438878,0,nrmsd_norm,34,0.29747804626596613
33764.44,RANDOM,412,412,438878,0,nrmsd_norm,36,0.28294031953361287
33764.44,RANDOM,412,412,438878,0,nrmsd_norm,38,0.2972380642442811
33764.44,RANDOM,412,412,438878,0,nrmsd_norm,40,0.2911251179930979
33764.44,RANDOM,412,412,438878,0,nrmsd_norm,42,0.2729915043371513
33764.44,RANDOM,412,5953,438878,0,nrmsd_norm,44,0.27061153937595755
33764.44,RANDOM,412,5953,438878,0,nrmsd_norm,46,0.2810721830565953
33764.44,RANDOM,412,5953,438878,0,nrmsd_norm,48,0.29475322000562776
33764.44,RANDOM,412,5953,438878,0,nrmsd_norm,50,0.29121573127878936
33764.44,RANDOM,412,412,438878,0,nrmsd_norm,55,0.2844621967503364
33764.44,RANDOM,412,412,438878,0,nrmsd_norm,60,0.2785100619672714
33764.44,RANDOM,412,5953,438878,0,nrmsd_norm,65,0.2752823306169447
33764.44,RANDOM,412,412,438878,0,nrmsd_norm,70,0.27707511110518945
33764.44,RANDOM,412,412,438878,0,nrmsd_norm,75,0.2800124813436332
33764.44,RANDOM,412,412,438878,0,nrmsd_norm,80,0.27337409156557796
33764.44,RANDOM,412,412,438878,0,nrmsd_norm,85,0.27357940487988924
33764.44,RANDOM,412,412,438878,0,nrmsd_norm,90,0.2731171066264422
33764.44,RANDOM,412,412,438878,0,nrmsd_norm,95,0.27229025588180883
33764.44,RANDOM,412,412,438878,0,nrmsd_norm,100,0.29016894661775683
33764.44,RANDOM,412,6388,433015,0,nrmsd_norm,5,0.41995577425846975
33764.44,RANDOM,412,5819,433015,0,nrmsd_norm,6,0.3875885211424163
33764.44,RANDOM,412,6389,433015,0,nrmsd_norm,7,0.36104066927607553
33764.44,RANDOM,412,6388,433015,0,nrmsd_norm,8,0.3038919124359796
33764.44,RANDOM,412,6388,433015,0,nrmsd_norm,9,0.27228357687499694
33764.44,RANDOM,412,6388,433015,0,nrmsd_norm,10,0.28231517501875053
33764.44,RANDOM,412,6388,433015,0,nrmsd_norm,11,0.31088867046406043
33764.44,RANDOM,412,6689,433015,0,nrmsd_norm,12,0.3333104344835223
33764.44,RANDOM,412,6388,433015,0,nrmsd_norm,13,0.3267365183382404
33764.44,RANDOM,412,6388,433015,0,nrmsd_norm,14,0.3346949198974866
33764.44,RANDOM,412,6388,433015,0,nrmsd_norm,15,0.3350706217242139
33764.44,RANDOM,412,6388,433015,0,nrmsd_norm,16,0.3120616117257503
33764.44,RANDOM,412,6388,433015,0,nrmsd_norm,17,0.31015965728008565
33764.44,RANDOM,412,9237,433015,0,nrmsd_norm,18,0.3021705966466319
33764.44,RANDOM,412,9237,433015,0,nrmsd_norm,19,0.29672153880140084
33764.44,RANDOM,412,9237,433015,0,nrmsd_norm,20,0.3176165729291559
33764.44,RANDOM,412,9237,433015,0,nrmsd_norm,22,0.31107656626522556
33764.44,RANDOM,412,6389,433015,0,nrmsd_norm,24,0.3082253501879215
33764.44,RANDOM,412,6389,433015,0,nrmsd_norm,26,0.29872623644309165
33764.44,RANDOM,412,6389,433015,0,nrmsd_norm,28,0.3048259853664493
33764.44,RANDOM,412,6389,433015,0,nrmsd_norm,30,0.2857166566412643
33764.44,RANDOM,412,6389,433015,0,nrmsd_norm,32,0.2701635033529277
33764.44,RANDOM,412,9237,433015,0,nrmsd_norm,34,0.2848324966142261
33764.44,RANDOM,412,9237,433015,0,nrmsd_norm,36,0.2694563129406669
33764.44,RANDOM,412,9237,433015,0,nrmsd_norm,38,0.2803633145184632
33764.44,RANDOM,412,9237,433015,0,nrmsd_norm,40,0.2750168736665867
33764.44,RANDOM,412,9237,433015,0,nrmsd_norm,42,0.2651351390531615
33764.44,RANDOM,412,2563,433015,0,nrmsd_norm,44,0.2683378348720177
33764.44,RANDOM,412,2563,433015,0,nrmsd_norm,46,0.27808903896869924
33764.44,RANDOM,412,2563,433015,0,nrmsd_norm,48,0.2865049838281528
33764.44,RANDOM,412,2563,433015,0,nrmsd_norm,50,0.28391763901313394
33764.44,RANDOM,412,2563,433015,0,nrmsd_norm,55,0.277694868311401
33764.44,RANDOM,412,2563,433015,0,nrmsd_norm,60,0.271630779821729
33764.44,RANDOM,412,2563,433015,0,nrmsd_norm,65,0.2737825823056525
33764.44,RANDOM,412,2563,433015,0,nrmsd_norm,70,0.27722532812429707
33764.44,RANDOM,412,2563,433015,0,nrmsd_norm,75,0.2840128437532392
33764.44,RANDOM,412,2563,433015,0,nrmsd_norm,80,0.28422582289882753
33764.44,RANDOM,412,2563,433015,0,nrmsd_norm,85,0.2846116172018693
33764.44,RANDOM,412,2563,433015,0,nrmsd_norm,90,0.28292808240408523
33764.44,RANDOM,412,2563,433015,0,nrmsd_norm,95,0.2805315020554111
33764.44,RANDOM,412,2563,433015,0,nrmsd_norm,100,0.29594301196385353
33764.44,RANDOM,412,11643,858597,0,nrmsd_norm,5,0.4106967322881255
33764.44,RANDOM,412,633,858597,0,nrmsd_norm,6,0.42072308971827227
33764.44,RANDOM,412,9444,858597,0,nrmsd_norm,7,0.4314325335325384
33764.44,RANDOM,412,5784,858597,0,nrmsd_norm,8,0.4013548722295404
33764.44,RANDOM,412,5784,858597,0,nrmsd_norm,9,0.37045523813202635
33764.44,RANDOM,412,5784,858597,0,nrmsd_norm,10,0.32870158927527204
33764.44,RANDOM,412,5784,858597,0,nrmsd_norm,11,0.36502157616544895
33764.44,RANDOM,412,5784,858597,0,nrmsd_norm,12,0.3469268012065743
33764.44,RANDOM,412,5784,858597,0,nrmsd_norm,13,0.3167631937241982
33764.44,RANDOM,412,5784,858597,0,nrmsd_norm,14,0.30622595974349603
33764.44,RANDOM,412,5784,858597,0,nrmsd_norm,15,0.29789940143393356
33764.44,RANDOM,412,5784,858597,0,nrmsd_norm,16,0.27478940543435904
33764.44,RANDOM,412,5784,858597,0,nrmsd_norm,17,0.28299855488891296
33764.44,RANDOM,412,5953,858597,0,nrmsd_norm,18,0.2804313446412914
33764.44,RANDOM,412,5953,858597,0,nrmsd_norm,19,0.3001434722042647
33764.44,RANDOM,412,5953,858597,0,nrmsd_norm,20,0.30441617955681793
33764.44,RANDOM,412,5953,858597,0,nrmsd_norm,22,0.28068278512157124
33764.44,RANDOM,412,5953,858597,0,nrmsd_norm,24,0.27876047015467126
33764.44,RANDOM,412,5953,858597,0,nrmsd_norm,26,0.25796479519560395
33764.44,RANDOM,412,5953,858597,0,nrmsd_norm,28,0.26731491495917126
33764.44,RANDOM,412,5953,858597,0,nrmsd_norm,30,0.2549345177113508
33764.44,RANDOM,412,5953,858597,0,nrmsd_norm,32,0.29961222597767917
33764.44,RANDOM,412,5953,858597,0,nrmsd_norm,34,0.2873949145629445
33764.44,RANDOM,412,5953,858597,0,nrmsd_norm,36,0.2882356695990718
33764.44,RANDOM,412,5953,858597,0,nrmsd_norm,38,0.313122048042878
33764.44,RANDOM,412,5953,858597,0,nrmsd_norm,40,0.2918460070866002
33764.44,RANDOM,412,5953,858597,0,nrmsd_norm,42,0.2650019434926243
33764.44,RANDOM,412,5953,858597,0,nrmsd_norm,44,0.2667786456809101
33764.44,RANDOM,412,5953,858597,0,nrmsd_norm,46,0.27241368643425545
33764.44,RANDOM,412,5953,858597,0,nrmsd_norm,48,0.27997737546212104
33764.44,RANDOM,412,5953,858597,0,nrmsd_norm,50,0.27554405569052204
33764.44,RANDOM,412,5953,858597,0,nrmsd_norm,55,0.27264348684857637
33764.44,RANDOM,412,5953,858597,0,nrmsd_norm,60,0.2676077958180209
33764.44,RANDOM,412,5953,858597,0,nrmsd_norm,65,0.26653468214320464
33764.44,RANDOM,412,5953,858597,0,nrmsd_norm,70,0.2718019100746548
33764.44,RANDOM,412,5953,858597,0,nrmsd_norm,75,0.2843208911762086
33764.44,RANDOM,412,5953,858597,0,nrmsd_norm,80,0.2784227381136685
33764.44,RANDOM,412,5953,858597,0,nrmsd_norm,85,0.2782364640494526
33764.44,RANDOM,412,5953,858597,0,nrmsd_norm,90,0.27786690373574124
33764.44,RANDOM,412,5953,858597,0,nrmsd_norm,95,0.2755675959712315
33764.44,RANDOM,412,5953,858597,0,nrmsd_norm,100,0.29374135904693083
33764.44,RANDOM,412,3124,85945,0,nrmsd_norm,5,0.4669432412794952
33764.44,RANDOM,412,1887,85945,0,nrmsd_norm,6,0.47163074846277053
33764.44,RANDOM,412,3560,85945,0,nrmsd_norm,7,0.4281312963820989
33764.44,RANDOM,412,10418,85945,0,nrmsd_norm,8,0.35204167982770235
33764.44,RANDOM,412,5953,85945,0,nrmsd_norm,9,0.32869159960392047
33764.44,RANDOM,412,10418,85945,0,nrmsd_norm,10,0.33188495678006036
33764.44,RANDOM,412,10418,85945,0,nrmsd_norm,11,0.3820318775887018
33764.44,RANDOM,412,10418,85945,0,nrmsd_norm,12,0.37274852890616816
33764.44,RANDOM,412,6389,85945,0,nrmsd_norm,13,0.35797395269073756
33764.44,RANDOM,412,1951,85945,0,nrmsd_norm,14,0.3460742455344674
33764.44,RANDOM,412,412,85945,0,nrmsd_norm,15,0.3450282625679958
33764.44,RANDOM,412,1951,85945,0,nrmsd_norm,16,0.33309231686544877
33764.44,RANDOM,412,1951,85945,0,nrmsd_norm,17,0.3372592406721071
33764.44,RANDOM,412,2563,85945,0,nrmsd_norm,18,0.3271418019360549
33764.44,RANDOM,412,2563,85945,0,nrmsd_norm,19,0.3125855654543419
33764.44,RANDOM,412,2563,85945,0,nrmsd_norm,20,0.32073414705348846
33764.44,RANDOM,412,2563,85945,0,nrmsd_norm,22,0.32999060612569553
33764.44,RANDOM,412,2563,85945,0,nrmsd_norm,24,0.3239910760186653
33764.44,RANDOM,412,2563,85945,0,nrmsd_norm,26,0.3099925257207937
33764.44,RANDOM,412,412,85945,0,nrmsd_norm,28,0.2998874624533438
33764.44,RANDOM,412,5953,85945,0,nrmsd_norm,30,0.28166287262965556
33764.44,RANDOM,412,5953,85945,0,nrmsd_norm,32,0.30211771131678294
33764.44,RANDOM,412,412,85945,0,nrmsd_norm,34,0.2987863528984703
33764.44,RANDOM,412,5953,85945,0,nrmsd_norm,36,0.290019459255448
33764.44,RANDOM,412,412,85945,0,nrmsd_norm,38,0.3039758623965087
33764.44,RANDOM,412,5953,85945,0,nrmsd_norm,40,0.29757146284498814
33764.44,RANDOM,412,412,85945,0,nrmsd_norm,42,0.26825266112717344
33764.44,RANDOM,412,412,85945,0,nrmsd_norm,44,0.26772150374466086
33764.44,RANDOM,412,412,85945,0,nrmsd_norm,46,0.27467670188798177
33764.44,RANDOM,412,412,85945,0,nrmsd_norm,48,0.28715577551616805
33764.44,RANDOM,412,6159,85945,0,nrmsd_norm,50,0.2786249151991884
33764.44,RANDOM,412,6159,85945,0,nrmsd_norm,55,0.26965470977993855
33764.44,RANDOM,412,6159,85945,0,nrmsd_norm,60,0.2640136123458646
33764.44,RANDOM,412,412,85945,0,nrmsd_norm,65,0.2634674135942134
33764.44,RANDOM,412,412,85945,0,nrmsd_norm,70,0.26554894814089613
33764.44,RANDOM,412,412,85945,0,nrmsd_norm,75,0.2767093504019583
33764.44,RANDOM,412,6159,85945,0,nrmsd_norm,80,0.2728397339916309
33764.44,RANDOM,412,6159,85945,0,nrmsd_norm,85,0.2733902809786492
33764.44,RANDOM,412,6159,85945,0,nrmsd_norm,90,0.2725844967500208
33764.44,RANDOM,412,412,85945,0,nrmsd_norm,95,0.27363513075473944
33764.44,RANDOM,412,412,85945,0,nrmsd_norm,100,0.28998640404575093
33764.44,RANDOM,412,5603,697368,0,nrmsd_norm,5,0.44800142294898476
33764.44,RANDOM,412,5603,697368,0,nrmsd_norm,6,0.4344526163131946
33764.44,RANDOM,412,5920,697368,0,nrmsd_norm,7,0.415600098558504
33764.44,RANDOM,412,6160,697368,0,nrmsd_norm,8,0.398234802318506
33764.44,RANDOM,412,6160,697368,0,nrmsd_norm,9,0.32305135125933504
33764.44,RANDOM,412,6160,697368,0,nrmsd_norm,10,0.28700956694944335
33764.44,RANDOM,412,6160,697368,0,nrmsd_norm,11,0.3051599907699485
33764.44,RANDOM,412,6160,697368,0,nrmsd_norm,12,0.29386094306819427
33764.44,RANDOM,412,6160,697368,0,nrmsd_norm,13,0.2795636909647125
33764.44,RANDOM,412,6160,697368,0,nrmsd_norm,14,0.26724734551170803
33764.44,RANDOM,412,6160,697368,0,nrmsd_norm,15,0.2713296358787512
33764.44,RANDOM,412,6160,697368,0,nrmsd_norm,16,0.2513550943355809
33764.44,RANDOM,412,5603,697368,0,nrmsd_norm,17,0.2540078717304662
33764.44,RANDOM,412,5603,697368,0,nrmsd_norm,18,0.2420414696845268
33764.44,RANDOM,412,5603,697368,0,nrmsd_norm,19,0.24160977151356353
33764.44,RANDOM,412,5603,697368,0,nrmsd_norm,20,0.2368341549000284
33764.44,RANDOM,412,6160,697368,0,nrmsd_norm,22,0.23685288870819218
33764.44,RANDOM,412,5603,697368,0,nrmsd_norm,24,0.22701355939816986
33764.44,RANDOM,412,6160,697368,0,nrmsd_norm,26,0.22602492483375816
33764.44,RANDOM,412,6160,697368,0,nrmsd_norm,28,0.23755663997716117
33764.44,RANDOM,412,5920,697368,0,nrmsd_norm,30,0.22983664692496805
33764.44,RANDOM,412,6159,697368,0,nrmsd_norm,32,0.25337304861508336
33764.44,RANDOM,412,5953,697368,0,nrmsd_norm,34,0.267008100146419
33764.44,RANDOM,412,6159,697368,0,nrmsd_norm,36,0.26898660376461775
33764.44,RANDOM,412,412,697368,0,nrmsd_norm,38,0.28491130400368114
33764.44,RANDOM,412,412,697368,0,nrmsd_norm,40,0.27779335784978254
33764.44,RANDOM,412,6159,697368,0,nrmsd_norm,42,0.2485019356330053
33764.44,RANDOM,412,6159,697368,0,nrmsd_norm,44,0.2502002987932241
33764.44,RANDOM,412,6159,697368,0,nrmsd_norm,46,0.25685665220511994
33764.44,RANDOM,412,6159,697368,0,nrmsd_norm,48,0.2657321851835547
33764.44,RANDOM,412,6159,697368,0,nrmsd_norm,50,0.26036827457741213
33764.44,RANDOM,412,6159,697368,0,nrmsd_norm,55,0.2617766191614956
33764.44,RANDOM,412,6159,697368,0,nrmsd_norm,60,0.2579761582126876
33764.44,RANDOM,412,2563,697368,0,nrmsd_norm,65,0.25974364543867007
33764.44,RANDOM,412,2563,697368,0,nrmsd_norm,70,0.2607063978978311
33764.44,RANDOM,412,2563,697368,0,nrmsd_norm,75,0.2638118305788553
33764.44,RANDOM,412,2563,697368,0,nrmsd_norm,80,0.26697816197199187
33764.44,RANDOM,412,2563,697368,0,nrmsd_norm,85,0.26887174847488904
33764.44,RANDOM,412,2563,697368,0,nrmsd_norm,90,0.2679740390489424
33764.44,RANDOM,412,2563,697368,0,nrmsd_norm,95,0.268438131817511
33764.44,RANDOM,412,2563,697368,0,nrmsd_norm,100,0.28535966217469244
33764.44,RANDOM,412,3978,201469,0,nrmsd_norm,5,0.5073815710263188
33764.44,RANDOM,412,3978,201469,0,nrmsd_norm,6,0.5142123740373858
33764.44,RANDOM,412,3340,201469,0,nrmsd_norm,7,0.524267291380427
33764.44,RANDOM,412,3762,201469,0,nrmsd_norm,8,0.346216517067164
33764.44,RANDOM,412,5949,201469,0,nrmsd_norm,9,0.3251057925787582
33764.44,RANDOM,412,9342,201469,0,nrmsd_norm,10,0.3593892146983389
33764.44,RANDOM,412,9342,201469,0,nrmsd_norm,11,0.3941974976335752
33764.44,RANDOM,412,5953,201469,0,nrmsd_norm,12,0.38045748238433635
33764.44,RANDOM,412,5953,201469,0,nrmsd_norm,13,0.36182584169015103
33764.44,RANDOM,412,5953,201469,0,nrmsd_norm,14,0.35280599286205827
33764.44,RANDOM,412,5784,201469,0,nrmsd_norm,15,0.34568156843737313
33764.44,RANDOM,412,5784,201469,0,nrmsd_norm,16,0.3126075705427693
33764.44,RANDOM,412,5784,201469,0,nrmsd_norm,17,0.3114569922034262
33764.44,RANDOM,412,5784,201469,0,nrmsd_norm,18,0.30334784058027586
33764.44,RANDOM,412,5953,201469,0,nrmsd_norm,19,0.2946202879825
33764.44,RANDOM,412,5784,201469,0,nrmsd_norm,20,0.2986161079821313
33764.44,RANDOM,412,5784,201469,0,nrmsd_norm,22,0.29540028468742896
33764.44,RANDOM,412,5784,201469,0,nrmsd_norm,24,0.26798289197507447
33764.44,RANDOM,412,5784,201469,0,nrmsd_norm,26,0.2572140634167133
33764.44,RANDOM,412,5953,201469,0,nrmsd_norm,28,0.2632308165406142
33764.44,RANDOM,412,5953,201469,0,nrmsd_norm,30,0.24755577141857932
33764.44,RANDOM,412,5953,201469,0,nrmsd_norm,32,0.26180018318347015
33764.44,RANDOM,412,5953,201469,0,nrmsd_norm,34,0.2687303079497873
33764.44,RANDOM,412,5953,201469,0,nrmsd_norm,36,0.26630391668953424
33764.44,RANDOM,412,5953,201469,0,nrmsd_norm,38,0.2847443010375436
33764.44,RANDOM,412,5953,201469,0,nrmsd_norm,40,0.2776311502753922
33764.44,RANDOM,412,5784,201469,0,nrmsd_norm,42,0.262930516611588
33764.44,RANDOM,412,5784,201469,0,nrmsd_norm,44,0.26404033738731575
33764.44,RANDOM,412,5784,201469,0,nrmsd_norm,46,0.27306686399488334
33764.44,RANDOM,412,5953,201469,0,nrmsd_norm,48,0.2818264024205931
33764.44,RANDOM,412,5953,201469,0,nrmsd_norm,50,0.2767545618126843
33764.44,RANDOM,412,5953,201469,0,nrmsd_norm,55,0.27146270719605264
33764.44,RANDOM,412,5953,201469,0,nrmsd_norm,60,0.26302985423675057
33764.44,RANDOM,412,5784,201469,0,nrmsd_norm,65,0.26026333530131285
33764.44,RANDOM,412,5784,201469,0,nrmsd_norm,70,0.2624262445734484
33764.44,RANDOM,412,5784,201469,0,nrmsd_norm,75,0.2677230838426839
33764.44,RANDOM,412,5784,201469,0,nrmsd_norm,80,0.2661722365702086
33764.44,RANDOM,412,5784,201469,0,nrmsd_norm,85,0.265741929185141
33764.44,RANDOM,412,5784,201469,0,nrmsd_norm,90,0.2640644478321281
33764.44,RANDOM,412,5784,201469,0,nrmsd_norm,95,0.2623506484924672
33764.44,RANDOM,412,5784,201469,0,nrmsd_norm,100,0.2788278436962012
33764.44,RANDOM,412,412,94177,0,nrmsd_norm,5,0.3969127242345479
33764.44,RANDOM,412,5949,94177,0,nrmsd_norm,6,0.38102697396761565
33764.44,RANDOM,412,5949,94177,0,nrmsd_norm,7,0.3390299826775528
33764.44,RANDOM,412,6159,94177,0,nrmsd_norm,8,0.3499690593168235
33764.44,RANDOM,412,6159,94177,0,nrmsd_norm,9,0.35717714227743547
33764.44,RANDOM,412,6159,94177,0,nrmsd_norm,10,0.31534524158468785
33764.44,RANDOM,412,6159,94177,0,nrmsd_norm,11,0.34460564994677845
33764.44,RANDOM,412,7427,94177,0,nrmsd_norm,12,0.3362695971086564
33764.44,RANDOM,412,7427,94177,0,nrmsd_norm,13,0.32229647066975275
33764.44,RANDOM,412,6159,94177,0,nrmsd_norm,14,0.31580876003676556
33764.44,RANDOM,412,10803,94177,0,nrmsd_norm,15,0.3114346412230032
33764.44,RANDOM,412,10803,94177,0,nrmsd_norm,16,0.2912967932707534
33764.44,RANDOM,412,10803,94177,0,nrmsd_norm,17,0.29081788599780095
33764.44,RANDOM,412,6159,94177,0,nrmsd_norm,18,0.2764571339499516
33764.44,RANDOM,412,6159,94177,0,nrmsd_norm,19,0.27250639487752293
33764.44,RANDOM,412,6159,94177,0,nrmsd_norm,20,0.27813345058872896
33764.44,RANDOM,412,10803,94177,0,nrmsd_norm,22,0.28882531996854305
33764.44,RANDOM,412,6159,94177,0,nrmsd_norm,24,0.2705976696184707
33764.44,RANDOM,412,6159,94177,0,nrmsd_norm,26,0.25711401379348287
33764.44,RANDOM,412,6159,94177,0,nrmsd_norm,28,0.2711018708046765
33764.44,RANDOM,412,412,94177,0,nrmsd_norm,30,0.26606220322995017
33764.44,RANDOM,412,412,94177,0,nrmsd_norm,32,0.2941895459170493
33764.44,RANDOM,412,412,94177,0,nrmsd_norm,34,0.2954564519113709
33764.44,RANDOM,412,412,94177,0,nrmsd_norm,36,0.2892932713547568
33764.44,RANDOM,412,412,94177,0,nrmsd_norm,38,0.30010268263555145
33764.44,RANDOM,412,5953,94177,0,nrmsd_norm,40,0.2979270356361591
33764.44,RANDOM,412,5953,94177,0,nrmsd_norm,42,0.26733803067285133
33764.44,RANDOM,412,5953,94177,0,nrmsd_norm,44,0.2672130126553498
33764.44,RANDOM,412,5953,94177,0,nrmsd_norm,46,0.2755453806230945
33764.44,RANDOM,412,5953,94177,0,nrmsd_norm,48,0.2826917393159662
33764.44,RANDOM,412,5953,94177,0,nrmsd_norm,50,0.27726186249796625
33764.44,RANDOM,412,5953,94177,0,nrmsd_norm,55,0.2751377968395199
33764.44,RANDOM,412,5953,94177,0,nrmsd_norm,60,0.2692549344997728
33764.44,RANDOM,412,412,94177,0,nrmsd_norm,65,0.266396861909635
33764.44,RANDOM,412,412,94177,0,nrmsd_norm,70,0.2680697428979182
33764.44,RANDOM,412,412,94177,0,nrmsd_norm,75,0.2755528802679524
33764.44,RANDOM,412,412,94177,0,nrmsd_norm,80,0.27327378492987997
33764.44,RANDOM,412,412,94177,0,nrmsd_norm,85,0.27304888318058507
33764.44,RANDOM,412,412,94177,0,nrmsd_norm,90,0.2723748363473288
33764.44,RANDOM,412,412,94177,0,nrmsd_norm,95,0.2711045523066065
33764.44,RANDOM,412,412,94177,0,nrmsd_norm,100,0.2900818651957431
33764.44,ROW-mean-Corr,412,3548,89250,0,nrmsd_norm,5,0.5569176037305659
33764.44,ROW-mean-Corr,412,1140,89250,0,nrmsd_norm,6,0.32942002241059537
33764.44,ROW-mean-Corr,412,6478,89250,0,nrmsd_norm,7,0.38515533018451586
33764.44,ROW-mean-Corr,412,1140,89250,0,nrmsd_norm,8,0.3457671159250743
33764.44,ROW-mean-Corr,412,12245,89250,0,nrmsd_norm,9,0.3727580142861241
33764.44,ROW-mean-Corr,412,12245,89250,0,nrmsd_norm,10,0.3823649111782492
33764.44,ROW-mean-Corr,412,12245,89250,0,nrmsd_norm,11,0.39900095321602624
33764.44,ROW-mean-Corr,412,12245,89250,0,nrmsd_norm,12,0.4144518269124456
33764.44,ROW-mean-Corr,412,412,89250,0,nrmsd_norm,13,0.4010816177639792
33764.44,ROW-mean-Corr,412,6159,89250,0,nrmsd_norm,14,0.3962024113757328
33764.44,ROW-mean-Corr,412,5920,89250,0,nrmsd_norm,15,0.38204592029670337
33764.44,ROW-mean-Corr,412,6159,89250,0,nrmsd_norm,16,0.37173805220216355
33764.44,ROW-mean-Corr,412,6159,89250,0,nrmsd_norm,17,0.3969097972681054
33764.44,ROW-mean-Corr,412,6159,89250,0,nrmsd_norm,18,0.40542858022129197
33764.44,ROW-mean-Corr,412,6159,89250,0,nrmsd_norm,19,0.4007943033025952
33764.44,ROW-mean-Corr,412,6159,89250,0,nrmsd_norm,20,0.42123207418171565
33764.44,ROW-mean-Corr,412,6160,89250,0,nrmsd_norm,22,0.45310160177454295
33764.44,ROW-mean-Corr,412,6159,89250,0,nrmsd_norm,24,0.4343252125062621
33764.44,ROW-mean-Corr,412,6159,89250,0,nrmsd_norm,26,0.4633263429946935
33764.44,ROW-mean-Corr,412,6159,89250,0,nrmsd_norm,28,0.46552949254203774
33764.44,ROW-mean-Corr,412,6159,89250,0,nrmsd_norm,30,0.466320287940931
33764.44,ROW-mean-Corr,412,6160,89250,0,nrmsd_norm,32,0.4653826340083998
33764.44,ROW-mean-Corr,412,6159,89250,0,nrmsd_norm,34,0.4547384664151878
33764.44,ROW-mean-Corr,412,6159,89250,0,nrmsd_norm,36,0.44878974690489704
33764.44,ROW-mean-Corr,412,6159,89250,0,nrmsd_norm,38,0.47388914412608424
33764.44,ROW-mean-Corr,412,6159,89250,0,nrmsd_norm,40,0.47651674371057884
33764.44,ROW-mean-Corr,412,412,89250,0,nrmsd_norm,42,0.4520599071485636
33764.44,ROW-mean-Corr,412,412,89250,0,nrmsd_norm,44,0.4471406412094147
33764.44,ROW-mean-Corr,412,412,89250,0,nrmsd_norm,46,0.43697865058978486
33764.44,ROW-mean-Corr,412,412,89250,0,nrmsd_norm,48,0.42815167858970443
33764.44,ROW-mean-Corr,412,412,89250,0,nrmsd_norm,50,0.41413088225766426
33764.44,ROW-mean-Corr,412,2563,89250,0,nrmsd_norm,55,0.41088493176280694
33764.44,ROW-mean-Corr,412,2563,89250,0,nrmsd_norm,60,0.4024795794118541
33764.44,ROW-mean-Corr,412,412,89250,0,nrmsd_norm,65,0.4080029032438381
33764.44,ROW-mean-Corr,412,2563,89250,0,nrmsd_norm,70,0.3875459024630868
33764.44,ROW-mean-Corr,412,2563,89250,0,nrmsd_norm,75,0.3966922069606319
33764.44,ROW-mean-Corr,412,2563,89250,0,nrmsd_norm,80,0.39265021271906075
33764.44,ROW-mean-Corr,412,2563,89250,0,nrmsd_norm,85,0.39067753163578384
33764.44,ROW-mean-Corr,412,2563,89250,0,nrmsd_norm,90,0.39387101963943194
33764.44,ROW-mean-Corr,412,2563,89250,0,nrmsd_norm,95,0.395121663378782
33764.44,ROW-mean-Corr,412,412,89250,0,nrmsd_norm,100,0.3832643058639649
33764.44,ROW-mean-Corr,412,11670,773956,0,nrmsd_norm,5,0.5497179883225901
33764.44,ROW-mean-Corr,412,7587,773956,0,nrmsd_norm,6,0.3508915183065356
33764.44,ROW-mean-Corr,412,7587,773956,0,nrmsd_norm,7,0.4096023209912687
33764.44,ROW-mean-Corr,412,2150,773956,0,nrmsd_norm,8,0.36504640688053797
33764.44,ROW-mean-Corr,412,6478,773956,0,nrmsd_norm,9,0.40485084953310535
33764.44,ROW-mean-Corr,412,6478,773956,0,nrmsd_norm,10,0.44278839299233547
33764.44,ROW-mean-Corr,412,6478,773956,0,nrmsd_norm,11,0.4281239281737665
33764.44,ROW-mean-Corr,412,1744,773956,0,nrmsd_norm,12,0.43781039877153
33764.44,ROW-mean-Corr,412,10803,773956,0,nrmsd_norm,13,0.4203209412065559
33764.44,ROW-mean-Corr,412,6159,773956,0,nrmsd_norm,14,0.4392727646676135
33764.44,ROW-mean-Corr,412,2563,773956,0,nrmsd_norm,15,0.4013186953539547
33764.44,ROW-mean-Corr,412,636,773956,0,nrmsd_norm,16,0.40432548953240804
33764.44,ROW-mean-Corr,412,1951,773956,0,nrmsd_norm,17,0.42218873776873667
33764.44,ROW-mean-Corr,412,1951,773956,0,nrmsd_norm,18,0.41975961209745993
33764.44,ROW-mean-Corr,412,1951,773956,0,nrmsd_norm,19,0.3988801117402518
33764.44,ROW-mean-Corr,412,1951,773956,0,nrmsd_norm,20,0.41417471519730276
33764.44,ROW-mean-Corr,412,9444,773956,0,nrmsd_norm,22,0.4172540874713408
33764.44,ROW-mean-Corr,412,9352,773956,0,nrmsd_norm,24,0.39830871728653466
33764.44,ROW-mean-Corr,412,2563,773956,0,nrmsd_norm,26,0.4032324339181577
33764.44,ROW-mean-Corr,412,2563,773956,0,nrmsd_norm,28,0.40452830471134527
33764.44,ROW-mean-Corr,412,6399,773956,0,nrmsd_norm,30,0.3916774096680527
33764.44,ROW-mean-Corr,412,2563,773956,0,nrmsd_norm,32,0.42391898107020975
33764.44,ROW-mean-Corr,412,5884,773956,0,nrmsd_norm,34,0.41526462445987183
33764.44,ROW-mean-Corr,412,5884,773956,0,nrmsd_norm,36,0.42524048683199506
33764.44,ROW-mean-Corr,412,2563,773956,0,nrmsd_norm,38,0.45169717455988007
33764.44,ROW-mean-Corr,412,2563,773956,0,nrmsd_norm,40,0.452037662540151
33764.44,ROW-mean-Corr,412,2563,773956,0,nrmsd_norm,42,0.4524682176115928
33764.44,ROW-mean-Corr,412,2563,773956,0,nrmsd_norm,44,0.4423478443582595
33764.44,ROW-mean-Corr,412,412,773956,0,nrmsd_norm,46,0.4477477746422577
33764.44,ROW-mean-Corr,412,412,773956,0,nrmsd_norm,48,0.44039275168360215
33764.44,ROW-mean-Corr,412,412,773956,0,nrmsd_norm,50,0.43582699508663153
33764.44,ROW-mean-Corr,412,412,773956,0,nrmsd_norm,55,0.4286364241725571
33764.44,ROW-mean-Corr,412,412,773956,0,nrmsd_norm,60,0.40489794886528824
33764.44,ROW-mean-Corr,412,412,773956,0,nrmsd_norm,65,0.41049635607810026
33764.44,ROW-mean-Corr,412,412,773956,0,nrmsd_norm,70,0.3965990354223517
33764.44,ROW-mean-Corr,412,412,773956,0,nrmsd_norm,75,0.40426499787083836
33764.44,ROW-mean-Corr,412,412,773956,0,nrmsd_norm,80,0.4082391022551064
33764.44,ROW-mean-Corr,412,412,773956,0,nrmsd_norm,85,0.3967844872944631
33764.44,ROW-mean-Corr,412,412,773956,0,nrmsd_norm,90,0.4019161425550781
33764.44,ROW-mean-Corr,412,412,773956,0,nrmsd_norm,95,0.4080238024323702
33764.44,ROW-mean-Corr,412,412,773956,0,nrmsd_norm,100,0.3915401402788994
33764.44,ROW-mean-Corr,412,3698,654571,0,nrmsd_norm,5,0.5795828367492829
33764.44,ROW-mean-Corr,412,7587,654571,0,nrmsd_norm,6,0.3979214963924619
33764.44,ROW-mean-Corr,412,7587,654571,0,nrmsd_norm,7,0.45237818673192076
33764.44,ROW-mean-Corr,412,3929,654571,0,nrmsd_norm,8,0.39790896707180773
33764.44,ROW-mean-Corr,412,7587,654571,0,nrmsd_norm,9,0.40834486735196873
33764.44,ROW-mean-Corr,412,3929,654571,0,nrmsd_norm,10,0.4577075320374194
33764.44,ROW-mean-Corr,412,636,654571,0,nrmsd_norm,11,0.4013281133156931
33764.44,ROW-mean-Corr,412,636,654571,0,nrmsd_norm,12,0.42237015039377895
33764.44,ROW-mean-Corr,412,7587,654571,0,nrmsd_norm,13,0.3781098693410339
33764.44,ROW-mean-Corr,412,7587,654571,0,nrmsd_norm,14,0.40294420257716795
33764.44,ROW-mean-Corr,412,636,654571,0,nrmsd_norm,15,0.40225283621363456
33764.44,ROW-mean-Corr,412,636,654571,0,nrmsd_norm,16,0.402482278516621
33764.44,ROW-mean-Corr,412,636,654571,0,nrmsd_norm,17,0.40489647069168555
33764.44,ROW-mean-Corr,412,636,654571,0,nrmsd_norm,18,0.43279838912361634
33764.44,ROW-mean-Corr,412,6387,654571,0,nrmsd_norm,19,0.4276272168684824
33764.44,ROW-mean-Corr,412,6387,654571,0,nrmsd_norm,20,0.44644007295280363
33764.44,ROW-mean-Corr,412,6398,654571,0,nrmsd_norm,22,0.4522807091167447
33764.44,ROW-mean-Corr,412,6398,654571,0,nrmsd_norm,24,0.4578212263174961
33764.44,ROW-mean-Corr,412,6398,654571,0,nrmsd_norm,26,0.46707109619004356
33764.44,ROW-mean-Corr,412,6387,654571,0,nrmsd_norm,28,0.4713963374064975
33764.44,ROW-mean-Corr,412,6389,654571,0,nrmsd_norm,30,0.47794530860345047
33764.44,ROW-mean-Corr,412,6398,654571,0,nrmsd_norm,32,0.4819413114082395
33764.44,ROW-mean-Corr,412,6389,654571,0,nrmsd_norm,34,0.47311837895089104
33764.44,ROW-mean-Corr,412,9237,654571,0,nrmsd_norm,36,0.4472345716031445
33764.44,ROW-mean-Corr,412,9237,654571,0,nrmsd_norm,38,0.4659948959767096
33764.44,ROW-mean-Corr,412,9237,654571,0,nrmsd_norm,40,0.46724968253912064
33764.44,ROW-mean-Corr,412,9237,654571,0,nrmsd_norm,42,0.45517776932517995
33764.44,ROW-mean-Corr,412,9237,654571,0,nrmsd_norm,44,0.4524606248865024
33764.44,ROW-mean-Corr,412,2563,654571,0,nrmsd_norm,46,0.4515247649606628
33764.44,ROW-mean-Corr,412,2563,654571,0,nrmsd_norm,48,0.4467041024640105
33764.44,ROW-mean-Corr,412,6159,654571,0,nrmsd_norm,50,0.4498813994596749
33764.44,ROW-mean-Corr,412,6159,654571,0,nrmsd_norm,55,0.4390751932890434
33764.44,ROW-mean-Corr,412,6159,654571,0,nrmsd_norm,60,0.42264536269583386
33764.44,ROW-mean-Corr,412,412,654571,0,nrmsd_norm,65,0.41307151197110037
33764.44,ROW-mean-Corr,412,412,654571,0,nrmsd_norm,70,0.40556507496693783
33764.44,ROW-mean-Corr,412,412,654571,0,nrmsd_norm,75,0.4121857594146361
33764.44,ROW-mean-Corr,412,412,654571,0,nrmsd_norm,80,0.4014728872893277
33764.44,ROW-mean-Corr,412,412,654571,0,nrmsd_norm,85,0.39498175686524173
33764.44,ROW-mean-Corr,412,412,654571,0,nrmsd_norm,90,0.4003948014926841
33764.44,ROW-mean-Corr,412,412,654571,0,nrmsd_norm,95,0.39948432395543765
33764.44,ROW-mean-Corr,412,412,654571,0,nrmsd_norm,100,0.3910752226200542
33764.44,ROW-mean-Corr,412,6524,438878,0,nrmsd_norm,5,0.5718096619086089
33764.44,ROW-mean-Corr,412,6689,438878,0,nrmsd_norm,6,0.32630099975441124
33764.44,ROW-mean-Corr,412,5747,438878,0,nrmsd_norm,7,0.375009783283352
33764.44,ROW-mean-Corr,412,5747,438878,0,nrmsd_norm,8,0.3432290657102855
33764.44,ROW-mean-Corr,412,6559,438878,0,nrmsd_norm,9,0.37787763432331056
33764.44,ROW-mean-Corr,412,5747,438878,0,nrmsd_norm,10,0.38739543254232717
33764.44,ROW-mean-Corr,412,6857,438878,0,nrmsd_norm,11,0.3924676643194412
33764.44,ROW-mean-Corr,412,10938,438878,0,nrmsd_norm,12,0.39624412614301563
33764.44,ROW-mean-Corr,412,2011,438878,0,nrmsd_norm,13,0.38436430811464817
33764.44,ROW-mean-Corr,412,2011,438878,0,nrmsd_norm,14,0.40842655481558776
33764.44,ROW-mean-Corr,412,2011,438878,0,nrmsd_norm,15,0.3930663335059214
33764.44,ROW-mean-Corr,412,6689,438878,0,nrmsd_norm,16,0.4014519913717448
33764.44,ROW-mean-Corr,412,6689,438878,0,nrmsd_norm,17,0.41280003527764697
33764.44,ROW-mean-Corr,412,6689,438878,0,nrmsd_norm,18,0.44632691124884366
33764.44,ROW-mean-Corr,412,6689,438878,0,nrmsd_norm,19,0.4078262455220394
33764.44,ROW-mean-Corr,412,6689,438878,0,nrmsd_norm,20,0.40865464837377985
33764.44,ROW-mean-Corr,412,6689,438878,0,nrmsd_norm,22,0.41294809526316295
33764.44,ROW-mean-Corr,412,6388,438878,0,nrmsd_norm,24,0.42575998506996116
33764.44,ROW-mean-Corr,412,10938,438878,0,nrmsd_norm,26,0.45448852039939214
33764.44,ROW-mean-Corr,412,10938,438878,0,nrmsd_norm,28,0.45621799006106556
33764.44,ROW-mean-Corr,412,10938,438878,0,nrmsd_norm,30,0.458002961773357
33764.44,ROW-mean-Corr,412,6388,438878,0,nrmsd_norm,32,0.45797526760745116
33764.44,ROW-mean-Corr,412,5782,438878,0,nrmsd_norm,34,0.4389461254305404
33764.44,ROW-mean-Corr,412,5782,438878,0,nrmsd_norm,36,0.4207357341987254
33764.44,ROW-mean-Corr,412,5782,438878,0,nrmsd_norm,38,0.4294790666710381
33764.44,ROW-mean-Corr,412,10886,438878,0,nrmsd_norm,40,0.43613221421707343
33764.44,ROW-mean-Corr,412,10886,438878,0,nrmsd_norm,42,0.417178408158463
33764.44,ROW-mean-Corr,412,10886,438878,0,nrmsd_norm,44,0.4021887698672148
33764.44,ROW-mean-Corr,412,5949,438878,0,nrmsd_norm,46,0.3913168418604103
33764.44,ROW-mean-Corr,412,8577,438878,0,nrmsd_norm,48,0.3949608519096628
33764.44,ROW-mean-Corr,412,1951,438878,0,nrmsd_norm,50,0.39018728310122325
33764.44,ROW-mean-Corr,412,2563,438878,0,nrmsd_norm,55,0.3865627995691486
33764.44,ROW-mean-Corr,412,9237,438878,0,nrmsd_norm,60,0.4010119158851686
33764.44,ROW-mean-Corr,412,9237,438878,0,nrmsd_norm,65,0.4031113078392563
33764.44,ROW-mean-Corr,412,9237,438878,0,nrmsd_norm,70,0.3980418133430869
33764.44,ROW-mean-Corr,412,9237,438878,0,nrmsd_norm,75,0.4049693465795406
33764.44,ROW-mean-Corr,412,2563,438878,0,nrmsd_norm,80,0.39688083223002785
33764.44,ROW-mean-Corr,412,2563,438878,0,nrmsd_norm,85,0.3923493650249426
33764.44,ROW-mean-Corr,412,2563,438878,0,nrmsd_norm,90,0.3989075599240037
33764.44,ROW-mean-Corr,412,2563,438878,0,nrmsd_norm,95,0.3974740003656442
33764.44,ROW-mean-Corr,412,2563,438878,0,nrmsd_norm,100,0.3891728407457024
33764.44,ROW-mean-Corr,412,9304,433015,0,nrmsd_norm,5,0.618876078475558
33764.44,ROW-mean-Corr,412,5657,433015,0,nrmsd_norm,6,0.46621543321043707
33764.44,ROW-mean-Corr,412,5658,433015,0,nrmsd_norm,7,0.4502649910845667
33764.44,ROW-mean-Corr,412,7426,433015,0,nrmsd_norm,8,0.46234043950192677
33764.44,ROW-mean-Corr,412,7426,433015,0,nrmsd_norm,9,0.48814620496992134
33764.44,ROW-mean-Corr,412,7426,433015,0,nrmsd_norm,10,0.47538651812886695
33764.44,ROW-mean-Corr,412,1222,433015,0,nrmsd_norm,11,0.4752196482719586
33764.44,ROW-mean-Corr,412,1222,433015,0,nrmsd_norm,12,0.5095827634188169
33764.44,ROW-mean-Corr,412,6411,433015,0,nrmsd_norm,13,0.417236311332028
33764.44,ROW-mean-Corr,412,5781,433015,0,nrmsd_norm,14,0.4119674320563864
33764.44,ROW-mean-Corr,412,492,433015,0,nrmsd_norm,15,0.37314590272458714
33764.44,ROW-mean-Corr,412,5781,433015,0,nrmsd_norm,16,0.3558122112038631
33764.44,ROW-mean-Corr,412,5781,433015,0,nrmsd_norm,17,0.37410717504302
33764.44,ROW-mean-Corr,412,623,433015,0,nrmsd_norm,18,0.3810083587644489
33764.44,ROW-mean-Corr,412,623,433015,0,nrmsd_norm,19,0.3745460860419544
33764.44,ROW-mean-Corr,412,623,433015,0,nrmsd_norm,20,0.37646258920499076
33764.44,ROW-mean-Corr,412,492,433015,0,nrmsd_norm,22,0.38751911421932295
33764.44,ROW-mean-Corr,412,492,433015,0,nrmsd_norm,24,0.3856609520748678
33764.44,ROW-mean-Corr,412,492,433015,0,nrmsd_norm,26,0.3781349649233137
33764.44,ROW-mean-Corr,412,492,433015,0,nrmsd_norm,28,0.3562778652469271
33764.44,ROW-mean-Corr,412,492,433015,0,nrmsd_norm,30,0.33924149854992863
33764.44,ROW-mean-Corr,412,5783,433015,0,nrmsd_norm,32,0.3540200186915865
33764.44,ROW-mean-Corr,412,5949,433015,0,nrmsd_norm,34,0.3547249218024103
33764.44,ROW-mean-Corr,412,5949,433015,0,nrmsd_norm,36,0.355008276740518
33764.44,ROW-mean-Corr,412,5949,433015,0,nrmsd_norm,38,0.38539432849217314
33764.44,ROW-mean-Corr,412,5949,433015,0,nrmsd_norm,40,0.3876648969409835
33764.44,ROW-mean-Corr,412,5949,433015,0,nrmsd_norm,42,0.3792984507694201
33764.44,ROW-mean-Corr,412,5949,433015,0,nrmsd_norm,44,0.3779512017962752
33764.44,ROW-mean-Corr,412,5949,433015,0,nrmsd_norm,46,0.35616267407431296
33764.44,ROW-mean-Corr,412,9444,433015,0,nrmsd_norm,48,0.3564174444621908
33764.44,ROW-mean-Corr,412,9444,433015,0,nrmsd_norm,50,0.3438073885730248
33764.44,ROW-mean-Corr,412,9444,433015,0,nrmsd_norm,55,0.33347072633896113
33764.44,ROW-mean-Corr,412,9444,433015,0,nrmsd_norm,60,0.32601934105271246
33764.44,ROW-mean-Corr,412,9444,433015,0,nrmsd_norm,65,0.3301790049258272
33764.44,ROW-mean-Corr,412,9444,433015,0,nrmsd_norm,70,0.3305506733767153
33764.44,ROW-mean-Corr,412,9444,433015,0,nrmsd_norm,75,0.3352772938144878
33764.44,ROW-mean-Corr,412,9444,433015,0,nrmsd_norm,80,0.33951112526516036
33764.44,ROW-mean-Corr,412,9444,433015,0,nrmsd_norm,85,0.34381028358290233
33764.44,ROW-mean-Corr,412,9444,433015,0,nrmsd_norm,90,0.35688413340555303
33764.44,ROW-mean-Corr,412,1951,433015,0,nrmsd_norm,95,0.3608855071021701
33764.44,ROW-mean-Corr,412,1951,433015,0,nrmsd_norm,100,0.3543203988742163
33764.44,ROW-mean-Corr,412,5039,858597,0,nrmsd_norm,5,0.5973987992311105
33764.44,ROW-mean-Corr,412,6172,858597,0,nrmsd_norm,6,0.48483993591041347
33764.44,ROW-mean-Corr,412,8078,858597,0,nrmsd_norm,7,0.47558011464023014
33764.44,ROW-mean-Corr,412,1430,858597,0,nrmsd_norm,8,0.43488293952141815
33764.44,ROW-mean-Corr,412,1430,858597,0,nrmsd_norm,9,0.4875704255846993
33764.44,ROW-mean-Corr,412,1430,858597,0,nrmsd_norm,10,0.4643154807111797
33764.44,ROW-mean-Corr,412,1430,858597,0,nrmsd_norm,11,0.48115479981549003
33764.44,ROW-mean-Corr,412,1430,858597,0,nrmsd_norm,12,0.49069283491204146
33764.44,ROW-mean-Corr,412,6197,858597,0,nrmsd_norm,13,0.37954748348720074
33764.44,ROW-mean-Corr,412,6197,858597,0,nrmsd_norm,14,0.3953260224731984
33764.44,ROW-mean-Corr,412,6197,858597,0,nrmsd_norm,15,0.4221202212849932
33764.44,ROW-mean-Corr,412,8078,858597,0,nrmsd_norm,16,0.430674625038455
33764.44,ROW-mean-Corr,412,8078,858597,0,nrmsd_norm,17,0.4474360236769089
33764.44,ROW-mean-Corr,412,8078,858597,0,nrmsd_norm,18,0.4706107393081407
33764.44,ROW-mean-Corr,412,8078,858597,0,nrmsd_norm,19,0.4363831365965866
33764.44,ROW-mean-Corr,412,8078,858597,0,nrmsd_norm,20,0.45046403484000663
33764.44,ROW-mean-Corr,412,8078,858597,0,nrmsd_norm,22,0.4473835795978931
33764.44,ROW-mean-Corr,412,8078,858597,0,nrmsd_norm,24,0.4395173382499589
33764.44,ROW-mean-Corr,412,8078,858597,0,nrmsd_norm,26,0.44992540416196714
33764.44,ROW-mean-Corr,412,8078,858597,0,nrmsd_norm,28,0.46898460890831944
33764.44,ROW-mean-Corr,412,11208,858597,0,nrmsd_norm,30,0.45831184641520695
33764.44,ROW-mean-Corr,412,11208,858597,0,nrmsd_norm,32,0.47165656957398133
33764.44,ROW-mean-Corr,412,11208,858597,0,nrmsd_norm,34,0.4804586702110075
33764.44,ROW-mean-Corr,412,11208,858597,0,nrmsd_norm,36,0.4540835992596167
33764.44,ROW-mean-Corr,412,11208,858597,0,nrmsd_norm,38,0.46376058071021375
33764.44,ROW-mean-Corr,412,8079,858597,0,nrmsd_norm,40,0.463855211739362
33764.44,ROW-mean-Corr,412,8079,858597,0,nrmsd_norm,42,0.4648289922516682
33764.44,ROW-mean-Corr,412,8079,858597,0,nrmsd_norm,44,0.47609231041183614
33764.44,ROW-mean-Corr,412,6393,858597,0,nrmsd_norm,46,0.4574910680921819
33764.44,ROW-mean-Corr,412,5920,858597,0,nrmsd_norm,48,0.45182400674449463
33764.44,ROW-mean-Corr,412,4003,858597,0,nrmsd_norm,50,0.43807865294924137
33764.44,ROW-mean-Corr,412,4003,858597,0,nrmsd_norm,55,0.43555915861285394
33764.44,ROW-mean-Corr,412,4003,858597,0,nrmsd_norm,60,0.43037414224254084
33764.44,ROW-mean-Corr,412,5953,858597,0,nrmsd_norm,65,0.4362970685631346
33764.44,ROW-mean-Corr,412,4003,858597,0,nrmsd_norm,70,0.42553168230992344
33764.44,ROW-mean-Corr,412,4003,858597,0,nrmsd_norm,75,0.4447353419589934
33764.44,ROW-mean-Corr,412,5953,858597,0,nrmsd_norm,80,0.43442224346590186
33764.44,ROW-mean-Corr,412,5953,858597,0,nrmsd_norm,85,0.4324636930941146
33764.44,ROW-mean-Corr,412,5953,858597,0,nrmsd_norm,90,0.4394059103076333
33764.44,ROW-mean-Corr,412,5953,858597,0,nrmsd_norm,95,0.4368866509327842
33764.44,ROW-mean-Corr,412,412,858597,0,nrmsd_norm,100,0.4078419461469737
33764.44,ROW-mean-Corr,412,5772,85945,0,nrmsd_norm,5,0.5804954210740382
33764.44,ROW-mean-Corr,412,303,85945,0,nrmsd_norm,6,0.5021924176825311
33764.44,ROW-mean-Corr,412,597,85945,0,nrmsd_norm,7,0.5387885877005739
33764.44,ROW-mean-Corr,412,597,85945,0,nrmsd_norm,8,0.4947681893878429
33764.44,ROW-mean-Corr,412,597,85945,0,nrmsd_norm,9,0.5232653308198191
33764.44,ROW-mean-Corr,412,597,85945,0,nrmsd_norm,10,0.5409181764230642
33764.44,ROW-mean-Corr,412,597,85945,0,nrmsd_norm,11,0.5240872778940822
33764.44,ROW-mean-Corr,412,597,85945,0,nrmsd_norm,12,0.5371497284882994
33764.44,ROW-mean-Corr,412,7427,85945,0,nrmsd_norm,13,0.5114702216852789
33764.44,ROW-mean-Corr,412,7427,85945,0,nrmsd_norm,14,0.517257810802542
33764.44,ROW-mean-Corr,412,2768,85945,0,nrmsd_norm,15,0.5264569995712993
33764.44,ROW-mean-Corr,412,2768,85945,0,nrmsd_norm,16,0.506539217217002
33764.44,ROW-mean-Corr,412,2768,85945,0,nrmsd_norm,17,0.5288035736965502
33764.44,ROW-mean-Corr,412,2768,85945,0,nrmsd_norm,18,0.5378852658221882
33764.44,ROW-mean-Corr,412,2768,85945,0,nrmsd_norm,19,0.5399557536171969
33764.44,ROW-mean-Corr,412,2768,85945,0,nrmsd_norm,20,0.5454509999547478
33764.44,ROW-mean-Corr,412,2768,85945,0,nrmsd_norm,22,0.5563264104356591
33764.44,ROW-mean-Corr,412,2733,85945,0,nrmsd_norm,24,0.5219494377685322
33764.44,ROW-mean-Corr,412,5954,85945,0,nrmsd_norm,26,0.5392738442664181
33764.44,ROW-mean-Corr,412,2733,85945,0,nrmsd_norm,28,0.5207609827107837
33764.44,ROW-mean-Corr,412,2733,85945,0,nrmsd_norm,30,0.5070404355044316
33764.44,ROW-mean-Corr,412,2733,85945,0,nrmsd_norm,32,0.5162577505266969
33764.44,ROW-mean-Corr,412,2733,85945,0,nrmsd_norm,34,0.49915425885912196
33764.44,ROW-mean-Corr,412,2733,85945,0,nrmsd_norm,36,0.4943514525054069
33764.44,ROW-mean-Corr,412,2733,85945,0,nrmsd_norm,38,0.5138742958256647
33764.44,ROW-mean-Corr,412,2733,85945,0,nrmsd_norm,40,0.5131128137273079
33764.44,ROW-mean-Corr,412,2733,85945,0,nrmsd_norm,42,0.5065727132960538
33764.44,ROW-mean-Corr,412,2733,85945,0,nrmsd_norm,44,0.5060555185720518
33764.44,ROW-mean-Corr,412,2733,85945,0,nrmsd_norm,46,0.49678396346764264
33764.44,ROW-mean-Corr,412,5920,85945,0,nrmsd_norm,48,0.4806061612968564
33764.44,ROW-mean-Corr,412,4003,85945,0,nrmsd_norm,50,0.4592403153441523
33764.44,ROW-mean-Corr,412,5953,85945,0,nrmsd_norm,55,0.4365578911640848
33764.44,ROW-mean-Corr,412,5953,85945,0,nrmsd_norm,60,0.4347622591316653
33764.44,ROW-mean-Corr,412,5953,85945,0,nrmsd_norm,65,0.4414831610418471
33764.44,ROW-mean-Corr,412,412,85945,0,nrmsd_norm,70,0.4141036076153395
33764.44,ROW-mean-Corr,412,412,85945,0,nrmsd_norm,75,0.4307174180291276
33764.44,ROW-mean-Corr,412,412,85945,0,nrmsd_norm,80,0.41473414645172163
33764.44,ROW-mean-Corr,412,412,85945,0,nrmsd_norm,85,0.40620709318804016
33764.44,ROW-mean-Corr,412,412,85945,0,nrmsd_norm,90,0.4121889013694146
33764.44,ROW-mean-Corr,412,412,85945,0,nrmsd_norm,95,0.4158237870821899
33764.44,ROW-mean-Corr,412,412,85945,0,nrmsd_norm,100,0.40291983850473584
33764.44,ROW-mean-Corr,412,12261,697368,0,nrmsd_norm,5,0.6320606347721897
33764.44,ROW-mean-Corr,412,190,697368,0,nrmsd_norm,6,0.3634924051895941
33764.44,ROW-mean-Corr,412,190,697368,0,nrmsd_norm,7,0.37265328789345925
33764.44,ROW-mean-Corr,412,190,697368,0,nrmsd_norm,8,0.34450253612457826
33764.44,ROW-mean-Corr,412,190,697368,0,nrmsd_norm,9,0.34521769613504993
33764.44,ROW-mean-Corr,412,190,697368,0,nrmsd_norm,10,0.3454640396688317
33764.44,ROW-mean-Corr,412,190,697368,0,nrmsd_norm,11,0.34584118637783023
33764.44,ROW-mean-Corr,412,1149,697368,0,nrmsd_norm,12,0.3545069055094994
33764.44,ROW-mean-Corr,412,6387,697368,0,nrmsd_norm,13,0.33518361863302865
33764.44,ROW-mean-Corr,412,6387,697368,0,nrmsd_norm,14,0.33730194617865167
33764.44,ROW-mean-Corr,412,9444,697368,0,nrmsd_norm,15,0.3366533719635033
33764.44,ROW-mean-Corr,412,9444,697368,0,nrmsd_norm,16,0.3272046460058122
33764.44,ROW-mean-Corr,412,9444,697368,0,nrmsd_norm,17,0.3358112375219607
33764.44,ROW-mean-Corr,412,9444,697368,0,nrmsd_norm,18,0.34926857773080905
33764.44,ROW-mean-Corr,412,636,697368,0,nrmsd_norm,19,0.3515733991435793
33764.44,ROW-mean-Corr,412,636,697368,0,nrmsd_norm,20,0.37006762126070836
33764.44,ROW-mean-Corr,412,10418,697368,0,nrmsd_norm,22,0.3905155435570723
33764.44,ROW-mean-Corr,412,10418,697368,0,nrmsd_norm,24,0.39644410163286087
33764.44,ROW-mean-Corr,412,3560,697368,0,nrmsd_norm,26,0.40330835344399635
33764.44,ROW-mean-Corr,412,3560,697368,0,nrmsd_norm,28,0.40169400879277384
33764.44,ROW-mean-Corr,412,6420,697368,0,nrmsd_norm,30,0.41792330185451276
33764.44,ROW-mean-Corr,412,6420,697368,0,nrmsd_norm,32,0.4236135468407077
33764.44,ROW-mean-Corr,412,5953,697368,0,nrmsd_norm,34,0.4241105750981141
33764.44,ROW-mean-Corr,412,5953,697368,0,nrmsd_norm,36,0.43139998787141076
33764.44,ROW-mean-Corr,412,5953,697368,0,nrmsd_norm,38,0.45009035949472254
33764.44,ROW-mean-Corr,412,5953,697368,0,nrmsd_norm,40,0.45686598811657164
33764.44,ROW-mean-Corr,412,5953,697368,0,nrmsd_norm,42,0.45808346953107426
33764.44,ROW-mean-Corr,412,5920,697368,0,nrmsd_norm,44,0.47091094249944926
33764.44,ROW-mean-Corr,412,5953,697368,0,nrmsd_norm,46,0.4549141267024215
33764.44,ROW-mean-Corr,412,5953,697368,0,nrmsd_norm,48,0.44855606475667265
33764.44,ROW-mean-Corr,412,5953,697368,0,nrmsd_norm,50,0.4472060976927953
33764.44,ROW-mean-Corr,412,5953,697368,0,nrmsd_norm,55,0.4415057954758441
33764.44,ROW-mean-Corr,412,5953,697368,0,nrmsd_norm,60,0.4306043676372985
33764.44,ROW-mean-Corr,412,5953,697368,0,nrmsd_norm,65,0.4321794413500241
33764.44,ROW-mean-Corr,412,10803,697368,0,nrmsd_norm,70,0.4519060380766755
33764.44,ROW-mean-Corr,412,5953,697368,0,nrmsd_norm,75,0.4547777465077035
33764.44,ROW-mean-Corr,412,6159,697368,0,nrmsd_norm,80,0.44010685326878507
33764.44,ROW-mean-Corr,412,6159,697368,0,nrmsd_norm,85,0.4235935697520576
33764.44,ROW-mean-Corr,412,5953,697368,0,nrmsd_norm,90,0.4245148116476797
33764.44,ROW-mean-Corr,412,6159,697368,0,nrmsd_norm,95,0.4248877456676548
33764.44,ROW-mean-Corr,412,6159,697368,0,nrmsd_norm,100,0.41365297965532993
33764.44,ROW-mean-Corr,412,12663,201469,0,nrmsd_norm,5,0.6252035937475175
33764.44,ROW-mean-Corr,412,11248,201469,0,nrmsd_norm,6,0.4563573036558597
33764.44,ROW-mean-Corr,412,11248,201469,0,nrmsd_norm,7,0.47705655872108366
33764.44,ROW-mean-Corr,412,3419,201469,0,nrmsd_norm,8,0.45778672943219734
33764.44,ROW-mean-Corr,412,3419,201469,0,nrmsd_norm,9,0.49559991514497126
33764.44,ROW-mean-Corr,412,3560,201469,0,nrmsd_norm,10,0.5427766186339193
33764.44,ROW-mean-Corr,412,3560,201469,0,nrmsd_norm,11,0.4943629431004175
33764.44,ROW-mean-Corr,412,3560,201469,0,nrmsd_norm,12,0.5090923318127191
33764.44,ROW-mean-Corr,412,3560,201469,0,nrmsd_norm,13,0.5001666581385765
33764.44,ROW-mean-Corr,412,3560,201469,0,nrmsd_norm,14,0.523992641476766
33764.44,ROW-mean-Corr,412,7427,201469,0,nrmsd_norm,15,0.5166739051486422
33764.44,ROW-mean-Corr,412,6420,201469,0,nrmsd_norm,16,0.5020585726708662
33764.44,ROW-mean-Corr,412,6420,201469,0,nrmsd_norm,17,0.5143048727350941
33764.44,ROW-mean-Corr,412,7427,201469,0,nrmsd_norm,18,0.5441242989709225
33764.44,ROW-mean-Corr,412,7427,201469,0,nrmsd_norm,19,0.5325351743428387
33764.44,ROW-mean-Corr,412,9352,201469,0,nrmsd_norm,20,0.5441486810492318
33764.44,ROW-mean-Corr,412,6420,201469,0,nrmsd_norm,22,0.548002584601733
33764.44,ROW-mean-Corr,412,6420,201469,0,nrmsd_norm,24,0.5544466391777966
33764.44,ROW-mean-Corr,412,6417,201469,0,nrmsd_norm,26,0.5533763345687915
33764.44,ROW-mean-Corr,412,1835,201469,0,nrmsd_norm,28,0.559513512687249
33764.44,ROW-mean-Corr,412,7427,201469,0,nrmsd_norm,30,0.5576444421123219
33764.44,ROW-mean-Corr,412,6420,201469,0,nrmsd_norm,32,0.5694652514241543
33764.44,ROW-mean-Corr,412,6420,201469,0,nrmsd_norm,34,0.5603099934526602
33764.44,ROW-mean-Corr,412,6420,201469,0,nrmsd_norm,36,0.5252912691322265
33764.44,ROW-mean-Corr,412,10975,201469,0,nrmsd_norm,38,0.5443438576308142
33764.44,ROW-mean-Corr,412,10975,201469,0,nrmsd_norm,40,0.5451880842432599
33764.44,ROW-mean-Corr,412,10975,201469,0,nrmsd_norm,42,0.5165573969200503
33764.44,ROW-mean-Corr,412,10975,201469,0,nrmsd_norm,44,0.5126471214832995
33764.44,ROW-mean-Corr,412,10975,201469,0,nrmsd_norm,46,0.5074106231515189
33764.44,ROW-mean-Corr,412,10975,201469,0,nrmsd_norm,48,0.5107205408509775
33764.44,ROW-mean-Corr,412,10975,201469,0,nrmsd_norm,50,0.5067740475472704
33764.44,ROW-mean-Corr,412,10975,201469,0,nrmsd_norm,55,0.4979655305029525
33764.44,ROW-mean-Corr,412,10975,201469,0,nrmsd_norm,60,0.5028014844345409
33764.44,ROW-mean-Corr,412,10975,201469,0,nrmsd_norm,65,0.5053218292288857
33764.44,ROW-mean-Corr,412,10975,201469,0,nrmsd_norm,70,0.4944008558471553
33764.44,ROW-mean-Corr,412,10975,201469,0,nrmsd_norm,75,0.49905654052878856
33764.44,ROW-mean-Corr,412,10975,201469,0,nrmsd_norm,80,0.4934746869807321
33764.44,ROW-mean-Corr,412,9342,201469,0,nrmsd_norm,85,0.4896719934955011
33764.44,ROW-mean-Corr,412,2733,201469,0,nrmsd_norm,90,0.48913632686466507
33764.44,ROW-mean-Corr,412,2733,201469,0,nrmsd_norm,95,0.4848349631522548
33764.44,ROW-mean-Corr,412,5920,201469,0,nrmsd_norm,100,0.47174165956019515
33764.44,ROW-mean-Corr,412,4049,94177,0,nrmsd_norm,5,0.5944702009960335
33764.44,ROW-mean-Corr,412,3806,94177,0,nrmsd_norm,6,0.4294971562095664
33764.44,ROW-mean-Corr,412,11193,94177,0,nrmsd_norm,7,0.47109086944435496
33764.44,ROW-mean-Corr,412,1032,94177,0,nrmsd_norm,8,0.4604027193408434
33764.44,ROW-mean-Corr,412,1032,94177,0,nrmsd_norm,9,0.4921228528006751
33764.44,ROW-mean-Corr,412,11193,94177,0,nrmsd_norm,10,0.5256354116534472
33764.44,ROW-mean-Corr,412,3971,94177,0,nrmsd_norm,11,0.5052128422605469
33764.44,ROW-mean-Corr,412,1032,94177,0,nrmsd_norm,12,0.517450196171541
33764.44,ROW-mean-Corr,412,2733,94177,0,nrmsd_norm,13,0.4906760915504759
33764.44,ROW-mean-Corr,412,2733,94177,0,nrmsd_norm,14,0.5036992740903748
33764.44,ROW-mean-Corr,412,5920,94177,0,nrmsd_norm,15,0.4847998225341009
33764.44,ROW-mean-Corr,412,5953,94177,0,nrmsd_norm,16,0.4710715995476668
33764.44,ROW-mean-Corr,412,5953,94177,0,nrmsd_norm,17,0.4891746430937445
33764.44,ROW-mean-Corr,412,5953,94177,0,nrmsd_norm,18,0.49892585463591
33764.44,ROW-mean-Corr,412,5953,94177,0,nrmsd_norm,19,0.477518447453092
33764.44,ROW-mean-Corr,412,5953,94177,0,nrmsd_norm,20,0.4947470093536349
33764.44,ROW-mean-Corr,412,6420,94177,0,nrmsd_norm,22,0.5090656816557516
33764.44,ROW-mean-Corr,412,3124,94177,0,nrmsd_norm,24,0.5035342181207898
33764.44,ROW-mean-Corr,412,3124,94177,0,nrmsd_norm,26,0.49402669392526843
33764.44,ROW-mean-Corr,412,3124,94177,0,nrmsd_norm,28,0.4936294145017577
33764.44,ROW-mean-Corr,412,3124,94177,0,nrmsd_norm,30,0.48841452409507685
33764.44,ROW-mean-Corr,412,6159,94177,0,nrmsd_norm,32,0.5055740928798862
33764.44,ROW-mean-Corr,412,6159,94177,0,nrmsd_norm,34,0.49853069822363544
33764.44,ROW-mean-Corr,412,6159,94177,0,nrmsd_norm,36,0.4824630812203906
33764.44,ROW-mean-Corr,412,6159,94177,0,nrmsd_norm,38,0.5027467005852208
33764.44,ROW-mean-Corr,412,2563,94177,0,nrmsd_norm,40,0.49762664796292183
33764.44,ROW-mean-Corr,412,2563,94177,0,nrmsd_norm,42,0.4801892461614455
33764.44,ROW-mean-Corr,412,412,94177,0,nrmsd_norm,44,0.47732672304216206
33764.44,ROW-mean-Corr,412,5953,94177,0,nrmsd_norm,46,0.47136599913573396
33764.44,ROW-mean-Corr,412,5953,94177,0,nrmsd_norm,48,0.46735579482290945
33764.44,ROW-mean-Corr,412,412,94177,0,nrmsd_norm,50,0.45729885955411564
33764.44,ROW-mean-Corr,412,412,94177,0,nrmsd_norm,55,0.4482332720332223
33764.44,ROW-mean-Corr,412,6159,94177,0,nrmsd_norm,60,0.4710911513137722
33764.44,ROW-mean-Corr,412,6159,94177,0,nrmsd_norm,65,0.4794368173430416
33764.44,ROW-mean-Corr,412,6159,94177,0,nrmsd_norm,70,0.4446446087615193
33764.44,ROW-mean-Corr,412,412,94177,0,nrmsd_norm,75,0.43952036987021453
33764.44,ROW-mean-Corr,412,412,94177,0,nrmsd_norm,80,0.43195631485660674
33764.44,ROW-mean-Corr,412,412,94177,0,nrmsd_norm,85,0.4241099413683829
33764.44,ROW-mean-Corr,412,412,94177,0,nrmsd_norm,90,0.44064739251465834
33764.44,ROW-mean-Corr,412,412,94177,0,nrmsd_norm,95,0.44067771595358024
33764.44,ROW-mean-Corr,412,412,94177,0,nrmsd_norm,100,0.42309469611216677
33764.44,ROW-max-Corr,412,10374,89250,0,nrmsd_norm,5,0.4476621533934722
33764.44,ROW-max-Corr,412,10374,89250,0,nrmsd_norm,6,0.4798390543441519
33764.44,ROW-max-Corr,412,10374,89250,0,nrmsd_norm,7,0.4053312513280038
33764.44,ROW-max-Corr,412,6387,89250,0,nrmsd_norm,8,0.3915266716410576
33764.44,ROW-max-Corr,412,10374,89250,0,nrmsd_norm,9,0.39758207019483943
33764.44,ROW-max-Corr,412,10374,89250,0,nrmsd_norm,10,0.3788196494138335
33764.44,ROW-max-Corr,412,6387,89250,0,nrmsd_norm,11,0.3473341265126129
33764.44,ROW-max-Corr,412,6387,89250,0,nrmsd_norm,12,0.3327112464200185
33764.44,ROW-max-Corr,412,6387,89250,0,nrmsd_norm,13,0.33966826946562934
33764.44,ROW-max-Corr,412,636,89250,0,nrmsd_norm,14,0.3421600196266663
33764.44,ROW-max-Corr,412,2563,89250,0,nrmsd_norm,15,0.35213930928854076
33764.44,ROW-max-Corr,412,636,89250,0,nrmsd_norm,16,0.33817661453276593
33764.44,ROW-max-Corr,412,636,89250,0,nrmsd_norm,17,0.35044457217937075
33764.44,ROW-max-Corr,412,636,89250,0,nrmsd_norm,18,0.34057227196333917
33764.44,ROW-max-Corr,412,636,89250,0,nrmsd_norm,19,0.35170228397346487
33764.44,ROW-max-Corr,412,636,89250,0,nrmsd_norm,20,0.3358566365004315
33764.44,ROW-max-Corr,412,2563,89250,0,nrmsd_norm,22,0.3184612838632836
33764.44,ROW-max-Corr,412,2563,89250,0,nrmsd_norm,24,0.3279961894118129
33764.44,ROW-max-Corr,412,2563,89250,0,nrmsd_norm,26,0.3226454127992874
33764.44,ROW-max-Corr,412,9237,89250,0,nrmsd_norm,28,0.3007105523213504
33764.44,ROW-max-Corr,412,2563,89250,0,nrmsd_norm,30,0.2860095342242758
33764.44,ROW-max-Corr,412,2563,89250,0,nrmsd_norm,32,0.2934831640269256
33764.44,ROW-max-Corr,412,2563,89250,0,nrmsd_norm,34,0.2978316948061606
33764.44,ROW-max-Corr,412,2563,89250,0,nrmsd_norm,36,0.29237296674306235
33764.44,ROW-max-Corr,412,2563,89250,0,nrmsd_norm,38,0.2985045194191902
33764.44,ROW-max-Corr,412,2563,89250,0,nrmsd_norm,40,0.3015287488775729
33764.44,ROW-max-Corr,412,2563,89250,0,nrmsd_norm,42,0.30707872917015355
33764.44,ROW-max-Corr,412,2563,89250,0,nrmsd_norm,44,0.299298172439578
33764.44,ROW-max-Corr,412,2563,89250,0,nrmsd_norm,46,0.2904055109248537
33764.44,ROW-max-Corr,412,6159,89250,0,nrmsd_norm,48,0.283055920338504
33764.44,ROW-max-Corr,412,6159,89250,0,nrmsd_norm,50,0.2819163202314995
33764.44,ROW-max-Corr,412,6159,89250,0,nrmsd_norm,55,0.2795846507444151
33764.44,ROW-max-Corr,412,412,89250,0,nrmsd_norm,60,0.28920319232523817
33764.44,ROW-max-Corr,412,412,89250,0,nrmsd_norm,65,0.29606305840264974
33764.44,ROW-max-Corr,412,412,89250,0,nrmsd_norm,70,0.29741040315632916
33764.44,ROW-max-Corr,412,412,89250,0,nrmsd_norm,75,0.31321385168267746
33764.44,ROW-max-Corr,412,412,89250,0,nrmsd_norm,80,0.3060729628313565
33764.44,ROW-max-Corr,412,412,89250,0,nrmsd_norm,85,0.29638647959233727
33764.44,ROW-max-Corr,412,6159,89250,0,nrmsd_norm,90,0.28917520962788806
33764.44,ROW-max-Corr,412,412,89250,0,nrmsd_norm,95,0.2952049521603453
33764.44,ROW-max-Corr,412,412,89250,0,nrmsd_norm,100,0.29318037173099365
33764.44,ROW-max-Corr,412,6398,773956,0,nrmsd_norm,5,0.45034057044407855
33764.44,ROW-max-Corr,412,6398,773956,0,nrmsd_norm,6,0.4518139378290962
33764.44,ROW-max-Corr,412,6398,773956,0,nrmsd_norm,7,0.43678387436603394
33764.44,ROW-max-Corr,412,6398,773956,0,nrmsd_norm,8,0.44422567285806575
33764.44,ROW-max-Corr,412,6398,773956,0,nrmsd_norm,9,0.42046541192082554
33764.44,ROW-max-Corr,412,6388,773956,0,nrmsd_norm,10,0.4074050661427616
33764.44,ROW-max-Corr,412,6388,773956,0,nrmsd_norm,11,0.3728535766516814
33764.44,ROW-max-Corr,412,10803,773956,0,nrmsd_norm,12,0.37085542935528387
33764.44,ROW-max-Corr,412,6159,773956,0,nrmsd_norm,13,0.37723638556929495
33764.44,ROW-max-Corr,412,6159,773956,0,nrmsd_norm,14,0.3766532149985184
33764.44,ROW-max-Corr,412,6159,773956,0,nrmsd_norm,15,0.35612971227317236
33764.44,ROW-max-Corr,412,9237,773956,0,nrmsd_norm,16,0.3504107909777678
33764.44,ROW-max-Corr,412,2563,773956,0,nrmsd_norm,17,0.34755436420237645
33764.44,ROW-max-Corr,412,9237,773956,0,nrmsd_norm,18,0.3487563102611848
33764.44,ROW-max-Corr,412,9237,773956,0,nrmsd_norm,19,0.35555877548436476
33764.44,ROW-max-Corr,412,2563,773956,0,nrmsd_norm,20,0.34158149474235605
33764.44,ROW-max-Corr,412,6389,773956,0,nrmsd_norm,22,0.3297988766835671
33764.44,ROW-max-Corr,412,6389,773956,0,nrmsd_norm,24,0.33720112421248694
33764.44,ROW-max-Corr,412,6399,773956,0,nrmsd_norm,26,0.328987970364111
33764.44,ROW-max-Corr,412,6389,773956,0,nrmsd_norm,28,0.31454011973568635
33764.44,ROW-max-Corr,412,6389,773956,0,nrmsd_norm,30,0.3090742026052745
33764.44,ROW-max-Corr,412,6389,773956,0,nrmsd_norm,32,0.31348542739699214
33764.44,ROW-max-Corr,412,2563,773956,0,nrmsd_norm,34,0.31470106029739514
33764.44,ROW-max-Corr,412,6389,773956,0,nrmsd_norm,36,0.3137687388162463
33764.44,ROW-max-Corr,412,2563,773956,0,nrmsd_norm,38,0.3171268571305183
33764.44,ROW-max-Corr,412,2563,773956,0,nrmsd_norm,40,0.32197464901445094
33764.44,ROW-max-Corr,412,2563,773956,0,nrmsd_norm,42,0.32576473412540174
33764.44,ROW-max-Corr,412,2563,773956,0,nrmsd_norm,44,0.32188126188759547
33764.44,ROW-max-Corr,412,2563,773956,0,nrmsd_norm,46,0.31241099653855553
33764.44,ROW-max-Corr,412,412,773956,0,nrmsd_norm,48,0.3034054130787719
33764.44,ROW-max-Corr,412,2563,773956,0,nrmsd_norm,50,0.303283591680139
33764.44,ROW-max-Corr,412,2563,773956,0,nrmsd_norm,55,0.3001720274174425
33764.44,ROW-max-Corr,412,6159,773956,0,nrmsd_norm,60,0.30442886376192524
33764.44,ROW-max-Corr,412,412,773956,0,nrmsd_norm,65,0.3097217711692777
33764.44,ROW-max-Corr,412,412,773956,0,nrmsd_norm,70,0.31198612215725996
33764.44,ROW-max-Corr,412,412,773956,0,nrmsd_norm,75,0.31446688649320487
33764.44,ROW-max-Corr,412,412,773956,0,nrmsd_norm,80,0.30775409576175916
33764.44,ROW-max-Corr,412,412,773956,0,nrmsd_norm,85,0.2967247449308859
33764.44,ROW-max-Corr,412,412,773956,0,nrmsd_norm,90,0.29463765026679606
33764.44,ROW-max-Corr,412,412,773956,0,nrmsd_norm,95,0.29683534960396546
33764.44,ROW-max-Corr,412,412,773956,0,nrmsd_norm,100,0.29469874208816216
33764.44,ROW-max-Corr,412,1979,654571,0,nrmsd_norm,5,0.4202498327609044
33764.44,ROW-max-Corr,412,1979,654571,0,nrmsd_norm,6,0.43500473613603435
33764.44,ROW-max-Corr,412,1979,654571,0,nrmsd_norm,7,0.39190892779401315
33764.44,ROW-max-Corr,412,1979,654571,0,nrmsd_norm,8,0.373045252188094
33764.44,ROW-max-Corr,412,1979,654571,0,nrmsd_norm,9,0.36140107255592024
33764.44,ROW-max-Corr,412,5884,654571,0,nrmsd_norm,10,0.3599840191956925
33764.44,ROW-max-Corr,412,5884,654571,0,nrmsd_norm,11,0.3342549008776915
33764.44,ROW-max-Corr,412,636,654571,0,nrmsd_norm,12,0.3167075833994858
33764.44,ROW-max-Corr,412,5884,654571,0,nrmsd_norm,13,0.33401757025419165
33764.44,ROW-max-Corr,412,5884,654571,0,nrmsd_norm,14,0.33661168596522295
33764.44,ROW-max-Corr,412,5884,654571,0,nrmsd_norm,15,0.31113726988391355
33764.44,ROW-max-Corr,412,1951,654571,0,nrmsd_norm,16,0.3129461315488446
33764.44,ROW-max-Corr,412,2563,654571,0,nrmsd_norm,17,0.3238497870501278
33764.44,ROW-max-Corr,412,1951,654571,0,nrmsd_norm,18,0.3267631842183303
33764.44,ROW-max-Corr,412,1951,654571,0,nrmsd_norm,19,0.33302095788522257
33764.44,ROW-max-Corr,412,1951,654571,0,nrmsd_norm,20,0.3235396740144808
33764.44,ROW-max-Corr,412,1951,654571,0,nrmsd_norm,22,0.3114379425207785
33764.44,ROW-max-Corr,412,1951,654571,0,nrmsd_norm,24,0.31180377334349496
33764.44,ROW-max-Corr,412,1951,654571,0,nrmsd_norm,26,0.307513576269569
33764.44,ROW-max-Corr,412,1951,654571,0,nrmsd_norm,28,0.2933240993507433
33764.44,ROW-max-Corr,412,1951,654571,0,nrmsd_norm,30,0.289085200168806
33764.44,ROW-max-Corr,412,1951,654571,0,nrmsd_norm,32,0.2930416141969614
33764.44,ROW-max-Corr,412,1951,654571,0,nrmsd_norm,34,0.29761930732361463
33764.44,ROW-max-Corr,412,1951,654571,0,nrmsd_norm,36,0.2964475123489232
33764.44,ROW-max-Corr,412,1951,654571,0,nrmsd_norm,38,0.2992157158791199
33764.44,ROW-max-Corr,412,1951,654571,0,nrmsd_norm,40,0.30247657297371494
33764.44,ROW-max-Corr,412,1951,654571,0,nrmsd_norm,42,0.3069406417949272
33764.44,ROW-max-Corr,412,1951,654571,0,nrmsd_norm,44,0.3001043519630015
33764.44,ROW-max-Corr,412,1951,654571,0,nrmsd_norm,46,0.28980355306923006
33764.44,ROW-max-Corr,412,1951,654571,0,nrmsd_norm,48,0.28322699570839727
33764.44,ROW-max-Corr,412,1951,654571,0,nrmsd_norm,50,0.2831770121407189
33764.44,ROW-max-Corr,412,1951,654571,0,nrmsd_norm,55,0.28081709518818276
33764.44,ROW-max-Corr,412,1951,654571,0,nrmsd_norm,60,0.29215681661032855
33764.44,ROW-max-Corr,412,1951,654571,0,nrmsd_norm,65,0.2995470059344824
33764.44,ROW-max-Corr,412,412,654571,0,nrmsd_norm,70,0.3044084958123904
33764.44,ROW-max-Corr,412,412,654571,0,nrmsd_norm,75,0.3095361166225247
33764.44,ROW-max-Corr,412,412,654571,0,nrmsd_norm,80,0.29990402825887114
33764.44,ROW-max-Corr,412,412,654571,0,nrmsd_norm,85,0.2893833353767417
33764.44,ROW-max-Corr,412,412,654571,0,nrmsd_norm,90,0.28805173927581124
33764.44,ROW-max-Corr,412,412,654571,0,nrmsd_norm,95,0.2889090977674601
33764.44,ROW-max-Corr,412,5953,654571,0,nrmsd_norm,100,0.28747094722787375
33764.44,ROW-max-Corr,412,5784,438878,0,nrmsd_norm,5,0.5697078634602277
33764.44,ROW-max-Corr,412,3124,438878,0,nrmsd_norm,6,0.4980347344000197
33764.44,ROW-max-Corr,412,3124,438878,0,nrmsd_norm,7,0.46910197231659
33764.44,ROW-max-Corr,412,3124,438878,0,nrmsd_norm,8,0.41512590159471713
33764.44,ROW-max-Corr,412,3124,438878,0,nrmsd_norm,9,0.4085296473792715
33764.44,ROW-max-Corr,412,3124,438878,0,nrmsd_norm,10,0.3956347952829498
33764.44,ROW-max-Corr,412,9444,438878,0,nrmsd_norm,11,0.3716305946070205
33764.44,ROW-max-Corr,412,9444,438878,0,nrmsd_norm,12,0.3763752737983739
33764.44,ROW-max-Corr,412,12146,438878,0,nrmsd_norm,13,0.4042370055776096
33764.44,ROW-max-Corr,412,12146,438878,0,nrmsd_norm,14,0.38830953201746166
33764.44,ROW-max-Corr,412,12146,438878,0,nrmsd_norm,15,0.3896780012556508
33764.44,ROW-max-Corr,412,12146,438878,0,nrmsd_norm,16,0.3849038664516832
33764.44,ROW-max-Corr,412,12146,438878,0,nrmsd_norm,17,0.3850241034275757
33764.44,ROW-max-Corr,412,4003,438878,0,nrmsd_norm,18,0.3700085071637098
33764.44,ROW-max-Corr,412,4003,438878,0,nrmsd_norm,19,0.37447493863606995
33764.44,ROW-max-Corr,412,5784,438878,0,nrmsd_norm,20,0.37155102345922936
33764.44,ROW-max-Corr,412,5784,438878,0,nrmsd_norm,22,0.3762412801691116
33764.44,ROW-max-Corr,412,5784,438878,0,nrmsd_norm,24,0.38359966560848996
33764.44,ROW-max-Corr,412,5953,438878,0,nrmsd_norm,26,0.37930276528702656
33764.44,ROW-max-Corr,412,1951,438878,0,nrmsd_norm,28,0.3542253619417879
33764.44,ROW-max-Corr,412,1951,438878,0,nrmsd_norm,30,0.3450568370598172
33764.44,ROW-max-Corr,412,1951,438878,0,nrmsd_norm,32,0.3460215117377409
33764.44,ROW-max-Corr,412,1951,438878,0,nrmsd_norm,34,0.3459410909129202
33764.44,ROW-max-Corr,412,1951,438878,0,nrmsd_norm,36,0.3413934085867799
33764.44,ROW-max-Corr,412,1951,438878,0,nrmsd_norm,38,0.3465475511326728
33764.44,ROW-max-Corr,412,1951,438878,0,nrmsd_norm,40,0.3492802450278734
33764.44,ROW-max-Corr,412,1951,438878,0,nrmsd_norm,42,0.35572853223745826
33764.44,ROW-max-Corr,412,1951,438878,0,nrmsd_norm,44,0.34008204577213963
33764.44,ROW-max-Corr,412,1951,438878,0,nrmsd_norm,46,0.3228372358796651
33764.44,ROW-max-Corr,412,412,438878,0,nrmsd_norm,48,0.3154552321065626
33764.44,ROW-max-Corr,412,412,438878,0,nrmsd_norm,50,0.31522353900567524
33764.44,ROW-max-Corr,412,2563,438878,0,nrmsd_norm,55,0.3127896603517258
33764.44,ROW-max-Corr,412,2563,438878,0,nrmsd_norm,60,0.32363664952484233
33764.44,ROW-max-Corr,412,2563,438878,0,nrmsd_norm,65,0.3291784669965323
33764.44,ROW-max-Corr,412,2563,438878,0,nrmsd_norm,70,0.32595089521296233
33764.44,ROW-max-Corr,412,2563,438878,0,nrmsd_norm,75,0.33034243464605806
33764.44,ROW-max-Corr,412,2563,438878,0,nrmsd_norm,80,0.3254118878784778
33764.44,ROW-max-Corr,412,2563,438878,0,nrmsd_norm,85,0.3145328234688472
33764.44,ROW-max-Corr,412,412,438878,0,nrmsd_norm,90,0.31161150892456163
33764.44,ROW-max-Corr,412,412,438878,0,nrmsd_norm,95,0.3200234415403971
33764.44,ROW-max-Corr,412,412,438878,0,nrmsd_norm,100,0.3178246017645175
33764.44,ROW-max-Corr,412,3807,433015,0,nrmsd_norm,5,0.5925576102061969
33764.44,ROW-max-Corr,412,2062,433015,0,nrmsd_norm,6,0.5348946882544753
33764.44,ROW-max-Corr,412,4003,433015,0,nrmsd_norm,7,0.4916799124675321
33764.44,ROW-max-Corr,412,4003,433015,0,nrmsd_norm,8,0.48533876763914324
33764.44,ROW-max-Corr,412,4003,433015,0,nrmsd_norm,9,0.46254675280545
33764.44,ROW-max-Corr,412,4003,433015,0,nrmsd_norm,10,0.41455907097552697
33764.44,ROW-max-Corr,412,4003,433015,0,nrmsd_norm,11,0.3871485654994634
33764.44,ROW-max-Corr,412,4003,433015,0,nrmsd_norm,12,0.3629163977684002
33764.44,ROW-max-Corr,412,9342,433015,0,nrmsd_norm,13,0.3774617875650037
33764.44,ROW-max-Corr,412,9342,433015,0,nrmsd_norm,14,0.39980745966587605
33764.44,ROW-max-Corr,412,9342,433015,0,nrmsd_norm,15,0.37981981852372665
33764.44,ROW-max-Corr,412,5784,433015,0,nrmsd_norm,16,0.3840214420367302
33764.44,ROW-max-Corr,412,5784,433015,0,nrmsd_norm,17,0.38250545558217197
33764.44,ROW-max-Corr,412,4003,433015,0,nrmsd_norm,18,0.3760305980964681
33764.44,ROW-max-Corr,412,4003,433015,0,nrmsd_norm,19,0.3792381551100283
33764.44,ROW-max-Corr,412,9342,433015,0,nrmsd_norm,20,0.3738498237555601
33764.44,ROW-max-Corr,412,9342,433015,0,nrmsd_norm,22,0.3560185739623927
33764.44,ROW-max-Corr,412,9342,433015,0,nrmsd_norm,24,0.3561377209801912
33764.44,ROW-max-Corr,412,5953,433015,0,nrmsd_norm,26,0.35245553406893454
33764.44,ROW-max-Corr,412,5953,433015,0,nrmsd_norm,28,0.33199739947414814
33764.44,ROW-max-Corr,412,5953,433015,0,nrmsd_norm,30,0.3187700192080137
33764.44,ROW-max-Corr,412,5784,433015,0,nrmsd_norm,32,0.3178285051952504
33764.44,ROW-max-Corr,412,5784,433015,0,nrmsd_norm,34,0.3155808663800415
33764.44,ROW-max-Corr,412,5784,433015,0,nrmsd_norm,36,0.3196682668613381
33764.44,ROW-max-Corr,412,1951,433015,0,nrmsd_norm,38,0.323580156984695
33764.44,ROW-max-Corr,412,1951,433015,0,nrmsd_norm,40,0.3228706887183985
33764.44,ROW-max-Corr,412,1951,433015,0,nrmsd_norm,42,0.32677053788668475
33764.44,ROW-max-Corr,412,1951,433015,0,nrmsd_norm,44,0.3171267064102354
33764.44,ROW-max-Corr,412,1951,433015,0,nrmsd_norm,46,0.30111424959273664
33764.44,ROW-max-Corr,412,1951,433015,0,nrmsd_norm,48,0.296376480375442
33764.44,ROW-max-Corr,412,1951,433015,0,nrmsd_norm,50,0.29651882059511486
33764.44,ROW-max-Corr,412,1951,433015,0,nrmsd_norm,55,0.2939700455387741
33764.44,ROW-max-Corr,412,1951,433015,0,nrmsd_norm,60,0.3032739850017064
33764.44,ROW-max-Corr,412,1951,433015,0,nrmsd_norm,65,0.30935253318745665
33764.44,ROW-max-Corr,412,1951,433015,0,nrmsd_norm,70,0.31713061417928146
33764.44,ROW-max-Corr,412,1951,433015,0,nrmsd_norm,75,0.32515542902749306
33764.44,ROW-max-Corr,412,1951,433015,0,nrmsd_norm,80,0.3227318100464651
33764.44,ROW-max-Corr,412,1951,433015,0,nrmsd_norm,85,0.312075209958439
33764.44,ROW-max-Corr,412,1951,433015,0,nrmsd_norm,90,0.31094075313247566
33764.44,ROW-max-Corr,412,1951,433015,0,nrmsd_norm,95,0.30534966966659505
33764.44,ROW-max-Corr,412,1951,433015,0,nrmsd_norm,100,0.3027999677899577
33764.44,ROW-max-Corr,412,303,858597,0,nrmsd_norm,5,0.5266396554265992
33764.44,ROW-max-Corr,412,3124,858597,0,nrmsd_norm,6,0.47734030419157814
33764.44,ROW-max-Corr,412,6420,858597,0,nrmsd_norm,7,0.4513702329537287
33764.44,ROW-max-Corr,412,6420,858597,0,nrmsd_norm,8,0.4438233301766677
33764.44,ROW-max-Corr,412,5953,858597,0,nrmsd_norm,9,0.42910059125156985
33764.44,ROW-max-Corr,412,5953,858597,0,nrmsd_norm,10,0.3952454049753189
33764.44,ROW-max-Corr,412,5953,858597,0,nrmsd_norm,11,0.36309639878107064
33764.44,ROW-max-Corr,412,5953,858597,0,nrmsd_norm,12,0.3547466246614505
33764.44,ROW-max-Corr,412,9342,858597,0,nrmsd_norm,13,0.3783131401143279
33764.44,ROW-max-Corr,412,9342,858597,0,nrmsd_norm,14,0.3757758210074358
33764.44,ROW-max-Corr,412,9342,858597,0,nrmsd_norm,15,0.3604884292624588
33764.44,ROW-max-Corr,412,4003,858597,0,nrmsd_norm,16,0.35891258669433157
33764.44,ROW-max-Corr,412,4003,858597,0,nrmsd_norm,17,0.37477080504424076
33764.44,ROW-max-Corr,412,4003,858597,0,nrmsd_norm,18,0.368964912043204
33764.44,ROW-max-Corr,412,5953,858597,0,nrmsd_norm,19,0.3712894983513699
33764.44,ROW-max-Corr,412,9342,858597,0,nrmsd_norm,20,0.3600238412163789
33764.44,ROW-max-Corr,412,9342,858597,0,nrmsd_norm,22,0.3522372691106829
33764.44,ROW-max-Corr,412,9342,858597,0,nrmsd_norm,24,0.3507981706041885
33764.44,ROW-max-Corr,412,5953,858597,0,nrmsd_norm,26,0.35001605277394215
33764.44,ROW-max-Corr,412,5953,858597,0,nrmsd_norm,28,0.33274967824595636
33764.44,ROW-max-Corr,412,9342,858597,0,nrmsd_norm,30,0.3349700549687128
33764.44,ROW-max-Corr,412,9342,858597,0,nrmsd_norm,32,0.3389426161852663
33764.44,ROW-max-Corr,412,5953,858597,0,nrmsd_norm,34,0.32183944991402436
33764.44,ROW-max-Corr,412,5953,858597,0,nrmsd_norm,36,0.3256869404500406
33764.44,ROW-max-Corr,412,5953,858597,0,nrmsd_norm,38,0.32669905451987513
33764.44,ROW-max-Corr,412,5953,858597,0,nrmsd_norm,40,0.3356807344413596
33764.44,ROW-max-Corr,412,5953,858597,0,nrmsd_norm,42,0.3396609718997198
33764.44,ROW-max-Corr,412,5953,858597,0,nrmsd_norm,44,0.33254895569777
33764.44,ROW-max-Corr,412,5953,858597,0,nrmsd_norm,46,0.3214502328301963
33764.44,ROW-max-Corr,412,5953,858597,0,nrmsd_norm,48,0.31252193586481036
33764.44,ROW-max-Corr,412,5953,858597,0,nrmsd_norm,50,0.30950458156443805
33764.44,ROW-max-Corr,412,5953,858597,0,nrmsd_norm,55,0.305261800239922
33764.44,ROW-max-Corr,412,5953,858597,0,nrmsd_norm,60,0.31171035837853034
33764.44,ROW-max-Corr,412,5953,858597,0,nrmsd_norm,65,0.3198974695237377
33764.44,ROW-max-Corr,412,412,858597,0,nrmsd_norm,70,0.31645932224848256
33764.44,ROW-max-Corr,412,412,858597,0,nrmsd_norm,75,0.32387939693170664
33764.44,ROW-max-Corr,412,412,858597,0,nrmsd_norm,80,0.31848763017999027
33764.44,ROW-max-Corr,412,412,858597,0,nrmsd_norm,85,0.3068635267879796
33764.44,ROW-max-Corr,412,412,858597,0,nrmsd_norm,90,0.30521914295873154
33764.44,ROW-max-Corr,412,412,858597,0,nrmsd_norm,95,0.3108594622208996
33764.44,ROW-max-Corr,412,412,858597,0,nrmsd_norm,100,0.30618534432142974
33764.44,ROW-max-Corr,412,1951,85945,0,nrmsd_norm,5,0.47479542089739174
33764.44,ROW-max-Corr,412,1951,85945,0,nrmsd_norm,6,0.4512905299210916
33764.44,ROW-max-Corr,412,1951,85945,0,nrmsd_norm,7,0.404449398124746
33764.44,ROW-max-Corr,412,1951,85945,0,nrmsd_norm,8,0.40122774538847644
33764.44,ROW-max-Corr,412,1951,85945,0,nrmsd_norm,9,0.38586096825343147
33764.44,ROW-max-Corr,412,412,85945,0,nrmsd_norm,10,0.3675748178209827
33764.44,ROW-max-Corr,412,412,85945,0,nrmsd_norm,11,0.35412438230283527
33764.44,ROW-max-Corr,412,412,85945,0,nrmsd_norm,12,0.3520281897486076
33764.44,ROW-max-Corr,412,5784,85945,0,nrmsd_norm,13,0.3698376943899026
33764.44,ROW-max-Corr,412,5784,85945,0,nrmsd_norm,14,0.372838633689025
33764.44,ROW-max-Corr,412,5953,85945,0,nrmsd_norm,15,0.36431209856710045
33764.44,ROW-max-Corr,412,412,85945,0,nrmsd_norm,16,0.3602117012756591
33764.44,ROW-max-Corr,412,5784,85945,0,nrmsd_norm,17,0.3639414520922442
33764.44,ROW-max-Corr,412,412,85945,0,nrmsd_norm,18,0.3507196640083069
33764.44,ROW-max-Corr,412,412,85945,0,nrmsd_norm,19,0.3583132588905356
33764.44,ROW-max-Corr,412,412,85945,0,nrmsd_norm,20,0.35258522136777587
33764.44,ROW-max-Corr,412,412,85945,0,nrmsd_norm,22,0.3437521079883334
33764.44,ROW-max-Corr,412,412,85945,0,nrmsd_norm,24,0.34536075385282583
33764.44,ROW-max-Corr,412,2563,85945,0,nrmsd_norm,26,0.3340583983500889
33764.44,ROW-max-Corr,412,2563,85945,0,nrmsd_norm,28,0.31267371163162555
33764.44,ROW-max-Corr,412,412,85945,0,nrmsd_norm,30,0.29861721197749824
33764.44,ROW-max-Corr,412,412,85945,0,nrmsd_norm,32,0.3064120394844362
33764.44,ROW-max-Corr,412,2563,85945,0,nrmsd_norm,34,0.2973416543002036
33764.44,ROW-max-Corr,412,2563,85945,0,nrmsd_norm,36,0.2971911263969431
33764.44,ROW-max-Corr,412,412,85945,0,nrmsd_norm,38,0.2998233902933754
33764.44,ROW-max-Corr,412,412,85945,0,nrmsd_norm,40,0.3094921432433141
33764.44,ROW-max-Corr,412,412,85945,0,nrmsd_norm,42,0.31445256010953676
33764.44,ROW-max-Corr,412,412,85945,0,nrmsd_norm,44,0.3086329627759663
33764.44,ROW-max-Corr,412,412,85945,0,nrmsd_norm,46,0.29068561091822753
33764.44,ROW-max-Corr,412,412,85945,0,nrmsd_norm,48,0.2832593037485315
33764.44,ROW-max-Corr,412,412,85945,0,nrmsd_norm,50,0.2830257856540956
33764.44,ROW-max-Corr,412,6159,85945,0,nrmsd_norm,55,0.28067483687860023
33764.44,ROW-max-Corr,412,6159,85945,0,nrmsd_norm,60,0.28727043984906103
33764.44,ROW-max-Corr,412,6159,85945,0,nrmsd_norm,65,0.28868200566906843
33764.44,ROW-max-Corr,412,6159,85945,0,nrmsd_norm,70,0.2917623851624477
33764.44,ROW-max-Corr,412,2563,85945,0,nrmsd_norm,75,0.2989902178343706
33764.44,ROW-max-Corr,412,2563,85945,0,nrmsd_norm,80,0.29717394109075923
33764.44,ROW-max-Corr,412,2563,85945,0,nrmsd_norm,85,0.28931705894840487
33764.44,ROW-max-Corr,412,2563,85945,0,nrmsd_norm,90,0.2827061596911804
33764.44,ROW-max-Corr,412,2563,85945,0,nrmsd_norm,95,0.2845069603956303
33764.44,ROW-max-Corr,412,2563,85945,0,nrmsd_norm,100,0.28426983392687666
33764.44,ROW-max-Corr,412,504,697368,0,nrmsd_norm,5,0.607455303716968
33764.44,ROW-max-Corr,412,4003,697368,0,nrmsd_norm,6,0.5663068602408763
33764.44,ROW-max-Corr,412,905,697368,0,nrmsd_norm,7,0.529060662900793
33764.44,ROW-max-Corr,412,905,697368,0,nrmsd_norm,8,0.5389034524948559
33764.44,ROW-max-Corr,412,3297,697368,0,nrmsd_norm,9,0.5118657423821787
33764.44,ROW-max-Corr,412,3936,697368,0,nrmsd_norm,10,0.4643868362403683
33764.44,ROW-max-Corr,412,4103,697368,0,nrmsd_norm,11,0.4254876392987834
33764.44,ROW-max-Corr,412,9342,697368,0,nrmsd_norm,12,0.39630114851485226
33764.44,ROW-max-Corr,412,4103,697368,0,nrmsd_norm,13,0.39527763306924424
33764.44,ROW-max-Corr,412,4103,697368,0,nrmsd_norm,14,0.40586397907557553
33764.44,ROW-max-Corr,412,9342,697368,0,nrmsd_norm,15,0.362783868943717
33764.44,ROW-max-Corr,412,5953,697368,0,nrmsd_norm,16,0.3668941192316451
33764.44,ROW-max-Corr,412,5953,697368,0,nrmsd_norm,17,0.3769735384041939
33764.44,ROW-max-Corr,412,5953,697368,0,nrmsd_norm,18,0.36367005576361927
33764.44,ROW-max-Corr,412,5953,697368,0,nrmsd_norm,19,0.3707160404669651
33764.44,ROW-max-Corr,412,5953,697368,0,nrmsd_norm,20,0.36060329753891496
33764.44,ROW-max-Corr,412,5784,697368,0,nrmsd_norm,22,0.34468605273120456
33764.44,ROW-max-Corr,412,5784,697368,0,nrmsd_norm,24,0.3376059176568327
33764.44,ROW-max-Corr,412,412,697368,0,nrmsd_norm,26,0.332691409390635
33764.44,ROW-max-Corr,412,412,697368,0,nrmsd_norm,28,0.31460081638644544
33764.44,ROW-max-Corr,412,412,697368,0,nrmsd_norm,30,0.31317151391867887
33764.44,ROW-max-Corr,412,412,697368,0,nrmsd_norm,32,0.3192535154122804
33764.44,ROW-max-Corr,412,412,697368,0,nrmsd_norm,34,0.3104007126118974
33764.44,ROW-max-Corr,412,412,697368,0,nrmsd_norm,36,0.3077063458711856
33764.44,ROW-max-Corr,412,412,697368,0,nrmsd_norm,38,0.31135555836514617
33764.44,ROW-max-Corr,412,412,697368,0,nrmsd_norm,40,0.3127403915209403
33764.44,ROW-max-Corr,412,412,697368,0,nrmsd_norm,42,0.3171463210002444
33764.44,ROW-max-Corr,412,412,697368,0,nrmsd_norm,44,0.31290917701348936
33764.44,ROW-max-Corr,412,412,697368,0,nrmsd_norm,46,0.2947145877605588
33764.44,ROW-max-Corr,412,412,697368,0,nrmsd_norm,48,0.2868514418500918
33764.44,ROW-max-Corr,412,412,697368,0,nrmsd_norm,50,0.285581645773937
33764.44,ROW-max-Corr,412,412,697368,0,nrmsd_norm,55,0.2842404316984734
33764.44,ROW-max-Corr,412,412,697368,0,nrmsd_norm,60,0.2919868645353695
33764.44,ROW-max-Corr,412,412,697368,0,nrmsd_norm,65,0.29825926565303146
33764.44,ROW-max-Corr,412,412,697368,0,nrmsd_norm,70,0.305293314625498
33764.44,ROW-max-Corr,412,412,697368,0,nrmsd_norm,75,0.30751470328937797
33764.44,ROW-max-Corr,412,412,697368,0,nrmsd_norm,80,0.301910758835486
33764.44,ROW-max-Corr,412,412,697368,0,nrmsd_norm,85,0.2907619412623487
33764.44,ROW-max-Corr,412,412,697368,0,nrmsd_norm,90,0.28725393205251454
33764.44,ROW-max-Corr,412,412,697368,0,nrmsd_norm,95,0.29447128456967836
33764.44,ROW-max-Corr,412,412,697368,0,nrmsd_norm,100,0.29001474973333013
33764.44,ROW-max-Corr,412,3827,201469,0,nrmsd_norm,5,0.5572724839127119
33764.44,ROW-max-Corr,412,10985,201469,0,nrmsd_norm,6,0.5129790393593332
33764.44,ROW-max-Corr,412,3859,201469,0,nrmsd_norm,7,0.48035866662227245
33764.44,ROW-max-Corr,412,3859,201469,0,nrmsd_norm,8,0.4729866156721677
33764.44,ROW-max-Corr,412,3859,201469,0,nrmsd_norm,9,0.44416893434098464
33764.44,ROW-max-Corr,412,10985,201469,0,nrmsd_norm,10,0.4000207025764763
33764.44,ROW-max-Corr,412,5920,201469,0,nrmsd_norm,11,0.3662921475350075
33764.44,ROW-max-Corr,412,2733,201469,0,nrmsd_norm,12,0.3595054056265461
33764.44,ROW-max-Corr,412,2733,201469,0,nrmsd_norm,13,0.36933590130769045
33764.44,ROW-max-Corr,412,2733,201469,0,nrmsd_norm,14,0.38810705673299345
33764.44,ROW-max-Corr,412,2733,201469,0,nrmsd_norm,15,0.3789098349317044
33764.44,ROW-max-Corr,412,5920,201469,0,nrmsd_norm,16,0.38081520781641365
33764.44,ROW-max-Corr,412,5953,201469,0,nrmsd_norm,17,0.3771598873968706
33764.44,ROW-max-Corr,412,5953,201469,0,nrmsd_norm,18,0.36912483599389373
33764.44,ROW-max-Corr,412,5953,201469,0,nrmsd_norm,19,0.36797751412306173
33764.44,ROW-max-Corr,412,5953,201469,0,nrmsd_norm,20,0.3579508916129113
33764.44,ROW-max-Corr,412,412,201469,0,nrmsd_norm,22,0.3487145026219648
33764.44,ROW-max-Corr,412,412,201469,0,nrmsd_norm,24,0.35259135248023354
33764.44,ROW-max-Corr,412,412,201469,0,nrmsd_norm,26,0.3458058168966817
33764.44,ROW-max-Corr,412,5953,201469,0,nrmsd_norm,28,0.33671892656101454
33764.44,ROW-max-Corr,412,5953,201469,0,nrmsd_norm,30,0.32292190609394555
33764.44,ROW-max-Corr,412,5953,201469,0,nrmsd_norm,32,0.33786970556853013
33764.44,ROW-max-Corr,412,5953,201469,0,nrmsd_norm,34,0.33380917643889674
33764.44,ROW-max-Corr,412,5953,201469,0,nrmsd_norm,36,0.3342932914055598
33764.44,ROW-max-Corr,412,5953,201469,0,nrmsd_norm,38,0.33249086920315124
33764.44,ROW-max-Corr,412,5953,201469,0,nrmsd_norm,40,0.3355523126411493
33764.44,ROW-max-Corr,412,412,201469,0,nrmsd_norm,42,0.34241258448305767
33764.44,ROW-max-Corr,412,2563,201469,0,nrmsd_norm,44,0.3289943529831452
33764.44,ROW-max-Corr,412,9237,201469,0,nrmsd_norm,46,0.3185973068315736
33764.44,ROW-max-Corr,412,9237,201469,0,nrmsd_norm,48,0.3108009438002243
33764.44,ROW-max-Corr,412,6159,201469,0,nrmsd_norm,50,0.3095784811594924
33764.44,ROW-max-Corr,412,9237,201469,0,nrmsd_norm,55,0.305428645096577
33764.44,ROW-max-Corr,412,9237,201469,0,nrmsd_norm,60,0.3127538402701464
33764.44,ROW-max-Corr,412,9237,201469,0,nrmsd_norm,65,0.31986842915571206
33764.44,ROW-max-Corr,412,6159,201469,0,nrmsd_norm,70,0.32886331217609455
33764.44,ROW-max-Corr,412,6159,201469,0,nrmsd_norm,75,0.338033410188695
33764.44,ROW-max-Corr,412,6159,201469,0,nrmsd_norm,80,0.3294481568064017
33764.44,ROW-max-Corr,412,6159,201469,0,nrmsd_norm,85,0.315813769037132
33764.44,ROW-max-Corr,412,6159,201469,0,nrmsd_norm,90,0.3097341405436319
33764.44,ROW-max-Corr,412,6159,201469,0,nrmsd_norm,95,0.30309683415919675
33764.44,ROW-max-Corr,412,6159,201469,0,nrmsd_norm,100,0.2993324218553693
33764.44,ROW-max-Corr,412,303,94177,0,nrmsd_norm,5,0.5457195059512231
33764.44,ROW-max-Corr,412,5953,94177,0,nrmsd_norm,6,0.48520141967972
33764.44,ROW-max-Corr,412,5953,94177,0,nrmsd_norm,7,0.4484074262342616
33764.44,ROW-max-Corr,412,5953,94177,0,nrmsd_norm,8,0.4267122224943601
33764.44,ROW-max-Corr,412,9342,94177,0,nrmsd_norm,9,0.40714071723440387
33764.44,ROW-max-Corr,412,5784,94177,0,nrmsd_norm,10,0.3711521721812617
33764.44,ROW-max-Corr,412,5784,94177,0,nrmsd_norm,11,0.3407053893644458
33764.44,ROW-max-Corr,412,4003,94177,0,nrmsd_norm,12,0.34233671545082267
33764.44,ROW-max-Corr,412,4003,94177,0,nrmsd_norm,13,0.3625305745236223
33764.44,ROW-max-Corr,412,4003,94177,0,nrmsd_norm,14,0.37397875015571597
33764.44,ROW-max-Corr,412,5784,94177,0,nrmsd_norm,15,0.360840399554734
33764.44,ROW-max-Corr,412,5784,94177,0,nrmsd_norm,16,0.3553421282771688
33764.44,ROW-max-Corr,412,5953,94177,0,nrmsd_norm,17,0.3659553516161072
33764.44,ROW-max-Corr,412,5953,94177,0,nrmsd_norm,18,0.3537430340060464
33764.44,ROW-max-Corr,412,5953,94177,0,nrmsd_norm,19,0.35824145819222564
33764.44,ROW-max-Corr,412,5953,94177,0,nrmsd_norm,20,0.35047676043626985
33764.44,ROW-max-Corr,412,5953,94177,0,nrmsd_norm,22,0.34299821811776304
33764.44,ROW-max-Corr,412,5953,94177,0,nrmsd_norm,24,0.33724059752558566
33764.44,ROW-max-Corr,412,5953,94177,0,nrmsd_norm,26,0.3356909422730774
33764.44,ROW-max-Corr,412,5953,94177,0,nrmsd_norm,28,0.3198254536301261
33764.44,ROW-max-Corr,412,5953,94177,0,nrmsd_norm,30,0.31392737367907003
33764.44,ROW-max-Corr,412,5953,94177,0,nrmsd_norm,32,0.32198048831640796
33764.44,ROW-max-Corr,412,5953,94177,0,nrmsd_norm,34,0.31731112106209197
33764.44,ROW-max-Corr,412,5953,94177,0,nrmsd_norm,36,0.31647082595378506
33764.44,ROW-max-Corr,412,412,94177,0,nrmsd_norm,38,0.3165584193255809
33764.44,ROW-max-Corr,412,412,94177,0,nrmsd_norm,40,0.31964688298845795
33764.44,ROW-max-Corr,412,412,94177,0,nrmsd_norm,42,0.325386039525738
33764.44,ROW-max-Corr,412,412,94177,0,nrmsd_norm,44,0.3165345767061241
33764.44,ROW-max-Corr,412,412,94177,0,nrmsd_norm,46,0.3096576718357754
33764.44,ROW-max-Corr,412,412,94177,0,nrmsd_norm,48,0.30229328242026055
33764.44,ROW-max-Corr,412,5953,94177,0,nrmsd_norm,50,0.3002612140794038
33764.44,ROW-max-Corr,412,5953,94177,0,nrmsd_norm,55,0.2985764208918132
33764.44,ROW-max-Corr,412,5953,94177,0,nrmsd_norm,60,0.3057137054875449
33764.44,ROW-max-Corr,412,5953,94177,0,nrmsd_norm,65,0.3070469666964643
33764.44,ROW-max-Corr,412,412,94177,0,nrmsd_norm,70,0.30487005982219284
33764.44,ROW-max-Corr,412,412,94177,0,nrmsd_norm,75,0.30955008748984303
33764.44,ROW-max-Corr,412,412,94177,0,nrmsd_norm,80,0.3100030567839686
33764.44,ROW-max-Corr,412,412,94177,0,nrmsd_norm,85,0.29609038974573065
33764.44,ROW-max-Corr,412,412,94177,0,nrmsd_norm,90,0.28900534300291547
33764.44,ROW-max-Corr,412,412,94177,0,nrmsd_norm,95,0.28962865020888984
33764.44,ROW-max-Corr,412,412,94177,0,nrmsd_norm,100,0.287362078304185
33764.44,COL-mean-Corr(Ben),412,11605,89250,0,nrmsd_norm,5,0.6116359379397748
33764.44,COL-mean-Corr(Ben),412,6642,89250,0,nrmsd_norm,6,0.5543769070477318
33764.44,COL-mean-Corr(Ben),412,1276,89250,0,nrmsd_norm,7,0.5235777087399861
33764.44,COL-mean-Corr(Ben),412,5486,89250,0,nrmsd_norm,8,0.5227675280145079
33764.44,COL-mean-Corr(Ben),412,5362,89250,0,nrmsd_norm,9,0.5194133045475614
33764.44,COL-mean-Corr(Ben),412,10418,89250,0,nrmsd_norm,10,0.4807623529685758
33764.44,COL-mean-Corr(Ben),412,10418,89250,0,nrmsd_norm,11,0.47315267130928895
33764.44,COL-mean-Corr(Ben),412,10418,89250,0,nrmsd_norm,12,0.49545542386856256
33764.44,COL-mean-Corr(Ben),412,4003,89250,0,nrmsd_norm,13,0.49287824791807916
33764.44,COL-mean-Corr(Ben),412,4003,89250,0,nrmsd_norm,14,0.5039320086242537
33764.44,COL-mean-Corr(Ben),412,4003,89250,0,nrmsd_norm,15,0.49340492730878904
33764.44,COL-mean-Corr(Ben),412,3560,89250,0,nrmsd_norm,16,0.4691318419599249
33764.44,COL-mean-Corr(Ben),412,7048,89250,0,nrmsd_norm,17,0.4927055139546751
33764.44,COL-mean-Corr(Ben),412,7048,89250,0,nrmsd_norm,18,0.4822651228754216
33764.44,COL-mean-Corr(Ben),412,7048,89250,0,nrmsd_norm,19,0.48151990641583614
33764.44,COL-mean-Corr(Ben),412,7048,89250,0,nrmsd_norm,20,0.4701252327972822
33764.44,COL-mean-Corr(Ben),412,7048,89250,0,nrmsd_norm,22,0.4558774627925654
33764.44,COL-mean-Corr(Ben),412,7048,89250,0,nrmsd_norm,24,0.46349845728591577
33764.44,COL-mean-Corr(Ben),412,7048,89250,0,nrmsd_norm,26,0.42492846417595004
33764.44,COL-mean-Corr(Ben),412,7048,89250,0,nrmsd_norm,28,0.4519445752464131
33764.44,COL-mean-Corr(Ben),412,7048,89250,0,nrmsd_norm,30,0.4515979509998977
33764.44,COL-mean-Corr(Ben),412,10985,89250,0,nrmsd_norm,32,0.43650591871621974
33764.44,COL-mean-Corr(Ben),412,10418,89250,0,nrmsd_norm,34,0.4340998505986651
33764.44,COL-mean-Corr(Ben),412,10418,89250,0,nrmsd_norm,36,0.4444450143438645
33764.44,COL-mean-Corr(Ben),412,10418,89250,0,nrmsd_norm,38,0.4330128484923301
33764.44,COL-mean-Corr(Ben),412,9237,89250,0,nrmsd_norm,40,0.42217102975886217
33764.44,COL-mean-Corr(Ben),412,6159,89250,0,nrmsd_norm,42,0.42053305493761506
33764.44,COL-mean-Corr(Ben),412,6159,89250,0,nrmsd_norm,44,0.4212063406383476
33764.44,COL-mean-Corr(Ben),412,6159,89250,0,nrmsd_norm,46,0.4195071925406217
33764.44,COL-mean-Corr(Ben),412,6159,89250,0,nrmsd_norm,48,0.4355895597787584
33764.44,COL-mean-Corr(Ben),412,6159,89250,0,nrmsd_norm,50,0.42837902241698983
33764.44,COL-mean-Corr(Ben),412,5920,89250,0,nrmsd_norm,55,0.4188381812319536
33764.44,COL-mean-Corr(Ben),412,5920,89250,0,nrmsd_norm,60,0.41363757340915497
33764.44,COL-mean-Corr(Ben),412,5953,89250,0,nrmsd_norm,65,0.40972808851802267
33764.44,COL-mean-Corr(Ben),412,5953,89250,0,nrmsd_norm,70,0.39793763664820436
33764.44,COL-mean-Corr(Ben),412,5953,89250,0,nrmsd_norm,75,0.3994316832117042
33764.44,COL-mean-Corr(Ben),412,5953,89250,0,nrmsd_norm,80,0.3972485612074211
33764.44,COL-mean-Corr(Ben),412,5953,89250,0,nrmsd_norm,85,0.4047045946845951
33764.44,COL-mean-Corr(Ben),412,5953,89250,0,nrmsd_norm,90,0.40422396995659593
33764.44,COL-mean-Corr(Ben),412,5953,89250,0,nrmsd_norm,95,0.40394310935931427
33764.44,COL-mean-Corr(Ben),412,5953,89250,0,nrmsd_norm,100,0.40647192978780405
33764.44,COL-mean-Corr(Ben),412,11713,773956,0,nrmsd_norm,5,0.6713555303994792
33764.44,COL-mean-Corr(Ben),412,2756,773956,0,nrmsd_norm,6,0.4967671159707904
33764.44,COL-mean-Corr(Ben),412,2756,773956,0,nrmsd_norm,7,0.45463853405951665
33764.44,COL-mean-Corr(Ben),412,134,773956,0,nrmsd_norm,8,0.48401700480722976
33764.44,COL-mean-Corr(Ben),412,134,773956,0,nrmsd_norm,9,0.47549639156758944
33764.44,COL-mean-Corr(Ben),412,134,773956,0,nrmsd_norm,10,0.4679382374629145
33764.44,COL-mean-Corr(Ben),412,8604,773956,0,nrmsd_norm,11,0.47826817365394414
33764.44,COL-mean-Corr(Ben),412,8604,773956,0,nrmsd_norm,12,0.5397212243114985
33764.44,COL-mean-Corr(Ben),412,6170,773956,0,nrmsd_norm,13,0.5319190649169455
33764.44,COL-mean-Corr(Ben),412,8604,773956,0,nrmsd_norm,14,0.5385419198521142
33764.44,COL-mean-Corr(Ben),412,8604,773956,0,nrmsd_norm,15,0.5163905053808177
33764.44,COL-mean-Corr(Ben),412,8604,773956,0,nrmsd_norm,16,0.5148178751645917
33764.44,COL-mean-Corr(Ben),412,12622,773956,0,nrmsd_norm,17,0.5285047018583262
33764.44,COL-mean-Corr(Ben),412,12622,773956,0,nrmsd_norm,18,0.523036859673758
33764.44,COL-mean-Corr(Ben),412,6161,773956,0,nrmsd_norm,19,0.48468101553452697
33764.44,COL-mean-Corr(Ben),412,6878,773956,0,nrmsd_norm,20,0.4461059453185676
33764.44,COL-mean-Corr(Ben),412,6878,773956,0,nrmsd_norm,22,0.448756159741203
33764.44,COL-mean-Corr(Ben),412,6878,773956,0,nrmsd_norm,24,0.4652772432713625
33764.44,COL-mean-Corr(Ben),412,6878,773956,0,nrmsd_norm,26,0.44249257353927884
33764.44,COL-mean-Corr(Ben),412,6878,773956,0,nrmsd_norm,28,0.43825731695350173
33764.44,COL-mean-Corr(Ben),412,5603,773956,0,nrmsd_norm,30,0.4459905936986266
33764.44,COL-mean-Corr(Ben),412,5603,773956,0,nrmsd_norm,32,0.438716462341964
33764.44,COL-mean-Corr(Ben),412,6160,773956,0,nrmsd_norm,34,0.440859338019457
33764.44,COL-mean-Corr(Ben),412,6160,773956,0,nrmsd_norm,36,0.4528433258404141
33764.44,COL-mean-Corr(Ben),412,6160,773956,0,nrmsd_norm,38,0.4478293296883711
33764.44,COL-mean-Corr(Ben),412,7715,773956,0,nrmsd_norm,40,0.4124709106321699
33764.44,COL-mean-Corr(Ben),412,7715,773956,0,nrmsd_norm,42,0.41024078698569605
33764.44,COL-mean-Corr(Ben),412,7715,773956,0,nrmsd_norm,44,0.40762437077130576
33764.44,COL-mean-Corr(Ben),412,7715,773956,0,nrmsd_norm,46,0.40661714186250353
33764.44,COL-mean-Corr(Ben),412,6159,773956,0,nrmsd_norm,48,0.42733864215774636
33764.44,COL-mean-Corr(Ben),412,7715,773956,0,nrmsd_norm,50,0.41969304535190194
33764.44,COL-mean-Corr(Ben),412,6159,773956,0,nrmsd_norm,55,0.42317343123521084
33764.44,COL-mean-Corr(Ben),412,6159,773956,0,nrmsd_norm,60,0.43554919612215126
33764.44,COL-mean-Corr(Ben),412,6159,773956,0,nrmsd_norm,65,0.4294826933564015
33764.44,COL-mean-Corr(Ben),412,6159,773956,0,nrmsd_norm,70,0.42315066245511895
33764.44,COL-mean-Corr(Ben),412,6159,773956,0,nrmsd_norm,75,0.42209072878657894
33764.44,COL-mean-Corr(Ben),412,12245,773956,0,nrmsd_norm,80,0.41304352307962083
33764.44,COL-mean-Corr(Ben),412,10802,773956,0,nrmsd_norm,85,0.42109942461938277
33764.44,COL-mean-Corr(Ben),412,12245,773956,0,nrmsd_norm,90,0.4134747263738511
33764.44,COL-mean-Corr(Ben),412,7715,773956,0,nrmsd_norm,95,0.41306390483022104
33764.44,COL-mean-Corr(Ben),412,7715,773956,0,nrmsd_norm,100,0.412939797943798
33764.44,COL-mean-Corr(Ben),412,11605,654571,0,nrmsd_norm,5,0.6181812931468177
33764.44,COL-mean-Corr(Ben),412,9069,654571,0,nrmsd_norm,6,0.5334816017229159
33764.44,COL-mean-Corr(Ben),412,396,654571,0,nrmsd_norm,7,0.4785121898248102
33764.44,COL-mean-Corr(Ben),412,5787,654571,0,nrmsd_norm,8,0.4852977306144001
33764.44,COL-mean-Corr(Ben),412,6160,654571,0,nrmsd_norm,9,0.4465406417324989
33764.44,COL-mean-Corr(Ben),412,5603,654571,0,nrmsd_norm,10,0.419975941539886
33764.44,COL-mean-Corr(Ben),412,1460,654571,0,nrmsd_norm,11,0.4313016137192825
33764.44,COL-mean-Corr(Ben),412,1460,654571,0,nrmsd_norm,12,0.47283227731895905
33764.44,COL-mean-Corr(Ben),412,6086,654571,0,nrmsd_norm,13,0.4468022170568693
33764.44,COL-mean-Corr(Ben),412,9342,654571,0,nrmsd_norm,14,0.4645227056595152
33764.44,COL-mean-Corr(Ben),412,5954,654571,0,nrmsd_norm,15,0.45173858176628195
33764.44,COL-mean-Corr(Ben),412,5954,654571,0,nrmsd_norm,16,0.45753826071988496
33764.44,COL-mean-Corr(Ben),412,5954,654571,0,nrmsd_norm,17,0.47384407991580135
33764.44,COL-mean-Corr(Ben),412,5954,654571,0,nrmsd_norm,18,0.46406938885359383
33764.44,COL-mean-Corr(Ben),412,5954,654571,0,nrmsd_norm,19,0.45700079049183623
33764.44,COL-mean-Corr(Ben),412,1460,654571,0,nrmsd_norm,20,0.46473306570074985
33764.44,COL-mean-Corr(Ben),412,5953,654571,0,nrmsd_norm,22,0.4713250940457286
33764.44,COL-mean-Corr(Ben),412,5953,654571,0,nrmsd_norm,24,0.4701218936595314
33764.44,COL-mean-Corr(Ben),412,10985,654571,0,nrmsd_norm,26,0.4287425742038361
33764.44,COL-mean-Corr(Ben),412,10985,654571,0,nrmsd_norm,28,0.4492240868288282
33764.44,COL-mean-Corr(Ben),412,10985,654571,0,nrmsd_norm,30,0.44271252700148755
33764.44,COL-mean-Corr(Ben),412,10985,654571,0,nrmsd_norm,32,0.44035306479176306
33764.44,COL-mean-Corr(Ben),412,10418,654571,0,nrmsd_norm,34,0.43794189619773055
33764.44,COL-mean-Corr(Ben),412,10418,654571,0,nrmsd_norm,36,0.4372086042012897
33764.44,COL-mean-Corr(Ben),412,10985,654571,0,nrmsd_norm,38,0.4028586973295221
33764.44,COL-mean-Corr(Ben),412,10418,654571,0,nrmsd_norm,40,0.39029181415673114
33764.44,COL-mean-Corr(Ben),412,10418,654571,0,nrmsd_norm,42,0.38745748468006647
33764.44,COL-mean-Corr(Ben),412,10418,654571,0,nrmsd_norm,44,0.3882788593954163
33764.44,COL-mean-Corr(Ben),412,10418,654571,0,nrmsd_norm,46,0.39300520695078006
33764.44,COL-mean-Corr(Ben),412,10418,654571,0,nrmsd_norm,48,0.4075679137108694
33764.44,COL-mean-Corr(Ben),412,10418,654571,0,nrmsd_norm,50,0.40310707758925246
33764.44,COL-mean-Corr(Ben),412,10418,654571,0,nrmsd_norm,55,0.39281888913277674
33764.44,COL-mean-Corr(Ben),412,5953,654571,0,nrmsd_norm,60,0.4087682767787419
33764.44,COL-mean-Corr(Ben),412,412,654571,0,nrmsd_norm,65,0.4056910797934637
33764.44,COL-mean-Corr(Ben),412,5953,654571,0,nrmsd_norm,70,0.40152411650969283
33764.44,COL-mean-Corr(Ben),412,412,654571,0,nrmsd_norm,75,0.4044333047485603
33764.44,COL-mean-Corr(Ben),412,412,654571,0,nrmsd_norm,80,0.3995019224690447
33764.44,COL-mean-Corr(Ben),412,412,654571,0,nrmsd_norm,85,0.40179933750697067
33764.44,COL-mean-Corr(Ben),412,412,654571,0,nrmsd_norm,90,0.4072042798870777
33764.44,COL-mean-Corr(Ben),412,412,654571,0,nrmsd_norm,95,0.4049000498882797
33764.44,COL-mean-Corr(Ben),412,412,654571,0,nrmsd_norm,100,0.4056109999725722
33764.44,COL-mean-Corr(Ben),412,2876,438878,0,nrmsd_norm,5,0.6347804313060957
33764.44,COL-mean-Corr(Ben),412,6596,438878,0,nrmsd_norm,6,0.5665373115326402
33764.44,COL-mean-Corr(Ben),412,5237,438878,0,nrmsd_norm,7,0.5438114743971291
33764.44,COL-mean-Corr(Ben),412,1573,438878,0,nrmsd_norm,8,0.5506342186484385
33764.44,COL-mean-Corr(Ben),412,3349,438878,0,nrmsd_norm,9,0.5031819199614893
33764.44,COL-mean-Corr(Ben),412,4727,438878,0,nrmsd_norm,10,0.5137024066993133
33764.44,COL-mean-Corr(Ben),412,6160,438878,0,nrmsd_norm,11,0.5148277080807423
33764.44,COL-mean-Corr(Ben),412,9338,438878,0,nrmsd_norm,12,0.5399402842816514
33764.44,COL-mean-Corr(Ben),412,7915,438878,0,nrmsd_norm,13,0.5159076496883263
33764.44,COL-mean-Corr(Ben),412,7915,438878,0,nrmsd_norm,14,0.5243191323798594
33764.44,COL-mean-Corr(Ben),412,10795,438878,0,nrmsd_norm,15,0.5215918396872107
33764.44,COL-mean-Corr(Ben),412,7915,438878,0,nrmsd_norm,16,0.5064652136201382
33764.44,COL-mean-Corr(Ben),412,5965,438878,0,nrmsd_norm,17,0.49291733642561036
33764.44,COL-mean-Corr(Ben),412,5965,438878,0,nrmsd_norm,18,0.48518789499057663
33764.44,COL-mean-Corr(Ben),412,5964,438878,0,nrmsd_norm,19,0.47946881208632275
33764.44,COL-mean-Corr(Ben),412,5964,438878,0,nrmsd_norm,20,0.4315030313766991
33764.44,COL-mean-Corr(Ben),412,5964,438878,0,nrmsd_norm,22,0.43279211800128964
33764.44,COL-mean-Corr(Ben),412,5964,438878,0,nrmsd_norm,24,0.4447950807045218
33764.44,COL-mean-Corr(Ben),412,1460,438878,0,nrmsd_norm,26,0.4513701671404875
33764.44,COL-mean-Corr(Ben),412,1460,438878,0,nrmsd_norm,28,0.46445945742717737
33764.44,COL-mean-Corr(Ben),412,6878,438878,0,nrmsd_norm,30,0.4738795526993966
33764.44,COL-mean-Corr(Ben),412,5603,438878,0,nrmsd_norm,32,0.4573353935831161
33764.44,COL-mean-Corr(Ben),412,5920,438878,0,nrmsd_norm,34,0.44012476106786985
33764.44,COL-mean-Corr(Ben),412,5920,438878,0,nrmsd_norm,36,0.44455444004050276
33764.44,COL-mean-Corr(Ben),412,5920,438878,0,nrmsd_norm,38,0.44301709094738806
33764.44,COL-mean-Corr(Ben),412,5920,438878,0,nrmsd_norm,40,0.4262098581169013
33764.44,COL-mean-Corr(Ben),412,5920,438878,0,nrmsd_norm,42,0.41948643602586033
33764.44,COL-mean-Corr(Ben),412,5920,438878,0,nrmsd_norm,44,0.41913423055982474
33764.44,COL-mean-Corr(Ben),412,5920,438878,0,nrmsd_norm,46,0.4192454132061438
33764.44,COL-mean-Corr(Ben),412,5920,438878,0,nrmsd_norm,48,0.43128663756078983
33764.44,COL-mean-Corr(Ben),412,2733,438878,0,nrmsd_norm,50,0.42153455946001345
33764.44,COL-mean-Corr(Ben),412,2733,438878,0,nrmsd_norm,55,0.4168786226422439
33764.44,COL-mean-Corr(Ben),412,5920,438878,0,nrmsd_norm,60,0.424557758322647
33764.44,COL-mean-Corr(Ben),412,5920,438878,0,nrmsd_norm,65,0.41969220923181166
33764.44,COL-mean-Corr(Ben),412,6159,438878,0,nrmsd_norm,70,0.42387551188690087
33764.44,COL-mean-Corr(Ben),412,412,438878,0,nrmsd_norm,75,0.4145416883740602
33764.44,COL-mean-Corr(Ben),412,6159,438878,0,nrmsd_norm,80,0.411360817229873
33764.44,COL-mean-Corr(Ben),412,412,438878,0,nrmsd_norm,85,0.41423590800039556
33764.44,COL-mean-Corr(Ben),412,412,438878,0,nrmsd_norm,90,0.41451574385532797
33764.44,COL-mean-Corr(Ben),412,412,438878,0,nrmsd_norm,95,0.4124229564299463
33764.44,COL-mean-Corr(Ben),412,5953,438878,0,nrmsd_norm,100,0.4113183406852607
33764.44,COL-mean-Corr(Ben),412,9024,433015,0,nrmsd_norm,5,0.6649212996209699
33764.44,COL-mean-Corr(Ben),412,2930,433015,0,nrmsd_norm,6,0.5454859545675474
33764.44,COL-mean-Corr(Ben),412,7846,433015,0,nrmsd_norm,7,0.5169623964279264
33764.44,COL-mean-Corr(Ben),412,3279,433015,0,nrmsd_norm,8,0.5337293488794459
33764.44,COL-mean-Corr(Ben),412,7865,433015,0,nrmsd_norm,9,0.4704093465713395
33764.44,COL-mean-Corr(Ben),412,412,433015,0,nrmsd_norm,10,0.4775270757414694
33764.44,COL-mean-Corr(Ben),412,2563,433015,0,nrmsd_norm,11,0.4696209770452933
33764.44,COL-mean-Corr(Ben),412,2563,433015,0,nrmsd_norm,12,0.5043200354947204
33764.44,COL-mean-Corr(Ben),412,2563,433015,0,nrmsd_norm,13,0.4848193136159932
33764.44,COL-mean-Corr(Ben),412,2563,433015,0,nrmsd_norm,14,0.5003360665447254
33764.44,COL-mean-Corr(Ben),412,2563,433015,0,nrmsd_norm,15,0.49504178995009185
33764.44,COL-mean-Corr(Ben),412,2563,433015,0,nrmsd_norm,16,0.4903524798195141
33764.44,COL-mean-Corr(Ben),412,2563,433015,0,nrmsd_norm,17,0.4899829782957246
33764.44,COL-mean-Corr(Ben),412,2563,433015,0,nrmsd_norm,18,0.4861562111975655
33764.44,COL-mean-Corr(Ben),412,7864,433015,0,nrmsd_norm,19,0.4833632635441955
33764.44,COL-mean-Corr(Ben),412,5953,433015,0,nrmsd_norm,20,0.4458259207192675
33764.44,COL-mean-Corr(Ben),412,412,433015,0,nrmsd_norm,22,0.4381299603314086
33764.44,COL-mean-Corr(Ben),412,412,433015,0,nrmsd_norm,24,0.4577983801638616
33764.44,COL-mean-Corr(Ben),412,412,433015,0,nrmsd_norm,26,0.44768217157515644
33764.44,COL-mean-Corr(Ben),412,412,433015,0,nrmsd_norm,28,0.46644996762999463
33764.44,COL-mean-Corr(Ben),412,412,433015,0,nrmsd_norm,30,0.4622689715071559
33764.44,COL-mean-Corr(Ben),412,412,433015,0,nrmsd_norm,32,0.4385824030033241
33764.44,COL-mean-Corr(Ben),412,412,433015,0,nrmsd_norm,34,0.4389897711093495
33764.44,COL-mean-Corr(Ben),412,412,433015,0,nrmsd_norm,36,0.45177987478119547
33764.44,COL-mean-Corr(Ben),412,412,433015,0,nrmsd_norm,38,0.44086209862015674
33764.44,COL-mean-Corr(Ben),412,412,433015,0,nrmsd_norm,40,0.4200582745376258
33764.44,COL-mean-Corr(Ben),412,412,433015,0,nrmsd_norm,42,0.4226349488709036
33764.44,COL-mean-Corr(Ben),412,2563,433015,0,nrmsd_norm,44,0.42314359214268454
33764.44,COL-mean-Corr(Ben),412,412,433015,0,nrmsd_norm,46,0.42176113346406585
33764.44,COL-mean-Corr(Ben),412,2563,433015,0,nrmsd_norm,48,0.4327744131271857
33764.44,COL-mean-Corr(Ben),412,2563,433015,0,nrmsd_norm,50,0.4241559415920009
33764.44,COL-mean-Corr(Ben),412,2563,433015,0,nrmsd_norm,55,0.4197820045917816
33764.44,COL-mean-Corr(Ben),412,6159,433015,0,nrmsd_norm,60,0.41952355705340416
33764.44,COL-mean-Corr(Ben),412,2563,433015,0,nrmsd_norm,65,0.41430711765426276
33764.44,COL-mean-Corr(Ben),412,2563,433015,0,nrmsd_norm,70,0.41795423099331863
33764.44,COL-mean-Corr(Ben),412,2563,433015,0,nrmsd_norm,75,0.4205530450152228
33764.44,COL-mean-Corr(Ben),412,2563,433015,0,nrmsd_norm,80,0.417392059431639
33764.44,COL-mean-Corr(Ben),412,2563,433015,0,nrmsd_norm,85,0.41726612116088135
33764.44,COL-mean-Corr(Ben),412,2563,433015,0,nrmsd_norm,90,0.41575294766313586
33764.44,COL-mean-Corr(Ben),412,2563,433015,0,nrmsd_norm,95,0.4225682104931708
33764.44,COL-mean-Corr(Ben),412,2563,433015,0,nrmsd_norm,100,0.42416289150210496
33764.44,COL-mean-Corr(Ben),412,6261,858597,0,nrmsd_norm,5,0.551673178977918
33764.44,COL-mean-Corr(Ben),412,6315,858597,0,nrmsd_norm,6,0.5094992951242049
33764.44,COL-mean-Corr(Ben),412,9775,858597,0,nrmsd_norm,7,0.4740698879012796
33764.44,COL-mean-Corr(Ben),412,11943,858597,0,nrmsd_norm,8,0.4481176353968457
33764.44,COL-mean-Corr(Ben),412,5440,858597,0,nrmsd_norm,9,0.4169323101821557
33764.44,COL-mean-Corr(Ben),412,5430,858597,0,nrmsd_norm,10,0.4415658820124324
33764.44,COL-mean-Corr(Ben),412,11215,858597,0,nrmsd_norm,11,0.4428175863082271
33764.44,COL-mean-Corr(Ben),412,11215,858597,0,nrmsd_norm,12,0.5138248773389642
33764.44,COL-mean-Corr(Ben),412,5275,858597,0,nrmsd_norm,13,0.5019897617575358
33764.44,COL-mean-Corr(Ben),412,4003,858597,0,nrmsd_norm,14,0.5110266673583802
33764.44,COL-mean-Corr(Ben),412,5784,858597,0,nrmsd_norm,15,0.5103251415487142
33764.44,COL-mean-Corr(Ben),412,5784,858597,0,nrmsd_norm,16,0.48381129108893045
33764.44,COL-mean-Corr(Ben),412,5784,858597,0,nrmsd_norm,17,0.47809712954886585
33764.44,COL-mean-Corr(Ben),412,9342,858597,0,nrmsd_norm,18,0.4624677377951405
33764.44,COL-mean-Corr(Ben),412,5784,858597,0,nrmsd_norm,19,0.4569503702896504
33764.44,COL-mean-Corr(Ben),412,5784,858597,0,nrmsd_norm,20,0.4311326458024302
33764.44,COL-mean-Corr(Ben),412,5784,858597,0,nrmsd_norm,22,0.43392298696889564
33764.44,COL-mean-Corr(Ben),412,9342,858597,0,nrmsd_norm,24,0.4287368831282096
33764.44,COL-mean-Corr(Ben),412,9342,858597,0,nrmsd_norm,26,0.4111537106408576
33764.44,COL-mean-Corr(Ben),412,9342,858597,0,nrmsd_norm,28,0.4184710379155159
33764.44,COL-mean-Corr(Ben),412,4003,858597,0,nrmsd_norm,30,0.4131279312735243
33764.44,COL-mean-Corr(Ben),412,5784,858597,0,nrmsd_norm,32,0.4075945212692015
33764.44,COL-mean-Corr(Ben),412,5784,858597,0,nrmsd_norm,34,0.39594488619547913
33764.44,COL-mean-Corr(Ben),412,5784,858597,0,nrmsd_norm,36,0.4217187540420541
33764.44,COL-mean-Corr(Ben),412,5953,858597,0,nrmsd_norm,38,0.4260191581006545
33764.44,COL-mean-Corr(Ben),412,5784,858597,0,nrmsd_norm,40,0.40177947515662515
33764.44,COL-mean-Corr(Ben),412,5784,858597,0,nrmsd_norm,42,0.3980163599679736
33764.44,COL-mean-Corr(Ben),412,5784,858597,0,nrmsd_norm,44,0.3990597731386864
33764.44,COL-mean-Corr(Ben),412,5784,858597,0,nrmsd_norm,46,0.40817965762437214
33764.44,COL-mean-Corr(Ben),412,5784,858597,0,nrmsd_norm,48,0.42111802894828476
33764.44,COL-mean-Corr(Ben),412,5784,858597,0,nrmsd_norm,50,0.41437855275151825
33764.44,COL-mean-Corr(Ben),412,5953,858597,0,nrmsd_norm,55,0.4235524227247566
33764.44,COL-mean-Corr(Ben),412,5784,858597,0,nrmsd_norm,60,0.42037372291279584
33764.44,COL-mean-Corr(Ben),412,5784,858597,0,nrmsd_norm,65,0.4144318308701616
33764.44,COL-mean-Corr(Ben),412,5784,858597,0,nrmsd_norm,70,0.40979458726535367
33764.44,COL-mean-Corr(Ben),412,5784,858597,0,nrmsd_norm,75,0.4072282655256667
33764.44,COL-mean-Corr(Ben),412,5953,858597,0,nrmsd_norm,80,0.40118039626105795
33764.44,COL-mean-Corr(Ben),412,5953,858597,0,nrmsd_norm,85,0.40345304819273586
33764.44,COL-mean-Corr(Ben),412,5953,858597,0,nrmsd_norm,90,0.40440392529016816
33764.44,COL-mean-Corr(Ben),412,5953,858597,0,nrmsd_norm,95,0.4003244554530375
33764.44,COL-mean-Corr(Ben),412,5953,858597,0,nrmsd_norm,100,0.3992491301550608
33764.44,COL-mean-Corr(Ben),412,4681,85945,0,nrmsd_norm,5,0.6636459222313639
33764.44,COL-mean-Corr(Ben),412,6170,85945,0,nrmsd_norm,6,0.5198061254289902
33764.44,COL-mean-Corr(Ben),412,1011,85945,0,nrmsd_norm,7,0.4668639105977353
33764.44,COL-mean-Corr(Ben),412,2449,85945,0,nrmsd_norm,8,0.4716829542762988
33764.44,COL-mean-Corr(Ben),412,6160,85945,0,nrmsd_norm,9,0.47221824126419637
33764.44,COL-mean-Corr(Ben),412,5920,85945,0,nrmsd_norm,10,0.44750274026566084
33764.44,COL-mean-Corr(Ben),412,5920,85945,0,nrmsd_norm,11,0.4407623544078509
33764.44,COL-mean-Corr(Ben),412,5920,85945,0,nrmsd_norm,12,0.4862482118418948
33764.44,COL-mean-Corr(Ben),412,6160,85945,0,nrmsd_norm,13,0.4698566495491021
33764.44,COL-mean-Corr(Ben),412,6160,85945,0,nrmsd_norm,14,0.48832315042791374
33764.44,COL-mean-Corr(Ben),412,6160,85945,0,nrmsd_norm,15,0.48510634692982696
33764.44,COL-mean-Corr(Ben),412,6160,85945,0,nrmsd_norm,16,0.48563123051091933
33764.44,COL-mean-Corr(Ben),412,6160,85945,0,nrmsd_norm,17,0.4930147881007201
33764.44,COL-mean-Corr(Ben),412,6160,85945,0,nrmsd_norm,18,0.48579846911798663
33764.44,COL-mean-Corr(Ben),412,6159,85945,0,nrmsd_norm,19,0.4576025640279415
33764.44,COL-mean-Corr(Ben),412,5920,85945,0,nrmsd_norm,20,0.42047445794549576
33764.44,COL-mean-Corr(Ben),412,412,85945,0,nrmsd_norm,22,0.4171404986816905
33764.44,COL-mean-Corr(Ben),412,412,85945,0,nrmsd_norm,24,0.4316043487075867
33764.44,COL-mean-Corr(Ben),412,5953,85945,0,nrmsd_norm,26,0.40451049922193044
33764.44,COL-mean-Corr(Ben),412,5953,85945,0,nrmsd_norm,28,0.41796419146693004
33764.44,COL-mean-Corr(Ben),412,412,85945,0,nrmsd_norm,30,0.41564125388854417
33764.44,COL-mean-Corr(Ben),412,5953,85945,0,nrmsd_norm,32,0.4284201526121
33764.44,COL-mean-Corr(Ben),412,412,85945,0,nrmsd_norm,34,0.41665444279368
33764.44,COL-mean-Corr(Ben),412,412,85945,0,nrmsd_norm,36,0.43174218862238417
33764.44,COL-mean-Corr(Ben),412,5953,85945,0,nrmsd_norm,38,0.4208891410720596
33764.44,COL-mean-Corr(Ben),412,5953,85945,0,nrmsd_norm,40,0.3994863312733715
33764.44,COL-mean-Corr(Ben),412,5953,85945,0,nrmsd_norm,42,0.39850503302564816
33764.44,COL-mean-Corr(Ben),412,6399,85945,0,nrmsd_norm,44,0.4056004510522812
33764.44,COL-mean-Corr(Ben),412,6399,85945,0,nrmsd_norm,46,0.4109428804165087
33764.44,COL-mean-Corr(Ben),412,6399,85945,0,nrmsd_norm,48,0.4229882164941198
33764.44,COL-mean-Corr(Ben),412,5953,85945,0,nrmsd_norm,50,0.4140797699042805
33764.44,COL-mean-Corr(Ben),412,5953,85945,0,nrmsd_norm,55,0.40678728228799593
33764.44,COL-mean-Corr(Ben),412,5953,85945,0,nrmsd_norm,60,0.40628045714070693
33764.44,COL-mean-Corr(Ben),412,412,85945,0,nrmsd_norm,65,0.4085751840456173
33764.44,COL-mean-Corr(Ben),412,412,85945,0,nrmsd_norm,70,0.4072463134502069
33764.44,COL-mean-Corr(Ben),412,412,85945,0,nrmsd_norm,75,0.4099962987153403
33764.44,COL-mean-Corr(Ben),412,412,85945,0,nrmsd_norm,80,0.4043374578108412
33764.44,COL-mean-Corr(Ben),412,2563,85945,0,nrmsd_norm,85,0.40860731717643894
33764.44,COL-mean-Corr(Ben),412,412,85945,0,nrmsd_norm,90,0.40539709413287867
33764.44,COL-mean-Corr(Ben),412,412,85945,0,nrmsd_norm,95,0.4055568425538934
33764.44,COL-mean-Corr(Ben),412,412,85945,0,nrmsd_norm,100,0.40480801994307947
33764.44,COL-mean-Corr(Ben),412,3635,697368,0,nrmsd_norm,5,0.636776314667335
33764.44,COL-mean-Corr(Ben),412,12469,697368,0,nrmsd_norm,6,0.5308997794807252
33764.44,COL-mean-Corr(Ben),412,12469,697368,0,nrmsd_norm,7,0.5056762280328061
33764.44,COL-mean-Corr(Ben),412,12469,697368,0,nrmsd_norm,8,0.520256778441335
33764.44,COL-mean-Corr(Ben),412,7927,697368,0,nrmsd_norm,9,0.4555205015462917
33764.44,COL-mean-Corr(Ben),412,2002,697368,0,nrmsd_norm,10,0.4582440336658599
33764.44,COL-mean-Corr(Ben),412,2002,697368,0,nrmsd_norm,11,0.4435415160894763
33764.44,COL-mean-Corr(Ben),412,3170,697368,0,nrmsd_norm,12,0.46086360359918066
33764.44,COL-mean-Corr(Ben),412,3170,697368,0,nrmsd_norm,13,0.44497361834997445
33764.44,COL-mean-Corr(Ben),412,3170,697368,0,nrmsd_norm,14,0.46403351102608154
33764.44,COL-mean-Corr(Ben),412,5953,697368,0,nrmsd_norm,15,0.47042014189052217
33764.44,COL-mean-Corr(Ben),412,5953,697368,0,nrmsd_norm,16,0.46851321066748486
33764.44,COL-mean-Corr(Ben),412,2733,697368,0,nrmsd_norm,17,0.47273492449283
33764.44,COL-mean-Corr(Ben),412,5953,697368,0,nrmsd_norm,18,0.4663001612376159
33764.44,COL-mean-Corr(Ben),412,5953,697368,0,nrmsd_norm,19,0.47641729508169134
33764.44,COL-mean-Corr(Ben),412,5953,697368,0,nrmsd_norm,20,0.43808108404942403
33764.44,COL-mean-Corr(Ben),412,412,697368,0,nrmsd_norm,22,0.43526849570216736
33764.44,COL-mean-Corr(Ben),412,5953,697368,0,nrmsd_norm,24,0.4415508239569468
33764.44,COL-mean-Corr(Ben),412,412,697368,0,nrmsd_norm,26,0.43215896584800306
33764.44,COL-mean-Corr(Ben),412,412,697368,0,nrmsd_norm,28,0.4603600003483269
33764.44,COL-mean-Corr(Ben),412,5953,697368,0,nrmsd_norm,30,0.4518045788954026
33764.44,COL-mean-Corr(Ben),412,5953,697368,0,nrmsd_norm,32,0.45288869908480744
33764.44,COL-mean-Corr(Ben),412,5953,697368,0,nrmsd_norm,34,0.4240035564568891
33764.44,COL-mean-Corr(Ben),412,2768,697368,0,nrmsd_norm,36,0.4413271592519592
33764.44,COL-mean-Corr(Ben),412,2733,697368,0,nrmsd_norm,38,0.4544794548726887
33764.44,COL-mean-Corr(Ben),412,5953,697368,0,nrmsd_norm,40,0.4370027245161892
33764.44,COL-mean-Corr(Ben),412,5953,697368,0,nrmsd_norm,42,0.4391320814244841
33764.44,COL-mean-Corr(Ben),412,1710,697368,0,nrmsd_norm,44,0.446854924782396
33764.44,COL-mean-Corr(Ben),412,1710,697368,0,nrmsd_norm,46,0.4459720200277082
33764.44,COL-mean-Corr(Ben),412,941,697368,0,nrmsd_norm,48,0.45971252510246347
33764.44,COL-mean-Corr(Ben),412,941,697368,0,nrmsd_norm,50,0.45091049963142
33764.44,COL-mean-Corr(Ben),412,5953,697368,0,nrmsd_norm,55,0.4353104540248858
33764.44,COL-mean-Corr(Ben),412,5953,697368,0,nrmsd_norm,60,0.4413349942153298
33764.44,COL-mean-Corr(Ben),412,5953,697368,0,nrmsd_norm,65,0.44278392467151484
33764.44,COL-mean-Corr(Ben),412,5953,697368,0,nrmsd_norm,70,0.43075985292456426
33764.44,COL-mean-Corr(Ben),412,5953,697368,0,nrmsd_norm,75,0.427671882250054
33764.44,COL-mean-Corr(Ben),412,5953,697368,0,nrmsd_norm,80,0.4217930119542072
33764.44,COL-mean-Corr(Ben),412,5953,697368,0,nrmsd_norm,85,0.4175658272224236
33764.44,COL-mean-Corr(Ben),412,2733,697368,0,nrmsd_norm,90,0.4168853703234717
33764.44,COL-mean-Corr(Ben),412,2733,697368,0,nrmsd_norm,95,0.41467340897217425
33764.44,COL-mean-Corr(Ben),412,5953,697368,0,nrmsd_norm,100,0.4131637673612806
33764.44,COL-mean-Corr(Ben),412,6793,201469,0,nrmsd_norm,5,0.5574649850723791
33764.44,COL-mean-Corr(Ben),412,12604,201469,0,nrmsd_norm,6,0.5116691504675862
33764.44,COL-mean-Corr(Ben),412,11553,201469,0,nrmsd_norm,7,0.46147948550163964
33764.44,COL-mean-Corr(Ben),412,1149,201469,0,nrmsd_norm,8,0.49366668290752747
33764.44,COL-mean-Corr(Ben),412,941,201469,0,nrmsd_norm,9,0.42172848990180734
33764.44,COL-mean-Corr(Ben),412,6399,201469,0,nrmsd_norm,10,0.41260007562624074
33764.44,COL-mean-Corr(Ben),412,6399,201469,0,nrmsd_norm,11,0.39585517459463876
33764.44,COL-mean-Corr(Ben),412,6399,201469,0,nrmsd_norm,12,0.4262406904299932
33764.44,COL-mean-Corr(Ben),412,5784,201469,0,nrmsd_norm,13,0.4131035971925548
33764.44,COL-mean-Corr(Ben),412,7749,201469,0,nrmsd_norm,14,0.4273971453984197
33764.44,COL-mean-Corr(Ben),412,5784,201469,0,nrmsd_norm,15,0.41761237576518423
33764.44,COL-mean-Corr(Ben),412,636,201469,0,nrmsd_norm,16,0.4090904123871475
33764.44,COL-mean-Corr(Ben),412,636,201469,0,nrmsd_norm,17,0.42295303455208183
33764.44,COL-mean-Corr(Ben),412,636,201469,0,nrmsd_norm,18,0.4265863764325363
33764.44,COL-mean-Corr(Ben),412,636,201469,0,nrmsd_norm,19,0.4474277527714051
33764.44,COL-mean-Corr(Ben),412,678,201469,0,nrmsd_norm,20,0.4746017086566039
33764.44,COL-mean-Corr(Ben),412,678,201469,0,nrmsd_norm,22,0.4659028430663817
33764.44,COL-mean-Corr(Ben),412,10802,201469,0,nrmsd_norm,24,0.4753436564302396
33764.44,COL-mean-Corr(Ben),412,10802,201469,0,nrmsd_norm,26,0.4490995287577523
33764.44,COL-mean-Corr(Ben),412,10802,201469,0,nrmsd_norm,28,0.46616148043160593
33764.44,COL-mean-Corr(Ben),412,10802,201469,0,nrmsd_norm,30,0.45700576222787903
33764.44,COL-mean-Corr(Ben),412,10802,201469,0,nrmsd_norm,32,0.4450832026173829
33764.44,COL-mean-Corr(Ben),412,10802,201469,0,nrmsd_norm,34,0.424636585923662
33764.44,COL-mean-Corr(Ben),412,10802,201469,0,nrmsd_norm,36,0.4410920054649113
33764.44,COL-mean-Corr(Ben),412,10802,201469,0,nrmsd_norm,38,0.4445419400285316
33764.44,COL-mean-Corr(Ben),412,6389,201469,0,nrmsd_norm,40,0.4285608103218296
33764.44,COL-mean-Corr(Ben),412,6389,201469,0,nrmsd_norm,42,0.42442432274072145
33764.44,COL-mean-Corr(Ben),412,6389,201469,0,nrmsd_norm,44,0.4270868395044515
33764.44,COL-mean-Corr(Ben),412,6389,201469,0,nrmsd_norm,46,0.4311214683003127
33764.44,COL-mean-Corr(Ben),412,6389,201469,0,nrmsd_norm,48,0.4522758121789368
33764.44,COL-mean-Corr(Ben),412,9237,201469,0,nrmsd_norm,50,0.44417327963806263
33764.44,COL-mean-Corr(Ben),412,6689,201469,0,nrmsd_norm,55,0.43766038245898803
33764.44,COL-mean-Corr(Ben),412,6689,201469,0,nrmsd_norm,60,0.43813827649159975
33764.44,COL-mean-Corr(Ben),412,6689,201469,0,nrmsd_norm,65,0.43774594251309895
33764.44,COL-mean-Corr(Ben),412,6689,201469,0,nrmsd_norm,70,0.43236013200563905
33764.44,COL-mean-Corr(Ben),412,6689,201469,0,nrmsd_norm,75,0.4301202379441898
33764.44,COL-mean-Corr(Ben),412,10803,201469,0,nrmsd_norm,80,0.4260428741688532
33764.44,COL-mean-Corr(Ben),412,10803,201469,0,nrmsd_norm,85,0.430238024429529
33764.44,COL-mean-Corr(Ben),412,10803,201469,0,nrmsd_norm,90,0.43040372231903185
33764.44,COL-mean-Corr(Ben),412,10803,201469,0,nrmsd_norm,95,0.4246692755953949
33764.44,COL-mean-Corr(Ben),412,10803,201469,0,nrmsd_norm,100,0.4226290246939139
33764.44,COL-mean-Corr(Ben),412,6361,94177,0,nrmsd_norm,5,0.5947613085587069
33764.44,COL-mean-Corr(Ben),412,9167,94177,0,nrmsd_norm,6,0.5282666984412471
33764.44,COL-mean-Corr(Ben),412,4062,94177,0,nrmsd_norm,7,0.47372193561224396
33764.44,COL-mean-Corr(Ben),412,4062,94177,0,nrmsd_norm,8,0.48597573171410036
33764.44,COL-mean-Corr(Ben),412,466,94177,0,nrmsd_norm,9,0.4321256409176426
33764.44,COL-mean-Corr(Ben),412,5603,94177,0,nrmsd_norm,10,0.3942837576946382
33764.44,COL-mean-Corr(Ben),412,6160,94177,0,nrmsd_norm,11,0.3932852606675876
33764.44,COL-mean-Corr(Ben),412,6160,94177,0,nrmsd_norm,12,0.4344919094975491
33764.44,COL-mean-Corr(Ben),412,2733,94177,0,nrmsd_norm,13,0.4252089883297333
33764.44,COL-mean-Corr(Ben),412,2733,94177,0,nrmsd_norm,14,0.4485481342822265
33764.44,COL-mean-Corr(Ben),412,6388,94177,0,nrmsd_norm,15,0.42594337601473625
33764.44,COL-mean-Corr(Ben),412,6388,94177,0,nrmsd_norm,16,0.4264615351725831
33764.44,COL-mean-Corr(Ben),412,2733,94177,0,nrmsd_norm,17,0.46839316345593773
33764.44,COL-mean-Corr(Ben),412,2733,94177,0,nrmsd_norm,18,0.4668306093526986
33764.44,COL-mean-Corr(Ben),412,5953,94177,0,nrmsd_norm,19,0.47273915095020375
33764.44,COL-mean-Corr(Ben),412,5603,94177,0,nrmsd_norm,20,0.4620528873176683
33764.44,COL-mean-Corr(Ben),412,6159,94177,0,nrmsd_norm,22,0.45741155201273626
33764.44,COL-mean-Corr(Ben),412,6159,94177,0,nrmsd_norm,24,0.46503685524489724
33764.44,COL-mean-Corr(Ben),412,6159,94177,0,nrmsd_norm,26,0.455780922674557
33764.44,COL-mean-Corr(Ben),412,6159,94177,0,nrmsd_norm,28,0.47057415458214624
33764.44,COL-mean-Corr(Ben),412,6159,94177,0,nrmsd_norm,30,0.47067956961062246
33764.44,COL-mean-Corr(Ben),412,6159,94177,0,nrmsd_norm,32,0.4517099767835571
33764.44,COL-mean-Corr(Ben),412,412,94177,0,nrmsd_norm,34,0.42602879505527713
33764.44,COL-mean-Corr(Ben),412,412,94177,0,nrmsd_norm,36,0.43711897500546953
33764.44,COL-mean-Corr(Ben),412,412,94177,0,nrmsd_norm,38,0.4337856344971579
33764.44,COL-mean-Corr(Ben),412,412,94177,0,nrmsd_norm,40,0.4153603911691954
33764.44,COL-mean-Corr(Ben),412,412,94177,0,nrmsd_norm,42,0.4185270103799183
33764.44,COL-mean-Corr(Ben),412,6159,94177,0,nrmsd_norm,44,0.4167650033361321
33764.44,COL-mean-Corr(Ben),412,412,94177,0,nrmsd_norm,46,0.4160201633342773
33764.44,COL-mean-Corr(Ben),412,6159,94177,0,nrmsd_norm,48,0.4254453564215592
33764.44,COL-mean-Corr(Ben),412,6159,94177,0,nrmsd_norm,50,0.415940215449216
33764.44,COL-mean-Corr(Ben),412,6159,94177,0,nrmsd_norm,55,0.4109868973832718
33764.44,COL-mean-Corr(Ben),412,6159,94177,0,nrmsd_norm,60,0.408694099728734
33764.44,COL-mean-Corr(Ben),412,2563,94177,0,nrmsd_norm,65,0.404929455179395
33764.44,COL-mean-Corr(Ben),412,2563,94177,0,nrmsd_norm,70,0.4079222903321824
33764.44,COL-mean-Corr(Ben),412,2563,94177,0,nrmsd_norm,75,0.4046722443090403
33764.44,COL-mean-Corr(Ben),412,2563,94177,0,nrmsd_norm,80,0.3930369479630986
33764.44,COL-mean-Corr(Ben),412,2563,94177,0,nrmsd_norm,85,0.39248623292185714
33764.44,COL-mean-Corr(Ben),412,2563,94177,0,nrmsd_norm,90,0.39473329411982117
33764.44,COL-mean-Corr(Ben),412,2563,94177,0,nrmsd_norm,95,0.3944576689625628
33764.44,COL-mean-Corr(Ben),412,2563,94177,0,nrmsd_norm,100,0.3943858165451663
33764.44,COL-max-Corr,412,2343,89250,0,nrmsd_norm,5,0.616178751971622
33764.44,COL-max-Corr,412,2112,89250,0,nrmsd_norm,6,0.5662699483590197
33764.44,COL-max-Corr,412,3964,89250,0,nrmsd_norm,7,0.5508946098051627
33764.44,COL-max-Corr,412,3972,89250,0,nrmsd_norm,8,0.5269992296653225
33764.44,COL-max-Corr,412,3972,89250,0,nrmsd_norm,9,0.5415818284450372
33764.44,COL-max-Corr,412,11864,89250,0,nrmsd_norm,10,0.5290311499740495
33764.44,COL-max-Corr,412,6169,89250,0,nrmsd_norm,11,0.5125786320513376
33764.44,COL-max-Corr,412,5603,89250,0,nrmsd_norm,12,0.4884419933962539
33764.44,COL-max-Corr,412,3124,89250,0,nrmsd_norm,13,0.48012735277149043
33764.44,COL-max-Corr,412,3124,89250,0,nrmsd_norm,14,0.4609730612325493
33764.44,COL-max-Corr,412,3124,89250,0,nrmsd_norm,15,0.47284370447754703
33764.44,COL-max-Corr,412,3124,89250,0,nrmsd_norm,16,0.4704534337235053
33764.44,COL-max-Corr,412,3124,89250,0,nrmsd_norm,17,0.45072163830822976
33764.44,COL-max-Corr,412,3124,89250,0,nrmsd_norm,18,0.4475785127612769
33764.44,COL-max-Corr,412,3124,89250,0,nrmsd_norm,19,0.4483279109870683
33764.44,COL-max-Corr,412,3124,89250,0,nrmsd_norm,20,0.45999534252935875
33764.44,COL-max-Corr,412,1951,89250,0,nrmsd_norm,22,0.45305223918314036
33764.44,COL-max-Corr,412,1951,89250,0,nrmsd_norm,24,0.45183980838616583
33764.44,COL-max-Corr,412,9444,89250,0,nrmsd_norm,26,0.4418976907592016
33764.44,COL-max-Corr,412,9444,89250,0,nrmsd_norm,28,0.43837086504882045
33764.44,COL-max-Corr,412,9444,89250,0,nrmsd_norm,30,0.41705278096365356
33764.44,COL-max-Corr,412,1951,89250,0,nrmsd_norm,32,0.41222596234813186
33764.44,COL-max-Corr,412,1951,89250,0,nrmsd_norm,34,0.3997306047882699
33764.44,COL-max-Corr,412,1951,89250,0,nrmsd_norm,36,0.41333134599026683
33764.44,COL-max-Corr,412,1951,89250,0,nrmsd_norm,38,0.41110383135656636
33764.44,COL-max-Corr,412,1951,89250,0,nrmsd_norm,40,0.40407712659119505
33764.44,COL-max-Corr,412,1951,89250,0,nrmsd_norm,42,0.41126454731081324
33764.44,COL-max-Corr,412,5784,89250,0,nrmsd_norm,44,0.41286818223627675
33764.44,COL-max-Corr,412,5784,89250,0,nrmsd_norm,46,0.41022445119391376
33764.44,COL-max-Corr,412,5784,89250,0,nrmsd_norm,48,0.40365184759956607
33764.44,COL-max-Corr,412,5784,89250,0,nrmsd_norm,50,0.39449457491833206
33764.44,COL-max-Corr,412,5784,89250,0,nrmsd_norm,55,0.3854001680878233
33764.44,COL-max-Corr,412,412,89250,0,nrmsd_norm,60,0.387278678665084
33764.44,COL-max-Corr,412,2563,89250,0,nrmsd_norm,65,0.396574016868281
33764.44,COL-max-Corr,412,412,89250,0,nrmsd_norm,70,0.39403653595728627
33764.44,COL-max-Corr,412,412,89250,0,nrmsd_norm,75,0.39167276525609973
33764.44,COL-max-Corr,412,412,89250,0,nrmsd_norm,80,0.3944691876329043
33764.44,COL-max-Corr,412,412,89250,0,nrmsd_norm,85,0.39080002231174205
33764.44,COL-max-Corr,412,412,89250,0,nrmsd_norm,90,0.3923961437664883
33764.44,COL-max-Corr,412,412,89250,0,nrmsd_norm,95,0.3828602287475366
33764.44,COL-max-Corr,412,412,89250,0,nrmsd_norm,100,0.3953604349392405
33764.44,COL-max-Corr,412,8332,773956,0,nrmsd_norm,5,0.6191125640828179
33764.44,COL-max-Corr,412,6390,773956,0,nrmsd_norm,6,0.5588545278114512
33764.44,COL-max-Corr,412,6553,773956,0,nrmsd_norm,7,0.5514755263068263
33764.44,COL-max-Corr,412,2616,773956,0,nrmsd_norm,8,0.530550007938448
33764.44,COL-max-Corr,412,6161,773956,0,nrmsd_norm,9,0.5430580050513786
33764.44,COL-max-Corr,412,5603,773956,0,nrmsd_norm,10,0.5375235011919641
33764.44,COL-max-Corr,412,2430,773956,0,nrmsd_norm,11,0.516530912773649
33764.44,COL-max-Corr,412,1132,773956,0,nrmsd_norm,12,0.5132947822530349
33764.44,COL-max-Corr,412,4727,773956,0,nrmsd_norm,13,0.4971324369801176
33764.44,COL-max-Corr,412,4727,773956,0,nrmsd_norm,14,0.4800550472645707
33764.44,COL-max-Corr,412,6559,773956,0,nrmsd_norm,15,0.4718801714396366
33764.44,COL-max-Corr,412,6559,773956,0,nrmsd_norm,16,0.46194140999149086
33764.44,COL-max-Corr,412,6559,773956,0,nrmsd_norm,17,0.4518605172236047
33764.44,COL-max-Corr,412,9338,773956,0,nrmsd_norm,18,0.43482237702087917
33764.44,COL-max-Corr,412,9338,773956,0,nrmsd_norm,19,0.43972846816180916
33764.44,COL-max-Corr,412,9338,773956,0,nrmsd_norm,20,0.44506877581672866
33764.44,COL-max-Corr,412,6559,773956,0,nrmsd_norm,22,0.4331479677456445
33764.44,COL-max-Corr,412,6559,773956,0,nrmsd_norm,24,0.4193124979247192
33764.44,COL-max-Corr,412,6559,773956,0,nrmsd_norm,26,0.4305522503442771
33764.44,COL-max-Corr,412,6559,773956,0,nrmsd_norm,28,0.43131404996358386
33764.44,COL-max-Corr,412,6857,773956,0,nrmsd_norm,30,0.4099116670172457
33764.44,COL-max-Corr,412,6857,773956,0,nrmsd_norm,32,0.40628602882924497
33764.44,COL-max-Corr,412,6857,773956,0,nrmsd_norm,34,0.3876245998464041
33764.44,COL-max-Corr,412,6857,773956,0,nrmsd_norm,36,0.4029969419245849
33764.44,COL-max-Corr,412,6857,773956,0,nrmsd_norm,38,0.40031672355205966
33764.44,COL-max-Corr,412,6857,773956,0,nrmsd_norm,40,0.3956203806079726
33764.44,COL-max-Corr,412,6857,773956,0,nrmsd_norm,42,0.40237068611429344
33764.44,COL-max-Corr,412,6857,773956,0,nrmsd_norm,44,0.4059278673686004
33764.44,COL-max-Corr,412,6857,773956,0,nrmsd_norm,46,0.4029445592285763
33764.44,COL-max-Corr,412,5953,773956,0,nrmsd_norm,48,0.389203363591695
33764.44,COL-max-Corr,412,6857,773956,0,nrmsd_norm,50,0.3869012901805647
33764.44,COL-max-Corr,412,6857,773956,0,nrmsd_norm,55,0.3804170167186983
33764.44,COL-max-Corr,412,6857,773956,0,nrmsd_norm,60,0.3846929649889624
33764.44,COL-max-Corr,412,6857,773956,0,nrmsd_norm,65,0.396503906833876
33764.44,COL-max-Corr,412,6857,773956,0,nrmsd_norm,70,0.39865423680183587
33764.44,COL-max-Corr,412,6857,773956,0,nrmsd_norm,75,0.3973038472674941
33764.44,COL-max-Corr,412,2563,773956,0,nrmsd_norm,80,0.40083612409443903
33764.44,COL-max-Corr,412,9237,773956,0,nrmsd_norm,85,0.3979843912485712
33764.44,COL-max-Corr,412,9237,773956,0,nrmsd_norm,90,0.4016615697782482
33764.44,COL-max-Corr,412,9237,773956,0,nrmsd_norm,95,0.3932733214970446
33764.44,COL-max-Corr,412,9237,773956,0,nrmsd_norm,100,0.4029733181800093
33764.44,COL-max-Corr,412,1092,654571,0,nrmsd_norm,5,0.618502573653566
33764.44,COL-max-Corr,412,7844,654571,0,nrmsd_norm,6,0.5650326427293237
33764.44,COL-max-Corr,412,7844,654571,0,nrmsd_norm,7,0.5564679794073079
33764.44,COL-max-Corr,412,4244,654571,0,nrmsd_norm,8,0.5147865737210364
33764.44,COL-max-Corr,412,5660,654571,0,nrmsd_norm,9,0.5146784303862343
33764.44,COL-max-Corr,412,10083,654571,0,nrmsd_norm,10,0.49684007060799007
33764.44,COL-max-Corr,412,3993,654571,0,nrmsd_norm,11,0.48458396122643016
33764.44,COL-max-Corr,412,2011,654571,0,nrmsd_norm,12,0.47032377961806915
33764.44,COL-max-Corr,412,2563,654571,0,nrmsd_norm,13,0.45368536246887636
33764.44,COL-max-Corr,412,6399,654571,0,nrmsd_norm,14,0.43148151889796427
33764.44,COL-max-Corr,412,6399,654571,0,nrmsd_norm,15,0.4463569371127469
33764.44,COL-max-Corr,412,6399,654571,0,nrmsd_norm,16,0.445078994829623
33764.44,COL-max-Corr,412,8577,654571,0,nrmsd_norm,17,0.43411878682293875
33764.44,COL-max-Corr,412,8577,654571,0,nrmsd_norm,18,0.43196553426101386
33764.44,COL-max-Corr,412,8577,654571,0,nrmsd_norm,19,0.4283920218859361
33764.44,COL-max-Corr,412,8577,654571,0,nrmsd_norm,20,0.4461989581810578
33764.44,COL-max-Corr,412,1951,654571,0,nrmsd_norm,22,0.44855262292168213
33764.44,COL-max-Corr,412,8577,654571,0,nrmsd_norm,24,0.44016465770942903
33764.44,COL-max-Corr,412,8577,654571,0,nrmsd_norm,26,0.43575421289866223
33764.44,COL-max-Corr,412,1951,654571,0,nrmsd_norm,28,0.4241381968430354
33764.44,COL-max-Corr,412,1951,654571,0,nrmsd_norm,30,0.40409030239194876
33764.44,COL-max-Corr,412,9444,654571,0,nrmsd_norm,32,0.4069503027117599
33764.44,COL-max-Corr,412,5884,654571,0,nrmsd_norm,34,0.3894531638831279
33764.44,COL-max-Corr,412,5949,654571,0,nrmsd_norm,36,0.399032940746923
33764.44,COL-max-Corr,412,5949,654571,0,nrmsd_norm,38,0.3966452813698158
33764.44,COL-max-Corr,412,5949,654571,0,nrmsd_norm,40,0.3961140504351465
33764.44,COL-max-Corr,412,5949,654571,0,nrmsd_norm,42,0.39761699590822647
33764.44,COL-max-Corr,412,5949,654571,0,nrmsd_norm,44,0.399870125021961
33764.44,COL-max-Corr,412,5949,654571,0,nrmsd_norm,46,0.3969746993866696
33764.44,COL-max-Corr,412,5884,654571,0,nrmsd_norm,48,0.40078287716723904
33764.44,COL-max-Corr,412,1951,654571,0,nrmsd_norm,50,0.389914059233865
33764.44,COL-max-Corr,412,1951,654571,0,nrmsd_norm,55,0.38298223323716213
33764.44,COL-max-Corr,412,1951,654571,0,nrmsd_norm,60,0.38840457386888794
33764.44,COL-max-Corr,412,1951,654571,0,nrmsd_norm,65,0.4020308420491573
33764.44,COL-max-Corr,412,636,654571,0,nrmsd_norm,70,0.40127024339332124
33764.44,COL-max-Corr,412,1951,654571,0,nrmsd_norm,75,0.4015551866629227
33764.44,COL-max-Corr,412,1951,654571,0,nrmsd_norm,80,0.4035492381754952
33764.44,COL-max-Corr,412,1951,654571,0,nrmsd_norm,85,0.40142212051569026
33764.44,COL-max-Corr,412,636,654571,0,nrmsd_norm,90,0.4013615278233202
33764.44,COL-max-Corr,412,636,654571,0,nrmsd_norm,95,0.3935843197934751
33764.44,COL-max-Corr,412,636,654571,0,nrmsd_norm,100,0.40397832628288183
33764.44,COL-max-Corr,412,11671,438878,0,nrmsd_norm,5,0.6301453959658306
33764.44,COL-max-Corr,412,10970,438878,0,nrmsd_norm,6,0.5615650877037747
33764.44,COL-max-Corr,412,10970,438878,0,nrmsd_norm,7,0.5714635136782861
33764.44,COL-max-Corr,412,3357,438878,0,nrmsd_norm,8,0.5548526953476279
33764.44,COL-max-Corr,412,3357,438878,0,nrmsd_norm,9,0.5635843237749826
33764.44,COL-max-Corr,412,11,438878,0,nrmsd_norm,10,0.5475013565158969
33764.44,COL-max-Corr,412,8573,438878,0,nrmsd_norm,11,0.5304788019474549
33764.44,COL-max-Corr,412,8573,438878,0,nrmsd_norm,12,0.5141026299275856
33764.44,COL-max-Corr,412,4003,438878,0,nrmsd_norm,13,0.4731399509780235
33764.44,COL-max-Corr,412,905,438878,0,nrmsd_norm,14,0.45581210711727066
33764.44,COL-max-Corr,412,905,438878,0,nrmsd_norm,15,0.463842819147713
33764.44,COL-max-Corr,412,905,438878,0,nrmsd_norm,16,0.45118384608858797
33764.44,COL-max-Corr,412,905,438878,0,nrmsd_norm,17,0.4398148229517326
33764.44,COL-max-Corr,412,905,438878,0,nrmsd_norm,18,0.4347402104753738
33764.44,COL-max-Corr,412,905,438878,0,nrmsd_norm,19,0.4395123241613238
33764.44,COL-max-Corr,412,905,438878,0,nrmsd_norm,20,0.4516209784387627
33764.44,COL-max-Corr,412,905,438878,0,nrmsd_norm,22,0.4390978768155402
33764.44,COL-max-Corr,412,4003,438878,0,nrmsd_norm,24,0.43236641079618493
33764.44,COL-max-Corr,412,4003,438878,0,nrmsd_norm,26,0.43683033678087935
33764.44,COL-max-Corr,412,5953,438878,0,nrmsd_norm,28,0.42864754611264794
33764.44,COL-max-Corr,412,5953,438878,0,nrmsd_norm,30,0.40041944737039836
33764.44,COL-max-Corr,412,5953,438878,0,nrmsd_norm,32,0.39496944519145055
33764.44,COL-max-Corr,412,5953,438878,0,nrmsd_norm,34,0.37490117700829917
33764.44,COL-max-Corr,412,5953,438878,0,nrmsd_norm,36,0.3886819291383041
33764.44,COL-max-Corr,412,412,438878,0,nrmsd_norm,38,0.3913826635746857
33764.44,COL-max-Corr,412,412,438878,0,nrmsd_norm,40,0.3893856123358777
33764.44,COL-max-Corr,412,412,438878,0,nrmsd_norm,42,0.39477535031261735
33764.44,COL-max-Corr,412,412,438878,0,nrmsd_norm,44,0.39353306741202754
33764.44,COL-max-Corr,412,5953,438878,0,nrmsd_norm,46,0.3933774193348525
33764.44,COL-max-Corr,412,412,438878,0,nrmsd_norm,48,0.39394775095183654
33764.44,COL-max-Corr,412,412,438878,0,nrmsd_norm,50,0.3866272337631806
33764.44,COL-max-Corr,412,412,438878,0,nrmsd_norm,55,0.3731396839413192
33764.44,COL-max-Corr,412,412,438878,0,nrmsd_norm,60,0.3762415942675901
33764.44,COL-max-Corr,412,412,438878,0,nrmsd_norm,65,0.38568878048635813
33764.44,COL-max-Corr,412,412,438878,0,nrmsd_norm,70,0.3899106402473333
33764.44,COL-max-Corr,412,412,438878,0,nrmsd_norm,75,0.3869919478446661
33764.44,COL-max-Corr,412,412,438878,0,nrmsd_norm,80,0.3926862636639329
33764.44,COL-max-Corr,412,412,438878,0,nrmsd_norm,85,0.39268986197624645
33764.44,COL-max-Corr,412,412,438878,0,nrmsd_norm,90,0.39023666876005025
33764.44,COL-max-Corr,412,412,438878,0,nrmsd_norm,95,0.38289013278291684
33764.44,COL-max-Corr,412,412,438878,0,nrmsd_norm,100,0.3934964259796993
33764.44,COL-max-Corr,412,11735,433015,0,nrmsd_norm,5,0.6318705201441864
33764.44,COL-max-Corr,412,7775,433015,0,nrmsd_norm,6,0.5633534873350861
33764.44,COL-max-Corr,412,5658,433015,0,nrmsd_norm,7,0.5564711907331175
33764.44,COL-max-Corr,412,5658,433015,0,nrmsd_norm,8,0.5218578624503971
33764.44,COL-max-Corr,412,5658,433015,0,nrmsd_norm,9,0.5269203138372113
33764.44,COL-max-Corr,412,3574,433015,0,nrmsd_norm,10,0.5263582716663828
33764.44,COL-max-Corr,412,34,433015,0,nrmsd_norm,11,0.5075792256640316
33764.44,COL-max-Corr,412,6478,433015,0,nrmsd_norm,12,0.49367270630568866
33764.44,COL-max-Corr,412,6478,433015,0,nrmsd_norm,13,0.44642510181683714
33764.44,COL-max-Corr,412,10938,433015,0,nrmsd_norm,14,0.4539255764799632
33764.44,COL-max-Corr,412,10938,433015,0,nrmsd_norm,15,0.45959558888719065
33764.44,COL-max-Corr,412,10938,433015,0,nrmsd_norm,16,0.4565250445983171
33764.44,COL-max-Corr,412,2733,433015,0,nrmsd_norm,17,0.453206107506808
33764.44,COL-max-Corr,412,6388,433015,0,nrmsd_norm,18,0.4448309138027042
33764.44,COL-max-Corr,412,6388,433015,0,nrmsd_norm,19,0.44261785986626434
33764.44,COL-max-Corr,412,5953,433015,0,nrmsd_norm,20,0.4556232046452923
33764.44,COL-max-Corr,412,5953,433015,0,nrmsd_norm,22,0.4198473235533533
33764.44,COL-max-Corr,412,5953,433015,0,nrmsd_norm,24,0.41160821923821417
33764.44,COL-max-Corr,412,412,433015,0,nrmsd_norm,26,0.43494204698477096
33764.44,COL-max-Corr,412,412,433015,0,nrmsd_norm,28,0.4353574779905926
33764.44,COL-max-Corr,412,5953,433015,0,nrmsd_norm,30,0.4190277834250999
33764.44,COL-max-Corr,412,412,433015,0,nrmsd_norm,32,0.4125864524986887
33764.44,COL-max-Corr,412,2563,433015,0,nrmsd_norm,34,0.39740807973821846
33764.44,COL-max-Corr,412,2563,433015,0,nrmsd_norm,36,0.4108891623042328
33764.44,COL-max-Corr,412,2563,433015,0,nrmsd_norm,38,0.4075407179782596
33764.44,COL-max-Corr,412,2563,433015,0,nrmsd_norm,40,0.402293937711557
33764.44,COL-max-Corr,412,1951,433015,0,nrmsd_norm,42,0.4075381134000469
33764.44,COL-max-Corr,412,2563,433015,0,nrmsd_norm,44,0.40599562797993827
33764.44,COL-max-Corr,412,2563,433015,0,nrmsd_norm,46,0.40405040576702717
33764.44,COL-max-Corr,412,2563,433015,0,nrmsd_norm,48,0.3965160500647692
33764.44,COL-max-Corr,412,2563,433015,0,nrmsd_norm,50,0.39397653139025124
33764.44,COL-max-Corr,412,2563,433015,0,nrmsd_norm,55,0.38844261619514986
33764.44,COL-max-Corr,412,2563,433015,0,nrmsd_norm,60,0.3948880999384662
33764.44,COL-max-Corr,412,2563,433015,0,nrmsd_norm,65,0.4070511298553456
33764.44,COL-max-Corr,412,2563,433015,0,nrmsd_norm,70,0.4091916557349402
33764.44,COL-max-Corr,412,2563,433015,0,nrmsd_norm,75,0.40862481984304483
33764.44,COL-max-Corr,412,2563,433015,0,nrmsd_norm,80,0.4193497878396781
33764.44,COL-max-Corr,412,6389,433015,0,nrmsd_norm,85,0.4160422907692651
33764.44,COL-max-Corr,412,6389,433015,0,nrmsd_norm,90,0.4109593694455686
33764.44,COL-max-Corr,412,6389,433015,0,nrmsd_norm,95,0.40617491264257205
33764.44,COL-max-Corr,412,6389,433015,0,nrmsd_norm,100,0.41722897489425237
33764.44,COL-max-Corr,412,1720,858597,0,nrmsd_norm,5,0.6369028937623566
33764.44,COL-max-Corr,412,7427,858597,0,nrmsd_norm,6,0.5697560410864506
33764.44,COL-max-Corr,412,4003,858597,0,nrmsd_norm,7,0.5545603421942712
33764.44,COL-max-Corr,412,4003,858597,0,nrmsd_norm,8,0.5293908147069791
33764.44,COL-max-Corr,412,10154,858597,0,nrmsd_norm,9,0.544189027776229
33764.44,COL-max-Corr,412,5784,858597,0,nrmsd_norm,10,0.5428304647916944
33764.44,COL-max-Corr,412,5784,858597,0,nrmsd_norm,11,0.5268006380497554
33764.44,COL-max-Corr,412,4003,858597,0,nrmsd_norm,12,0.4962006355119961
33764.44,COL-max-Corr,412,4003,858597,0,nrmsd_norm,13,0.43143606428809456
33764.44,COL-max-Corr,412,905,858597,0,nrmsd_norm,14,0.42161414290055654
33764.44,COL-max-Corr,412,905,858597,0,nrmsd_norm,15,0.43751509480855433
33764.44,COL-max-Corr,412,905,858597,0,nrmsd_norm,16,0.4369567774163395
33764.44,COL-max-Corr,412,5784,858597,0,nrmsd_norm,17,0.4282149789172256
33764.44,COL-max-Corr,412,4003,858597,0,nrmsd_norm,18,0.4207988733411504
33764.44,COL-max-Corr,412,4003,858597,0,nrmsd_norm,19,0.4165560964091251
33764.44,COL-max-Corr,412,4003,858597,0,nrmsd_norm,20,0.4310820994717005
33764.44,COL-max-Corr,412,5784,858597,0,nrmsd_norm,22,0.4295963926110644
33764.44,COL-max-Corr,412,412,858597,0,nrmsd_norm,24,0.41779022949619066
33764.44,COL-max-Corr,412,1951,858597,0,nrmsd_norm,26,0.4319064393008618
33764.44,COL-max-Corr,412,1951,858597,0,nrmsd_norm,28,0.43471114467750227
33764.44,COL-max-Corr,412,1951,858597,0,nrmsd_norm,30,0.4154080443225982
33764.44,COL-max-Corr,412,4003,858597,0,nrmsd_norm,32,0.413267667111662
33764.44,COL-max-Corr,412,1951,858597,0,nrmsd_norm,34,0.4003906237696391
33764.44,COL-max-Corr,412,1951,858597,0,nrmsd_norm,36,0.4178212371905658
33764.44,COL-max-Corr,412,1951,858597,0,nrmsd_norm,38,0.4087759041941219
33764.44,COL-max-Corr,412,1951,858597,0,nrmsd_norm,40,0.405881787014333
33764.44,COL-max-Corr,412,1951,858597,0,nrmsd_norm,42,0.40795699704548716
33764.44,COL-max-Corr,412,5784,858597,0,nrmsd_norm,44,0.40534935561959967
33764.44,COL-max-Corr,412,1951,858597,0,nrmsd_norm,46,0.4097651512510725
33764.44,COL-max-Corr,412,1951,858597,0,nrmsd_norm,48,0.39658711768971816
33764.44,COL-max-Corr,412,1951,858597,0,nrmsd_norm,50,0.39478267176934
33764.44,COL-max-Corr,412,1951,858597,0,nrmsd_norm,55,0.3837180233182888
33764.44,COL-max-Corr,412,1951,858597,0,nrmsd_norm,60,0.39102558037379337
33764.44,COL-max-Corr,412,1951,858597,0,nrmsd_norm,65,0.39776232463409034
33764.44,COL-max-Corr,412,1951,858597,0,nrmsd_norm,70,0.39920839832498844
33764.44,COL-max-Corr,412,1951,858597,0,nrmsd_norm,75,0.3959751616245099
33764.44,COL-max-Corr,412,1951,858597,0,nrmsd_norm,80,0.39867836128812223
33764.44,COL-max-Corr,412,1951,858597,0,nrmsd_norm,85,0.3943846654395864
33764.44,COL-max-Corr,412,1951,858597,0,nrmsd_norm,90,0.39613897174711726
33764.44,COL-max-Corr,412,1951,858597,0,nrmsd_norm,95,0.39089460775823376
33764.44,COL-max-Corr,412,1951,858597,0,nrmsd_norm,100,0.4023216375636738
33764.44,COL-max-Corr,412,6762,85945,0,nrmsd_norm,5,0.6246817481227978
33764.44,COL-max-Corr,412,11388,85945,0,nrmsd_norm,6,0.5681644379962703
33764.44,COL-max-Corr,412,9070,85945,0,nrmsd_norm,7,0.5627578541404492
33764.44,COL-max-Corr,412,5660,85945,0,nrmsd_norm,8,0.504630030194488
33764.44,COL-max-Corr,412,5779,85945,0,nrmsd_norm,9,0.5181361981951927
33764.44,COL-max-Corr,412,2852,85945,0,nrmsd_norm,10,0.5041539058674381
33764.44,COL-max-Corr,412,6601,85945,0,nrmsd_norm,11,0.49608140488551805
33764.44,COL-max-Corr,412,10803,85945,0,nrmsd_norm,12,0.48398491396139437
33764.44,COL-max-Corr,412,2563,85945,0,nrmsd_norm,13,0.4150738708237742
33764.44,COL-max-Corr,412,2563,85945,0,nrmsd_norm,14,0.40465384079282196
33764.44,COL-max-Corr,412,2563,85945,0,nrmsd_norm,15,0.41454443160789795
33764.44,COL-max-Corr,412,2563,85945,0,nrmsd_norm,16,0.40849507837742244
33764.44,COL-max-Corr,412,8577,85945,0,nrmsd_norm,17,0.40562236980100036
33764.44,COL-max-Corr,412,8577,85945,0,nrmsd_norm,18,0.4151948371916451
33764.44,COL-max-Corr,412,8577,85945,0,nrmsd_norm,19,0.420431224872023
33764.44,COL-max-Corr,412,8577,85945,0,nrmsd_norm,20,0.4305472526494098
33764.44,COL-max-Corr,412,8577,85945,0,nrmsd_norm,22,0.4309775428932318
33764.44,COL-max-Corr,412,8577,85945,0,nrmsd_norm,24,0.4177252956113092
33764.44,COL-max-Corr,412,8577,85945,0,nrmsd_norm,26,0.4202382833132241
33764.44,COL-max-Corr,412,2563,85945,0,nrmsd_norm,28,0.41225664922382205
33764.44,COL-max-Corr,412,2563,85945,0,nrmsd_norm,30,0.3942882252553244
33764.44,COL-max-Corr,412,412,85945,0,nrmsd_norm,32,0.39244709696610997
33764.44,COL-max-Corr,412,412,85945,0,nrmsd_norm,34,0.38111017172136796
33764.44,COL-max-Corr,412,412,85945,0,nrmsd_norm,36,0.39731753571678435
33764.44,COL-max-Corr,412,412,85945,0,nrmsd_norm,38,0.39530155869271416
33764.44,COL-max-Corr,412,412,85945,0,nrmsd_norm,40,0.3913699319683251
33764.44,COL-max-Corr,412,412,85945,0,nrmsd_norm,42,0.3961836723676323
33764.44,COL-max-Corr,412,412,85945,0,nrmsd_norm,44,0.39549508402004857
33764.44,COL-max-Corr,412,412,85945,0,nrmsd_norm,46,0.39343318623337753
33764.44,COL-max-Corr,412,2563,85945,0,nrmsd_norm,48,0.39910792631550135
33764.44,COL-max-Corr,412,2563,85945,0,nrmsd_norm,50,0.3903449094898174
33764.44,COL-max-Corr,412,2563,85945,0,nrmsd_norm,55,0.38259555794623945
33764.44,COL-max-Corr,412,2563,85945,0,nrmsd_norm,60,0.39111591714636423
33764.44,COL-max-Corr,412,412,85945,0,nrmsd_norm,65,0.3987772393336519
33764.44,COL-max-Corr,412,412,85945,0,nrmsd_norm,70,0.3978846770908917
33764.44,COL-max-Corr,412,412,85945,0,nrmsd_norm,75,0.396880724686229
33764.44,COL-max-Corr,412,2563,85945,0,nrmsd_norm,80,0.4048382121973819
33764.44,COL-max-Corr,412,412,85945,0,nrmsd_norm,85,0.4008708740833953
33764.44,COL-max-Corr,412,412,85945,0,nrmsd_norm,90,0.3988338105927991
33764.44,COL-max-Corr,412,412,85945,0,nrmsd_norm,95,0.39459410093828795
33764.44,COL-max-Corr,412,412,85945,0,nrmsd_norm,100,0.4079937928798367
33764.44,COL-max-Corr,412,7877,697368,0,nrmsd_norm,5,0.6237237849327135
33764.44,COL-max-Corr,412,4502,697368,0,nrmsd_norm,6,0.5608830813414106
33764.44,COL-max-Corr,412,4136,697368,0,nrmsd_norm,7,0.5056800459812303
33764.44,COL-max-Corr,412,4136,697368,0,nrmsd_norm,8,0.47596080240848027
33764.44,COL-max-Corr,412,2226,697368,0,nrmsd_norm,9,0.48891221167557297
33764.44,COL-max-Corr,412,5661,697368,0,nrmsd_norm,10,0.5076550468631396
33764.44,COL-max-Corr,412,8079,697368,0,nrmsd_norm,11,0.49317514299482745
33764.44,COL-max-Corr,412,8079,697368,0,nrmsd_norm,12,0.46890048751765906
33764.44,COL-max-Corr,412,8079,697368,0,nrmsd_norm,13,0.40728263699822603
33764.44,COL-max-Corr,412,905,697368,0,nrmsd_norm,14,0.414287514272194
33764.44,COL-max-Corr,412,905,697368,0,nrmsd_norm,15,0.4307226002447518
33764.44,COL-max-Corr,412,905,697368,0,nrmsd_norm,16,0.4291340347315053
33764.44,COL-max-Corr,412,9342,697368,0,nrmsd_norm,17,0.42160796128746164
33764.44,COL-max-Corr,412,9342,697368,0,nrmsd_norm,18,0.41030376321782497
33764.44,COL-max-Corr,412,9342,697368,0,nrmsd_norm,19,0.40877084127431557
33764.44,COL-max-Corr,412,9342,697368,0,nrmsd_norm,20,0.42063702110681184
33764.44,COL-max-Corr,412,1027,697368,0,nrmsd_norm,22,0.3989898404019597
33764.44,COL-max-Corr,412,9342,697368,0,nrmsd_norm,24,0.3995166549944438
33764.44,COL-max-Corr,412,9342,697368,0,nrmsd_norm,26,0.40830740706950913
33764.44,COL-max-Corr,412,5953,697368,0,nrmsd_norm,28,0.3958600863394254
33764.44,COL-max-Corr,412,5920,697368,0,nrmsd_norm,30,0.3809419556516824
33764.44,COL-max-Corr,412,2733,697368,0,nrmsd_norm,32,0.373213905890046
33764.44,COL-max-Corr,412,5920,697368,0,nrmsd_norm,34,0.3622854333300927
33764.44,COL-max-Corr,412,5920,697368,0,nrmsd_norm,36,0.37598211362227746
33764.44,COL-max-Corr,412,5953,697368,0,nrmsd_norm,38,0.3738512804539455
33764.44,COL-max-Corr,412,5953,697368,0,nrmsd_norm,40,0.37234365898118765
33764.44,COL-max-Corr,412,5953,697368,0,nrmsd_norm,42,0.37754704317436383
33764.44,COL-max-Corr,412,5953,697368,0,nrmsd_norm,44,0.37696521830782226
33764.44,COL-max-Corr,412,5953,697368,0,nrmsd_norm,46,0.37430311032671554
33764.44,COL-max-Corr,412,5953,697368,0,nrmsd_norm,48,0.37102675921565237
33764.44,COL-max-Corr,412,5953,697368,0,nrmsd_norm,50,0.3612678662754448
33764.44,COL-max-Corr,412,5953,697368,0,nrmsd_norm,55,0.35604101715429515
33764.44,COL-max-Corr,412,5953,697368,0,nrmsd_norm,60,0.36078608656823025
33764.44,COL-max-Corr,412,5953,697368,0,nrmsd_norm,65,0.36971127064914816
33764.44,COL-max-Corr,412,5953,697368,0,nrmsd_norm,70,0.37121103157807805
33764.44,COL-max-Corr,412,5953,697368,0,nrmsd_norm,75,0.36753072044674506
33764.44,COL-max-Corr,412,5953,697368,0,nrmsd_norm,80,0.36852348252888373
33764.44,COL-max-Corr,412,5953,697368,0,nrmsd_norm,85,0.36583499255027824
33764.44,COL-max-Corr,412,5953,697368,0,nrmsd_norm,90,0.3657229530033266
33764.44,COL-max-Corr,412,5953,697368,0,nrmsd_norm,95,0.36285750042730697
33764.44,COL-max-Corr,412,5953,697368,0,nrmsd_norm,100,0.37403353523979155
33764.44,COL-max-Corr,412,1712,201469,0,nrmsd_norm,5,0.6077366348197789
33764.44,COL-max-Corr,412,7657,201469,0,nrmsd_norm,6,0.5541886665543349
33764.44,COL-max-Corr,412,11297,201469,0,nrmsd_norm,7,0.5642741361978951
33764.44,COL-max-Corr,412,11645,201469,0,nrmsd_norm,8,0.5417274433101308
33764.44,COL-max-Corr,412,11645,201469,0,nrmsd_norm,9,0.5570960413991008
33764.44,COL-max-Corr,412,12178,201469,0,nrmsd_norm,10,0.5574532280984134
33764.44,COL-max-Corr,412,12178,201469,0,nrmsd_norm,11,0.5337755763124767
33764.44,COL-max-Corr,412,2059,201469,0,nrmsd_norm,12,0.523745717233384
33764.44,COL-max-Corr,412,6587,201469,0,nrmsd_norm,13,0.49359038271955724
33764.44,COL-max-Corr,412,6857,201469,0,nrmsd_norm,14,0.4776234993059685
33764.44,COL-max-Corr,412,6857,201469,0,nrmsd_norm,15,0.48514673522503404
33764.44,COL-max-Corr,412,6857,201469,0,nrmsd_norm,16,0.47555909376758904
33764.44,COL-max-Corr,412,10418,201469,0,nrmsd_norm,17,0.46651116135316045
33764.44,COL-max-Corr,412,10418,201469,0,nrmsd_norm,18,0.459472652515445
33764.44,COL-max-Corr,412,10418,201469,0,nrmsd_norm,19,0.4654975224808176
33764.44,COL-max-Corr,412,10418,201469,0,nrmsd_norm,20,0.4728246526349323
33764.44,COL-max-Corr,412,6399,201469,0,nrmsd_norm,22,0.45991000498388745
33764.44,COL-max-Corr,412,5784,201469,0,nrmsd_norm,24,0.454750199899996
33764.44,COL-max-Corr,412,5784,201469,0,nrmsd_norm,26,0.4558531880793188
33764.44,COL-max-Corr,412,5784,201469,0,nrmsd_norm,28,0.45063102241666286
33764.44,COL-max-Corr,412,5784,201469,0,nrmsd_norm,30,0.4296780985939626
33764.44,COL-max-Corr,412,5784,201469,0,nrmsd_norm,32,0.41965292233719836
33764.44,COL-max-Corr,412,6399,201469,0,nrmsd_norm,34,0.4064997154426019
33764.44,COL-max-Corr,412,5784,201469,0,nrmsd_norm,36,0.4224837314656682
33764.44,COL-max-Corr,412,5784,201469,0,nrmsd_norm,38,0.41992416061884286
33764.44,COL-max-Corr,412,6399,201469,0,nrmsd_norm,40,0.41512434747085236
33764.44,COL-max-Corr,412,6389,201469,0,nrmsd_norm,42,0.4201797304843671
33764.44,COL-max-Corr,412,5784,201469,0,nrmsd_norm,44,0.4194752844530654
33764.44,COL-max-Corr,412,6389,201469,0,nrmsd_norm,46,0.42247443601690865
33764.44,COL-max-Corr,412,6389,201469,0,nrmsd_norm,48,0.417697891475068
33764.44,COL-max-Corr,412,6399,201469,0,nrmsd_norm,50,0.414340455793034
33764.44,COL-max-Corr,412,6389,201469,0,nrmsd_norm,55,0.40483751599495266
33764.44,COL-max-Corr,412,6389,201469,0,nrmsd_norm,60,0.4075173665460826
33764.44,COL-max-Corr,412,6389,201469,0,nrmsd_norm,65,0.41368099826448473
33764.44,COL-max-Corr,412,6389,201469,0,nrmsd_norm,70,0.4169735612799544
33764.44,COL-max-Corr,412,6389,201469,0,nrmsd_norm,75,0.41408119605217214
33764.44,COL-max-Corr,412,6389,201469,0,nrmsd_norm,80,0.4170035673958755
33764.44,COL-max-Corr,412,6389,201469,0,nrmsd_norm,85,0.4095670161868842
33764.44,COL-max-Corr,412,6389,201469,0,nrmsd_norm,90,0.40565878019941626
33764.44,COL-max-Corr,412,6389,201469,0,nrmsd_norm,95,0.39884356165995716
33764.44,COL-max-Corr,412,6389,201469,0,nrmsd_norm,100,0.41074519369747475
33764.44,COL-max-Corr,412,12479,94177,0,nrmsd_norm,5,0.6271776243640667
33764.44,COL-max-Corr,412,7427,94177,0,nrmsd_norm,6,0.5692609541941842
33764.44,COL-max-Corr,412,5784,94177,0,nrmsd_norm,7,0.5643675704198526
33764.44,COL-max-Corr,412,8577,94177,0,nrmsd_norm,8,0.5331102789430158
33764.44,COL-max-Corr,412,8577,94177,0,nrmsd_norm,9,0.5424291749274448
33764.44,COL-max-Corr,412,8577,94177,0,nrmsd_norm,10,0.5439075020111312
33764.44,COL-max-Corr,412,7621,94177,0,nrmsd_norm,11,0.5159588936568508
33764.44,COL-max-Corr,412,10802,94177,0,nrmsd_norm,12,0.4929646932952205
33764.44,COL-max-Corr,412,10802,94177,0,nrmsd_norm,13,0.471442369890816
33764.44,COL-max-Corr,412,4727,94177,0,nrmsd_norm,14,0.47685643508406445
33764.44,COL-max-Corr,412,10802,94177,0,nrmsd_norm,15,0.4859820106718138
33764.44,COL-max-Corr,412,7463,94177,0,nrmsd_norm,16,0.47373199121365933
33764.44,COL-max-Corr,412,12146,94177,0,nrmsd_norm,17,0.457106532761545
33764.44,COL-max-Corr,412,12146,94177,0,nrmsd_norm,18,0.4462261167618047
33764.44,COL-max-Corr,412,12146,94177,0,nrmsd_norm,19,0.45298038318147626
33764.44,COL-max-Corr,412,12146,94177,0,nrmsd_norm,20,0.46703131802504977
33764.44,COL-max-Corr,412,12146,94177,0,nrmsd_norm,22,0.4494747265530184
33764.44,COL-max-Corr,412,12146,94177,0,nrmsd_norm,24,0.43821564286920595
33764.44,COL-max-Corr,412,12146,94177,0,nrmsd_norm,26,0.43664250817928235
33764.44,COL-max-Corr,412,9444,94177,0,nrmsd_norm,28,0.4387487918425471
33764.44,COL-max-Corr,412,12146,94177,0,nrmsd_norm,30,0.42637339044365014
33764.44,COL-max-Corr,412,9444,94177,0,nrmsd_norm,32,0.4225822005318909
33764.44,COL-max-Corr,412,4003,94177,0,nrmsd_norm,34,0.39190686339172937
33764.44,COL-max-Corr,412,5784,94177,0,nrmsd_norm,36,0.40790925953685336
33764.44,COL-max-Corr,412,5953,94177,0,nrmsd_norm,38,0.4038302481313959
33764.44,COL-max-Corr,412,5953,94177,0,nrmsd_norm,40,0.3983960168904514
33764.44,COL-max-Corr,412,5953,94177,0,nrmsd_norm,42,0.4017627300809606
33764.44,COL-max-Corr,412,412,94177,0,nrmsd_norm,44,0.4031160393306393
33764.44,COL-max-Corr,412,5784,94177,0,nrmsd_norm,46,0.40116234259816635
33764.44,COL-max-Corr,412,5784,94177,0,nrmsd_norm,48,0.3924106761525733
33764.44,COL-max-Corr,412,5784,94177,0,nrmsd_norm,50,0.3841943391984006
33764.44,COL-max-Corr,412,5784,94177,0,nrmsd_norm,55,0.37083352798036184
33764.44,COL-max-Corr,412,5784,94177,0,nrmsd_norm,60,0.3747150101554241
33764.44,COL-max-Corr,412,4003,94177,0,nrmsd_norm,65,0.37937029870974276
33764.44,COL-max-Corr,412,5784,94177,0,nrmsd_norm,70,0.3823681454021591
33764.44,COL-max-Corr,412,5784,94177,0,nrmsd_norm,75,0.3791496753084202
33764.44,COL-max-Corr,412,5784,94177,0,nrmsd_norm,80,0.38450112278921483
33764.44,COL-max-Corr,412,5784,94177,0,nrmsd_norm,85,0.3816766731359181
33764.44,COL-max-Corr,412,412,94177,0,nrmsd_norm,90,0.38279812770990773
33764.44,COL-max-Corr,412,412,94177,0,nrmsd_norm,95,0.371020481033788
33764.44,COL-max-Corr,412,412,94177,0,nrmsd_norm,100,0.3846698585514714
33764.44,ROW-mean-ED,412,3994,89250,0,nrmsd_norm,5,0.5919597042069388
33764.44,ROW-mean-ED,412,5884,89250,0,nrmsd_norm,6,0.574879941059084
33764.44,ROW-mean-ED,412,1951,89250,0,nrmsd_norm,7,0.4874355677500711
33764.44,ROW-mean-ED,412,1951,89250,0,nrmsd_norm,8,0.5121701331296857
33764.44,ROW-mean-ED,412,1951,89250,0,nrmsd_norm,9,0.5496607391116622
33764.44,ROW-mean-ED,412,5953,89250,0,nrmsd_norm,10,0.5679282203786093
33764.44,ROW-mean-ED,412,5953,89250,0,nrmsd_norm,11,0.5842386717074397
33764.44,ROW-mean-ED,412,5784,89250,0,nrmsd_norm,12,0.5651192807565066
33764.44,ROW-mean-ED,412,5784,89250,0,nrmsd_norm,13,0.548562753458382
33764.44,ROW-mean-ED,412,5784,89250,0,nrmsd_norm,14,0.5309410790909812
33764.44,ROW-mean-ED,412,9444,89250,0,nrmsd_norm,15,0.5024663106205366
33764.44,ROW-mean-ED,412,9444,89250,0,nrmsd_norm,16,0.466203126957703
33764.44,ROW-mean-ED,412,9444,89250,0,nrmsd_norm,17,0.47093298268598865
33764.44,ROW-mean-ED,412,9444,89250,0,nrmsd_norm,18,0.4536408365745517
33764.44,ROW-mean-ED,412,9444,89250,0,nrmsd_norm,19,0.4711482072256764
33764.44,ROW-mean-ED,412,9444,89250,0,nrmsd_norm,20,0.4882603453914602
33764.44,ROW-mean-ED,412,1951,89250,0,nrmsd_norm,22,0.45910987456217156
33764.44,ROW-mean-ED,412,1951,89250,0,nrmsd_norm,24,0.47624323918079964
33764.44,ROW-mean-ED,412,1951,89250,0,nrmsd_norm,26,0.4652690109443453
33764.44,ROW-mean-ED,412,412,89250,0,nrmsd_norm,28,0.44724405623725466
33764.44,ROW-mean-ED,412,5784,89250,0,nrmsd_norm,30,0.47021618075729166
33764.44,ROW-mean-ED,412,5784,89250,0,nrmsd_norm,32,0.4693940656950936
33764.44,ROW-mean-ED,412,412,89250,0,nrmsd_norm,34,0.45821140708648
33764.44,ROW-mean-ED,412,412,89250,0,nrmsd_norm,36,0.48020731585526544
33764.44,ROW-mean-ED,412,412,89250,0,nrmsd_norm,38,0.47468095788731707
33764.44,ROW-mean-ED,412,412,89250,0,nrmsd_norm,40,0.47267066087007586
33764.44,ROW-mean-ED,412,412,89250,0,nrmsd_norm,42,0.4703998397876143
33764.44,ROW-mean-ED,412,412,89250,0,nrmsd_norm,44,0.48390945357692927
33764.44,ROW-mean-ED,412,5784,89250,0,nrmsd_norm,46,0.4775684522321247
33764.44,ROW-mean-ED,412,412,89250,0,nrmsd_norm,48,0.4660579911135944
33764.44,ROW-mean-ED,412,5784,89250,0,nrmsd_norm,50,0.46066339995949684
33764.44,ROW-mean-ED,412,5784,89250,0,nrmsd_norm,55,0.45990977165485036
33764.44,ROW-mean-ED,412,5784,89250,0,nrmsd_norm,60,0.47058836540771676
33764.44,ROW-mean-ED,412,5784,89250,0,nrmsd_norm,65,0.45820154882510705
33764.44,ROW-mean-ED,412,5953,89250,0,nrmsd_norm,70,0.46776317366837383
33764.44,ROW-mean-ED,412,412,89250,0,nrmsd_norm,75,0.4567938660230158
33764.44,ROW-mean-ED,412,5953,89250,0,nrmsd_norm,80,0.4544404963744006
33764.44,ROW-mean-ED,412,5953,89250,0,nrmsd_norm,85,0.4615658981085615
33764.44,ROW-mean-ED,412,5953,89250,0,nrmsd_norm,90,0.46687750742845896
33764.44,ROW-mean-ED,412,5953,89250,0,nrmsd_norm,95,0.4681543576632851
33764.44,ROW-mean-ED,412,412,89250,0,nrmsd_norm,100,0.453774327637877
33764.44,ROW-mean-ED,412,4882,773956,0,nrmsd_norm,5,0.5631221587959775
33764.44,ROW-mean-ED,412,2563,773956,0,nrmsd_norm,6,0.5317042863234644
33764.44,ROW-mean-ED,412,2563,773956,0,nrmsd_norm,7,0.4776752780272901
33764.44,ROW-mean-ED,412,2563,773956,0,nrmsd_norm,8,0.49601379272707624
33764.44,ROW-mean-ED,412,2563,773956,0,nrmsd_norm,9,0.5470876747044624
33764.44,ROW-mean-ED,412,2563,773956,0,nrmsd_norm,10,0.5728329144278043
33764.44,ROW-mean-ED,412,2563,773956,0,nrmsd_norm,11,0.5877728247878438
33764.44,ROW-mean-ED,412,2563,773956,0,nrmsd_norm,12,0.5789905372981594
33764.44,ROW-mean-ED,412,2563,773956,0,nrmsd_norm,13,0.5625475786912421
33764.44,ROW-mean-ED,412,2563,773956,0,nrmsd_norm,14,0.5361251700767603
33764.44,ROW-mean-ED,412,2563,773956,0,nrmsd_norm,15,0.5145168170789084
33764.44,ROW-mean-ED,412,2563,773956,0,nrmsd_norm,16,0.49640935424273114
33764.44,ROW-mean-ED,412,2563,773956,0,nrmsd_norm,17,0.5049475986366135
33764.44,ROW-mean-ED,412,2563,773956,0,nrmsd_norm,18,0.48662191838500285
33764.44,ROW-mean-ED,412,2563,773956,0,nrmsd_norm,19,0.5039783210352246
33764.44,ROW-mean-ED,412,2563,773956,0,nrmsd_norm,20,0.5109259998315279
33764.44,ROW-mean-ED,412,412,773956,0,nrmsd_norm,22,0.4784474643074944
33764.44,ROW-mean-ED,412,412,773956,0,nrmsd_norm,24,0.494494571554034
33764.44,ROW-mean-ED,412,2563,773956,0,nrmsd_norm,26,0.463326983558554
33764.44,ROW-mean-ED,412,1951,773956,0,nrmsd_norm,28,0.4418701686878074
33764.44,ROW-mean-ED,412,1951,773956,0,nrmsd_norm,30,0.46375335239239546
33764.44,ROW-mean-ED,412,1951,773956,0,nrmsd_norm,32,0.46600023380011607
33764.44,ROW-mean-ED,412,1951,773956,0,nrmsd_norm,34,0.44987123897159587
33764.44,ROW-mean-ED,412,1951,773956,0,nrmsd_norm,36,0.47202286440685604
33764.44,ROW-mean-ED,412,5884,773956,0,nrmsd_norm,38,0.4591554219236295
33764.44,ROW-mean-ED,412,1951,773956,0,nrmsd_norm,40,0.45663930579261147
33764.44,ROW-mean-ED,412,1951,773956,0,nrmsd_norm,42,0.45186776568648807
33764.44,ROW-mean-ED,412,1951,773956,0,nrmsd_norm,44,0.4675650076330591
33764.44,ROW-mean-ED,412,1951,773956,0,nrmsd_norm,46,0.45918872624273904
33764.44,ROW-mean-ED,412,1951,773956,0,nrmsd_norm,48,0.45129938238360184
33764.44,ROW-mean-ED,412,1951,773956,0,nrmsd_norm,50,0.45065950521718284
33764.44,ROW-mean-ED,412,1951,773956,0,nrmsd_norm,55,0.4531048981288341
33764.44,ROW-mean-ED,412,1951,773956,0,nrmsd_norm,60,0.45674459970619463
33764.44,ROW-mean-ED,412,2563,773956,0,nrmsd_norm,65,0.4474264172840671
33764.44,ROW-mean-ED,412,2563,773956,0,nrmsd_norm,70,0.4631096577640011
33764.44,ROW-mean-ED,412,1951,773956,0,nrmsd_norm,75,0.4533760367018413
33764.44,ROW-mean-ED,412,1951,773956,0,nrmsd_norm,80,0.446872987258578
33764.44,ROW-mean-ED,412,1951,773956,0,nrmsd_norm,85,0.4529012142923853
33764.44,ROW-mean-ED,412,1951,773956,0,nrmsd_norm,90,0.4553857430120956
33764.44,ROW-mean-ED,412,412,773956,0,nrmsd_norm,95,0.4607307034938795
33764.44,ROW-mean-ED,412,412,773956,0,nrmsd_norm,100,0.4552019230994146
33764.44,ROW-mean-ED,412,4882,654571,0,nrmsd_norm,5,0.5659533012787167
33764.44,ROW-mean-ED,412,636,654571,0,nrmsd_norm,6,0.5411939120195856
33764.44,ROW-mean-ED,412,636,654571,0,nrmsd_norm,7,0.4907347994772162
33764.44,ROW-mean-ED,412,9237,654571,0,nrmsd_norm,8,0.5142289219916895
33764.44,ROW-mean-ED,412,9237,654571,0,nrmsd_norm,9,0.5607996803067762
33764.44,ROW-mean-ED,412,636,654571,0,nrmsd_norm,10,0.5840681715295468
33764.44,ROW-mean-ED,412,636,654571,0,nrmsd_norm,11,0.5964598205597971
33764.44,ROW-mean-ED,412,636,654571,0,nrmsd_norm,12,0.5815305994393386
33764.44,ROW-mean-ED,412,636,654571,0,nrmsd_norm,13,0.5622376777304274
33764.44,ROW-mean-ED,412,636,654571,0,nrmsd_norm,14,0.5377896912620062
33764.44,ROW-mean-ED,412,636,654571,0,nrmsd_norm,15,0.5165350952481366
33764.44,ROW-mean-ED,412,636,654571,0,nrmsd_norm,16,0.5109847025180515
33764.44,ROW-mean-ED,412,636,654571,0,nrmsd_norm,17,0.5206703315500255
33764.44,ROW-mean-ED,412,636,654571,0,nrmsd_norm,18,0.49060096935880226
33764.44,ROW-mean-ED,412,636,654571,0,nrmsd_norm,19,0.50825298251404
33764.44,ROW-mean-ED,412,636,654571,0,nrmsd_norm,20,0.5232684617355222
33764.44,ROW-mean-ED,412,2563,654571,0,nrmsd_norm,22,0.4995371618927224
33764.44,ROW-mean-ED,412,2563,654571,0,nrmsd_norm,24,0.5122643893905388
33764.44,ROW-mean-ED,412,2563,654571,0,nrmsd_norm,26,0.4978081639068403
33764.44,ROW-mean-ED,412,6159,654571,0,nrmsd_norm,28,0.4787305963645771
33764.44,ROW-mean-ED,412,6159,654571,0,nrmsd_norm,30,0.5016429645746897
33764.44,ROW-mean-ED,412,6159,654571,0,nrmsd_norm,32,0.4991953863309394
33764.44,ROW-mean-ED,412,2563,654571,0,nrmsd_norm,34,0.4795924498791261
33764.44,ROW-mean-ED,412,2563,654571,0,nrmsd_norm,36,0.5002445760280806
33764.44,ROW-mean-ED,412,2563,654571,0,nrmsd_norm,38,0.48595427283665543
33764.44,ROW-mean-ED,412,2563,654571,0,nrmsd_norm,40,0.4858073149415539
33764.44,ROW-mean-ED,412,2563,654571,0,nrmsd_norm,42,0.4833531074987898
33764.44,ROW-mean-ED,412,2563,654571,0,nrmsd_norm,44,0.49654519317313495
33764.44,ROW-mean-ED,412,2563,654571,0,nrmsd_norm,46,0.48206944839139637
33764.44,ROW-mean-ED,412,2563,654571,0,nrmsd_norm,48,0.45962442751970306
33764.44,ROW-mean-ED,412,2563,654571,0,nrmsd_norm,50,0.4601915306764813
33764.44,ROW-mean-ED,412,2563,654571,0,nrmsd_norm,55,0.46257747462482685
33764.44,ROW-mean-ED,412,2563,654571,0,nrmsd_norm,60,0.46288463646180156
33764.44,ROW-mean-ED,412,2563,654571,0,nrmsd_norm,65,0.4581046572718202
33764.44,ROW-mean-ED,412,2563,654571,0,nrmsd_norm,70,0.4691615332762137
33764.44,ROW-mean-ED,412,2563,654571,0,nrmsd_norm,75,0.46442107272154604
33764.44,ROW-mean-ED,412,2563,654571,0,nrmsd_norm,80,0.4583383606405627
33764.44,ROW-mean-ED,412,2563,654571,0,nrmsd_norm,85,0.4642324884641433
33764.44,ROW-mean-ED,412,2563,654571,0,nrmsd_norm,90,0.46236283862109095
33764.44,ROW-mean-ED,412,2563,654571,0,nrmsd_norm,95,0.4688694249792149
33764.44,ROW-mean-ED,412,6159,654571,0,nrmsd_norm,100,0.4549811224307158
33764.44,ROW-mean-ED,412,3837,438878,0,nrmsd_norm,5,0.5580373115394766
33764.44,ROW-mean-ED,412,10886,438878,0,nrmsd_norm,6,0.5261822633000104
33764.44,ROW-mean-ED,412,1447,438878,0,nrmsd_norm,7,0.47078081979653924
33764.44,ROW-mean-ED,412,1447,438878,0,nrmsd_norm,8,0.47293117126979467
33764.44,ROW-mean-ED,412,1447,438878,0,nrmsd_norm,9,0.5287334259878105
33764.44,ROW-mean-ED,412,1447,438878,0,nrmsd_norm,10,0.5406231716669423
33764.44,ROW-mean-ED,412,1447,438878,0,nrmsd_norm,11,0.5630785315373615
33764.44,ROW-mean-ED,412,1447,438878,0,nrmsd_norm,12,0.554349264355265
33764.44,ROW-mean-ED,412,1447,438878,0,nrmsd_norm,13,0.5344436670883974
33764.44,ROW-mean-ED,412,1447,438878,0,nrmsd_norm,14,0.5155268755743733
33764.44,ROW-mean-ED,412,1447,438878,0,nrmsd_norm,15,0.4930883143111437
33764.44,ROW-mean-ED,412,1447,438878,0,nrmsd_norm,16,0.46657360507933454
33764.44,ROW-mean-ED,412,1951,438878,0,nrmsd_norm,17,0.47796719711886665
33764.44,ROW-mean-ED,412,1951,438878,0,nrmsd_norm,18,0.4624246294364411
33764.44,ROW-mean-ED,412,1951,438878,0,nrmsd_norm,19,0.48065813092121046
33764.44,ROW-mean-ED,412,1951,438878,0,nrmsd_norm,20,0.49571515939852123
33764.44,ROW-mean-ED,412,1951,438878,0,nrmsd_norm,22,0.4715561523374203
33764.44,ROW-mean-ED,412,1951,438878,0,nrmsd_norm,24,0.4907520832039772
33764.44,ROW-mean-ED,412,1951,438878,0,nrmsd_norm,26,0.4577789336150034
33764.44,ROW-mean-ED,412,5949,438878,0,nrmsd_norm,28,0.4412591913275353
33764.44,ROW-mean-ED,412,5949,438878,0,nrmsd_norm,30,0.46258878330851494
33764.44,ROW-mean-ED,412,5949,438878,0,nrmsd_norm,32,0.46083241563871036
33764.44,ROW-mean-ED,412,5949,438878,0,nrmsd_norm,34,0.4476863694310874
33764.44,ROW-mean-ED,412,5949,438878,0,nrmsd_norm,36,0.47184772463486224
33764.44,ROW-mean-ED,412,1951,438878,0,nrmsd_norm,38,0.46805075776856636
33764.44,ROW-mean-ED,412,1951,438878,0,nrmsd_norm,40,0.46643730099382225
33764.44,ROW-mean-ED,412,1951,438878,0,nrmsd_norm,42,0.4729930465928356
33764.44,ROW-mean-ED,412,1951,438878,0,nrmsd_norm,44,0.48709180549178044
33764.44,ROW-mean-ED,412,1951,438878,0,nrmsd_norm,46,0.47224331823052923
33764.44,ROW-mean-ED,412,412,438878,0,nrmsd_norm,48,0.4698582786302737
33764.44,ROW-mean-ED,412,412,438878,0,nrmsd_norm,50,0.46688397956606337
33764.44,ROW-mean-ED,412,412,438878,0,nrmsd_norm,55,0.46755643845148886
33764.44,ROW-mean-ED,412,1951,438878,0,nrmsd_norm,60,0.46753897958505203
33764.44,ROW-mean-ED,412,1951,438878,0,nrmsd_norm,65,0.4561369627948928
33764.44,ROW-mean-ED,412,1951,438878,0,nrmsd_norm,70,0.4672669920097703
33764.44,ROW-mean-ED,412,412,438878,0,nrmsd_norm,75,0.4616393722455228
33764.44,ROW-mean-ED,412,412,438878,0,nrmsd_norm,80,0.4614682315454881
33764.44,ROW-mean-ED,412,412,438878,0,nrmsd_norm,85,0.46579470405612056
33764.44,ROW-mean-ED,412,412,438878,0,nrmsd_norm,90,0.46516985383833254
33764.44,ROW-mean-ED,412,1951,438878,0,nrmsd_norm,95,0.4627258874702986
33764.44,ROW-mean-ED,412,1951,438878,0,nrmsd_norm,100,0.44083223055794873
33764.44,ROW-mean-ED,412,9975,433015,0,nrmsd_norm,5,0.5910873370388351
33764.44,ROW-mean-ED,412,3765,433015,0,nrmsd_norm,6,0.5307359850734441
33764.44,ROW-mean-ED,412,3928,433015,0,nrmsd_norm,7,0.5102007468952042
33764.44,ROW-mean-ED,412,5784,433015,0,nrmsd_norm,8,0.536029405134787
33764.44,ROW-mean-ED,412,5784,433015,0,nrmsd_norm,9,0.563319138203184
33764.44,ROW-mean-ED,412,5784,433015,0,nrmsd_norm,10,0.5964037197709913
33764.44,ROW-mean-ED,412,5784,433015,0,nrmsd_norm,11,0.611701962717068
33764.44,ROW-mean-ED,412,5784,433015,0,nrmsd_norm,12,0.5975293515770949
33764.44,ROW-mean-ED,412,5784,433015,0,nrmsd_norm,13,0.5745647512582961
33764.44,ROW-mean-ED,412,412,433015,0,nrmsd_norm,14,0.5553051915479668
33764.44,ROW-mean-ED,412,412,433015,0,nrmsd_norm,15,0.531664407697021
33764.44,ROW-mean-ED,412,412,433015,0,nrmsd_norm,16,0.48578204444762807
33764.44,ROW-mean-ED,412,412,433015,0,nrmsd_norm,17,0.49948620803037985
33764.44,ROW-mean-ED,412,412,433015,0,nrmsd_norm,18,0.48451249045880046
33764.44,ROW-mean-ED,412,412,433015,0,nrmsd_norm,19,0.4990538379074829
33764.44,ROW-mean-ED,412,412,433015,0,nrmsd_norm,20,0.5207625056230087
33764.44,ROW-mean-ED,412,5784,433015,0,nrmsd_norm,22,0.4979553017490635
33764.44,ROW-mean-ED,412,5784,433015,0,nrmsd_norm,24,0.512919326232758
33764.44,ROW-mean-ED,412,5953,433015,0,nrmsd_norm,26,0.48401547249881427
33764.44,ROW-mean-ED,412,412,433015,0,nrmsd_norm,28,0.46498530699996643
33764.44,ROW-mean-ED,412,412,433015,0,nrmsd_norm,30,0.48622019349380563
33764.44,ROW-mean-ED,412,412,433015,0,nrmsd_norm,32,0.4814835419942068
33764.44,ROW-mean-ED,412,412,433015,0,nrmsd_norm,34,0.4653088546389247
33764.44,ROW-mean-ED,412,412,433015,0,nrmsd_norm,36,0.48808756611826876
33764.44,ROW-mean-ED,412,412,433015,0,nrmsd_norm,38,0.48331328917224853
33764.44,ROW-mean-ED,412,412,433015,0,nrmsd_norm,40,0.48091462278171754
33764.44,ROW-mean-ED,412,412,433015,0,nrmsd_norm,42,0.47866861500220304
33764.44,ROW-mean-ED,412,412,433015,0,nrmsd_norm,44,0.49127933903066
33764.44,ROW-mean-ED,412,5784,433015,0,nrmsd_norm,46,0.48177808396231875
33764.44,ROW-mean-ED,412,5784,433015,0,nrmsd_norm,48,0.475025851674017
33764.44,ROW-mean-ED,412,412,433015,0,nrmsd_norm,50,0.47145226386961825
33764.44,ROW-mean-ED,412,412,433015,0,nrmsd_norm,55,0.46735099906983407
33764.44,ROW-mean-ED,412,5784,433015,0,nrmsd_norm,60,0.4695512255518208
33764.44,ROW-mean-ED,412,1951,433015,0,nrmsd_norm,65,0.45156775096178486
33764.44,ROW-mean-ED,412,1951,433015,0,nrmsd_norm,70,0.4607546836175567
33764.44,ROW-mean-ED,412,1951,433015,0,nrmsd_norm,75,0.45235732560020236
33764.44,ROW-mean-ED,412,1951,433015,0,nrmsd_norm,80,0.44860075867660015
33764.44,ROW-mean-ED,412,1951,433015,0,nrmsd_norm,85,0.45462374558764806
33764.44,ROW-mean-ED,412,1951,433015,0,nrmsd_norm,90,0.44927197289005644
33764.44,ROW-mean-ED,412,1951,433015,0,nrmsd_norm,95,0.4538019448426389
33764.44,ROW-mean-ED,412,1951,433015,0,nrmsd_norm,100,0.43832235909977035
33764.44,ROW-mean-ED,412,9923,858597,0,nrmsd_norm,5,0.5974928739400284
33764.44,ROW-mean-ED,412,9342,858597,0,nrmsd_norm,6,0.5725198969330847
33764.44,ROW-mean-ED,412,5784,858597,0,nrmsd_norm,7,0.5068044584005881
33764.44,ROW-mean-ED,412,5953,858597,0,nrmsd_norm,8,0.5358523333719651
33764.44,ROW-mean-ED,412,5953,858597,0,nrmsd_norm,9,0.5747308288672606
33764.44,ROW-mean-ED,412,2733,858597,0,nrmsd_norm,10,0.5964147131734139
33764.44,ROW-mean-ED,412,5953,858597,0,nrmsd_norm,11,0.6095352165488496
33764.44,ROW-mean-ED,412,1951,858597,0,nrmsd_norm,12,0.5844575498507237
33764.44,ROW-mean-ED,412,5784,858597,0,nrmsd_norm,13,0.571035754305438
33764.44,ROW-mean-ED,412,412,858597,0,nrmsd_norm,14,0.5506172332586021
33764.44,ROW-mean-ED,412,412,858597,0,nrmsd_norm,15,0.5298998370302926
33764.44,ROW-mean-ED,412,412,858597,0,nrmsd_norm,16,0.5044728952128775
33764.44,ROW-mean-ED,412,412,858597,0,nrmsd_norm,17,0.5134455899459803
33764.44,ROW-mean-ED,412,412,858597,0,nrmsd_norm,18,0.49913072141852693
33764.44,ROW-mean-ED,412,412,858597,0,nrmsd_norm,19,0.5163662953913994
33764.44,ROW-mean-ED,412,412,858597,0,nrmsd_norm,20,0.5308587211511026
33764.44,ROW-mean-ED,412,412,858597,0,nrmsd_norm,22,0.5013932150106866
33764.44,ROW-mean-ED,412,5953,858597,0,nrmsd_norm,24,0.5181181149225659
33764.44,ROW-mean-ED,412,5953,858597,0,nrmsd_norm,26,0.49681018206751526
33764.44,ROW-mean-ED,412,5953,858597,0,nrmsd_norm,28,0.4813509670875639
33764.44,ROW-mean-ED,412,5953,858597,0,nrmsd_norm,30,0.5043777803547599
33764.44,ROW-mean-ED,412,9342,858597,0,nrmsd_norm,32,0.5046263207171334
33764.44,ROW-mean-ED,412,5953,858597,0,nrmsd_norm,34,0.48862372419172906
33764.44,ROW-mean-ED,412,5953,858597,0,nrmsd_norm,36,0.5088129858197781
33764.44,ROW-mean-ED,412,5784,858597,0,nrmsd_norm,38,0.49820984148898406
33764.44,ROW-mean-ED,412,5784,858597,0,nrmsd_norm,40,0.4977024566229166
33764.44,ROW-mean-ED,412,4003,858597,0,nrmsd_norm,42,0.4955937302316738
33764.44,ROW-mean-ED,412,4003,858597,0,nrmsd_norm,44,0.5082777876187756
33764.44,ROW-mean-ED,412,4003,858597,0,nrmsd_norm,46,0.503410266427594
33764.44,ROW-mean-ED,412,9342,858597,0,nrmsd_norm,48,0.49687088538887014
33764.44,ROW-mean-ED,412,4003,858597,0,nrmsd_norm,50,0.495366888226259
33764.44,ROW-mean-ED,412,9342,858597,0,nrmsd_norm,55,0.4937909807975345
33764.44,ROW-mean-ED,412,4003,858597,0,nrmsd_norm,60,0.496414558023464
33764.44,ROW-mean-ED,412,4003,858597,0,nrmsd_norm,65,0.4807206380865111
33764.44,ROW-mean-ED,412,4003,858597,0,nrmsd_norm,70,0.4917569897862728
33764.44,ROW-mean-ED,412,5953,858597,0,nrmsd_norm,75,0.48588755582050885
33764.44,ROW-mean-ED,412,5953,858597,0,nrmsd_norm,80,0.4797111121675629
33764.44,ROW-mean-ED,412,5953,858597,0,nrmsd_norm,85,0.4850445767232918
33764.44,ROW-mean-ED,412,5953,858597,0,nrmsd_norm,90,0.48570275995783924
33764.44,ROW-mean-ED,412,5953,858597,0,nrmsd_norm,95,0.485890044466956
33764.44,ROW-mean-ED,412,5953,858597,0,nrmsd_norm,100,0.4684001875569966
33764.44,ROW-mean-ED,412,3994,85945,0,nrmsd_norm,5,0.5634910934106037
33764.44,ROW-mean-ED,412,225,85945,0,nrmsd_norm,6,0.5191038600019594
33764.44,ROW-mean-ED,412,1951,85945,0,nrmsd_norm,7,0.4918798578704248
33764.44,ROW-mean-ED,412,412,85945,0,nrmsd_norm,8,0.5055442092066036
33764.44,ROW-mean-ED,412,412,85945,0,nrmsd_norm,9,0.5517916038760178
33764.44,ROW-mean-ED,412,412,85945,0,nrmsd_norm,10,0.5755325686468294
33764.44,ROW-mean-ED,412,412,85945,0,nrmsd_norm,11,0.5947041326162064
33764.44,ROW-mean-ED,412,412,85945,0,nrmsd_norm,12,0.5856846106334194
33764.44,ROW-mean-ED,412,412,85945,0,nrmsd_norm,13,0.5666417435143826
33764.44,ROW-mean-ED,412,412,85945,0,nrmsd_norm,14,0.5445426781133532
33764.44,ROW-mean-ED,412,412,85945,0,nrmsd_norm,15,0.520541851871362
33764.44,ROW-mean-ED,412,412,85945,0,nrmsd_norm,16,0.5019963925990655
33764.44,ROW-mean-ED,412,1951,85945,0,nrmsd_norm,17,0.49726603939625585
33764.44,ROW-mean-ED,412,1951,85945,0,nrmsd_norm,18,0.4790931813801434
33764.44,ROW-mean-ED,412,1951,85945,0,nrmsd_norm,19,0.49445874186104694
33764.44,ROW-mean-ED,412,1951,85945,0,nrmsd_norm,20,0.5166013688594794
33764.44,ROW-mean-ED,412,1951,85945,0,nrmsd_norm,22,0.4915477967403976
33764.44,ROW-mean-ED,412,1951,85945,0,nrmsd_norm,24,0.5095445478619626
33764.44,ROW-mean-ED,412,1951,85945,0,nrmsd_norm,26,0.48536822467659213
33764.44,ROW-mean-ED,412,2563,85945,0,nrmsd_norm,28,0.4666135479144679
33764.44,ROW-mean-ED,412,2563,85945,0,nrmsd_norm,30,0.4925234514416143
33764.44,ROW-mean-ED,412,412,85945,0,nrmsd_norm,32,0.48526101103376434
33764.44,ROW-mean-ED,412,412,85945,0,nrmsd_norm,34,0.46131482962920994
33764.44,ROW-mean-ED,412,412,85945,0,nrmsd_norm,36,0.4878167746636782
33764.44,ROW-mean-ED,412,2563,85945,0,nrmsd_norm,38,0.4831346485074762
33764.44,ROW-mean-ED,412,412,85945,0,nrmsd_norm,40,0.4797036063220076
33764.44,ROW-mean-ED,412,412,85945,0,nrmsd_norm,42,0.48014551526359517
33764.44,ROW-mean-ED,412,412,85945,0,nrmsd_norm,44,0.4960441395826576
33764.44,ROW-mean-ED,412,6159,85945,0,nrmsd_norm,46,0.4859591983071413
33764.44,ROW-mean-ED,412,6159,85945,0,nrmsd_norm,48,0.47013170708354
33764.44,ROW-mean-ED,412,412,85945,0,nrmsd_norm,50,0.46323551578124667
33764.44,ROW-mean-ED,412,2563,85945,0,nrmsd_norm,55,0.4616117648741328
33764.44,ROW-mean-ED,412,412,85945,0,nrmsd_norm,60,0.4704404479636349
33764.44,ROW-mean-ED,412,412,85945,0,nrmsd_norm,65,0.4640338010695156
33764.44,ROW-mean-ED,412,412,85945,0,nrmsd_norm,70,0.4803311171874682
33764.44,ROW-mean-ED,412,412,85945,0,nrmsd_norm,75,0.46274914906356707
33764.44,ROW-mean-ED,412,412,85945,0,nrmsd_norm,80,0.45769103131641486
33764.44,ROW-mean-ED,412,412,85945,0,nrmsd_norm,85,0.46115172470521437
33764.44,ROW-mean-ED,412,412,85945,0,nrmsd_norm,90,0.46297808745604546
33764.44,ROW-mean-ED,412,412,85945,0,nrmsd_norm,95,0.4648537509595352
33764.44,ROW-mean-ED,412,412,85945,0,nrmsd_norm,100,0.45322043627205094
33764.44,ROW-mean-ED,412,9975,697368,0,nrmsd_norm,5,0.5931951272338951
33764.44,ROW-mean-ED,412,6418,697368,0,nrmsd_norm,6,0.5407405325148896
33764.44,ROW-mean-ED,412,9923,697368,0,nrmsd_norm,7,0.4974310277072536
33764.44,ROW-mean-ED,412,1586,697368,0,nrmsd_norm,8,0.5491566878861176
33764.44,ROW-mean-ED,412,1586,697368,0,nrmsd_norm,9,0.5854590330071348
33764.44,ROW-mean-ED,412,1586,697368,0,nrmsd_norm,10,0.6104084773754956
33764.44,ROW-mean-ED,412,1586,697368,0,nrmsd_norm,11,0.6247232864306723
33764.44,ROW-mean-ED,412,1586,697368,0,nrmsd_norm,12,0.6057761747632593
33764.44,ROW-mean-ED,412,3825,697368,0,nrmsd_norm,13,0.5866562004894127
33764.44,ROW-mean-ED,412,6387,697368,0,nrmsd_norm,14,0.5626610195620235
33764.44,ROW-mean-ED,412,1951,697368,0,nrmsd_norm,15,0.5349140271194003
33764.44,ROW-mean-ED,412,5784,697368,0,nrmsd_norm,16,0.5337431264022667
33764.44,ROW-mean-ED,412,5784,697368,0,nrmsd_norm,17,0.5404414357136866
33764.44,ROW-mean-ED,412,5784,697368,0,nrmsd_norm,18,0.5121763672821826
33764.44,ROW-mean-ED,412,5784,697368,0,nrmsd_norm,19,0.5272605286471861
33764.44,ROW-mean-ED,412,5784,697368,0,nrmsd_norm,20,0.5423812518246105
33764.44,ROW-mean-ED,412,5784,697368,0,nrmsd_norm,22,0.5127763380777807
33764.44,ROW-mean-ED,412,5784,697368,0,nrmsd_norm,24,0.5276409667425013
33764.44,ROW-mean-ED,412,5784,697368,0,nrmsd_norm,26,0.5026921337784729
33764.44,ROW-mean-ED,412,412,697368,0,nrmsd_norm,28,0.4829163832222402
33764.44,ROW-mean-ED,412,412,697368,0,nrmsd_norm,30,0.5045378706867736
33764.44,ROW-mean-ED,412,412,697368,0,nrmsd_norm,32,0.4923467499538427
33764.44,ROW-mean-ED,412,412,697368,0,nrmsd_norm,34,0.4753186940569539
33764.44,ROW-mean-ED,412,412,697368,0,nrmsd_norm,36,0.4971592314123096
33764.44,ROW-mean-ED,412,412,697368,0,nrmsd_norm,38,0.48509085795550694
33764.44,ROW-mean-ED,412,1951,697368,0,nrmsd_norm,40,0.4841677210605039
33764.44,ROW-mean-ED,412,1951,697368,0,nrmsd_norm,42,0.48512288991574715
33764.44,ROW-mean-ED,412,412,697368,0,nrmsd_norm,44,0.4932068052778511
33764.44,ROW-mean-ED,412,412,697368,0,nrmsd_norm,46,0.482553901971984
33764.44,ROW-mean-ED,412,412,697368,0,nrmsd_norm,48,0.47240574579121725
33764.44,ROW-mean-ED,412,412,697368,0,nrmsd_norm,50,0.47088677583327443
33764.44,ROW-mean-ED,412,412,697368,0,nrmsd_norm,55,0.47310899878696505
33764.44,ROW-mean-ED,412,412,697368,0,nrmsd_norm,60,0.4796011803897168
33764.44,ROW-mean-ED,412,412,697368,0,nrmsd_norm,65,0.4668878051021968
33764.44,ROW-mean-ED,412,412,697368,0,nrmsd_norm,70,0.481117955052715
33764.44,ROW-mean-ED,412,412,697368,0,nrmsd_norm,75,0.4678363055146849
33764.44,ROW-mean-ED,412,412,697368,0,nrmsd_norm,80,0.46307125787669023
33764.44,ROW-mean-ED,412,412,697368,0,nrmsd_norm,85,0.46683992757065074
33764.44,ROW-mean-ED,412,412,697368,0,nrmsd_norm,90,0.4681886321468677
33764.44,ROW-mean-ED,412,2563,697368,0,nrmsd_norm,95,0.47140043685003763
33764.44,ROW-mean-ED,412,2563,697368,0,nrmsd_norm,100,0.45360226343918086
33764.44,ROW-mean-ED,412,4272,201469,0,nrmsd_norm,5,0.5711534639358955
33764.44,ROW-mean-ED,412,9152,201469,0,nrmsd_norm,6,0.5306960833099081
33764.44,ROW-mean-ED,412,5884,201469,0,nrmsd_norm,7,0.4970914065187304
33764.44,ROW-mean-ED,412,5884,201469,0,nrmsd_norm,8,0.5201051040616872
33764.44,ROW-mean-ED,412,5884,201469,0,nrmsd_norm,9,0.5602215704133551
33764.44,ROW-mean-ED,412,5884,201469,0,nrmsd_norm,10,0.584398857100265
33764.44,ROW-mean-ED,412,5884,201469,0,nrmsd_norm,11,0.5990675988340275
33764.44,ROW-mean-ED,412,5920,201469,0,nrmsd_norm,12,0.585173211178103
33764.44,ROW-mean-ED,412,2733,201469,0,nrmsd_norm,13,0.576768270217416
33764.44,ROW-mean-ED,412,5603,201469,0,nrmsd_norm,14,0.5509548525780957
33764.44,ROW-mean-ED,412,6689,201469,0,nrmsd_norm,15,0.5369221706702579
33764.44,ROW-mean-ED,412,6689,201469,0,nrmsd_norm,16,0.5121152365959796
33764.44,ROW-mean-ED,412,6689,201469,0,nrmsd_norm,17,0.5280347255444869
33764.44,ROW-mean-ED,412,9237,201469,0,nrmsd_norm,18,0.5035189717450886
33764.44,ROW-mean-ED,412,9237,201469,0,nrmsd_norm,19,0.518068503415934
33764.44,ROW-mean-ED,412,6388,201469,0,nrmsd_norm,20,0.530141049111468
33764.44,ROW-mean-ED,412,6689,201469,0,nrmsd_norm,22,0.523086710938944
33764.44,ROW-mean-ED,412,6689,201469,0,nrmsd_norm,24,0.5250812876661891
33764.44,ROW-mean-ED,412,9237,201469,0,nrmsd_norm,26,0.4976354159295724
33764.44,ROW-mean-ED,412,10803,201469,0,nrmsd_norm,28,0.47880574308125623
33764.44,ROW-mean-ED,412,9237,201469,0,nrmsd_norm,30,0.5001356319805956
33764.44,ROW-mean-ED,412,6689,201469,0,nrmsd_norm,32,0.5020833894500212
33764.44,ROW-mean-ED,412,6689,201469,0,nrmsd_norm,34,0.48984658952263466
33764.44,ROW-mean-ED,412,6689,201469,0,nrmsd_norm,36,0.5098214923573632
33764.44,ROW-mean-ED,412,6689,201469,0,nrmsd_norm,38,0.5028527045029684
33764.44,ROW-mean-ED,412,9237,201469,0,nrmsd_norm,40,0.4963541673630382
33764.44,ROW-mean-ED,412,10418,201469,0,nrmsd_norm,42,0.4991356139927097
33764.44,ROW-mean-ED,412,10418,201469,0,nrmsd_norm,44,0.5106672674245014
33764.44,ROW-mean-ED,412,3560,201469,0,nrmsd_norm,46,0.502640766905821
33764.44,ROW-mean-ED,412,3560,201469,0,nrmsd_norm,48,0.4936026844091495
33764.44,ROW-mean-ED,412,3560,201469,0,nrmsd_norm,50,0.491344396889369
33764.44,ROW-mean-ED,412,6159,201469,0,nrmsd_norm,55,0.48977104305818575
33764.44,ROW-mean-ED,412,6159,201469,0,nrmsd_norm,60,0.49348261575412067
33764.44,ROW-mean-ED,412,5953,201469,0,nrmsd_norm,65,0.4853545184384453
33764.44,ROW-mean-ED,412,5953,201469,0,nrmsd_norm,70,0.4910041784521101
33764.44,ROW-mean-ED,412,5953,201469,0,nrmsd_norm,75,0.4891283991718962
33764.44,ROW-mean-ED,412,5953,201469,0,nrmsd_norm,80,0.4753445054498585
33764.44,ROW-mean-ED,412,5953,201469,0,nrmsd_norm,85,0.4812038481436715
33764.44,ROW-mean-ED,412,5953,201469,0,nrmsd_norm,90,0.48284330183160595
33764.44,ROW-mean-ED,412,5953,201469,0,nrmsd_norm,95,0.48329319559232614
33764.44,ROW-mean-ED,412,5953,201469,0,nrmsd_norm,100,0.4732697469543504
33764.44,ROW-mean-ED,412,1951,94177,0,nrmsd_norm,5,0.5712338832640742
33764.44,ROW-mean-ED,412,1951,94177,0,nrmsd_norm,6,0.5370015520564356
33764.44,ROW-mean-ED,412,1951,94177,0,nrmsd_norm,7,0.49217127288410517
33764.44,ROW-mean-ED,412,1951,94177,0,nrmsd_norm,8,0.5030490610062379
33764.44,ROW-mean-ED,412,1951,94177,0,nrmsd_norm,9,0.5585899739195969
33764.44,ROW-mean-ED,412,1951,94177,0,nrmsd_norm,10,0.5687101914435576
33764.44,ROW-mean-ED,412,1951,94177,0,nrmsd_norm,11,0.5854713156705603
33764.44,ROW-mean-ED,412,2563,94177,0,nrmsd_norm,12,0.5834906137040313
33764.44,ROW-mean-ED,412,5884,94177,0,nrmsd_norm,13,0.5605316539739935
33764.44,ROW-mean-ED,412,1951,94177,0,nrmsd_norm,14,0.5362168178128311
33764.44,ROW-mean-ED,412,636,94177,0,nrmsd_norm,15,0.5150901965662485
33764.44,ROW-mean-ED,412,2563,94177,0,nrmsd_norm,16,0.49765576751427787
33764.44,ROW-mean-ED,412,2563,94177,0,nrmsd_norm,17,0.505242159341136
33764.44,ROW-mean-ED,412,2563,94177,0,nrmsd_norm,18,0.4773052168175508
33764.44,ROW-mean-ED,412,2563,94177,0,nrmsd_norm,19,0.49483004765632765
33764.44,ROW-mean-ED,412,2563,94177,0,nrmsd_norm,20,0.5128930805321587
33764.44,ROW-mean-ED,412,2563,94177,0,nrmsd_norm,22,0.49297028662716036
33764.44,ROW-mean-ED,412,2563,94177,0,nrmsd_norm,24,0.508448883454186
33764.44,ROW-mean-ED,412,6159,94177,0,nrmsd_norm,26,0.4924692418149483
33764.44,ROW-mean-ED,412,6159,94177,0,nrmsd_norm,28,0.47265637609971606
33764.44,ROW-mean-ED,412,6159,94177,0,nrmsd_norm,30,0.49523555173231326
33764.44,ROW-mean-ED,412,2563,94177,0,nrmsd_norm,32,0.4948673587321712
33764.44,ROW-mean-ED,412,2563,94177,0,nrmsd_norm,34,0.47691965990640134
33764.44,ROW-mean-ED,412,2563,94177,0,nrmsd_norm,36,0.5000921209550763
33764.44,ROW-mean-ED,412,2563,94177,0,nrmsd_norm,38,0.4938352208848761
33764.44,ROW-mean-ED,412,9237,94177,0,nrmsd_norm,40,0.48994398995912486
33764.44,ROW-mean-ED,412,9237,94177,0,nrmsd_norm,42,0.4981382415966426
33764.44,ROW-mean-ED,412,9237,94177,0,nrmsd_norm,44,0.5102319741623151
33764.44,ROW-mean-ED,412,9237,94177,0,nrmsd_norm,46,0.504147870384566
33764.44,ROW-mean-ED,412,10803,94177,0,nrmsd_norm,48,0.49162107789289683
33764.44,ROW-mean-ED,412,10803,94177,0,nrmsd_norm,50,0.4906349021448735
33764.44,ROW-mean-ED,412,6159,94177,0,nrmsd_norm,55,0.48796741166929836
33764.44,ROW-mean-ED,412,6159,94177,0,nrmsd_norm,60,0.4900716357785676
33764.44,ROW-mean-ED,412,6159,94177,0,nrmsd_norm,65,0.4753614990650643
33764.44,ROW-mean-ED,412,6159,94177,0,nrmsd_norm,70,0.4846358579569733
33764.44,ROW-mean-ED,412,6159,94177,0,nrmsd_norm,75,0.48061066006045405
33764.44,ROW-mean-ED,412,6159,94177,0,nrmsd_norm,80,0.4720065991855331
33764.44,ROW-mean-ED,412,6159,94177,0,nrmsd_norm,85,0.4766068521043393
33764.44,ROW-mean-ED,412,6159,94177,0,nrmsd_norm,90,0.47724981427748175
33764.44,ROW-mean-ED,412,412,94177,0,nrmsd_norm,95,0.47877208218783407
33764.44,ROW-mean-ED,412,412,94177,0,nrmsd_norm,100,0.46827305448442497
33764.44,ROW-min-ED(FPS),412,10885,89250,0,nrmsd_norm,5,0.5917994853314658
33764.44,ROW-min-ED(FPS),412,3837,89250,0,nrmsd_norm,6,0.5101287906988946
33764.44,ROW-min-ED(FPS),412,5784,89250,0,nrmsd_norm,7,0.4593607367644138
33764.44,ROW-min-ED(FPS),412,412,89250,0,nrmsd_norm,8,0.44467806043666636
33764.44,ROW-min-ED(FPS),412,5784,89250,0,nrmsd_norm,9,0.4251384764073335
33764.44,ROW-min-ED(FPS),412,5784,89250,0,nrmsd_norm,10,0.4209506508831565
33764.44,ROW-min-ED(FPS),412,412,89250,0,nrmsd_norm,11,0.38578998604851955
33764.44,ROW-min-ED(FPS),412,412,89250,0,nrmsd_norm,12,0.37939146116320016
33764.44,ROW-min-ED(FPS),412,412,89250,0,nrmsd_norm,13,0.3912442619117961
33764.44,ROW-min-ED(FPS),412,412,89250,0,nrmsd_norm,14,0.3952304796202135
33764.44,ROW-min-ED(FPS),412,412,89250,0,nrmsd_norm,15,0.3717342882161286
33764.44,ROW-min-ED(FPS),412,412,89250,0,nrmsd_norm,16,0.35013052252733
33764.44,ROW-min-ED(FPS),412,412,89250,0,nrmsd_norm,17,0.34511826283095387
33764.44,ROW-min-ED(FPS),412,412,89250,0,nrmsd_norm,18,0.34083972405966184
33764.44,ROW-min-ED(FPS),412,6159,89250,0,nrmsd_norm,19,0.3342108365387296
33764.44,ROW-min-ED(FPS),412,6159,89250,0,nrmsd_norm,20,0.3352704552679623
33764.44,ROW-min-ED(FPS),412,6159,89250,0,nrmsd_norm,22,0.3406680619315096
33764.44,ROW-min-ED(FPS),412,6159,89250,0,nrmsd_norm,24,0.3227961842349172
33764.44,ROW-min-ED(FPS),412,6159,89250,0,nrmsd_norm,26,0.3076949346439511
33764.44,ROW-min-ED(FPS),412,6159,89250,0,nrmsd_norm,28,0.3127303634578172
33764.44,ROW-min-ED(FPS),412,6159,89250,0,nrmsd_norm,30,0.289568913724015
33764.44,ROW-min-ED(FPS),412,6159,89250,0,nrmsd_norm,32,0.2790294380611735
33764.44,ROW-min-ED(FPS),412,6159,89250,0,nrmsd_norm,34,0.2862602788996114
33764.44,ROW-min-ED(FPS),412,10803,89250,0,nrmsd_norm,36,0.29091206070577563
33764.44,ROW-min-ED(FPS),412,6159,89250,0,nrmsd_norm,38,0.27508335058646793
33764.44,ROW-min-ED(FPS),412,6159,89250,0,nrmsd_norm,40,0.267021085060776
33764.44,ROW-min-ED(FPS),412,6159,89250,0,nrmsd_norm,42,0.26934495660964525
33764.44,ROW-min-ED(FPS),412,6159,89250,0,nrmsd_norm,44,0.27125416402793034
33764.44,ROW-min-ED(FPS),412,6159,89250,0,nrmsd_norm,46,0.2721045209122874
33764.44,ROW-min-ED(FPS),412,6159,89250,0,nrmsd_norm,48,0.272612167058926
33764.44,ROW-min-ED(FPS),412,6159,89250,0,nrmsd_norm,50,0.2796642788060023
33764.44,ROW-min-ED(FPS),412,10803,89250,0,nrmsd_norm,55,0.2722302884754928
33764.44,ROW-min-ED(FPS),412,6159,89250,0,nrmsd_norm,60,0.2714786191637849
33764.44,ROW-min-ED(FPS),412,6159,89250,0,nrmsd_norm,65,0.26831020508191533
33764.44,ROW-min-ED(FPS),412,6159,89250,0,nrmsd_norm,70,0.2730241764149481
33764.44,ROW-min-ED(FPS),412,6159,89250,0,nrmsd_norm,75,0.27831016618811044
33764.44,ROW-min-ED(FPS),412,6159,89250,0,nrmsd_norm,80,0.26552903247243825
33764.44,ROW-min-ED(FPS),412,6159,89250,0,nrmsd_norm,85,0.25680653992580266
33764.44,ROW-min-ED(FPS),412,412,89250,0,nrmsd_norm,90,0.2579004113898412
33764.44,ROW-min-ED(FPS),412,412,89250,0,nrmsd_norm,95,0.2679688052904509
33764.44,ROW-min-ED(FPS),412,412,89250,0,nrmsd_norm,100,0.26264107186922636
33764.44,ROW-min-ED(FPS),412,3837,773956,0,nrmsd_norm,5,0.5624841416132723
33764.44,ROW-min-ED(FPS),412,3837,773956,0,nrmsd_norm,6,0.5071615732346836
33764.44,ROW-min-ED(FPS),412,1951,773956,0,nrmsd_norm,7,0.4519855815519129
33764.44,ROW-min-ED(FPS),412,1951,773956,0,nrmsd_norm,8,0.43309226368905973
33764.44,ROW-min-ED(FPS),412,1951,773956,0,nrmsd_norm,9,0.41504950394290446
33764.44,ROW-min-ED(FPS),412,412,773956,0,nrmsd_norm,10,0.41330140128974935
33764.44,ROW-min-ED(FPS),412,1951,773956,0,nrmsd_norm,11,0.42231836753951363
33764.44,ROW-min-ED(FPS),412,1951,773956,0,nrmsd_norm,12,0.4111602349940683
33764.44,ROW-min-ED(FPS),412,412,773956,0,nrmsd_norm,13,0.43951055068566314
33764.44,ROW-min-ED(FPS),412,412,773956,0,nrmsd_norm,14,0.4384461993294655
33764.44,ROW-min-ED(FPS),412,412,773956,0,nrmsd_norm,15,0.4152293619475283
33764.44,ROW-min-ED(FPS),412,2563,773956,0,nrmsd_norm,16,0.3806754580153894
33764.44,ROW-min-ED(FPS),412,2563,773956,0,nrmsd_norm,17,0.37710290721989553
33764.44,ROW-min-ED(FPS),412,2563,773956,0,nrmsd_norm,18,0.370292295440594
33764.44,ROW-min-ED(FPS),412,2563,773956,0,nrmsd_norm,19,0.35758872223126104
33764.44,ROW-min-ED(FPS),412,2563,773956,0,nrmsd_norm,20,0.35922283063801946
33764.44,ROW-min-ED(FPS),412,2563,773956,0,nrmsd_norm,22,0.3637472787538217
33764.44,ROW-min-ED(FPS),412,2563,773956,0,nrmsd_norm,24,0.3437449340110088
33764.44,ROW-min-ED(FPS),412,2563,773956,0,nrmsd_norm,26,0.33297398304212295
33764.44,ROW-min-ED(FPS),412,2563,773956,0,nrmsd_norm,28,0.3384182625264054
33764.44,ROW-min-ED(FPS),412,2563,773956,0,nrmsd_norm,30,0.31156682653226797
33764.44,ROW-min-ED(FPS),412,2563,773956,0,nrmsd_norm,32,0.30221365358090024
33764.44,ROW-min-ED(FPS),412,2563,773956,0,nrmsd_norm,34,0.31268652880455805
33764.44,ROW-min-ED(FPS),412,2563,773956,0,nrmsd_norm,36,0.3060844761918396
33764.44,ROW-min-ED(FPS),412,2563,773956,0,nrmsd_norm,38,0.2836410955252668
33764.44,ROW-min-ED(FPS),412,2563,773956,0,nrmsd_norm,40,0.27559521931450504
33764.44,ROW-min-ED(FPS),412,2563,773956,0,nrmsd_norm,42,0.2775349996658827
33764.44,ROW-min-ED(FPS),412,2563,773956,0,nrmsd_norm,44,0.27669399516810544
33764.44,ROW-min-ED(FPS),412,412,773956,0,nrmsd_norm,46,0.27788073148316905
33764.44,ROW-min-ED(FPS),412,2563,773956,0,nrmsd_norm,48,0.27639032486871445
33764.44,ROW-min-ED(FPS),412,412,773956,0,nrmsd_norm,50,0.276497756188567
33764.44,ROW-min-ED(FPS),412,2563,773956,0,nrmsd_norm,55,0.26872593171557346
33764.44,ROW-min-ED(FPS),412,412,773956,0,nrmsd_norm,60,0.26261450400570024
33764.44,ROW-min-ED(FPS),412,412,773956,0,nrmsd_norm,65,0.25999835911515173
33764.44,ROW-min-ED(FPS),412,412,773956,0,nrmsd_norm,70,0.2637690057812075
33764.44,ROW-min-ED(FPS),412,412,773956,0,nrmsd_norm,75,0.26752535286402757
33764.44,ROW-min-ED(FPS),412,412,773956,0,nrmsd_norm,80,0.2593977523233446
33764.44,ROW-min-ED(FPS),412,412,773956,0,nrmsd_norm,85,0.25574532516877957
33764.44,ROW-min-ED(FPS),412,412,773956,0,nrmsd_norm,90,0.2566466338654743
33764.44,ROW-min-ED(FPS),412,412,773956,0,nrmsd_norm,95,0.2667106731003898
33764.44,ROW-min-ED(FPS),412,412,773956,0,nrmsd_norm,100,0.2621448183749702
33764.44,ROW-min-ED(FPS),412,7812,654571,0,nrmsd_norm,5,0.6005889546140639
33764.44,ROW-min-ED(FPS),412,5884,654571,0,nrmsd_norm,6,0.5469680926642378
33764.44,ROW-min-ED(FPS),412,6388,654571,0,nrmsd_norm,7,0.4927172821762458
33764.44,ROW-min-ED(FPS),412,6388,654571,0,nrmsd_norm,8,0.4484921657770232
33764.44,ROW-min-ED(FPS),412,6388,654571,0,nrmsd_norm,9,0.4208833287319758
33764.44,ROW-min-ED(FPS),412,6388,654571,0,nrmsd_norm,10,0.42625655130473755
33764.44,ROW-min-ED(FPS),412,6388,654571,0,nrmsd_norm,11,0.39341766282126495
33764.44,ROW-min-ED(FPS),412,6388,654571,0,nrmsd_norm,12,0.3821998975389816
33764.44,ROW-min-ED(FPS),412,9237,654571,0,nrmsd_norm,13,0.38608054166122846
33764.44,ROW-min-ED(FPS),412,9237,654571,0,nrmsd_norm,14,0.39476493163592324
33764.44,ROW-min-ED(FPS),412,9237,654571,0,nrmsd_norm,15,0.363109369151671
33764.44,ROW-min-ED(FPS),412,10803,654571,0,nrmsd_norm,16,0.3610987751463988
33764.44,ROW-min-ED(FPS),412,6159,654571,0,nrmsd_norm,17,0.35766211795767894
33764.44,ROW-min-ED(FPS),412,6159,654571,0,nrmsd_norm,18,0.3536726372526456
33764.44,ROW-min-ED(FPS),412,6159,654571,0,nrmsd_norm,19,0.3443261118476313
33764.44,ROW-min-ED(FPS),412,6159,654571,0,nrmsd_norm,20,0.34733640325882026
33764.44,ROW-min-ED(FPS),412,6160,654571,0,nrmsd_norm,22,0.3510503689213747
33764.44,ROW-min-ED(FPS),412,10803,654571,0,nrmsd_norm,24,0.33407849257487465
33764.44,ROW-min-ED(FPS),412,10803,654571,0,nrmsd_norm,26,0.32258346174466074
33764.44,ROW-min-ED(FPS),412,10803,654571,0,nrmsd_norm,28,0.3259374556689724
33764.44,ROW-min-ED(FPS),412,10803,654571,0,nrmsd_norm,30,0.30411449068642843
33764.44,ROW-min-ED(FPS),412,10803,654571,0,nrmsd_norm,32,0.2943534419156463
33764.44,ROW-min-ED(FPS),412,10803,654571,0,nrmsd_norm,34,0.30437985480412444
33764.44,ROW-min-ED(FPS),412,10803,654571,0,nrmsd_norm,36,0.30861714635322285
33764.44,ROW-min-ED(FPS),412,6159,654571,0,nrmsd_norm,38,0.2929265232833835
33764.44,ROW-min-ED(FPS),412,10803,654571,0,nrmsd_norm,40,0.28239757486911266
33764.44,ROW-min-ED(FPS),412,10803,654571,0,nrmsd_norm,42,0.28408447309681323
33764.44,ROW-min-ED(FPS),412,10803,654571,0,nrmsd_norm,44,0.2856121283222905
33764.44,ROW-min-ED(FPS),412,10803,654571,0,nrmsd_norm,46,0.284449104468044
33764.44,ROW-min-ED(FPS),412,10803,654571,0,nrmsd_norm,48,0.2830665794693281
33764.44,ROW-min-ED(FPS),412,10803,654571,0,nrmsd_norm,50,0.2855518550633139
33764.44,ROW-min-ED(FPS),412,9237,654571,0,nrmsd_norm,55,0.2778372764845148
33764.44,ROW-min-ED(FPS),412,2563,654571,0,nrmsd_norm,60,0.2726205346148531
33764.44,ROW-min-ED(FPS),412,2563,654571,0,nrmsd_norm,65,0.2694015519274641
33764.44,ROW-min-ED(FPS),412,2563,654571,0,nrmsd_norm,70,0.2734540072422446
33764.44,ROW-min-ED(FPS),412,2563,654571,0,nrmsd_norm,75,0.27284469188068083
33764.44,ROW-min-ED(FPS),412,2563,654571,0,nrmsd_norm,80,0.2708996175581598
33764.44,ROW-min-ED(FPS),412,2563,654571,0,nrmsd_norm,85,0.2664891771833861
33764.44,ROW-min-ED(FPS),412,412,654571,0,nrmsd_norm,90,0.27148252826233227
33764.44,ROW-min-ED(FPS),412,2563,654571,0,nrmsd_norm,95,0.28201468250761885
33764.44,ROW-min-ED(FPS),412,412,654571,0,nrmsd_norm,100,0.27942271529238627
33764.44,ROW-min-ED(FPS),412,10885,438878,0,nrmsd_norm,5,0.5733205035095215
33764.44,ROW-min-ED(FPS),412,5884,438878,0,nrmsd_norm,6,0.5234130922018212
33764.44,ROW-min-ED(FPS),412,2563,438878,0,nrmsd_norm,7,0.46469422838106045
33764.44,ROW-min-ED(FPS),412,2563,438878,0,nrmsd_norm,8,0.4442784429836636
33764.44,ROW-min-ED(FPS),412,6389,438878,0,nrmsd_norm,9,0.419488130290812
33764.44,ROW-min-ED(FPS),412,6389,438878,0,nrmsd_norm,10,0.42334250748443375
33764.44,ROW-min-ED(FPS),412,9237,438878,0,nrmsd_norm,11,0.38967196864486464
33764.44,ROW-min-ED(FPS),412,9237,438878,0,nrmsd_norm,12,0.3777213604755204
33764.44,ROW-min-ED(FPS),412,9237,438878,0,nrmsd_norm,13,0.3861197379353579
33764.44,ROW-min-ED(FPS),412,9237,438878,0,nrmsd_norm,14,0.395245635066263
33764.44,ROW-min-ED(FPS),412,9237,438878,0,nrmsd_norm,15,0.3682953572559481
33764.44,ROW-min-ED(FPS),412,9237,438878,0,nrmsd_norm,16,0.345001700850035
33764.44,ROW-min-ED(FPS),412,6389,438878,0,nrmsd_norm,17,0.35055113943962224
33764.44,ROW-min-ED(FPS),412,6389,438878,0,nrmsd_norm,18,0.35258785468770487
33764.44,ROW-min-ED(FPS),412,6389,438878,0,nrmsd_norm,19,0.344047428055543
33764.44,ROW-min-ED(FPS),412,6389,438878,0,nrmsd_norm,20,0.3447760247816415
33764.44,ROW-min-ED(FPS),412,6389,438878,0,nrmsd_norm,22,0.34528503426248336
33764.44,ROW-min-ED(FPS),412,6389,438878,0,nrmsd_norm,24,0.32593585099191935
33764.44,ROW-min-ED(FPS),412,6389,438878,0,nrmsd_norm,26,0.31524294190346186
33764.44,ROW-min-ED(FPS),412,6389,438878,0,nrmsd_norm,28,0.3246448369155539
33764.44,ROW-min-ED(FPS),412,9237,438878,0,nrmsd_norm,30,0.3029610174299022
33764.44,ROW-min-ED(FPS),412,9237,438878,0,nrmsd_norm,32,0.2887704222417868
33764.44,ROW-min-ED(FPS),412,2563,438878,0,nrmsd_norm,34,0.30360853700406687
33764.44,ROW-min-ED(FPS),412,6389,438878,0,nrmsd_norm,36,0.2995687320855248
33764.44,ROW-min-ED(FPS),412,2563,438878,0,nrmsd_norm,38,0.28357294618751744
33764.44,ROW-min-ED(FPS),412,2563,438878,0,nrmsd_norm,40,0.2809446892072717
33764.44,ROW-min-ED(FPS),412,2563,438878,0,nrmsd_norm,42,0.28480062608506357
33764.44,ROW-min-ED(FPS),412,9237,438878,0,nrmsd_norm,44,0.28867992535419607
33764.44,ROW-min-ED(FPS),412,6389,438878,0,nrmsd_norm,46,0.29166024088295994
33764.44,ROW-min-ED(FPS),412,6389,438878,0,nrmsd_norm,48,0.29140888032808315
33764.44,ROW-min-ED(FPS),412,6389,438878,0,nrmsd_norm,50,0.2987648798301211
33764.44,ROW-min-ED(FPS),412,6389,438878,0,nrmsd_norm,55,0.2872366230113449
33764.44,ROW-min-ED(FPS),412,6389,438878,0,nrmsd_norm,60,0.281756652314023
33764.44,ROW-min-ED(FPS),412,6389,438878,0,nrmsd_norm,65,0.2771607049752697
33764.44,ROW-min-ED(FPS),412,6389,438878,0,nrmsd_norm,70,0.2804576894538262
33764.44,ROW-min-ED(FPS),412,6389,438878,0,nrmsd_norm,75,0.2834181242715563
33764.44,ROW-min-ED(FPS),412,6389,438878,0,nrmsd_norm,80,0.2766664090104799
33764.44,ROW-min-ED(FPS),412,6389,438878,0,nrmsd_norm,85,0.2730330472763012
33764.44,ROW-min-ED(FPS),412,6389,438878,0,nrmsd_norm,90,0.2709845716965001
33764.44,ROW-min-ED(FPS),412,2563,438878,0,nrmsd_norm,95,0.28126695414626823
33764.44,ROW-min-ED(FPS),412,2563,438878,0,nrmsd_norm,100,0.2743084430531805
33764.44,ROW-min-ED(FPS),412,9444,433015,0,nrmsd_norm,5,0.6223919006859182
33764.44,ROW-min-ED(FPS),412,6411,433015,0,nrmsd_norm,6,0.5730952215735792
33764.44,ROW-min-ED(FPS),412,6411,433015,0,nrmsd_norm,7,0.5053835291754368
33764.44,ROW-min-ED(FPS),412,3124,433015,0,nrmsd_norm,8,0.49404899652767187
33764.44,ROW-min-ED(FPS),412,3124,433015,0,nrmsd_norm,9,0.44884997664244763
33764.44,ROW-min-ED(FPS),412,3124,433015,0,nrmsd_norm,10,0.4451020653444183
33764.44,ROW-min-ED(FPS),412,5784,433015,0,nrmsd_norm,11,0.41712030372216674
33764.44,ROW-min-ED(FPS),412,412,433015,0,nrmsd_norm,12,0.4176853637690733
33764.44,ROW-min-ED(FPS),412,2563,433015,0,nrmsd_norm,13,0.41850210443867514
33764.44,ROW-min-ED(FPS),412,5953,433015,0,nrmsd_norm,14,0.42812003577659624
33764.44,ROW-min-ED(FPS),412,5784,433015,0,nrmsd_norm,15,0.39682464506449094
33764.44,ROW-min-ED(FPS),412,636,433015,0,nrmsd_norm,16,0.36840323450811047
33764.44,ROW-min-ED(FPS),412,1951,433015,0,nrmsd_norm,17,0.36858656403724616
33764.44,ROW-min-ED(FPS),412,1951,433015,0,nrmsd_norm,18,0.36381309827209296
33764.44,ROW-min-ED(FPS),412,1951,433015,0,nrmsd_norm,19,0.3518060418427216
33764.44,ROW-min-ED(FPS),412,1951,433015,0,nrmsd_norm,20,0.3530131298211125
33764.44,ROW-min-ED(FPS),412,412,433015,0,nrmsd_norm,22,0.3598132699809597
33764.44,ROW-min-ED(FPS),412,6159,433015,0,nrmsd_norm,24,0.34328585537298995
33764.44,ROW-min-ED(FPS),412,5953,433015,0,nrmsd_norm,26,0.3407800777751065
33764.44,ROW-min-ED(FPS),412,5953,433015,0,nrmsd_norm,28,0.3410287503114254
33764.44,ROW-min-ED(FPS),412,5953,433015,0,nrmsd_norm,30,0.3063480898068031
33764.44,ROW-min-ED(FPS),412,412,433015,0,nrmsd_norm,32,0.2954456203347079
33764.44,ROW-min-ED(FPS),412,412,433015,0,nrmsd_norm,34,0.3035678422265013
33764.44,ROW-min-ED(FPS),412,412,433015,0,nrmsd_norm,36,0.30899036281883485
33764.44,ROW-min-ED(FPS),412,5784,433015,0,nrmsd_norm,38,0.2875894894538951
33764.44,ROW-min-ED(FPS),412,5784,433015,0,nrmsd_norm,40,0.27752845892391836
33764.44,ROW-min-ED(FPS),412,5784,433015,0,nrmsd_norm,42,0.27781577989155903
33764.44,ROW-min-ED(FPS),412,5784,433015,0,nrmsd_norm,44,0.2762478193027092
33764.44,ROW-min-ED(FPS),412,5784,433015,0,nrmsd_norm,46,0.27945685041325014
33764.44,ROW-min-ED(FPS),412,5784,433015,0,nrmsd_norm,48,0.2799583048864877
33764.44,ROW-min-ED(FPS),412,5784,433015,0,nrmsd_norm,50,0.28445078754423586
33764.44,ROW-min-ED(FPS),412,412,433015,0,nrmsd_norm,55,0.27768189263283016
33764.44,ROW-min-ED(FPS),412,412,433015,0,nrmsd_norm,60,0.2707619272457672
33764.44,ROW-min-ED(FPS),412,412,433015,0,nrmsd_norm,65,0.26653891768395066
33764.44,ROW-min-ED(FPS),412,412,433015,0,nrmsd_norm,70,0.2698946029468479
33764.44,ROW-min-ED(FPS),412,412,433015,0,nrmsd_norm,75,0.2717143494813193
33764.44,ROW-min-ED(FPS),412,412,433015,0,nrmsd_norm,80,0.26971192459422555
33764.44,ROW-min-ED(FPS),412,412,433015,0,nrmsd_norm,85,0.2686067338275485
33764.44,ROW-min-ED(FPS),412,412,433015,0,nrmsd_norm,90,0.26712765104873065
33764.44,ROW-min-ED(FPS),412,412,433015,0,nrmsd_norm,95,0.27612791579548507
33764.44,ROW-min-ED(FPS),412,412,433015,0,nrmsd_norm,100,0.2709438612794763
33764.44,ROW-min-ED(FPS),412,10418,858597,0,nrmsd_norm,5,0.6222808186527607
33764.44,ROW-min-ED(FPS),412,10418,858597,0,nrmsd_norm,6,0.568777073985093
33764.44,ROW-min-ED(FPS),412,1460,858597,0,nrmsd_norm,7,0.5372365960670697
33764.44,ROW-min-ED(FPS),412,7831,858597,0,nrmsd_norm,8,0.4868070342475184
33764.44,ROW-min-ED(FPS),412,6160,858597,0,nrmsd_norm,9,0.46920305933145073
33764.44,ROW-min-ED(FPS),412,6160,858597,0,nrmsd_norm,10,0.4641978747919002
33764.44,ROW-min-ED(FPS),412,6160,858597,0,nrmsd_norm,11,0.4221821628226332
33764.44,ROW-min-ED(FPS),412,6160,858597,0,nrmsd_norm,12,0.40140639088926733
33764.44,ROW-min-ED(FPS),412,6160,858597,0,nrmsd_norm,13,0.43217901063255393
33764.44,ROW-min-ED(FPS),412,6160,858597,0,nrmsd_norm,14,0.4304236781623922
33764.44,ROW-min-ED(FPS),412,6160,858597,0,nrmsd_norm,15,0.4060870742246872
33764.44,ROW-min-ED(FPS),412,6160,858597,0,nrmsd_norm,16,0.39183711011331995
33764.44,ROW-min-ED(FPS),412,6160,858597,0,nrmsd_norm,17,0.3890172795521114
33764.44,ROW-min-ED(FPS),412,6160,858597,0,nrmsd_norm,18,0.37607364751261474
33764.44,ROW-min-ED(FPS),412,6160,858597,0,nrmsd_norm,19,0.367877221056473
33764.44,ROW-min-ED(FPS),412,6160,858597,0,nrmsd_norm,20,0.37345918505984815
33764.44,ROW-min-ED(FPS),412,5953,858597,0,nrmsd_norm,22,0.36555473158935964
33764.44,ROW-min-ED(FPS),412,5953,858597,0,nrmsd_norm,24,0.3402046997320203
33764.44,ROW-min-ED(FPS),412,412,858597,0,nrmsd_norm,26,0.32678845017852104
33764.44,ROW-min-ED(FPS),412,412,858597,0,nrmsd_norm,28,0.3315242601172772
33764.44,ROW-min-ED(FPS),412,412,858597,0,nrmsd_norm,30,0.30408636078822643
33764.44,ROW-min-ED(FPS),412,6159,858597,0,nrmsd_norm,32,0.2923020334067759
33764.44,ROW-min-ED(FPS),412,6159,858597,0,nrmsd_norm,34,0.3026201643144463
33764.44,ROW-min-ED(FPS),412,412,858597,0,nrmsd_norm,36,0.3008487227778537
33764.44,ROW-min-ED(FPS),412,412,858597,0,nrmsd_norm,38,0.2867214630871974
33764.44,ROW-min-ED(FPS),412,412,858597,0,nrmsd_norm,40,0.27597635174076884
33764.44,ROW-min-ED(FPS),412,412,858597,0,nrmsd_norm,42,0.27675369046150905
33764.44,ROW-min-ED(FPS),412,412,858597,0,nrmsd_norm,44,0.27688460341088933
33764.44,ROW-min-ED(FPS),412,412,858597,0,nrmsd_norm,46,0.2819888435888903
33764.44,ROW-min-ED(FPS),412,412,858597,0,nrmsd_norm,48,0.2815308259820932
33764.44,ROW-min-ED(FPS),412,412,858597,0,nrmsd_norm,50,0.29387027311564223
33764.44,ROW-min-ED(FPS),412,412,858597,0,nrmsd_norm,55,0.2834495933069182
33764.44,ROW-min-ED(FPS),412,412,858597,0,nrmsd_norm,60,0.2750099401372215
33764.44,ROW-min-ED(FPS),412,412,858597,0,nrmsd_norm,65,0.2688765485816382
33764.44,ROW-min-ED(FPS),412,412,858597,0,nrmsd_norm,70,0.27129990959177164
33764.44,ROW-min-ED(FPS),412,412,858597,0,nrmsd_norm,75,0.2750725931791758
33764.44,ROW-min-ED(FPS),412,412,858597,0,nrmsd_norm,80,0.26740856139579133
33764.44,ROW-min-ED(FPS),412,5953,858597,0,nrmsd_norm,85,0.2646071422832387
33764.44,ROW-min-ED(FPS),412,5953,858597,0,nrmsd_norm,90,0.26522929336063106
33764.44,ROW-min-ED(FPS),412,5953,858597,0,nrmsd_norm,95,0.27584042885635157
33764.44,ROW-min-ED(FPS),412,5953,858597,0,nrmsd_norm,100,0.27174597450541543
33764.44,ROW-min-ED(FPS),412,1979,85945,0,nrmsd_norm,5,0.5947393971373487
33764.44,ROW-min-ED(FPS),412,2563,85945,0,nrmsd_norm,6,0.5411451616058761
33764.44,ROW-min-ED(FPS),412,1951,85945,0,nrmsd_norm,7,0.4626498877170346
33764.44,ROW-min-ED(FPS),412,1951,85945,0,nrmsd_norm,8,0.4427970568197202
33764.44,ROW-min-ED(FPS),412,2563,85945,0,nrmsd_norm,9,0.42566096632662875
33764.44,ROW-min-ED(FPS),412,2563,85945,0,nrmsd_norm,10,0.4181891213699145
33764.44,ROW-min-ED(FPS),412,2563,85945,0,nrmsd_norm,11,0.3669613869859384
33764.44,ROW-min-ED(FPS),412,2563,85945,0,nrmsd_norm,12,0.36498301820700413
33764.44,ROW-min-ED(FPS),412,2563,85945,0,nrmsd_norm,13,0.3715986338562661
33764.44,ROW-min-ED(FPS),412,2563,85945,0,nrmsd_norm,14,0.3763275646661949
33764.44,ROW-min-ED(FPS),412,2563,85945,0,nrmsd_norm,15,0.35842210558205784
33764.44,ROW-min-ED(FPS),412,6159,85945,0,nrmsd_norm,16,0.3511090492508199
33764.44,ROW-min-ED(FPS),412,6159,85945,0,nrmsd_norm,17,0.3466748828441626
33764.44,ROW-min-ED(FPS),412,6159,85945,0,nrmsd_norm,18,0.340361560881702
33764.44,ROW-min-ED(FPS),412,6159,85945,0,nrmsd_norm,19,0.33042811031002634
33764.44,ROW-min-ED(FPS),412,6159,85945,0,nrmsd_norm,20,0.33169034274623316
33764.44,ROW-min-ED(FPS),412,6159,85945,0,nrmsd_norm,22,0.33768562649769884
33764.44,ROW-min-ED(FPS),412,6159,85945,0,nrmsd_norm,24,0.3199309499600092
33764.44,ROW-min-ED(FPS),412,6159,85945,0,nrmsd_norm,26,0.31863057396312117
33764.44,ROW-min-ED(FPS),412,6159,85945,0,nrmsd_norm,28,0.31856926641748695
33764.44,ROW-min-ED(FPS),412,6159,85945,0,nrmsd_norm,30,0.2996356848741685
33764.44,ROW-min-ED(FPS),412,6159,85945,0,nrmsd_norm,32,0.2891928738397143
33764.44,ROW-min-ED(FPS),412,6159,85945,0,nrmsd_norm,34,0.2961322941231839
33764.44,ROW-min-ED(FPS),412,6159,85945,0,nrmsd_norm,36,0.30068824809229605
33764.44,ROW-min-ED(FPS),412,6159,85945,0,nrmsd_norm,38,0.2833399023979434
33764.44,ROW-min-ED(FPS),412,5953,85945,0,nrmsd_norm,40,0.2729124551658904
33764.44,ROW-min-ED(FPS),412,5953,85945,0,nrmsd_norm,42,0.27395993532820423
33764.44,ROW-min-ED(FPS),412,5953,85945,0,nrmsd_norm,44,0.273249516942834
33764.44,ROW-min-ED(FPS),412,412,85945,0,nrmsd_norm,46,0.2774970457749026
33764.44,ROW-min-ED(FPS),412,6159,85945,0,nrmsd_norm,48,0.2793896707887166
33764.44,ROW-min-ED(FPS),412,412,85945,0,nrmsd_norm,50,0.28109449235758854
33764.44,ROW-min-ED(FPS),412,6159,85945,0,nrmsd_norm,55,0.27295185356970203
33764.44,ROW-min-ED(FPS),412,412,85945,0,nrmsd_norm,60,0.269742923140834
33764.44,ROW-min-ED(FPS),412,412,85945,0,nrmsd_norm,65,0.2634490500278266
33764.44,ROW-min-ED(FPS),412,412,85945,0,nrmsd_norm,70,0.26668048674648603
33764.44,ROW-min-ED(FPS),412,5953,85945,0,nrmsd_norm,75,0.2769046139491044
33764.44,ROW-min-ED(FPS),412,5953,85945,0,nrmsd_norm,80,0.2666845849920134
33764.44,ROW-min-ED(FPS),412,412,85945,0,nrmsd_norm,85,0.2671918312585469
33764.44,ROW-min-ED(FPS),412,412,85945,0,nrmsd_norm,90,0.2647621650865126
33764.44,ROW-min-ED(FPS),412,412,85945,0,nrmsd_norm,95,0.2728262553093057
33764.44,ROW-min-ED(FPS),412,412,85945,0,nrmsd_norm,100,0.2664030143230322
33764.44,ROW-min-ED(FPS),412,5658,697368,0,nrmsd_norm,5,0.5856597845784516
33764.44,ROW-min-ED(FPS),412,5660,697368,0,nrmsd_norm,6,0.5375116441061715
33764.44,ROW-min-ED(FPS),412,5660,697368,0,nrmsd_norm,7,0.4899667568193721
33764.44,ROW-min-ED(FPS),412,5658,697368,0,nrmsd_norm,8,0.48391253066866824
33764.44,ROW-min-ED(FPS),412,5782,697368,0,nrmsd_norm,9,0.44239767096419974
33764.44,ROW-min-ED(FPS),412,5782,697368,0,nrmsd_norm,10,0.43770994679250497
33764.44,ROW-min-ED(FPS),412,5782,697368,0,nrmsd_norm,11,0.42098867157505787
33764.44,ROW-min-ED(FPS),412,5782,697368,0,nrmsd_norm,12,0.42050541514933837
33764.44,ROW-min-ED(FPS),412,5782,697368,0,nrmsd_norm,13,0.42104931941784945
33764.44,ROW-min-ED(FPS),412,5782,697368,0,nrmsd_norm,14,0.4224697484957482
33764.44,ROW-min-ED(FPS),412,5782,697368,0,nrmsd_norm,15,0.38889344488337396
33764.44,ROW-min-ED(FPS),412,5783,697368,0,nrmsd_norm,16,0.3661930078145212
33764.44,ROW-min-ED(FPS),412,9444,697368,0,nrmsd_norm,17,0.3588935724375845
33764.44,ROW-min-ED(FPS),412,5783,697368,0,nrmsd_norm,18,0.3515869953329457
33764.44,ROW-min-ED(FPS),412,5782,697368,0,nrmsd_norm,19,0.3415729181523565
33764.44,ROW-min-ED(FPS),412,5782,697368,0,nrmsd_norm,20,0.34077666192095857
33764.44,ROW-min-ED(FPS),412,12146,697368,0,nrmsd_norm,22,0.34754139818642465
33764.44,ROW-min-ED(FPS),412,4003,697368,0,nrmsd_norm,24,0.330628010358777
33764.44,ROW-min-ED(FPS),412,5784,697368,0,nrmsd_norm,26,0.32238256778012814
33764.44,ROW-min-ED(FPS),412,5784,697368,0,nrmsd_norm,28,0.32391008415996925
33764.44,ROW-min-ED(FPS),412,5784,697368,0,nrmsd_norm,30,0.30343265600836716
33764.44,ROW-min-ED(FPS),412,5784,697368,0,nrmsd_norm,32,0.29319035900020723
33764.44,ROW-min-ED(FPS),412,5784,697368,0,nrmsd_norm,34,0.3000719130276931
33764.44,ROW-min-ED(FPS),412,5784,697368,0,nrmsd_norm,36,0.30343024697980037
33764.44,ROW-min-ED(FPS),412,5784,697368,0,nrmsd_norm,38,0.2854532665479927
33764.44,ROW-min-ED(FPS),412,5784,697368,0,nrmsd_norm,40,0.27461812420424553
33764.44,ROW-min-ED(FPS),412,5784,697368,0,nrmsd_norm,42,0.27569592705325546
33764.44,ROW-min-ED(FPS),412,5784,697368,0,nrmsd_norm,44,0.27515953705561197
33764.44,ROW-min-ED(FPS),412,412,697368,0,nrmsd_norm,46,0.27853319572096624
33764.44,ROW-min-ED(FPS),412,1951,697368,0,nrmsd_norm,48,0.2755031178274448
33764.44,ROW-min-ED(FPS),412,1951,697368,0,nrmsd_norm,50,0.2786750479171255
33764.44,ROW-min-ED(FPS),412,412,697368,0,nrmsd_norm,55,0.2726922632015403
33764.44,ROW-min-ED(FPS),412,412,697368,0,nrmsd_norm,60,0.2696381725931402
33764.44,ROW-min-ED(FPS),412,412,697368,0,nrmsd_norm,65,0.26732275367620795
33764.44,ROW-min-ED(FPS),412,412,697368,0,nrmsd_norm,70,0.27112243536674274
33764.44,ROW-min-ED(FPS),412,412,697368,0,nrmsd_norm,75,0.2741992534372339
33764.44,ROW-min-ED(FPS),412,412,697368,0,nrmsd_norm,80,0.26623517685904324
33764.44,ROW-min-ED(FPS),412,412,697368,0,nrmsd_norm,85,0.2614121195982818
33764.44,ROW-min-ED(FPS),412,412,697368,0,nrmsd_norm,90,0.26185912790293164
33764.44,ROW-min-ED(FPS),412,412,697368,0,nrmsd_norm,95,0.2721612637887936
33764.44,ROW-min-ED(FPS),412,412,697368,0,nrmsd_norm,100,0.26634765388307546
33764.44,ROW-min-ED(FPS),412,5949,201469,0,nrmsd_norm,5,0.5790526198602137
33764.44,ROW-min-ED(FPS),412,5949,201469,0,nrmsd_norm,6,0.5304556938578567
33764.44,ROW-min-ED(FPS),412,5784,201469,0,nrmsd_norm,7,0.4783805620877051
33764.44,ROW-min-ED(FPS),412,1951,201469,0,nrmsd_norm,8,0.45988081121358465
33764.44,ROW-min-ED(FPS),412,9444,201469,0,nrmsd_norm,9,0.4239905720783557
33764.44,ROW-min-ED(FPS),412,9444,201469,0,nrmsd_norm,10,0.4237222594255043
33764.44,ROW-min-ED(FPS),412,1951,201469,0,nrmsd_norm,11,0.37956011103691173
33764.44,ROW-min-ED(FPS),412,412,201469,0,nrmsd_norm,12,0.36747840974295554
33764.44,ROW-min-ED(FPS),412,412,201469,0,nrmsd_norm,13,0.37474094857713064
33764.44,ROW-min-ED(FPS),412,412,201469,0,nrmsd_norm,14,0.3785422733117123
33764.44,ROW-min-ED(FPS),412,412,201469,0,nrmsd_norm,15,0.35981310442250386
33764.44,ROW-min-ED(FPS),412,2563,201469,0,nrmsd_norm,16,0.33815174540833015
33764.44,ROW-min-ED(FPS),412,2563,201469,0,nrmsd_norm,17,0.3358707537285556
33764.44,ROW-min-ED(FPS),412,412,201469,0,nrmsd_norm,18,0.32614158992080866
33764.44,ROW-min-ED(FPS),412,412,201469,0,nrmsd_norm,19,0.31717106049523014
33764.44,ROW-min-ED(FPS),412,412,201469,0,nrmsd_norm,20,0.3167753465583839
33764.44,ROW-min-ED(FPS),412,412,201469,0,nrmsd_norm,22,0.3221573785552867
33764.44,ROW-min-ED(FPS),412,412,201469,0,nrmsd_norm,24,0.30407015084676015
33764.44,ROW-min-ED(FPS),412,2563,201469,0,nrmsd_norm,26,0.29351493447109667
33764.44,ROW-min-ED(FPS),412,412,201469,0,nrmsd_norm,28,0.2963114275475226
33764.44,ROW-min-ED(FPS),412,412,201469,0,nrmsd_norm,30,0.2816548949287854
33764.44,ROW-min-ED(FPS),412,412,201469,0,nrmsd_norm,32,0.276127251410375
33764.44,ROW-min-ED(FPS),412,2563,201469,0,nrmsd_norm,34,0.2845809790529301
33764.44,ROW-min-ED(FPS),412,412,201469,0,nrmsd_norm,36,0.29658453158297454
33764.44,ROW-min-ED(FPS),412,412,201469,0,nrmsd_norm,38,0.27820168564725545
33764.44,ROW-min-ED(FPS),412,412,201469,0,nrmsd_norm,40,0.271053971665263
33764.44,ROW-min-ED(FPS),412,412,201469,0,nrmsd_norm,42,0.2710256912961437
33764.44,ROW-min-ED(FPS),412,412,201469,0,nrmsd_norm,44,0.2720518908868103
33764.44,ROW-min-ED(FPS),412,412,201469,0,nrmsd_norm,46,0.2712751919715676
33764.44,ROW-min-ED(FPS),412,412,201469,0,nrmsd_norm,48,0.2711776913961638
33764.44,ROW-min-ED(FPS),412,412,201469,0,nrmsd_norm,50,0.2718226625279231
33764.44,ROW-min-ED(FPS),412,6159,201469,0,nrmsd_norm,55,0.2627999734057653
33764.44,ROW-min-ED(FPS),412,2563,201469,0,nrmsd_norm,60,0.26443054129013355
33764.44,ROW-min-ED(FPS),412,2563,201469,0,nrmsd_norm,65,0.2666335518031744
33764.44,ROW-min-ED(FPS),412,2563,201469,0,nrmsd_norm,70,0.27034057803187916
33764.44,ROW-min-ED(FPS),412,2563,201469,0,nrmsd_norm,75,0.2662876577010778
33764.44,ROW-min-ED(FPS),412,9237,201469,0,nrmsd_norm,80,0.2555094437807445
33764.44,ROW-min-ED(FPS),412,9237,201469,0,nrmsd_norm,85,0.25437554675296864
33764.44,ROW-min-ED(FPS),412,2563,201469,0,nrmsd_norm,90,0.25371911337802017
33764.44,ROW-min-ED(FPS),412,2563,201469,0,nrmsd_norm,95,0.2659594385851596
33764.44,ROW-min-ED(FPS),412,2563,201469,0,nrmsd_norm,100,0.2600188528923853
33764.44,ROW-min-ED(FPS),412,6398,94177,0,nrmsd_norm,5,0.6020455659458486
33764.44,ROW-min-ED(FPS),412,6159,94177,0,nrmsd_norm,6,0.5458595071682715
33764.44,ROW-min-ED(FPS),412,6159,94177,0,nrmsd_norm,7,0.47976556079058796
33764.44,ROW-min-ED(FPS),412,6159,94177,0,nrmsd_norm,8,0.4531814133663177
33764.44,ROW-min-ED(FPS),412,6159,94177,0,nrmsd_norm,9,0.421358913411565
33764.44,ROW-min-ED(FPS),412,6159,94177,0,nrmsd_norm,10,0.42492510569817077
33764.44,ROW-min-ED(FPS),412,9237,94177,0,nrmsd_norm,11,0.4095425644676662
33764.44,ROW-min-ED(FPS),412,412,94177,0,nrmsd_norm,12,0.4036377719011804
33764.44,ROW-min-ED(FPS),412,6159,94177,0,nrmsd_norm,13,0.41374642020380487
33764.44,ROW-min-ED(FPS),412,5953,94177,0,nrmsd_norm,14,0.4213241298879147
33764.44,ROW-min-ED(FPS),412,5953,94177,0,nrmsd_norm,15,0.3882787962200575
33764.44,ROW-min-ED(FPS),412,5953,94177,0,nrmsd_norm,16,0.3735297989612596
33764.44,ROW-min-ED(FPS),412,5953,94177,0,nrmsd_norm,17,0.3672678307416335
33764.44,ROW-min-ED(FPS),412,5953,94177,0,nrmsd_norm,18,0.3674115605823478
33764.44,ROW-min-ED(FPS),412,5953,94177,0,nrmsd_norm,19,0.3572327308201263
33764.44,ROW-min-ED(FPS),412,5953,94177,0,nrmsd_norm,20,0.3610113652518855
33764.44,ROW-min-ED(FPS),412,5953,94177,0,nrmsd_norm,22,0.36523979077024643
33764.44,ROW-min-ED(FPS),412,5953,94177,0,nrmsd_norm,24,0.34640065267825954
33764.44,ROW-min-ED(FPS),412,5953,94177,0,nrmsd_norm,26,0.3426002938873771
33764.44,ROW-min-ED(FPS),412,5953,94177,0,nrmsd_norm,28,0.3423115305632586
33764.44,ROW-min-ED(FPS),412,5953,94177,0,nrmsd_norm,30,0.31475274536168324
33764.44,ROW-min-ED(FPS),412,5953,94177,0,nrmsd_norm,32,0.3056153829716315
33764.44,ROW-min-ED(FPS),412,5953,94177,0,nrmsd_norm,34,0.31139448839070855
33764.44,ROW-min-ED(FPS),412,5953,94177,0,nrmsd_norm,36,0.313666050575874
33764.44,ROW-min-ED(FPS),412,5953,94177,0,nrmsd_norm,38,0.3053682781246925
33764.44,ROW-min-ED(FPS),412,5953,94177,0,nrmsd_norm,40,0.29529724399381885
33764.44,ROW-min-ED(FPS),412,5953,94177,0,nrmsd_norm,42,0.2969205119809189
33764.44,ROW-min-ED(FPS),412,5953,94177,0,nrmsd_norm,44,0.2941505643881032
33764.44,ROW-min-ED(FPS),412,412,94177,0,nrmsd_norm,46,0.29750747944361233
33764.44,ROW-min-ED(FPS),412,5953,94177,0,nrmsd_norm,48,0.29734456360846273
33764.44,ROW-min-ED(FPS),412,5953,94177,0,nrmsd_norm,50,0.3030041830109906
33764.44,ROW-min-ED(FPS),412,5953,94177,0,nrmsd_norm,55,0.2916881780536416
33764.44,ROW-min-ED(FPS),412,6159,94177,0,nrmsd_norm,60,0.2858017577982574
33764.44,ROW-min-ED(FPS),412,6159,94177,0,nrmsd_norm,65,0.28169977023786996
33764.44,ROW-min-ED(FPS),412,6159,94177,0,nrmsd_norm,70,0.2867017296557367
33764.44,ROW-min-ED(FPS),412,10803,94177,0,nrmsd_norm,75,0.285370201642367
33764.44,ROW-min-ED(FPS),412,9237,94177,0,nrmsd_norm,80,0.2752535537507384
33764.44,ROW-min-ED(FPS),412,9237,94177,0,nrmsd_norm,85,0.27400667683062746
33764.44,ROW-min-ED(FPS),412,9237,94177,0,nrmsd_norm,90,0.27480207963538794
33764.44,ROW-min-ED(FPS),412,9237,94177,0,nrmsd_norm,95,0.28373367894650664
33764.44,ROW-min-ED(FPS),412,9237,94177,0,nrmsd_norm,100,0.2833073066185246
33764.44,COL-mean-ED,412,12259,89250,0,nrmsd_norm,5,0.7212153701674956
33764.44,COL-mean-ED,412,6425,89250,0,nrmsd_norm,6,0.7108697767823934
33764.44,COL-mean-ED,412,6425,89250,0,nrmsd_norm,7,0.7280379823865156
33764.44,COL-mean-ED,412,1879,89250,0,nrmsd_norm,8,0.7364744892143443
33764.44,COL-mean-ED,412,1269,89250,0,nrmsd_norm,9,0.7365856682204535
33764.44,COL-mean-ED,412,3766,89250,0,nrmsd_norm,10,0.6822312983204686
33764.44,COL-mean-ED,412,4492,89250,0,nrmsd_norm,11,0.6780898471557063
33764.44,COL-mean-ED,412,9237,89250,0,nrmsd_norm,12,0.6692085019667838
33764.44,COL-mean-ED,412,6388,89250,0,nrmsd_norm,13,0.6771536080175817
33764.44,COL-mean-ED,412,6388,89250,0,nrmsd_norm,14,0.6814852137933387
33764.44,COL-mean-ED,412,6388,89250,0,nrmsd_norm,15,0.686138822330822
33764.44,COL-mean-ED,412,7516,89250,0,nrmsd_norm,16,0.6408650600339476
33764.44,COL-mean-ED,412,7516,89250,0,nrmsd_norm,17,0.6406411662146857
33764.44,COL-mean-ED,412,7516,89250,0,nrmsd_norm,18,0.6379275163306334
33764.44,COL-mean-ED,412,7516,89250,0,nrmsd_norm,19,0.6411935366768472
33764.44,COL-mean-ED,412,11208,89250,0,nrmsd_norm,20,0.6328321857379139
33764.44,COL-mean-ED,412,11208,89250,0,nrmsd_norm,22,0.6582387213162799
33764.44,COL-mean-ED,412,11208,89250,0,nrmsd_norm,24,0.663918376364233
33764.44,COL-mean-ED,412,11208,89250,0,nrmsd_norm,26,0.6522665121138395
33764.44,COL-mean-ED,412,11208,89250,0,nrmsd_norm,28,0.6603184456951733
33764.44,COL-mean-ED,412,11208,89250,0,nrmsd_norm,30,0.66234353025554
33764.44,COL-mean-ED,412,11208,89250,0,nrmsd_norm,32,0.6724723782308328
33764.44,COL-mean-ED,412,11208,89250,0,nrmsd_norm,34,0.6708948069950529
33764.44,COL-mean-ED,412,8577,89250,0,nrmsd_norm,36,0.6651207531132552
33764.44,COL-mean-ED,412,11208,89250,0,nrmsd_norm,38,0.6675572081079207
33764.44,COL-mean-ED,412,11208,89250,0,nrmsd_norm,40,0.6691342446330775
33764.44,COL-mean-ED,412,5660,89250,0,nrmsd_norm,42,0.6758979658346517
33764.44,COL-mean-ED,412,5660,89250,0,nrmsd_norm,44,0.6792109804244472
33764.44,COL-mean-ED,412,5660,89250,0,nrmsd_norm,46,0.6806493920420954
33764.44,COL-mean-ED,412,5660,89250,0,nrmsd_norm,48,0.6451027902539102
33764.44,COL-mean-ED,412,5660,89250,0,nrmsd_norm,50,0.6453882510514072
33764.44,COL-mean-ED,412,5658,89250,0,nrmsd_norm,55,0.6458318718286461
33764.44,COL-mean-ED,412,905,89250,0,nrmsd_norm,60,0.6568465425778856
33764.44,COL-mean-ED,412,12146,89250,0,nrmsd_norm,65,0.6639439566068716
33764.44,COL-mean-ED,412,6170,89250,0,nrmsd_norm,70,0.6779560618892273
33764.44,COL-mean-ED,412,4003,89250,0,nrmsd_norm,75,0.6732829409943558
33764.44,COL-mean-ED,412,12146,89250,0,nrmsd_norm,80,0.6818009143194813
33764.44,COL-mean-ED,412,5784,89250,0,nrmsd_norm,85,0.6723702938058388
33764.44,COL-mean-ED,412,9444,89250,0,nrmsd_norm,90,0.6676671731299286
33764.44,COL-mean-ED,412,9444,89250,0,nrmsd_norm,95,0.6739601789643734
33764.44,COL-mean-ED,412,9444,89250,0,nrmsd_norm,100,0.6712435318523284
33764.44,COL-mean-ED,412,5601,773956,0,nrmsd_norm,5,0.6909814926300639
33764.44,COL-mean-ED,412,179,773956,0,nrmsd_norm,6,0.6660414120531576
33764.44,COL-mean-ED,412,3927,773956,0,nrmsd_norm,7,0.6834921565069488
33764.44,COL-mean-ED,412,5029,773956,0,nrmsd_norm,8,0.695001431679406
33764.44,COL-mean-ED,412,5226,773956,0,nrmsd_norm,9,0.6957638807876046
33764.44,COL-mean-ED,412,1027,773956,0,nrmsd_norm,10,0.6481698088644741
33764.44,COL-mean-ED,412,6390,773956,0,nrmsd_norm,11,0.6436725162754635
33764.44,COL-mean-ED,412,7054,773956,0,nrmsd_norm,12,0.6294300908363043
33764.44,COL-mean-ED,412,9067,773956,0,nrmsd_norm,13,0.6268070243017105
33764.44,COL-mean-ED,412,9067,773956,0,nrmsd_norm,14,0.6307735861090187
33764.44,COL-mean-ED,412,9067,773956,0,nrmsd_norm,15,0.6389200105558737
33764.44,COL-mean-ED,412,1105,773956,0,nrmsd_norm,16,0.6304568942032543
33764.44,COL-mean-ED,412,1105,773956,0,nrmsd_norm,17,0.6265269820738016
33764.44,COL-mean-ED,412,1631,773956,0,nrmsd_norm,18,0.6258165187618716
33764.44,COL-mean-ED,412,1631,773956,0,nrmsd_norm,19,0.6258457349557138
33764.44,COL-mean-ED,412,1631,773956,0,nrmsd_norm,20,0.6160824537792308
33764.44,COL-mean-ED,412,1631,773956,0,nrmsd_norm,22,0.6333973710354053
33764.44,COL-mean-ED,412,1631,773956,0,nrmsd_norm,24,0.6408480124770717
33764.44,COL-mean-ED,412,646,773956,0,nrmsd_norm,26,0.6254244331756658
33764.44,COL-mean-ED,412,6418,773956,0,nrmsd_norm,28,0.6370043646600597
33764.44,COL-mean-ED,412,6418,773956,0,nrmsd_norm,30,0.6401651089766546
33764.44,COL-mean-ED,412,6418,773956,0,nrmsd_norm,32,0.6491996149378197
33764.44,COL-mean-ED,412,5661,773956,0,nrmsd_norm,34,0.6447744743116645
33764.44,COL-mean-ED,412,5661,773956,0,nrmsd_norm,36,0.6453260373187499
33764.44,COL-mean-ED,412,12058,773956,0,nrmsd_norm,38,0.650197950617071
33764.44,COL-mean-ED,412,9026,773956,0,nrmsd_norm,40,0.6280421724572264
33764.44,COL-mean-ED,412,9026,773956,0,nrmsd_norm,42,0.6301803780112987
33764.44,COL-mean-ED,412,9026,773956,0,nrmsd_norm,44,0.6339799683788514
33764.44,COL-mean-ED,412,6878,773956,0,nrmsd_norm,46,0.642245189090877
33764.44,COL-mean-ED,412,6161,773956,0,nrmsd_norm,48,0.6160681219746639
33764.44,COL-mean-ED,412,6161,773956,0,nrmsd_norm,50,0.6157255270279699
33764.44,COL-mean-ED,412,6169,773956,0,nrmsd_norm,55,0.6228825978223376
33764.44,COL-mean-ED,412,6160,773956,0,nrmsd_norm,60,0.6405322506769665
33764.44,COL-mean-ED,412,6160,773956,0,nrmsd_norm,65,0.6374142094497101
33764.44,COL-mean-ED,412,6160,773956,0,nrmsd_norm,70,0.6515860614096369
33764.44,COL-mean-ED,412,6160,773956,0,nrmsd_norm,75,0.6504244291382815
33764.44,COL-mean-ED,412,6160,773956,0,nrmsd_norm,80,0.6575699220133198
33764.44,COL-mean-ED,412,6160,773956,0,nrmsd_norm,85,0.6475016820067848
33764.44,COL-mean-ED,412,6159,773956,0,nrmsd_norm,90,0.648715265469798
33764.44,COL-mean-ED,412,8075,773956,0,nrmsd_norm,95,0.653142810056662
33764.44,COL-mean-ED,412,6159,773956,0,nrmsd_norm,100,0.6537672022027701
33764.44,COL-mean-ED,412,11868,654571,0,nrmsd_norm,5,0.6883957271548299
33764.44,COL-mean-ED,412,1105,654571,0,nrmsd_norm,6,0.6517441891503312
33764.44,COL-mean-ED,412,1105,654571,0,nrmsd_norm,7,0.6686909884503691
33764.44,COL-mean-ED,412,4356,654571,0,nrmsd_norm,8,0.6833616721373923
33764.44,COL-mean-ED,412,4356,654571,0,nrmsd_norm,9,0.6790739407251647
33764.44,COL-mean-ED,412,5185,654571,0,nrmsd_norm,10,0.6509412964550222
33764.44,COL-mean-ED,412,5185,654571,0,nrmsd_norm,11,0.6480719619445181
33764.44,COL-mean-ED,412,4093,654571,0,nrmsd_norm,12,0.6497175171366132
33764.44,COL-mean-ED,412,4820,654571,0,nrmsd_norm,13,0.6452471026452574
33764.44,COL-mean-ED,412,4820,654571,0,nrmsd_norm,14,0.6512506863771179
33764.44,COL-mean-ED,412,4820,654571,0,nrmsd_norm,15,0.6545086265010489
33764.44,COL-mean-ED,412,4190,654571,0,nrmsd_norm,16,0.6155645740785607
33764.44,COL-mean-ED,412,4190,654571,0,nrmsd_norm,17,0.6161443379065833
33764.44,COL-mean-ED,412,4190,654571,0,nrmsd_norm,18,0.6129074449141159
33764.44,COL-mean-ED,412,4190,654571,0,nrmsd_norm,19,0.6165282759363465
33764.44,COL-mean-ED,412,4998,654571,0,nrmsd_norm,20,0.6076800932113031
33764.44,COL-mean-ED,412,11258,654571,0,nrmsd_norm,22,0.6205246742125403
33764.44,COL-mean-ED,412,11258,654571,0,nrmsd_norm,24,0.6276009122771047
33764.44,COL-mean-ED,412,4190,654571,0,nrmsd_norm,26,0.6150891982058454
33764.44,COL-mean-ED,412,4190,654571,0,nrmsd_norm,28,0.6194155258526646
33764.44,COL-mean-ED,412,4190,654571,0,nrmsd_norm,30,0.6230647305878191
33764.44,COL-mean-ED,412,699,654571,0,nrmsd_norm,32,0.6400947191513382
33764.44,COL-mean-ED,412,699,654571,0,nrmsd_norm,34,0.640525325159541
33764.44,COL-mean-ED,412,699,654571,0,nrmsd_norm,36,0.6493027100148183
33764.44,COL-mean-ED,412,699,654571,0,nrmsd_norm,38,0.6433263031044393
33764.44,COL-mean-ED,412,699,654571,0,nrmsd_norm,40,0.6449690870378465
33764.44,COL-mean-ED,412,699,654571,0,nrmsd_norm,42,0.651366718101772
33764.44,COL-mean-ED,412,699,654571,0,nrmsd_norm,44,0.6549610210178722
33764.44,COL-mean-ED,412,699,654571,0,nrmsd_norm,46,0.6552018825327601
33764.44,COL-mean-ED,412,699,654571,0,nrmsd_norm,48,0.6413493844348868
33764.44,COL-mean-ED,412,699,654571,0,nrmsd_norm,50,0.6412101467565419
33764.44,COL-mean-ED,412,699,654571,0,nrmsd_norm,55,0.6462267567386427
33764.44,COL-mean-ED,412,10773,654571,0,nrmsd_norm,60,0.669392930494444
33764.44,COL-mean-ED,412,9338,654571,0,nrmsd_norm,65,0.6744888527058367
33764.44,COL-mean-ED,412,9338,654571,0,nrmsd_norm,70,0.68528201047878
33764.44,COL-mean-ED,412,9338,654571,0,nrmsd_norm,75,0.6899703711301196
33764.44,COL-mean-ED,412,6559,654571,0,nrmsd_norm,80,0.6843707049118595
33764.44,COL-mean-ED,412,6097,654571,0,nrmsd_norm,85,0.6719400353280951
33764.44,COL-mean-ED,412,6097,654571,0,nrmsd_norm,90,0.6636300520296102
33764.44,COL-mean-ED,412,6392,654571,0,nrmsd_norm,95,0.6676799654904342
33764.44,COL-mean-ED,412,1132,654571,0,nrmsd_norm,100,0.6673865301924201
33764.44,COL-mean-ED,412,4909,438878,0,nrmsd_norm,5,0.6990515849984967
33764.44,COL-mean-ED,412,5227,438878,0,nrmsd_norm,6,0.6636232430973088
33764.44,COL-mean-ED,412,5227,438878,0,nrmsd_norm,7,0.6878383505351571
33764.44,COL-mean-ED,412,6152,438878,0,nrmsd_norm,8,0.7047351994468788
33764.44,COL-mean-ED,412,1774,438878,0,nrmsd_norm,9,0.7224887485605864
33764.44,COL-mean-ED,412,7408,438878,0,nrmsd_norm,10,0.6553167941746968
33764.44,COL-mean-ED,412,1215,438878,0,nrmsd_norm,11,0.6569041075467653
33764.44,COL-mean-ED,412,11504,438878,0,nrmsd_norm,12,0.6532662398908876
33764.44,COL-mean-ED,412,601,438878,0,nrmsd_norm,13,0.6522399562057255
33764.44,COL-mean-ED,412,601,438878,0,nrmsd_norm,14,0.6595062627424463
33764.44,COL-mean-ED,412,11065,438878,0,nrmsd_norm,15,0.6659191088550281
33764.44,COL-mean-ED,412,9946,438878,0,nrmsd_norm,16,0.6052397244924725
33764.44,COL-mean-ED,412,9946,438878,0,nrmsd_norm,17,0.6027310417687436
33764.44,COL-mean-ED,412,12012,438878,0,nrmsd_norm,18,0.6084207976104746
33764.44,COL-mean-ED,412,6346,438878,0,nrmsd_norm,19,0.6055245899204149
33764.44,COL-mean-ED,412,1172,438878,0,nrmsd_norm,20,0.5803800818503174
33764.44,COL-mean-ED,412,6601,438878,0,nrmsd_norm,22,0.6128582146916235
33764.44,COL-mean-ED,412,6601,438878,0,nrmsd_norm,24,0.6170832550556835
33764.44,COL-mean-ED,412,6601,438878,0,nrmsd_norm,26,0.6086724623844585
33764.44,COL-mean-ED,412,3195,438878,0,nrmsd_norm,28,0.6157204850338364
33764.44,COL-mean-ED,412,3195,438878,0,nrmsd_norm,30,0.6173693070870744
33764.44,COL-mean-ED,412,52,438878,0,nrmsd_norm,32,0.6182838787733096
33764.44,COL-mean-ED,412,52,438878,0,nrmsd_norm,34,0.6042093961963334
33764.44,COL-mean-ED,412,759,438878,0,nrmsd_norm,36,0.6221431055197704
33764.44,COL-mean-ED,412,8075,438878,0,nrmsd_norm,38,0.629264317130259
33764.44,COL-mean-ED,412,759,438878,0,nrmsd_norm,40,0.6236058073703801
33764.44,COL-mean-ED,412,759,438878,0,nrmsd_norm,42,0.6311678243900091
33764.44,COL-mean-ED,412,759,438878,0,nrmsd_norm,44,0.6355062755666554
33764.44,COL-mean-ED,412,759,438878,0,nrmsd_norm,46,0.6354133821314307
33764.44,COL-mean-ED,412,759,438878,0,nrmsd_norm,48,0.6054441739530914
33764.44,COL-mean-ED,412,759,438878,0,nrmsd_norm,50,0.6079829191818712
33764.44,COL-mean-ED,412,10203,438878,0,nrmsd_norm,55,0.6281150545499837
33764.44,COL-mean-ED,412,10203,438878,0,nrmsd_norm,60,0.626688451942673
33764.44,COL-mean-ED,412,412,438878,0,nrmsd_norm,65,0.6298777772213836
33764.44,COL-mean-ED,412,412,438878,0,nrmsd_norm,70,0.6499422476318946
33764.44,COL-mean-ED,412,412,438878,0,nrmsd_norm,75,0.6460406664805776
33764.44,COL-mean-ED,412,412,438878,0,nrmsd_norm,80,0.6461652809739238
33764.44,COL-mean-ED,412,8577,438878,0,nrmsd_norm,85,0.6352383141410312
33764.44,COL-mean-ED,412,8577,438878,0,nrmsd_norm,90,0.6304951187145561
33764.44,COL-mean-ED,412,2733,438878,0,nrmsd_norm,95,0.6361022563888532
33764.44,COL-mean-ED,412,2733,438878,0,nrmsd_norm,100,0.6304740220564048
33764.44,COL-mean-ED,412,9460,433015,0,nrmsd_norm,5,0.7315879620621398
33764.44,COL-mean-ED,412,4008,433015,0,nrmsd_norm,6,0.6887298244360323
33764.44,COL-mean-ED,412,1986,433015,0,nrmsd_norm,7,0.7070434226156306
33764.44,COL-mean-ED,412,2556,433015,0,nrmsd_norm,8,0.7178041613539737
33764.44,COL-mean-ED,412,6597,433015,0,nrmsd_norm,9,0.7203902445631845
33764.44,COL-mean-ED,412,10492,433015,0,nrmsd_norm,10,0.6998789779422514
33764.44,COL-mean-ED,412,10492,433015,0,nrmsd_norm,11,0.6962646659698889
33764.44,COL-mean-ED,412,3197,433015,0,nrmsd_norm,12,0.6887549087453866
33764.44,COL-mean-ED,412,3197,433015,0,nrmsd_norm,13,0.705205852432968
33764.44,COL-mean-ED,412,3197,433015,0,nrmsd_norm,14,0.7084389258104257
33764.44,COL-mean-ED,412,3197,433015,0,nrmsd_norm,15,0.7120356247654887
33764.44,COL-mean-ED,412,5185,433015,0,nrmsd_norm,16,0.6403753827105693
33764.44,COL-mean-ED,412,8796,433015,0,nrmsd_norm,17,0.6385760105157905
33764.44,COL-mean-ED,412,8796,433015,0,nrmsd_norm,18,0.6386317199480082
33764.44,COL-mean-ED,412,8796,433015,0,nrmsd_norm,19,0.6352783839105902
33764.44,COL-mean-ED,412,8796,433015,0,nrmsd_norm,20,0.6308773905729433
33764.44,COL-mean-ED,412,8796,433015,0,nrmsd_norm,22,0.6572209833649736
33764.44,COL-mean-ED,412,8796,433015,0,nrmsd_norm,24,0.6650416240876342
33764.44,COL-mean-ED,412,4190,433015,0,nrmsd_norm,26,0.6325933190833958
33764.44,COL-mean-ED,412,4190,433015,0,nrmsd_norm,28,0.6459301659058755
33764.44,COL-mean-ED,412,4190,433015,0,nrmsd_norm,30,0.6498282533189187
33764.44,COL-mean-ED,412,1059,433015,0,nrmsd_norm,32,0.6869106998110116
33764.44,COL-mean-ED,412,80,433015,0,nrmsd_norm,34,0.6857493577899068
33764.44,COL-mean-ED,412,4686,433015,0,nrmsd_norm,36,0.678027391449213
33764.44,COL-mean-ED,412,5219,433015,0,nrmsd_norm,38,0.6780753828216104
33764.44,COL-mean-ED,412,5219,433015,0,nrmsd_norm,40,0.6778915099400084
33764.44,COL-mean-ED,412,2309,433015,0,nrmsd_norm,42,0.6839954751184236
33764.44,COL-mean-ED,412,2309,433015,0,nrmsd_norm,44,0.6872310731959732
33764.44,COL-mean-ED,412,2309,433015,0,nrmsd_norm,46,0.6928775842435191
33764.44,COL-mean-ED,412,5783,433015,0,nrmsd_norm,48,0.6950171675736828
33764.44,COL-mean-ED,412,5783,433015,0,nrmsd_norm,50,0.6957790342261245
33764.44,COL-mean-ED,412,5783,433015,0,nrmsd_norm,55,0.6893271484857307
33764.44,COL-mean-ED,412,7426,433015,0,nrmsd_norm,60,0.6823473868915978
33764.44,COL-mean-ED,412,5783,433015,0,nrmsd_norm,65,0.6853826113327042
33764.44,COL-mean-ED,412,5783,433015,0,nrmsd_norm,70,0.697415876759457
33764.44,COL-mean-ED,412,5783,433015,0,nrmsd_norm,75,0.698894192015516
33764.44,COL-mean-ED,412,5783,433015,0,nrmsd_norm,80,0.6949010470849998
33764.44,COL-mean-ED,412,7426,433015,0,nrmsd_norm,85,0.6629867999559869
33764.44,COL-mean-ED,412,5782,433015,0,nrmsd_norm,90,0.6628134867841551
33764.44,COL-mean-ED,412,5782,433015,0,nrmsd_norm,95,0.6699711340774591
33764.44,COL-mean-ED,412,8577,433015,0,nrmsd_norm,100,0.6623744599546246
33764.44,COL-mean-ED,412,7408,858597,0,nrmsd_norm,5,0.6874806325630544
33764.44,COL-mean-ED,412,5528,858597,0,nrmsd_norm,6,0.6732142575662132
33764.44,COL-mean-ED,412,1052,858597,0,nrmsd_norm,7,0.6874092855135616
33764.44,COL-mean-ED,412,1052,858597,0,nrmsd_norm,8,0.6961062695892275
33764.44,COL-mean-ED,412,11610,858597,0,nrmsd_norm,9,0.6929670177312865
33764.44,COL-mean-ED,412,4876,858597,0,nrmsd_norm,10,0.6583022245695005
33764.44,COL-mean-ED,412,4143,858597,0,nrmsd_norm,11,0.654603541905102
33764.44,COL-mean-ED,412,1630,858597,0,nrmsd_norm,12,0.6518427978818506
33764.44,COL-mean-ED,412,1630,858597,0,nrmsd_norm,13,0.6681203552902149
33764.44,COL-mean-ED,412,1728,858597,0,nrmsd_norm,14,0.6716551876503223
33764.44,COL-mean-ED,412,1630,858597,0,nrmsd_norm,15,0.6776689996233001
33764.44,COL-mean-ED,412,7516,858597,0,nrmsd_norm,16,0.6390811402441829
33764.44,COL-mean-ED,412,11203,858597,0,nrmsd_norm,17,0.624100915621435
33764.44,COL-mean-ED,412,11203,858597,0,nrmsd_norm,18,0.6276380009611052
33764.44,COL-mean-ED,412,5787,858597,0,nrmsd_norm,19,0.628621844269333
33764.44,COL-mean-ED,412,11203,858597,0,nrmsd_norm,20,0.620882806914326
33764.44,COL-mean-ED,412,11203,858597,0,nrmsd_norm,22,0.648004410874631
33764.44,COL-mean-ED,412,11203,858597,0,nrmsd_norm,24,0.6556684339616216
33764.44,COL-mean-ED,412,11203,858597,0,nrmsd_norm,26,0.6348393504226636
33764.44,COL-mean-ED,412,11203,858597,0,nrmsd_norm,28,0.6462596836448926
33764.44,COL-mean-ED,412,11203,858597,0,nrmsd_norm,30,0.6495231966145569
33764.44,COL-mean-ED,412,12058,858597,0,nrmsd_norm,32,0.6550572450127222
33764.44,COL-mean-ED,412,12058,858597,0,nrmsd_norm,34,0.6534844288093075
33764.44,COL-mean-ED,412,12058,858597,0,nrmsd_norm,36,0.6555650385379748
33764.44,COL-mean-ED,412,5660,858597,0,nrmsd_norm,38,0.6646389653117474
33764.44,COL-mean-ED,412,5660,858597,0,nrmsd_norm,40,0.6611908886530431
33764.44,COL-mean-ED,412,11208,858597,0,nrmsd_norm,42,0.6672137938246883
33764.44,COL-mean-ED,412,11208,858597,0,nrmsd_norm,44,0.6699482837482558
33764.44,COL-mean-ED,412,905,858597,0,nrmsd_norm,46,0.6810853748070255
33764.44,COL-mean-ED,412,905,858597,0,nrmsd_norm,48,0.6591950025391856
33764.44,COL-mean-ED,412,905,858597,0,nrmsd_norm,50,0.6593413193457262
33764.44,COL-mean-ED,412,905,858597,0,nrmsd_norm,55,0.6633474774432679
33764.44,COL-mean-ED,412,5603,858597,0,nrmsd_norm,60,0.6698432114885897
33764.44,COL-mean-ED,412,1011,858597,0,nrmsd_norm,65,0.6728976510492773
33764.44,COL-mean-ED,412,2011,858597,0,nrmsd_norm,70,0.6836539431051273
33764.44,COL-mean-ED,412,5603,858597,0,nrmsd_norm,75,0.6814801717921162
33764.44,COL-mean-ED,412,5953,858597,0,nrmsd_norm,80,0.6827926360782846
33764.44,COL-mean-ED,412,2563,858597,0,nrmsd_norm,85,0.6817286266825013
33764.44,COL-mean-ED,412,2563,858597,0,nrmsd_norm,90,0.6753911502198047
33764.44,COL-mean-ED,412,2563,858597,0,nrmsd_norm,95,0.6785857346681955
33764.44,COL-mean-ED,412,2563,858597,0,nrmsd_norm,100,0.6759652985350008
33764.44,COL-mean-ED,412,12204,85945,0,nrmsd_norm,5,0.6945912021431401
33764.44,COL-mean-ED,412,6159,85945,0,nrmsd_norm,6,0.6769891416945847
33764.44,COL-mean-ED,412,1631,85945,0,nrmsd_norm,7,0.6956446814025344
33764.44,COL-mean-ED,412,1631,85945,0,nrmsd_norm,8,0.7099375843573831
33764.44,COL-mean-ED,412,1631,85945,0,nrmsd_norm,9,0.7075284636441259
33764.44,COL-mean-ED,412,11776,85945,0,nrmsd_norm,10,0.6432744013704976
33764.44,COL-mean-ED,412,10310,85945,0,nrmsd_norm,11,0.6397405817176574
33764.44,COL-mean-ED,412,737,85945,0,nrmsd_norm,12,0.6277637776307232
33764.44,COL-mean-ED,412,6160,85945,0,nrmsd_norm,13,0.6361387555913776
33764.44,COL-mean-ED,412,6160,85945,0,nrmsd_norm,14,0.6421336842196986
33764.44,COL-mean-ED,412,6160,85945,0,nrmsd_norm,15,0.6470785553018074
33764.44,COL-mean-ED,412,4492,85945,0,nrmsd_norm,16,0.6372963807374884
33764.44,COL-mean-ED,412,4492,85945,0,nrmsd_norm,17,0.6350542834676356
33764.44,COL-mean-ED,412,2011,85945,0,nrmsd_norm,18,0.6341850936428464
33764.44,COL-mean-ED,412,6160,85945,0,nrmsd_norm,19,0.6345263950767057
33764.44,COL-mean-ED,412,6160,85945,0,nrmsd_norm,20,0.6148302170579175
33764.44,COL-mean-ED,412,4492,85945,0,nrmsd_norm,22,0.6385390235099698
33764.44,COL-mean-ED,412,4492,85945,0,nrmsd_norm,24,0.646614368276542
33764.44,COL-mean-ED,412,4492,85945,0,nrmsd_norm,26,0.6209335838133834
33764.44,COL-mean-ED,412,11087,85945,0,nrmsd_norm,28,0.6215571821334341
33764.44,COL-mean-ED,412,11087,85945,0,nrmsd_norm,30,0.6250983409825713
33764.44,COL-mean-ED,412,11087,85945,0,nrmsd_norm,32,0.6373614798303057
33764.44,COL-mean-ED,412,11087,85945,0,nrmsd_norm,34,0.6354789774202175
33764.44,COL-mean-ED,412,3326,85945,0,nrmsd_norm,36,0.6402077084948701
33764.44,COL-mean-ED,412,237,85945,0,nrmsd_norm,38,0.6458590788781341
33764.44,COL-mean-ED,412,6169,85945,0,nrmsd_norm,40,0.6437836863667278
33764.44,COL-mean-ED,412,6169,85945,0,nrmsd_norm,42,0.6506448589244952
33764.44,COL-mean-ED,412,6169,85945,0,nrmsd_norm,44,0.6532305625377447
33764.44,COL-mean-ED,412,6169,85945,0,nrmsd_norm,46,0.6581514677578022
33764.44,COL-mean-ED,412,6169,85945,0,nrmsd_norm,48,0.6353418750884797
33764.44,COL-mean-ED,412,5603,85945,0,nrmsd_norm,50,0.6339773263061907
33764.44,COL-mean-ED,412,2011,85945,0,nrmsd_norm,55,0.6449007163926385
33764.44,COL-mean-ED,412,2011,85945,0,nrmsd_norm,60,0.6468530289635974
33764.44,COL-mean-ED,412,2011,85945,0,nrmsd_norm,65,0.6518905620318372
33764.44,COL-mean-ED,412,2011,85945,0,nrmsd_norm,70,0.6619279435573006
33764.44,COL-mean-ED,412,2011,85945,0,nrmsd_norm,75,0.6681276514898117
33764.44,COL-mean-ED,412,10938,85945,0,nrmsd_norm,80,0.6700843062948318
33764.44,COL-mean-ED,412,10938,85945,0,nrmsd_norm,85,0.6708422129073431
33764.44,COL-mean-ED,412,10938,85945,0,nrmsd_norm,90,0.6651531377608128
33764.44,COL-mean-ED,412,10938,85945,0,nrmsd_norm,95,0.6715668839162423
33764.44,COL-mean-ED,412,10938,85945,0,nrmsd_norm,100,0.6648892246169731
33764.44,COL-mean-ED,412,5782,697368,0,nrmsd_norm,5,0.7625746228615284
33764.44,COL-mean-ED,412,8472,697368,0,nrmsd_norm,6,0.7527892218211382
33764.44,COL-mean-ED,412,8472,697368,0,nrmsd_norm,7,0.7718013022174195
33764.44,COL-mean-ED,412,8472,697368,0,nrmsd_norm,8,0.7819208164031066
33764.44,COL-mean-ED,412,1911,697368,0,nrmsd_norm,9,0.780792841055211
33764.44,COL-mean-ED,412,11557,697368,0,nrmsd_norm,10,0.6700727121049329
33764.44,COL-mean-ED,412,11557,697368,0,nrmsd_norm,11,0.6727524734892956
33764.44,COL-mean-ED,412,3498,697368,0,nrmsd_norm,12,0.6268816259605029
33764.44,COL-mean-ED,412,3075,697368,0,nrmsd_norm,13,0.6683296053420756
33764.44,COL-mean-ED,412,3075,697368,0,nrmsd_norm,14,0.6744913142368022
33764.44,COL-mean-ED,412,3075,697368,0,nrmsd_norm,15,0.6779331750452103
33764.44,COL-mean-ED,412,10965,697368,0,nrmsd_norm,16,0.6694740123859209
33764.44,COL-mean-ED,412,10019,697368,0,nrmsd_norm,17,0.680553055220757
33764.44,COL-mean-ED,412,10694,697368,0,nrmsd_norm,18,0.6786997513129738
33764.44,COL-mean-ED,412,10694,697368,0,nrmsd_norm,19,0.6828366105766369
33764.44,COL-mean-ED,412,3997,697368,0,nrmsd_norm,20,0.6611385295567458
33764.44,COL-mean-ED,412,10694,697368,0,nrmsd_norm,22,0.6847305261830293
33764.44,COL-mean-ED,412,10694,697368,0,nrmsd_norm,24,0.6911686113659087
33764.44,COL-mean-ED,412,10019,697368,0,nrmsd_norm,26,0.6802805981784845
33764.44,COL-mean-ED,412,5123,697368,0,nrmsd_norm,28,0.690980377189087
33764.44,COL-mean-ED,412,10019,697368,0,nrmsd_norm,30,0.6937116905860751
33764.44,COL-mean-ED,412,10019,697368,0,nrmsd_norm,32,0.7025780123277106
33764.44,COL-mean-ED,412,5123,697368,0,nrmsd_norm,34,0.6998682358168259
33764.44,COL-mean-ED,412,5123,697368,0,nrmsd_norm,36,0.6954795342015511
33764.44,COL-mean-ED,412,12101,697368,0,nrmsd_norm,38,0.6966039613778054
33764.44,COL-mean-ED,412,12101,697368,0,nrmsd_norm,40,0.693207610159444
33764.44,COL-mean-ED,412,4642,697368,0,nrmsd_norm,42,0.6978652888013356
33764.44,COL-mean-ED,412,4642,697368,0,nrmsd_norm,44,0.6991471002216952
33764.44,COL-mean-ED,412,5123,697368,0,nrmsd_norm,46,0.7053691271406343
33764.44,COL-mean-ED,412,5123,697368,0,nrmsd_norm,48,0.6888214406264849
33764.44,COL-mean-ED,412,5123,697368,0,nrmsd_norm,50,0.6878192838886675
33764.44,COL-mean-ED,412,4642,697368,0,nrmsd_norm,55,0.6825674135026257
33764.44,COL-mean-ED,412,4642,697368,0,nrmsd_norm,60,0.690160105837814
33764.44,COL-mean-ED,412,262,697368,0,nrmsd_norm,65,0.6944540356274377
33764.44,COL-mean-ED,412,10019,697368,0,nrmsd_norm,70,0.7027755186790197
33764.44,COL-mean-ED,412,10019,697368,0,nrmsd_norm,75,0.7022120024708258
33764.44,COL-mean-ED,412,10019,697368,0,nrmsd_norm,80,0.7009372141862698
33764.44,COL-mean-ED,412,5884,697368,0,nrmsd_norm,85,0.6969782121996526
33764.44,COL-mean-ED,412,6389,697368,0,nrmsd_norm,90,0.6940330213121978
33764.44,COL-mean-ED,412,2484,697368,0,nrmsd_norm,95,0.6907724778153014
33764.44,COL-mean-ED,412,2563,697368,0,nrmsd_norm,100,0.6844661161707432
33764.44,COL-mean-ED,412,3588,201469,0,nrmsd_norm,5,0.7214623421905968
33764.44,COL-mean-ED,412,8526,201469,0,nrmsd_norm,6,0.6949306119088414
33764.44,COL-mean-ED,412,3782,201469,0,nrmsd_norm,7,0.7129217145655415
33764.44,COL-mean-ED,412,10563,201469,0,nrmsd_norm,8,0.7232300255266441
33764.44,COL-mean-ED,412,10563,201469,0,nrmsd_norm,9,0.7244222771098378
33764.44,COL-mean-ED,412,22,201469,0,nrmsd_norm,10,0.7018733843901445
33764.44,COL-mean-ED,412,22,201469,0,nrmsd_norm,11,0.6978366737245798
33764.44,COL-mean-ED,412,7958,201469,0,nrmsd_norm,12,0.6588373588918386
33764.44,COL-mean-ED,412,1959,201469,0,nrmsd_norm,13,0.6636093475702808
33764.44,COL-mean-ED,412,1959,201469,0,nrmsd_norm,14,0.6681817882821616
33764.44,COL-mean-ED,412,1959,201469,0,nrmsd_norm,15,0.6737947957620954
33764.44,COL-mean-ED,412,1959,201469,0,nrmsd_norm,16,0.6459612760104823
33764.44,COL-mean-ED,412,2442,201469,0,nrmsd_norm,17,0.6652671054249931
33764.44,COL-mean-ED,412,4190,201469,0,nrmsd_norm,18,0.6630028108180054
33764.44,COL-mean-ED,412,4190,201469,0,nrmsd_norm,19,0.6650819842877439
33764.44,COL-mean-ED,412,6388,201469,0,nrmsd_norm,20,0.6672022813835345
33764.44,COL-mean-ED,412,9237,201469,0,nrmsd_norm,22,0.6894776445367223
33764.44,COL-mean-ED,412,9237,201469,0,nrmsd_norm,24,0.6967757349251161
33764.44,COL-mean-ED,412,3763,201469,0,nrmsd_norm,26,0.6645031378625924
33764.44,COL-mean-ED,412,3763,201469,0,nrmsd_norm,28,0.6729870879432318
33764.44,COL-mean-ED,412,3763,201469,0,nrmsd_norm,30,0.6736055581821921
33764.44,COL-mean-ED,412,3763,201469,0,nrmsd_norm,32,0.6890358773917759
33764.44,COL-mean-ED,412,3763,201469,0,nrmsd_norm,34,0.6889185087372743
33764.44,COL-mean-ED,412,3763,201469,0,nrmsd_norm,36,0.6676465004011275
33764.44,COL-mean-ED,412,3763,201469,0,nrmsd_norm,38,0.6762287467056546
33764.44,COL-mean-ED,412,3763,201469,0,nrmsd_norm,40,0.675640652471179
33764.44,COL-mean-ED,412,3763,201469,0,nrmsd_norm,42,0.6811082729034738
33764.44,COL-mean-ED,412,3763,201469,0,nrmsd_norm,44,0.6831887138395438
33764.44,COL-mean-ED,412,9133,201469,0,nrmsd_norm,46,0.6841541695779771
33764.44,COL-mean-ED,412,412,201469,0,nrmsd_norm,48,0.6588256336689107
33764.44,COL-mean-ED,412,412,201469,0,nrmsd_norm,50,0.6578995460757255
33764.44,COL-mean-ED,412,412,201469,0,nrmsd_norm,55,0.6634572367280303
33764.44,COL-mean-ED,412,412,201469,0,nrmsd_norm,60,0.66660258855634
33764.44,COL-mean-ED,412,3763,201469,0,nrmsd_norm,65,0.681283203984698
33764.44,COL-mean-ED,412,1951,201469,0,nrmsd_norm,70,0.6934083180453277
33764.44,COL-mean-ED,412,1951,201469,0,nrmsd_norm,75,0.6935018051612869
33764.44,COL-mean-ED,412,3763,201469,0,nrmsd_norm,80,0.6859267409964136
33764.44,COL-mean-ED,412,412,201469,0,nrmsd_norm,85,0.6782201556072175
33764.44,COL-mean-ED,412,412,201469,0,nrmsd_norm,90,0.6733398186705032
33764.44,COL-mean-ED,412,412,201469,0,nrmsd_norm,95,0.6750169368458442
33764.44,COL-mean-ED,412,744,201469,0,nrmsd_norm,100,0.6626094058089835
33764.44,COL-mean-ED,412,1631,94177,0,nrmsd_norm,5,0.7077053590675191
33764.44,COL-mean-ED,412,8079,94177,0,nrmsd_norm,6,0.6934523070731172
33764.44,COL-mean-ED,412,1205,94177,0,nrmsd_norm,7,0.7116057922766732
33764.44,COL-mean-ED,412,10796,94177,0,nrmsd_norm,8,0.7232612470936429
33764.44,COL-mean-ED,412,2717,94177,0,nrmsd_norm,9,0.7243751414063445
33764.44,COL-mean-ED,412,4290,94177,0,nrmsd_norm,10,0.6625546765068028
33764.44,COL-mean-ED,412,11398,94177,0,nrmsd_norm,11,0.6607177243040527
33764.44,COL-mean-ED,412,10803,94177,0,nrmsd_norm,12,0.6532361352849152
33764.44,COL-mean-ED,412,10803,94177,0,nrmsd_norm,13,0.6576863693062887
33764.44,COL-mean-ED,412,10803,94177,0,nrmsd_norm,14,0.6619721407236592
33764.44,COL-mean-ED,412,10803,94177,0,nrmsd_norm,15,0.6667572544434712
33764.44,COL-mean-ED,412,10803,94177,0,nrmsd_norm,16,0.6639329810873541
33764.44,COL-mean-ED,412,10803,94177,0,nrmsd_norm,17,0.6572845186735724
33764.44,COL-mean-ED,412,10803,94177,0,nrmsd_norm,18,0.6571072585042286
33764.44,COL-mean-ED,412,10803,94177,0,nrmsd_norm,19,0.6602321812883376
33764.44,COL-mean-ED,412,10966,94177,0,nrmsd_norm,20,0.6340210623684314
33764.44,COL-mean-ED,412,10966,94177,0,nrmsd_norm,22,0.6599720934412006
33764.44,COL-mean-ED,412,10966,94177,0,nrmsd_norm,24,0.6648594237856553
33764.44,COL-mean-ED,412,10966,94177,0,nrmsd_norm,26,0.6376681960354108
33764.44,COL-mean-ED,412,10966,94177,0,nrmsd_norm,28,0.6470934671799756
33764.44,COL-mean-ED,412,10966,94177,0,nrmsd_norm,30,0.6519430311597525
33764.44,COL-mean-ED,412,1866,94177,0,nrmsd_norm,32,0.6663574801069443
33764.44,COL-mean-ED,412,8075,94177,0,nrmsd_norm,34,0.6556562747305102
33764.44,COL-mean-ED,412,10966,94177,0,nrmsd_norm,36,0.6490070989849518
33764.44,COL-mean-ED,412,8075,94177,0,nrmsd_norm,38,0.6529385418025784
33764.44,COL-mean-ED,412,8075,94177,0,nrmsd_norm,40,0.6516753819959444
33764.44,COL-mean-ED,412,8075,94177,0,nrmsd_norm,42,0.6536653120940149
33764.44,COL-mean-ED,412,8075,94177,0,nrmsd_norm,44,0.6576419429290653
33764.44,COL-mean-ED,412,3761,94177,0,nrmsd_norm,46,0.6644342178644013
33764.44,COL-mean-ED,412,3761,94177,0,nrmsd_norm,48,0.6514887727724671
33764.44,COL-mean-ED,412,3761,94177,0,nrmsd_norm,50,0.650605214877951
33764.44,COL-mean-ED,412,412,94177,0,nrmsd_norm,55,0.6611969230585307
33764.44,COL-mean-ED,412,412,94177,0,nrmsd_norm,60,0.6568196806355133
33764.44,COL-mean-ED,412,412,94177,0,nrmsd_norm,65,0.6569208004075965
33764.44,COL-mean-ED,412,412,94177,0,nrmsd_norm,70,0.6741996461487099
33764.44,COL-mean-ED,412,412,94177,0,nrmsd_norm,75,0.6747741275913732
33764.44,COL-mean-ED,412,412,94177,0,nrmsd_norm,80,0.6827995276136236
33764.44,COL-mean-ED,412,2563,94177,0,nrmsd_norm,85,0.6737734122561815
33764.44,COL-mean-ED,412,2563,94177,0,nrmsd_norm,90,0.6728767664638087
33764.44,COL-mean-ED,412,1951,94177,0,nrmsd_norm,95,0.6777371532545993
33764.44,COL-mean-ED,412,1951,94177,0,nrmsd_norm,100,0.6745526819117073
33764.44,COL-min-ED,412,11929,89250,0,nrmsd_norm,5,0.5729047159475749
33764.44,COL-min-ED,412,3514,89250,0,nrmsd_norm,6,0.5421916837896477
33764.44,COL-min-ED,412,2800,89250,0,nrmsd_norm,7,0.5365379867911226
33764.44,COL-min-ED,412,2800,89250,0,nrmsd_norm,8,0.5370105606249416
33764.44,COL-min-ED,412,9543,89250,0,nrmsd_norm,9,0.49140981802305606
33764.44,COL-min-ED,412,1951,89250,0,nrmsd_norm,10,0.45047475959336614
33764.44,COL-min-ED,412,1951,89250,0,nrmsd_norm,11,0.47553638569551304
33764.44,COL-min-ED,412,412,89250,0,nrmsd_norm,12,0.48251524874353285
33764.44,COL-min-ED,412,412,89250,0,nrmsd_norm,13,0.4814116615265552
33764.44,COL-min-ED,412,412,89250,0,nrmsd_norm,14,0.4660661543518624
33764.44,COL-min-ED,412,412,89250,0,nrmsd_norm,15,0.45884593108400973
33764.44,COL-min-ED,412,412,89250,0,nrmsd_norm,16,0.4626383614645086
33764.44,COL-min-ED,412,6159,89250,0,nrmsd_norm,17,0.4377849393458204
33764.44,COL-min-ED,412,412,89250,0,nrmsd_norm,18,0.4474520599338494
33764.44,COL-min-ED,412,412,89250,0,nrmsd_norm,19,0.45962312638525005
33764.44,COL-min-ED,412,412,89250,0,nrmsd_norm,20,0.48000099533367807
33764.44,COL-min-ED,412,5953,89250,0,nrmsd_norm,22,0.46546289405459357
33764.44,COL-min-ED,412,412,89250,0,nrmsd_norm,24,0.45249241003871615
33764.44,COL-min-ED,412,412,89250,0,nrmsd_norm,26,0.4842886040463274
33764.44,COL-min-ED,412,412,89250,0,nrmsd_norm,28,0.5193618183824433
33764.44,COL-min-ED,412,412,89250,0,nrmsd_norm,30,0.5056912323898741
33764.44,COL-min-ED,412,412,89250,0,nrmsd_norm,32,0.5023105243645761
33764.44,COL-min-ED,412,412,89250,0,nrmsd_norm,34,0.4958867674384453
33764.44,COL-min-ED,412,412,89250,0,nrmsd_norm,36,0.49424269621751465
33764.44,COL-min-ED,412,412,89250,0,nrmsd_norm,38,0.5051619728770934
33764.44,COL-min-ED,412,412,89250,0,nrmsd_norm,40,0.5243577977162849
33764.44,COL-min-ED,412,412,89250,0,nrmsd_norm,42,0.5129794155782837
33764.44,COL-min-ED,412,412,89250,0,nrmsd_norm,44,0.5054745039457387
33764.44,COL-min-ED,412,412,89250,0,nrmsd_norm,46,0.5148866487569702
33764.44,COL-min-ED,412,412,89250,0,nrmsd_norm,48,0.5172462480407224
33764.44,COL-min-ED,412,412,89250,0,nrmsd_norm,50,0.5143459099547584
33764.44,COL-min-ED,412,412,89250,0,nrmsd_norm,55,0.5079194062894353
33764.44,COL-min-ED,412,412,89250,0,nrmsd_norm,60,0.4987498390272643
33764.44,COL-min-ED,412,412,89250,0,nrmsd_norm,65,0.4885252545491447
33764.44,COL-min-ED,412,412,89250,0,nrmsd_norm,70,0.5000292111482149
33764.44,COL-min-ED,412,2563,89250,0,nrmsd_norm,75,0.51522770626339
33764.44,COL-min-ED,412,412,89250,0,nrmsd_norm,80,0.5314738708486363
33764.44,COL-min-ED,412,412,89250,0,nrmsd_norm,85,0.5335861652626561
33764.44,COL-min-ED,412,412,89250,0,nrmsd_norm,90,0.5466522819395417
33764.44,COL-min-ED,412,412,89250,0,nrmsd_norm,95,0.5394281100270136
33764.44,COL-min-ED,412,412,89250,0,nrmsd_norm,100,0.5358910971067167
33764.44,COL-min-ED,412,4894,773956,0,nrmsd_norm,5,0.4962446013312384
33764.44,COL-min-ED,412,502,773956,0,nrmsd_norm,6,0.479432649537189
33764.44,COL-min-ED,412,2563,773956,0,nrmsd_norm,7,0.45387895947405854
33764.44,COL-min-ED,412,2563,773956,0,nrmsd_norm,8,0.4506761469988119
33764.44,COL-min-ED,412,2563,773956,0,nrmsd_norm,9,0.4445923359458895
33764.44,COL-min-ED,412,2563,773956,0,nrmsd_norm,10,0.44310501673151687
33764.44,COL-min-ED,412,2563,773956,0,nrmsd_norm,11,0.4990538262415618
33764.44,COL-min-ED,412,2563,773956,0,nrmsd_norm,12,0.4806921991443298
33764.44,COL-min-ED,412,2563,773956,0,nrmsd_norm,13,0.4747663207411937
33764.44,COL-min-ED,412,2563,773956,0,nrmsd_norm,14,0.4543985623231626
33764.44,COL-min-ED,412,9443,773956,0,nrmsd_norm,15,0.4558643335997595
33764.44,COL-min-ED,412,9443,773956,0,nrmsd_norm,16,0.46210535565829675
33764.44,COL-min-ED,412,9443,773956,0,nrmsd_norm,17,0.44185393621723096
33764.44,COL-min-ED,412,9443,773956,0,nrmsd_norm,18,0.4329083737114124
33764.44,COL-min-ED,412,9443,773956,0,nrmsd_norm,19,0.44396011050268386
33764.44,COL-min-ED,412,9443,773956,0,nrmsd_norm,20,0.47081035758488277
33764.44,COL-min-ED,412,2563,773956,0,nrmsd_norm,22,0.4574083103804315
33764.44,COL-min-ED,412,2563,773956,0,nrmsd_norm,24,0.4451401472125577
33764.44,COL-min-ED,412,2563,773956,0,nrmsd_norm,26,0.4758457184516209
33764.44,COL-min-ED,412,2563,773956,0,nrmsd_norm,28,0.5073882667077905
33764.44,COL-min-ED,412,2563,773956,0,nrmsd_norm,30,0.494574389575194
33764.44,COL-min-ED,412,2563,773956,0,nrmsd_norm,32,0.4924776480099351
33764.44,COL-min-ED,412,2563,773956,0,nrmsd_norm,34,0.49086369766611543
33764.44,COL-min-ED,412,2563,773956,0,nrmsd_norm,36,0.4869578615455484
33764.44,COL-min-ED,412,2563,773956,0,nrmsd_norm,38,0.49498549465989317
33764.44,COL-min-ED,412,2563,773956,0,nrmsd_norm,40,0.5198703710829806
33764.44,COL-min-ED,412,2563,773956,0,nrmsd_norm,42,0.5164670420574222
33764.44,COL-min-ED,412,2563,773956,0,nrmsd_norm,44,0.5139121750615419
33764.44,COL-min-ED,412,2563,773956,0,nrmsd_norm,46,0.521722978043134
33764.44,COL-min-ED,412,2563,773956,0,nrmsd_norm,48,0.5238195080520002
33764.44,COL-min-ED,412,2563,773956,0,nrmsd_norm,50,0.5211430035367204
33764.44,COL-min-ED,412,2563,773956,0,nrmsd_norm,55,0.5098740635090179
33764.44,COL-min-ED,412,2563,773956,0,nrmsd_norm,60,0.5000675326195531
33764.44,COL-min-ED,412,2563,773956,0,nrmsd_norm,65,0.49503011132834657
33764.44,COL-min-ED,412,2563,773956,0,nrmsd_norm,70,0.5092491549896782
33764.44,COL-min-ED,412,2563,773956,0,nrmsd_norm,75,0.5269683596180786
33764.44,COL-min-ED,412,2563,773956,0,nrmsd_norm,80,0.5425047278863308
33764.44,COL-min-ED,412,2563,773956,0,nrmsd_norm,85,0.5448036783586419
33764.44,COL-min-ED,412,2563,773956,0,nrmsd_norm,90,0.5592448687779489
33764.44,COL-min-ED,412,2563,773956,0,nrmsd_norm,95,0.554116901666813
33764.44,COL-min-ED,412,2563,773956,0,nrmsd_norm,100,0.5546830249210656
33764.44,COL-min-ED,412,1845,654571,0,nrmsd_norm,5,0.5001264085840436
33764.44,COL-min-ED,412,6984,654571,0,nrmsd_norm,6,0.4925234850552485
33764.44,COL-min-ED,412,10154,654571,0,nrmsd_norm,7,0.48417180961116135
33764.44,COL-min-ED,412,5173,654571,0,nrmsd_norm,8,0.47851923547610753
33764.44,COL-min-ED,412,11287,654571,0,nrmsd_norm,9,0.44943973614067195
33764.44,COL-min-ED,412,9986,654571,0,nrmsd_norm,10,0.40209822284187585
33764.44,COL-min-ED,412,9986,654571,0,nrmsd_norm,11,0.4550113598586897
33764.44,COL-min-ED,412,12325,654571,0,nrmsd_norm,12,0.43909310174740107
33764.44,COL-min-ED,412,12325,654571,0,nrmsd_norm,13,0.43872733830630994
33764.44,COL-min-ED,412,1764,654571,0,nrmsd_norm,14,0.4177430920824071
33764.44,COL-min-ED,412,12325,654571,0,nrmsd_norm,15,0.44150919931925764
33764.44,COL-min-ED,412,1140,654571,0,nrmsd_norm,16,0.44724046556795616
33764.44,COL-min-ED,412,1140,654571,0,nrmsd_norm,17,0.43345953169454415
33764.44,COL-min-ED,412,1140,654571,0,nrmsd_norm,18,0.425318184639952
33764.44,COL-min-ED,412,588,654571,0,nrmsd_norm,19,0.4313970079635541
33764.44,COL-min-ED,412,588,654571,0,nrmsd_norm,20,0.4571211205728426
33764.44,COL-min-ED,412,2563,654571,0,nrmsd_norm,22,0.4442549435235506
33764.44,COL-min-ED,412,6588,654571,0,nrmsd_norm,24,0.432980881058119
33764.44,COL-min-ED,412,6588,654571,0,nrmsd_norm,26,0.45565725770843546
33764.44,COL-min-ED,412,2563,654571,0,nrmsd_norm,28,0.49187791132787595
33764.44,COL-min-ED,412,2563,654571,0,nrmsd_norm,30,0.4842953896135855
33764.44,COL-min-ED,412,2563,654571,0,nrmsd_norm,32,0.48481249888597394
33764.44,COL-min-ED,412,2563,654571,0,nrmsd_norm,34,0.4783398817510521
33764.44,COL-min-ED,412,2563,654571,0,nrmsd_norm,36,0.4742283840467977
33764.44,COL-min-ED,412,2563,654571,0,nrmsd_norm,38,0.4851329670163889
33764.44,COL-min-ED,412,2563,654571,0,nrmsd_norm,40,0.5145648232175578
33764.44,COL-min-ED,412,2563,654571,0,nrmsd_norm,42,0.5083707228712185
33764.44,COL-min-ED,412,2563,654571,0,nrmsd_norm,44,0.5029974191971324
33764.44,COL-min-ED,412,2563,654571,0,nrmsd_norm,46,0.5143537327570219
33764.44,COL-min-ED,412,2563,654571,0,nrmsd_norm,48,0.5182855025105546
33764.44,COL-min-ED,412,2563,654571,0,nrmsd_norm,50,0.5176345901232253
33764.44,COL-min-ED,412,2563,654571,0,nrmsd_norm,55,0.508832169379007
33764.44,COL-min-ED,412,2563,654571,0,nrmsd_norm,60,0.5009136046252401
33764.44,COL-min-ED,412,2563,654571,0,nrmsd_norm,65,0.48902765442418233
33764.44,COL-min-ED,412,2563,654571,0,nrmsd_norm,70,0.5048660103141615
33764.44,COL-min-ED,412,2563,654571,0,nrmsd_norm,75,0.520837358400276
33764.44,COL-min-ED,412,2563,654571,0,nrmsd_norm,80,0.5353732307369007
33764.44,COL-min-ED,412,2563,654571,0,nrmsd_norm,85,0.5393320582591872
33764.44,COL-min-ED,412,2563,654571,0,nrmsd_norm,90,0.5531131945283612
33764.44,COL-min-ED,412,2563,654571,0,nrmsd_norm,95,0.5490203623900097
33764.44,COL-min-ED,412,2563,654571,0,nrmsd_norm,100,0.5439379865999054
33764.44,COL-min-ED,412,6597,438878,0,nrmsd_norm,5,0.5034342552428039
33764.44,COL-min-ED,412,10885,438878,0,nrmsd_norm,6,0.4818032080589845
33764.44,COL-min-ED,412,6857,438878,0,nrmsd_norm,7,0.4688169711905787
33764.44,COL-min-ED,412,6878,438878,0,nrmsd_norm,8,0.47202028967265497
33764.44,COL-min-ED,412,9444,438878,0,nrmsd_norm,9,0.4608522112996456
33764.44,COL-min-ED,412,4003,438878,0,nrmsd_norm,10,0.45568890521598077
33764.44,COL-min-ED,412,4003,438878,0,nrmsd_norm,11,0.5055024537177361
33764.44,COL-min-ED,412,1027,438878,0,nrmsd_norm,12,0.5084845417685003
33764.44,COL-min-ED,412,1027,438878,0,nrmsd_norm,13,0.5162827375291662
33764.44,COL-min-ED,412,1027,438878,0,nrmsd_norm,14,0.5143272471083796
33764.44,COL-min-ED,412,1027,438878,0,nrmsd_norm,15,0.5113419595045382
33764.44,COL-min-ED,412,1027,438878,0,nrmsd_norm,16,0.5266968240182237
33764.44,COL-min-ED,412,1027,438878,0,nrmsd_norm,17,0.5091575657166867
33764.44,COL-min-ED,412,1027,438878,0,nrmsd_norm,18,0.5149932044510246
33764.44,COL-min-ED,412,1027,438878,0,nrmsd_norm,19,0.5276944210017788
33764.44,COL-min-ED,412,1027,438878,0,nrmsd_norm,20,0.5441212927036454
33764.44,COL-min-ED,412,9342,438878,0,nrmsd_norm,22,0.5209170181692344
33764.44,COL-min-ED,412,9342,438878,0,nrmsd_norm,24,0.5119478308065589
33764.44,COL-min-ED,412,9342,438878,0,nrmsd_norm,26,0.538754279369048
33764.44,COL-min-ED,412,9342,438878,0,nrmsd_norm,28,0.5621925024298827
33764.44,COL-min-ED,412,178,438878,0,nrmsd_norm,30,0.549363293280257
33764.44,COL-min-ED,412,5920,438878,0,nrmsd_norm,32,0.5360420130647778
33764.44,COL-min-ED,412,3553,438878,0,nrmsd_norm,34,0.5261568113259726
33764.44,COL-min-ED,412,6412,438878,0,nrmsd_norm,36,0.526617664685908
33764.44,COL-min-ED,412,5953,438878,0,nrmsd_norm,38,0.5316985169956046
33764.44,COL-min-ED,412,5953,438878,0,nrmsd_norm,40,0.5518721814747665
33764.44,COL-min-ED,412,5953,438878,0,nrmsd_norm,42,0.5335045584675304
33764.44,COL-min-ED,412,412,438878,0,nrmsd_norm,44,0.5279379832539279
33764.44,COL-min-ED,412,5953,438878,0,nrmsd_norm,46,0.538826103255753
33764.44,COL-min-ED,412,5953,438878,0,nrmsd_norm,48,0.5401246657993284
33764.44,COL-min-ED,412,5953,438878,0,nrmsd_norm,50,0.5368744003073893
33764.44,COL-min-ED,412,5953,438878,0,nrmsd_norm,55,0.5269385186957114
33764.44,COL-min-ED,412,5920,438878,0,nrmsd_norm,60,0.5233131866107228
33764.44,COL-min-ED,412,5953,438878,0,nrmsd_norm,65,0.5117473478824477
33764.44,COL-min-ED,412,5953,438878,0,nrmsd_norm,70,0.5318310157059534
33764.44,COL-min-ED,412,6399,438878,0,nrmsd_norm,75,0.5391522651039502
33764.44,COL-min-ED,412,6399,438878,0,nrmsd_norm,80,0.5563851639979164
33764.44,COL-min-ED,412,6399,438878,0,nrmsd_norm,85,0.5535317502981715
33764.44,COL-min-ED,412,6689,438878,0,nrmsd_norm,90,0.5690686410572934
33764.44,COL-min-ED,412,6689,438878,0,nrmsd_norm,95,0.560236178918564
33764.44,COL-min-ED,412,6399,438878,0,nrmsd_norm,100,0.5590960860797007
33764.44,COL-min-ED,412,1162,433015,0,nrmsd_norm,5,0.5809047345824134
33764.44,COL-min-ED,412,5963,433015,0,nrmsd_norm,6,0.5564108985325105
33764.44,COL-min-ED,412,857,433015,0,nrmsd_norm,7,0.5364546431110133
33764.44,COL-min-ED,412,857,433015,0,nrmsd_norm,8,0.5321268934399865
33764.44,COL-min-ED,412,857,433015,0,nrmsd_norm,9,0.4998239507616192
33764.44,COL-min-ED,412,857,433015,0,nrmsd_norm,10,0.4719786816330315
33764.44,COL-min-ED,412,1027,433015,0,nrmsd_norm,11,0.5218507706804173
33764.44,COL-min-ED,412,857,433015,0,nrmsd_norm,12,0.4903245042190407
33764.44,COL-min-ED,412,857,433015,0,nrmsd_norm,13,0.5018093138856677
33764.44,COL-min-ED,412,6602,433015,0,nrmsd_norm,14,0.47971801259554103
33764.44,COL-min-ED,412,6280,433015,0,nrmsd_norm,15,0.49718331711631975
33764.44,COL-min-ED,412,7819,433015,0,nrmsd_norm,16,0.5073673203000136
33764.44,COL-min-ED,412,6398,433015,0,nrmsd_norm,17,0.5002057603461652
33764.44,COL-min-ED,412,6398,433015,0,nrmsd_norm,18,0.497874447296718
33764.44,COL-min-ED,412,6398,433015,0,nrmsd_norm,19,0.5135835615501251
33764.44,COL-min-ED,412,7530,433015,0,nrmsd_norm,20,0.5315580264911787
33764.44,COL-min-ED,412,7530,433015,0,nrmsd_norm,22,0.5058308315799567
33764.44,COL-min-ED,412,6399,433015,0,nrmsd_norm,24,0.5001671431002135
33764.44,COL-min-ED,412,6399,433015,0,nrmsd_norm,26,0.5239823934358658
33764.44,COL-min-ED,412,6399,433015,0,nrmsd_norm,28,0.555942316731173
33764.44,COL-min-ED,412,6399,433015,0,nrmsd_norm,30,0.5503247482679774
33764.44,COL-min-ED,412,7530,433015,0,nrmsd_norm,32,0.5530183290316529
33764.44,COL-min-ED,412,7530,433015,0,nrmsd_norm,34,0.5460005108067209
33764.44,COL-min-ED,412,7530,433015,0,nrmsd_norm,36,0.5381963004122848
33764.44,COL-min-ED,412,7530,433015,0,nrmsd_norm,38,0.5395664152953534
33764.44,COL-min-ED,412,7530,433015,0,nrmsd_norm,40,0.5645157845427231
33764.44,COL-min-ED,412,7530,433015,0,nrmsd_norm,42,0.5549014167980105
33764.44,COL-min-ED,412,6399,433015,0,nrmsd_norm,44,0.5530097628319994
33764.44,COL-min-ED,412,6399,433015,0,nrmsd_norm,46,0.5591878271556033
33764.44,COL-min-ED,412,6399,433015,0,nrmsd_norm,48,0.5590077596244012
33764.44,COL-min-ED,412,6399,433015,0,nrmsd_norm,50,0.5580486806675947
33764.44,COL-min-ED,412,7530,433015,0,nrmsd_norm,55,0.5378773267610619
33764.44,COL-min-ED,412,6399,433015,0,nrmsd_norm,60,0.5311264629177173
33764.44,COL-min-ED,412,6399,433015,0,nrmsd_norm,65,0.5237192332834604
33764.44,COL-min-ED,412,6399,433015,0,nrmsd_norm,70,0.5372861363679897
33764.44,COL-min-ED,412,5953,433015,0,nrmsd_norm,75,0.555214997368542
33764.44,COL-min-ED,412,412,433015,0,nrmsd_norm,80,0.5696374912457463
33764.44,COL-min-ED,412,6399,433015,0,nrmsd_norm,85,0.5659217040121041
33764.44,COL-min-ED,412,6399,433015,0,nrmsd_norm,90,0.5773942469506402
33764.44,COL-min-ED,412,412,433015,0,nrmsd_norm,95,0.5667281092870393
33764.44,COL-min-ED,412,5603,433015,0,nrmsd_norm,100,0.5627911279165906
33764.44,COL-min-ED,412,5603,858597,0,nrmsd_norm,5,0.5420359684630437
33764.44,COL-min-ED,412,5953,858597,0,nrmsd_norm,6,0.5428897271623566
33764.44,COL-min-ED,412,6399,858597,0,nrmsd_norm,7,0.5335627318806738
33764.44,COL-min-ED,412,1951,858597,0,nrmsd_norm,8,0.5398958205361275
33764.44,COL-min-ED,412,492,858597,0,nrmsd_norm,9,0.4804578587673868
33764.44,COL-min-ED,412,3765,858597,0,nrmsd_norm,10,0.4955689603691817
33764.44,COL-min-ED,412,3765,858597,0,nrmsd_norm,11,0.5070401849188841
33764.44,COL-min-ED,412,5949,858597,0,nrmsd_norm,12,0.44801823669008095
33764.44,COL-min-ED,412,412,858597,0,nrmsd_norm,13,0.4432584966283979
33764.44,COL-min-ED,412,1951,858597,0,nrmsd_norm,14,0.4388202973043267
33764.44,COL-min-ED,412,1951,858597,0,nrmsd_norm,15,0.4461285680646455
33764.44,COL-min-ED,412,1951,858597,0,nrmsd_norm,16,0.45974055928124347
33764.44,COL-min-ED,412,1951,858597,0,nrmsd_norm,17,0.4437981235276276
33764.44,COL-min-ED,412,1951,858597,0,nrmsd_norm,18,0.438345958615131
33764.44,COL-min-ED,412,412,858597,0,nrmsd_norm,19,0.44432044583711044
33764.44,COL-min-ED,412,412,858597,0,nrmsd_norm,20,0.46742691498423905
33764.44,COL-min-ED,412,1951,858597,0,nrmsd_norm,22,0.46082506545691865
33764.44,COL-min-ED,412,1951,858597,0,nrmsd_norm,24,0.44948248381910433
33764.44,COL-min-ED,412,1951,858597,0,nrmsd_norm,26,0.4771347392270225
33764.44,COL-min-ED,412,1951,858597,0,nrmsd_norm,28,0.506605579994537
33764.44,COL-min-ED,412,1951,858597,0,nrmsd_norm,30,0.5002862294556656
33764.44,COL-min-ED,412,1951,858597,0,nrmsd_norm,32,0.5019865649313091
33764.44,COL-min-ED,412,5784,858597,0,nrmsd_norm,34,0.49721310956326836
33764.44,COL-min-ED,412,5953,858597,0,nrmsd_norm,36,0.4934607845173936
33764.44,COL-min-ED,412,412,858597,0,nrmsd_norm,38,0.49700091521403017
33764.44,COL-min-ED,412,412,858597,0,nrmsd_norm,40,0.5202738969265602
33764.44,COL-min-ED,412,5953,858597,0,nrmsd_norm,42,0.5196331079596507
33764.44,COL-min-ED,412,5953,858597,0,nrmsd_norm,44,0.5174339104354827
33764.44,COL-min-ED,412,5953,858597,0,nrmsd_norm,46,0.5272122508370871
33764.44,COL-min-ED,412,5953,858597,0,nrmsd_norm,48,0.5319518266617713
33764.44,COL-min-ED,412,5953,858597,0,nrmsd_norm,50,0.5278301314385484
33764.44,COL-min-ED,412,5953,858597,0,nrmsd_norm,55,0.5175180006577735
33764.44,COL-min-ED,412,5953,858597,0,nrmsd_norm,60,0.5117948748069449
33764.44,COL-min-ED,412,5953,858597,0,nrmsd_norm,65,0.49183100744346
33764.44,COL-min-ED,412,412,858597,0,nrmsd_norm,70,0.5078693458300371
33764.44,COL-min-ED,412,412,858597,0,nrmsd_norm,75,0.5224483432941954
33764.44,COL-min-ED,412,412,858597,0,nrmsd_norm,80,0.5446555112173457
33764.44,COL-min-ED,412,412,858597,0,nrmsd_norm,85,0.5455417378797802
33764.44,COL-min-ED,412,412,858597,0,nrmsd_norm,90,0.5597456079423598
33764.44,COL-min-ED,412,412,858597,0,nrmsd_norm,95,0.5510872151264962
33764.44,COL-min-ED,412,412,858597,0,nrmsd_norm,100,0.5480222856555712
33764.44,COL-min-ED,412,2852,85945,0,nrmsd_norm,5,0.4857936949533627
33764.44,COL-min-ED,412,6286,85945,0,nrmsd_norm,6,0.47581237943317717
33764.44,COL-min-ED,412,2011,85945,0,nrmsd_norm,7,0.47220800524676043
33764.44,COL-min-ED,412,2563,85945,0,nrmsd_norm,8,0.4814037935180789
33764.44,COL-min-ED,412,1744,85945,0,nrmsd_norm,9,0.4555879069416378
33764.44,COL-min-ED,412,350,85945,0,nrmsd_norm,10,0.42616752425947296
33764.44,COL-min-ED,412,350,85945,0,nrmsd_norm,11,0.45477100674061893
33764.44,COL-min-ED,412,1140,85945,0,nrmsd_norm,12,0.4440541496227636
33764.44,COL-min-ED,412,6526,85945,0,nrmsd_norm,13,0.4412729310402083
33764.44,COL-min-ED,412,412,85945,0,nrmsd_norm,14,0.43928608323986823
33764.44,COL-min-ED,412,2563,85945,0,nrmsd_norm,15,0.43681276272732417
33764.44,COL-min-ED,412,2563,85945,0,nrmsd_norm,16,0.450897444202361
33764.44,COL-min-ED,412,2563,85945,0,nrmsd_norm,17,0.4333645557592072
33764.44,COL-min-ED,412,412,85945,0,nrmsd_norm,18,0.43825257912197796
33764.44,COL-min-ED,412,412,85945,0,nrmsd_norm,19,0.4509531083679257
33764.44,COL-min-ED,412,412,85945,0,nrmsd_norm,20,0.47067224914186445
33764.44,COL-min-ED,412,412,85945,0,nrmsd_norm,22,0.4493967468305602
33764.44,COL-min-ED,412,2563,85945,0,nrmsd_norm,24,0.43724521866282057
33764.44,COL-min-ED,412,2563,85945,0,nrmsd_norm,26,0.4584571154264056
33764.44,COL-min-ED,412,2563,85945,0,nrmsd_norm,28,0.490733373081521
33764.44,COL-min-ED,412,2563,85945,0,nrmsd_norm,30,0.4781501297001666
33764.44,COL-min-ED,412,2563,85945,0,nrmsd_norm,32,0.48803152202740846
33764.44,COL-min-ED,412,2563,85945,0,nrmsd_norm,34,0.48279932364312234
33764.44,COL-min-ED,412,10590,85945,0,nrmsd_norm,36,0.48219119804276606
33764.44,COL-min-ED,412,10590,85945,0,nrmsd_norm,38,0.4880271951644558
33764.44,COL-min-ED,412,10590,85945,0,nrmsd_norm,40,0.5111331996825664
33764.44,COL-min-ED,412,2563,85945,0,nrmsd_norm,42,0.5022263836963281
33764.44,COL-min-ED,412,2563,85945,0,nrmsd_norm,44,0.49854819341151185
33764.44,COL-min-ED,412,2563,85945,0,nrmsd_norm,46,0.5048400245374237
33764.44,COL-min-ED,412,6159,85945,0,nrmsd_norm,48,0.5072876307415105
33764.44,COL-min-ED,412,6159,85945,0,nrmsd_norm,50,0.5069020970395872
33764.44,COL-min-ED,412,6159,85945,0,nrmsd_norm,55,0.495965162522059
33764.44,COL-min-ED,412,6159,85945,0,nrmsd_norm,60,0.4888701768153294
33764.44,COL-min-ED,412,2563,85945,0,nrmsd_norm,65,0.4833948898660551
33764.44,COL-min-ED,412,2563,85945,0,nrmsd_norm,70,0.5012432576873219
33764.44,COL-min-ED,412,6159,85945,0,nrmsd_norm,75,0.5180306354921973
33764.44,COL-min-ED,412,412,85945,0,nrmsd_norm,80,0.5354738532804109
33764.44,COL-min-ED,412,412,85945,0,nrmsd_norm,85,0.5420887726157645
33764.44,COL-min-ED,412,412,85945,0,nrmsd_norm,90,0.5540038951855678
33764.44,COL-min-ED,412,412,85945,0,nrmsd_norm,95,0.5468036809983357
33764.44,COL-min-ED,412,412,85945,0,nrmsd_norm,100,0.5452487021892528
33764.44,COL-min-ED,412,8083,697368,0,nrmsd_norm,5,0.6264089425497561
33764.44,COL-min-ED,412,4299,697368,0,nrmsd_norm,6,0.6283381579011289
33764.44,COL-min-ED,412,5803,697368,0,nrmsd_norm,7,0.4766328634705314
33764.44,COL-min-ED,412,6980,697368,0,nrmsd_norm,8,0.46660782111988863
33764.44,COL-min-ED,412,3927,697368,0,nrmsd_norm,9,0.47997553774946317
33764.44,COL-min-ED,412,6977,697368,0,nrmsd_norm,10,0.45338346088024517
33764.44,COL-min-ED,412,6977,697368,0,nrmsd_norm,11,0.522094544275384
33764.44,COL-min-ED,412,6978,697368,0,nrmsd_norm,12,0.5164796317850044
33764.44,COL-min-ED,412,6978,697368,0,nrmsd_norm,13,0.5197813800454895
33764.44,COL-min-ED,412,6978,697368,0,nrmsd_norm,14,0.5196033427263661
33764.44,COL-min-ED,412,6978,697368,0,nrmsd_norm,15,0.5285519792241288
33764.44,COL-min-ED,412,6978,697368,0,nrmsd_norm,16,0.5370431548757094
33764.44,COL-min-ED,412,6978,697368,0,nrmsd_norm,17,0.524670419686677
33764.44,COL-min-ED,412,2768,697368,0,nrmsd_norm,18,0.5274791212209682
33764.44,COL-min-ED,412,2768,697368,0,nrmsd_norm,19,0.5403274634831453
33764.44,COL-min-ED,412,2768,697368,0,nrmsd_norm,20,0.558427584339027
33764.44,COL-min-ED,412,2733,697368,0,nrmsd_norm,22,0.5192851340071921
33764.44,COL-min-ED,412,5920,697368,0,nrmsd_norm,24,0.5019646549337887
33764.44,COL-min-ED,412,6161,697368,0,nrmsd_norm,26,0.516730428660305
33764.44,COL-min-ED,412,5920,697368,0,nrmsd_norm,28,0.5475192575878087
33764.44,COL-min-ED,412,2733,697368,0,nrmsd_norm,30,0.5401140404719186
33764.44,COL-min-ED,412,5920,697368,0,nrmsd_norm,32,0.5274507210920863
33764.44,COL-min-ED,412,5920,697368,0,nrmsd_norm,34,0.5212000076332254
33764.44,COL-min-ED,412,5920,697368,0,nrmsd_norm,36,0.5208370421508902
33764.44,COL-min-ED,412,5920,697368,0,nrmsd_norm,38,0.5263291975338125
33764.44,COL-min-ED,412,5920,697368,0,nrmsd_norm,40,0.5489120520714312
33764.44,COL-min-ED,412,5953,697368,0,nrmsd_norm,42,0.5385479422200508
33764.44,COL-min-ED,412,412,697368,0,nrmsd_norm,44,0.5317220432648566
33764.44,COL-min-ED,412,412,697368,0,nrmsd_norm,46,0.5415067141930683
33764.44,COL-min-ED,412,412,697368,0,nrmsd_norm,48,0.5460101430355832
33764.44,COL-min-ED,412,412,697368,0,nrmsd_norm,50,0.5409147088720598
33764.44,COL-min-ED,412,412,697368,0,nrmsd_norm,55,0.5308492707193684
33764.44,COL-min-ED,412,412,697368,0,nrmsd_norm,60,0.5242592530265332
33764.44,COL-min-ED,412,9237,697368,0,nrmsd_norm,65,0.5081324941966775
33764.44,COL-min-ED,412,9237,697368,0,nrmsd_norm,70,0.5219020551212356
33764.44,COL-min-ED,412,9237,697368,0,nrmsd_norm,75,0.534210418538499
33764.44,COL-min-ED,412,9237,697368,0,nrmsd_norm,80,0.5508430724328637
33764.44,COL-min-ED,412,9237,697368,0,nrmsd_norm,85,0.5562161256767117
33764.44,COL-min-ED,412,9237,697368,0,nrmsd_norm,90,0.5683719540708438
33764.44,COL-min-ED,412,412,697368,0,nrmsd_norm,95,0.5620968586740219
33764.44,COL-min-ED,412,412,697368,0,nrmsd_norm,100,0.5615996849189308
33764.44,COL-min-ED,412,5784,201469,0,nrmsd_norm,5,0.48334541352028404
33764.44,COL-min-ED,412,8438,201469,0,nrmsd_norm,6,0.45822782995636785
33764.44,COL-min-ED,412,8438,201469,0,nrmsd_norm,7,0.43773300268198007
33764.44,COL-min-ED,412,8438,201469,0,nrmsd_norm,8,0.4276791843229677
33764.44,COL-min-ED,412,8438,201469,0,nrmsd_norm,9,0.4338100907460267
33764.44,COL-min-ED,412,11443,201469,0,nrmsd_norm,10,0.41506241842041625
33764.44,COL-min-ED,412,11443,201469,0,nrmsd_norm,11,0.47808747213348896
33764.44,COL-min-ED,412,8438,201469,0,nrmsd_norm,12,0.49141725094651695
33764.44,COL-min-ED,412,11443,201469,0,nrmsd_norm,13,0.506286798870474
33764.44,COL-min-ED,412,1447,201469,0,nrmsd_norm,14,0.4931404834750074
33764.44,COL-min-ED,412,1447,201469,0,nrmsd_norm,15,0.5064863162115787
33764.44,COL-min-ED,412,1447,201469,0,nrmsd_norm,16,0.5201681731562297
33764.44,COL-min-ED,412,1951,201469,0,nrmsd_norm,17,0.5050759547601655
33764.44,COL-min-ED,412,1951,201469,0,nrmsd_norm,18,0.4969575522295101
33764.44,COL-min-ED,412,1951,201469,0,nrmsd_norm,19,0.520165355681987
33764.44,COL-min-ED,412,1951,201469,0,nrmsd_norm,20,0.5407761167622482
33764.44,COL-min-ED,412,5784,201469,0,nrmsd_norm,22,0.5229687974736857
33764.44,COL-min-ED,412,1951,201469,0,nrmsd_norm,24,0.5061183909809553
33764.44,COL-min-ED,412,1951,201469,0,nrmsd_norm,26,0.5370499779205802
33764.44,COL-min-ED,412,5784,201469,0,nrmsd_norm,28,0.5608257147596748
33764.44,COL-min-ED,412,1951,201469,0,nrmsd_norm,30,0.54475835627404
33764.44,COL-min-ED,412,5784,201469,0,nrmsd_norm,32,0.5449086553710295
33764.44,COL-min-ED,412,5784,201469,0,nrmsd_norm,34,0.5383728343874459
33764.44,COL-min-ED,412,5784,201469,0,nrmsd_norm,36,0.5359860180980743
33764.44,COL-min-ED,412,5784,201469,0,nrmsd_norm,38,0.5426044394067367
33764.44,COL-min-ED,412,5784,201469,0,nrmsd_norm,40,0.5665300411539889
33764.44,COL-min-ED,412,5784,201469,0,nrmsd_norm,42,0.558790090783703
33764.44,COL-min-ED,412,1951,201469,0,nrmsd_norm,44,0.5497143162317176
33764.44,COL-min-ED,412,1951,201469,0,nrmsd_norm,46,0.5587176166480732
33764.44,COL-min-ED,412,1951,201469,0,nrmsd_norm,48,0.5605931203756481
33764.44,COL-min-ED,412,5784,201469,0,nrmsd_norm,50,0.5577699646265853
33764.44,COL-min-ED,412,5784,201469,0,nrmsd_norm,55,0.5457590906484067
33764.44,COL-min-ED,412,5784,201469,0,nrmsd_norm,60,0.5382804825373625
33764.44,COL-min-ED,412,5784,201469,0,nrmsd_norm,65,0.5232734293987029
33764.44,COL-min-ED,412,5953,201469,0,nrmsd_norm,70,0.5387779002852059
33764.44,COL-min-ED,412,5784,201469,0,nrmsd_norm,75,0.5539916538283157
33764.44,COL-min-ED,412,5784,201469,0,nrmsd_norm,80,0.5709440610780384
33764.44,COL-min-ED,412,9342,201469,0,nrmsd_norm,85,0.5790778294578562
33764.44,COL-min-ED,412,9342,201469,0,nrmsd_norm,90,0.5905680936188763
33764.44,COL-min-ED,412,5784,201469,0,nrmsd_norm,95,0.5785557516277614
33764.44,COL-min-ED,412,5953,201469,0,nrmsd_norm,100,0.5748128833130209
33764.44,COL-min-ED,412,412,94177,0,nrmsd_norm,5,0.5125560093496911
33764.44,COL-min-ED,412,412,94177,0,nrmsd_norm,6,0.5123908695709839
33764.44,COL-min-ED,412,9237,94177,0,nrmsd_norm,7,0.5026599192289507
33764.44,COL-min-ED,412,5884,94177,0,nrmsd_norm,8,0.503714999444182
33764.44,COL-min-ED,412,1447,94177,0,nrmsd_norm,9,0.45490944518243626
33764.44,COL-min-ED,412,1447,94177,0,nrmsd_norm,10,0.41590059762734394
33764.44,COL-min-ED,412,1447,94177,0,nrmsd_norm,11,0.4600544415407691
33764.44,COL-min-ED,412,412,94177,0,nrmsd_norm,12,0.4679833662924698
33764.44,COL-min-ED,412,1951,94177,0,nrmsd_norm,13,0.4699224473953109
33764.44,COL-min-ED,412,9444,94177,0,nrmsd_norm,14,0.48018182884481786
33764.44,COL-min-ED,412,12146,94177,0,nrmsd_norm,15,0.4849313860961311
33764.44,COL-min-ED,412,5784,94177,0,nrmsd_norm,16,0.4945147390076998
33764.44,COL-min-ED,412,5783,94177,0,nrmsd_norm,17,0.4797675062094322
33764.44,COL-min-ED,412,5949,94177,0,nrmsd_norm,18,0.47957198079471164
33764.44,COL-min-ED,412,492,94177,0,nrmsd_norm,19,0.48818417639866557
33764.44,COL-min-ED,412,492,94177,0,nrmsd_norm,20,0.5082979095166343
33764.44,COL-min-ED,412,1447,94177,0,nrmsd_norm,22,0.48546902997708413
33764.44,COL-min-ED,412,1447,94177,0,nrmsd_norm,24,0.476268768910903
33764.44,COL-min-ED,412,5949,94177,0,nrmsd_norm,26,0.5011402018991913
33764.44,COL-min-ED,412,5949,94177,0,nrmsd_norm,28,0.5272100890871657
33764.44,COL-min-ED,412,5949,94177,0,nrmsd_norm,30,0.523493132108782
33764.44,COL-min-ED,412,5949,94177,0,nrmsd_norm,32,0.5207625217647804
33764.44,COL-min-ED,412,5949,94177,0,nrmsd_norm,34,0.5166021846839051
33764.44,COL-min-ED,412,492,94177,0,nrmsd_norm,36,0.5170532188400877
33764.44,COL-min-ED,412,492,94177,0,nrmsd_norm,38,0.5269745215506848
33764.44,COL-min-ED,412,492,94177,0,nrmsd_norm,40,0.5476496838388194
33764.44,COL-min-ED,412,492,94177,0,nrmsd_norm,42,0.5394301957384727
33764.44,COL-min-ED,412,5949,94177,0,nrmsd_norm,44,0.532961037045885
33764.44,COL-min-ED,412,5949,94177,0,nrmsd_norm,46,0.5404264117815161
33764.44,COL-min-ED,412,5949,94177,0,nrmsd_norm,48,0.5440367539224279
33764.44,COL-min-ED,412,5949,94177,0,nrmsd_norm,50,0.539017864651941
33764.44,COL-min-ED,412,5949,94177,0,nrmsd_norm,55,0.5258814036395079
33764.44,COL-min-ED,412,5949,94177,0,nrmsd_norm,60,0.5137148930349369
33764.44,COL-min-ED,412,1951,94177,0,nrmsd_norm,65,0.4965569209413204
33764.44,COL-min-ED,412,1951,94177,0,nrmsd_norm,70,0.5116766597213591
33764.44,COL-min-ED,412,1951,94177,0,nrmsd_norm,75,0.5275295460940277
33764.44,COL-min-ED,412,1951,94177,0,nrmsd_norm,80,0.5427808433159973
33764.44,COL-min-ED,412,1951,94177,0,nrmsd_norm,85,0.5444737200000156
33764.44,COL-min-ED,412,1951,94177,0,nrmsd_norm,90,0.5578875682656543
33764.44,COL-min-ED,412,1951,94177,0,nrmsd_norm,95,0.550341470927941
33764.44,COL-min-ED,412,1951,94177,0,nrmsd_norm,100,0.5505260004780645
33764.44,KDPP,412,4003,89250,0,nrmsd_norm,5,0.5151236036463618
33764.44,KDPP,412,9444,89250,0,nrmsd_norm,6,0.470336399792284
33764.44,KDPP,412,9444,89250,0,nrmsd_norm,7,0.3852233486546335
33764.44,KDPP,412,9444,89250,0,nrmsd_norm,8,0.3771938725922807
33764.44,KDPP,412,9444,89250,0,nrmsd_norm,9,0.3735602835315422
33764.44,KDPP,412,6160,89250,0,nrmsd_norm,10,0.3962863286063014
33764.44,KDPP,412,6160,89250,0,nrmsd_norm,11,0.3637231122668183
33764.44,KDPP,412,6160,89250,0,nrmsd_norm,12,0.34635010929847404
33764.44,KDPP,412,6160,89250,0,nrmsd_norm,13,0.32853998919446786
33764.44,KDPP,412,6160,89250,0,nrmsd_norm,14,0.3042294172850187
33764.44,KDPP,412,6160,89250,0,nrmsd_norm,15,0.3003810782250866
33764.44,KDPP,412,6160,89250,0,nrmsd_norm,16,0.3043605250224991
33764.44,KDPP,412,6160,89250,0,nrmsd_norm,17,0.2878888171312357
33764.44,KDPP,412,5920,89250,0,nrmsd_norm,18,0.26497361032299
33764.44,KDPP,412,5920,89250,0,nrmsd_norm,19,0.25700879233998397
33764.44,KDPP,412,5920,89250,0,nrmsd_norm,20,0.25433556052190287
33764.44,KDPP,412,5920,89250,0,nrmsd_norm,22,0.24977618145500532
33764.44,KDPP,412,5920,89250,0,nrmsd_norm,24,0.25797659404759343
33764.44,KDPP,412,5920,89250,0,nrmsd_norm,26,0.2653313374926229
33764.44,KDPP,412,5953,89250,0,nrmsd_norm,28,0.27131859058359836
33764.44,KDPP,412,5953,89250,0,nrmsd_norm,30,0.26199669832898537
33764.44,KDPP,412,6159,89250,0,nrmsd_norm,32,0.28130082913022697
33764.44,KDPP,412,6159,89250,0,nrmsd_norm,34,0.27915756344935505
33764.44,KDPP,412,6159,89250,0,nrmsd_norm,36,0.27262550166258026
33764.44,KDPP,412,6159,89250,0,nrmsd_norm,38,0.2780597388825635
33764.44,KDPP,412,6159,89250,0,nrmsd_norm,40,0.28297378903510434
33764.44,KDPP,412,2563,89250,0,nrmsd_norm,42,0.2756069347206382
33764.44,KDPP,412,6159,89250,0,nrmsd_norm,44,0.2674279459514833
33764.44,KDPP,412,412,89250,0,nrmsd_norm,46,0.25242361227521276
33764.44,KDPP,412,6159,89250,0,nrmsd_norm,48,0.2523388491071058
33764.44,KDPP,412,6159,89250,0,nrmsd_norm,50,0.25605736904114096
33764.44,KDPP,412,6159,89250,0,nrmsd_norm,55,0.24089419065992565
33764.44,KDPP,412,2563,89250,0,nrmsd_norm,60,0.2460439046461127
33764.44,KDPP,412,2563,89250,0,nrmsd_norm,65,0.2677434398476676
33764.44,KDPP,412,2563,89250,0,nrmsd_norm,70,0.27189337953252907
33764.44,KDPP,412,2563,89250,0,nrmsd_norm,75,0.26313460284286905
33764.44,KDPP,412,412,89250,0,nrmsd_norm,80,0.2589107585451117
33764.44,KDPP,412,412,89250,0,nrmsd_norm,85,0.2509254670680792
33764.44,KDPP,412,412,89250,0,nrmsd_norm,90,0.2610220490269949
33764.44,KDPP,412,412,89250,0,nrmsd_norm,95,0.2700825766506624
33764.44,KDPP,412,412,89250,0,nrmsd_norm,100,0.26131651151344293
33764.44,KDPP,412,11616,773956,0,nrmsd_norm,5,0.6368260663306426
33764.44,KDPP,412,10925,773956,0,nrmsd_norm,6,0.6127540682765278
33764.44,KDPP,412,9352,773956,0,nrmsd_norm,7,0.4688498962548578
33764.44,KDPP,412,9352,773956,0,nrmsd_norm,8,0.4663497517924423
33764.44,KDPP,412,9379,773956,0,nrmsd_norm,9,0.4139646491535832
33764.44,KDPP,412,9379,773956,0,nrmsd_norm,10,0.43242886995221436
33764.44,KDPP,412,6710,773956,0,nrmsd_norm,11,0.39270495895336355
33764.44,KDPP,412,5884,773956,0,nrmsd_norm,12,0.3591633885461303
33764.44,KDPP,412,636,773956,0,nrmsd_norm,13,0.3567942525698396
33764.44,KDPP,412,10803,773956,0,nrmsd_norm,14,0.361546125785604
33764.44,KDPP,412,10803,773956,0,nrmsd_norm,15,0.34827744550428413
33764.44,KDPP,412,9237,773956,0,nrmsd_norm,16,0.3496547275128107
33764.44,KDPP,412,9237,773956,0,nrmsd_norm,17,0.32769332241568333
33764.44,KDPP,412,9237,773956,0,nrmsd_norm,18,0.31598920861113733
33764.44,KDPP,412,9237,773956,0,nrmsd_norm,19,0.30168943184960095
33764.44,KDPP,412,6159,773956,0,nrmsd_norm,20,0.2996545618369211
33764.44,KDPP,412,9237,773956,0,nrmsd_norm,22,0.2837719038959216
33764.44,KDPP,412,9237,773956,0,nrmsd_norm,24,0.2884998615116061
33764.44,KDPP,412,6159,773956,0,nrmsd_norm,26,0.2982410584476998
33764.44,KDPP,412,6159,773956,0,nrmsd_norm,28,0.2992510729511158
33764.44,KDPP,412,9237,773956,0,nrmsd_norm,30,0.30596773379159264
33764.44,KDPP,412,9237,773956,0,nrmsd_norm,32,0.3161686651657499
33764.44,KDPP,412,9237,773956,0,nrmsd_norm,34,0.31539929871918765
33764.44,KDPP,412,9237,773956,0,nrmsd_norm,36,0.3062474294252947
33764.44,KDPP,412,9237,773956,0,nrmsd_norm,38,0.3086516021652104
33764.44,KDPP,412,9237,773956,0,nrmsd_norm,40,0.3171321481925873
33764.44,KDPP,412,9237,773956,0,nrmsd_norm,42,0.30824811687145115
33764.44,KDPP,412,9237,773956,0,nrmsd_norm,44,0.29784140877961557
33764.44,KDPP,412,9237,773956,0,nrmsd_norm,46,0.29069440967970595
33764.44,KDPP,412,2563,773956,0,nrmsd_norm,48,0.28898978980186774
33764.44,KDPP,412,2563,773956,0,nrmsd_norm,50,0.2902468961110196
33764.44,KDPP,412,2563,773956,0,nrmsd_norm,55,0.27023938317431934
33764.44,KDPP,412,2563,773956,0,nrmsd_norm,60,0.27929148836790946
33764.44,KDPP,412,2563,773956,0,nrmsd_norm,65,0.29932353162624886
33764.44,KDPP,412,2563,773956,0,nrmsd_norm,70,0.3032697364592384
33764.44,KDPP,412,412,773956,0,nrmsd_norm,75,0.2897218200727961
33764.44,KDPP,412,412,773956,0,nrmsd_norm,80,0.2795112108204922
33764.44,KDPP,412,412,773956,0,nrmsd_norm,85,0.2704646415240054
33764.44,KDPP,412,412,773956,0,nrmsd_norm,90,0.28343932347269435
33764.44,KDPP,412,412,773956,0,nrmsd_norm,95,0.29223277422897587
33764.44,KDPP,412,5953,773956,0,nrmsd_norm,100,0.27976918256899397
33764.44,KDPP,412,4548,654571,0,nrmsd_norm,5,0.6003343301746391
33764.44,KDPP,412,12291,654571,0,nrmsd_norm,6,0.56856418055296
33764.44,KDPP,412,3805,654571,0,nrmsd_norm,7,0.4416481432571524
33764.44,KDPP,412,6159,654571,0,nrmsd_norm,8,0.46768749705247087
33764.44,KDPP,412,6159,654571,0,nrmsd_norm,9,0.4410015489030479
33764.44,KDPP,412,412,654571,0,nrmsd_norm,10,0.4124808913763179
33764.44,KDPP,412,412,654571,0,nrmsd_norm,11,0.3778318596701465
33764.44,KDPP,412,1951,654571,0,nrmsd_norm,12,0.3648011707415107
33764.44,KDPP,412,412,654571,0,nrmsd_norm,13,0.35347919258336635
33764.44,KDPP,412,412,654571,0,nrmsd_norm,14,0.36856264341805073
33764.44,KDPP,412,5953,654571,0,nrmsd_norm,15,0.3608976683423725
33764.44,KDPP,412,412,654571,0,nrmsd_norm,16,0.35242560607781015
33764.44,KDPP,412,412,654571,0,nrmsd_norm,17,0.3330477339290782
33764.44,KDPP,412,412,654571,0,nrmsd_norm,18,0.32527032821456797
33764.44,KDPP,412,412,654571,0,nrmsd_norm,19,0.3230625964165214
33764.44,KDPP,412,412,654571,0,nrmsd_norm,20,0.3185232369995317
33764.44,KDPP,412,412,654571,0,nrmsd_norm,22,0.2978826520397949
33764.44,KDPP,412,5953,654571,0,nrmsd_norm,24,0.28721922392905774
33764.44,KDPP,412,5953,654571,0,nrmsd_norm,26,0.28909904705970607
33764.44,KDPP,412,5953,654571,0,nrmsd_norm,28,0.30213423011240204
33764.44,KDPP,412,5953,654571,0,nrmsd_norm,30,0.3096918978978404
33764.44,KDPP,412,5953,654571,0,nrmsd_norm,32,0.3226398686935506
33764.44,KDPP,412,6399,654571,0,nrmsd_norm,34,0.31460299860937735
33764.44,KDPP,412,6399,654571,0,nrmsd_norm,36,0.3105212665360168
33764.44,KDPP,412,6399,654571,0,nrmsd_norm,38,0.31292949474226284
33764.44,KDPP,412,6399,654571,0,nrmsd_norm,40,0.32476821570264286
33764.44,KDPP,412,10418,654571,0,nrmsd_norm,42,0.32176586150078434
33764.44,KDPP,412,5953,654571,0,nrmsd_norm,44,0.3131676620402714
33764.44,KDPP,412,10418,654571,0,nrmsd_norm,46,0.3063741936315231
33764.44,KDPP,412,10418,654571,0,nrmsd_norm,48,0.29816955354734
33764.44,KDPP,412,5953,654571,0,nrmsd_norm,50,0.2999557591518062
33764.44,KDPP,412,5953,654571,0,nrmsd_norm,55,0.287041275028579
33764.44,KDPP,412,5953,654571,0,nrmsd_norm,60,0.29634959402245725
33764.44,KDPP,412,5953,654571,0,nrmsd_norm,65,0.31642858631897525
33764.44,KDPP,412,5953,654571,0,nrmsd_norm,70,0.3119861718733877
33764.44,KDPP,412,5953,654571,0,nrmsd_norm,75,0.2984652541181728
33764.44,KDPP,412,5953,654571,0,nrmsd_norm,80,0.2834986449257443
33764.44,KDPP,412,5953,654571,0,nrmsd_norm,85,0.27654627982438557
33764.44,KDPP,412,412,654571,0,nrmsd_norm,90,0.2852242941969405
33764.44,KDPP,412,412,654571,0,nrmsd_norm,95,0.2915258179863994
33764.44,KDPP,412,412,654571,0,nrmsd_norm,100,0.2782935916854026
33764.44,KDPP,412,11616,438878,0,nrmsd_norm,5,0.6513033689243525
33764.44,KDPP,412,6616,438878,0,nrmsd_norm,6,0.600188516920822
33764.44,KDPP,412,6616,438878,0,nrmsd_norm,7,0.45144045732591004
33764.44,KDPP,412,2661,438878,0,nrmsd_norm,8,0.4477147350081003
33764.44,KDPP,412,6733,438878,0,nrmsd_norm,9,0.42304102301308094
33764.44,KDPP,412,6733,438878,0,nrmsd_norm,10,0.4160436657803155
33764.44,KDPP,412,1405,438878,0,nrmsd_norm,11,0.34641885314976634
33764.44,KDPP,412,1951,438878,0,nrmsd_norm,12,0.32687864131317645
33764.44,KDPP,412,412,438878,0,nrmsd_norm,13,0.3209502720346579
33764.44,KDPP,412,5953,438878,0,nrmsd_norm,14,0.3303345416354012
33764.44,KDPP,412,5953,438878,0,nrmsd_norm,15,0.31970146491075635
33764.44,KDPP,412,5953,438878,0,nrmsd_norm,16,0.32404800281477253
33764.44,KDPP,412,412,438878,0,nrmsd_norm,17,0.3075986779589189
33764.44,KDPP,412,412,438878,0,nrmsd_norm,18,0.29957385172489315
33764.44,KDPP,412,5953,438878,0,nrmsd_norm,19,0.28924584316970414
33764.44,KDPP,412,5953,438878,0,nrmsd_norm,20,0.28345755719786214
33764.44,KDPP,412,412,438878,0,nrmsd_norm,22,0.2725109766136499
33764.44,KDPP,412,412,438878,0,nrmsd_norm,24,0.2636271600551456
33764.44,KDPP,412,412,438878,0,nrmsd_norm,26,0.26908928312642816
33764.44,KDPP,412,412,438878,0,nrmsd_norm,28,0.2795970005782196
33764.44,KDPP,412,412,438878,0,nrmsd_norm,30,0.2688432724655074
33764.44,KDPP,412,412,438878,0,nrmsd_norm,32,0.285974626433344
33764.44,KDPP,412,2563,438878,0,nrmsd_norm,34,0.2820328341081627
33764.44,KDPP,412,2563,438878,0,nrmsd_norm,36,0.27782074494370257
33764.44,KDPP,412,2563,438878,0,nrmsd_norm,38,0.28507636042987866
33764.44,KDPP,412,2563,438878,0,nrmsd_norm,40,0.2960909558147295
33764.44,KDPP,412,2563,438878,0,nrmsd_norm,42,0.2888219767757205
33764.44,KDPP,412,2563,438878,0,nrmsd_norm,44,0.277277958968048
33764.44,KDPP,412,2563,438878,0,nrmsd_norm,46,0.2656334643879486
33764.44,KDPP,412,2563,438878,0,nrmsd_norm,48,0.2622010399643197
33764.44,KDPP,412,2563,438878,0,nrmsd_norm,50,0.26978610668310443
33764.44,KDPP,412,2563,438878,0,nrmsd_norm,55,0.25147602498026306
33764.44,KDPP,412,2563,438878,0,nrmsd_norm,60,0.2611316715315621
33764.44,KDPP,412,2563,438878,0,nrmsd_norm,65,0.27968233019750893
33764.44,KDPP,412,412,438878,0,nrmsd_norm,70,0.2817305510165185
33764.44,KDPP,412,412,438878,0,nrmsd_norm,75,0.2652369005191153
33764.44,KDPP,412,2563,438878,0,nrmsd_norm,80,0.2495723195405154
33764.44,KDPP,412,2563,438878,0,nrmsd_norm,85,0.24127537996597193
33764.44,KDPP,412,2563,438878,0,nrmsd_norm,90,0.25224477646834037
33764.44,KDPP,412,2563,438878,0,nrmsd_norm,95,0.26448936910221726
33764.44,KDPP,412,2563,438878,0,nrmsd_norm,100,0.25622412239954734
33764.44,KDPP,412,11309,433015,0,nrmsd_norm,5,0.4952806410219641
33764.44,KDPP,412,4003,433015,0,nrmsd_norm,6,0.4519630142967103
33764.44,KDPP,412,4003,433015,0,nrmsd_norm,7,0.3926751282290495
33764.44,KDPP,412,5784,433015,0,nrmsd_norm,8,0.3974711065158427
33764.44,KDPP,412,8577,433015,0,nrmsd_norm,9,0.3988990376753442
33764.44,KDPP,412,2041,433015,0,nrmsd_norm,10,0.3812036083209659
33764.44,KDPP,412,11322,433015,0,nrmsd_norm,11,0.3832972440326082
33764.44,KDPP,412,6160,433015,0,nrmsd_norm,12,0.36023952335726556
33764.44,KDPP,412,6160,433015,0,nrmsd_norm,13,0.34724038437067545
33764.44,KDPP,412,6160,433015,0,nrmsd_norm,14,0.35470966225880113
33764.44,KDPP,412,6160,433015,0,nrmsd_norm,15,0.3410475410216329
33764.44,KDPP,412,6160,433015,0,nrmsd_norm,16,0.3281559819119353
33764.44,KDPP,412,6160,433015,0,nrmsd_norm,17,0.29682764168121506
33764.44,KDPP,412,5920,433015,0,nrmsd_norm,18,0.28321276443938875
33764.44,KDPP,412,5920,433015,0,nrmsd_norm,19,0.28192868883578487
33764.44,KDPP,412,5920,433015,0,nrmsd_norm,20,0.27351515154998507
33764.44,KDPP,412,5953,433015,0,nrmsd_norm,22,0.2521416248535314
33764.44,KDPP,412,5953,433015,0,nrmsd_norm,24,0.24587831550324002
33764.44,KDPP,412,5953,433015,0,nrmsd_norm,26,0.26253916527415583
33764.44,KDPP,412,5953,433015,0,nrmsd_norm,28,0.2712127378921773
33764.44,KDPP,412,5953,433015,0,nrmsd_norm,30,0.2759002403887416
33764.44,KDPP,412,6159,433015,0,nrmsd_norm,32,0.2904814461383366
33764.44,KDPP,412,6159,433015,0,nrmsd_norm,34,0.2906661609238677
33764.44,KDPP,412,5920,433015,0,nrmsd_norm,36,0.28954075851243594
33764.44,KDPP,412,5920,433015,0,nrmsd_norm,38,0.29451172896388617
33764.44,KDPP,412,6159,433015,0,nrmsd_norm,40,0.3035286547658849
33764.44,KDPP,412,6159,433015,0,nrmsd_norm,42,0.29820885677813824
33764.44,KDPP,412,5953,433015,0,nrmsd_norm,44,0.2902580793766734
33764.44,KDPP,412,5953,433015,0,nrmsd_norm,46,0.28179094762226503
33764.44,KDPP,412,5953,433015,0,nrmsd_norm,48,0.27860233868036427
33764.44,KDPP,412,5953,433015,0,nrmsd_norm,50,0.28470317624928687
33764.44,KDPP,412,5953,433015,0,nrmsd_norm,55,0.2570758303173557
33764.44,KDPP,412,5953,433015,0,nrmsd_norm,60,0.2684921564069976
33764.44,KDPP,412,5953,433015,0,nrmsd_norm,65,0.291176276559095
33764.44,KDPP,412,5953,433015,0,nrmsd_norm,70,0.2914133580502216
33764.44,KDPP,412,5953,433015,0,nrmsd_norm,75,0.27968804316624774
33764.44,KDPP,412,5953,433015,0,nrmsd_norm,80,0.26644713426544947
33764.44,KDPP,412,412,433015,0,nrmsd_norm,85,0.2587107935238877
33764.44,KDPP,412,412,433015,0,nrmsd_norm,90,0.2669193338951762
33764.44,KDPP,412,5784,433015,0,nrmsd_norm,95,0.27830215032369476
33764.44,KDPP,412,5784,433015,0,nrmsd_norm,100,0.2720411195986323
33764.44,KDPP,412,5952,858597,0,nrmsd_norm,5,0.5238824514943252
33764.44,KDPP,412,5784,858597,0,nrmsd_norm,6,0.5157620538247907
33764.44,KDPP,412,5784,858597,0,nrmsd_norm,7,0.3989901050090756
33764.44,KDPP,412,412,858597,0,nrmsd_norm,8,0.3998852171219575
33764.44,KDPP,412,9444,858597,0,nrmsd_norm,9,0.3898697082155983
33764.44,KDPP,412,412,858597,0,nrmsd_norm,10,0.37635450387811004
33764.44,KDPP,412,412,858597,0,nrmsd_norm,11,0.3378378594839113
33764.44,KDPP,412,412,858597,0,nrmsd_norm,12,0.31864672505183544
33764.44,KDPP,412,412,858597,0,nrmsd_norm,13,0.30235598169226396
33764.44,KDPP,412,412,858597,0,nrmsd_norm,14,0.28832794294245867
33764.44,KDPP,412,412,858597,0,nrmsd_norm,15,0.27829159737625925
33764.44,KDPP,412,412,858597,0,nrmsd_norm,16,0.26920202334424587
33764.44,KDPP,412,412,858597,0,nrmsd_norm,17,0.2545919436392629
33764.44,KDPP,412,412,858597,0,nrmsd_norm,18,0.25094030715920085
33764.44,KDPP,412,412,858597,0,nrmsd_norm,19,0.24955292901404053
33764.44,KDPP,412,412,858597,0,nrmsd_norm,20,0.24423425318912748
33764.44,KDPP,412,6159,858597,0,nrmsd_norm,22,0.23627171807375774
33764.44,KDPP,412,412,858597,0,nrmsd_norm,24,0.23516650412603382
33764.44,KDPP,412,412,858597,0,nrmsd_norm,26,0.24526542255771167
33764.44,KDPP,412,2563,858597,0,nrmsd_norm,28,0.2509349802922976
33764.44,KDPP,412,412,858597,0,nrmsd_norm,30,0.24286144769658452
33764.44,KDPP,412,412,858597,0,nrmsd_norm,32,0.2628595889526941
33764.44,KDPP,412,1951,858597,0,nrmsd_norm,34,0.2640895665044845
33764.44,KDPP,412,1951,858597,0,nrmsd_norm,36,0.25662732135624056
33764.44,KDPP,412,1951,858597,0,nrmsd_norm,38,0.26230963070417124
33764.44,KDPP,412,412,858597,0,nrmsd_norm,40,0.2735720682162098
33764.44,KDPP,412,412,858597,0,nrmsd_norm,42,0.26836506637247626
33764.44,KDPP,412,412,858597,0,nrmsd_norm,44,0.26123131438159375
33764.44,KDPP,412,412,858597,0,nrmsd_norm,46,0.2525559752157588
33764.44,KDPP,412,412,858597,0,nrmsd_norm,48,0.2505194312223701
33764.44,KDPP,412,1951,858597,0,nrmsd_norm,50,0.2509395289246506
33764.44,KDPP,412,412,858597,0,nrmsd_norm,55,0.23786626775886005
33764.44,KDPP,412,412,858597,0,nrmsd_norm,60,0.2498737866914102
33764.44,KDPP,412,412,858597,0,nrmsd_norm,65,0.2720148340600623
33764.44,KDPP,412,5784,858597,0,nrmsd_norm,70,0.28234699495670745
33764.44,KDPP,412,5784,858597,0,nrmsd_norm,75,0.27255323941342663
33764.44,KDPP,412,5784,858597,0,nrmsd_norm,80,0.26776269727430163
33764.44,KDPP,412,5784,858597,0,nrmsd_norm,85,0.2579363560549
33764.44,KDPP,412,5784,858597,0,nrmsd_norm,90,0.2681403200069246
33764.44,KDPP,412,5784,858597,0,nrmsd_norm,95,0.2784636734332624
33764.44,KDPP,412,5784,858597,0,nrmsd_norm,100,0.2741711404492201
33764.44,KDPP,412,8438,85945,0,nrmsd_norm,5,0.4946472623128222
33764.44,KDPP,412,9444,85945,0,nrmsd_norm,6,0.45698677335770677
33764.44,KDPP,412,9444,85945,0,nrmsd_norm,7,0.3749337182419122
33764.44,KDPP,412,9444,85945,0,nrmsd_norm,8,0.3818150417181867
33764.44,KDPP,412,9444,85945,0,nrmsd_norm,9,0.360768257695057
33764.44,KDPP,412,412,85945,0,nrmsd_norm,10,0.3772536155147536
33764.44,KDPP,412,412,85945,0,nrmsd_norm,11,0.34200701753004764
33764.44,KDPP,412,6160,85945,0,nrmsd_norm,12,0.3355668840692299
33764.44,KDPP,412,5953,85945,0,nrmsd_norm,13,0.3203700703226303
33764.44,KDPP,412,5953,85945,0,nrmsd_norm,14,0.2976991483228762
33764.44,KDPP,412,5953,85945,0,nrmsd_norm,15,0.2889677538839879
33764.44,KDPP,412,5953,85945,0,nrmsd_norm,16,0.2805944998236625
33764.44,KDPP,412,5953,85945,0,nrmsd_norm,17,0.27012039664229115
33764.44,KDPP,412,5953,85945,0,nrmsd_norm,18,0.2598988140377074
33764.44,KDPP,412,5953,85945,0,nrmsd_norm,19,0.25579499090716945
33764.44,KDPP,412,5953,85945,0,nrmsd_norm,20,0.24697391815201158
33764.44,KDPP,412,412,85945,0,nrmsd_norm,22,0.23891130503886945
33764.44,KDPP,412,412,85945,0,nrmsd_norm,24,0.24220656344379363
33764.44,KDPP,412,412,85945,0,nrmsd_norm,26,0.2501796847696925
33764.44,KDPP,412,412,85945,0,nrmsd_norm,28,0.25699463631204245
33764.44,KDPP,412,6159,85945,0,nrmsd_norm,30,0.2523232729799153
33764.44,KDPP,412,6159,85945,0,nrmsd_norm,32,0.2664774359134477
33764.44,KDPP,412,6159,85945,0,nrmsd_norm,34,0.268563419686034
33764.44,KDPP,412,6159,85945,0,nrmsd_norm,36,0.2619925746771278
33764.44,KDPP,412,6159,85945,0,nrmsd_norm,38,0.26887574012907794
33764.44,KDPP,412,6159,85945,0,nrmsd_norm,40,0.28139357136539545
33764.44,KDPP,412,6159,85945,0,nrmsd_norm,42,0.27365221026621434
33764.44,KDPP,412,6159,85945,0,nrmsd_norm,44,0.2686550480605233
33764.44,KDPP,412,6159,85945,0,nrmsd_norm,46,0.25979786297130203
33764.44,KDPP,412,6159,85945,0,nrmsd_norm,48,0.2565375571689675
33764.44,KDPP,412,6159,85945,0,nrmsd_norm,50,0.25953073890109296
33764.44,KDPP,412,6159,85945,0,nrmsd_norm,55,0.24660824881594356
33764.44,KDPP,412,6159,85945,0,nrmsd_norm,60,0.26156278500289676
33764.44,KDPP,412,6159,85945,0,nrmsd_norm,65,0.27828835806234137
33764.44,KDPP,412,6159,85945,0,nrmsd_norm,70,0.2816992856674399
33764.44,KDPP,412,6159,85945,0,nrmsd_norm,75,0.2726606895214978
33764.44,KDPP,412,6159,85945,0,nrmsd_norm,80,0.25961688819609363
33764.44,KDPP,412,412,85945,0,nrmsd_norm,85,0.2511260255476022
33764.44,KDPP,412,412,85945,0,nrmsd_norm,90,0.2641980285575123
33764.44,KDPP,412,412,85945,0,nrmsd_norm,95,0.27509800075322266
33764.44,KDPP,412,412,85945,0,nrmsd_norm,100,0.26848023198997245
33764.44,KDPP,412,2641,697368,0,nrmsd_norm,5,0.5962102596485079
33764.44,KDPP,412,1951,697368,0,nrmsd_norm,6,0.5588512759391634
33764.44,KDPP,412,1951,697368,0,nrmsd_norm,7,0.418681219929372
33764.44,KDPP,412,1951,697368,0,nrmsd_norm,8,0.4372191678018263
33764.44,KDPP,412,5884,697368,0,nrmsd_norm,9,0.40437939251887867
33764.44,KDPP,412,2563,697368,0,nrmsd_norm,10,0.3899610379360859
33764.44,KDPP,412,6387,697368,0,nrmsd_norm,11,0.39261184323779097
33764.44,KDPP,412,5884,697368,0,nrmsd_norm,12,0.36902174266970317
33764.44,KDPP,412,5884,697368,0,nrmsd_norm,13,0.3493690058583066
33764.44,KDPP,412,5884,697368,0,nrmsd_norm,14,0.3215252950278311
33764.44,KDPP,412,5884,697368,0,nrmsd_norm,15,0.31611689247324987
33764.44,KDPP,412,5884,697368,0,nrmsd_norm,16,0.3124272563840722
33764.44,KDPP,412,1951,697368,0,nrmsd_norm,17,0.28210505960037874
33764.44,KDPP,412,1951,697368,0,nrmsd_norm,18,0.28220477601997196
33764.44,KDPP,412,1951,697368,0,nrmsd_norm,19,0.28499566170146684
33764.44,KDPP,412,1951,697368,0,nrmsd_norm,20,0.27665846601874805
33764.44,KDPP,412,1951,697368,0,nrmsd_norm,22,0.26481769556444223
33764.44,KDPP,412,2563,697368,0,nrmsd_norm,24,0.24516419504710832
33764.44,KDPP,412,2563,697368,0,nrmsd_norm,26,0.24997459024115504
33764.44,KDPP,412,1951,697368,0,nrmsd_norm,28,0.2510837399496787
33764.44,KDPP,412,1951,697368,0,nrmsd_norm,30,0.2407429202177786
33764.44,KDPP,412,1951,697368,0,nrmsd_norm,32,0.2613186307517041
33764.44,KDPP,412,1951,697368,0,nrmsd_norm,34,0.25866611895994185
33764.44,KDPP,412,412,697368,0,nrmsd_norm,36,0.25111297872207955
33764.44,KDPP,412,412,697368,0,nrmsd_norm,38,0.2558192121516593
33764.44,KDPP,412,412,697368,0,nrmsd_norm,40,0.26566427398658193
33764.44,KDPP,412,412,697368,0,nrmsd_norm,42,0.26112576840069823
33764.44,KDPP,412,412,697368,0,nrmsd_norm,44,0.2541438568940832
33764.44,KDPP,412,412,697368,0,nrmsd_norm,46,0.24399924565123984
33764.44,KDPP,412,5784,697368,0,nrmsd_norm,48,0.24251096639151412
33764.44,KDPP,412,412,697368,0,nrmsd_norm,50,0.24310587896920124
33764.44,KDPP,412,412,697368,0,nrmsd_norm,55,0.23247682266361736
33764.44,KDPP,412,412,697368,0,nrmsd_norm,60,0.24783365844091138
33764.44,KDPP,412,412,697368,0,nrmsd_norm,65,0.2678711107017161
33764.44,KDPP,412,412,697368,0,nrmsd_norm,70,0.2761282805664177
33764.44,KDPP,412,412,697368,0,nrmsd_norm,75,0.2652618389990181
33764.44,KDPP,412,412,697368,0,nrmsd_norm,80,0.2563982843241987
33764.44,KDPP,412,412,697368,0,nrmsd_norm,85,0.2505017491335974
33764.44,KDPP,412,412,697368,0,nrmsd_norm,90,0.25966857442019375
33764.44,KDPP,412,412,697368,0,nrmsd_norm,95,0.2713078480791303
33764.44,KDPP,412,5784,697368,0,nrmsd_norm,100,0.26104985633515115
33764.44,KDPP,412,11104,201469,0,nrmsd_norm,5,0.5170132441792714
33764.44,KDPP,412,1951,201469,0,nrmsd_norm,6,0.46926666148808527
33764.44,KDPP,412,1951,201469,0,nrmsd_norm,7,0.4020170114266506
33764.44,KDPP,412,1951,201469,0,nrmsd_norm,8,0.4395324618059387
33764.44,KDPP,412,5884,201469,0,nrmsd_norm,9,0.42818362237110147
33764.44,KDPP,412,5884,201469,0,nrmsd_norm,10,0.4106442805605842
33764.44,KDPP,412,5884,201469,0,nrmsd_norm,11,0.37087786200135814
33764.44,KDPP,412,2563,201469,0,nrmsd_norm,12,0.3627024316396973
33764.44,KDPP,412,636,201469,0,nrmsd_norm,13,0.3343175243248262
33764.44,KDPP,412,636,201469,0,nrmsd_norm,14,0.3121510665160237
33764.44,KDPP,412,636,201469,0,nrmsd_norm,15,0.3044748782005438
33764.44,KDPP,412,5884,201469,0,nrmsd_norm,16,0.3035361054544628
33764.44,KDPP,412,636,201469,0,nrmsd_norm,17,0.298466439368503
33764.44,KDPP,412,636,201469,0,nrmsd_norm,18,0.2980353052577915
33764.44,KDPP,412,636,201469,0,nrmsd_norm,19,0.3061506811647711
33764.44,KDPP,412,636,201469,0,nrmsd_norm,20,0.3005620036212474
33764.44,KDPP,412,636,201469,0,nrmsd_norm,22,0.2840939279873884
33764.44,KDPP,412,2563,201469,0,nrmsd_norm,24,0.2947225096681218
33764.44,KDPP,412,2563,201469,0,nrmsd_norm,26,0.3003701142110606
33764.44,KDPP,412,2563,201469,0,nrmsd_norm,28,0.30959407007937756
33764.44,KDPP,412,636,201469,0,nrmsd_norm,30,0.31117485554241814
33764.44,KDPP,412,2563,201469,0,nrmsd_norm,32,0.32223649871068977
33764.44,KDPP,412,636,201469,0,nrmsd_norm,34,0.31371483865128963
33764.44,KDPP,412,2563,201469,0,nrmsd_norm,36,0.31163912357066975
33764.44,KDPP,412,2563,201469,0,nrmsd_norm,38,0.309525092871973
33764.44,KDPP,412,2563,201469,0,nrmsd_norm,40,0.31725289694250974
33764.44,KDPP,412,2563,201469,0,nrmsd_norm,42,0.30970602838388134
33764.44,KDPP,412,2563,201469,0,nrmsd_norm,44,0.2997093139056434
33764.44,KDPP,412,2563,201469,0,nrmsd_norm,46,0.29447646578893344
33764.44,KDPP,412,2563,201469,0,nrmsd_norm,48,0.2909629093918699
33764.44,KDPP,412,2563,201469,0,nrmsd_norm,50,0.29355746763191154
33764.44,KDPP,412,6389,201469,0,nrmsd_norm,55,0.27753706661443706
33764.44,KDPP,412,9237,201469,0,nrmsd_norm,60,0.2946201040930055
33764.44,KDPP,412,6389,201469,0,nrmsd_norm,65,0.3158457587590172
33764.44,KDPP,412,9237,201469,0,nrmsd_norm,70,0.31594188070166457
33764.44,KDPP,412,6389,201469,0,nrmsd_norm,75,0.29720063825522
33764.44,KDPP,412,9237,201469,0,nrmsd_norm,80,0.2881003754915696
33764.44,KDPP,412,9237,201469,0,nrmsd_norm,85,0.2775644729842243
33764.44,KDPP,412,9237,201469,0,nrmsd_norm,90,0.2906245462217324
33764.44,KDPP,412,6159,201469,0,nrmsd_norm,95,0.2988321037137833
33764.44,KDPP,412,6159,201469,0,nrmsd_norm,100,0.29242049269540077
33764.44,KDPP,412,5682,94177,0,nrmsd_norm,5,0.5550126971604553
33764.44,KDPP,412,10405,94177,0,nrmsd_norm,6,0.5257139796422873
33764.44,KDPP,412,10405,94177,0,nrmsd_norm,7,0.39220964354555266
33764.44,KDPP,412,10405,94177,0,nrmsd_norm,8,0.37678582877244227
33764.44,KDPP,412,5784,94177,0,nrmsd_norm,9,0.375305322160301
33764.44,KDPP,412,5784,94177,0,nrmsd_norm,10,0.3507458537426498
33764.44,KDPP,412,5784,94177,0,nrmsd_norm,11,0.3268328563373879
33764.44,KDPP,412,5784,94177,0,nrmsd_norm,12,0.30914471929994336
33764.44,KDPP,412,5953,94177,0,nrmsd_norm,13,0.2955520604100756
33764.44,KDPP,412,5953,94177,0,nrmsd_norm,14,0.31436060902673846
33764.44,KDPP,412,5953,94177,0,nrmsd_norm,15,0.30711066132525294
33764.44,KDPP,412,5953,94177,0,nrmsd_norm,16,0.29966166128736266
33764.44,KDPP,412,5953,94177,0,nrmsd_norm,17,0.29161900975069716
33764.44,KDPP,412,5953,94177,0,nrmsd_norm,18,0.28663810450288846
33764.44,KDPP,412,4003,94177,0,nrmsd_norm,19,0.28332334907398965
33764.44,KDPP,412,5784,94177,0,nrmsd_norm,20,0.2763090777093051
33764.44,KDPP,412,5784,94177,0,nrmsd_norm,22,0.26345938243211775
33764.44,KDPP,412,5784,94177,0,nrmsd_norm,24,0.24552177129755373
33764.44,KDPP,412,5784,94177,0,nrmsd_norm,26,0.2557459458648282
33764.44,KDPP,412,5784,94177,0,nrmsd_norm,28,0.2666133467359205
33764.44,KDPP,412,5784,94177,0,nrmsd_norm,30,0.25861080845750495
33764.44,KDPP,412,412,94177,0,nrmsd_norm,32,0.27409763779496993
33764.44,KDPP,412,5953,94177,0,nrmsd_norm,34,0.2763877015424067
33764.44,KDPP,412,5953,94177,0,nrmsd_norm,36,0.27312124627877216
33764.44,KDPP,412,5953,94177,0,nrmsd_norm,38,0.27914914177983746
33764.44,KDPP,412,412,94177,0,nrmsd_norm,40,0.2889040872412998
33764.44,KDPP,412,5953,94177,0,nrmsd_norm,42,0.2853258413652712
33764.44,KDPP,412,412,94177,0,nrmsd_norm,44,0.27468817776879095
33764.44,KDPP,412,412,94177,0,nrmsd_norm,46,0.2678614146458235
33764.44,KDPP,412,5953,94177,0,nrmsd_norm,48,0.26799400562439296
33764.44,KDPP,412,5953,94177,0,nrmsd_norm,50,0.26939736245583573
33764.44,KDPP,412,5953,94177,0,nrmsd_norm,55,0.2553342730936063
33764.44,KDPP,412,5953,94177,0,nrmsd_norm,60,0.2698582082586515
33764.44,KDPP,412,5953,94177,0,nrmsd_norm,65,0.2917984154106701
33764.44,KDPP,412,5953,94177,0,nrmsd_norm,70,0.2927331031152994
33764.44,KDPP,412,5953,94177,0,nrmsd_norm,75,0.2806747310990201
33764.44,KDPP,412,5953,94177,0,nrmsd_norm,80,0.2669694440174327
33764.44,KDPP,412,412,94177,0,nrmsd_norm,85,0.25911401209316254
33764.44,KDPP,412,412,94177,0,nrmsd_norm,90,0.26813766207244727
33764.44,KDPP,412,412,94177,0,nrmsd_norm,95,0.2771356615020405
33764.44,KDPP,412,5953,94177,0,nrmsd_norm,100,0.2703670145634493
