subject_id,experiment_name,hotspot_idx,current_hotspot_idx,realization_id,sequence_idx,score_type,sequence_length,score
33764.44,RANDOM,1703,7065,89250,0,nrmsd_norm,5,0.5993570379707334
33764.44,RANDOM,1703,4817,89250,0,nrmsd_norm,6,0.6197997625034298
33764.44,RANDOM,1703,4816,89250,0,nrmsd_norm,7,0.6155928115012477
33764.44,RANDOM,1703,9879,89250,0,nrmsd_norm,8,0.5970460223551118
33764.44,RANDOM,1703,11115,89250,0,nrmsd_norm,9,0.568209878426362
33764.44,RANDOM,1703,11115,89250,0,nrmsd_norm,10,0.5401496270965721
33764.44,RANDOM,1703,11115,89250,0,nrmsd_norm,11,0.5368987423282033
33764.44,RANDOM,1703,11115,89250,0,nrmsd_norm,12,0.5475689823453468
33764.44,RANDOM,1703,11115,89250,0,nrmsd_norm,13,0.5547660829027211
33764.44,RANDOM,1703,11115,89250,0,nrmsd_norm,14,0.5591695902108555
33764.44,RANDOM,1703,11115,89250,0,nrmsd_norm,15,0.5549015518933791
33764.44,RANDOM,1703,11115,89250,0,nrmsd_norm,16,0.5488866949764302
33764.44,RANDOM,1703,11115,89250,0,nrmsd_norm,17,0.5511134946087112
33764.44,RANDOM,1703,8591,89250,0,nrmsd_norm,18,0.5261808016179067
33764.44,RANDOM,1703,8591,89250,0,nrmsd_norm,19,0.5267849505259359
33764.44,RANDOM,1703,1383,89250,0,nrmsd_norm,20,0.5325319443073524
33764.44,RANDOM,1703,1383,89250,0,nrmsd_norm,22,0.5216378530654172
33764.44,RANDOM,1703,1383,89250,0,nrmsd_norm,24,0.5190409889270551
33764.44,RANDOM,1703,1383,89250,0,nrmsd_norm,26,0.5190860743008473
33764.44,RANDOM,1703,11115,89250,0,nrmsd_norm,28,0.4961227383400399
33764.44,RANDOM,1703,11115,89250,0,nrmsd_norm,30,0.46532568160296583
33764.44,RANDOM,1703,11115,89250,0,nrmsd_norm,32,0.45639160769217096
33764.44,RANDOM,1703,11115,89250,0,nrmsd_norm,34,0.45988860930780223
33764.44,RANDOM,1703,11115,89250,0,nrmsd_norm,36,0.45906812768289146
33764.44,RANDOM,1703,2097,89250,0,nrmsd_norm,38,0.449514521008326
33764.44,RANDOM,1703,2097,89250,0,nrmsd_norm,40,0.4610415677017372
33764.44,RANDOM,1703,2097,89250,0,nrmsd_norm,42,0.4529334360306149
33764.44,RANDOM,1703,2097,89250,0,nrmsd_norm,44,0.44969904194272803
33764.44,RANDOM,1703,2097,89250,0,nrmsd_norm,46,0.4501213491093426
33764.44,RANDOM,1703,2097,89250,0,nrmsd_norm,48,0.4442924607581175
33764.44,RANDOM,1703,2097,89250,0,nrmsd_norm,50,0.43286873933452913
33764.44,RANDOM,1703,501,89250,0,nrmsd_norm,55,0.4256616220503079
33764.44,RANDOM,1703,2097,89250,0,nrmsd_norm,60,0.42873761830845647
33764.44,RANDOM,1703,348,89250,0,nrmsd_norm,65,0.4344721400396285
33764.44,RANDOM,1703,4377,89250,0,nrmsd_norm,70,0.4188916508348873
33764.44,RANDOM,1703,348,89250,0,nrmsd_norm,75,0.4143998914478011
33764.44,RANDOM,1703,4377,89250,0,nrmsd_norm,80,0.4138235558710713
33764.44,RANDOM,1703,4377,89250,0,nrmsd_norm,85,0.41223948175647257
33764.44,RANDOM,1703,348,89250,0,nrmsd_norm,90,0.4097569697973634
33764.44,RANDOM,1703,4377,89250,0,nrmsd_norm,95,0.40606361284718145
33764.44,RANDOM,1703,4377,89250,0,nrmsd_norm,100,0.4062643147555791
33764.44,RANDOM,1703,11324,773956,0,nrmsd_norm,5,0.5700168232492836
33764.44,RANDOM,1703,1257,773956,0,nrmsd_norm,6,0.5903764964477708
33764.44,RANDOM,1703,375,773956,0,nrmsd_norm,7,0.583144633544336
33764.44,RANDOM,1703,1257,773956,0,nrmsd_norm,8,0.5958600172954786
33764.44,RANDOM,1703,6513,773956,0,nrmsd_norm,9,0.5642871341331857
33764.44,RANDOM,1703,2435,773956,0,nrmsd_norm,10,0.5416439997399423
33764.44,RANDOM,1703,216,773956,0,nrmsd_norm,11,0.5312830718300848
33764.44,RANDOM,1703,216,773956,0,nrmsd_norm,12,0.5458910913590509
33764.44,RANDOM,1703,216,773956,0,nrmsd_norm,13,0.5591056114907141
33764.44,RANDOM,1703,216,773956,0,nrmsd_norm,14,0.5671535319814212
33764.44,RANDOM,1703,6358,773956,0,nrmsd_norm,15,0.5706861009598188
33764.44,RANDOM,1703,6358,773956,0,nrmsd_norm,16,0.5623529112026322
33764.44,RANDOM,1703,6358,773956,0,nrmsd_norm,17,0.5642512086683278
33764.44,RANDOM,1703,3017,773956,0,nrmsd_norm,18,0.5399903605947074
33764.44,RANDOM,1703,3017,773956,0,nrmsd_norm,19,0.5411869893839595
33764.44,RANDOM,1703,3017,773956,0,nrmsd_norm,20,0.5475960195985087
33764.44,RANDOM,1703,9980,773956,0,nrmsd_norm,22,0.5451812128462334
33764.44,RANDOM,1703,12091,773956,0,nrmsd_norm,24,0.5268933557465972
33764.44,RANDOM,1703,4367,773956,0,nrmsd_norm,26,0.5267187650622273
33764.44,RANDOM,1703,4367,773956,0,nrmsd_norm,28,0.49271020668792437
33764.44,RANDOM,1703,4367,773956,0,nrmsd_norm,30,0.46280766456425687
33764.44,RANDOM,1703,4367,773956,0,nrmsd_norm,32,0.44761454237746295
33764.44,RANDOM,1703,4367,773956,0,nrmsd_norm,34,0.44884122492762846
33764.44,RANDOM,1703,1005,773956,0,nrmsd_norm,36,0.44915496172941
33764.44,RANDOM,1703,4367,773956,0,nrmsd_norm,38,0.43952546636480055
33764.44,RANDOM,1703,4367,773956,0,nrmsd_norm,40,0.45066753285981376
33764.44,RANDOM,1703,4367,773956,0,nrmsd_norm,42,0.4446758187211992
33764.44,RANDOM,1703,4378,773956,0,nrmsd_norm,44,0.43888915486844937
33764.44,RANDOM,1703,4378,773956,0,nrmsd_norm,46,0.4407123068075227
33764.44,RANDOM,1703,4378,773956,0,nrmsd_norm,48,0.43658923975223585
33764.44,RANDOM,1703,1005,773956,0,nrmsd_norm,50,0.42978302669584534
33764.44,RANDOM,1703,4378,773956,0,nrmsd_norm,55,0.42026644081659764
33764.44,RANDOM,1703,4378,773956,0,nrmsd_norm,60,0.4254113915243753
33764.44,RANDOM,1703,4201,773956,0,nrmsd_norm,65,0.43139541438575435
33764.44,RANDOM,1703,4200,773956,0,nrmsd_norm,70,0.4167397647198981
33764.44,RANDOM,1703,4201,773956,0,nrmsd_norm,75,0.4114467609143161
33764.44,RANDOM,1703,4202,773956,0,nrmsd_norm,80,0.40867792302816885
33764.44,RANDOM,1703,4202,773956,0,nrmsd_norm,85,0.4075237774587673
33764.44,RANDOM,1703,4202,773956,0,nrmsd_norm,90,0.40517113207663236
33764.44,RANDOM,1703,4202,773956,0,nrmsd_norm,95,0.4065396048376912
33764.44,RANDOM,1703,2071,773956,0,nrmsd_norm,100,0.406290221357099
33764.44,RANDOM,1703,11004,654571,0,nrmsd_norm,5,0.5611537078923696
33764.44,RANDOM,1703,11004,654571,0,nrmsd_norm,6,0.5859227550340986
33764.44,RANDOM,1703,11004,654571,0,nrmsd_norm,7,0.5875357130689586
33764.44,RANDOM,1703,11004,654571,0,nrmsd_norm,8,0.6000749294055212
33764.44,RANDOM,1703,209,654571,0,nrmsd_norm,9,0.5717343947636215
33764.44,RANDOM,1703,8878,654571,0,nrmsd_norm,10,0.5462913217812903
33764.44,RANDOM,1703,8878,654571,0,nrmsd_norm,11,0.5519813396959771
33764.44,RANDOM,1703,8878,654571,0,nrmsd_norm,12,0.5678740995080382
33764.44,RANDOM,1703,4154,654571,0,nrmsd_norm,13,0.5742304473945626
33764.44,RANDOM,1703,7226,654571,0,nrmsd_norm,14,0.58684018010739
33764.44,RANDOM,1703,12091,654571,0,nrmsd_norm,15,0.5835504868527879
33764.44,RANDOM,1703,2435,654571,0,nrmsd_norm,16,0.5728960935196161
33764.44,RANDOM,1703,2435,654571,0,nrmsd_norm,17,0.5747270193290632
33764.44,RANDOM,1703,2435,654571,0,nrmsd_norm,18,0.5536598825865533
33764.44,RANDOM,1703,2435,654571,0,nrmsd_norm,19,0.5528914788031111
33764.44,RANDOM,1703,2435,654571,0,nrmsd_norm,20,0.5590339981111476
33764.44,RANDOM,1703,2481,654571,0,nrmsd_norm,22,0.5461018328628189
33764.44,RANDOM,1703,2481,654571,0,nrmsd_norm,24,0.544168191266776
33764.44,RANDOM,1703,2481,654571,0,nrmsd_norm,26,0.5388490226156452
33764.44,RANDOM,1703,4634,654571,0,nrmsd_norm,28,0.5071980800499293
33764.44,RANDOM,1703,2845,654571,0,nrmsd_norm,30,0.48009354377024027
33764.44,RANDOM,1703,2845,654571,0,nrmsd_norm,32,0.45681870339861025
33764.44,RANDOM,1703,4632,654571,0,nrmsd_norm,34,0.45630709644213774
33764.44,RANDOM,1703,4632,654571,0,nrmsd_norm,36,0.45509074975222774
33764.44,RANDOM,1703,2845,654571,0,nrmsd_norm,38,0.4474712770489691
33764.44,RANDOM,1703,2845,654571,0,nrmsd_norm,40,0.45829911335918894
33764.44,RANDOM,1703,2845,654571,0,nrmsd_norm,42,0.45056784103089303
33764.44,RANDOM,1703,4632,654571,0,nrmsd_norm,44,0.44353796919422966
33764.44,RANDOM,1703,4632,654571,0,nrmsd_norm,46,0.44357359726036066
33764.44,RANDOM,1703,4632,654571,0,nrmsd_norm,48,0.43961854927540256
33764.44,RANDOM,1703,4632,654571,0,nrmsd_norm,50,0.42979068364728484
33764.44,RANDOM,1703,2481,654571,0,nrmsd_norm,55,0.4200046562636205
33764.44,RANDOM,1703,2481,654571,0,nrmsd_norm,60,0.4252290677318644
33764.44,RANDOM,1703,2481,654571,0,nrmsd_norm,65,0.4337836643247555
33764.44,RANDOM,1703,4624,654571,0,nrmsd_norm,70,0.420945107238551
33764.44,RANDOM,1703,2481,654571,0,nrmsd_norm,75,0.4170667566533551
33764.44,RANDOM,1703,2481,654571,0,nrmsd_norm,80,0.41417110432032805
33764.44,RANDOM,1703,2481,654571,0,nrmsd_norm,85,0.41149406824786594
33764.44,RANDOM,1703,2481,654571,0,nrmsd_norm,90,0.4093221673676403
33764.44,RANDOM,1703,2481,654571,0,nrmsd_norm,95,0.40698255200335637
33764.44,RANDOM,1703,4624,654571,0,nrmsd_norm,100,0.40758308910475055
33764.44,RANDOM,1703,4422,438878,0,nrmsd_norm,5,0.5847659705787376
33764.44,RANDOM,1703,9365,438878,0,nrmsd_norm,6,0.6018839378750203
33764.44,RANDOM,1703,9365,438878,0,nrmsd_norm,7,0.5981258902969111
33764.44,RANDOM,1703,7255,438878,0,nrmsd_norm,8,0.6128484400405716
33764.44,RANDOM,1703,7255,438878,0,nrmsd_norm,9,0.569041038696403
33764.44,RANDOM,1703,3660,438878,0,nrmsd_norm,10,0.539261790748785
33764.44,RANDOM,1703,7899,438878,0,nrmsd_norm,11,0.5317969174062022
33764.44,RANDOM,1703,7899,438878,0,nrmsd_norm,12,0.5413723655777094
33764.44,RANDOM,1703,7899,438878,0,nrmsd_norm,13,0.5480069071311067
33764.44,RANDOM,1703,7899,438878,0,nrmsd_norm,14,0.55671239345767
33764.44,RANDOM,1703,4421,438878,0,nrmsd_norm,15,0.5602870263770978
33764.44,RANDOM,1703,4421,438878,0,nrmsd_norm,16,0.553472600683411
33764.44,RANDOM,1703,4421,438878,0,nrmsd_norm,17,0.5546745432934883
33764.44,RANDOM,1703,4412,438878,0,nrmsd_norm,18,0.5382489543164302
33764.44,RANDOM,1703,4412,438878,0,nrmsd_norm,19,0.5403322594707232
33764.44,RANDOM,1703,4412,438878,0,nrmsd_norm,20,0.5453106957245716
33764.44,RANDOM,1703,4421,438878,0,nrmsd_norm,22,0.5338911410633194
33764.44,RANDOM,1703,4421,438878,0,nrmsd_norm,24,0.5077458577093141
33764.44,RANDOM,1703,4421,438878,0,nrmsd_norm,26,0.5087261748400977
33764.44,RANDOM,1703,4412,438878,0,nrmsd_norm,28,0.4784868096099258
33764.44,RANDOM,1703,4412,438878,0,nrmsd_norm,30,0.45899831766147464
33764.44,RANDOM,1703,10371,438878,0,nrmsd_norm,32,0.4591072143487476
33764.44,RANDOM,1703,10371,438878,0,nrmsd_norm,34,0.4604764591343863
33764.44,RANDOM,1703,4231,438878,0,nrmsd_norm,36,0.46352594846534
33764.44,RANDOM,1703,328,438878,0,nrmsd_norm,38,0.45688339224764557
33764.44,RANDOM,1703,328,438878,0,nrmsd_norm,40,0.4674390168810138
33764.44,RANDOM,1703,328,438878,0,nrmsd_norm,42,0.46125094704182856
33764.44,RANDOM,1703,328,438878,0,nrmsd_norm,44,0.4512340775860584
33764.44,RANDOM,1703,328,438878,0,nrmsd_norm,46,0.45242016944558394
33764.44,RANDOM,1703,328,438878,0,nrmsd_norm,48,0.44865318175093294
33764.44,RANDOM,1703,328,438878,0,nrmsd_norm,50,0.4395565036649092
33764.44,RANDOM,1703,328,438878,0,nrmsd_norm,55,0.4242670010073412
33764.44,RANDOM,1703,299,438878,0,nrmsd_norm,60,0.4271380345375889
33764.44,RANDOM,1703,299,438878,0,nrmsd_norm,65,0.43493020571660296
33764.44,RANDOM,1703,4725,438878,0,nrmsd_norm,70,0.4210729804878073
33764.44,RANDOM,1703,4222,438878,0,nrmsd_norm,75,0.4172347377610337
33764.44,RANDOM,1703,4222,438878,0,nrmsd_norm,80,0.4130539433350747
33764.44,RANDOM,1703,4222,438878,0,nrmsd_norm,85,0.4118499865515349
33764.44,RANDOM,1703,4222,438878,0,nrmsd_norm,90,0.4096712552099602
33764.44,RANDOM,1703,4222,438878,0,nrmsd_norm,95,0.40765519868339206
33764.44,RANDOM,1703,4222,438878,0,nrmsd_norm,100,0.408126238614326
33764.44,RANDOM,1703,9954,433015,0,nrmsd_norm,5,0.608366823063677
33764.44,RANDOM,1703,2063,433015,0,nrmsd_norm,6,0.6248818825894639
33764.44,RANDOM,1703,11078,433015,0,nrmsd_norm,7,0.6137021330111727
33764.44,RANDOM,1703,12444,433015,0,nrmsd_norm,8,0.5904332265947907
33764.44,RANDOM,1703,5338,433015,0,nrmsd_norm,9,0.5520926773860201
33764.44,RANDOM,1703,4372,433015,0,nrmsd_norm,10,0.5261501694081925
33764.44,RANDOM,1703,10422,433015,0,nrmsd_norm,11,0.5139815774064357
33764.44,RANDOM,1703,10422,433015,0,nrmsd_norm,12,0.5219143715132472
33764.44,RANDOM,1703,10422,433015,0,nrmsd_norm,13,0.5316918952803813
33764.44,RANDOM,1703,10422,433015,0,nrmsd_norm,14,0.5360087034329971
33764.44,RANDOM,1703,10422,433015,0,nrmsd_norm,15,0.5391075104584465
33764.44,RANDOM,1703,10422,433015,0,nrmsd_norm,16,0.5366119652677402
33764.44,RANDOM,1703,10422,433015,0,nrmsd_norm,17,0.5401874005724586
33764.44,RANDOM,1703,3322,433015,0,nrmsd_norm,18,0.5184014023116801
33764.44,RANDOM,1703,3322,433015,0,nrmsd_norm,19,0.5223993692073423
33764.44,RANDOM,1703,3322,433015,0,nrmsd_norm,20,0.5284770174866619
33764.44,RANDOM,1703,1192,433015,0,nrmsd_norm,22,0.5210923518527713
33764.44,RANDOM,1703,1360,433015,0,nrmsd_norm,24,0.5035204336389085
33764.44,RANDOM,1703,1424,433015,0,nrmsd_norm,26,0.5031554355437732
33764.44,RANDOM,1703,4377,433015,0,nrmsd_norm,28,0.48182662857547753
33764.44,RANDOM,1703,1703,433015,0,nrmsd_norm,30,0.4550335565234264
33764.44,RANDOM,1703,4377,433015,0,nrmsd_norm,32,0.44627136224491265
33764.44,RANDOM,1703,1703,433015,0,nrmsd_norm,34,0.44781406027466925
33764.44,RANDOM,1703,4211,433015,0,nrmsd_norm,36,0.4475743280784096
33764.44,RANDOM,1703,7548,433015,0,nrmsd_norm,38,0.4406019493612925
33764.44,RANDOM,1703,7548,433015,0,nrmsd_norm,40,0.45143109324384784
33764.44,RANDOM,1703,7548,433015,0,nrmsd_norm,42,0.4441686883196151
33764.44,RANDOM,1703,7548,433015,0,nrmsd_norm,44,0.4426039486651774
33764.44,RANDOM,1703,7548,433015,0,nrmsd_norm,46,0.44290689104531944
33764.44,RANDOM,1703,7548,433015,0,nrmsd_norm,48,0.4378378383768569
33764.44,RANDOM,1703,7548,433015,0,nrmsd_norm,50,0.42825754874118993
33764.44,RANDOM,1703,4211,433015,0,nrmsd_norm,55,0.4168388797879188
33764.44,RANDOM,1703,4202,433015,0,nrmsd_norm,60,0.42258351025844537
33764.44,RANDOM,1703,2071,433015,0,nrmsd_norm,65,0.42924661592069197
33764.44,RANDOM,1703,4222,433015,0,nrmsd_norm,70,0.4134961215014796
33764.44,RANDOM,1703,7548,433015,0,nrmsd_norm,75,0.4084135914839036
33764.44,RANDOM,1703,7548,433015,0,nrmsd_norm,80,0.40776218409173565
33764.44,RANDOM,1703,4725,433015,0,nrmsd_norm,85,0.4072031033024019
33764.44,RANDOM,1703,4725,433015,0,nrmsd_norm,90,0.4030989699031141
33764.44,RANDOM,1703,7548,433015,0,nrmsd_norm,95,0.399728083444689
33764.44,RANDOM,1703,7548,433015,0,nrmsd_norm,100,0.4000684030820713
33764.44,RANDOM,1703,11926,858597,0,nrmsd_norm,5,0.5685282059388203
33764.44,RANDOM,1703,11926,858597,0,nrmsd_norm,6,0.5946314142340032
33764.44,RANDOM,1703,11926,858597,0,nrmsd_norm,7,0.5868863328898806
33764.44,RANDOM,1703,10115,858597,0,nrmsd_norm,8,0.599859981839527
33764.44,RANDOM,1703,4750,858597,0,nrmsd_norm,9,0.5600657622285007
33764.44,RANDOM,1703,5159,858597,0,nrmsd_norm,10,0.5302433830953257
33764.44,RANDOM,1703,5159,858597,0,nrmsd_norm,11,0.5169667522840009
33764.44,RANDOM,1703,5159,858597,0,nrmsd_norm,12,0.5271160902964878
33764.44,RANDOM,1703,5159,858597,0,nrmsd_norm,13,0.5387108436590275
33764.44,RANDOM,1703,5159,858597,0,nrmsd_norm,14,0.5478429797760642
33764.44,RANDOM,1703,2127,858597,0,nrmsd_norm,15,0.550014261921852
33764.44,RANDOM,1703,2127,858597,0,nrmsd_norm,16,0.5447265336196039
33764.44,RANDOM,1703,2127,858597,0,nrmsd_norm,17,0.5481097265643177
33764.44,RANDOM,1703,4725,858597,0,nrmsd_norm,18,0.5338022908668486
33764.44,RANDOM,1703,4725,858597,0,nrmsd_norm,19,0.5357052278649405
33764.44,RANDOM,1703,4725,858597,0,nrmsd_norm,20,0.5423270764304509
33764.44,RANDOM,1703,299,858597,0,nrmsd_norm,22,0.5349759967172708
33764.44,RANDOM,1703,4725,858597,0,nrmsd_norm,24,0.5185925821983237
33764.44,RANDOM,1703,4725,858597,0,nrmsd_norm,26,0.5196537760798317
33764.44,RANDOM,1703,11612,858597,0,nrmsd_norm,28,0.48900174921312783
33764.44,RANDOM,1703,2439,858597,0,nrmsd_norm,30,0.4622755326763682
33764.44,RANDOM,1703,11612,858597,0,nrmsd_norm,32,0.45598040627412445
33764.44,RANDOM,1703,4222,858597,0,nrmsd_norm,34,0.4552364516551019
33764.44,RANDOM,1703,4222,858597,0,nrmsd_norm,36,0.4553732115843424
33764.44,RANDOM,1703,11612,858597,0,nrmsd_norm,38,0.44941320087513387
33764.44,RANDOM,1703,11612,858597,0,nrmsd_norm,40,0.45975810156661245
33764.44,RANDOM,1703,11612,858597,0,nrmsd_norm,42,0.45280893657402593
33764.44,RANDOM,1703,11612,858597,0,nrmsd_norm,44,0.45034520659969635
33764.44,RANDOM,1703,11612,858597,0,nrmsd_norm,46,0.4484444221039116
33764.44,RANDOM,1703,4222,858597,0,nrmsd_norm,48,0.44264743781481997
33764.44,RANDOM,1703,4222,858597,0,nrmsd_norm,50,0.4327698105043455
33764.44,RANDOM,1703,4222,858597,0,nrmsd_norm,55,0.42166244712677436
33764.44,RANDOM,1703,4222,858597,0,nrmsd_norm,60,0.4252560786583615
33764.44,RANDOM,1703,4222,858597,0,nrmsd_norm,65,0.4342486370046675
33764.44,RANDOM,1703,4222,858597,0,nrmsd_norm,70,0.42000219079080986
33764.44,RANDOM,1703,4222,858597,0,nrmsd_norm,75,0.4154339935903059
33764.44,RANDOM,1703,4222,858597,0,nrmsd_norm,80,0.4135957818662509
33764.44,RANDOM,1703,4222,858597,0,nrmsd_norm,85,0.41240573652924006
33764.44,RANDOM,1703,4222,858597,0,nrmsd_norm,90,0.41024654823510315
33764.44,RANDOM,1703,4202,858597,0,nrmsd_norm,95,0.40619787948095254
33764.44,RANDOM,1703,4202,858597,0,nrmsd_norm,100,0.4062221187559608
33764.44,RANDOM,1703,12363,85945,0,nrmsd_norm,5,0.5796909417134075
33764.44,RANDOM,1703,5355,85945,0,nrmsd_norm,6,0.5995900760487644
33764.44,RANDOM,1703,5506,85945,0,nrmsd_norm,7,0.5959173214471866
33764.44,RANDOM,1703,4967,85945,0,nrmsd_norm,8,0.5951240478546637
33764.44,RANDOM,1703,2650,85945,0,nrmsd_norm,9,0.5590915592409442
33764.44,RANDOM,1703,1076,85945,0,nrmsd_norm,10,0.5287976615994273
33764.44,RANDOM,1703,1116,85945,0,nrmsd_norm,11,0.521031995583215
33764.44,RANDOM,1703,1116,85945,0,nrmsd_norm,12,0.5354758284919358
33764.44,RANDOM,1703,1116,85945,0,nrmsd_norm,13,0.5451822714551426
33764.44,RANDOM,1703,1116,85945,0,nrmsd_norm,14,0.5547624520565199
33764.44,RANDOM,1703,9437,85945,0,nrmsd_norm,15,0.5661790987718697
33764.44,RANDOM,1703,12054,85945,0,nrmsd_norm,16,0.5592382253434313
33764.44,RANDOM,1703,12054,85945,0,nrmsd_norm,17,0.5612579304660583
33764.44,RANDOM,1703,373,85945,0,nrmsd_norm,18,0.5484137180599291
33764.44,RANDOM,1703,373,85945,0,nrmsd_norm,19,0.5493769032980393
33764.44,RANDOM,1703,373,85945,0,nrmsd_norm,20,0.5550836395009331
33764.44,RANDOM,1703,373,85945,0,nrmsd_norm,22,0.539506704816881
33764.44,RANDOM,1703,121,85945,0,nrmsd_norm,24,0.5162774112442752
33764.44,RANDOM,1703,121,85945,0,nrmsd_norm,26,0.5148022050114306
33764.44,RANDOM,1703,5504,85945,0,nrmsd_norm,28,0.4796838949641561
33764.44,RANDOM,1703,5504,85945,0,nrmsd_norm,30,0.45699446040809916
33764.44,RANDOM,1703,5504,85945,0,nrmsd_norm,32,0.4475692769349617
33764.44,RANDOM,1703,5504,85945,0,nrmsd_norm,34,0.4531847981543113
33764.44,RANDOM,1703,11729,85945,0,nrmsd_norm,36,0.453409683041472
33764.44,RANDOM,1703,123,85945,0,nrmsd_norm,38,0.44484294950804143
33764.44,RANDOM,1703,123,85945,0,nrmsd_norm,40,0.4558500428786152
33764.44,RANDOM,1703,123,85945,0,nrmsd_norm,42,0.44892834822280775
33764.44,RANDOM,1703,123,85945,0,nrmsd_norm,44,0.4438837144444942
33764.44,RANDOM,1703,11729,85945,0,nrmsd_norm,46,0.4449972142443046
33764.44,RANDOM,1703,11729,85945,0,nrmsd_norm,48,0.4390503674837187
33764.44,RANDOM,1703,2071,85945,0,nrmsd_norm,50,0.43570609590896814
33764.44,RANDOM,1703,7548,85945,0,nrmsd_norm,55,0.42566305493531414
33764.44,RANDOM,1703,7548,85945,0,nrmsd_norm,60,0.42703366673747706
33764.44,RANDOM,1703,7548,85945,0,nrmsd_norm,65,0.4337841396296267
33764.44,RANDOM,1703,7548,85945,0,nrmsd_norm,70,0.42089111277605645
33764.44,RANDOM,1703,9328,85945,0,nrmsd_norm,75,0.4152131741760352
33764.44,RANDOM,1703,9328,85945,0,nrmsd_norm,80,0.41316589341256205
33764.44,RANDOM,1703,9328,85945,0,nrmsd_norm,85,0.41130526432743
33764.44,RANDOM,1703,9328,85945,0,nrmsd_norm,90,0.40874808382993016
33764.44,RANDOM,1703,7548,85945,0,nrmsd_norm,95,0.4061371287742922
33764.44,RANDOM,1703,7548,85945,0,nrmsd_norm,100,0.4055325718306707
33764.44,RANDOM,1703,373,697368,0,nrmsd_norm,5,0.5944729362884467
33764.44,RANDOM,1703,10345,697368,0,nrmsd_norm,6,0.6142090712592824
33764.44,RANDOM,1703,10345,697368,0,nrmsd_norm,7,0.6036429287291482
33764.44,RANDOM,1703,5164,697368,0,nrmsd_norm,8,0.5907338219125775
33764.44,RANDOM,1703,4245,697368,0,nrmsd_norm,9,0.5577964192291508
33764.44,RANDOM,1703,5504,697368,0,nrmsd_norm,10,0.5319604858235325
33764.44,RANDOM,1703,4406,697368,0,nrmsd_norm,11,0.5275428660528387
33764.44,RANDOM,1703,4406,697368,0,nrmsd_norm,12,0.5350558411400287
33764.44,RANDOM,1703,5504,697368,0,nrmsd_norm,13,0.5449567414097467
33764.44,RANDOM,1703,5504,697368,0,nrmsd_norm,14,0.5517310845803607
33764.44,RANDOM,1703,5159,697368,0,nrmsd_norm,15,0.539380930268481
33764.44,RANDOM,1703,5159,697368,0,nrmsd_norm,16,0.5345047532602571
33764.44,RANDOM,1703,5159,697368,0,nrmsd_norm,17,0.5385942785333757
33764.44,RANDOM,1703,11729,697368,0,nrmsd_norm,18,0.5289000309122237
33764.44,RANDOM,1703,11729,697368,0,nrmsd_norm,19,0.5292845974909731
33764.44,RANDOM,1703,11729,697368,0,nrmsd_norm,20,0.536625081160366
33764.44,RANDOM,1703,299,697368,0,nrmsd_norm,22,0.5255532647435377
33764.44,RANDOM,1703,4624,697368,0,nrmsd_norm,24,0.524843214418917
33764.44,RANDOM,1703,4624,697368,0,nrmsd_norm,26,0.5206586069882557
33764.44,RANDOM,1703,4624,697368,0,nrmsd_norm,28,0.4831703288044919
33764.44,RANDOM,1703,4624,697368,0,nrmsd_norm,30,0.45615008147722147
33764.44,RANDOM,1703,5397,697368,0,nrmsd_norm,32,0.4462336481182041
33764.44,RANDOM,1703,5397,697368,0,nrmsd_norm,34,0.45060362504684437
33764.44,RANDOM,1703,5397,697368,0,nrmsd_norm,36,0.4494805423225433
33764.44,RANDOM,1703,5397,697368,0,nrmsd_norm,38,0.4378427195024069
33764.44,RANDOM,1703,5397,697368,0,nrmsd_norm,40,0.44862918975351956
33764.44,RANDOM,1703,4175,697368,0,nrmsd_norm,42,0.44222981886964735
33764.44,RANDOM,1703,4175,697368,0,nrmsd_norm,44,0.43975027599220823
33764.44,RANDOM,1703,4175,697368,0,nrmsd_norm,46,0.4413911803738199
33764.44,RANDOM,1703,5397,697368,0,nrmsd_norm,48,0.4356697636988107
33764.44,RANDOM,1703,5397,697368,0,nrmsd_norm,50,0.42868883964262455
33764.44,RANDOM,1703,4624,697368,0,nrmsd_norm,55,0.4208648370622294
33764.44,RANDOM,1703,5397,697368,0,nrmsd_norm,60,0.41895672785240207
33764.44,RANDOM,1703,4175,697368,0,nrmsd_norm,65,0.4267227698610014
33764.44,RANDOM,1703,2685,697368,0,nrmsd_norm,70,0.4156571665853687
33764.44,RANDOM,1703,2685,697368,0,nrmsd_norm,75,0.40968821411693934
33764.44,RANDOM,1703,4624,697368,0,nrmsd_norm,80,0.4086619664458878
33764.44,RANDOM,1703,4624,697368,0,nrmsd_norm,85,0.4057892310905709
33764.44,RANDOM,1703,4624,697368,0,nrmsd_norm,90,0.40414508670687777
33764.44,RANDOM,1703,4624,697368,0,nrmsd_norm,95,0.4029292163243682
33764.44,RANDOM,1703,4624,697368,0,nrmsd_norm,100,0.4038586172292286
33764.44,RANDOM,1703,749,201469,0,nrmsd_norm,5,0.5752266321189514
33764.44,RANDOM,1703,6060,201469,0,nrmsd_norm,6,0.6008036408229904
33764.44,RANDOM,1703,6060,201469,0,nrmsd_norm,7,0.6052311143552522
33764.44,RANDOM,1703,3997,201469,0,nrmsd_norm,8,0.5870368116795138
33764.44,RANDOM,1703,12091,201469,0,nrmsd_norm,9,0.5593484377279447
33764.44,RANDOM,1703,12091,201469,0,nrmsd_norm,10,0.5320418565555395
33764.44,RANDOM,1703,4807,201469,0,nrmsd_norm,11,0.523136841768332
33764.44,RANDOM,1703,4807,201469,0,nrmsd_norm,12,0.5377606194053387
33764.44,RANDOM,1703,4807,201469,0,nrmsd_norm,13,0.5420806349765248
33764.44,RANDOM,1703,4807,201469,0,nrmsd_norm,14,0.5520896192946306
33764.44,RANDOM,1703,12091,201469,0,nrmsd_norm,15,0.5394997116828572
33764.44,RANDOM,1703,4807,201469,0,nrmsd_norm,16,0.5360628760221599
33764.44,RANDOM,1703,4807,201469,0,nrmsd_norm,17,0.5361542487673996
33764.44,RANDOM,1703,11649,201469,0,nrmsd_norm,18,0.5216101951170173
33764.44,RANDOM,1703,12363,201469,0,nrmsd_norm,19,0.5228599913003013
33764.44,RANDOM,1703,12363,201469,0,nrmsd_norm,20,0.5317608663846706
33764.44,RANDOM,1703,12363,201469,0,nrmsd_norm,22,0.5173640467793562
33764.44,RANDOM,1703,4378,201469,0,nrmsd_norm,24,0.5111226672678538
33764.44,RANDOM,1703,4378,201469,0,nrmsd_norm,26,0.5109512535510407
33764.44,RANDOM,1703,4367,201469,0,nrmsd_norm,28,0.48141087218347456
33764.44,RANDOM,1703,4378,201469,0,nrmsd_norm,30,0.458972183728335
33764.44,RANDOM,1703,4200,201469,0,nrmsd_norm,32,0.45242463181951004
33764.44,RANDOM,1703,4200,201469,0,nrmsd_norm,34,0.4532509477548399
33764.44,RANDOM,1703,4200,201469,0,nrmsd_norm,36,0.45184230848139906
33764.44,RANDOM,1703,4200,201469,0,nrmsd_norm,38,0.44407911242183784
33764.44,RANDOM,1703,4200,201469,0,nrmsd_norm,40,0.455532091074385
33764.44,RANDOM,1703,4200,201469,0,nrmsd_norm,42,0.44737747101501435
33764.44,RANDOM,1703,4200,201469,0,nrmsd_norm,44,0.4447509043753605
33764.44,RANDOM,1703,4200,201469,0,nrmsd_norm,46,0.44659080601413303
33764.44,RANDOM,1703,4200,201469,0,nrmsd_norm,48,0.44186424143533587
33764.44,RANDOM,1703,4200,201469,0,nrmsd_norm,50,0.4335168559166332
33764.44,RANDOM,1703,4200,201469,0,nrmsd_norm,55,0.4219670679746496
33764.44,RANDOM,1703,4202,201469,0,nrmsd_norm,60,0.4246382477551899
33764.44,RANDOM,1703,4201,201469,0,nrmsd_norm,65,0.43374274426624126
33764.44,RANDOM,1703,4200,201469,0,nrmsd_norm,70,0.4200030913985101
33764.44,RANDOM,1703,4201,201469,0,nrmsd_norm,75,0.4155178191253831
33764.44,RANDOM,1703,4201,201469,0,nrmsd_norm,80,0.4128143302955539
33764.44,RANDOM,1703,4200,201469,0,nrmsd_norm,85,0.4116611765694554
33764.44,RANDOM,1703,4201,201469,0,nrmsd_norm,90,0.4099715773802139
33764.44,RANDOM,1703,4200,201469,0,nrmsd_norm,95,0.40802385734307994
33764.44,RANDOM,1703,4200,201469,0,nrmsd_norm,100,0.4093373367960136
33764.44,RANDOM,1703,4752,94177,0,nrmsd_norm,5,0.5890381143665206
33764.44,RANDOM,1703,4993,94177,0,nrmsd_norm,6,0.6094990921497927
33764.44,RANDOM,1703,4993,94177,0,nrmsd_norm,7,0.6014721910904919
33764.44,RANDOM,1703,3849,94177,0,nrmsd_norm,8,0.5936548696983482
33764.44,RANDOM,1703,5164,94177,0,nrmsd_norm,9,0.5480113119912358
33764.44,RANDOM,1703,4393,94177,0,nrmsd_norm,10,0.521306747894339
33764.44,RANDOM,1703,1314,94177,0,nrmsd_norm,11,0.5087870291150077
33764.44,RANDOM,1703,1314,94177,0,nrmsd_norm,12,0.5246917481152801
33764.44,RANDOM,1703,1314,94177,0,nrmsd_norm,13,0.5296349927226226
33764.44,RANDOM,1703,1314,94177,0,nrmsd_norm,14,0.5394471646451416
33764.44,RANDOM,1703,1314,94177,0,nrmsd_norm,15,0.5403755009278477
33764.44,RANDOM,1703,1314,94177,0,nrmsd_norm,16,0.5358271019417309
33764.44,RANDOM,1703,1314,94177,0,nrmsd_norm,17,0.5390439179499358
33764.44,RANDOM,1703,9499,94177,0,nrmsd_norm,18,0.5252732199968221
33764.44,RANDOM,1703,9499,94177,0,nrmsd_norm,19,0.5269340491273611
33764.44,RANDOM,1703,9499,94177,0,nrmsd_norm,20,0.5331921094261756
33764.44,RANDOM,1703,1314,94177,0,nrmsd_norm,22,0.5245459329328421
33764.44,RANDOM,1703,328,94177,0,nrmsd_norm,24,0.5205833409902086
33764.44,RANDOM,1703,328,94177,0,nrmsd_norm,26,0.5252112016512551
33764.44,RANDOM,1703,2439,94177,0,nrmsd_norm,28,0.4887007748937667
33764.44,RANDOM,1703,2439,94177,0,nrmsd_norm,30,0.45898110415423515
33764.44,RANDOM,1703,10951,94177,0,nrmsd_norm,32,0.4549679550365038
33764.44,RANDOM,1703,2071,94177,0,nrmsd_norm,34,0.4551309372510955
33764.44,RANDOM,1703,2071,94177,0,nrmsd_norm,36,0.455791034801709
33764.44,RANDOM,1703,2071,94177,0,nrmsd_norm,38,0.4469668359196124
33764.44,RANDOM,1703,2071,94177,0,nrmsd_norm,40,0.4580572413180759
33764.44,RANDOM,1703,2071,94177,0,nrmsd_norm,42,0.4515015516133988
33764.44,RANDOM,1703,4222,94177,0,nrmsd_norm,44,0.4418215066377261
33764.44,RANDOM,1703,2071,94177,0,nrmsd_norm,46,0.4455290320367889
33764.44,RANDOM,1703,4202,94177,0,nrmsd_norm,48,0.43727054803770454
33764.44,RANDOM,1703,2071,94177,0,nrmsd_norm,50,0.4276334755787169
33764.44,RANDOM,1703,2071,94177,0,nrmsd_norm,55,0.4160697147348259
33764.44,RANDOM,1703,2071,94177,0,nrmsd_norm,60,0.42118878210564603
33764.44,RANDOM,1703,4202,94177,0,nrmsd_norm,65,0.42983816475293873
33764.44,RANDOM,1703,2071,94177,0,nrmsd_norm,70,0.41849775602277156
33764.44,RANDOM,1703,4211,94177,0,nrmsd_norm,75,0.4136795936435932
33764.44,RANDOM,1703,4202,94177,0,nrmsd_norm,80,0.412585251488053
33764.44,RANDOM,1703,1703,94177,0,nrmsd_norm,85,0.4102750303973435
33764.44,RANDOM,1703,1703,94177,0,nrmsd_norm,90,0.4081054661744748
33764.44,RANDOM,1703,4202,94177,0,nrmsd_norm,95,0.40593790198751867
33764.44,RANDOM,1703,1703,94177,0,nrmsd_norm,100,0.4060012308027063
33764.44,ROW-mean-Corr,1703,10951,89250,0,nrmsd_norm,5,0.5286115044580257
33764.44,ROW-mean-Corr,1703,4922,89250,0,nrmsd_norm,6,0.5507415647656373
33764.44,ROW-mean-Corr,1703,4922,89250,0,nrmsd_norm,7,0.5543412517637004
33764.44,ROW-mean-Corr,1703,4560,89250,0,nrmsd_norm,8,0.5275906546888631
33764.44,ROW-mean-Corr,1703,4361,89250,0,nrmsd_norm,9,0.5374654479814814
33764.44,ROW-mean-Corr,1703,2097,89250,0,nrmsd_norm,10,0.5156736649567656
33764.44,ROW-mean-Corr,1703,2097,89250,0,nrmsd_norm,11,0.4925387122363647
33764.44,ROW-mean-Corr,1703,183,89250,0,nrmsd_norm,12,0.48463078051675457
33764.44,ROW-mean-Corr,1703,183,89250,0,nrmsd_norm,13,0.5181739879516063
33764.44,ROW-mean-Corr,1703,183,89250,0,nrmsd_norm,14,0.5299166621358484
33764.44,ROW-mean-Corr,1703,415,89250,0,nrmsd_norm,15,0.529514471019203
33764.44,ROW-mean-Corr,1703,415,89250,0,nrmsd_norm,16,0.5553738997876541
33764.44,ROW-mean-Corr,1703,415,89250,0,nrmsd_norm,17,0.553605648301998
33764.44,ROW-mean-Corr,1703,1703,89250,0,nrmsd_norm,18,0.5696938744872828
33764.44,ROW-mean-Corr,1703,6644,89250,0,nrmsd_norm,19,0.5598660210309027
33764.44,ROW-mean-Corr,1703,6644,89250,0,nrmsd_norm,20,0.5628693296605317
33764.44,ROW-mean-Corr,1703,5592,89250,0,nrmsd_norm,22,0.5775651036984732
33764.44,ROW-mean-Corr,1703,4361,89250,0,nrmsd_norm,24,0.5809167630460331
33764.44,ROW-mean-Corr,1703,748,89250,0,nrmsd_norm,26,0.583911566147693
33764.44,ROW-mean-Corr,1703,415,89250,0,nrmsd_norm,28,0.5831932379720189
33764.44,ROW-mean-Corr,1703,5592,89250,0,nrmsd_norm,30,0.5983576870849422
33764.44,ROW-mean-Corr,1703,1703,89250,0,nrmsd_norm,32,0.6021989725383106
33764.44,ROW-mean-Corr,1703,1703,89250,0,nrmsd_norm,34,0.603288884603316
33764.44,ROW-mean-Corr,1703,1703,89250,0,nrmsd_norm,36,0.6048036672315689
33764.44,ROW-mean-Corr,1703,2071,89250,0,nrmsd_norm,38,0.6087110204287298
33764.44,ROW-mean-Corr,1703,4211,89250,0,nrmsd_norm,40,0.6211628035349973
33764.44,ROW-mean-Corr,1703,4149,89250,0,nrmsd_norm,42,0.6151878107669723
33764.44,ROW-mean-Corr,1703,4149,89250,0,nrmsd_norm,44,0.6057844959909197
33764.44,ROW-mean-Corr,1703,4149,89250,0,nrmsd_norm,46,0.6094524054605781
33764.44,ROW-mean-Corr,1703,4149,89250,0,nrmsd_norm,48,0.6118477567018781
33764.44,ROW-mean-Corr,1703,4149,89250,0,nrmsd_norm,50,0.6051902980460062
33764.44,ROW-mean-Corr,1703,8233,89250,0,nrmsd_norm,55,0.6151379395457923
33764.44,ROW-mean-Corr,1703,4149,89250,0,nrmsd_norm,60,0.6118507201669392
33764.44,ROW-mean-Corr,1703,4149,89250,0,nrmsd_norm,65,0.6128662045001616
33764.44,ROW-mean-Corr,1703,4149,89250,0,nrmsd_norm,70,0.6128359126698857
33764.44,ROW-mean-Corr,1703,4361,89250,0,nrmsd_norm,75,0.5967749561391127
33764.44,ROW-mean-Corr,1703,1703,89250,0,nrmsd_norm,80,0.5920234600832629
33764.44,ROW-mean-Corr,1703,1703,89250,0,nrmsd_norm,85,0.591304953137151
33764.44,ROW-mean-Corr,1703,1703,89250,0,nrmsd_norm,90,0.5869248162912861
33764.44,ROW-mean-Corr,1703,4377,89250,0,nrmsd_norm,95,0.5846420057182912
33764.44,ROW-mean-Corr,1703,4377,89250,0,nrmsd_norm,100,0.5878110883661646
33764.44,ROW-mean-Corr,1703,5888,773956,0,nrmsd_norm,5,0.5870055132467661
33764.44,ROW-mean-Corr,1703,5888,773956,0,nrmsd_norm,6,0.5762525311914354
33764.44,ROW-mean-Corr,1703,5888,773956,0,nrmsd_norm,7,0.5878928580490664
33764.44,ROW-mean-Corr,1703,4331,773956,0,nrmsd_norm,8,0.5497324107313881
33764.44,ROW-mean-Corr,1703,348,773956,0,nrmsd_norm,9,0.573981355447303
33764.44,ROW-mean-Corr,1703,348,773956,0,nrmsd_norm,10,0.5674312348631397
33764.44,ROW-mean-Corr,1703,4202,773956,0,nrmsd_norm,11,0.5459422231017548
33764.44,ROW-mean-Corr,1703,4202,773956,0,nrmsd_norm,12,0.5344642772117909
33764.44,ROW-mean-Corr,1703,4202,773956,0,nrmsd_norm,13,0.5575596209623044
33764.44,ROW-mean-Corr,1703,4202,773956,0,nrmsd_norm,14,0.5614299597986624
33764.44,ROW-mean-Corr,1703,4631,773956,0,nrmsd_norm,15,0.5499191776723988
33764.44,ROW-mean-Corr,1703,4631,773956,0,nrmsd_norm,16,0.5783775380203217
33764.44,ROW-mean-Corr,1703,216,773956,0,nrmsd_norm,17,0.5873240647904141
33764.44,ROW-mean-Corr,1703,1686,773956,0,nrmsd_norm,18,0.5711127172026532
33764.44,ROW-mean-Corr,1703,1686,773956,0,nrmsd_norm,19,0.5630857910373398
33764.44,ROW-mean-Corr,1703,1686,773956,0,nrmsd_norm,20,0.5693961144385333
33764.44,ROW-mean-Corr,1703,4560,773956,0,nrmsd_norm,22,0.589704006507943
33764.44,ROW-mean-Corr,1703,4360,773956,0,nrmsd_norm,24,0.5884633422558597
33764.44,ROW-mean-Corr,1703,4360,773956,0,nrmsd_norm,26,0.5848202012967121
33764.44,ROW-mean-Corr,1703,4360,773956,0,nrmsd_norm,28,0.5907476352893819
33764.44,ROW-mean-Corr,1703,4360,773956,0,nrmsd_norm,30,0.5994903569213089
33764.44,ROW-mean-Corr,1703,6644,773956,0,nrmsd_norm,32,0.595792541308096
33764.44,ROW-mean-Corr,1703,2845,773956,0,nrmsd_norm,34,0.6134213314959138
33764.44,ROW-mean-Corr,1703,1686,773956,0,nrmsd_norm,36,0.6088620791882539
33764.44,ROW-mean-Corr,1703,2845,773956,0,nrmsd_norm,38,0.6138415381985111
33764.44,ROW-mean-Corr,1703,2845,773956,0,nrmsd_norm,40,0.6238116193288487
33764.44,ROW-mean-Corr,1703,4361,773956,0,nrmsd_norm,42,0.6104062825782897
33764.44,ROW-mean-Corr,1703,4361,773956,0,nrmsd_norm,44,0.6015256243150414
33764.44,ROW-mean-Corr,1703,4560,773956,0,nrmsd_norm,46,0.6131916110521989
33764.44,ROW-mean-Corr,1703,4361,773956,0,nrmsd_norm,48,0.613058951424405
33764.44,ROW-mean-Corr,1703,4361,773956,0,nrmsd_norm,50,0.6036487282303823
33764.44,ROW-mean-Corr,1703,6644,773956,0,nrmsd_norm,55,0.6063128127028595
33764.44,ROW-mean-Corr,1703,4361,773956,0,nrmsd_norm,60,0.6050153665172918
33764.44,ROW-mean-Corr,1703,4361,773956,0,nrmsd_norm,65,0.6152631721054558
33764.44,ROW-mean-Corr,1703,4149,773956,0,nrmsd_norm,70,0.6184195322703253
33764.44,ROW-mean-Corr,1703,4361,773956,0,nrmsd_norm,75,0.6068390887569827
33764.44,ROW-mean-Corr,1703,4361,773956,0,nrmsd_norm,80,0.6065153241966612
33764.44,ROW-mean-Corr,1703,1703,773956,0,nrmsd_norm,85,0.6036537419301414
33764.44,ROW-mean-Corr,1703,2097,773956,0,nrmsd_norm,90,0.6006292559109954
33764.44,ROW-mean-Corr,1703,4361,773956,0,nrmsd_norm,95,0.5990036927030639
33764.44,ROW-mean-Corr,1703,4361,773956,0,nrmsd_norm,100,0.6015794458580062
33764.44,ROW-mean-Corr,1703,11774,654571,0,nrmsd_norm,5,0.6266163078744242
33764.44,ROW-mean-Corr,1703,4922,654571,0,nrmsd_norm,6,0.6087783750999016
33764.44,ROW-mean-Corr,1703,2351,654571,0,nrmsd_norm,7,0.5932798562216128
33764.44,ROW-mean-Corr,1703,2351,654571,0,nrmsd_norm,8,0.5647821840799276
33764.44,ROW-mean-Corr,1703,11926,654571,0,nrmsd_norm,9,0.558718440251782
33764.44,ROW-mean-Corr,1703,11926,654571,0,nrmsd_norm,10,0.5594352743085163
33764.44,ROW-mean-Corr,1703,2351,654571,0,nrmsd_norm,11,0.5483368570497172
33764.44,ROW-mean-Corr,1703,5033,654571,0,nrmsd_norm,12,0.5595098192157976
33764.44,ROW-mean-Corr,1703,5331,654571,0,nrmsd_norm,13,0.5704392693409465
33764.44,ROW-mean-Corr,1703,5331,654571,0,nrmsd_norm,14,0.5768885245482434
33764.44,ROW-mean-Corr,1703,2657,654571,0,nrmsd_norm,15,0.5732920998442369
33764.44,ROW-mean-Corr,1703,2985,654571,0,nrmsd_norm,16,0.5933664747836803
33764.44,ROW-mean-Corr,1703,2985,654571,0,nrmsd_norm,17,0.5942624590260899
33764.44,ROW-mean-Corr,1703,2985,654571,0,nrmsd_norm,18,0.594674192433618
33764.44,ROW-mean-Corr,1703,2985,654571,0,nrmsd_norm,19,0.5793140193695762
33764.44,ROW-mean-Corr,1703,2985,654571,0,nrmsd_norm,20,0.5801295907028331
33764.44,ROW-mean-Corr,1703,2985,654571,0,nrmsd_norm,22,0.5897776300986837
33764.44,ROW-mean-Corr,1703,2985,654571,0,nrmsd_norm,24,0.6073472064936108
33764.44,ROW-mean-Corr,1703,2985,654571,0,nrmsd_norm,26,0.6081878797779353
33764.44,ROW-mean-Corr,1703,10951,654571,0,nrmsd_norm,28,0.6023578039119786
33764.44,ROW-mean-Corr,1703,2071,654571,0,nrmsd_norm,30,0.617832533415535
33764.44,ROW-mean-Corr,1703,2439,654571,0,nrmsd_norm,32,0.6187872440373484
33764.44,ROW-mean-Corr,1703,4202,654571,0,nrmsd_norm,34,0.6177017790834521
33764.44,ROW-mean-Corr,1703,4377,654571,0,nrmsd_norm,36,0.6255539860481237
33764.44,ROW-mean-Corr,1703,2097,654571,0,nrmsd_norm,38,0.6246842802166945
33764.44,ROW-mean-Corr,1703,2097,654571,0,nrmsd_norm,40,0.6359129257145282
33764.44,ROW-mean-Corr,1703,2097,654571,0,nrmsd_norm,42,0.6275026902512447
33764.44,ROW-mean-Corr,1703,348,654571,0,nrmsd_norm,44,0.6115481583729384
33764.44,ROW-mean-Corr,1703,348,654571,0,nrmsd_norm,46,0.6154079719392016
33764.44,ROW-mean-Corr,1703,2685,654571,0,nrmsd_norm,48,0.6162583845669759
33764.44,ROW-mean-Corr,1703,4212,654571,0,nrmsd_norm,50,0.6038896215713712
33764.44,ROW-mean-Corr,1703,4212,654571,0,nrmsd_norm,55,0.6136017666236565
33764.44,ROW-mean-Corr,1703,7548,654571,0,nrmsd_norm,60,0.6102412180089141
33764.44,ROW-mean-Corr,1703,2071,654571,0,nrmsd_norm,65,0.6109238557109724
33764.44,ROW-mean-Corr,1703,1005,654571,0,nrmsd_norm,70,0.6080162337990251
33764.44,ROW-mean-Corr,1703,4377,654571,0,nrmsd_norm,75,0.6018386969183974
33764.44,ROW-mean-Corr,1703,6644,654571,0,nrmsd_norm,80,0.597381125061939
33764.44,ROW-mean-Corr,1703,4377,654571,0,nrmsd_norm,85,0.5979786534892091
33764.44,ROW-mean-Corr,1703,4377,654571,0,nrmsd_norm,90,0.5964041700545758
33764.44,ROW-mean-Corr,1703,4211,654571,0,nrmsd_norm,95,0.5972392886075373
33764.44,ROW-mean-Corr,1703,4211,654571,0,nrmsd_norm,100,0.5985530127496764
33764.44,ROW-mean-Corr,1703,10643,438878,0,nrmsd_norm,5,0.5170694685449797
33764.44,ROW-mean-Corr,1703,4377,438878,0,nrmsd_norm,6,0.5391209082233361
33764.44,ROW-mean-Corr,1703,4236,438878,0,nrmsd_norm,7,0.5515420807753311
33764.44,ROW-mean-Corr,1703,3804,438878,0,nrmsd_norm,8,0.5228903317858594
33764.44,ROW-mean-Corr,1703,3804,438878,0,nrmsd_norm,9,0.5292764626684829
33764.44,ROW-mean-Corr,1703,2097,438878,0,nrmsd_norm,10,0.5210260704775318
33764.44,ROW-mean-Corr,1703,4236,438878,0,nrmsd_norm,11,0.47988348038582174
33764.44,ROW-mean-Corr,1703,4922,438878,0,nrmsd_norm,12,0.4641529849776901
33764.44,ROW-mean-Corr,1703,4922,438878,0,nrmsd_norm,13,0.4938773300794047
33764.44,ROW-mean-Corr,1703,4922,438878,0,nrmsd_norm,14,0.5013112096751546
33764.44,ROW-mean-Corr,1703,4922,438878,0,nrmsd_norm,15,0.5004650781645773
33764.44,ROW-mean-Corr,1703,4922,438878,0,nrmsd_norm,16,0.5272128797835921
33764.44,ROW-mean-Corr,1703,3320,438878,0,nrmsd_norm,17,0.5213570066935228
33764.44,ROW-mean-Corr,1703,3320,438878,0,nrmsd_norm,18,0.5258473390857266
33764.44,ROW-mean-Corr,1703,6859,438878,0,nrmsd_norm,19,0.5229519193422338
33764.44,ROW-mean-Corr,1703,6859,438878,0,nrmsd_norm,20,0.5187718040384267
33764.44,ROW-mean-Corr,1703,6859,438878,0,nrmsd_norm,22,0.5339036910745036
33764.44,ROW-mean-Corr,1703,4214,438878,0,nrmsd_norm,24,0.5722354171416882
33764.44,ROW-mean-Corr,1703,10643,438878,0,nrmsd_norm,26,0.566274726848913
33764.44,ROW-mean-Corr,1703,10643,438878,0,nrmsd_norm,28,0.5712391130688727
33764.44,ROW-mean-Corr,1703,10643,438878,0,nrmsd_norm,30,0.5876404114732383
33764.44,ROW-mean-Corr,1703,10643,438878,0,nrmsd_norm,32,0.5899884501079735
33764.44,ROW-mean-Corr,1703,10643,438878,0,nrmsd_norm,34,0.5966600986743189
33764.44,ROW-mean-Corr,1703,10643,438878,0,nrmsd_norm,36,0.6021910410209745
33764.44,ROW-mean-Corr,1703,10643,438878,0,nrmsd_norm,38,0.6047107095378286
33764.44,ROW-mean-Corr,1703,10643,438878,0,nrmsd_norm,40,0.6142731708667256
33764.44,ROW-mean-Corr,1703,216,438878,0,nrmsd_norm,42,0.6097627074315468
33764.44,ROW-mean-Corr,1703,4214,438878,0,nrmsd_norm,44,0.6007919823972556
33764.44,ROW-mean-Corr,1703,4214,438878,0,nrmsd_norm,46,0.5995025292024341
33764.44,ROW-mean-Corr,1703,4214,438878,0,nrmsd_norm,48,0.5995628305149975
33764.44,ROW-mean-Corr,1703,4214,438878,0,nrmsd_norm,50,0.5939057013313443
33764.44,ROW-mean-Corr,1703,4213,438878,0,nrmsd_norm,55,0.6022471420415602
33764.44,ROW-mean-Corr,1703,4200,438878,0,nrmsd_norm,60,0.5911087639949527
33764.44,ROW-mean-Corr,1703,4213,438878,0,nrmsd_norm,65,0.5965217205267386
33764.44,ROW-mean-Corr,1703,2127,438878,0,nrmsd_norm,70,0.5970484814333964
33764.44,ROW-mean-Corr,1703,1914,438878,0,nrmsd_norm,75,0.5866783528653283
33764.44,ROW-mean-Corr,1703,4200,438878,0,nrmsd_norm,80,0.5875625068820467
33764.44,ROW-mean-Corr,1703,4201,438878,0,nrmsd_norm,85,0.5901334221580293
33764.44,ROW-mean-Corr,1703,4201,438878,0,nrmsd_norm,90,0.5853369212761117
33764.44,ROW-mean-Corr,1703,9891,438878,0,nrmsd_norm,95,0.5834645889462357
33764.44,ROW-mean-Corr,1703,4200,438878,0,nrmsd_norm,100,0.583835438706004
33764.44,ROW-mean-Corr,1703,11621,433015,0,nrmsd_norm,5,0.6189557224809412
33764.44,ROW-mean-Corr,1703,11621,433015,0,nrmsd_norm,6,0.6073339325477475
33764.44,ROW-mean-Corr,1703,3196,433015,0,nrmsd_norm,7,0.6198618349252997
33764.44,ROW-mean-Corr,1703,12443,433015,0,nrmsd_norm,8,0.5633678528473777
33764.44,ROW-mean-Corr,1703,4277,433015,0,nrmsd_norm,9,0.5560954905217043
33764.44,ROW-mean-Corr,1703,751,433015,0,nrmsd_norm,10,0.5643879390891643
33764.44,ROW-mean-Corr,1703,3320,433015,0,nrmsd_norm,11,0.5329458367771989
33764.44,ROW-mean-Corr,1703,1796,433015,0,nrmsd_norm,12,0.5332084229959989
33764.44,ROW-mean-Corr,1703,1796,433015,0,nrmsd_norm,13,0.5493547641879895
33764.44,ROW-mean-Corr,1703,4247,433015,0,nrmsd_norm,14,0.5459181354078718
33764.44,ROW-mean-Corr,1703,12049,433015,0,nrmsd_norm,15,0.5374064132967742
33764.44,ROW-mean-Corr,1703,12049,433015,0,nrmsd_norm,16,0.5531670345743271
33764.44,ROW-mean-Corr,1703,12049,433015,0,nrmsd_norm,17,0.5476198531168486
33764.44,ROW-mean-Corr,1703,12049,433015,0,nrmsd_norm,18,0.5575053653212756
33764.44,ROW-mean-Corr,1703,12049,433015,0,nrmsd_norm,19,0.5467605262915303
33764.44,ROW-mean-Corr,1703,11507,433015,0,nrmsd_norm,20,0.5580051887264379
33764.44,ROW-mean-Corr,1703,11507,433015,0,nrmsd_norm,22,0.5627043786284023
33764.44,ROW-mean-Corr,1703,11507,433015,0,nrmsd_norm,24,0.5708588070632897
33764.44,ROW-mean-Corr,1703,1374,433015,0,nrmsd_norm,26,0.5719786667086956
33764.44,ROW-mean-Corr,1703,1374,433015,0,nrmsd_norm,28,0.5830445106570854
33764.44,ROW-mean-Corr,1703,1374,433015,0,nrmsd_norm,30,0.5878994437062458
33764.44,ROW-mean-Corr,1703,1374,433015,0,nrmsd_norm,32,0.5905807801290804
33764.44,ROW-mean-Corr,1703,1374,433015,0,nrmsd_norm,34,0.5921921194449289
33764.44,ROW-mean-Corr,1703,807,433015,0,nrmsd_norm,36,0.5949382225166889
33764.44,ROW-mean-Corr,1703,1796,433015,0,nrmsd_norm,38,0.6007074316767601
33764.44,ROW-mean-Corr,1703,807,433015,0,nrmsd_norm,40,0.6102917872334604
33764.44,ROW-mean-Corr,1703,807,433015,0,nrmsd_norm,42,0.6051392028476676
33764.44,ROW-mean-Corr,1703,807,433015,0,nrmsd_norm,44,0.5974024518396719
33764.44,ROW-mean-Corr,1703,4236,433015,0,nrmsd_norm,46,0.6076603484352703
33764.44,ROW-mean-Corr,1703,4236,433015,0,nrmsd_norm,48,0.6030604868849904
33764.44,ROW-mean-Corr,1703,751,433015,0,nrmsd_norm,50,0.60221179574664
33764.44,ROW-mean-Corr,1703,751,433015,0,nrmsd_norm,55,0.6102670727034718
33764.44,ROW-mean-Corr,1703,751,433015,0,nrmsd_norm,60,0.6083347243746978
33764.44,ROW-mean-Corr,1703,751,433015,0,nrmsd_norm,65,0.614008844459369
33764.44,ROW-mean-Corr,1703,751,433015,0,nrmsd_norm,70,0.6186833823567296
33764.44,ROW-mean-Corr,1703,2481,433015,0,nrmsd_norm,75,0.608621105099078
33764.44,ROW-mean-Corr,1703,4444,433015,0,nrmsd_norm,80,0.6076919316010466
33764.44,ROW-mean-Corr,1703,4444,433015,0,nrmsd_norm,85,0.6030684509385764
33764.44,ROW-mean-Corr,1703,2481,433015,0,nrmsd_norm,90,0.6002816256404785
33764.44,ROW-mean-Corr,1703,2481,433015,0,nrmsd_norm,95,0.5985477011616299
33764.44,ROW-mean-Corr,1703,10951,433015,0,nrmsd_norm,100,0.6016908165755722
33764.44,ROW-mean-Corr,1703,1374,858597,0,nrmsd_norm,5,0.5373845147061727
33764.44,ROW-mean-Corr,1703,1794,858597,0,nrmsd_norm,6,0.5503997594095972
33764.44,ROW-mean-Corr,1703,1564,858597,0,nrmsd_norm,7,0.5188271673346864
33764.44,ROW-mean-Corr,1703,4982,858597,0,nrmsd_norm,8,0.4986356183404027
33764.44,ROW-mean-Corr,1703,4982,858597,0,nrmsd_norm,9,0.4909862406090821
33764.44,ROW-mean-Corr,1703,2351,858597,0,nrmsd_norm,10,0.5057600178223435
33764.44,ROW-mean-Corr,1703,5196,858597,0,nrmsd_norm,11,0.4900959478061479
33764.44,ROW-mean-Corr,1703,4226,858597,0,nrmsd_norm,12,0.4765190333631458
33764.44,ROW-mean-Corr,1703,4226,858597,0,nrmsd_norm,13,0.5068678236286214
33764.44,ROW-mean-Corr,1703,1360,858597,0,nrmsd_norm,14,0.5246323200334453
33764.44,ROW-mean-Corr,1703,4200,858597,0,nrmsd_norm,15,0.5170066308302895
33764.44,ROW-mean-Corr,1703,4200,858597,0,nrmsd_norm,16,0.5510920134158818
33764.44,ROW-mean-Corr,1703,1914,858597,0,nrmsd_norm,17,0.5445464205722972
33764.44,ROW-mean-Corr,1703,4213,858597,0,nrmsd_norm,18,0.5461401454529385
33764.44,ROW-mean-Corr,1703,4213,858597,0,nrmsd_norm,19,0.5376107237516278
33764.44,ROW-mean-Corr,1703,1005,858597,0,nrmsd_norm,20,0.5396857639135414
33764.44,ROW-mean-Corr,1703,1914,858597,0,nrmsd_norm,22,0.5537075588854722
33764.44,ROW-mean-Corr,1703,4200,858597,0,nrmsd_norm,24,0.5731598233787698
33764.44,ROW-mean-Corr,1703,1005,858597,0,nrmsd_norm,26,0.5709893915796769
33764.44,ROW-mean-Corr,1703,4378,858597,0,nrmsd_norm,28,0.575344203667789
33764.44,ROW-mean-Corr,1703,6218,858597,0,nrmsd_norm,30,0.5837472252565249
33764.44,ROW-mean-Corr,1703,6218,858597,0,nrmsd_norm,32,0.5861380775028309
33764.44,ROW-mean-Corr,1703,1192,858597,0,nrmsd_norm,34,0.5898327910731365
33764.44,ROW-mean-Corr,1703,1192,858597,0,nrmsd_norm,36,0.5916074551776227
33764.44,ROW-mean-Corr,1703,4378,858597,0,nrmsd_norm,38,0.5866119864769413
33764.44,ROW-mean-Corr,1703,1192,858597,0,nrmsd_norm,40,0.5940416902973799
33764.44,ROW-mean-Corr,1703,6218,858597,0,nrmsd_norm,42,0.5854700126982555
33764.44,ROW-mean-Corr,1703,4367,858597,0,nrmsd_norm,44,0.5670814434701349
33764.44,ROW-mean-Corr,1703,4367,858597,0,nrmsd_norm,46,0.566114945558164
33764.44,ROW-mean-Corr,1703,4367,858597,0,nrmsd_norm,48,0.5711548045984239
33764.44,ROW-mean-Corr,1703,4378,858597,0,nrmsd_norm,50,0.5725528350013368
33764.44,ROW-mean-Corr,1703,1005,858597,0,nrmsd_norm,55,0.5869137518521749
33764.44,ROW-mean-Corr,1703,1005,858597,0,nrmsd_norm,60,0.5830691602237913
33764.44,ROW-mean-Corr,1703,1005,858597,0,nrmsd_norm,65,0.5879058970140354
33764.44,ROW-mean-Corr,1703,1005,858597,0,nrmsd_norm,70,0.5889496402830471
33764.44,ROW-mean-Corr,1703,4378,858597,0,nrmsd_norm,75,0.5803961287991043
33764.44,ROW-mean-Corr,1703,4378,858597,0,nrmsd_norm,80,0.5761496306750337
33764.44,ROW-mean-Corr,1703,1914,858597,0,nrmsd_norm,85,0.5818139719458179
33764.44,ROW-mean-Corr,1703,1914,858597,0,nrmsd_norm,90,0.5789543056933942
33764.44,ROW-mean-Corr,1703,4200,858597,0,nrmsd_norm,95,0.579132441181313
33764.44,ROW-mean-Corr,1703,4378,858597,0,nrmsd_norm,100,0.5829138660146703
33764.44,ROW-mean-Corr,1703,4246,85945,0,nrmsd_norm,5,0.6026240358564321
33764.44,ROW-mean-Corr,1703,4632,85945,0,nrmsd_norm,6,0.5938510026173768
33764.44,ROW-mean-Corr,1703,9916,85945,0,nrmsd_norm,7,0.6061164824034007
33764.44,ROW-mean-Corr,1703,11521,85945,0,nrmsd_norm,8,0.5766043488118501
33764.44,ROW-mean-Corr,1703,9314,85945,0,nrmsd_norm,9,0.5877964865629014
33764.44,ROW-mean-Corr,1703,4632,85945,0,nrmsd_norm,10,0.579642771650142
33764.44,ROW-mean-Corr,1703,4632,85945,0,nrmsd_norm,11,0.5617881124398337
33764.44,ROW-mean-Corr,1703,4406,85945,0,nrmsd_norm,12,0.5443040250710484
33764.44,ROW-mean-Corr,1703,4406,85945,0,nrmsd_norm,13,0.5684284399163366
33764.44,ROW-mean-Corr,1703,4406,85945,0,nrmsd_norm,14,0.5785519497954349
33764.44,ROW-mean-Corr,1703,6846,85945,0,nrmsd_norm,15,0.5687932185057587
33764.44,ROW-mean-Corr,1703,6846,85945,0,nrmsd_norm,16,0.593368782412513
33764.44,ROW-mean-Corr,1703,4245,85945,0,nrmsd_norm,17,0.5973913656503137
33764.44,ROW-mean-Corr,1703,4405,85945,0,nrmsd_norm,18,0.5793932589570805
33764.44,ROW-mean-Corr,1703,7813,85945,0,nrmsd_norm,19,0.5659804233513192
33764.44,ROW-mean-Corr,1703,1665,85945,0,nrmsd_norm,20,0.569810631417503
33764.44,ROW-mean-Corr,1703,1665,85945,0,nrmsd_norm,22,0.5861402621357622
33764.44,ROW-mean-Corr,1703,3804,85945,0,nrmsd_norm,24,0.5899840332003222
33764.44,ROW-mean-Corr,1703,4588,85945,0,nrmsd_norm,26,0.5914460767027643
33764.44,ROW-mean-Corr,1703,4588,85945,0,nrmsd_norm,28,0.5985553589012323
33764.44,ROW-mean-Corr,1703,7,85945,0,nrmsd_norm,30,0.6140354849910776
33764.44,ROW-mean-Corr,1703,3804,85945,0,nrmsd_norm,32,0.6139430409893233
33764.44,ROW-mean-Corr,1703,3804,85945,0,nrmsd_norm,34,0.6046131111374351
33764.44,ROW-mean-Corr,1703,1867,85945,0,nrmsd_norm,36,0.5982381988042719
33764.44,ROW-mean-Corr,1703,1867,85945,0,nrmsd_norm,38,0.6041352803050782
33764.44,ROW-mean-Corr,1703,1867,85945,0,nrmsd_norm,40,0.6149048544516629
33764.44,ROW-mean-Corr,1703,1867,85945,0,nrmsd_norm,42,0.6124109005773338
33764.44,ROW-mean-Corr,1703,183,85945,0,nrmsd_norm,44,0.6052430708922493
33764.44,ROW-mean-Corr,1703,183,85945,0,nrmsd_norm,46,0.6086206039670159
33764.44,ROW-mean-Corr,1703,415,85945,0,nrmsd_norm,48,0.6160348280195734
33764.44,ROW-mean-Corr,1703,415,85945,0,nrmsd_norm,50,0.6145883702838116
33764.44,ROW-mean-Corr,1703,4361,85945,0,nrmsd_norm,55,0.6158678716313198
33764.44,ROW-mean-Corr,1703,6644,85945,0,nrmsd_norm,60,0.6065502188069694
33764.44,ROW-mean-Corr,1703,6644,85945,0,nrmsd_norm,65,0.609664926696063
33764.44,ROW-mean-Corr,1703,415,85945,0,nrmsd_norm,70,0.6153082580105562
33764.44,ROW-mean-Corr,1703,1703,85945,0,nrmsd_norm,75,0.6102229022337752
33764.44,ROW-mean-Corr,1703,2097,85945,0,nrmsd_norm,80,0.604759676878571
33764.44,ROW-mean-Corr,1703,1703,85945,0,nrmsd_norm,85,0.6028265077770748
33764.44,ROW-mean-Corr,1703,4211,85945,0,nrmsd_norm,90,0.6021530434193824
33764.44,ROW-mean-Corr,1703,1703,85945,0,nrmsd_norm,95,0.6025914957986979
33764.44,ROW-mean-Corr,1703,4211,85945,0,nrmsd_norm,100,0.6023072589440399
33764.44,ROW-mean-Corr,1703,4247,697368,0,nrmsd_norm,5,0.5955985441123167
33764.44,ROW-mean-Corr,1703,4814,697368,0,nrmsd_norm,6,0.5815952489234665
33764.44,ROW-mean-Corr,1703,4814,697368,0,nrmsd_norm,7,0.5896950198850138
33764.44,ROW-mean-Corr,1703,1686,697368,0,nrmsd_norm,8,0.5587074683914733
33764.44,ROW-mean-Corr,1703,4814,697368,0,nrmsd_norm,9,0.5529453273279744
33764.44,ROW-mean-Corr,1703,501,697368,0,nrmsd_norm,10,0.5195357528958153
33764.44,ROW-mean-Corr,1703,9891,697368,0,nrmsd_norm,11,0.4880864426739688
33764.44,ROW-mean-Corr,1703,1686,697368,0,nrmsd_norm,12,0.5029435460304587
33764.44,ROW-mean-Corr,1703,1686,697368,0,nrmsd_norm,13,0.5233681847832911
33764.44,ROW-mean-Corr,1703,1686,697368,0,nrmsd_norm,14,0.5403609924788181
33764.44,ROW-mean-Corr,1703,4201,697368,0,nrmsd_norm,15,0.5276496737481424
33764.44,ROW-mean-Corr,1703,4201,697368,0,nrmsd_norm,16,0.5486278170064842
33764.44,ROW-mean-Corr,1703,4201,697368,0,nrmsd_norm,17,0.5459262255264041
33764.44,ROW-mean-Corr,1703,4200,697368,0,nrmsd_norm,18,0.5576083877245451
33764.44,ROW-mean-Corr,1703,1686,697368,0,nrmsd_norm,19,0.5456678176317691
33764.44,ROW-mean-Corr,1703,4367,697368,0,nrmsd_norm,20,0.548709570272028
33764.44,ROW-mean-Corr,1703,1686,697368,0,nrmsd_norm,22,0.5562916401938032
33764.44,ROW-mean-Corr,1703,1686,697368,0,nrmsd_norm,24,0.577779812870554
33764.44,ROW-mean-Corr,1703,501,697368,0,nrmsd_norm,26,0.576998787498661
33764.44,ROW-mean-Corr,1703,1686,697368,0,nrmsd_norm,28,0.5788463929495847
33764.44,ROW-mean-Corr,1703,1703,697368,0,nrmsd_norm,30,0.5913925737129508
33764.44,ROW-mean-Corr,1703,4201,697368,0,nrmsd_norm,32,0.5934271207880027
33764.44,ROW-mean-Corr,1703,4201,697368,0,nrmsd_norm,34,0.5916725916306699
33764.44,ROW-mean-Corr,1703,4201,697368,0,nrmsd_norm,36,0.5861398169365818
33764.44,ROW-mean-Corr,1703,4201,697368,0,nrmsd_norm,38,0.5880685339055127
33764.44,ROW-mean-Corr,1703,4201,697368,0,nrmsd_norm,40,0.6018267149859604
33764.44,ROW-mean-Corr,1703,4201,697368,0,nrmsd_norm,42,0.5920915941543776
33764.44,ROW-mean-Corr,1703,4377,697368,0,nrmsd_norm,44,0.5692653843704699
33764.44,ROW-mean-Corr,1703,4377,697368,0,nrmsd_norm,46,0.575520507119868
33764.44,ROW-mean-Corr,1703,4377,697368,0,nrmsd_norm,48,0.5798877650286289
33764.44,ROW-mean-Corr,1703,1703,697368,0,nrmsd_norm,50,0.5706563458338145
33764.44,ROW-mean-Corr,1703,4201,697368,0,nrmsd_norm,55,0.5799335050247544
33764.44,ROW-mean-Corr,1703,4201,697368,0,nrmsd_norm,60,0.5775514843436607
33764.44,ROW-mean-Corr,1703,4377,697368,0,nrmsd_norm,65,0.5833703792407294
33764.44,ROW-mean-Corr,1703,9891,697368,0,nrmsd_norm,70,0.5848305193016915
33764.44,ROW-mean-Corr,1703,680,697368,0,nrmsd_norm,75,0.5788293740762442
33764.44,ROW-mean-Corr,1703,680,697368,0,nrmsd_norm,80,0.5747775062607262
33764.44,ROW-mean-Corr,1703,4201,697368,0,nrmsd_norm,85,0.5749962855334517
33764.44,ROW-mean-Corr,1703,680,697368,0,nrmsd_norm,90,0.5730943179953016
33764.44,ROW-mean-Corr,1703,680,697368,0,nrmsd_norm,95,0.5675518638235515
33764.44,ROW-mean-Corr,1703,680,697368,0,nrmsd_norm,100,0.5708522925048691
33764.44,ROW-mean-Corr,1703,5086,201469,0,nrmsd_norm,5,0.5555203453046134
33764.44,ROW-mean-Corr,1703,5086,201469,0,nrmsd_norm,6,0.5555309313030915
33764.44,ROW-mean-Corr,1703,2541,201469,0,nrmsd_norm,7,0.5451646150651013
33764.44,ROW-mean-Corr,1703,4790,201469,0,nrmsd_norm,8,0.5211413191270261
33764.44,ROW-mean-Corr,1703,3151,201469,0,nrmsd_norm,9,0.5248458116171314
33764.44,ROW-mean-Corr,1703,3151,201469,0,nrmsd_norm,10,0.5106052522712119
33764.44,ROW-mean-Corr,1703,3151,201469,0,nrmsd_norm,11,0.5094975453946002
33764.44,ROW-mean-Corr,1703,8057,201469,0,nrmsd_norm,12,0.4990478276034791
33764.44,ROW-mean-Corr,1703,8057,201469,0,nrmsd_norm,13,0.5262640720727499
33764.44,ROW-mean-Corr,1703,8057,201469,0,nrmsd_norm,14,0.5233742610004206
33764.44,ROW-mean-Corr,1703,8057,201469,0,nrmsd_norm,15,0.5206892567969107
33764.44,ROW-mean-Corr,1703,8057,201469,0,nrmsd_norm,16,0.5525547586677951
33764.44,ROW-mean-Corr,1703,8057,201469,0,nrmsd_norm,17,0.5462893736366764
33764.44,ROW-mean-Corr,1703,8057,201469,0,nrmsd_norm,18,0.5474829856267457
33764.44,ROW-mean-Corr,1703,8057,201469,0,nrmsd_norm,19,0.5394804802895172
33764.44,ROW-mean-Corr,1703,5786,201469,0,nrmsd_norm,20,0.5358188999752311
33764.44,ROW-mean-Corr,1703,5092,201469,0,nrmsd_norm,22,0.5445074927839689
33764.44,ROW-mean-Corr,1703,5092,201469,0,nrmsd_norm,24,0.5602409733020436
33764.44,ROW-mean-Corr,1703,717,201469,0,nrmsd_norm,26,0.5543947669007592
33764.44,ROW-mean-Corr,1703,4403,201469,0,nrmsd_norm,28,0.5499776921350583
33764.44,ROW-mean-Corr,1703,4403,201469,0,nrmsd_norm,30,0.5668798801816439
33764.44,ROW-mean-Corr,1703,5846,201469,0,nrmsd_norm,32,0.5691120148507391
33764.44,ROW-mean-Corr,1703,496,201469,0,nrmsd_norm,34,0.5637055786216338
33764.44,ROW-mean-Corr,1703,4381,201469,0,nrmsd_norm,36,0.5797462653366956
33764.44,ROW-mean-Corr,1703,4827,201469,0,nrmsd_norm,38,0.5833346167165345
33764.44,ROW-mean-Corr,1703,4827,201469,0,nrmsd_norm,40,0.5943277250582343
33764.44,ROW-mean-Corr,1703,4992,201469,0,nrmsd_norm,42,0.5891782942280895
33764.44,ROW-mean-Corr,1703,4992,201469,0,nrmsd_norm,44,0.5860392105632244
33764.44,ROW-mean-Corr,1703,4992,201469,0,nrmsd_norm,46,0.5887938693756445
33764.44,ROW-mean-Corr,1703,4781,201469,0,nrmsd_norm,48,0.5921985363305488
33764.44,ROW-mean-Corr,1703,4781,201469,0,nrmsd_norm,50,0.5845271581249428
33764.44,ROW-mean-Corr,1703,4992,201469,0,nrmsd_norm,55,0.5957460583626548
33764.44,ROW-mean-Corr,1703,4781,201469,0,nrmsd_norm,60,0.5926394587976866
33764.44,ROW-mean-Corr,1703,4367,201469,0,nrmsd_norm,65,0.594816060169568
33764.44,ROW-mean-Corr,1703,2541,201469,0,nrmsd_norm,70,0.5963395651695208
33764.44,ROW-mean-Corr,1703,2541,201469,0,nrmsd_norm,75,0.583082758184681
33764.44,ROW-mean-Corr,1703,4367,201469,0,nrmsd_norm,80,0.5776538392338367
33764.44,ROW-mean-Corr,1703,6218,201469,0,nrmsd_norm,85,0.5785725723209422
33764.44,ROW-mean-Corr,1703,4367,201469,0,nrmsd_norm,90,0.5751879345795443
33764.44,ROW-mean-Corr,1703,4367,201469,0,nrmsd_norm,95,0.5720201233638545
33764.44,ROW-mean-Corr,1703,9891,201469,0,nrmsd_norm,100,0.5726238760771218
33764.44,ROW-mean-Corr,1703,4222,94177,0,nrmsd_norm,5,0.5822844876743882
33764.44,ROW-mean-Corr,1703,4222,94177,0,nrmsd_norm,6,0.5836514122012976
33764.44,ROW-mean-Corr,1703,9568,94177,0,nrmsd_norm,7,0.6070887610035741
33764.44,ROW-mean-Corr,1703,2439,94177,0,nrmsd_norm,8,0.5570439324149913
33764.44,ROW-mean-Corr,1703,49,94177,0,nrmsd_norm,9,0.5664677877469415
33764.44,ROW-mean-Corr,1703,3320,94177,0,nrmsd_norm,10,0.5604515763554201
33764.44,ROW-mean-Corr,1703,1646,94177,0,nrmsd_norm,11,0.5431828705581273
33764.44,ROW-mean-Corr,1703,9801,94177,0,nrmsd_norm,12,0.5332004866621575
33764.44,ROW-mean-Corr,1703,9801,94177,0,nrmsd_norm,13,0.5550217427351982
33764.44,ROW-mean-Corr,1703,1646,94177,0,nrmsd_norm,14,0.5610744192471353
33764.44,ROW-mean-Corr,1703,3320,94177,0,nrmsd_norm,15,0.5589287488349634
33764.44,ROW-mean-Corr,1703,3320,94177,0,nrmsd_norm,16,0.5862903730912011
33764.44,ROW-mean-Corr,1703,1410,94177,0,nrmsd_norm,17,0.5799573914790144
33764.44,ROW-mean-Corr,1703,216,94177,0,nrmsd_norm,18,0.5767195493263816
33764.44,ROW-mean-Corr,1703,4631,94177,0,nrmsd_norm,19,0.5703590038347585
33764.44,ROW-mean-Corr,1703,4631,94177,0,nrmsd_norm,20,0.5729963264059683
33764.44,ROW-mean-Corr,1703,1914,94177,0,nrmsd_norm,22,0.5784663918312227
33764.44,ROW-mean-Corr,1703,1914,94177,0,nrmsd_norm,24,0.5908749359586566
33764.44,ROW-mean-Corr,1703,1686,94177,0,nrmsd_norm,26,0.5896934753096902
33764.44,ROW-mean-Corr,1703,1192,94177,0,nrmsd_norm,28,0.5891588460224387
33764.44,ROW-mean-Corr,1703,1192,94177,0,nrmsd_norm,30,0.6008349539963034
33764.44,ROW-mean-Corr,1703,2127,94177,0,nrmsd_norm,32,0.6005634360362769
33764.44,ROW-mean-Corr,1703,2127,94177,0,nrmsd_norm,34,0.6039612317724402
33764.44,ROW-mean-Corr,1703,2127,94177,0,nrmsd_norm,36,0.6051592755351927
33764.44,ROW-mean-Corr,1703,1914,94177,0,nrmsd_norm,38,0.6071625427188126
33764.44,ROW-mean-Corr,1703,2127,94177,0,nrmsd_norm,40,0.6145078767831549
33764.44,ROW-mean-Corr,1703,2127,94177,0,nrmsd_norm,42,0.6090995421825415
33764.44,ROW-mean-Corr,1703,10702,94177,0,nrmsd_norm,44,0.6015211654687904
33764.44,ROW-mean-Corr,1703,10702,94177,0,nrmsd_norm,46,0.6030019050406457
33764.44,ROW-mean-Corr,1703,4214,94177,0,nrmsd_norm,48,0.6035409752991445
33764.44,ROW-mean-Corr,1703,4214,94177,0,nrmsd_norm,50,0.5990907740146132
33764.44,ROW-mean-Corr,1703,4214,94177,0,nrmsd_norm,55,0.6067893789627536
33764.44,ROW-mean-Corr,1703,4213,94177,0,nrmsd_norm,60,0.6057696672227704
33764.44,ROW-mean-Corr,1703,4201,94177,0,nrmsd_norm,65,0.6046436916890444
33764.44,ROW-mean-Corr,1703,4201,94177,0,nrmsd_norm,70,0.6086407730930161
33764.44,ROW-mean-Corr,1703,10951,94177,0,nrmsd_norm,75,0.6013118118896721
33764.44,ROW-mean-Corr,1703,2071,94177,0,nrmsd_norm,80,0.6012287164008279
33764.44,ROW-mean-Corr,1703,2071,94177,0,nrmsd_norm,85,0.6055087876555775
33764.44,ROW-mean-Corr,1703,10951,94177,0,nrmsd_norm,90,0.5972894330414102
33764.44,ROW-mean-Corr,1703,2071,94177,0,nrmsd_norm,95,0.5927049592691922
33764.44,ROW-mean-Corr,1703,10951,94177,0,nrmsd_norm,100,0.5990961011095091
33764.44,ROW-max-Corr,1703,6330,89250,0,nrmsd_norm,5,0.5529030005662431
33764.44,ROW-max-Corr,1703,2112,89250,0,nrmsd_norm,6,0.48485506882232143
33764.44,ROW-max-Corr,1703,2112,89250,0,nrmsd_norm,7,0.4594938909578961
33764.44,ROW-max-Corr,1703,10997,89250,0,nrmsd_norm,8,0.48351824479859684
33764.44,ROW-max-Corr,1703,10728,89250,0,nrmsd_norm,9,0.46916553844498243
33764.44,ROW-max-Corr,1703,10728,89250,0,nrmsd_norm,10,0.4439648234714071
33764.44,ROW-max-Corr,1703,10728,89250,0,nrmsd_norm,11,0.42301427720830237
33764.44,ROW-max-Corr,1703,8152,89250,0,nrmsd_norm,12,0.4166899357908801
33764.44,ROW-max-Corr,1703,8152,89250,0,nrmsd_norm,13,0.399064194097212
33764.44,ROW-max-Corr,1703,10728,89250,0,nrmsd_norm,14,0.40056328182801787
33764.44,ROW-max-Corr,1703,8152,89250,0,nrmsd_norm,15,0.423091724108068
33764.44,ROW-max-Corr,1703,8152,89250,0,nrmsd_norm,16,0.44581487428566885
33764.44,ROW-max-Corr,1703,8152,89250,0,nrmsd_norm,17,0.3943827035534434
33764.44,ROW-max-Corr,1703,8152,89250,0,nrmsd_norm,18,0.3952906564641435
33764.44,ROW-max-Corr,1703,9328,89250,0,nrmsd_norm,19,0.398783087247129
33764.44,ROW-max-Corr,1703,4202,89250,0,nrmsd_norm,20,0.3860747301285218
33764.44,ROW-max-Corr,1703,1703,89250,0,nrmsd_norm,22,0.3813692438011556
33764.44,ROW-max-Corr,1703,1703,89250,0,nrmsd_norm,24,0.3615174494097931
33764.44,ROW-max-Corr,1703,4211,89250,0,nrmsd_norm,26,0.35368529601425974
33764.44,ROW-max-Corr,1703,1703,89250,0,nrmsd_norm,28,0.3562264286811781
33764.44,ROW-max-Corr,1703,2097,89250,0,nrmsd_norm,30,0.34868714168551457
33764.44,ROW-max-Corr,1703,2097,89250,0,nrmsd_norm,32,0.3374531841328674
33764.44,ROW-max-Corr,1703,2097,89250,0,nrmsd_norm,34,0.3451219177694593
33764.44,ROW-max-Corr,1703,2097,89250,0,nrmsd_norm,36,0.3480343562698325
33764.44,ROW-max-Corr,1703,2097,89250,0,nrmsd_norm,38,0.35165207387120945
33764.44,ROW-max-Corr,1703,680,89250,0,nrmsd_norm,40,0.348737389654182
33764.44,ROW-max-Corr,1703,680,89250,0,nrmsd_norm,42,0.3448099848197673
33764.44,ROW-max-Corr,1703,680,89250,0,nrmsd_norm,44,0.35518309067582093
33764.44,ROW-max-Corr,1703,680,89250,0,nrmsd_norm,46,0.3562729443947602
33764.44,ROW-max-Corr,1703,2097,89250,0,nrmsd_norm,48,0.34874926043427723
33764.44,ROW-max-Corr,1703,2097,89250,0,nrmsd_norm,50,0.3477572569958095
33764.44,ROW-max-Corr,1703,680,89250,0,nrmsd_norm,55,0.3411862006495482
33764.44,ROW-max-Corr,1703,680,89250,0,nrmsd_norm,60,0.3323387075666767
33764.44,ROW-max-Corr,1703,680,89250,0,nrmsd_norm,65,0.3310527973628321
33764.44,ROW-max-Corr,1703,4377,89250,0,nrmsd_norm,70,0.34354665879418733
33764.44,ROW-max-Corr,1703,4377,89250,0,nrmsd_norm,75,0.34366969740165576
33764.44,ROW-max-Corr,1703,4377,89250,0,nrmsd_norm,80,0.34443078852326664
33764.44,ROW-max-Corr,1703,4377,89250,0,nrmsd_norm,85,0.3443483429492512
33764.44,ROW-max-Corr,1703,4377,89250,0,nrmsd_norm,90,0.3445993162968315
33764.44,ROW-max-Corr,1703,4377,89250,0,nrmsd_norm,95,0.3412349742617181
33764.44,ROW-max-Corr,1703,1703,89250,0,nrmsd_norm,100,0.33961338688898673
33764.44,ROW-max-Corr,1703,11395,773956,0,nrmsd_norm,5,0.5947159256859567
33764.44,ROW-max-Corr,1703,7925,773956,0,nrmsd_norm,6,0.4793930259622811
33764.44,ROW-max-Corr,1703,7816,773956,0,nrmsd_norm,7,0.45000503855704505
33764.44,ROW-max-Corr,1703,7816,773956,0,nrmsd_norm,8,0.4627673404610355
33764.44,ROW-max-Corr,1703,4637,773956,0,nrmsd_norm,9,0.43722673575303717
33764.44,ROW-max-Corr,1703,4637,773956,0,nrmsd_norm,10,0.42122729730561925
33764.44,ROW-max-Corr,1703,5564,773956,0,nrmsd_norm,11,0.4076945649573256
33764.44,ROW-max-Corr,1703,12465,773956,0,nrmsd_norm,12,0.39648791039554687
33764.44,ROW-max-Corr,1703,12465,773956,0,nrmsd_norm,13,0.38535692276395256
33764.44,ROW-max-Corr,1703,2685,773956,0,nrmsd_norm,14,0.38761346180435535
33764.44,ROW-max-Corr,1703,6340,773956,0,nrmsd_norm,15,0.3988628102582701
33764.44,ROW-max-Corr,1703,6340,773956,0,nrmsd_norm,16,0.41264606221097583
33764.44,ROW-max-Corr,1703,2685,773956,0,nrmsd_norm,17,0.37641311659685955
33764.44,ROW-max-Corr,1703,4625,773956,0,nrmsd_norm,18,0.37364108500818544
33764.44,ROW-max-Corr,1703,9044,773956,0,nrmsd_norm,19,0.3654244442100424
33764.44,ROW-max-Corr,1703,1651,773956,0,nrmsd_norm,20,0.3570530665487169
33764.44,ROW-max-Corr,1703,1651,773956,0,nrmsd_norm,22,0.3622700463607491
33764.44,ROW-max-Corr,1703,1651,773956,0,nrmsd_norm,24,0.3653470185316015
33764.44,ROW-max-Corr,1703,4376,773956,0,nrmsd_norm,26,0.3626218846309443
33764.44,ROW-max-Corr,1703,4376,773956,0,nrmsd_norm,28,0.3625982096817207
33764.44,ROW-max-Corr,1703,6340,773956,0,nrmsd_norm,30,0.35776965511717157
33764.44,ROW-max-Corr,1703,348,773956,0,nrmsd_norm,32,0.34889122129724887
33764.44,ROW-max-Corr,1703,348,773956,0,nrmsd_norm,34,0.35228718313749097
33764.44,ROW-max-Corr,1703,348,773956,0,nrmsd_norm,36,0.35734088244791584
33764.44,ROW-max-Corr,1703,348,773956,0,nrmsd_norm,38,0.35989045191721425
33764.44,ROW-max-Corr,1703,6340,773956,0,nrmsd_norm,40,0.35833454829706884
33764.44,ROW-max-Corr,1703,348,773956,0,nrmsd_norm,42,0.35022469340501855
33764.44,ROW-max-Corr,1703,348,773956,0,nrmsd_norm,44,0.3612862679450883
33764.44,ROW-max-Corr,1703,348,773956,0,nrmsd_norm,46,0.36243510073370916
33764.44,ROW-max-Corr,1703,348,773956,0,nrmsd_norm,48,0.3553240376372786
33764.44,ROW-max-Corr,1703,348,773956,0,nrmsd_norm,50,0.3556558575720554
33764.44,ROW-max-Corr,1703,348,773956,0,nrmsd_norm,55,0.35142676425593766
33764.44,ROW-max-Corr,1703,6340,773956,0,nrmsd_norm,60,0.34129781232390305
33764.44,ROW-max-Corr,1703,6340,773956,0,nrmsd_norm,65,0.33835778624105084
33764.44,ROW-max-Corr,1703,6340,773956,0,nrmsd_norm,70,0.35015302702851747
33764.44,ROW-max-Corr,1703,4211,773956,0,nrmsd_norm,75,0.3491176613756507
33764.44,ROW-max-Corr,1703,6340,773956,0,nrmsd_norm,80,0.3480814429410959
33764.44,ROW-max-Corr,1703,4211,773956,0,nrmsd_norm,85,0.3470053968494635
33764.44,ROW-max-Corr,1703,1703,773956,0,nrmsd_norm,90,0.34625898913019165
33764.44,ROW-max-Corr,1703,348,773956,0,nrmsd_norm,95,0.34387849688810457
33764.44,ROW-max-Corr,1703,4377,773956,0,nrmsd_norm,100,0.341529576245027
33764.44,ROW-max-Corr,1703,10902,654571,0,nrmsd_norm,5,0.58097542935202
33764.44,ROW-max-Corr,1703,5362,654571,0,nrmsd_norm,6,0.5279667119409968
33764.44,ROW-max-Corr,1703,4412,654571,0,nrmsd_norm,7,0.48486027851363694
33764.44,ROW-max-Corr,1703,5384,654571,0,nrmsd_norm,8,0.49562462619259245
33764.44,ROW-max-Corr,1703,9954,654571,0,nrmsd_norm,9,0.45843872030070254
33764.44,ROW-max-Corr,1703,9954,654571,0,nrmsd_norm,10,0.42717534402807583
33764.44,ROW-max-Corr,1703,4560,654571,0,nrmsd_norm,11,0.42481553385238213
33764.44,ROW-max-Corr,1703,2554,654571,0,nrmsd_norm,12,0.42026496656809553
33764.44,ROW-max-Corr,1703,2554,654571,0,nrmsd_norm,13,0.43204358709518575
33764.44,ROW-max-Corr,1703,2554,654571,0,nrmsd_norm,14,0.4301160113664206
33764.44,ROW-max-Corr,1703,2554,654571,0,nrmsd_norm,15,0.43693452874254657
33764.44,ROW-max-Corr,1703,2421,654571,0,nrmsd_norm,16,0.45209982439487334
33764.44,ROW-max-Corr,1703,4725,654571,0,nrmsd_norm,17,0.39003687768881834
33764.44,ROW-max-Corr,1703,4222,654571,0,nrmsd_norm,18,0.3893494391290596
33764.44,ROW-max-Corr,1703,4222,654571,0,nrmsd_norm,19,0.3822920825727855
33764.44,ROW-max-Corr,1703,4563,654571,0,nrmsd_norm,20,0.37003269241428216
33764.44,ROW-max-Corr,1703,1914,654571,0,nrmsd_norm,22,0.3750405796104723
33764.44,ROW-max-Corr,1703,1914,654571,0,nrmsd_norm,24,0.3630895970477163
33764.44,ROW-max-Corr,1703,4200,654571,0,nrmsd_norm,26,0.35637176858936226
33764.44,ROW-max-Corr,1703,1914,654571,0,nrmsd_norm,28,0.34770368513044814
33764.44,ROW-max-Corr,1703,9891,654571,0,nrmsd_norm,30,0.3441228280553223
33764.44,ROW-max-Corr,1703,1005,654571,0,nrmsd_norm,32,0.33203112894741643
33764.44,ROW-max-Corr,1703,1005,654571,0,nrmsd_norm,34,0.33822955562165163
33764.44,ROW-max-Corr,1703,4378,654571,0,nrmsd_norm,36,0.34369789803567136
33764.44,ROW-max-Corr,1703,4378,654571,0,nrmsd_norm,38,0.34364128735233374
33764.44,ROW-max-Corr,1703,4378,654571,0,nrmsd_norm,40,0.33958649676480457
33764.44,ROW-max-Corr,1703,1005,654571,0,nrmsd_norm,42,0.34072753531218875
33764.44,ROW-max-Corr,1703,4200,654571,0,nrmsd_norm,44,0.3511860147573242
33764.44,ROW-max-Corr,1703,4200,654571,0,nrmsd_norm,46,0.35157610453677146
33764.44,ROW-max-Corr,1703,4200,654571,0,nrmsd_norm,48,0.3429410911283536
33764.44,ROW-max-Corr,1703,4200,654571,0,nrmsd_norm,50,0.34345465076727993
33764.44,ROW-max-Corr,1703,4201,654571,0,nrmsd_norm,55,0.3391702977347086
33764.44,ROW-max-Corr,1703,4201,654571,0,nrmsd_norm,60,0.3315142019035232
33764.44,ROW-max-Corr,1703,4201,654571,0,nrmsd_norm,65,0.33186368023789764
33764.44,ROW-max-Corr,1703,4201,654571,0,nrmsd_norm,70,0.3429339582326838
33764.44,ROW-max-Corr,1703,4202,654571,0,nrmsd_norm,75,0.3434756104856961
33764.44,ROW-max-Corr,1703,4377,654571,0,nrmsd_norm,80,0.34563889919274127
33764.44,ROW-max-Corr,1703,4377,654571,0,nrmsd_norm,85,0.34384912768446513
33764.44,ROW-max-Corr,1703,680,654571,0,nrmsd_norm,90,0.345165632612578
33764.44,ROW-max-Corr,1703,680,654571,0,nrmsd_norm,95,0.3430240491965363
33764.44,ROW-max-Corr,1703,4377,654571,0,nrmsd_norm,100,0.3394488284712675
33764.44,ROW-max-Corr,1703,1981,438878,0,nrmsd_norm,5,0.5025036044794019
33764.44,ROW-max-Corr,1703,12241,438878,0,nrmsd_norm,6,0.46620915136868707
33764.44,ROW-max-Corr,1703,12243,438878,0,nrmsd_norm,7,0.4480288826875816
33764.44,ROW-max-Corr,1703,496,438878,0,nrmsd_norm,8,0.45442675694176254
33764.44,ROW-max-Corr,1703,2127,438878,0,nrmsd_norm,9,0.435146279394572
33764.44,ROW-max-Corr,1703,2127,438878,0,nrmsd_norm,10,0.4148947874202508
33764.44,ROW-max-Corr,1703,2127,438878,0,nrmsd_norm,11,0.40777190857733686
33764.44,ROW-max-Corr,1703,4378,438878,0,nrmsd_norm,12,0.39387034978873425
33764.44,ROW-max-Corr,1703,11649,438878,0,nrmsd_norm,13,0.3867209561282511
33764.44,ROW-max-Corr,1703,4367,438878,0,nrmsd_norm,14,0.39055402245481674
33764.44,ROW-max-Corr,1703,1914,438878,0,nrmsd_norm,15,0.39926337002656126
33764.44,ROW-max-Corr,1703,1914,438878,0,nrmsd_norm,16,0.41723644522041553
33764.44,ROW-max-Corr,1703,4378,438878,0,nrmsd_norm,17,0.3833527830868768
33764.44,ROW-max-Corr,1703,1005,438878,0,nrmsd_norm,18,0.38640402554852643
33764.44,ROW-max-Corr,1703,1005,438878,0,nrmsd_norm,19,0.37964933794754774
33764.44,ROW-max-Corr,1703,4201,438878,0,nrmsd_norm,20,0.3718307853796815
33764.44,ROW-max-Corr,1703,11612,438878,0,nrmsd_norm,22,0.38150287450113973
33764.44,ROW-max-Corr,1703,11612,438878,0,nrmsd_norm,24,0.37072290373219946
33764.44,ROW-max-Corr,1703,11612,438878,0,nrmsd_norm,26,0.36721102104676717
33764.44,ROW-max-Corr,1703,12315,438878,0,nrmsd_norm,28,0.3672652042418773
33764.44,ROW-max-Corr,1703,12100,438878,0,nrmsd_norm,30,0.361075018652987
33764.44,ROW-max-Corr,1703,2439,438878,0,nrmsd_norm,32,0.3487419602869314
33764.44,ROW-max-Corr,1703,2439,438878,0,nrmsd_norm,34,0.3564346297519939
33764.44,ROW-max-Corr,1703,2439,438878,0,nrmsd_norm,36,0.3580074785738799
33764.44,ROW-max-Corr,1703,2439,438878,0,nrmsd_norm,38,0.36105953155515214
33764.44,ROW-max-Corr,1703,2439,438878,0,nrmsd_norm,40,0.35822344098801223
33764.44,ROW-max-Corr,1703,4222,438878,0,nrmsd_norm,42,0.3561349452411126
33764.44,ROW-max-Corr,1703,4222,438878,0,nrmsd_norm,44,0.36579662507338156
33764.44,ROW-max-Corr,1703,4222,438878,0,nrmsd_norm,46,0.3668761617967191
33764.44,ROW-max-Corr,1703,2071,438878,0,nrmsd_norm,48,0.358698828774746
33764.44,ROW-max-Corr,1703,2071,438878,0,nrmsd_norm,50,0.3569052645123559
33764.44,ROW-max-Corr,1703,2071,438878,0,nrmsd_norm,55,0.3501517230916081
33764.44,ROW-max-Corr,1703,2071,438878,0,nrmsd_norm,60,0.3410429450043706
33764.44,ROW-max-Corr,1703,2071,438878,0,nrmsd_norm,65,0.34006576110369624
33764.44,ROW-max-Corr,1703,2071,438878,0,nrmsd_norm,70,0.35132322231199614
33764.44,ROW-max-Corr,1703,2071,438878,0,nrmsd_norm,75,0.35120126566745846
33764.44,ROW-max-Corr,1703,2071,438878,0,nrmsd_norm,80,0.35251075666357934
33764.44,ROW-max-Corr,1703,7548,438878,0,nrmsd_norm,85,0.3528481597609856
33764.44,ROW-max-Corr,1703,4211,438878,0,nrmsd_norm,90,0.35314923970184303
33764.44,ROW-max-Corr,1703,2071,438878,0,nrmsd_norm,95,0.3492086153450186
33764.44,ROW-max-Corr,1703,2071,438878,0,nrmsd_norm,100,0.34930960915575376
33764.44,ROW-max-Corr,1703,10879,433015,0,nrmsd_norm,5,0.5780667559688075
33764.44,ROW-max-Corr,1703,123,433015,0,nrmsd_norm,6,0.49977328056157916
33764.44,ROW-max-Corr,1703,4254,433015,0,nrmsd_norm,7,0.47432327279689934
33764.44,ROW-max-Corr,1703,328,433015,0,nrmsd_norm,8,0.48927420641638825
33764.44,ROW-max-Corr,1703,2439,433015,0,nrmsd_norm,9,0.43824259624483414
33764.44,ROW-max-Corr,1703,12100,433015,0,nrmsd_norm,10,0.42742300420191226
33764.44,ROW-max-Corr,1703,415,433015,0,nrmsd_norm,11,0.42420567018894256
33764.44,ROW-max-Corr,1703,2071,433015,0,nrmsd_norm,12,0.4252372257911444
33764.44,ROW-max-Corr,1703,415,433015,0,nrmsd_norm,13,0.4116707507454163
33764.44,ROW-max-Corr,1703,3804,433015,0,nrmsd_norm,14,0.4205815331905966
33764.44,ROW-max-Corr,1703,3804,433015,0,nrmsd_norm,15,0.42718399742215285
33764.44,ROW-max-Corr,1703,889,433015,0,nrmsd_norm,16,0.4394637521278734
33764.44,ROW-max-Corr,1703,1867,433015,0,nrmsd_norm,17,0.418037238627735
33764.44,ROW-max-Corr,1703,4149,433015,0,nrmsd_norm,18,0.40652002543102195
33764.44,ROW-max-Corr,1703,4361,433015,0,nrmsd_norm,19,0.39415391030494684
33764.44,ROW-max-Corr,1703,1314,433015,0,nrmsd_norm,20,0.38667910578876585
33764.44,ROW-max-Corr,1703,1314,433015,0,nrmsd_norm,22,0.38962977371699303
33764.44,ROW-max-Corr,1703,6931,433015,0,nrmsd_norm,24,0.37497073512170587
33764.44,ROW-max-Corr,1703,6931,433015,0,nrmsd_norm,26,0.37029287972879305
33764.44,ROW-max-Corr,1703,6931,433015,0,nrmsd_norm,28,0.36561533190888207
33764.44,ROW-max-Corr,1703,4361,433015,0,nrmsd_norm,30,0.36357155816636416
33764.44,ROW-max-Corr,1703,680,433015,0,nrmsd_norm,32,0.34213207012948516
33764.44,ROW-max-Corr,1703,1005,433015,0,nrmsd_norm,34,0.34386905246766886
33764.44,ROW-max-Corr,1703,1005,433015,0,nrmsd_norm,36,0.3483672443070875
33764.44,ROW-max-Corr,1703,1005,433015,0,nrmsd_norm,38,0.35084307325701125
33764.44,ROW-max-Corr,1703,1005,433015,0,nrmsd_norm,40,0.3437124390085429
33764.44,ROW-max-Corr,1703,1005,433015,0,nrmsd_norm,42,0.342500952490929
33764.44,ROW-max-Corr,1703,1005,433015,0,nrmsd_norm,44,0.3501987689187161
33764.44,ROW-max-Corr,1703,1005,433015,0,nrmsd_norm,46,0.3521732289644828
33764.44,ROW-max-Corr,1703,1005,433015,0,nrmsd_norm,48,0.34332066551843055
33764.44,ROW-max-Corr,1703,1005,433015,0,nrmsd_norm,50,0.344300021891349
33764.44,ROW-max-Corr,1703,1005,433015,0,nrmsd_norm,55,0.337573202500612
33764.44,ROW-max-Corr,1703,2071,433015,0,nrmsd_norm,60,0.3293532041787861
33764.44,ROW-max-Corr,1703,4222,433015,0,nrmsd_norm,65,0.32903201386156455
33764.44,ROW-max-Corr,1703,4222,433015,0,nrmsd_norm,70,0.34180483874204826
33764.44,ROW-max-Corr,1703,4222,433015,0,nrmsd_norm,75,0.3424321972236151
33764.44,ROW-max-Corr,1703,4222,433015,0,nrmsd_norm,80,0.34617092308038494
33764.44,ROW-max-Corr,1703,11612,433015,0,nrmsd_norm,85,0.34527472892531447
33764.44,ROW-max-Corr,1703,10951,433015,0,nrmsd_norm,90,0.3467637970311316
33764.44,ROW-max-Corr,1703,4201,433015,0,nrmsd_norm,95,0.3445346123022118
33764.44,ROW-max-Corr,1703,1005,433015,0,nrmsd_norm,100,0.3407732824509169
33764.44,ROW-max-Corr,1703,8335,858597,0,nrmsd_norm,5,0.5468465850893153
33764.44,ROW-max-Corr,1703,12241,858597,0,nrmsd_norm,6,0.47424755347359604
33764.44,ROW-max-Corr,1703,9456,858597,0,nrmsd_norm,7,0.42921686239830853
33764.44,ROW-max-Corr,1703,496,858597,0,nrmsd_norm,8,0.44397346069166926
33764.44,ROW-max-Corr,1703,11115,858597,0,nrmsd_norm,9,0.42934218005065483
33764.44,ROW-max-Corr,1703,5397,858597,0,nrmsd_norm,10,0.4181228344335363
33764.44,ROW-max-Corr,1703,11115,858597,0,nrmsd_norm,11,0.4133981507370612
33764.44,ROW-max-Corr,1703,11115,858597,0,nrmsd_norm,12,0.4074365119094057
33764.44,ROW-max-Corr,1703,4362,858597,0,nrmsd_norm,13,0.39960016584053476
33764.44,ROW-max-Corr,1703,4362,858597,0,nrmsd_norm,14,0.40085549346200516
33764.44,ROW-max-Corr,1703,4362,858597,0,nrmsd_norm,15,0.4058102043791225
33764.44,ROW-max-Corr,1703,4362,858597,0,nrmsd_norm,16,0.41956181839495155
33764.44,ROW-max-Corr,1703,4444,858597,0,nrmsd_norm,17,0.3686862479183268
33764.44,ROW-max-Corr,1703,4444,858597,0,nrmsd_norm,18,0.36949545838521625
33764.44,ROW-max-Corr,1703,2481,858597,0,nrmsd_norm,19,0.363451275092116
33764.44,ROW-max-Corr,1703,2481,858597,0,nrmsd_norm,20,0.34943826182237636
33764.44,ROW-max-Corr,1703,2481,858597,0,nrmsd_norm,22,0.3608071322275084
33764.44,ROW-max-Corr,1703,2481,858597,0,nrmsd_norm,24,0.3492737202271213
33764.44,ROW-max-Corr,1703,2481,858597,0,nrmsd_norm,26,0.34704588543821957
33764.44,ROW-max-Corr,1703,2435,858597,0,nrmsd_norm,28,0.34568045882204823
33764.44,ROW-max-Corr,1703,4444,858597,0,nrmsd_norm,30,0.3421272527713043
33764.44,ROW-max-Corr,1703,4444,858597,0,nrmsd_norm,32,0.33885737149998174
33764.44,ROW-max-Corr,1703,4444,858597,0,nrmsd_norm,34,0.3400615820261368
33764.44,ROW-max-Corr,1703,4444,858597,0,nrmsd_norm,36,0.3441187353470064
33764.44,ROW-max-Corr,1703,4444,858597,0,nrmsd_norm,38,0.3460229147386504
33764.44,ROW-max-Corr,1703,4444,858597,0,nrmsd_norm,40,0.3485937920694796
33764.44,ROW-max-Corr,1703,4444,858597,0,nrmsd_norm,42,0.3444806387771612
33764.44,ROW-max-Corr,1703,4444,858597,0,nrmsd_norm,44,0.3533919005542055
33764.44,ROW-max-Corr,1703,4444,858597,0,nrmsd_norm,46,0.35498557862819347
33764.44,ROW-max-Corr,1703,4201,858597,0,nrmsd_norm,48,0.3473119571841134
33764.44,ROW-max-Corr,1703,4201,858597,0,nrmsd_norm,50,0.3481711201767388
33764.44,ROW-max-Corr,1703,4202,858597,0,nrmsd_norm,55,0.34242458547518295
33764.44,ROW-max-Corr,1703,2071,858597,0,nrmsd_norm,60,0.3332685604798809
33764.44,ROW-max-Corr,1703,2071,858597,0,nrmsd_norm,65,0.3320499551320442
33764.44,ROW-max-Corr,1703,2071,858597,0,nrmsd_norm,70,0.34225780601143546
33764.44,ROW-max-Corr,1703,2071,858597,0,nrmsd_norm,75,0.34189990399981746
33764.44,ROW-max-Corr,1703,2071,858597,0,nrmsd_norm,80,0.3414281007955586
33764.44,ROW-max-Corr,1703,4200,858597,0,nrmsd_norm,85,0.3412276787872103
33764.44,ROW-max-Corr,1703,4200,858597,0,nrmsd_norm,90,0.34235836376800655
33764.44,ROW-max-Corr,1703,4200,858597,0,nrmsd_norm,95,0.33846570061029596
33764.44,ROW-max-Corr,1703,4200,858597,0,nrmsd_norm,100,0.33580876057528825
33764.44,ROW-max-Corr,1703,10195,85945,0,nrmsd_norm,5,0.5634156783156067
33764.44,ROW-max-Corr,1703,3017,85945,0,nrmsd_norm,6,0.5021875267238913
33764.44,ROW-max-Corr,1703,4254,85945,0,nrmsd_norm,7,0.4643105617370795
33764.44,ROW-max-Corr,1703,4254,85945,0,nrmsd_norm,8,0.48202493091821486
33764.44,ROW-max-Corr,1703,4254,85945,0,nrmsd_norm,9,0.4313679109783069
33764.44,ROW-max-Corr,1703,889,85945,0,nrmsd_norm,10,0.41354501729247417
33764.44,ROW-max-Corr,1703,4725,85945,0,nrmsd_norm,11,0.4029735267128406
33764.44,ROW-max-Corr,1703,4725,85945,0,nrmsd_norm,12,0.3995995695523093
33764.44,ROW-max-Corr,1703,4725,85945,0,nrmsd_norm,13,0.39725637345731457
33764.44,ROW-max-Corr,1703,4222,85945,0,nrmsd_norm,14,0.39467790665896485
33764.44,ROW-max-Corr,1703,4222,85945,0,nrmsd_norm,15,0.4056373751345676
33764.44,ROW-max-Corr,1703,4222,85945,0,nrmsd_norm,16,0.4190266333585566
33764.44,ROW-max-Corr,1703,9499,85945,0,nrmsd_norm,17,0.4006629586791523
33764.44,ROW-max-Corr,1703,9499,85945,0,nrmsd_norm,18,0.39666691683914224
33764.44,ROW-max-Corr,1703,1005,85945,0,nrmsd_norm,19,0.3863640858052267
33764.44,ROW-max-Corr,1703,4377,85945,0,nrmsd_norm,20,0.3759622421247056
33764.44,ROW-max-Corr,1703,11866,85945,0,nrmsd_norm,22,0.38416379060550826
33764.44,ROW-max-Corr,1703,11866,85945,0,nrmsd_norm,24,0.3694605883285894
33764.44,ROW-max-Corr,1703,6318,85945,0,nrmsd_norm,26,0.3613607867842569
33764.44,ROW-max-Corr,1703,12100,85945,0,nrmsd_norm,28,0.35804754001057004
33764.44,ROW-max-Corr,1703,6644,85945,0,nrmsd_norm,30,0.3522676476165262
33764.44,ROW-max-Corr,1703,2097,85945,0,nrmsd_norm,32,0.34603059364146893
33764.44,ROW-max-Corr,1703,4377,85945,0,nrmsd_norm,34,0.3480277220934465
33764.44,ROW-max-Corr,1703,4377,85945,0,nrmsd_norm,36,0.3533705671125002
33764.44,ROW-max-Corr,1703,4377,85945,0,nrmsd_norm,38,0.35493290063687877
33764.44,ROW-max-Corr,1703,4377,85945,0,nrmsd_norm,40,0.35462180206643673
33764.44,ROW-max-Corr,1703,4377,85945,0,nrmsd_norm,42,0.3512542564833751
33764.44,ROW-max-Corr,1703,4377,85945,0,nrmsd_norm,44,0.36163526636255455
33764.44,ROW-max-Corr,1703,4377,85945,0,nrmsd_norm,46,0.361909901319064
33764.44,ROW-max-Corr,1703,348,85945,0,nrmsd_norm,48,0.3539286691728244
33764.44,ROW-max-Corr,1703,348,85945,0,nrmsd_norm,50,0.3542111259929481
33764.44,ROW-max-Corr,1703,348,85945,0,nrmsd_norm,55,0.3453005267754617
33764.44,ROW-max-Corr,1703,1703,85945,0,nrmsd_norm,60,0.335709429400022
33764.44,ROW-max-Corr,1703,348,85945,0,nrmsd_norm,65,0.33297864205258654
33764.44,ROW-max-Corr,1703,6340,85945,0,nrmsd_norm,70,0.3449898491875967
33764.44,ROW-max-Corr,1703,4211,85945,0,nrmsd_norm,75,0.3444087574719517
33764.44,ROW-max-Corr,1703,4211,85945,0,nrmsd_norm,80,0.3446611576641499
33764.44,ROW-max-Corr,1703,4211,85945,0,nrmsd_norm,85,0.34478145682763395
33764.44,ROW-max-Corr,1703,7548,85945,0,nrmsd_norm,90,0.3443919126552867
33764.44,ROW-max-Corr,1703,4211,85945,0,nrmsd_norm,95,0.3425184215831426
33764.44,ROW-max-Corr,1703,7548,85945,0,nrmsd_norm,100,0.33941055115589813
33764.44,ROW-max-Corr,1703,2792,697368,0,nrmsd_norm,5,0.5591063121157726
33764.44,ROW-max-Corr,1703,8281,697368,0,nrmsd_norm,6,0.45371599579707605
33764.44,ROW-max-Corr,1703,10588,697368,0,nrmsd_norm,7,0.4341600159613333
33764.44,ROW-max-Corr,1703,3199,697368,0,nrmsd_norm,8,0.45357833363117767
33764.44,ROW-max-Corr,1703,6846,697368,0,nrmsd_norm,9,0.4283229701164091
33764.44,ROW-max-Corr,1703,4233,697368,0,nrmsd_norm,10,0.41544508599710905
33764.44,ROW-max-Corr,1703,6846,697368,0,nrmsd_norm,11,0.39608948501058244
33764.44,ROW-max-Corr,1703,6846,697368,0,nrmsd_norm,12,0.3925853530707528
33764.44,ROW-max-Corr,1703,4233,697368,0,nrmsd_norm,13,0.37836445463477847
33764.44,ROW-max-Corr,1703,4407,697368,0,nrmsd_norm,14,0.37716456516990166
33764.44,ROW-max-Corr,1703,4407,697368,0,nrmsd_norm,15,0.39242833454115766
33764.44,ROW-max-Corr,1703,4407,697368,0,nrmsd_norm,16,0.40656716579723406
33764.44,ROW-max-Corr,1703,1325,697368,0,nrmsd_norm,17,0.3959775063684344
33764.44,ROW-max-Corr,1703,4364,697368,0,nrmsd_norm,18,0.39475386737165225
33764.44,ROW-max-Corr,1703,4364,697368,0,nrmsd_norm,19,0.38624015019666386
33764.44,ROW-max-Corr,1703,4364,697368,0,nrmsd_norm,20,0.37745937106224686
33764.44,ROW-max-Corr,1703,4364,697368,0,nrmsd_norm,22,0.38226316313564257
33764.44,ROW-max-Corr,1703,183,697368,0,nrmsd_norm,24,0.36352458402995164
33764.44,ROW-max-Corr,1703,183,697368,0,nrmsd_norm,26,0.3563572268982369
33764.44,ROW-max-Corr,1703,183,697368,0,nrmsd_norm,28,0.3502338903407172
33764.44,ROW-max-Corr,1703,6340,697368,0,nrmsd_norm,30,0.3479543938883776
33764.44,ROW-max-Corr,1703,183,697368,0,nrmsd_norm,32,0.3452544233880245
33764.44,ROW-max-Corr,1703,348,697368,0,nrmsd_norm,34,0.35142798713012163
33764.44,ROW-max-Corr,1703,348,697368,0,nrmsd_norm,36,0.35395083953492384
33764.44,ROW-max-Corr,1703,348,697368,0,nrmsd_norm,38,0.3570211233877572
33764.44,ROW-max-Corr,1703,348,697368,0,nrmsd_norm,40,0.3531744392138973
33764.44,ROW-max-Corr,1703,348,697368,0,nrmsd_norm,42,0.3510970942433755
33764.44,ROW-max-Corr,1703,348,697368,0,nrmsd_norm,44,0.3617867313676024
33764.44,ROW-max-Corr,1703,348,697368,0,nrmsd_norm,46,0.3616276098888069
33764.44,ROW-max-Corr,1703,348,697368,0,nrmsd_norm,48,0.35436363691151185
33764.44,ROW-max-Corr,1703,348,697368,0,nrmsd_norm,50,0.35372214951314873
33764.44,ROW-max-Corr,1703,348,697368,0,nrmsd_norm,55,0.34803627587381053
33764.44,ROW-max-Corr,1703,2097,697368,0,nrmsd_norm,60,0.3385931567613492
33764.44,ROW-max-Corr,1703,2097,697368,0,nrmsd_norm,65,0.33895743566978465
33764.44,ROW-max-Corr,1703,2097,697368,0,nrmsd_norm,70,0.3513731402031453
33764.44,ROW-max-Corr,1703,4377,697368,0,nrmsd_norm,75,0.34944703822512196
33764.44,ROW-max-Corr,1703,4377,697368,0,nrmsd_norm,80,0.35038845554514203
33764.44,ROW-max-Corr,1703,4377,697368,0,nrmsd_norm,85,0.34793560705165427
33764.44,ROW-max-Corr,1703,4377,697368,0,nrmsd_norm,90,0.3486891039255315
33764.44,ROW-max-Corr,1703,4377,697368,0,nrmsd_norm,95,0.3448537880096149
33764.44,ROW-max-Corr,1703,4377,697368,0,nrmsd_norm,100,0.343519775442394
33764.44,ROW-max-Corr,1703,8281,201469,0,nrmsd_norm,5,0.5721813713428741
33764.44,ROW-max-Corr,1703,11946,201469,0,nrmsd_norm,6,0.4703166684325413
33764.44,ROW-max-Corr,1703,10879,201469,0,nrmsd_norm,7,0.43761765012351767
33764.44,ROW-max-Corr,1703,10879,201469,0,nrmsd_norm,8,0.4448268104042939
33764.44,ROW-max-Corr,1703,5860,201469,0,nrmsd_norm,9,0.40666440331024345
33764.44,ROW-max-Corr,1703,5086,201469,0,nrmsd_norm,10,0.40481320449915587
33764.44,ROW-max-Corr,1703,5086,201469,0,nrmsd_norm,11,0.3966459397610267
33764.44,ROW-max-Corr,1703,5086,201469,0,nrmsd_norm,12,0.39627881288051375
33764.44,ROW-max-Corr,1703,5086,201469,0,nrmsd_norm,13,0.3797891848836235
33764.44,ROW-max-Corr,1703,5086,201469,0,nrmsd_norm,14,0.3892165254153192
33764.44,ROW-max-Corr,1703,5086,201469,0,nrmsd_norm,15,0.3940294251960503
33764.44,ROW-max-Corr,1703,5086,201469,0,nrmsd_norm,16,0.40634917837726203
33764.44,ROW-max-Corr,1703,5086,201469,0,nrmsd_norm,17,0.3806248675308758
33764.44,ROW-max-Corr,1703,5086,201469,0,nrmsd_norm,18,0.3756923249732754
33764.44,ROW-max-Corr,1703,8735,201469,0,nrmsd_norm,19,0.3710767687909309
33764.44,ROW-max-Corr,1703,8735,201469,0,nrmsd_norm,20,0.3600391499411412
33764.44,ROW-max-Corr,1703,8735,201469,0,nrmsd_norm,22,0.3685828213984634
33764.44,ROW-max-Corr,1703,10614,201469,0,nrmsd_norm,24,0.3560936526653391
33764.44,ROW-max-Corr,1703,10614,201469,0,nrmsd_norm,26,0.35255408956502415
33764.44,ROW-max-Corr,1703,10614,201469,0,nrmsd_norm,28,0.360788559334174
33764.44,ROW-max-Corr,1703,10614,201469,0,nrmsd_norm,30,0.3561433480473649
33764.44,ROW-max-Corr,1703,10614,201469,0,nrmsd_norm,32,0.3543668319589684
33764.44,ROW-max-Corr,1703,10614,201469,0,nrmsd_norm,34,0.35645626669293257
33764.44,ROW-max-Corr,1703,10614,201469,0,nrmsd_norm,36,0.36240112910205197
33764.44,ROW-max-Corr,1703,10614,201469,0,nrmsd_norm,38,0.36441344136266146
33764.44,ROW-max-Corr,1703,10614,201469,0,nrmsd_norm,40,0.36215811779723067
33764.44,ROW-max-Corr,1703,10614,201469,0,nrmsd_norm,42,0.3547703733309039
33764.44,ROW-max-Corr,1703,10614,201469,0,nrmsd_norm,44,0.363381541317191
33764.44,ROW-max-Corr,1703,10614,201469,0,nrmsd_norm,46,0.3646142099972429
33764.44,ROW-max-Corr,1703,11115,201469,0,nrmsd_norm,48,0.35796553360981853
33764.44,ROW-max-Corr,1703,11115,201469,0,nrmsd_norm,50,0.359360745996982
33764.44,ROW-max-Corr,1703,1703,201469,0,nrmsd_norm,55,0.3525574742581437
33764.44,ROW-max-Corr,1703,4211,201469,0,nrmsd_norm,60,0.3412927509748183
33764.44,ROW-max-Corr,1703,4211,201469,0,nrmsd_norm,65,0.33768387196966115
33764.44,ROW-max-Corr,1703,7548,201469,0,nrmsd_norm,70,0.35405350637952776
33764.44,ROW-max-Corr,1703,7548,201469,0,nrmsd_norm,75,0.35139666706195505
33764.44,ROW-max-Corr,1703,4211,201469,0,nrmsd_norm,80,0.35715001472072655
33764.44,ROW-max-Corr,1703,4211,201469,0,nrmsd_norm,85,0.35106459901463866
33764.44,ROW-max-Corr,1703,4211,201469,0,nrmsd_norm,90,0.34814172986479114
33764.44,ROW-max-Corr,1703,4211,201469,0,nrmsd_norm,95,0.34488178195169295
33764.44,ROW-max-Corr,1703,4211,201469,0,nrmsd_norm,100,0.34355176924975694
33764.44,ROW-max-Corr,1703,5373,94177,0,nrmsd_norm,5,0.5586354835764191
33764.44,ROW-max-Corr,1703,520,94177,0,nrmsd_norm,6,0.4996978866863335
33764.44,ROW-max-Corr,1703,4380,94177,0,nrmsd_norm,7,0.4561502159706923
33764.44,ROW-max-Corr,1703,4370,94177,0,nrmsd_norm,8,0.4748979718918585
33764.44,ROW-max-Corr,1703,11649,94177,0,nrmsd_norm,9,0.4420117707757865
33764.44,ROW-max-Corr,1703,4368,94177,0,nrmsd_norm,10,0.44412388125805907
33764.44,ROW-max-Corr,1703,239,94177,0,nrmsd_norm,11,0.44050240234721494
33764.44,ROW-max-Corr,1703,4360,94177,0,nrmsd_norm,12,0.4228427264163024
33764.44,ROW-max-Corr,1703,501,94177,0,nrmsd_norm,13,0.41304731378484083
33764.44,ROW-max-Corr,1703,501,94177,0,nrmsd_norm,14,0.4159127650456173
33764.44,ROW-max-Corr,1703,501,94177,0,nrmsd_norm,15,0.4189297320244993
33764.44,ROW-max-Corr,1703,501,94177,0,nrmsd_norm,16,0.4337560512569414
33764.44,ROW-max-Corr,1703,4201,94177,0,nrmsd_norm,17,0.38208913348722
33764.44,ROW-max-Corr,1703,1703,94177,0,nrmsd_norm,18,0.3789310150279488
33764.44,ROW-max-Corr,1703,1703,94177,0,nrmsd_norm,19,0.3726206068432484
33764.44,ROW-max-Corr,1703,4211,94177,0,nrmsd_norm,20,0.36100431597632937
33764.44,ROW-max-Corr,1703,4211,94177,0,nrmsd_norm,22,0.3719672195753275
33764.44,ROW-max-Corr,1703,4211,94177,0,nrmsd_norm,24,0.3585626463327505
33764.44,ROW-max-Corr,1703,4211,94177,0,nrmsd_norm,26,0.35444730890007053
33764.44,ROW-max-Corr,1703,2071,94177,0,nrmsd_norm,28,0.36101320347608135
33764.44,ROW-max-Corr,1703,2071,94177,0,nrmsd_norm,30,0.35670012223099906
33764.44,ROW-max-Corr,1703,2071,94177,0,nrmsd_norm,32,0.3497702981067824
33764.44,ROW-max-Corr,1703,4211,94177,0,nrmsd_norm,34,0.3572681785928426
33764.44,ROW-max-Corr,1703,4211,94177,0,nrmsd_norm,36,0.3622142887022209
33764.44,ROW-max-Corr,1703,4211,94177,0,nrmsd_norm,38,0.36370001872081675
33764.44,ROW-max-Corr,1703,4211,94177,0,nrmsd_norm,40,0.3595701961755206
33764.44,ROW-max-Corr,1703,1703,94177,0,nrmsd_norm,42,0.3545844845805763
33764.44,ROW-max-Corr,1703,1703,94177,0,nrmsd_norm,44,0.363585603450094
33764.44,ROW-max-Corr,1703,1703,94177,0,nrmsd_norm,46,0.3646570449675158
33764.44,ROW-max-Corr,1703,1703,94177,0,nrmsd_norm,48,0.3553675642891206
33764.44,ROW-max-Corr,1703,1703,94177,0,nrmsd_norm,50,0.3545368604140855
33764.44,ROW-max-Corr,1703,1703,94177,0,nrmsd_norm,55,0.3506006955140352
33764.44,ROW-max-Corr,1703,4202,94177,0,nrmsd_norm,60,0.3410090498513749
33764.44,ROW-max-Corr,1703,4202,94177,0,nrmsd_norm,65,0.33886038462918583
33764.44,ROW-max-Corr,1703,4202,94177,0,nrmsd_norm,70,0.3496600075445525
33764.44,ROW-max-Corr,1703,4202,94177,0,nrmsd_norm,75,0.34789009110507385
33764.44,ROW-max-Corr,1703,4202,94177,0,nrmsd_norm,80,0.35052245220590966
33764.44,ROW-max-Corr,1703,4202,94177,0,nrmsd_norm,85,0.3463891330773608
33764.44,ROW-max-Corr,1703,4202,94177,0,nrmsd_norm,90,0.3465134860982572
33764.44,ROW-max-Corr,1703,4202,94177,0,nrmsd_norm,95,0.3429512676711846
33764.44,ROW-max-Corr,1703,4202,94177,0,nrmsd_norm,100,0.34170508404084865
33764.44,COL-mean-Corr(Ben),1703,4557,89250,0,nrmsd_norm,5,0.6499005406804526
33764.44,COL-mean-Corr(Ben),1703,531,89250,0,nrmsd_norm,6,0.4444668665682026
33764.44,COL-mean-Corr(Ben),1703,10406,89250,0,nrmsd_norm,7,0.4006423866726892
33764.44,COL-mean-Corr(Ben),1703,10406,89250,0,nrmsd_norm,8,0.4197770293959948
33764.44,COL-mean-Corr(Ben),1703,1383,89250,0,nrmsd_norm,9,0.4048942295028919
33764.44,COL-mean-Corr(Ben),1703,1383,89250,0,nrmsd_norm,10,0.38073007908405665
33764.44,COL-mean-Corr(Ben),1703,4175,89250,0,nrmsd_norm,11,0.361507603856753
33764.44,COL-mean-Corr(Ben),1703,1383,89250,0,nrmsd_norm,12,0.44539144990058577
33764.44,COL-mean-Corr(Ben),1703,5349,89250,0,nrmsd_norm,13,0.45309820877863705
33764.44,COL-mean-Corr(Ben),1703,5349,89250,0,nrmsd_norm,14,0.45654522174285506
33764.44,COL-mean-Corr(Ben),1703,8735,89250,0,nrmsd_norm,15,0.45430753796642737
33764.44,COL-mean-Corr(Ben),1703,5086,89250,0,nrmsd_norm,16,0.4573968174919156
33764.44,COL-mean-Corr(Ben),1703,1939,89250,0,nrmsd_norm,17,0.5135463931331701
33764.44,COL-mean-Corr(Ben),1703,1939,89250,0,nrmsd_norm,18,0.5084968330680578
33764.44,COL-mean-Corr(Ben),1703,1939,89250,0,nrmsd_norm,19,0.5068816190229868
33764.44,COL-mean-Corr(Ben),1703,1939,89250,0,nrmsd_norm,20,0.5061891135417134
33764.44,COL-mean-Corr(Ben),1703,1939,89250,0,nrmsd_norm,22,0.4846336003193898
33764.44,COL-mean-Corr(Ben),1703,1939,89250,0,nrmsd_norm,24,0.4789314525876941
33764.44,COL-mean-Corr(Ben),1703,1939,89250,0,nrmsd_norm,26,0.43686124569637536
33764.44,COL-mean-Corr(Ben),1703,1939,89250,0,nrmsd_norm,28,0.4507239225538442
33764.44,COL-mean-Corr(Ben),1703,45,89250,0,nrmsd_norm,30,0.4410386366518358
33764.44,COL-mean-Corr(Ben),1703,2071,89250,0,nrmsd_norm,32,0.4553181832968837
33764.44,COL-mean-Corr(Ben),1703,4222,89250,0,nrmsd_norm,34,0.4530928915236315
33764.44,COL-mean-Corr(Ben),1703,4444,89250,0,nrmsd_norm,36,0.44824315966936845
33764.44,COL-mean-Corr(Ben),1703,4444,89250,0,nrmsd_norm,38,0.44223037866428727
33764.44,COL-mean-Corr(Ben),1703,4444,89250,0,nrmsd_norm,40,0.44314185722995303
33764.44,COL-mean-Corr(Ben),1703,7548,89250,0,nrmsd_norm,42,0.42783550186582714
33764.44,COL-mean-Corr(Ben),1703,7548,89250,0,nrmsd_norm,44,0.4237781286392854
33764.44,COL-mean-Corr(Ben),1703,7548,89250,0,nrmsd_norm,46,0.42314148823559833
33764.44,COL-mean-Corr(Ben),1703,7548,89250,0,nrmsd_norm,48,0.42435343499693606
33764.44,COL-mean-Corr(Ben),1703,7548,89250,0,nrmsd_norm,50,0.4222150009692101
33764.44,COL-mean-Corr(Ben),1703,7548,89250,0,nrmsd_norm,55,0.43106934307512146
33764.44,COL-mean-Corr(Ben),1703,7548,89250,0,nrmsd_norm,60,0.4272855346492885
33764.44,COL-mean-Corr(Ben),1703,2071,89250,0,nrmsd_norm,65,0.4417485560591461
33764.44,COL-mean-Corr(Ben),1703,4202,89250,0,nrmsd_norm,70,0.4363810571924763
33764.44,COL-mean-Corr(Ben),1703,2071,89250,0,nrmsd_norm,75,0.44442428865661865
33764.44,COL-mean-Corr(Ben),1703,2071,89250,0,nrmsd_norm,80,0.4307207394903524
33764.44,COL-mean-Corr(Ben),1703,1703,89250,0,nrmsd_norm,85,0.4335670622713828
33764.44,COL-mean-Corr(Ben),1703,2071,89250,0,nrmsd_norm,90,0.43545291057799523
33764.44,COL-mean-Corr(Ben),1703,2071,89250,0,nrmsd_norm,95,0.45207331376640647
33764.44,COL-mean-Corr(Ben),1703,2071,89250,0,nrmsd_norm,100,0.43887659105898663
33764.44,COL-mean-Corr(Ben),1703,4594,773956,0,nrmsd_norm,5,0.5284903475931415
33764.44,COL-mean-Corr(Ben),1703,11731,773956,0,nrmsd_norm,6,0.4959768065674004
33764.44,COL-mean-Corr(Ben),1703,8061,773956,0,nrmsd_norm,7,0.4291384638949092
33764.44,COL-mean-Corr(Ben),1703,8061,773956,0,nrmsd_norm,8,0.44345855692030045
33764.44,COL-mean-Corr(Ben),1703,8061,773956,0,nrmsd_norm,9,0.4352329149161345
33764.44,COL-mean-Corr(Ben),1703,8061,773956,0,nrmsd_norm,10,0.4117679882818198
33764.44,COL-mean-Corr(Ben),1703,11731,773956,0,nrmsd_norm,11,0.39403571437558793
33764.44,COL-mean-Corr(Ben),1703,8595,773956,0,nrmsd_norm,12,0.4447873006230859
33764.44,COL-mean-Corr(Ben),1703,8595,773956,0,nrmsd_norm,13,0.4339228701530918
33764.44,COL-mean-Corr(Ben),1703,348,773956,0,nrmsd_norm,14,0.4382075316379669
33764.44,COL-mean-Corr(Ben),1703,8595,773956,0,nrmsd_norm,15,0.4305088686109353
33764.44,COL-mean-Corr(Ben),1703,10721,773956,0,nrmsd_norm,16,0.41497023050557924
33764.44,COL-mean-Corr(Ben),1703,10721,773956,0,nrmsd_norm,17,0.4838784335126055
33764.44,COL-mean-Corr(Ben),1703,4444,773956,0,nrmsd_norm,18,0.4805542555430039
33764.44,COL-mean-Corr(Ben),1703,4444,773956,0,nrmsd_norm,19,0.484309900817621
33764.44,COL-mean-Corr(Ben),1703,4444,773956,0,nrmsd_norm,20,0.47727405719478194
33764.44,COL-mean-Corr(Ben),1703,4444,773956,0,nrmsd_norm,22,0.4578761841864369
33764.44,COL-mean-Corr(Ben),1703,4444,773956,0,nrmsd_norm,24,0.45592503635333936
33764.44,COL-mean-Corr(Ben),1703,328,773956,0,nrmsd_norm,26,0.4262570451539618
33764.44,COL-mean-Corr(Ben),1703,328,773956,0,nrmsd_norm,28,0.44545525592846763
33764.44,COL-mean-Corr(Ben),1703,4444,773956,0,nrmsd_norm,30,0.4429879094518084
33764.44,COL-mean-Corr(Ben),1703,328,773956,0,nrmsd_norm,32,0.4428947692988464
33764.44,COL-mean-Corr(Ben),1703,4254,773956,0,nrmsd_norm,34,0.4400932248178414
33764.44,COL-mean-Corr(Ben),1703,4254,773956,0,nrmsd_norm,36,0.4349387621068749
33764.44,COL-mean-Corr(Ben),1703,4254,773956,0,nrmsd_norm,38,0.43385147564387255
33764.44,COL-mean-Corr(Ben),1703,4444,773956,0,nrmsd_norm,40,0.4381516294336267
33764.44,COL-mean-Corr(Ben),1703,4725,773956,0,nrmsd_norm,42,0.42689425619111704
33764.44,COL-mean-Corr(Ben),1703,4725,773956,0,nrmsd_norm,44,0.4255315017597532
33764.44,COL-mean-Corr(Ben),1703,4725,773956,0,nrmsd_norm,46,0.42658846697079833
33764.44,COL-mean-Corr(Ben),1703,889,773956,0,nrmsd_norm,48,0.4263222616229273
33764.44,COL-mean-Corr(Ben),1703,7548,773956,0,nrmsd_norm,50,0.4250163120400225
33764.44,COL-mean-Corr(Ben),1703,7548,773956,0,nrmsd_norm,55,0.425229957616269
33764.44,COL-mean-Corr(Ben),1703,9328,773956,0,nrmsd_norm,60,0.4209598413390607
33764.44,COL-mean-Corr(Ben),1703,7548,773956,0,nrmsd_norm,65,0.4470725994713832
33764.44,COL-mean-Corr(Ben),1703,7548,773956,0,nrmsd_norm,70,0.4410151530918541
33764.44,COL-mean-Corr(Ben),1703,7548,773956,0,nrmsd_norm,75,0.4498690412731961
33764.44,COL-mean-Corr(Ben),1703,2071,773956,0,nrmsd_norm,80,0.45230185734490097
33764.44,COL-mean-Corr(Ben),1703,2071,773956,0,nrmsd_norm,85,0.4579881548466165
33764.44,COL-mean-Corr(Ben),1703,2071,773956,0,nrmsd_norm,90,0.4559790636800087
33764.44,COL-mean-Corr(Ben),1703,4202,773956,0,nrmsd_norm,95,0.46789283747167837
33764.44,COL-mean-Corr(Ben),1703,1703,773956,0,nrmsd_norm,100,0.4538529453381033
33764.44,COL-mean-Corr(Ben),1703,6614,654571,0,nrmsd_norm,5,0.5449053522535534
33764.44,COL-mean-Corr(Ben),1703,6614,654571,0,nrmsd_norm,6,0.43180093781114354
33764.44,COL-mean-Corr(Ben),1703,10433,654571,0,nrmsd_norm,7,0.39304851321648454
33764.44,COL-mean-Corr(Ben),1703,6946,654571,0,nrmsd_norm,8,0.4168153151581984
33764.44,COL-mean-Corr(Ben),1703,10433,654571,0,nrmsd_norm,9,0.4096470672498989
33764.44,COL-mean-Corr(Ben),1703,6614,654571,0,nrmsd_norm,10,0.37043046702856647
33764.44,COL-mean-Corr(Ben),1703,6614,654571,0,nrmsd_norm,11,0.33873249312178505
33764.44,COL-mean-Corr(Ben),1703,6614,654571,0,nrmsd_norm,12,0.3407357355379203
33764.44,COL-mean-Corr(Ben),1703,9698,654571,0,nrmsd_norm,13,0.3136915990315328
33764.44,COL-mean-Corr(Ben),1703,9698,654571,0,nrmsd_norm,14,0.3259638312783997
33764.44,COL-mean-Corr(Ben),1703,11866,654571,0,nrmsd_norm,15,0.3428883770943796
33764.44,COL-mean-Corr(Ben),1703,5911,654571,0,nrmsd_norm,16,0.33845839348649936
33764.44,COL-mean-Corr(Ben),1703,6340,654571,0,nrmsd_norm,17,0.44987881851760286
33764.44,COL-mean-Corr(Ben),1703,348,654571,0,nrmsd_norm,18,0.4415430229863985
33764.44,COL-mean-Corr(Ben),1703,348,654571,0,nrmsd_norm,19,0.4451834782345194
33764.44,COL-mean-Corr(Ben),1703,348,654571,0,nrmsd_norm,20,0.44262674065478536
33764.44,COL-mean-Corr(Ben),1703,4377,654571,0,nrmsd_norm,22,0.438507690849297
33764.44,COL-mean-Corr(Ben),1703,4377,654571,0,nrmsd_norm,24,0.43889799592070833
33764.44,COL-mean-Corr(Ben),1703,501,654571,0,nrmsd_norm,26,0.4261206735058008
33764.44,COL-mean-Corr(Ben),1703,5159,654571,0,nrmsd_norm,28,0.44377470441039013
33764.44,COL-mean-Corr(Ben),1703,501,654571,0,nrmsd_norm,30,0.4323480914886903
33764.44,COL-mean-Corr(Ben),1703,1005,654571,0,nrmsd_norm,32,0.4399154712810395
33764.44,COL-mean-Corr(Ben),1703,1005,654571,0,nrmsd_norm,34,0.4376326739559937
33764.44,COL-mean-Corr(Ben),1703,1005,654571,0,nrmsd_norm,36,0.44005758767771275
33764.44,COL-mean-Corr(Ben),1703,1005,654571,0,nrmsd_norm,38,0.4232558525152661
33764.44,COL-mean-Corr(Ben),1703,1005,654571,0,nrmsd_norm,40,0.425465108971539
33764.44,COL-mean-Corr(Ben),1703,1005,654571,0,nrmsd_norm,42,0.41077069698188706
33764.44,COL-mean-Corr(Ben),1703,1005,654571,0,nrmsd_norm,44,0.41467163133645485
33764.44,COL-mean-Corr(Ben),1703,1005,654571,0,nrmsd_norm,46,0.4197396129735469
33764.44,COL-mean-Corr(Ben),1703,1005,654571,0,nrmsd_norm,48,0.427106254694378
33764.44,COL-mean-Corr(Ben),1703,1005,654571,0,nrmsd_norm,50,0.4208217580265349
33764.44,COL-mean-Corr(Ben),1703,9891,654571,0,nrmsd_norm,55,0.4328066514361042
33764.44,COL-mean-Corr(Ben),1703,4201,654571,0,nrmsd_norm,60,0.424962846970378
33764.44,COL-mean-Corr(Ben),1703,10721,654571,0,nrmsd_norm,65,0.45033433378954973
33764.44,COL-mean-Corr(Ben),1703,2227,654571,0,nrmsd_norm,70,0.4392718432540421
33764.44,COL-mean-Corr(Ben),1703,1703,654571,0,nrmsd_norm,75,0.4304686370867545
33764.44,COL-mean-Corr(Ben),1703,1703,654571,0,nrmsd_norm,80,0.41757195245727546
33764.44,COL-mean-Corr(Ben),1703,10721,654571,0,nrmsd_norm,85,0.42357683568477084
33764.44,COL-mean-Corr(Ben),1703,10721,654571,0,nrmsd_norm,90,0.41841470075078957
33764.44,COL-mean-Corr(Ben),1703,1703,654571,0,nrmsd_norm,95,0.441324786831158
33764.44,COL-mean-Corr(Ben),1703,1703,654571,0,nrmsd_norm,100,0.43217592187947595
33764.44,COL-mean-Corr(Ben),1703,9307,438878,0,nrmsd_norm,5,0.6897181658653666
33764.44,COL-mean-Corr(Ben),1703,8742,438878,0,nrmsd_norm,6,0.45744272369784955
33764.44,COL-mean-Corr(Ben),1703,5683,438878,0,nrmsd_norm,7,0.4180938920508799
33764.44,COL-mean-Corr(Ben),1703,5683,438878,0,nrmsd_norm,8,0.43999626625866023
33764.44,COL-mean-Corr(Ben),1703,3630,438878,0,nrmsd_norm,9,0.41814088943802386
33764.44,COL-mean-Corr(Ben),1703,3630,438878,0,nrmsd_norm,10,0.3963586165879466
33764.44,COL-mean-Corr(Ben),1703,10406,438878,0,nrmsd_norm,11,0.3697265751619201
33764.44,COL-mean-Corr(Ben),1703,9259,438878,0,nrmsd_norm,12,0.3789992742234878
33764.44,COL-mean-Corr(Ben),1703,4813,438878,0,nrmsd_norm,13,0.3599718500118876
33764.44,COL-mean-Corr(Ben),1703,4813,438878,0,nrmsd_norm,14,0.37382444536267323
33764.44,COL-mean-Corr(Ben),1703,6318,438878,0,nrmsd_norm,15,0.3661163155718253
33764.44,COL-mean-Corr(Ben),1703,6318,438878,0,nrmsd_norm,16,0.3943737248184542
33764.44,COL-mean-Corr(Ben),1703,2237,438878,0,nrmsd_norm,17,0.4428512627024229
33764.44,COL-mean-Corr(Ben),1703,2237,438878,0,nrmsd_norm,18,0.4474189395256728
33764.44,COL-mean-Corr(Ben),1703,10645,438878,0,nrmsd_norm,19,0.44901160725255657
33764.44,COL-mean-Corr(Ben),1703,10645,438878,0,nrmsd_norm,20,0.44135211456781853
33764.44,COL-mean-Corr(Ben),1703,10645,438878,0,nrmsd_norm,22,0.43130922089625695
33764.44,COL-mean-Corr(Ben),1703,4145,438878,0,nrmsd_norm,24,0.43204558282485606
33764.44,COL-mean-Corr(Ben),1703,10645,438878,0,nrmsd_norm,26,0.42678353969392013
33764.44,COL-mean-Corr(Ben),1703,10645,438878,0,nrmsd_norm,28,0.4255275495751931
33764.44,COL-mean-Corr(Ben),1703,3580,438878,0,nrmsd_norm,30,0.4274212492745672
33764.44,COL-mean-Corr(Ben),1703,2738,438878,0,nrmsd_norm,32,0.42960919628046385
33764.44,COL-mean-Corr(Ben),1703,4145,438878,0,nrmsd_norm,34,0.42631183444741977
33764.44,COL-mean-Corr(Ben),1703,4223,438878,0,nrmsd_norm,36,0.41909175263825255
33764.44,COL-mean-Corr(Ben),1703,10997,438878,0,nrmsd_norm,38,0.41900908275516674
33764.44,COL-mean-Corr(Ben),1703,10997,438878,0,nrmsd_norm,40,0.4195689964344849
33764.44,COL-mean-Corr(Ben),1703,9328,438878,0,nrmsd_norm,42,0.4100346050143343
33764.44,COL-mean-Corr(Ben),1703,9328,438878,0,nrmsd_norm,44,0.4062587421396475
33764.44,COL-mean-Corr(Ben),1703,9328,438878,0,nrmsd_norm,46,0.40196641855661613
33764.44,COL-mean-Corr(Ben),1703,9328,438878,0,nrmsd_norm,48,0.4034343072588954
33764.44,COL-mean-Corr(Ben),1703,7548,438878,0,nrmsd_norm,50,0.4033032740922056
33764.44,COL-mean-Corr(Ben),1703,7548,438878,0,nrmsd_norm,55,0.409803148272861
33764.44,COL-mean-Corr(Ben),1703,7548,438878,0,nrmsd_norm,60,0.40500848541650925
33764.44,COL-mean-Corr(Ben),1703,7548,438878,0,nrmsd_norm,65,0.4231637212000626
33764.44,COL-mean-Corr(Ben),1703,4725,438878,0,nrmsd_norm,70,0.42255925306343867
33764.44,COL-mean-Corr(Ben),1703,1703,438878,0,nrmsd_norm,75,0.4354212154878251
33764.44,COL-mean-Corr(Ben),1703,4222,438878,0,nrmsd_norm,80,0.4270979603693806
33764.44,COL-mean-Corr(Ben),1703,4222,438878,0,nrmsd_norm,85,0.4324309515007255
33764.44,COL-mean-Corr(Ben),1703,1703,438878,0,nrmsd_norm,90,0.42555786905321435
33764.44,COL-mean-Corr(Ben),1703,1703,438878,0,nrmsd_norm,95,0.4425908874803265
33764.44,COL-mean-Corr(Ben),1703,4211,438878,0,nrmsd_norm,100,0.43296289219947104
33764.44,COL-mean-Corr(Ben),1703,3919,433015,0,nrmsd_norm,5,0.4787875713809741
33764.44,COL-mean-Corr(Ben),1703,2886,433015,0,nrmsd_norm,6,0.4015268183246257
33764.44,COL-mean-Corr(Ben),1703,2886,433015,0,nrmsd_norm,7,0.3751391885083686
33764.44,COL-mean-Corr(Ben),1703,2886,433015,0,nrmsd_norm,8,0.39335560681763604
33764.44,COL-mean-Corr(Ben),1703,2886,433015,0,nrmsd_norm,9,0.38180305021732486
33764.44,COL-mean-Corr(Ben),1703,2886,433015,0,nrmsd_norm,10,0.3799324666494913
33764.44,COL-mean-Corr(Ben),1703,11731,433015,0,nrmsd_norm,11,0.37119691394616344
33764.44,COL-mean-Corr(Ben),1703,11731,433015,0,nrmsd_norm,12,0.4280468314286601
33764.44,COL-mean-Corr(Ben),1703,2495,433015,0,nrmsd_norm,13,0.4324022357213697
33764.44,COL-mean-Corr(Ben),1703,11731,433015,0,nrmsd_norm,14,0.43748608900152136
33764.44,COL-mean-Corr(Ben),1703,4149,433015,0,nrmsd_norm,15,0.423641517824559
33764.44,COL-mean-Corr(Ben),1703,4149,433015,0,nrmsd_norm,16,0.395031337597781
33764.44,COL-mean-Corr(Ben),1703,4149,433015,0,nrmsd_norm,17,0.47464712883135585
33764.44,COL-mean-Corr(Ben),1703,4149,433015,0,nrmsd_norm,18,0.4717845949339171
33764.44,COL-mean-Corr(Ben),1703,4149,433015,0,nrmsd_norm,19,0.47286435063440757
33764.44,COL-mean-Corr(Ben),1703,4149,433015,0,nrmsd_norm,20,0.4656999187566812
33764.44,COL-mean-Corr(Ben),1703,4149,433015,0,nrmsd_norm,22,0.4569904991366726
33764.44,COL-mean-Corr(Ben),1703,4149,433015,0,nrmsd_norm,24,0.4545719585137429
33764.44,COL-mean-Corr(Ben),1703,4982,433015,0,nrmsd_norm,26,0.44247397249286013
33764.44,COL-mean-Corr(Ben),1703,4149,433015,0,nrmsd_norm,28,0.4517751304401228
33764.44,COL-mean-Corr(Ben),1703,4149,433015,0,nrmsd_norm,30,0.4473526349821678
33764.44,COL-mean-Corr(Ben),1703,4982,433015,0,nrmsd_norm,32,0.44453700286202813
33764.44,COL-mean-Corr(Ben),1703,4982,433015,0,nrmsd_norm,34,0.42356449094466864
33764.44,COL-mean-Corr(Ben),1703,4982,433015,0,nrmsd_norm,36,0.42082412602718156
33764.44,COL-mean-Corr(Ben),1703,4982,433015,0,nrmsd_norm,38,0.4167837577137968
33764.44,COL-mean-Corr(Ben),1703,4982,433015,0,nrmsd_norm,40,0.42224497440557646
33764.44,COL-mean-Corr(Ben),1703,4982,433015,0,nrmsd_norm,42,0.40600468936883843
33764.44,COL-mean-Corr(Ben),1703,4982,433015,0,nrmsd_norm,44,0.41024972135634424
33764.44,COL-mean-Corr(Ben),1703,4982,433015,0,nrmsd_norm,46,0.41081989518276846
33764.44,COL-mean-Corr(Ben),1703,4982,433015,0,nrmsd_norm,48,0.40638636872368483
33764.44,COL-mean-Corr(Ben),1703,4149,433015,0,nrmsd_norm,50,0.41361100129310235
33764.44,COL-mean-Corr(Ben),1703,4149,433015,0,nrmsd_norm,55,0.420044578227507
33764.44,COL-mean-Corr(Ben),1703,8595,433015,0,nrmsd_norm,60,0.42212848220143223
33764.44,COL-mean-Corr(Ben),1703,8595,433015,0,nrmsd_norm,65,0.44805220024261766
33764.44,COL-mean-Corr(Ben),1703,415,433015,0,nrmsd_norm,70,0.4447334095809348
33764.44,COL-mean-Corr(Ben),1703,8595,433015,0,nrmsd_norm,75,0.4520315575277916
33764.44,COL-mean-Corr(Ben),1703,8595,433015,0,nrmsd_norm,80,0.43779371187467125
33764.44,COL-mean-Corr(Ben),1703,8595,433015,0,nrmsd_norm,85,0.44104976961246056
33764.44,COL-mean-Corr(Ben),1703,8595,433015,0,nrmsd_norm,90,0.43560113379820825
33764.44,COL-mean-Corr(Ben),1703,8595,433015,0,nrmsd_norm,95,0.4561214361319599
33764.44,COL-mean-Corr(Ben),1703,8595,433015,0,nrmsd_norm,100,0.44600790966438086
33764.44,COL-mean-Corr(Ben),1703,368,858597,0,nrmsd_norm,5,0.6145096103095646
33764.44,COL-mean-Corr(Ben),1703,2081,858597,0,nrmsd_norm,6,0.44444397180957895
33764.44,COL-mean-Corr(Ben),1703,255,858597,0,nrmsd_norm,7,0.3851656895427633
33764.44,COL-mean-Corr(Ben),1703,4526,858597,0,nrmsd_norm,8,0.4226248802849135
33764.44,COL-mean-Corr(Ben),1703,2557,858597,0,nrmsd_norm,9,0.39710601457609207
33764.44,COL-mean-Corr(Ben),1703,6725,858597,0,nrmsd_norm,10,0.3751671653461237
33764.44,COL-mean-Corr(Ben),1703,10412,858597,0,nrmsd_norm,11,0.3730837249818325
33764.44,COL-mean-Corr(Ben),1703,1383,858597,0,nrmsd_norm,12,0.4100851045006637
33764.44,COL-mean-Corr(Ben),1703,12100,858597,0,nrmsd_norm,13,0.38252646277000724
33764.44,COL-mean-Corr(Ben),1703,12100,858597,0,nrmsd_norm,14,0.3993317285133646
33764.44,COL-mean-Corr(Ben),1703,4201,858597,0,nrmsd_norm,15,0.3766702607558842
33764.44,COL-mean-Corr(Ben),1703,4202,858597,0,nrmsd_norm,16,0.37803358054259983
33764.44,COL-mean-Corr(Ben),1703,348,858597,0,nrmsd_norm,17,0.4538325613983404
33764.44,COL-mean-Corr(Ben),1703,183,858597,0,nrmsd_norm,18,0.4491149277459076
33764.44,COL-mean-Corr(Ben),1703,183,858597,0,nrmsd_norm,19,0.4491842331911145
33764.44,COL-mean-Corr(Ben),1703,183,858597,0,nrmsd_norm,20,0.44612026136172417
33764.44,COL-mean-Corr(Ben),1703,348,858597,0,nrmsd_norm,22,0.43732910089635146
33764.44,COL-mean-Corr(Ben),1703,4211,858597,0,nrmsd_norm,24,0.4344148986576917
33764.44,COL-mean-Corr(Ben),1703,1703,858597,0,nrmsd_norm,26,0.41299629027956464
33764.44,COL-mean-Corr(Ben),1703,1703,858597,0,nrmsd_norm,28,0.4307557958875764
33764.44,COL-mean-Corr(Ben),1703,1005,858597,0,nrmsd_norm,30,0.431328161145828
33764.44,COL-mean-Corr(Ben),1703,1005,858597,0,nrmsd_norm,32,0.4319492942400667
33764.44,COL-mean-Corr(Ben),1703,1005,858597,0,nrmsd_norm,34,0.42297714597421143
33764.44,COL-mean-Corr(Ben),1703,4201,858597,0,nrmsd_norm,36,0.41987055579953203
33764.44,COL-mean-Corr(Ben),1703,4202,858597,0,nrmsd_norm,38,0.4142193882983029
33764.44,COL-mean-Corr(Ben),1703,4377,858597,0,nrmsd_norm,40,0.41720735751835625
33764.44,COL-mean-Corr(Ben),1703,4377,858597,0,nrmsd_norm,42,0.40352733814355796
33764.44,COL-mean-Corr(Ben),1703,4201,858597,0,nrmsd_norm,44,0.40389173242568344
33764.44,COL-mean-Corr(Ben),1703,4201,858597,0,nrmsd_norm,46,0.40494330597271294
33764.44,COL-mean-Corr(Ben),1703,4201,858597,0,nrmsd_norm,48,0.4083777394919035
33764.44,COL-mean-Corr(Ben),1703,4201,858597,0,nrmsd_norm,50,0.41014603507290015
33764.44,COL-mean-Corr(Ben),1703,4201,858597,0,nrmsd_norm,55,0.415450893044267
33764.44,COL-mean-Corr(Ben),1703,4202,858597,0,nrmsd_norm,60,0.4069651393765815
33764.44,COL-mean-Corr(Ben),1703,4202,858597,0,nrmsd_norm,65,0.4283011835277938
33764.44,COL-mean-Corr(Ben),1703,4377,858597,0,nrmsd_norm,70,0.42327996183174893
33764.44,COL-mean-Corr(Ben),1703,4201,858597,0,nrmsd_norm,75,0.43435679902730295
33764.44,COL-mean-Corr(Ben),1703,4377,858597,0,nrmsd_norm,80,0.4176543625446632
33764.44,COL-mean-Corr(Ben),1703,4377,858597,0,nrmsd_norm,85,0.4257990561931528
33764.44,COL-mean-Corr(Ben),1703,4377,858597,0,nrmsd_norm,90,0.4226525133081703
33764.44,COL-mean-Corr(Ben),1703,4377,858597,0,nrmsd_norm,95,0.43982542696301535
33764.44,COL-mean-Corr(Ben),1703,4377,858597,0,nrmsd_norm,100,0.4303934428653939
33764.44,COL-mean-Corr(Ben),1703,8233,85945,0,nrmsd_norm,5,0.6458144689589981
33764.44,COL-mean-Corr(Ben),1703,8233,85945,0,nrmsd_norm,6,0.5441153186108183
33764.44,COL-mean-Corr(Ben),1703,10433,85945,0,nrmsd_norm,7,0.43280665987709194
33764.44,COL-mean-Corr(Ben),1703,9075,85945,0,nrmsd_norm,8,0.4465774077405814
33764.44,COL-mean-Corr(Ben),1703,681,85945,0,nrmsd_norm,9,0.4448563907314585
33764.44,COL-mean-Corr(Ben),1703,9075,85945,0,nrmsd_norm,10,0.40703546937457363
33764.44,COL-mean-Corr(Ben),1703,4559,85945,0,nrmsd_norm,11,0.38957895679387217
33764.44,COL-mean-Corr(Ben),1703,4559,85945,0,nrmsd_norm,12,0.3828613485759745
33764.44,COL-mean-Corr(Ben),1703,4559,85945,0,nrmsd_norm,13,0.37609744980047327
33764.44,COL-mean-Corr(Ben),1703,4559,85945,0,nrmsd_norm,14,0.38257517912920025
33764.44,COL-mean-Corr(Ben),1703,4559,85945,0,nrmsd_norm,15,0.3694197958504579
33764.44,COL-mean-Corr(Ben),1703,4149,85945,0,nrmsd_norm,16,0.3919771295594921
33764.44,COL-mean-Corr(Ben),1703,4149,85945,0,nrmsd_norm,17,0.44506302671511
33764.44,COL-mean-Corr(Ben),1703,5592,85945,0,nrmsd_norm,18,0.44014776184307786
33764.44,COL-mean-Corr(Ben),1703,4149,85945,0,nrmsd_norm,19,0.44724831920767577
33764.44,COL-mean-Corr(Ben),1703,4149,85945,0,nrmsd_norm,20,0.4368938672239016
33764.44,COL-mean-Corr(Ben),1703,7187,85945,0,nrmsd_norm,22,0.4319590560317139
33764.44,COL-mean-Corr(Ben),1703,7187,85945,0,nrmsd_norm,24,0.4301430346512285
33764.44,COL-mean-Corr(Ben),1703,7187,85945,0,nrmsd_norm,26,0.40665084914867783
33764.44,COL-mean-Corr(Ben),1703,7187,85945,0,nrmsd_norm,28,0.4319335451899339
33764.44,COL-mean-Corr(Ben),1703,7187,85945,0,nrmsd_norm,30,0.43040629811283115
33764.44,COL-mean-Corr(Ben),1703,4211,85945,0,nrmsd_norm,32,0.4315695103248476
33764.44,COL-mean-Corr(Ben),1703,4211,85945,0,nrmsd_norm,34,0.42883588236399006
33764.44,COL-mean-Corr(Ben),1703,1703,85945,0,nrmsd_norm,36,0.422151227120142
33764.44,COL-mean-Corr(Ben),1703,1703,85945,0,nrmsd_norm,38,0.41463368139092055
33764.44,COL-mean-Corr(Ben),1703,1703,85945,0,nrmsd_norm,40,0.41620965155802864
33764.44,COL-mean-Corr(Ben),1703,1703,85945,0,nrmsd_norm,42,0.3989392874713377
33764.44,COL-mean-Corr(Ben),1703,1703,85945,0,nrmsd_norm,44,0.4017877134582523
33764.44,COL-mean-Corr(Ben),1703,1703,85945,0,nrmsd_norm,46,0.40339462932107395
33764.44,COL-mean-Corr(Ben),1703,1703,85945,0,nrmsd_norm,48,0.4052398264858403
33764.44,COL-mean-Corr(Ben),1703,4211,85945,0,nrmsd_norm,50,0.4013850806952136
33764.44,COL-mean-Corr(Ben),1703,4377,85945,0,nrmsd_norm,55,0.4152525249938623
33764.44,COL-mean-Corr(Ben),1703,4377,85945,0,nrmsd_norm,60,0.4130639279753113
33764.44,COL-mean-Corr(Ben),1703,4377,85945,0,nrmsd_norm,65,0.43654149792957125
33764.44,COL-mean-Corr(Ben),1703,4377,85945,0,nrmsd_norm,70,0.4321718461382842
33764.44,COL-mean-Corr(Ben),1703,1703,85945,0,nrmsd_norm,75,0.4338997240957736
33764.44,COL-mean-Corr(Ben),1703,1703,85945,0,nrmsd_norm,80,0.4165912050033433
33764.44,COL-mean-Corr(Ben),1703,1703,85945,0,nrmsd_norm,85,0.4218145238000974
33764.44,COL-mean-Corr(Ben),1703,1703,85945,0,nrmsd_norm,90,0.4135387124754624
33764.44,COL-mean-Corr(Ben),1703,4211,85945,0,nrmsd_norm,95,0.43369226276641354
33764.44,COL-mean-Corr(Ben),1703,4377,85945,0,nrmsd_norm,100,0.42655046375221356
33764.44,COL-mean-Corr(Ben),1703,5532,697368,0,nrmsd_norm,5,0.6330291000910141
33764.44,COL-mean-Corr(Ben),1703,2218,697368,0,nrmsd_norm,6,0.5403042982341644
33764.44,COL-mean-Corr(Ben),1703,2218,697368,0,nrmsd_norm,7,0.42097364310218044
33764.44,COL-mean-Corr(Ben),1703,2218,697368,0,nrmsd_norm,8,0.4439304570261872
33764.44,COL-mean-Corr(Ben),1703,2218,697368,0,nrmsd_norm,9,0.4125962210368885
33764.44,COL-mean-Corr(Ben),1703,495,697368,0,nrmsd_norm,10,0.405603610095439
33764.44,COL-mean-Corr(Ben),1703,3156,697368,0,nrmsd_norm,11,0.3932993456253858
33764.44,COL-mean-Corr(Ben),1703,5093,697368,0,nrmsd_norm,12,0.46850185279198514
33764.44,COL-mean-Corr(Ben),1703,6547,697368,0,nrmsd_norm,13,0.46226001554726215
33764.44,COL-mean-Corr(Ben),1703,6547,697368,0,nrmsd_norm,14,0.46891076445547364
33764.44,COL-mean-Corr(Ben),1703,4361,697368,0,nrmsd_norm,15,0.4609654299183148
33764.44,COL-mean-Corr(Ben),1703,6644,697368,0,nrmsd_norm,16,0.4219484446674997
33764.44,COL-mean-Corr(Ben),1703,6644,697368,0,nrmsd_norm,17,0.4881272058147436
33764.44,COL-mean-Corr(Ben),1703,4781,697368,0,nrmsd_norm,18,0.47978442652990205
33764.44,COL-mean-Corr(Ben),1703,4781,697368,0,nrmsd_norm,19,0.4791998008204578
33764.44,COL-mean-Corr(Ben),1703,4781,697368,0,nrmsd_norm,20,0.473528903717204
33764.44,COL-mean-Corr(Ben),1703,4361,697368,0,nrmsd_norm,22,0.46378450197725885
33764.44,COL-mean-Corr(Ben),1703,6644,697368,0,nrmsd_norm,24,0.45624987809682194
33764.44,COL-mean-Corr(Ben),1703,6644,697368,0,nrmsd_norm,26,0.4287936253313996
33764.44,COL-mean-Corr(Ben),1703,4361,697368,0,nrmsd_norm,28,0.4438842749994416
33764.44,COL-mean-Corr(Ben),1703,2097,697368,0,nrmsd_norm,30,0.4322244733056014
33764.44,COL-mean-Corr(Ben),1703,4211,697368,0,nrmsd_norm,32,0.4296168725471337
33764.44,COL-mean-Corr(Ben),1703,2097,697368,0,nrmsd_norm,34,0.4208368319461036
33764.44,COL-mean-Corr(Ben),1703,4361,697368,0,nrmsd_norm,36,0.4143019366592447
33764.44,COL-mean-Corr(Ben),1703,1703,697368,0,nrmsd_norm,38,0.4149416961068609
33764.44,COL-mean-Corr(Ben),1703,1703,697368,0,nrmsd_norm,40,0.41720049326282743
33764.44,COL-mean-Corr(Ben),1703,1703,697368,0,nrmsd_norm,42,0.4070836802452364
33764.44,COL-mean-Corr(Ben),1703,1703,697368,0,nrmsd_norm,44,0.4071291586955724
33764.44,COL-mean-Corr(Ben),1703,1703,697368,0,nrmsd_norm,46,0.40979058642751354
33764.44,COL-mean-Corr(Ben),1703,1703,697368,0,nrmsd_norm,48,0.40973095492029477
33764.44,COL-mean-Corr(Ben),1703,1703,697368,0,nrmsd_norm,50,0.4090388283186622
33764.44,COL-mean-Corr(Ben),1703,4211,697368,0,nrmsd_norm,55,0.420814712284596
33764.44,COL-mean-Corr(Ben),1703,4361,697368,0,nrmsd_norm,60,0.4128967406064986
33764.44,COL-mean-Corr(Ben),1703,2097,697368,0,nrmsd_norm,65,0.4232720111451293
33764.44,COL-mean-Corr(Ben),1703,4211,697368,0,nrmsd_norm,70,0.41966540037289785
33764.44,COL-mean-Corr(Ben),1703,2097,697368,0,nrmsd_norm,75,0.42632186597352145
33764.44,COL-mean-Corr(Ben),1703,4211,697368,0,nrmsd_norm,80,0.4121491111075769
33764.44,COL-mean-Corr(Ben),1703,4211,697368,0,nrmsd_norm,85,0.4139498672034422
33764.44,COL-mean-Corr(Ben),1703,4211,697368,0,nrmsd_norm,90,0.40824253800730703
33764.44,COL-mean-Corr(Ben),1703,4211,697368,0,nrmsd_norm,95,0.43312443147477675
33764.44,COL-mean-Corr(Ben),1703,4361,697368,0,nrmsd_norm,100,0.424437631550535
33764.44,COL-mean-Corr(Ben),1703,235,201469,0,nrmsd_norm,5,0.7113998732623185
33764.44,COL-mean-Corr(Ben),1703,6666,201469,0,nrmsd_norm,6,0.5580737454963056
33764.44,COL-mean-Corr(Ben),1703,6666,201469,0,nrmsd_norm,7,0.45356239181148855
33764.44,COL-mean-Corr(Ben),1703,8688,201469,0,nrmsd_norm,8,0.48894485984026514
33764.44,COL-mean-Corr(Ben),1703,443,201469,0,nrmsd_norm,9,0.42451944657493856
33764.44,COL-mean-Corr(Ben),1703,443,201469,0,nrmsd_norm,10,0.41467585723844713
33764.44,COL-mean-Corr(Ben),1703,11900,201469,0,nrmsd_norm,11,0.4122031858385693
33764.44,COL-mean-Corr(Ben),1703,2520,201469,0,nrmsd_norm,12,0.49605484472771844
33764.44,COL-mean-Corr(Ben),1703,680,201469,0,nrmsd_norm,13,0.48699821984029124
33764.44,COL-mean-Corr(Ben),1703,680,201469,0,nrmsd_norm,14,0.495669386397037
33764.44,COL-mean-Corr(Ben),1703,680,201469,0,nrmsd_norm,15,0.4842118111980754
33764.44,COL-mean-Corr(Ben),1703,4631,201469,0,nrmsd_norm,16,0.4649997871459761
33764.44,COL-mean-Corr(Ben),1703,4631,201469,0,nrmsd_norm,17,0.5152026076611653
33764.44,COL-mean-Corr(Ben),1703,5159,201469,0,nrmsd_norm,18,0.5023209718250355
33764.44,COL-mean-Corr(Ben),1703,5159,201469,0,nrmsd_norm,19,0.5029803903860879
33764.44,COL-mean-Corr(Ben),1703,12537,201469,0,nrmsd_norm,20,0.5016965130424086
33764.44,COL-mean-Corr(Ben),1703,9066,201469,0,nrmsd_norm,22,0.4928378179624159
33764.44,COL-mean-Corr(Ben),1703,9066,201469,0,nrmsd_norm,24,0.489315634676635
33764.44,COL-mean-Corr(Ben),1703,5159,201469,0,nrmsd_norm,26,0.45062356830884054
33764.44,COL-mean-Corr(Ben),1703,5159,201469,0,nrmsd_norm,28,0.469928135489445
33764.44,COL-mean-Corr(Ben),1703,273,201469,0,nrmsd_norm,30,0.4627829171719591
33764.44,COL-mean-Corr(Ben),1703,273,201469,0,nrmsd_norm,32,0.4626600092660134
33764.44,COL-mean-Corr(Ben),1703,273,201469,0,nrmsd_norm,34,0.45252094423225586
33764.44,COL-mean-Corr(Ben),1703,273,201469,0,nrmsd_norm,36,0.4438688029654594
33764.44,COL-mean-Corr(Ben),1703,216,201469,0,nrmsd_norm,38,0.4496980848220285
33764.44,COL-mean-Corr(Ben),1703,8591,201469,0,nrmsd_norm,40,0.4523521569431444
33764.44,COL-mean-Corr(Ben),1703,2071,201469,0,nrmsd_norm,42,0.43652936813156185
33764.44,COL-mean-Corr(Ben),1703,2071,201469,0,nrmsd_norm,44,0.4343689635581996
33764.44,COL-mean-Corr(Ben),1703,2071,201469,0,nrmsd_norm,46,0.43444533358877974
33764.44,COL-mean-Corr(Ben),1703,2071,201469,0,nrmsd_norm,48,0.44271399715827664
33764.44,COL-mean-Corr(Ben),1703,2071,201469,0,nrmsd_norm,50,0.44365800227499463
33764.44,COL-mean-Corr(Ben),1703,11782,201469,0,nrmsd_norm,55,0.46026635024150103
33764.44,COL-mean-Corr(Ben),1703,11782,201469,0,nrmsd_norm,60,0.4552172868765961
33764.44,COL-mean-Corr(Ben),1703,11782,201469,0,nrmsd_norm,65,0.4560768175598327
33764.44,COL-mean-Corr(Ben),1703,11782,201469,0,nrmsd_norm,70,0.4389341130560663
33764.44,COL-mean-Corr(Ben),1703,8591,201469,0,nrmsd_norm,75,0.436846803494371
33764.44,COL-mean-Corr(Ben),1703,1703,201469,0,nrmsd_norm,80,0.41393993523624695
33764.44,COL-mean-Corr(Ben),1703,1703,201469,0,nrmsd_norm,85,0.4246238153325476
33764.44,COL-mean-Corr(Ben),1703,2071,201469,0,nrmsd_norm,90,0.42330862030523875
33764.44,COL-mean-Corr(Ben),1703,1703,201469,0,nrmsd_norm,95,0.44186953877351903
33764.44,COL-mean-Corr(Ben),1703,2071,201469,0,nrmsd_norm,100,0.43499435284086313
33764.44,COL-mean-Corr(Ben),1703,4779,94177,0,nrmsd_norm,5,0.6586916215341482
33764.44,COL-mean-Corr(Ben),1703,2243,94177,0,nrmsd_norm,6,0.5051802247356627
33764.44,COL-mean-Corr(Ben),1703,2890,94177,0,nrmsd_norm,7,0.42221710717298494
33764.44,COL-mean-Corr(Ben),1703,2890,94177,0,nrmsd_norm,8,0.44644449794759067
33764.44,COL-mean-Corr(Ben),1703,2890,94177,0,nrmsd_norm,9,0.4238840391367868
33764.44,COL-mean-Corr(Ben),1703,2890,94177,0,nrmsd_norm,10,0.40056435204348784
33764.44,COL-mean-Corr(Ben),1703,1777,94177,0,nrmsd_norm,11,0.385194810972062
33764.44,COL-mean-Corr(Ben),1703,4211,94177,0,nrmsd_norm,12,0.43625642083607896
33764.44,COL-mean-Corr(Ben),1703,2097,94177,0,nrmsd_norm,13,0.4220509437634984
33764.44,COL-mean-Corr(Ben),1703,2097,94177,0,nrmsd_norm,14,0.4267910211261954
33764.44,COL-mean-Corr(Ben),1703,9499,94177,0,nrmsd_norm,15,0.4204663819153945
33764.44,COL-mean-Corr(Ben),1703,6318,94177,0,nrmsd_norm,16,0.3993068305097343
33764.44,COL-mean-Corr(Ben),1703,6318,94177,0,nrmsd_norm,17,0.4169884189254965
33764.44,COL-mean-Corr(Ben),1703,889,94177,0,nrmsd_norm,18,0.4036018106309672
33764.44,COL-mean-Corr(Ben),1703,889,94177,0,nrmsd_norm,19,0.41321403515930594
33764.44,COL-mean-Corr(Ben),1703,889,94177,0,nrmsd_norm,20,0.40591368271212896
33764.44,COL-mean-Corr(Ben),1703,889,94177,0,nrmsd_norm,22,0.3877050668186466
33764.44,COL-mean-Corr(Ben),1703,9499,94177,0,nrmsd_norm,24,0.3847858971532617
33764.44,COL-mean-Corr(Ben),1703,10721,94177,0,nrmsd_norm,26,0.36716444980155133
33764.44,COL-mean-Corr(Ben),1703,10721,94177,0,nrmsd_norm,28,0.38548036241370426
33764.44,COL-mean-Corr(Ben),1703,7187,94177,0,nrmsd_norm,30,0.37543031691029793
33764.44,COL-mean-Corr(Ben),1703,7187,94177,0,nrmsd_norm,32,0.36424217279403936
33764.44,COL-mean-Corr(Ben),1703,7187,94177,0,nrmsd_norm,34,0.3544070343673752
33764.44,COL-mean-Corr(Ben),1703,7187,94177,0,nrmsd_norm,36,0.3537269556851182
33764.44,COL-mean-Corr(Ben),1703,7187,94177,0,nrmsd_norm,38,0.34668226317342205
33764.44,COL-mean-Corr(Ben),1703,7187,94177,0,nrmsd_norm,40,0.3506952574195705
33764.44,COL-mean-Corr(Ben),1703,12387,94177,0,nrmsd_norm,42,0.3442424055450215
33764.44,COL-mean-Corr(Ben),1703,12387,94177,0,nrmsd_norm,44,0.34546454419138173
33764.44,COL-mean-Corr(Ben),1703,12387,94177,0,nrmsd_norm,46,0.35766700630167436
33764.44,COL-mean-Corr(Ben),1703,12387,94177,0,nrmsd_norm,48,0.36855786659660733
33764.44,COL-mean-Corr(Ben),1703,12387,94177,0,nrmsd_norm,50,0.3691617939060437
33764.44,COL-mean-Corr(Ben),1703,12387,94177,0,nrmsd_norm,55,0.39344117961831765
33764.44,COL-mean-Corr(Ben),1703,12387,94177,0,nrmsd_norm,60,0.3926073128241598
33764.44,COL-mean-Corr(Ben),1703,4222,94177,0,nrmsd_norm,65,0.40424517605991306
33764.44,COL-mean-Corr(Ben),1703,4222,94177,0,nrmsd_norm,70,0.4004460336070158
33764.44,COL-mean-Corr(Ben),1703,4377,94177,0,nrmsd_norm,75,0.41563964610842274
33764.44,COL-mean-Corr(Ben),1703,10721,94177,0,nrmsd_norm,80,0.4161554141501307
33764.44,COL-mean-Corr(Ben),1703,10721,94177,0,nrmsd_norm,85,0.4285866956806416
33764.44,COL-mean-Corr(Ben),1703,10721,94177,0,nrmsd_norm,90,0.4291659136876297
33764.44,COL-mean-Corr(Ben),1703,10721,94177,0,nrmsd_norm,95,0.44765455786745006
33764.44,COL-mean-Corr(Ben),1703,501,94177,0,nrmsd_norm,100,0.44120442718169306
33764.44,COL-max-Corr,1703,8426,89250,0,nrmsd_norm,5,0.5834260992021911
33764.44,COL-max-Corr,1703,1908,89250,0,nrmsd_norm,6,0.5337944889110351
33764.44,COL-max-Corr,1703,432,89250,0,nrmsd_norm,7,0.5383288271052374
33764.44,COL-max-Corr,1703,5366,89250,0,nrmsd_norm,8,0.517715713485834
33764.44,COL-max-Corr,1703,5657,89250,0,nrmsd_norm,9,0.4923259016276753
33764.44,COL-max-Corr,1703,5657,89250,0,nrmsd_norm,10,0.5075415840283635
33764.44,COL-max-Corr,1703,5657,89250,0,nrmsd_norm,11,0.5086555139696033
33764.44,COL-max-Corr,1703,10885,89250,0,nrmsd_norm,12,0.5115607747409899
33764.44,COL-max-Corr,1703,7812,89250,0,nrmsd_norm,13,0.5044845904670772
33764.44,COL-max-Corr,1703,10885,89250,0,nrmsd_norm,14,0.49431281161612173
33764.44,COL-max-Corr,1703,10885,89250,0,nrmsd_norm,15,0.496274948464123
33764.44,COL-max-Corr,1703,4243,89250,0,nrmsd_norm,16,0.480804934380595
33764.44,COL-max-Corr,1703,9328,89250,0,nrmsd_norm,17,0.4643435540168703
33764.44,COL-max-Corr,1703,9328,89250,0,nrmsd_norm,18,0.46305993825757874
33764.44,COL-max-Corr,1703,9328,89250,0,nrmsd_norm,19,0.46936360054072834
33764.44,COL-max-Corr,1703,9328,89250,0,nrmsd_norm,20,0.4894198094853539
33764.44,COL-max-Corr,1703,10997,89250,0,nrmsd_norm,22,0.48352332114123037
33764.44,COL-max-Corr,1703,10997,89250,0,nrmsd_norm,24,0.4781042068597412
33764.44,COL-max-Corr,1703,4212,89250,0,nrmsd_norm,26,0.4801387314464252
33764.44,COL-max-Corr,1703,4211,89250,0,nrmsd_norm,28,0.48149020194262027
33764.44,COL-max-Corr,1703,4212,89250,0,nrmsd_norm,30,0.4648113744850473
33764.44,COL-max-Corr,1703,4211,89250,0,nrmsd_norm,32,0.46480043060586823
33764.44,COL-max-Corr,1703,4211,89250,0,nrmsd_norm,34,0.4629856438351515
33764.44,COL-max-Corr,1703,1703,89250,0,nrmsd_norm,36,0.45635422403296777
33764.44,COL-max-Corr,1703,4202,89250,0,nrmsd_norm,38,0.45200990646804867
33764.44,COL-max-Corr,1703,4202,89250,0,nrmsd_norm,40,0.4479527005124329
33764.44,COL-max-Corr,1703,1703,89250,0,nrmsd_norm,42,0.44643655210512967
33764.44,COL-max-Corr,1703,4211,89250,0,nrmsd_norm,44,0.440984750696343
33764.44,COL-max-Corr,1703,4211,89250,0,nrmsd_norm,46,0.4436363640647479
33764.44,COL-max-Corr,1703,7548,89250,0,nrmsd_norm,48,0.44033522500803524
33764.44,COL-max-Corr,1703,4211,89250,0,nrmsd_norm,50,0.4385981230472965
33764.44,COL-max-Corr,1703,4211,89250,0,nrmsd_norm,55,0.43775224690663633
33764.44,COL-max-Corr,1703,7548,89250,0,nrmsd_norm,60,0.4459915777925703
33764.44,COL-max-Corr,1703,4211,89250,0,nrmsd_norm,65,0.44813458459457023
33764.44,COL-max-Corr,1703,4211,89250,0,nrmsd_norm,70,0.44295849250706054
33764.44,COL-max-Corr,1703,7548,89250,0,nrmsd_norm,75,0.4386104521276828
33764.44,COL-max-Corr,1703,4211,89250,0,nrmsd_norm,80,0.4402578693535856
33764.44,COL-max-Corr,1703,7548,89250,0,nrmsd_norm,85,0.4372114213319544
33764.44,COL-max-Corr,1703,7548,89250,0,nrmsd_norm,90,0.43705073849857357
33764.44,COL-max-Corr,1703,7548,89250,0,nrmsd_norm,95,0.43241383962851687
33764.44,COL-max-Corr,1703,4202,89250,0,nrmsd_norm,100,0.4352987156405658
33764.44,COL-max-Corr,1703,2118,773956,0,nrmsd_norm,5,0.5865653079715035
33764.44,COL-max-Corr,1703,11115,773956,0,nrmsd_norm,6,0.5374346913602609
33764.44,COL-max-Corr,1703,9328,773956,0,nrmsd_norm,7,0.5393598582841348
33764.44,COL-max-Corr,1703,4212,773956,0,nrmsd_norm,8,0.5258605425276665
33764.44,COL-max-Corr,1703,183,773956,0,nrmsd_norm,9,0.5145376029712933
33764.44,COL-max-Corr,1703,6340,773956,0,nrmsd_norm,10,0.5235973361624363
33764.44,COL-max-Corr,1703,9205,773956,0,nrmsd_norm,11,0.5157530852159569
33764.44,COL-max-Corr,1703,7226,773956,0,nrmsd_norm,12,0.5060763094439168
33764.44,COL-max-Corr,1703,9205,773956,0,nrmsd_norm,13,0.5003012894978006
33764.44,COL-max-Corr,1703,7226,773956,0,nrmsd_norm,14,0.490309263743175
33764.44,COL-max-Corr,1703,2989,773956,0,nrmsd_norm,15,0.4916845198714366
33764.44,COL-max-Corr,1703,5086,773956,0,nrmsd_norm,16,0.4682478411338903
33764.44,COL-max-Corr,1703,5086,773956,0,nrmsd_norm,17,0.4506119582640442
33764.44,COL-max-Corr,1703,5086,773956,0,nrmsd_norm,18,0.4512527746658208
33764.44,COL-max-Corr,1703,5086,773956,0,nrmsd_norm,19,0.455692801280546
33764.44,COL-max-Corr,1703,5086,773956,0,nrmsd_norm,20,0.4824145180602255
33764.44,COL-max-Corr,1703,8735,773956,0,nrmsd_norm,22,0.4711074159011033
33764.44,COL-max-Corr,1703,8735,773956,0,nrmsd_norm,24,0.46666361411227686
33764.44,COL-max-Corr,1703,5086,773956,0,nrmsd_norm,26,0.47432317617833825
33764.44,COL-max-Corr,1703,5086,773956,0,nrmsd_norm,28,0.4739547987764068
33764.44,COL-max-Corr,1703,5086,773956,0,nrmsd_norm,30,0.4659898556667126
33764.44,COL-max-Corr,1703,5086,773956,0,nrmsd_norm,32,0.4658003129756132
33764.44,COL-max-Corr,1703,5086,773956,0,nrmsd_norm,34,0.4624823270443559
33764.44,COL-max-Corr,1703,5086,773956,0,nrmsd_norm,36,0.46206243500656863
33764.44,COL-max-Corr,1703,5086,773956,0,nrmsd_norm,38,0.45611771502629755
33764.44,COL-max-Corr,1703,5086,773956,0,nrmsd_norm,40,0.4518157431149247
33764.44,COL-max-Corr,1703,5086,773956,0,nrmsd_norm,42,0.44906202060537603
33764.44,COL-max-Corr,1703,5086,773956,0,nrmsd_norm,44,0.43790718781052923
33764.44,COL-max-Corr,1703,5086,773956,0,nrmsd_norm,46,0.4395738501243495
33764.44,COL-max-Corr,1703,5086,773956,0,nrmsd_norm,48,0.43553778173964036
33764.44,COL-max-Corr,1703,1939,773956,0,nrmsd_norm,50,0.4355272567458788
33764.44,COL-max-Corr,1703,11782,773956,0,nrmsd_norm,55,0.43351460641400724
33764.44,COL-max-Corr,1703,1939,773956,0,nrmsd_norm,60,0.44158877049190387
33764.44,COL-max-Corr,1703,11782,773956,0,nrmsd_norm,65,0.44859839018938996
33764.44,COL-max-Corr,1703,4222,773956,0,nrmsd_norm,70,0.4458549594460877
33764.44,COL-max-Corr,1703,4222,773956,0,nrmsd_norm,75,0.43920650451349613
33764.44,COL-max-Corr,1703,4222,773956,0,nrmsd_norm,80,0.44156674443455946
33764.44,COL-max-Corr,1703,2071,773956,0,nrmsd_norm,85,0.43882843701458696
33764.44,COL-max-Corr,1703,2071,773956,0,nrmsd_norm,90,0.44126933762770454
33764.44,COL-max-Corr,1703,4222,773956,0,nrmsd_norm,95,0.43698782573748235
33764.44,COL-max-Corr,1703,2071,773956,0,nrmsd_norm,100,0.4389691548236261
33764.44,COL-max-Corr,1703,1519,654571,0,nrmsd_norm,5,0.6070288756222529
33764.44,COL-max-Corr,1703,1519,654571,0,nrmsd_norm,6,0.5501771510611447
33764.44,COL-max-Corr,1703,5555,654571,0,nrmsd_norm,7,0.5557137166164249
33764.44,COL-max-Corr,1703,8595,654571,0,nrmsd_norm,8,0.5426587840921988
33764.44,COL-max-Corr,1703,11449,654571,0,nrmsd_norm,9,0.5472660813725655
33764.44,COL-max-Corr,1703,3308,654571,0,nrmsd_norm,10,0.5506131101004788
33764.44,COL-max-Corr,1703,4251,654571,0,nrmsd_norm,11,0.533076051919119
33764.44,COL-max-Corr,1703,2520,654571,0,nrmsd_norm,12,0.529010033888171
33764.44,COL-max-Corr,1703,2520,654571,0,nrmsd_norm,13,0.5106759672553703
33764.44,COL-max-Corr,1703,4251,654571,0,nrmsd_norm,14,0.49294926410912154
33764.44,COL-max-Corr,1703,4251,654571,0,nrmsd_norm,15,0.4969449704760232
33764.44,COL-max-Corr,1703,7187,654571,0,nrmsd_norm,16,0.4731838355654312
33764.44,COL-max-Corr,1703,2520,654571,0,nrmsd_norm,17,0.4526739461746462
33764.44,COL-max-Corr,1703,2520,654571,0,nrmsd_norm,18,0.44973711011779954
33764.44,COL-max-Corr,1703,2520,654571,0,nrmsd_norm,19,0.4556884711897448
33764.44,COL-max-Corr,1703,2520,654571,0,nrmsd_norm,20,0.47637723227631856
33764.44,COL-max-Corr,1703,1790,654571,0,nrmsd_norm,22,0.4689386978912716
33764.44,COL-max-Corr,1703,1790,654571,0,nrmsd_norm,24,0.46641136375546155
33764.44,COL-max-Corr,1703,4213,654571,0,nrmsd_norm,26,0.4660724924093137
33764.44,COL-max-Corr,1703,6931,654571,0,nrmsd_norm,28,0.4638032265907114
33764.44,COL-max-Corr,1703,2722,654571,0,nrmsd_norm,30,0.454211159866705
33764.44,COL-max-Corr,1703,10210,654571,0,nrmsd_norm,32,0.4528820288172572
33764.44,COL-max-Corr,1703,10210,654571,0,nrmsd_norm,34,0.44755820691194054
33764.44,COL-max-Corr,1703,10210,654571,0,nrmsd_norm,36,0.4500129964771665
33764.44,COL-max-Corr,1703,10210,654571,0,nrmsd_norm,38,0.44214449843281733
33764.44,COL-max-Corr,1703,4214,654571,0,nrmsd_norm,40,0.43895071935802343
33764.44,COL-max-Corr,1703,4213,654571,0,nrmsd_norm,42,0.44596497372201666
33764.44,COL-max-Corr,1703,4378,654571,0,nrmsd_norm,44,0.440637628751551
33764.44,COL-max-Corr,1703,4378,654571,0,nrmsd_norm,46,0.442938214624512
33764.44,COL-max-Corr,1703,1914,654571,0,nrmsd_norm,48,0.4411849798680106
33764.44,COL-max-Corr,1703,4378,654571,0,nrmsd_norm,50,0.44020637044396593
33764.44,COL-max-Corr,1703,4378,654571,0,nrmsd_norm,55,0.4355009639927221
33764.44,COL-max-Corr,1703,1005,654571,0,nrmsd_norm,60,0.44139418383612633
33764.44,COL-max-Corr,1703,1005,654571,0,nrmsd_norm,65,0.4463977677074254
33764.44,COL-max-Corr,1703,10951,654571,0,nrmsd_norm,70,0.44267747612584707
33764.44,COL-max-Corr,1703,10951,654571,0,nrmsd_norm,75,0.436626798012677
33764.44,COL-max-Corr,1703,1005,654571,0,nrmsd_norm,80,0.44057696325464596
33764.44,COL-max-Corr,1703,10951,654571,0,nrmsd_norm,85,0.4383086753647816
33764.44,COL-max-Corr,1703,10951,654571,0,nrmsd_norm,90,0.4382378874179724
33764.44,COL-max-Corr,1703,10951,654571,0,nrmsd_norm,95,0.4335426352414304
33764.44,COL-max-Corr,1703,4201,654571,0,nrmsd_norm,100,0.43732387335429473
33764.44,COL-max-Corr,1703,2481,438878,0,nrmsd_norm,5,0.576953344070285
33764.44,COL-max-Corr,1703,6197,438878,0,nrmsd_norm,6,0.5252319985673664
33764.44,COL-max-Corr,1703,11633,438878,0,nrmsd_norm,7,0.5374390200701337
33764.44,COL-max-Corr,1703,7748,438878,0,nrmsd_norm,8,0.5178525515758755
33764.44,COL-max-Corr,1703,6616,438878,0,nrmsd_norm,9,0.5124420287167035
33764.44,COL-max-Corr,1703,6197,438878,0,nrmsd_norm,10,0.5238511266470774
33764.44,COL-max-Corr,1703,6616,438878,0,nrmsd_norm,11,0.5158912214920878
33764.44,COL-max-Corr,1703,2685,438878,0,nrmsd_norm,12,0.5087886374337565
33764.44,COL-max-Corr,1703,2685,438878,0,nrmsd_norm,13,0.49713488561808483
33764.44,COL-max-Corr,1703,4223,438878,0,nrmsd_norm,14,0.48412168010881756
33764.44,COL-max-Corr,1703,4223,438878,0,nrmsd_norm,15,0.4867340753751211
33764.44,COL-max-Corr,1703,216,438878,0,nrmsd_norm,16,0.4544908033890043
33764.44,COL-max-Corr,1703,216,438878,0,nrmsd_norm,17,0.43376668047702827
33764.44,COL-max-Corr,1703,216,438878,0,nrmsd_norm,18,0.4357427187982064
33764.44,COL-max-Corr,1703,216,438878,0,nrmsd_norm,19,0.44062776419245026
33764.44,COL-max-Corr,1703,216,438878,0,nrmsd_norm,20,0.4632295622783873
33764.44,COL-max-Corr,1703,216,438878,0,nrmsd_norm,22,0.4566807428337383
33764.44,COL-max-Corr,1703,216,438878,0,nrmsd_norm,24,0.4558184995499061
33764.44,COL-max-Corr,1703,10951,438878,0,nrmsd_norm,26,0.46049938910647353
33764.44,COL-max-Corr,1703,11612,438878,0,nrmsd_norm,28,0.45828656747353874
33764.44,COL-max-Corr,1703,4222,438878,0,nrmsd_norm,30,0.44391422344628956
33764.44,COL-max-Corr,1703,4222,438878,0,nrmsd_norm,32,0.4448097302625078
33764.44,COL-max-Corr,1703,4222,438878,0,nrmsd_norm,34,0.44134932534407745
33764.44,COL-max-Corr,1703,4222,438878,0,nrmsd_norm,36,0.44185451525810465
33764.44,COL-max-Corr,1703,4202,438878,0,nrmsd_norm,38,0.4385323123940304
33764.44,COL-max-Corr,1703,4222,438878,0,nrmsd_norm,40,0.43152290537442745
33764.44,COL-max-Corr,1703,4222,438878,0,nrmsd_norm,42,0.43339235741281806
33764.44,COL-max-Corr,1703,4201,438878,0,nrmsd_norm,44,0.42918478441116403
33764.44,COL-max-Corr,1703,4201,438878,0,nrmsd_norm,46,0.43192047832829944
33764.44,COL-max-Corr,1703,2071,438878,0,nrmsd_norm,48,0.4308635177557041
33764.44,COL-max-Corr,1703,4222,438878,0,nrmsd_norm,50,0.4295578634989851
33764.44,COL-max-Corr,1703,4201,438878,0,nrmsd_norm,55,0.42679022291504787
33764.44,COL-max-Corr,1703,4202,438878,0,nrmsd_norm,60,0.4338979008902907
33764.44,COL-max-Corr,1703,4202,438878,0,nrmsd_norm,65,0.4374227622377475
33764.44,COL-max-Corr,1703,4202,438878,0,nrmsd_norm,70,0.4350751974237709
33764.44,COL-max-Corr,1703,8595,438878,0,nrmsd_norm,75,0.4282265946136389
33764.44,COL-max-Corr,1703,8595,438878,0,nrmsd_norm,80,0.432403861115493
33764.44,COL-max-Corr,1703,8595,438878,0,nrmsd_norm,85,0.4302291056752891
33764.44,COL-max-Corr,1703,2071,438878,0,nrmsd_norm,90,0.43118602966675046
33764.44,COL-max-Corr,1703,8595,438878,0,nrmsd_norm,95,0.4263304867599723
33764.44,COL-max-Corr,1703,8595,438878,0,nrmsd_norm,100,0.43085486649268506
33764.44,COL-max-Corr,1703,5087,433015,0,nrmsd_norm,5,0.6052339245813427
33764.44,COL-max-Corr,1703,9167,433015,0,nrmsd_norm,6,0.5469082161969103
33764.44,COL-max-Corr,1703,10749,433015,0,nrmsd_norm,7,0.5409448355844841
33764.44,COL-max-Corr,1703,1374,433015,0,nrmsd_norm,8,0.5329498362056677
33764.44,COL-max-Corr,1703,1374,433015,0,nrmsd_norm,9,0.5345352496509111
33764.44,COL-max-Corr,1703,1796,433015,0,nrmsd_norm,10,0.5381178492241059
33764.44,COL-max-Corr,1703,8884,433015,0,nrmsd_norm,11,0.5270605654038751
33764.44,COL-max-Corr,1703,2027,433015,0,nrmsd_norm,12,0.5180625092357833
33764.44,COL-max-Corr,1703,2027,433015,0,nrmsd_norm,13,0.5083694526063733
33764.44,COL-max-Corr,1703,1968,433015,0,nrmsd_norm,14,0.4989717093937157
33764.44,COL-max-Corr,1703,2781,433015,0,nrmsd_norm,15,0.5021331394234311
33764.44,COL-max-Corr,1703,6218,433015,0,nrmsd_norm,16,0.4845802356480122
33764.44,COL-max-Corr,1703,1192,433015,0,nrmsd_norm,17,0.46315047347957067
33764.44,COL-max-Corr,1703,1192,433015,0,nrmsd_norm,18,0.463422788659153
33764.44,COL-max-Corr,1703,1192,433015,0,nrmsd_norm,19,0.4697365693197135
33764.44,COL-max-Corr,1703,1192,433015,0,nrmsd_norm,20,0.4878647883003057
33764.44,COL-max-Corr,1703,4360,433015,0,nrmsd_norm,22,0.480223105505049
33764.44,COL-max-Corr,1703,4360,433015,0,nrmsd_norm,24,0.47459847608811556
33764.44,COL-max-Corr,1703,216,433015,0,nrmsd_norm,26,0.48895463855982246
33764.44,COL-max-Corr,1703,216,433015,0,nrmsd_norm,28,0.48662580653031473
33764.44,COL-max-Corr,1703,4807,433015,0,nrmsd_norm,30,0.47554222885924985
33764.44,COL-max-Corr,1703,216,433015,0,nrmsd_norm,32,0.47469800923545274
33764.44,COL-max-Corr,1703,216,433015,0,nrmsd_norm,34,0.46902790944918676
33764.44,COL-max-Corr,1703,2439,433015,0,nrmsd_norm,36,0.47728063774813695
33764.44,COL-max-Corr,1703,680,433015,0,nrmsd_norm,38,0.4710560596761158
33764.44,COL-max-Corr,1703,216,433015,0,nrmsd_norm,40,0.4653078795482875
33764.44,COL-max-Corr,1703,680,433015,0,nrmsd_norm,42,0.4614408515830849
33764.44,COL-max-Corr,1703,11866,433015,0,nrmsd_norm,44,0.45609173406913384
33764.44,COL-max-Corr,1703,11866,433015,0,nrmsd_norm,46,0.4577727622910939
33764.44,COL-max-Corr,1703,6318,433015,0,nrmsd_norm,48,0.45372220230216065
33764.44,COL-max-Corr,1703,11866,433015,0,nrmsd_norm,50,0.452606003704017
33764.44,COL-max-Corr,1703,11866,433015,0,nrmsd_norm,55,0.4483842463128144
33764.44,COL-max-Corr,1703,11866,433015,0,nrmsd_norm,60,0.4536245497045415
33764.44,COL-max-Corr,1703,6318,433015,0,nrmsd_norm,65,0.4523568238732395
33764.44,COL-max-Corr,1703,4222,433015,0,nrmsd_norm,70,0.45051582018143344
33764.44,COL-max-Corr,1703,12100,433015,0,nrmsd_norm,75,0.4461083925234845
33764.44,COL-max-Corr,1703,12100,433015,0,nrmsd_norm,80,0.4482837838374323
33764.44,COL-max-Corr,1703,12100,433015,0,nrmsd_norm,85,0.4456456178095967
33764.44,COL-max-Corr,1703,12315,433015,0,nrmsd_norm,90,0.4458433330138229
33764.44,COL-max-Corr,1703,12100,433015,0,nrmsd_norm,95,0.440449421182784
33764.44,COL-max-Corr,1703,12100,433015,0,nrmsd_norm,100,0.44339580948031176
33764.44,COL-max-Corr,1703,5625,858597,0,nrmsd_norm,5,0.6047435576469745
33764.44,COL-max-Corr,1703,11753,858597,0,nrmsd_norm,6,0.5553498759957523
33764.44,COL-max-Corr,1703,11087,858597,0,nrmsd_norm,7,0.5494395970506217
33764.44,COL-max-Corr,1703,2762,858597,0,nrmsd_norm,8,0.5389020231891858
33764.44,COL-max-Corr,1703,4560,858597,0,nrmsd_norm,9,0.5397881481458262
33764.44,COL-max-Corr,1703,4560,858597,0,nrmsd_norm,10,0.5450130413838411
33764.44,COL-max-Corr,1703,4560,858597,0,nrmsd_norm,11,0.5361096301228049
33764.44,COL-max-Corr,1703,4560,858597,0,nrmsd_norm,12,0.5249971475513667
33764.44,COL-max-Corr,1703,4560,858597,0,nrmsd_norm,13,0.5154161135742235
33764.44,COL-max-Corr,1703,265,858597,0,nrmsd_norm,14,0.506132452748392
33764.44,COL-max-Corr,1703,265,858597,0,nrmsd_norm,15,0.5079986073264462
33764.44,COL-max-Corr,1703,265,858597,0,nrmsd_norm,16,0.4765242455208126
33764.44,COL-max-Corr,1703,4560,858597,0,nrmsd_norm,17,0.46339118693293085
33764.44,COL-max-Corr,1703,4560,858597,0,nrmsd_norm,18,0.46557342911754696
33764.44,COL-max-Corr,1703,4560,858597,0,nrmsd_norm,19,0.4693856330422146
33764.44,COL-max-Corr,1703,501,858597,0,nrmsd_norm,20,0.48992809384848374
33764.44,COL-max-Corr,1703,501,858597,0,nrmsd_norm,22,0.4765585083874721
33764.44,COL-max-Corr,1703,501,858597,0,nrmsd_norm,24,0.47306966731565275
33764.44,COL-max-Corr,1703,4251,858597,0,nrmsd_norm,26,0.4868587215324361
33764.44,COL-max-Corr,1703,2520,858597,0,nrmsd_norm,28,0.4910905619723302
33764.44,COL-max-Corr,1703,1914,858597,0,nrmsd_norm,30,0.47910340751634384
33764.44,COL-max-Corr,1703,4378,858597,0,nrmsd_norm,32,0.47471717182282025
33764.44,COL-max-Corr,1703,4378,858597,0,nrmsd_norm,34,0.4687055648552735
33764.44,COL-max-Corr,1703,4362,858597,0,nrmsd_norm,36,0.466152512080673
33764.44,COL-max-Corr,1703,4360,858597,0,nrmsd_norm,38,0.4548820671977304
33764.44,COL-max-Corr,1703,4360,858597,0,nrmsd_norm,40,0.449699821316093
33764.44,COL-max-Corr,1703,4360,858597,0,nrmsd_norm,42,0.4475066365975057
33764.44,COL-max-Corr,1703,4560,858597,0,nrmsd_norm,44,0.44258834319719503
33764.44,COL-max-Corr,1703,4560,858597,0,nrmsd_norm,46,0.4449276425894455
33764.44,COL-max-Corr,1703,4560,858597,0,nrmsd_norm,48,0.44053709928018586
33764.44,COL-max-Corr,1703,501,858597,0,nrmsd_norm,50,0.4422732911541562
33764.44,COL-max-Corr,1703,4362,858597,0,nrmsd_norm,55,0.439789371886677
33764.44,COL-max-Corr,1703,239,858597,0,nrmsd_norm,60,0.44540657126908056
33764.44,COL-max-Corr,1703,4362,858597,0,nrmsd_norm,65,0.450711667418799
33764.44,COL-max-Corr,1703,501,858597,0,nrmsd_norm,70,0.448243403890141
33764.44,COL-max-Corr,1703,9891,858597,0,nrmsd_norm,75,0.4369093754859943
33764.44,COL-max-Corr,1703,501,858597,0,nrmsd_norm,80,0.44188492806809726
33764.44,COL-max-Corr,1703,501,858597,0,nrmsd_norm,85,0.43993709595459196
33764.44,COL-max-Corr,1703,501,858597,0,nrmsd_norm,90,0.4381401366037911
33764.44,COL-max-Corr,1703,501,858597,0,nrmsd_norm,95,0.43221193108387584
33764.44,COL-max-Corr,1703,501,858597,0,nrmsd_norm,100,0.4351014847061208
33764.44,COL-max-Corr,1703,4175,85945,0,nrmsd_norm,5,0.5965808876633966
33764.44,COL-max-Corr,1703,2118,85945,0,nrmsd_norm,6,0.5424847329144689
33764.44,COL-max-Corr,1703,5397,85945,0,nrmsd_norm,7,0.5519135163054902
33764.44,COL-max-Corr,1703,8437,85945,0,nrmsd_norm,8,0.5312911859769089
33764.44,COL-max-Corr,1703,10983,85945,0,nrmsd_norm,9,0.5251355606949693
33764.44,COL-max-Corr,1703,8435,85945,0,nrmsd_norm,10,0.5347821396999615
33764.44,COL-max-Corr,1703,12387,85945,0,nrmsd_norm,11,0.5187280905776843
33764.44,COL-max-Corr,1703,12387,85945,0,nrmsd_norm,12,0.5124803146031452
33764.44,COL-max-Corr,1703,12387,85945,0,nrmsd_norm,13,0.5010618646117578
33764.44,COL-max-Corr,1703,12387,85945,0,nrmsd_norm,14,0.49109053339931796
33764.44,COL-max-Corr,1703,12387,85945,0,nrmsd_norm,15,0.4947512012313041
33764.44,COL-max-Corr,1703,12387,85945,0,nrmsd_norm,16,0.4725649977225389
33764.44,COL-max-Corr,1703,2520,85945,0,nrmsd_norm,17,0.4576140496646428
33764.44,COL-max-Corr,1703,2520,85945,0,nrmsd_norm,18,0.45561368478908976
33764.44,COL-max-Corr,1703,2520,85945,0,nrmsd_norm,19,0.4612143816589034
33764.44,COL-max-Corr,1703,2520,85945,0,nrmsd_norm,20,0.48144256259873897
33764.44,COL-max-Corr,1703,10721,85945,0,nrmsd_norm,22,0.47471574105328906
33764.44,COL-max-Corr,1703,2520,85945,0,nrmsd_norm,24,0.46796093119273896
33764.44,COL-max-Corr,1703,2439,85945,0,nrmsd_norm,26,0.4786806879093326
33764.44,COL-max-Corr,1703,8595,85945,0,nrmsd_norm,28,0.47797474482716473
33764.44,COL-max-Corr,1703,2439,85945,0,nrmsd_norm,30,0.46748084633775255
33764.44,COL-max-Corr,1703,8595,85945,0,nrmsd_norm,32,0.4675844920412156
33764.44,COL-max-Corr,1703,8595,85945,0,nrmsd_norm,34,0.4634951510389504
33764.44,COL-max-Corr,1703,4222,85945,0,nrmsd_norm,36,0.46220176643318656
33764.44,COL-max-Corr,1703,4222,85945,0,nrmsd_norm,38,0.45239443393150147
33764.44,COL-max-Corr,1703,2071,85945,0,nrmsd_norm,40,0.44681023639807976
33764.44,COL-max-Corr,1703,4222,85945,0,nrmsd_norm,42,0.4437380805085643
33764.44,COL-max-Corr,1703,2071,85945,0,nrmsd_norm,44,0.43625147140538334
33764.44,COL-max-Corr,1703,2071,85945,0,nrmsd_norm,46,0.4390227392052599
33764.44,COL-max-Corr,1703,4222,85945,0,nrmsd_norm,48,0.4387082787366002
33764.44,COL-max-Corr,1703,4222,85945,0,nrmsd_norm,50,0.43856763340655824
33764.44,COL-max-Corr,1703,4222,85945,0,nrmsd_norm,55,0.43509243592564395
33764.44,COL-max-Corr,1703,4222,85945,0,nrmsd_norm,60,0.44035888537069157
33764.44,COL-max-Corr,1703,4222,85945,0,nrmsd_norm,65,0.4426214146726515
33764.44,COL-max-Corr,1703,4222,85945,0,nrmsd_norm,70,0.43952664437418254
33764.44,COL-max-Corr,1703,4222,85945,0,nrmsd_norm,75,0.43213364563995865
33764.44,COL-max-Corr,1703,4222,85945,0,nrmsd_norm,80,0.43544661018404657
33764.44,COL-max-Corr,1703,4222,85945,0,nrmsd_norm,85,0.43251099525298026
33764.44,COL-max-Corr,1703,4222,85945,0,nrmsd_norm,90,0.4325970331316127
33764.44,COL-max-Corr,1703,4222,85945,0,nrmsd_norm,95,0.4270711855881919
33764.44,COL-max-Corr,1703,4222,85945,0,nrmsd_norm,100,0.4311427739037532
33764.44,COL-max-Corr,1703,5564,697368,0,nrmsd_norm,5,0.5844300218406256
33764.44,COL-max-Corr,1703,6340,697368,0,nrmsd_norm,6,0.5417426507458292
33764.44,COL-max-Corr,1703,5358,697368,0,nrmsd_norm,7,0.5183318852251683
33764.44,COL-max-Corr,1703,5364,697368,0,nrmsd_norm,8,0.5045991604976613
33764.44,COL-max-Corr,1703,6012,697368,0,nrmsd_norm,9,0.4949911823633071
33764.44,COL-max-Corr,1703,6012,697368,0,nrmsd_norm,10,0.5062132328535519
33764.44,COL-max-Corr,1703,6012,697368,0,nrmsd_norm,11,0.5036524780154572
33764.44,COL-max-Corr,1703,2296,697368,0,nrmsd_norm,12,0.5029831535017499
33764.44,COL-max-Corr,1703,2296,697368,0,nrmsd_norm,13,0.49554018846835823
33764.44,COL-max-Corr,1703,1525,697368,0,nrmsd_norm,14,0.4951123379846547
33764.44,COL-max-Corr,1703,1525,697368,0,nrmsd_norm,15,0.4984077856676034
33764.44,COL-max-Corr,1703,2541,697368,0,nrmsd_norm,16,0.4705747903111853
33764.44,COL-max-Corr,1703,681,697368,0,nrmsd_norm,17,0.44977327049667326
33764.44,COL-max-Corr,1703,681,697368,0,nrmsd_norm,18,0.45107923820757095
33764.44,COL-max-Corr,1703,681,697368,0,nrmsd_norm,19,0.45637045066175985
33764.44,COL-max-Corr,1703,2541,697368,0,nrmsd_norm,20,0.4770597332993968
33764.44,COL-max-Corr,1703,2541,697368,0,nrmsd_norm,22,0.46460176439507206
33764.44,COL-max-Corr,1703,3156,697368,0,nrmsd_norm,24,0.4633907298210545
33764.44,COL-max-Corr,1703,3156,697368,0,nrmsd_norm,26,0.46738669028497826
33764.44,COL-max-Corr,1703,3156,697368,0,nrmsd_norm,28,0.4679232112067325
33764.44,COL-max-Corr,1703,2541,697368,0,nrmsd_norm,30,0.4555399941446063
33764.44,COL-max-Corr,1703,4789,697368,0,nrmsd_norm,32,0.45928772468896834
33764.44,COL-max-Corr,1703,4789,697368,0,nrmsd_norm,34,0.45660638642118895
33764.44,COL-max-Corr,1703,4789,697368,0,nrmsd_norm,36,0.4576408311100809
33764.44,COL-max-Corr,1703,4789,697368,0,nrmsd_norm,38,0.44922084968191844
33764.44,COL-max-Corr,1703,4789,697368,0,nrmsd_norm,40,0.44611225810051286
33764.44,COL-max-Corr,1703,4789,697368,0,nrmsd_norm,42,0.44694957220897086
33764.44,COL-max-Corr,1703,4789,697368,0,nrmsd_norm,44,0.4394726568352248
33764.44,COL-max-Corr,1703,4789,697368,0,nrmsd_norm,46,0.44175469466241596
33764.44,COL-max-Corr,1703,4789,697368,0,nrmsd_norm,48,0.4393431876812616
33764.44,COL-max-Corr,1703,4377,697368,0,nrmsd_norm,50,0.439006431234217
33764.44,COL-max-Corr,1703,4377,697368,0,nrmsd_norm,55,0.43697181556823417
33764.44,COL-max-Corr,1703,4377,697368,0,nrmsd_norm,60,0.4428854437889046
33764.44,COL-max-Corr,1703,4377,697368,0,nrmsd_norm,65,0.445959675447753
33764.44,COL-max-Corr,1703,4789,697368,0,nrmsd_norm,70,0.4431749095144016
33764.44,COL-max-Corr,1703,4789,697368,0,nrmsd_norm,75,0.4349769868498348
33764.44,COL-max-Corr,1703,4377,697368,0,nrmsd_norm,80,0.43983312994019164
33764.44,COL-max-Corr,1703,4377,697368,0,nrmsd_norm,85,0.43584714947728576
33764.44,COL-max-Corr,1703,4377,697368,0,nrmsd_norm,90,0.43636431032367895
33764.44,COL-max-Corr,1703,4789,697368,0,nrmsd_norm,95,0.4327964443832979
33764.44,COL-max-Corr,1703,6644,697368,0,nrmsd_norm,100,0.43376039508966635
33764.44,COL-max-Corr,1703,4223,201469,0,nrmsd_norm,5,0.5911615715044227
33764.44,COL-max-Corr,1703,12315,201469,0,nrmsd_norm,6,0.5479422221106599
33764.44,COL-max-Corr,1703,2439,201469,0,nrmsd_norm,7,0.5445104475982113
33764.44,COL-max-Corr,1703,4789,201469,0,nrmsd_norm,8,0.5323838931642414
33764.44,COL-max-Corr,1703,10997,201469,0,nrmsd_norm,9,0.5182314288189372
33764.44,COL-max-Corr,1703,10997,201469,0,nrmsd_norm,10,0.5308744737900248
33764.44,COL-max-Corr,1703,3245,201469,0,nrmsd_norm,11,0.5276631733063752
33764.44,COL-max-Corr,1703,10997,201469,0,nrmsd_norm,12,0.5198672267421157
33764.44,COL-max-Corr,1703,10997,201469,0,nrmsd_norm,13,0.5138578625331816
33764.44,COL-max-Corr,1703,8735,201469,0,nrmsd_norm,14,0.5031279513939861
33764.44,COL-max-Corr,1703,8735,201469,0,nrmsd_norm,15,0.5067626464163093
33764.44,COL-max-Corr,1703,8735,201469,0,nrmsd_norm,16,0.48421224132672125
33764.44,COL-max-Corr,1703,11782,201469,0,nrmsd_norm,17,0.46873622302540574
33764.44,COL-max-Corr,1703,11782,201469,0,nrmsd_norm,18,0.46984135922724146
33764.44,COL-max-Corr,1703,11782,201469,0,nrmsd_norm,19,0.4742989641661847
33764.44,COL-max-Corr,1703,11782,201469,0,nrmsd_norm,20,0.4931215238203024
33764.44,COL-max-Corr,1703,4202,201469,0,nrmsd_norm,22,0.4861343872336443
33764.44,COL-max-Corr,1703,4202,201469,0,nrmsd_norm,24,0.48015016256568
33764.44,COL-max-Corr,1703,1703,201469,0,nrmsd_norm,26,0.4802803732504355
33764.44,COL-max-Corr,1703,4202,201469,0,nrmsd_norm,28,0.4797354383512946
33764.44,COL-max-Corr,1703,4377,201469,0,nrmsd_norm,30,0.46502420489882385
33764.44,COL-max-Corr,1703,4377,201469,0,nrmsd_norm,32,0.4643495771610817
33764.44,COL-max-Corr,1703,4377,201469,0,nrmsd_norm,34,0.45975600692673335
33764.44,COL-max-Corr,1703,4201,201469,0,nrmsd_norm,36,0.45451654866023466
33764.44,COL-max-Corr,1703,4201,201469,0,nrmsd_norm,38,0.44830890195863726
33764.44,COL-max-Corr,1703,4201,201469,0,nrmsd_norm,40,0.4446247333700319
33764.44,COL-max-Corr,1703,4377,201469,0,nrmsd_norm,42,0.4443500498976768
33764.44,COL-max-Corr,1703,4377,201469,0,nrmsd_norm,44,0.437032821058152
33764.44,COL-max-Corr,1703,4377,201469,0,nrmsd_norm,46,0.4398990104897966
33764.44,COL-max-Corr,1703,1703,201469,0,nrmsd_norm,48,0.43869574544813894
33764.44,COL-max-Corr,1703,4202,201469,0,nrmsd_norm,50,0.437542735712363
33764.44,COL-max-Corr,1703,10614,201469,0,nrmsd_norm,55,0.4362184391134879
33764.44,COL-max-Corr,1703,4202,201469,0,nrmsd_norm,60,0.4435945823397284
33764.44,COL-max-Corr,1703,1703,201469,0,nrmsd_norm,65,0.4457141833164122
33764.44,COL-max-Corr,1703,4201,201469,0,nrmsd_norm,70,0.4433036486898436
33764.44,COL-max-Corr,1703,4201,201469,0,nrmsd_norm,75,0.43398949084991323
33764.44,COL-max-Corr,1703,4202,201469,0,nrmsd_norm,80,0.4376320735123704
33764.44,COL-max-Corr,1703,1703,201469,0,nrmsd_norm,85,0.4342294475797289
33764.44,COL-max-Corr,1703,1703,201469,0,nrmsd_norm,90,0.43460660827688585
33764.44,COL-max-Corr,1703,1703,201469,0,nrmsd_norm,95,0.429883448968215
33764.44,COL-max-Corr,1703,4201,201469,0,nrmsd_norm,100,0.4345193334087729
33764.44,COL-max-Corr,1703,3462,94177,0,nrmsd_norm,5,0.5941130961005723
33764.44,COL-max-Corr,1703,415,94177,0,nrmsd_norm,6,0.5520257620064616
33764.44,COL-max-Corr,1703,415,94177,0,nrmsd_norm,7,0.5511586692609312
33764.44,COL-max-Corr,1703,2097,94177,0,nrmsd_norm,8,0.5392154605416963
33764.44,COL-max-Corr,1703,4361,94177,0,nrmsd_norm,9,0.5286202114311612
33764.44,COL-max-Corr,1703,9670,94177,0,nrmsd_norm,10,0.5363998826218657
33764.44,COL-max-Corr,1703,9437,94177,0,nrmsd_norm,11,0.5245052746060204
33764.44,COL-max-Corr,1703,9670,94177,0,nrmsd_norm,12,0.5181595605653111
33764.44,COL-max-Corr,1703,9670,94177,0,nrmsd_norm,13,0.5074700165108165
33764.44,COL-max-Corr,1703,9670,94177,0,nrmsd_norm,14,0.4970486263699496
33764.44,COL-max-Corr,1703,9670,94177,0,nrmsd_norm,15,0.5009260633093325
33764.44,COL-max-Corr,1703,9670,94177,0,nrmsd_norm,16,0.4743140678865304
33764.44,COL-max-Corr,1703,239,94177,0,nrmsd_norm,17,0.4534309651002515
33764.44,COL-max-Corr,1703,4360,94177,0,nrmsd_norm,18,0.45446298735883167
33764.44,COL-max-Corr,1703,4360,94177,0,nrmsd_norm,19,0.4594143735835063
33764.44,COL-max-Corr,1703,4362,94177,0,nrmsd_norm,20,0.4804588071162517
33764.44,COL-max-Corr,1703,4360,94177,0,nrmsd_norm,22,0.47373246734362134
33764.44,COL-max-Corr,1703,4360,94177,0,nrmsd_norm,24,0.4645554301088282
33764.44,COL-max-Corr,1703,239,94177,0,nrmsd_norm,26,0.47300457656393885
33764.44,COL-max-Corr,1703,239,94177,0,nrmsd_norm,28,0.4697322134828196
33764.44,COL-max-Corr,1703,4360,94177,0,nrmsd_norm,30,0.4554917699567782
33764.44,COL-max-Corr,1703,4360,94177,0,nrmsd_norm,32,0.4547172896132335
33764.44,COL-max-Corr,1703,4360,94177,0,nrmsd_norm,34,0.4470175225881212
33764.44,COL-max-Corr,1703,4360,94177,0,nrmsd_norm,36,0.44861381242153425
33764.44,COL-max-Corr,1703,9670,94177,0,nrmsd_norm,38,0.4430020690145561
33764.44,COL-max-Corr,1703,9670,94177,0,nrmsd_norm,40,0.4385099072674691
33764.44,COL-max-Corr,1703,9670,94177,0,nrmsd_norm,42,0.4378741680112957
33764.44,COL-max-Corr,1703,4361,94177,0,nrmsd_norm,44,0.43220128272442343
33764.44,COL-max-Corr,1703,4361,94177,0,nrmsd_norm,46,0.4340705458605668
33764.44,COL-max-Corr,1703,4361,94177,0,nrmsd_norm,48,0.4295827177808812
33764.44,COL-max-Corr,1703,4361,94177,0,nrmsd_norm,50,0.4321167617178492
33764.44,COL-max-Corr,1703,4361,94177,0,nrmsd_norm,55,0.42628788336893386
33764.44,COL-max-Corr,1703,4361,94177,0,nrmsd_norm,60,0.434470821490786
33764.44,COL-max-Corr,1703,4360,94177,0,nrmsd_norm,65,0.436932947126652
33764.44,COL-max-Corr,1703,4361,94177,0,nrmsd_norm,70,0.43635380282299085
33764.44,COL-max-Corr,1703,4361,94177,0,nrmsd_norm,75,0.43057294291647746
33764.44,COL-max-Corr,1703,6644,94177,0,nrmsd_norm,80,0.43684645336235656
33764.44,COL-max-Corr,1703,6644,94177,0,nrmsd_norm,85,0.4343251398759501
33764.44,COL-max-Corr,1703,6644,94177,0,nrmsd_norm,90,0.4350653582607211
33764.44,COL-max-Corr,1703,4361,94177,0,nrmsd_norm,95,0.42931313529690285
33764.44,COL-max-Corr,1703,6644,94177,0,nrmsd_norm,100,0.4359502543985515
33764.44,ROW-mean-ED,1703,2439,89250,0,nrmsd_norm,5,0.4698927072421066
33764.44,ROW-mean-ED,1703,1243,89250,0,nrmsd_norm,6,0.42590666485463696
33764.44,ROW-mean-ED,1703,1243,89250,0,nrmsd_norm,7,0.4630577671356274
33764.44,ROW-mean-ED,1703,9784,89250,0,nrmsd_norm,8,0.47714220510145006
33764.44,ROW-mean-ED,1703,5086,89250,0,nrmsd_norm,9,0.4368516543182021
33764.44,ROW-mean-ED,1703,10406,89250,0,nrmsd_norm,10,0.4486755682088672
33764.44,ROW-mean-ED,1703,1334,89250,0,nrmsd_norm,11,0.43412285741075174
33764.44,ROW-mean-ED,1703,1334,89250,0,nrmsd_norm,12,0.4280747924101455
33764.44,ROW-mean-ED,1703,1334,89250,0,nrmsd_norm,13,0.43135239760121663
33764.44,ROW-mean-ED,1703,1334,89250,0,nrmsd_norm,14,0.45466892696741057
33764.44,ROW-mean-ED,1703,2435,89250,0,nrmsd_norm,15,0.43500736108671395
33764.44,ROW-mean-ED,1703,2435,89250,0,nrmsd_norm,16,0.4286453103622095
33764.44,ROW-mean-ED,1703,2845,89250,0,nrmsd_norm,17,0.43184769335381074
33764.44,ROW-mean-ED,1703,2845,89250,0,nrmsd_norm,18,0.4421028614693348
33764.44,ROW-mean-ED,1703,2435,89250,0,nrmsd_norm,19,0.43101130297925466
33764.44,ROW-mean-ED,1703,2435,89250,0,nrmsd_norm,20,0.43107861524275853
33764.44,ROW-mean-ED,1703,4377,89250,0,nrmsd_norm,22,0.43231390309048884
33764.44,ROW-mean-ED,1703,4201,89250,0,nrmsd_norm,24,0.41829207116929773
33764.44,ROW-mean-ED,1703,4201,89250,0,nrmsd_norm,26,0.42069017883659826
33764.44,ROW-mean-ED,1703,4201,89250,0,nrmsd_norm,28,0.42725749869015184
33764.44,ROW-mean-ED,1703,4201,89250,0,nrmsd_norm,30,0.42586588312122053
33764.44,ROW-mean-ED,1703,4201,89250,0,nrmsd_norm,32,0.4221868266984081
33764.44,ROW-mean-ED,1703,4201,89250,0,nrmsd_norm,34,0.4343680330573327
33764.44,ROW-mean-ED,1703,1005,89250,0,nrmsd_norm,36,0.4310203236129835
33764.44,ROW-mean-ED,1703,4377,89250,0,nrmsd_norm,38,0.4331919627218478
33764.44,ROW-mean-ED,1703,4201,89250,0,nrmsd_norm,40,0.4416525091795637
33764.44,ROW-mean-ED,1703,4377,89250,0,nrmsd_norm,42,0.43330386675896754
33764.44,ROW-mean-ED,1703,4377,89250,0,nrmsd_norm,44,0.43228287443582186
33764.44,ROW-mean-ED,1703,4377,89250,0,nrmsd_norm,46,0.43426141682194275
33764.44,ROW-mean-ED,1703,4201,89250,0,nrmsd_norm,48,0.43140070626759996
33764.44,ROW-mean-ED,1703,4201,89250,0,nrmsd_norm,50,0.4394381796325857
33764.44,ROW-mean-ED,1703,4377,89250,0,nrmsd_norm,55,0.4353957437880332
33764.44,ROW-mean-ED,1703,4201,89250,0,nrmsd_norm,60,0.420230363303179
33764.44,ROW-mean-ED,1703,4201,89250,0,nrmsd_norm,65,0.4303396279839215
33764.44,ROW-mean-ED,1703,4377,89250,0,nrmsd_norm,70,0.42561699010065956
33764.44,ROW-mean-ED,1703,4377,89250,0,nrmsd_norm,75,0.43091510711865194
33764.44,ROW-mean-ED,1703,4377,89250,0,nrmsd_norm,80,0.42477525492634116
33764.44,ROW-mean-ED,1703,4201,89250,0,nrmsd_norm,85,0.4267646182478811
33764.44,ROW-mean-ED,1703,4201,89250,0,nrmsd_norm,90,0.42090998321415757
33764.44,ROW-mean-ED,1703,4201,89250,0,nrmsd_norm,95,0.4252330852755248
33764.44,ROW-mean-ED,1703,1703,89250,0,nrmsd_norm,100,0.4282924353061992
33764.44,ROW-mean-ED,1703,10406,773956,0,nrmsd_norm,5,0.525581424712963
33764.44,ROW-mean-ED,1703,1914,773956,0,nrmsd_norm,6,0.4777749253108872
33764.44,ROW-mean-ED,1703,4202,773956,0,nrmsd_norm,7,0.48253798326410263
33764.44,ROW-mean-ED,1703,4202,773956,0,nrmsd_norm,8,0.5061038540195494
33764.44,ROW-mean-ED,1703,4202,773956,0,nrmsd_norm,9,0.46810373911660885
33764.44,ROW-mean-ED,1703,4200,773956,0,nrmsd_norm,10,0.4636751355924132
33764.44,ROW-mean-ED,1703,1914,773956,0,nrmsd_norm,11,0.4444558414441077
33764.44,ROW-mean-ED,1703,1914,773956,0,nrmsd_norm,12,0.4397001285460144
33764.44,ROW-mean-ED,1703,1914,773956,0,nrmsd_norm,13,0.42954652239481605
33764.44,ROW-mean-ED,1703,1914,773956,0,nrmsd_norm,14,0.45174477568191673
33764.44,ROW-mean-ED,1703,1914,773956,0,nrmsd_norm,15,0.44899393420986133
33764.44,ROW-mean-ED,1703,1914,773956,0,nrmsd_norm,16,0.42922718609857924
33764.44,ROW-mean-ED,1703,4201,773956,0,nrmsd_norm,17,0.43564369057032437
33764.44,ROW-mean-ED,1703,4201,773956,0,nrmsd_norm,18,0.44681664786459874
33764.44,ROW-mean-ED,1703,2738,773956,0,nrmsd_norm,19,0.4328700462496123
33764.44,ROW-mean-ED,1703,4186,773956,0,nrmsd_norm,20,0.43915580239890056
33764.44,ROW-mean-ED,1703,271,773956,0,nrmsd_norm,22,0.42735942570604085
33764.44,ROW-mean-ED,1703,4392,773956,0,nrmsd_norm,24,0.41608311767201334
33764.44,ROW-mean-ED,1703,4392,773956,0,nrmsd_norm,26,0.421026751885513
33764.44,ROW-mean-ED,1703,4392,773956,0,nrmsd_norm,28,0.4349628503904414
33764.44,ROW-mean-ED,1703,2481,773956,0,nrmsd_norm,30,0.42856618601292745
33764.44,ROW-mean-ED,1703,2481,773956,0,nrmsd_norm,32,0.4262911274058075
33764.44,ROW-mean-ED,1703,2481,773956,0,nrmsd_norm,34,0.4370309915096476
33764.44,ROW-mean-ED,1703,2481,773956,0,nrmsd_norm,36,0.4362596114271827
33764.44,ROW-mean-ED,1703,2481,773956,0,nrmsd_norm,38,0.4389209819978833
33764.44,ROW-mean-ED,1703,2481,773956,0,nrmsd_norm,40,0.4476988389684039
33764.44,ROW-mean-ED,1703,2481,773956,0,nrmsd_norm,42,0.43841949637357974
33764.44,ROW-mean-ED,1703,2481,773956,0,nrmsd_norm,44,0.43782675916066804
33764.44,ROW-mean-ED,1703,2481,773956,0,nrmsd_norm,46,0.4379960684103955
33764.44,ROW-mean-ED,1703,4211,773956,0,nrmsd_norm,48,0.4365710885743088
33764.44,ROW-mean-ED,1703,7548,773956,0,nrmsd_norm,50,0.441055684601938
33764.44,ROW-mean-ED,1703,4211,773956,0,nrmsd_norm,55,0.4381524767219151
33764.44,ROW-mean-ED,1703,7548,773956,0,nrmsd_norm,60,0.4309684654781558
33764.44,ROW-mean-ED,1703,7548,773956,0,nrmsd_norm,65,0.43835565888076944
33764.44,ROW-mean-ED,1703,4211,773956,0,nrmsd_norm,70,0.431497517494963
33764.44,ROW-mean-ED,1703,1703,773956,0,nrmsd_norm,75,0.43900013178607383
33764.44,ROW-mean-ED,1703,1703,773956,0,nrmsd_norm,80,0.4327216087316557
33764.44,ROW-mean-ED,1703,1703,773956,0,nrmsd_norm,85,0.4355988403991952
33764.44,ROW-mean-ED,1703,1703,773956,0,nrmsd_norm,90,0.4288444183873755
33764.44,ROW-mean-ED,1703,1703,773956,0,nrmsd_norm,95,0.43086534848646874
33764.44,ROW-mean-ED,1703,1703,773956,0,nrmsd_norm,100,0.4330478063632297
33764.44,ROW-mean-ED,1703,373,654571,0,nrmsd_norm,5,0.5369578238632137
33764.44,ROW-mean-ED,1703,373,654571,0,nrmsd_norm,6,0.4821383831177422
33764.44,ROW-mean-ED,1703,4638,654571,0,nrmsd_norm,7,0.48799834485922844
33764.44,ROW-mean-ED,1703,4638,654571,0,nrmsd_norm,8,0.5199255099567355
33764.44,ROW-mean-ED,1703,4638,654571,0,nrmsd_norm,9,0.4654161544738475
33764.44,ROW-mean-ED,1703,4638,654571,0,nrmsd_norm,10,0.46147452189742566
33764.44,ROW-mean-ED,1703,4638,654571,0,nrmsd_norm,11,0.44401001902998466
33764.44,ROW-mean-ED,1703,4212,654571,0,nrmsd_norm,12,0.43824404374057363
33764.44,ROW-mean-ED,1703,4212,654571,0,nrmsd_norm,13,0.42990895640595894
33764.44,ROW-mean-ED,1703,4211,654571,0,nrmsd_norm,14,0.4551270656182297
33764.44,ROW-mean-ED,1703,7548,654571,0,nrmsd_norm,15,0.45826409564268333
33764.44,ROW-mean-ED,1703,7548,654571,0,nrmsd_norm,16,0.43323849301343254
33764.44,ROW-mean-ED,1703,10997,654571,0,nrmsd_norm,17,0.43946928195004265
33764.44,ROW-mean-ED,1703,9328,654571,0,nrmsd_norm,18,0.4502592099645202
33764.44,ROW-mean-ED,1703,10807,654571,0,nrmsd_norm,19,0.44138990802235645
33764.44,ROW-mean-ED,1703,10210,654571,0,nrmsd_norm,20,0.43777744361646165
33764.44,ROW-mean-ED,1703,4214,654571,0,nrmsd_norm,22,0.42656655134135846
33764.44,ROW-mean-ED,1703,10210,654571,0,nrmsd_norm,24,0.4111478924728021
33764.44,ROW-mean-ED,1703,10210,654571,0,nrmsd_norm,26,0.41900970072942845
33764.44,ROW-mean-ED,1703,4214,654571,0,nrmsd_norm,28,0.4241544123962924
33764.44,ROW-mean-ED,1703,4213,654571,0,nrmsd_norm,30,0.42800602591304054
33764.44,ROW-mean-ED,1703,10702,654571,0,nrmsd_norm,32,0.4250346436617918
33764.44,ROW-mean-ED,1703,10210,654571,0,nrmsd_norm,34,0.43910940523710634
33764.44,ROW-mean-ED,1703,1914,654571,0,nrmsd_norm,36,0.4392622385818061
33764.44,ROW-mean-ED,1703,1914,654571,0,nrmsd_norm,38,0.44110717880183165
33764.44,ROW-mean-ED,1703,1914,654571,0,nrmsd_norm,40,0.4431084762326361
33764.44,ROW-mean-ED,1703,1914,654571,0,nrmsd_norm,42,0.4336449299146364
33764.44,ROW-mean-ED,1703,4200,654571,0,nrmsd_norm,44,0.4263507561129273
33764.44,ROW-mean-ED,1703,4200,654571,0,nrmsd_norm,46,0.4237883501764345
33764.44,ROW-mean-ED,1703,4202,654571,0,nrmsd_norm,48,0.42024381981430586
33764.44,ROW-mean-ED,1703,4211,654571,0,nrmsd_norm,50,0.4300931109003097
33764.44,ROW-mean-ED,1703,4211,654571,0,nrmsd_norm,55,0.4288697036162005
33764.44,ROW-mean-ED,1703,4212,654571,0,nrmsd_norm,60,0.4202336943728352
33764.44,ROW-mean-ED,1703,4224,654571,0,nrmsd_norm,65,0.43187548412043414
33764.44,ROW-mean-ED,1703,2738,654571,0,nrmsd_norm,70,0.4272590321757978
33764.44,ROW-mean-ED,1703,4224,654571,0,nrmsd_norm,75,0.43116887809683463
33764.44,ROW-mean-ED,1703,4224,654571,0,nrmsd_norm,80,0.4284936441960262
33764.44,ROW-mean-ED,1703,4223,654571,0,nrmsd_norm,85,0.43016784297557903
33764.44,ROW-mean-ED,1703,2836,654571,0,nrmsd_norm,90,0.4255917028161027
33764.44,ROW-mean-ED,1703,4212,654571,0,nrmsd_norm,95,0.42761237385786344
33764.44,ROW-mean-ED,1703,4212,654571,0,nrmsd_norm,100,0.4294605127511314
33764.44,ROW-mean-ED,1703,216,438878,0,nrmsd_norm,5,0.4664076296423966
33764.44,ROW-mean-ED,1703,5361,438878,0,nrmsd_norm,6,0.4302843203740235
33764.44,ROW-mean-ED,1703,5361,438878,0,nrmsd_norm,7,0.4621005905542702
33764.44,ROW-mean-ED,1703,5361,438878,0,nrmsd_norm,8,0.4754087365740114
33764.44,ROW-mean-ED,1703,10406,438878,0,nrmsd_norm,9,0.4200296187899937
33764.44,ROW-mean-ED,1703,10406,438878,0,nrmsd_norm,10,0.43484528981770015
33764.44,ROW-mean-ED,1703,1334,438878,0,nrmsd_norm,11,0.4243332869360336
33764.44,ROW-mean-ED,1703,2476,438878,0,nrmsd_norm,12,0.4265370370295962
33764.44,ROW-mean-ED,1703,2476,438878,0,nrmsd_norm,13,0.4279631771911867
33764.44,ROW-mean-ED,1703,2476,438878,0,nrmsd_norm,14,0.4508144658769151
33764.44,ROW-mean-ED,1703,2845,438878,0,nrmsd_norm,15,0.4418207908349362
33764.44,ROW-mean-ED,1703,2845,438878,0,nrmsd_norm,16,0.4356176931959377
33764.44,ROW-mean-ED,1703,2845,438878,0,nrmsd_norm,17,0.4375868595530882
33764.44,ROW-mean-ED,1703,2845,438878,0,nrmsd_norm,18,0.44817632605153396
33764.44,ROW-mean-ED,1703,2845,438878,0,nrmsd_norm,19,0.43474153676883115
33764.44,ROW-mean-ED,1703,2845,438878,0,nrmsd_norm,20,0.4399551029763926
33764.44,ROW-mean-ED,1703,2845,438878,0,nrmsd_norm,22,0.4341027384479964
33764.44,ROW-mean-ED,1703,183,438878,0,nrmsd_norm,24,0.41760671219228584
33764.44,ROW-mean-ED,1703,183,438878,0,nrmsd_norm,26,0.4258953211631466
33764.44,ROW-mean-ED,1703,2845,438878,0,nrmsd_norm,28,0.44104847603221176
33764.44,ROW-mean-ED,1703,2435,438878,0,nrmsd_norm,30,0.43450287305573615
33764.44,ROW-mean-ED,1703,2481,438878,0,nrmsd_norm,32,0.42989335853543026
33764.44,ROW-mean-ED,1703,2481,438878,0,nrmsd_norm,34,0.43856210360513354
33764.44,ROW-mean-ED,1703,2481,438878,0,nrmsd_norm,36,0.4322378127892427
33764.44,ROW-mean-ED,1703,2481,438878,0,nrmsd_norm,38,0.43657606046393793
33764.44,ROW-mean-ED,1703,2481,438878,0,nrmsd_norm,40,0.44278619227396127
33764.44,ROW-mean-ED,1703,2481,438878,0,nrmsd_norm,42,0.43630398577226315
33764.44,ROW-mean-ED,1703,2481,438878,0,nrmsd_norm,44,0.43119972364272213
33764.44,ROW-mean-ED,1703,1703,438878,0,nrmsd_norm,46,0.4296899179288871
33764.44,ROW-mean-ED,1703,1703,438878,0,nrmsd_norm,48,0.4254877179497607
33764.44,ROW-mean-ED,1703,1703,438878,0,nrmsd_norm,50,0.4338380960304737
33764.44,ROW-mean-ED,1703,1703,438878,0,nrmsd_norm,55,0.430831189855847
33764.44,ROW-mean-ED,1703,1703,438878,0,nrmsd_norm,60,0.4224674403723679
33764.44,ROW-mean-ED,1703,1703,438878,0,nrmsd_norm,65,0.4296100198637595
33764.44,ROW-mean-ED,1703,1703,438878,0,nrmsd_norm,70,0.42142521223159085
33764.44,ROW-mean-ED,1703,1703,438878,0,nrmsd_norm,75,0.4259633295262978
33764.44,ROW-mean-ED,1703,4201,438878,0,nrmsd_norm,80,0.4219690521139582
33764.44,ROW-mean-ED,1703,1703,438878,0,nrmsd_norm,85,0.42396750630370045
33764.44,ROW-mean-ED,1703,1703,438878,0,nrmsd_norm,90,0.4217220101826059
33764.44,ROW-mean-ED,1703,1703,438878,0,nrmsd_norm,95,0.4259380558531784
33764.44,ROW-mean-ED,1703,1703,438878,0,nrmsd_norm,100,0.4273238487053621
33764.44,ROW-mean-ED,1703,5086,433015,0,nrmsd_norm,5,0.5194084707266741
33764.44,ROW-mean-ED,1703,4222,433015,0,nrmsd_norm,6,0.45839924574169016
33764.44,ROW-mean-ED,1703,4222,433015,0,nrmsd_norm,7,0.4725753452155163
33764.44,ROW-mean-ED,1703,4349,433015,0,nrmsd_norm,8,0.4865327627350149
33764.44,ROW-mean-ED,1703,4200,433015,0,nrmsd_norm,9,0.45535393433601795
33764.44,ROW-mean-ED,1703,4200,433015,0,nrmsd_norm,10,0.4544679457015991
33764.44,ROW-mean-ED,1703,2435,433015,0,nrmsd_norm,11,0.44265030484025275
33764.44,ROW-mean-ED,1703,4378,433015,0,nrmsd_norm,12,0.4361889569282301
33764.44,ROW-mean-ED,1703,2481,433015,0,nrmsd_norm,13,0.4236078632627384
33764.44,ROW-mean-ED,1703,2481,433015,0,nrmsd_norm,14,0.435362222595872
33764.44,ROW-mean-ED,1703,4632,433015,0,nrmsd_norm,15,0.43672891228419153
33764.44,ROW-mean-ED,1703,2481,433015,0,nrmsd_norm,16,0.4350462232431954
33764.44,ROW-mean-ED,1703,889,433015,0,nrmsd_norm,17,0.439501135559718
33764.44,ROW-mean-ED,1703,4725,433015,0,nrmsd_norm,18,0.44764678261902113
33764.44,ROW-mean-ED,1703,10997,433015,0,nrmsd_norm,19,0.4338837285955261
33764.44,ROW-mean-ED,1703,4624,433015,0,nrmsd_norm,20,0.4310274847303336
33764.44,ROW-mean-ED,1703,4211,433015,0,nrmsd_norm,22,0.4196845871979233
33764.44,ROW-mean-ED,1703,2071,433015,0,nrmsd_norm,24,0.4057195475611643
33764.44,ROW-mean-ED,1703,2071,433015,0,nrmsd_norm,26,0.4143340800220432
33764.44,ROW-mean-ED,1703,2071,433015,0,nrmsd_norm,28,0.4173201695471816
33764.44,ROW-mean-ED,1703,10951,433015,0,nrmsd_norm,30,0.4168902931829369
33764.44,ROW-mean-ED,1703,4200,433015,0,nrmsd_norm,32,0.4160769704173786
33764.44,ROW-mean-ED,1703,2071,433015,0,nrmsd_norm,34,0.42785977791948787
33764.44,ROW-mean-ED,1703,2071,433015,0,nrmsd_norm,36,0.42301756987753514
33764.44,ROW-mean-ED,1703,10951,433015,0,nrmsd_norm,38,0.42279358158712027
33764.44,ROW-mean-ED,1703,10951,433015,0,nrmsd_norm,40,0.43216526263299815
33764.44,ROW-mean-ED,1703,10951,433015,0,nrmsd_norm,42,0.42371307568981176
33764.44,ROW-mean-ED,1703,10951,433015,0,nrmsd_norm,44,0.4185321967620205
33764.44,ROW-mean-ED,1703,4444,433015,0,nrmsd_norm,46,0.4243591766126911
33764.44,ROW-mean-ED,1703,10951,433015,0,nrmsd_norm,48,0.4206185674297192
33764.44,ROW-mean-ED,1703,10951,433015,0,nrmsd_norm,50,0.4267999145216114
33764.44,ROW-mean-ED,1703,10951,433015,0,nrmsd_norm,55,0.4220877643185377
33764.44,ROW-mean-ED,1703,4444,433015,0,nrmsd_norm,60,0.4139386981217074
33764.44,ROW-mean-ED,1703,4444,433015,0,nrmsd_norm,65,0.42440664583346316
33764.44,ROW-mean-ED,1703,4444,433015,0,nrmsd_norm,70,0.41705150991911294
33764.44,ROW-mean-ED,1703,4444,433015,0,nrmsd_norm,75,0.4236747468889582
33764.44,ROW-mean-ED,1703,4444,433015,0,nrmsd_norm,80,0.4208356239410913
33764.44,ROW-mean-ED,1703,4444,433015,0,nrmsd_norm,85,0.4240755097132288
33764.44,ROW-mean-ED,1703,4444,433015,0,nrmsd_norm,90,0.41868109335254305
33764.44,ROW-mean-ED,1703,4444,433015,0,nrmsd_norm,95,0.42211094122248305
33764.44,ROW-mean-ED,1703,4444,433015,0,nrmsd_norm,100,0.4255132306636929
33764.44,ROW-mean-ED,1703,4807,858597,0,nrmsd_norm,5,0.4789321656721326
33764.44,ROW-mean-ED,1703,5057,858597,0,nrmsd_norm,6,0.43762222029904807
33764.44,ROW-mean-ED,1703,5057,858597,0,nrmsd_norm,7,0.4712323113737567
33764.44,ROW-mean-ED,1703,1184,858597,0,nrmsd_norm,8,0.5056061754942599
33764.44,ROW-mean-ED,1703,8591,858597,0,nrmsd_norm,9,0.4611276829570443
33764.44,ROW-mean-ED,1703,1383,858597,0,nrmsd_norm,10,0.4665326510744343
33764.44,ROW-mean-ED,1703,8591,858597,0,nrmsd_norm,11,0.4307230097345707
33764.44,ROW-mean-ED,1703,4807,858597,0,nrmsd_norm,12,0.4232430768941287
33764.44,ROW-mean-ED,1703,4807,858597,0,nrmsd_norm,13,0.4164511216206354
33764.44,ROW-mean-ED,1703,4807,858597,0,nrmsd_norm,14,0.44383519058643994
33764.44,ROW-mean-ED,1703,4807,858597,0,nrmsd_norm,15,0.4427637700958081
33764.44,ROW-mean-ED,1703,4807,858597,0,nrmsd_norm,16,0.43299066440187245
33764.44,ROW-mean-ED,1703,4807,858597,0,nrmsd_norm,17,0.44499921742539017
33764.44,ROW-mean-ED,1703,4807,858597,0,nrmsd_norm,18,0.45409514452936395
33764.44,ROW-mean-ED,1703,1005,858597,0,nrmsd_norm,19,0.4437787035240361
33764.44,ROW-mean-ED,1703,1914,858597,0,nrmsd_norm,20,0.44179124004345804
33764.44,ROW-mean-ED,1703,1914,858597,0,nrmsd_norm,22,0.429879232928304
33764.44,ROW-mean-ED,1703,1005,858597,0,nrmsd_norm,24,0.4116819755796627
33764.44,ROW-mean-ED,1703,1005,858597,0,nrmsd_norm,26,0.4241512271593538
33764.44,ROW-mean-ED,1703,680,858597,0,nrmsd_norm,28,0.4323929189294319
33764.44,ROW-mean-ED,1703,9891,858597,0,nrmsd_norm,30,0.43645355367254485
33764.44,ROW-mean-ED,1703,680,858597,0,nrmsd_norm,32,0.4303682111248287
33764.44,ROW-mean-ED,1703,2097,858597,0,nrmsd_norm,34,0.4431268048848355
33764.44,ROW-mean-ED,1703,680,858597,0,nrmsd_norm,36,0.43585038860709274
33764.44,ROW-mean-ED,1703,680,858597,0,nrmsd_norm,38,0.43369458894426427
33764.44,ROW-mean-ED,1703,680,858597,0,nrmsd_norm,40,0.4397341063500377
33764.44,ROW-mean-ED,1703,1005,858597,0,nrmsd_norm,42,0.4274635128240434
33764.44,ROW-mean-ED,1703,1005,858597,0,nrmsd_norm,44,0.4213342085766601
33764.44,ROW-mean-ED,1703,1005,858597,0,nrmsd_norm,46,0.4213694282194854
33764.44,ROW-mean-ED,1703,1005,858597,0,nrmsd_norm,48,0.41771987912227954
33764.44,ROW-mean-ED,1703,1005,858597,0,nrmsd_norm,50,0.4268218164480237
33764.44,ROW-mean-ED,1703,4378,858597,0,nrmsd_norm,55,0.42588776747215
33764.44,ROW-mean-ED,1703,4378,858597,0,nrmsd_norm,60,0.41748449283933203
33764.44,ROW-mean-ED,1703,4378,858597,0,nrmsd_norm,65,0.42624325434637234
33764.44,ROW-mean-ED,1703,1914,858597,0,nrmsd_norm,70,0.41693820986443597
33764.44,ROW-mean-ED,1703,1914,858597,0,nrmsd_norm,75,0.42150636607777997
33764.44,ROW-mean-ED,1703,1914,858597,0,nrmsd_norm,80,0.4195275635146527
33764.44,ROW-mean-ED,1703,1914,858597,0,nrmsd_norm,85,0.42260474524069225
33764.44,ROW-mean-ED,1703,1914,858597,0,nrmsd_norm,90,0.4200911896372388
33764.44,ROW-mean-ED,1703,1914,858597,0,nrmsd_norm,95,0.42158705255305257
33764.44,ROW-mean-ED,1703,1914,858597,0,nrmsd_norm,100,0.42173624881097216
33764.44,ROW-mean-ED,1703,8735,85945,0,nrmsd_norm,5,0.5212970750176583
33764.44,ROW-mean-ED,1703,2844,85945,0,nrmsd_norm,6,0.4891838034436856
33764.44,ROW-mean-ED,1703,4634,85945,0,nrmsd_norm,7,0.4835351456880524
33764.44,ROW-mean-ED,1703,4634,85945,0,nrmsd_norm,8,0.5044743558124439
33764.44,ROW-mean-ED,1703,4634,85945,0,nrmsd_norm,9,0.4569165146926112
33764.44,ROW-mean-ED,1703,4634,85945,0,nrmsd_norm,10,0.46389042441197903
33764.44,ROW-mean-ED,1703,4377,85945,0,nrmsd_norm,11,0.44117735017243415
33764.44,ROW-mean-ED,1703,4377,85945,0,nrmsd_norm,12,0.43344506324806675
33764.44,ROW-mean-ED,1703,6340,85945,0,nrmsd_norm,13,0.41903181780405097
33764.44,ROW-mean-ED,1703,6340,85945,0,nrmsd_norm,14,0.43535698173695364
33764.44,ROW-mean-ED,1703,4392,85945,0,nrmsd_norm,15,0.4341460851057087
33764.44,ROW-mean-ED,1703,4392,85945,0,nrmsd_norm,16,0.4316541185145565
33764.44,ROW-mean-ED,1703,4392,85945,0,nrmsd_norm,17,0.438674127390561
33764.44,ROW-mean-ED,1703,4392,85945,0,nrmsd_norm,18,0.4466922571938219
33764.44,ROW-mean-ED,1703,6340,85945,0,nrmsd_norm,19,0.433280390537912
33764.44,ROW-mean-ED,1703,1703,85945,0,nrmsd_norm,20,0.4343816350951966
33764.44,ROW-mean-ED,1703,4211,85945,0,nrmsd_norm,22,0.4297948526348702
33764.44,ROW-mean-ED,1703,2481,85945,0,nrmsd_norm,24,0.42054820487567685
33764.44,ROW-mean-ED,1703,2481,85945,0,nrmsd_norm,26,0.4337809851466163
33764.44,ROW-mean-ED,1703,6340,85945,0,nrmsd_norm,28,0.42974339479171775
33764.44,ROW-mean-ED,1703,4376,85945,0,nrmsd_norm,30,0.43503432751837334
33764.44,ROW-mean-ED,1703,4376,85945,0,nrmsd_norm,32,0.433209368198423
33764.44,ROW-mean-ED,1703,4376,85945,0,nrmsd_norm,34,0.4443346871286854
33764.44,ROW-mean-ED,1703,6340,85945,0,nrmsd_norm,36,0.44279494155235816
33764.44,ROW-mean-ED,1703,4253,85945,0,nrmsd_norm,38,0.44469133222153556
33764.44,ROW-mean-ED,1703,4253,85945,0,nrmsd_norm,40,0.4504770785622523
33764.44,ROW-mean-ED,1703,271,85945,0,nrmsd_norm,42,0.4416863972940968
33764.44,ROW-mean-ED,1703,11285,85945,0,nrmsd_norm,44,0.44163576556800904
33764.44,ROW-mean-ED,1703,11285,85945,0,nrmsd_norm,46,0.44078871079372134
33764.44,ROW-mean-ED,1703,11285,85945,0,nrmsd_norm,48,0.4364987833960142
33764.44,ROW-mean-ED,1703,11285,85945,0,nrmsd_norm,50,0.4423242167623509
33764.44,ROW-mean-ED,1703,4392,85945,0,nrmsd_norm,55,0.4386301836040758
33764.44,ROW-mean-ED,1703,6340,85945,0,nrmsd_norm,60,0.4297011735902445
33764.44,ROW-mean-ED,1703,6340,85945,0,nrmsd_norm,65,0.43858346597471426
33764.44,ROW-mean-ED,1703,6340,85945,0,nrmsd_norm,70,0.43220811901225115
33764.44,ROW-mean-ED,1703,4212,85945,0,nrmsd_norm,75,0.4344351723377001
33764.44,ROW-mean-ED,1703,4212,85945,0,nrmsd_norm,80,0.4288211250740595
33764.44,ROW-mean-ED,1703,4212,85945,0,nrmsd_norm,85,0.4314508820001318
33764.44,ROW-mean-ED,1703,4212,85945,0,nrmsd_norm,90,0.4270192533607966
33764.44,ROW-mean-ED,1703,4212,85945,0,nrmsd_norm,95,0.4292373868145334
33764.44,ROW-mean-ED,1703,4212,85945,0,nrmsd_norm,100,0.43233640904745224
33764.44,ROW-mean-ED,1703,10615,697368,0,nrmsd_norm,5,0.4816418069713274
33764.44,ROW-mean-ED,1703,4206,697368,0,nrmsd_norm,6,0.4470273564634206
33764.44,ROW-mean-ED,1703,4206,697368,0,nrmsd_norm,7,0.4654859888572637
33764.44,ROW-mean-ED,1703,3199,697368,0,nrmsd_norm,8,0.4972595534943568
33764.44,ROW-mean-ED,1703,7691,697368,0,nrmsd_norm,9,0.4801111205772333
33764.44,ROW-mean-ED,1703,5362,697368,0,nrmsd_norm,10,0.46885394043619416
33764.44,ROW-mean-ED,1703,7691,697368,0,nrmsd_norm,11,0.4305254111984666
33764.44,ROW-mean-ED,1703,7691,697368,0,nrmsd_norm,12,0.4229780893363317
33764.44,ROW-mean-ED,1703,12289,697368,0,nrmsd_norm,13,0.41301543191552204
33764.44,ROW-mean-ED,1703,12289,697368,0,nrmsd_norm,14,0.4371803170922423
33764.44,ROW-mean-ED,1703,10702,697368,0,nrmsd_norm,15,0.42438247045569183
33764.44,ROW-mean-ED,1703,10702,697368,0,nrmsd_norm,16,0.4164685890242685
33764.44,ROW-mean-ED,1703,10702,697368,0,nrmsd_norm,17,0.4254927572243002
33764.44,ROW-mean-ED,1703,10702,697368,0,nrmsd_norm,18,0.4337296351561476
33764.44,ROW-mean-ED,1703,4212,697368,0,nrmsd_norm,19,0.421953111851312
33764.44,ROW-mean-ED,1703,4211,697368,0,nrmsd_norm,20,0.41826631800602776
33764.44,ROW-mean-ED,1703,7548,697368,0,nrmsd_norm,22,0.4114049535990691
33764.44,ROW-mean-ED,1703,4211,697368,0,nrmsd_norm,24,0.40261229768351914
33764.44,ROW-mean-ED,1703,4212,697368,0,nrmsd_norm,26,0.4162650955147328
33764.44,ROW-mean-ED,1703,4212,697368,0,nrmsd_norm,28,0.4166256814985476
33764.44,ROW-mean-ED,1703,4211,697368,0,nrmsd_norm,30,0.41669514940319
33764.44,ROW-mean-ED,1703,2685,697368,0,nrmsd_norm,32,0.4139812782544517
33764.44,ROW-mean-ED,1703,2685,697368,0,nrmsd_norm,34,0.42545282266046713
33764.44,ROW-mean-ED,1703,4212,697368,0,nrmsd_norm,36,0.4219037847791355
33764.44,ROW-mean-ED,1703,4211,697368,0,nrmsd_norm,38,0.4259544301591269
33764.44,ROW-mean-ED,1703,7548,697368,0,nrmsd_norm,40,0.4389172694393456
33764.44,ROW-mean-ED,1703,4211,697368,0,nrmsd_norm,42,0.43136580819180753
33764.44,ROW-mean-ED,1703,4211,697368,0,nrmsd_norm,44,0.4305127872637981
33764.44,ROW-mean-ED,1703,4211,697368,0,nrmsd_norm,46,0.4286733230596231
33764.44,ROW-mean-ED,1703,4211,697368,0,nrmsd_norm,48,0.425725612509842
33764.44,ROW-mean-ED,1703,4211,697368,0,nrmsd_norm,50,0.4321154082455354
33764.44,ROW-mean-ED,1703,4211,697368,0,nrmsd_norm,55,0.4299791320350152
33764.44,ROW-mean-ED,1703,4202,697368,0,nrmsd_norm,60,0.41687876881421565
33764.44,ROW-mean-ED,1703,4211,697368,0,nrmsd_norm,65,0.42648728973189765
33764.44,ROW-mean-ED,1703,4202,697368,0,nrmsd_norm,70,0.4211263010693122
33764.44,ROW-mean-ED,1703,4202,697368,0,nrmsd_norm,75,0.42671905990621456
33764.44,ROW-mean-ED,1703,4202,697368,0,nrmsd_norm,80,0.4235385528352477
33764.44,ROW-mean-ED,1703,4202,697368,0,nrmsd_norm,85,0.42648334936198923
33764.44,ROW-mean-ED,1703,4202,697368,0,nrmsd_norm,90,0.42448727334790354
33764.44,ROW-mean-ED,1703,1703,697368,0,nrmsd_norm,95,0.4283852534196693
33764.44,ROW-mean-ED,1703,4202,697368,0,nrmsd_norm,100,0.4310419455967309
33764.44,ROW-mean-ED,1703,10633,201469,0,nrmsd_norm,5,0.48820057116180815
33764.44,ROW-mean-ED,1703,5076,201469,0,nrmsd_norm,6,0.4523890685360041
33764.44,ROW-mean-ED,1703,5076,201469,0,nrmsd_norm,7,0.4723562443060811
33764.44,ROW-mean-ED,1703,5086,201469,0,nrmsd_norm,8,0.4984558298474372
33764.44,ROW-mean-ED,1703,5086,201469,0,nrmsd_norm,9,0.4461080477989992
33764.44,ROW-mean-ED,1703,5086,201469,0,nrmsd_norm,10,0.44891446347341424
33764.44,ROW-mean-ED,1703,1334,201469,0,nrmsd_norm,11,0.44235342730149046
33764.44,ROW-mean-ED,1703,1383,201469,0,nrmsd_norm,12,0.42851015117237157
33764.44,ROW-mean-ED,1703,5397,201469,0,nrmsd_norm,13,0.4210501537067819
33764.44,ROW-mean-ED,1703,5397,201469,0,nrmsd_norm,14,0.44452894462918696
33764.44,ROW-mean-ED,1703,5397,201469,0,nrmsd_norm,15,0.44132843416619166
33764.44,ROW-mean-ED,1703,5397,201469,0,nrmsd_norm,16,0.42562431170842574
33764.44,ROW-mean-ED,1703,4806,201469,0,nrmsd_norm,17,0.4421066808945189
33764.44,ROW-mean-ED,1703,4806,201469,0,nrmsd_norm,18,0.45198957442831317
33764.44,ROW-mean-ED,1703,4806,201469,0,nrmsd_norm,19,0.43738345924170025
33764.44,ROW-mean-ED,1703,4806,201469,0,nrmsd_norm,20,0.4389467274393746
33764.44,ROW-mean-ED,1703,4806,201469,0,nrmsd_norm,22,0.4278011556246923
33764.44,ROW-mean-ED,1703,4806,201469,0,nrmsd_norm,24,0.4122816752258411
33764.44,ROW-mean-ED,1703,4806,201469,0,nrmsd_norm,26,0.4231350282120224
33764.44,ROW-mean-ED,1703,4806,201469,0,nrmsd_norm,28,0.42987623313479223
33764.44,ROW-mean-ED,1703,5397,201469,0,nrmsd_norm,30,0.4242568124318058
33764.44,ROW-mean-ED,1703,4175,201469,0,nrmsd_norm,32,0.414336936811062
33764.44,ROW-mean-ED,1703,4175,201469,0,nrmsd_norm,34,0.42877985714738076
33764.44,ROW-mean-ED,1703,4175,201469,0,nrmsd_norm,36,0.42274577706374383
33764.44,ROW-mean-ED,1703,4175,201469,0,nrmsd_norm,38,0.42412254674097544
33764.44,ROW-mean-ED,1703,4175,201469,0,nrmsd_norm,40,0.4364018237328766
33764.44,ROW-mean-ED,1703,4175,201469,0,nrmsd_norm,42,0.4290174455817189
33764.44,ROW-mean-ED,1703,5397,201469,0,nrmsd_norm,44,0.4255160590708898
33764.44,ROW-mean-ED,1703,5397,201469,0,nrmsd_norm,46,0.4260505449357901
33764.44,ROW-mean-ED,1703,5397,201469,0,nrmsd_norm,48,0.4268438782067324
33764.44,ROW-mean-ED,1703,5397,201469,0,nrmsd_norm,50,0.43553737884325544
33764.44,ROW-mean-ED,1703,4806,201469,0,nrmsd_norm,55,0.4322420035337483
33764.44,ROW-mean-ED,1703,1914,201469,0,nrmsd_norm,60,0.42206729434224954
33764.44,ROW-mean-ED,1703,4378,201469,0,nrmsd_norm,65,0.4324131051256066
33764.44,ROW-mean-ED,1703,1914,201469,0,nrmsd_norm,70,0.422475322874878
33764.44,ROW-mean-ED,1703,1914,201469,0,nrmsd_norm,75,0.42710443169538226
33764.44,ROW-mean-ED,1703,4201,201469,0,nrmsd_norm,80,0.42395408207451096
33764.44,ROW-mean-ED,1703,4201,201469,0,nrmsd_norm,85,0.42844657012547205
33764.44,ROW-mean-ED,1703,4201,201469,0,nrmsd_norm,90,0.42401386615870973
33764.44,ROW-mean-ED,1703,4201,201469,0,nrmsd_norm,95,0.4284076309040678
33764.44,ROW-mean-ED,1703,4201,201469,0,nrmsd_norm,100,0.43028309992864444
33764.44,ROW-mean-ED,1703,1383,94177,0,nrmsd_norm,5,0.5023722389530723
33764.44,ROW-mean-ED,1703,4762,94177,0,nrmsd_norm,6,0.4633165746396012
33764.44,ROW-mean-ED,1703,4762,94177,0,nrmsd_norm,7,0.47968179558234647
33764.44,ROW-mean-ED,1703,2476,94177,0,nrmsd_norm,8,0.5017148501344636
33764.44,ROW-mean-ED,1703,12363,94177,0,nrmsd_norm,9,0.46549754358483914
33764.44,ROW-mean-ED,1703,12363,94177,0,nrmsd_norm,10,0.47348548725883005
33764.44,ROW-mean-ED,1703,12363,94177,0,nrmsd_norm,11,0.44292627761852926
33764.44,ROW-mean-ED,1703,12363,94177,0,nrmsd_norm,12,0.43266523056719547
33764.44,ROW-mean-ED,1703,1703,94177,0,nrmsd_norm,13,0.4276529974460245
33764.44,ROW-mean-ED,1703,1703,94177,0,nrmsd_norm,14,0.45158495020269024
33764.44,ROW-mean-ED,1703,11866,94177,0,nrmsd_norm,15,0.4525367010501543
33764.44,ROW-mean-ED,1703,11866,94177,0,nrmsd_norm,16,0.43626726028638413
33764.44,ROW-mean-ED,1703,11866,94177,0,nrmsd_norm,17,0.4438490817284354
33764.44,ROW-mean-ED,1703,11866,94177,0,nrmsd_norm,18,0.453461908853279
33764.44,ROW-mean-ED,1703,889,94177,0,nrmsd_norm,19,0.43982029089682423
33764.44,ROW-mean-ED,1703,6318,94177,0,nrmsd_norm,20,0.44051576886328386
33764.44,ROW-mean-ED,1703,1703,94177,0,nrmsd_norm,22,0.4325138680009954
33764.44,ROW-mean-ED,1703,4377,94177,0,nrmsd_norm,24,0.4167995202255251
33764.44,ROW-mean-ED,1703,4377,94177,0,nrmsd_norm,26,0.42766159447917224
33764.44,ROW-mean-ED,1703,4377,94177,0,nrmsd_norm,28,0.4331826230478921
33764.44,ROW-mean-ED,1703,4201,94177,0,nrmsd_norm,30,0.42840317150938595
33764.44,ROW-mean-ED,1703,4201,94177,0,nrmsd_norm,32,0.4256110880935946
33764.44,ROW-mean-ED,1703,4201,94177,0,nrmsd_norm,34,0.4379584405916114
33764.44,ROW-mean-ED,1703,4201,94177,0,nrmsd_norm,36,0.43070973923436967
33764.44,ROW-mean-ED,1703,1703,94177,0,nrmsd_norm,38,0.43564666204171465
33764.44,ROW-mean-ED,1703,1703,94177,0,nrmsd_norm,40,0.4383600478498675
33764.44,ROW-mean-ED,1703,5397,94177,0,nrmsd_norm,42,0.4278013646584074
33764.44,ROW-mean-ED,1703,5397,94177,0,nrmsd_norm,44,0.4216649283918234
33764.44,ROW-mean-ED,1703,4201,94177,0,nrmsd_norm,46,0.42357989264648327
33764.44,ROW-mean-ED,1703,4201,94177,0,nrmsd_norm,48,0.42055357205398525
33764.44,ROW-mean-ED,1703,4201,94177,0,nrmsd_norm,50,0.4295521400577962
33764.44,ROW-mean-ED,1703,4201,94177,0,nrmsd_norm,55,0.4249126121413526
33764.44,ROW-mean-ED,1703,1703,94177,0,nrmsd_norm,60,0.4171217478411166
33764.44,ROW-mean-ED,1703,1703,94177,0,nrmsd_norm,65,0.42685394947662497
33764.44,ROW-mean-ED,1703,4201,94177,0,nrmsd_norm,70,0.41979688154919204
33764.44,ROW-mean-ED,1703,4201,94177,0,nrmsd_norm,75,0.42519170951438184
33764.44,ROW-mean-ED,1703,4201,94177,0,nrmsd_norm,80,0.42065156391841435
33764.44,ROW-mean-ED,1703,4201,94177,0,nrmsd_norm,85,0.4257288839684114
33764.44,ROW-mean-ED,1703,4201,94177,0,nrmsd_norm,90,0.4212364458645412
33764.44,ROW-mean-ED,1703,4201,94177,0,nrmsd_norm,95,0.4239387407126473
33764.44,ROW-mean-ED,1703,4201,94177,0,nrmsd_norm,100,0.42659371371133475
33764.44,ROW-min-ED(FPS),1703,6859,89250,0,nrmsd_norm,5,0.4412512994181902
33764.44,ROW-min-ED(FPS),1703,6859,89250,0,nrmsd_norm,6,0.4399967428252829
33764.44,ROW-min-ED(FPS),1703,1334,89250,0,nrmsd_norm,7,0.42957898958836255
33764.44,ROW-min-ED(FPS),1703,1334,89250,0,nrmsd_norm,8,0.42695448367650984
33764.44,ROW-min-ED(FPS),1703,5100,89250,0,nrmsd_norm,9,0.402108993126772
33764.44,ROW-min-ED(FPS),1703,5100,89250,0,nrmsd_norm,10,0.41363653872793194
33764.44,ROW-min-ED(FPS),1703,292,89250,0,nrmsd_norm,11,0.39611544604151727
33764.44,ROW-min-ED(FPS),1703,292,89250,0,nrmsd_norm,12,0.3841896268687543
33764.44,ROW-min-ED(FPS),1703,292,89250,0,nrmsd_norm,13,0.3976063435379025
33764.44,ROW-min-ED(FPS),1703,292,89250,0,nrmsd_norm,14,0.3921844064725231
33764.44,ROW-min-ED(FPS),1703,292,89250,0,nrmsd_norm,15,0.3757564461761788
33764.44,ROW-min-ED(FPS),1703,292,89250,0,nrmsd_norm,16,0.3924319331139134
33764.44,ROW-min-ED(FPS),1703,11782,89250,0,nrmsd_norm,17,0.3820012982281388
33764.44,ROW-min-ED(FPS),1703,11782,89250,0,nrmsd_norm,18,0.37153945561771257
33764.44,ROW-min-ED(FPS),1703,11782,89250,0,nrmsd_norm,19,0.38438352215823995
33764.44,ROW-min-ED(FPS),1703,4200,89250,0,nrmsd_norm,20,0.3759226607555431
33764.44,ROW-min-ED(FPS),1703,11782,89250,0,nrmsd_norm,22,0.3616197635929098
33764.44,ROW-min-ED(FPS),1703,11782,89250,0,nrmsd_norm,24,0.36221861246571035
33764.44,ROW-min-ED(FPS),1703,7548,89250,0,nrmsd_norm,26,0.3618498561917663
33764.44,ROW-min-ED(FPS),1703,4211,89250,0,nrmsd_norm,28,0.3525279410569301
33764.44,ROW-min-ED(FPS),1703,4211,89250,0,nrmsd_norm,30,0.34940988768798104
33764.44,ROW-min-ED(FPS),1703,4212,89250,0,nrmsd_norm,32,0.34666682499952434
33764.44,ROW-min-ED(FPS),1703,9328,89250,0,nrmsd_norm,34,0.3388533982116635
33764.44,ROW-min-ED(FPS),1703,9328,89250,0,nrmsd_norm,36,0.33829363389500106
33764.44,ROW-min-ED(FPS),1703,7548,89250,0,nrmsd_norm,38,0.33668038043182613
33764.44,ROW-min-ED(FPS),1703,7548,89250,0,nrmsd_norm,40,0.3378375794505325
33764.44,ROW-min-ED(FPS),1703,7548,89250,0,nrmsd_norm,42,0.3359745659348592
33764.44,ROW-min-ED(FPS),1703,7548,89250,0,nrmsd_norm,44,0.33380586775643395
33764.44,ROW-min-ED(FPS),1703,9328,89250,0,nrmsd_norm,46,0.33648163024073213
33764.44,ROW-min-ED(FPS),1703,9328,89250,0,nrmsd_norm,48,0.33993040971760163
33764.44,ROW-min-ED(FPS),1703,9328,89250,0,nrmsd_norm,50,0.34382651473990594
33764.44,ROW-min-ED(FPS),1703,10997,89250,0,nrmsd_norm,55,0.3442199248378585
33764.44,ROW-min-ED(FPS),1703,9328,89250,0,nrmsd_norm,60,0.349668133542096
33764.44,ROW-min-ED(FPS),1703,10997,89250,0,nrmsd_norm,65,0.3503771935734309
33764.44,ROW-min-ED(FPS),1703,328,89250,0,nrmsd_norm,70,0.352316880201484
33764.44,ROW-min-ED(FPS),1703,10997,89250,0,nrmsd_norm,75,0.352458976472199
33764.44,ROW-min-ED(FPS),1703,9328,89250,0,nrmsd_norm,80,0.3533851110166214
33764.44,ROW-min-ED(FPS),1703,4211,89250,0,nrmsd_norm,85,0.34608100616608467
33764.44,ROW-min-ED(FPS),1703,1703,89250,0,nrmsd_norm,90,0.34254385815701016
33764.44,ROW-min-ED(FPS),1703,4211,89250,0,nrmsd_norm,95,0.34469947391589223
33764.44,ROW-min-ED(FPS),1703,4211,89250,0,nrmsd_norm,100,0.34264480683769616
33764.44,ROW-min-ED(FPS),1703,4838,773956,0,nrmsd_norm,5,0.4721910407625036
33764.44,ROW-min-ED(FPS),1703,4838,773956,0,nrmsd_norm,6,0.45319818549577806
33764.44,ROW-min-ED(FPS),1703,1005,773956,0,nrmsd_norm,7,0.4462525752595338
33764.44,ROW-min-ED(FPS),1703,1005,773956,0,nrmsd_norm,8,0.4316686283266611
33764.44,ROW-min-ED(FPS),1703,1005,773956,0,nrmsd_norm,9,0.4157966911584257
33764.44,ROW-min-ED(FPS),1703,1005,773956,0,nrmsd_norm,10,0.4297286228129511
33764.44,ROW-min-ED(FPS),1703,1703,773956,0,nrmsd_norm,11,0.3976731937542376
33764.44,ROW-min-ED(FPS),1703,1703,773956,0,nrmsd_norm,12,0.3897623731318405
33764.44,ROW-min-ED(FPS),1703,1703,773956,0,nrmsd_norm,13,0.4071894111651094
33764.44,ROW-min-ED(FPS),1703,4201,773956,0,nrmsd_norm,14,0.3972734785510473
33764.44,ROW-min-ED(FPS),1703,4201,773956,0,nrmsd_norm,15,0.3790373899036345
33764.44,ROW-min-ED(FPS),1703,4201,773956,0,nrmsd_norm,16,0.3926069441801777
33764.44,ROW-min-ED(FPS),1703,6318,773956,0,nrmsd_norm,17,0.37731520480778735
33764.44,ROW-min-ED(FPS),1703,2071,773956,0,nrmsd_norm,18,0.3603284014282399
33764.44,ROW-min-ED(FPS),1703,4725,773956,0,nrmsd_norm,19,0.37137158648009505
33764.44,ROW-min-ED(FPS),1703,4222,773956,0,nrmsd_norm,20,0.3638014782622309
33764.44,ROW-min-ED(FPS),1703,4222,773956,0,nrmsd_norm,22,0.350276173880015
33764.44,ROW-min-ED(FPS),1703,4725,773956,0,nrmsd_norm,24,0.3508943391778316
33764.44,ROW-min-ED(FPS),1703,4222,773956,0,nrmsd_norm,26,0.34998301929033676
33764.44,ROW-min-ED(FPS),1703,7548,773956,0,nrmsd_norm,28,0.340735809210463
33764.44,ROW-min-ED(FPS),1703,2071,773956,0,nrmsd_norm,30,0.339558812331038
33764.44,ROW-min-ED(FPS),1703,4202,773956,0,nrmsd_norm,32,0.33851825074347763
33764.44,ROW-min-ED(FPS),1703,4202,773956,0,nrmsd_norm,34,0.3329987663350734
33764.44,ROW-min-ED(FPS),1703,1703,773956,0,nrmsd_norm,36,0.33807277543744196
33764.44,ROW-min-ED(FPS),1703,348,773956,0,nrmsd_norm,38,0.3344294984763964
33764.44,ROW-min-ED(FPS),1703,4377,773956,0,nrmsd_norm,40,0.3326134701418369
33764.44,ROW-min-ED(FPS),1703,4377,773956,0,nrmsd_norm,42,0.3306275166075904
33764.44,ROW-min-ED(FPS),1703,4377,773956,0,nrmsd_norm,44,0.32930588845810804
33764.44,ROW-min-ED(FPS),1703,4377,773956,0,nrmsd_norm,46,0.33222670246799874
33764.44,ROW-min-ED(FPS),1703,4377,773956,0,nrmsd_norm,48,0.3358113959312845
33764.44,ROW-min-ED(FPS),1703,4377,773956,0,nrmsd_norm,50,0.33877524833020906
33764.44,ROW-min-ED(FPS),1703,4377,773956,0,nrmsd_norm,55,0.3377602439417049
33764.44,ROW-min-ED(FPS),1703,348,773956,0,nrmsd_norm,60,0.34419166228927306
33764.44,ROW-min-ED(FPS),1703,2097,773956,0,nrmsd_norm,65,0.3450373131523594
33764.44,ROW-min-ED(FPS),1703,2097,773956,0,nrmsd_norm,70,0.34483824333731006
33764.44,ROW-min-ED(FPS),1703,348,773956,0,nrmsd_norm,75,0.3452520908420478
33764.44,ROW-min-ED(FPS),1703,348,773956,0,nrmsd_norm,80,0.34573104955602807
33764.44,ROW-min-ED(FPS),1703,348,773956,0,nrmsd_norm,85,0.34138614476099616
33764.44,ROW-min-ED(FPS),1703,348,773956,0,nrmsd_norm,90,0.3363461558906202
33764.44,ROW-min-ED(FPS),1703,348,773956,0,nrmsd_norm,95,0.33920812165365266
33764.44,ROW-min-ED(FPS),1703,348,773956,0,nrmsd_norm,100,0.33763676103345297
33764.44,ROW-min-ED(FPS),1703,5366,654571,0,nrmsd_norm,5,0.4540764116106466
33764.44,ROW-min-ED(FPS),1703,3193,654571,0,nrmsd_norm,6,0.4489249985035368
33764.44,ROW-min-ED(FPS),1703,3193,654571,0,nrmsd_norm,7,0.45421562464864024
33764.44,ROW-min-ED(FPS),1703,7629,654571,0,nrmsd_norm,8,0.43208423256049
33764.44,ROW-min-ED(FPS),1703,7629,654571,0,nrmsd_norm,9,0.4109736324984573
33764.44,ROW-min-ED(FPS),1703,7629,654571,0,nrmsd_norm,10,0.42354704558861
33764.44,ROW-min-ED(FPS),1703,4437,654571,0,nrmsd_norm,11,0.4023943703784782
33764.44,ROW-min-ED(FPS),1703,4437,654571,0,nrmsd_norm,12,0.3897239023871712
33764.44,ROW-min-ED(FPS),1703,4437,654571,0,nrmsd_norm,13,0.405019867409975
33764.44,ROW-min-ED(FPS),1703,11731,654571,0,nrmsd_norm,14,0.4069381326921345
33764.44,ROW-min-ED(FPS),1703,4211,654571,0,nrmsd_norm,15,0.39385397349332346
33764.44,ROW-min-ED(FPS),1703,4211,654571,0,nrmsd_norm,16,0.4069221760725294
33764.44,ROW-min-ED(FPS),1703,2685,654571,0,nrmsd_norm,17,0.3824938748600886
33764.44,ROW-min-ED(FPS),1703,4211,654571,0,nrmsd_norm,18,0.37075570038773753
33764.44,ROW-min-ED(FPS),1703,4211,654571,0,nrmsd_norm,19,0.38413295722049773
33764.44,ROW-min-ED(FPS),1703,4211,654571,0,nrmsd_norm,20,0.3743533756854618
33764.44,ROW-min-ED(FPS),1703,1703,654571,0,nrmsd_norm,22,0.3596632733067252
33764.44,ROW-min-ED(FPS),1703,4211,654571,0,nrmsd_norm,24,0.3588270575301648
33764.44,ROW-min-ED(FPS),1703,4211,654571,0,nrmsd_norm,26,0.3566736134201756
33764.44,ROW-min-ED(FPS),1703,2071,654571,0,nrmsd_norm,28,0.34696845487413375
33764.44,ROW-min-ED(FPS),1703,2071,654571,0,nrmsd_norm,30,0.3448482540882391
33764.44,ROW-min-ED(FPS),1703,2071,654571,0,nrmsd_norm,32,0.3445193738527287
33764.44,ROW-min-ED(FPS),1703,2071,654571,0,nrmsd_norm,34,0.3361358200169987
33764.44,ROW-min-ED(FPS),1703,2071,654571,0,nrmsd_norm,36,0.33630292798408645
33764.44,ROW-min-ED(FPS),1703,4202,654571,0,nrmsd_norm,38,0.33427017496065703
33764.44,ROW-min-ED(FPS),1703,2071,654571,0,nrmsd_norm,40,0.3377172816401598
33764.44,ROW-min-ED(FPS),1703,4202,654571,0,nrmsd_norm,42,0.33434135653018476
33764.44,ROW-min-ED(FPS),1703,4202,654571,0,nrmsd_norm,44,0.33074025885546604
33764.44,ROW-min-ED(FPS),1703,4202,654571,0,nrmsd_norm,46,0.33213603551136106
33764.44,ROW-min-ED(FPS),1703,4202,654571,0,nrmsd_norm,48,0.33717018994870573
33764.44,ROW-min-ED(FPS),1703,4202,654571,0,nrmsd_norm,50,0.3395260738434959
33764.44,ROW-min-ED(FPS),1703,4202,654571,0,nrmsd_norm,55,0.3385403961237417
33764.44,ROW-min-ED(FPS),1703,4202,654571,0,nrmsd_norm,60,0.3453974288260588
33764.44,ROW-min-ED(FPS),1703,2071,654571,0,nrmsd_norm,65,0.34149612863738865
33764.44,ROW-min-ED(FPS),1703,2071,654571,0,nrmsd_norm,70,0.3398844286709573
33764.44,ROW-min-ED(FPS),1703,2071,654571,0,nrmsd_norm,75,0.33966192190271594
33764.44,ROW-min-ED(FPS),1703,4222,654571,0,nrmsd_norm,80,0.33864689071488435
33764.44,ROW-min-ED(FPS),1703,4222,654571,0,nrmsd_norm,85,0.3350693009243993
33764.44,ROW-min-ED(FPS),1703,10951,654571,0,nrmsd_norm,90,0.33261383413817774
33764.44,ROW-min-ED(FPS),1703,10951,654571,0,nrmsd_norm,95,0.3360910954777787
33764.44,ROW-min-ED(FPS),1703,10951,654571,0,nrmsd_norm,100,0.3354131453090651
33764.44,ROW-min-ED(FPS),1703,2071,438878,0,nrmsd_norm,5,0.453251593851987
33764.44,ROW-min-ED(FPS),1703,2071,438878,0,nrmsd_norm,6,0.4501414895863275
33764.44,ROW-min-ED(FPS),1703,6340,438878,0,nrmsd_norm,7,0.4437202130439271
33764.44,ROW-min-ED(FPS),1703,3017,438878,0,nrmsd_norm,8,0.44283482013915687
33764.44,ROW-min-ED(FPS),1703,3017,438878,0,nrmsd_norm,9,0.419399469357146
33764.44,ROW-min-ED(FPS),1703,3017,438878,0,nrmsd_norm,10,0.4313293581105448
33764.44,ROW-min-ED(FPS),1703,10406,438878,0,nrmsd_norm,11,0.40557259239770177
33764.44,ROW-min-ED(FPS),1703,4175,438878,0,nrmsd_norm,12,0.39356947715705776
33764.44,ROW-min-ED(FPS),1703,4175,438878,0,nrmsd_norm,13,0.4073935149994279
33764.44,ROW-min-ED(FPS),1703,292,438878,0,nrmsd_norm,14,0.4025807852648756
33764.44,ROW-min-ED(FPS),1703,292,438878,0,nrmsd_norm,15,0.38581890389762646
33764.44,ROW-min-ED(FPS),1703,292,438878,0,nrmsd_norm,16,0.4030364541774582
33764.44,ROW-min-ED(FPS),1703,373,438878,0,nrmsd_norm,17,0.3950104081231473
33764.44,ROW-min-ED(FPS),1703,373,438878,0,nrmsd_norm,18,0.3874103980499692
33764.44,ROW-min-ED(FPS),1703,373,438878,0,nrmsd_norm,19,0.3985455827445306
33764.44,ROW-min-ED(FPS),1703,373,438878,0,nrmsd_norm,20,0.39081054292014655
33764.44,ROW-min-ED(FPS),1703,373,438878,0,nrmsd_norm,22,0.3747804519887423
33764.44,ROW-min-ED(FPS),1703,373,438878,0,nrmsd_norm,24,0.37743830428577296
33764.44,ROW-min-ED(FPS),1703,4222,438878,0,nrmsd_norm,26,0.37662030448346606
33764.44,ROW-min-ED(FPS),1703,1557,438878,0,nrmsd_norm,28,0.3644787243870234
33764.44,ROW-min-ED(FPS),1703,9328,438878,0,nrmsd_norm,30,0.3609094201727623
33764.44,ROW-min-ED(FPS),1703,9328,438878,0,nrmsd_norm,32,0.3592866328466119
33764.44,ROW-min-ED(FPS),1703,10997,438878,0,nrmsd_norm,34,0.35085454128272076
33764.44,ROW-min-ED(FPS),1703,9328,438878,0,nrmsd_norm,36,0.3502184874364609
33764.44,ROW-min-ED(FPS),1703,9328,438878,0,nrmsd_norm,38,0.346997197027689
33764.44,ROW-min-ED(FPS),1703,9328,438878,0,nrmsd_norm,40,0.3477560930837018
33764.44,ROW-min-ED(FPS),1703,9328,438878,0,nrmsd_norm,42,0.3455817911438433
33764.44,ROW-min-ED(FPS),1703,4725,438878,0,nrmsd_norm,44,0.34229506969514073
33764.44,ROW-min-ED(FPS),1703,4725,438878,0,nrmsd_norm,46,0.3438937813129992
33764.44,ROW-min-ED(FPS),1703,4725,438878,0,nrmsd_norm,48,0.3471611574999173
33764.44,ROW-min-ED(FPS),1703,4254,438878,0,nrmsd_norm,50,0.35038850865099086
33764.44,ROW-min-ED(FPS),1703,4725,438878,0,nrmsd_norm,55,0.3478981706560882
33764.44,ROW-min-ED(FPS),1703,9328,438878,0,nrmsd_norm,60,0.3531854186857858
33764.44,ROW-min-ED(FPS),1703,9328,438878,0,nrmsd_norm,65,0.3501614028801066
33764.44,ROW-min-ED(FPS),1703,4725,438878,0,nrmsd_norm,70,0.35089588425978546
33764.44,ROW-min-ED(FPS),1703,4725,438878,0,nrmsd_norm,75,0.3515454752612988
33764.44,ROW-min-ED(FPS),1703,4725,438878,0,nrmsd_norm,80,0.3521570428642292
33764.44,ROW-min-ED(FPS),1703,4222,438878,0,nrmsd_norm,85,0.3463006502103472
33764.44,ROW-min-ED(FPS),1703,4222,438878,0,nrmsd_norm,90,0.3425883225343609
33764.44,ROW-min-ED(FPS),1703,7548,438878,0,nrmsd_norm,95,0.3449570971101778
33764.44,ROW-min-ED(FPS),1703,7548,438878,0,nrmsd_norm,100,0.3423898196279599
33764.44,ROW-min-ED(FPS),1703,9259,433015,0,nrmsd_norm,5,0.4816736380215222
33764.44,ROW-min-ED(FPS),1703,4244,433015,0,nrmsd_norm,6,0.45934865931196683
33764.44,ROW-min-ED(FPS),1703,5362,433015,0,nrmsd_norm,7,0.44358316619108923
33764.44,ROW-min-ED(FPS),1703,10807,433015,0,nrmsd_norm,8,0.4213942819922054
33764.44,ROW-min-ED(FPS),1703,10807,433015,0,nrmsd_norm,9,0.4055264144566623
33764.44,ROW-min-ED(FPS),1703,10807,433015,0,nrmsd_norm,10,0.4228013527425389
33764.44,ROW-min-ED(FPS),1703,1005,433015,0,nrmsd_norm,11,0.4051940106493191
33764.44,ROW-min-ED(FPS),1703,4201,433015,0,nrmsd_norm,12,0.39610435000332894
33764.44,ROW-min-ED(FPS),1703,4201,433015,0,nrmsd_norm,13,0.4131121764756009
33764.44,ROW-min-ED(FPS),1703,1914,433015,0,nrmsd_norm,14,0.40194895753715115
33764.44,ROW-min-ED(FPS),1703,1914,433015,0,nrmsd_norm,15,0.3885685172833771
33764.44,ROW-min-ED(FPS),1703,1914,433015,0,nrmsd_norm,16,0.4020416488647426
33764.44,ROW-min-ED(FPS),1703,4367,433015,0,nrmsd_norm,17,0.38006234534237915
33764.44,ROW-min-ED(FPS),1703,4367,433015,0,nrmsd_norm,18,0.3672405879549981
33764.44,ROW-min-ED(FPS),1703,4367,433015,0,nrmsd_norm,19,0.3784518144731933
33764.44,ROW-min-ED(FPS),1703,4378,433015,0,nrmsd_norm,20,0.3702526056054969
33764.44,ROW-min-ED(FPS),1703,4378,433015,0,nrmsd_norm,22,0.3545416389260493
33764.44,ROW-min-ED(FPS),1703,1914,433015,0,nrmsd_norm,24,0.35867756517693505
33764.44,ROW-min-ED(FPS),1703,4378,433015,0,nrmsd_norm,26,0.35297109262816834
33764.44,ROW-min-ED(FPS),1703,4378,433015,0,nrmsd_norm,28,0.34229944677866225
33764.44,ROW-min-ED(FPS),1703,4367,433015,0,nrmsd_norm,30,0.33884831151499484
33764.44,ROW-min-ED(FPS),1703,1005,433015,0,nrmsd_norm,32,0.3372090250811379
33764.44,ROW-min-ED(FPS),1703,1005,433015,0,nrmsd_norm,34,0.3310442057487646
33764.44,ROW-min-ED(FPS),1703,1005,433015,0,nrmsd_norm,36,0.3332650831135423
33764.44,ROW-min-ED(FPS),1703,9891,433015,0,nrmsd_norm,38,0.32766691134220954
33764.44,ROW-min-ED(FPS),1703,9891,433015,0,nrmsd_norm,40,0.3260624196900413
33764.44,ROW-min-ED(FPS),1703,9891,433015,0,nrmsd_norm,42,0.325677625062404
33764.44,ROW-min-ED(FPS),1703,9891,433015,0,nrmsd_norm,44,0.3238519272896498
33764.44,ROW-min-ED(FPS),1703,9891,433015,0,nrmsd_norm,46,0.3269448406380981
33764.44,ROW-min-ED(FPS),1703,9891,433015,0,nrmsd_norm,48,0.32979055127511153
33764.44,ROW-min-ED(FPS),1703,9891,433015,0,nrmsd_norm,50,0.3339440862136882
33764.44,ROW-min-ED(FPS),1703,680,433015,0,nrmsd_norm,55,0.33569060291321656
33764.44,ROW-min-ED(FPS),1703,501,433015,0,nrmsd_norm,60,0.3401579066483567
33764.44,ROW-min-ED(FPS),1703,680,433015,0,nrmsd_norm,65,0.3373054856669116
33764.44,ROW-min-ED(FPS),1703,680,433015,0,nrmsd_norm,70,0.33601751410529745
33764.44,ROW-min-ED(FPS),1703,680,433015,0,nrmsd_norm,75,0.33354372071532806
33764.44,ROW-min-ED(FPS),1703,4201,433015,0,nrmsd_norm,80,0.33537242424040514
33764.44,ROW-min-ED(FPS),1703,4201,433015,0,nrmsd_norm,85,0.3340523665637015
33764.44,ROW-min-ED(FPS),1703,4202,433015,0,nrmsd_norm,90,0.3296855972217423
33764.44,ROW-min-ED(FPS),1703,4202,433015,0,nrmsd_norm,95,0.33138252833789755
33764.44,ROW-min-ED(FPS),1703,4202,433015,0,nrmsd_norm,100,0.3303013374458458
33764.44,ROW-min-ED(FPS),1703,2127,858597,0,nrmsd_norm,5,0.4676281154205585
33764.44,ROW-min-ED(FPS),1703,2127,858597,0,nrmsd_norm,6,0.46009874355800284
33764.44,ROW-min-ED(FPS),1703,4376,858597,0,nrmsd_norm,7,0.4321481879858724
33764.44,ROW-min-ED(FPS),1703,6340,858597,0,nrmsd_norm,8,0.40713510767387423
33764.44,ROW-min-ED(FPS),1703,6340,858597,0,nrmsd_norm,9,0.4069634294614109
33764.44,ROW-min-ED(FPS),1703,6340,858597,0,nrmsd_norm,10,0.4210174045529789
33764.44,ROW-min-ED(FPS),1703,1163,858597,0,nrmsd_norm,11,0.3983756869525571
33764.44,ROW-min-ED(FPS),1703,4266,858597,0,nrmsd_norm,12,0.38394260625623067
33764.44,ROW-min-ED(FPS),1703,727,858597,0,nrmsd_norm,13,0.4098713943035858
33764.44,ROW-min-ED(FPS),1703,4405,858597,0,nrmsd_norm,14,0.4049931994073729
33764.44,ROW-min-ED(FPS),1703,4407,858597,0,nrmsd_norm,15,0.390712102544054
33764.44,ROW-min-ED(FPS),1703,4407,858597,0,nrmsd_norm,16,0.40312276816893633
33764.44,ROW-min-ED(FPS),1703,4405,858597,0,nrmsd_norm,17,0.3861674696917821
33764.44,ROW-min-ED(FPS),1703,4405,858597,0,nrmsd_norm,18,0.3610842342484355
33764.44,ROW-min-ED(FPS),1703,4405,858597,0,nrmsd_norm,19,0.3751230714666459
33764.44,ROW-min-ED(FPS),1703,4186,858597,0,nrmsd_norm,20,0.36774982614987844
33764.44,ROW-min-ED(FPS),1703,4364,858597,0,nrmsd_norm,22,0.3612469753269225
33764.44,ROW-min-ED(FPS),1703,4364,858597,0,nrmsd_norm,24,0.36099598120511855
33764.44,ROW-min-ED(FPS),1703,183,858597,0,nrmsd_norm,26,0.3599133919602351
33764.44,ROW-min-ED(FPS),1703,183,858597,0,nrmsd_norm,28,0.34908975969495454
33764.44,ROW-min-ED(FPS),1703,4376,858597,0,nrmsd_norm,30,0.34423571241471834
33764.44,ROW-min-ED(FPS),1703,183,858597,0,nrmsd_norm,32,0.3425112368430331
33764.44,ROW-min-ED(FPS),1703,183,858597,0,nrmsd_norm,34,0.3347238945018183
33764.44,ROW-min-ED(FPS),1703,183,858597,0,nrmsd_norm,36,0.33780754291098003
33764.44,ROW-min-ED(FPS),1703,348,858597,0,nrmsd_norm,38,0.33521676698605973
33764.44,ROW-min-ED(FPS),1703,2097,858597,0,nrmsd_norm,40,0.33221159228983077
33764.44,ROW-min-ED(FPS),1703,2097,858597,0,nrmsd_norm,42,0.33346942996695694
33764.44,ROW-min-ED(FPS),1703,2097,858597,0,nrmsd_norm,44,0.33166382899654423
33764.44,ROW-min-ED(FPS),1703,2097,858597,0,nrmsd_norm,46,0.3341324901570412
33764.44,ROW-min-ED(FPS),1703,348,858597,0,nrmsd_norm,48,0.3374237331658889
33764.44,ROW-min-ED(FPS),1703,348,858597,0,nrmsd_norm,50,0.34100004510103304
33764.44,ROW-min-ED(FPS),1703,2097,858597,0,nrmsd_norm,55,0.33668364180409727
33764.44,ROW-min-ED(FPS),1703,4377,858597,0,nrmsd_norm,60,0.34190180675849713
33764.44,ROW-min-ED(FPS),1703,4377,858597,0,nrmsd_norm,65,0.33824661052930477
33764.44,ROW-min-ED(FPS),1703,4377,858597,0,nrmsd_norm,70,0.3367747193841876
33764.44,ROW-min-ED(FPS),1703,680,858597,0,nrmsd_norm,75,0.3361439647936879
33764.44,ROW-min-ED(FPS),1703,680,858597,0,nrmsd_norm,80,0.33901939741116677
33764.44,ROW-min-ED(FPS),1703,680,858597,0,nrmsd_norm,85,0.33653114873794543
33764.44,ROW-min-ED(FPS),1703,680,858597,0,nrmsd_norm,90,0.3317622212630884
33764.44,ROW-min-ED(FPS),1703,1005,858597,0,nrmsd_norm,95,0.33335709444688166
33764.44,ROW-min-ED(FPS),1703,1005,858597,0,nrmsd_norm,100,0.33304668120208625
33764.44,ROW-min-ED(FPS),1703,727,85945,0,nrmsd_norm,5,0.4998127363830068
33764.44,ROW-min-ED(FPS),1703,2840,85945,0,nrmsd_norm,6,0.46830923102917305
33764.44,ROW-min-ED(FPS),1703,12133,85945,0,nrmsd_norm,7,0.43616820759107844
33764.44,ROW-min-ED(FPS),1703,3347,85945,0,nrmsd_norm,8,0.43335129250551313
33764.44,ROW-min-ED(FPS),1703,3347,85945,0,nrmsd_norm,9,0.40921119504833925
33764.44,ROW-min-ED(FPS),1703,3347,85945,0,nrmsd_norm,10,0.4249599518805613
33764.44,ROW-min-ED(FPS),1703,2481,85945,0,nrmsd_norm,11,0.41137173381538117
33764.44,ROW-min-ED(FPS),1703,2481,85945,0,nrmsd_norm,12,0.3903997239698288
33764.44,ROW-min-ED(FPS),1703,2481,85945,0,nrmsd_norm,13,0.4121366187363466
33764.44,ROW-min-ED(FPS),1703,2481,85945,0,nrmsd_norm,14,0.4008411664385827
33764.44,ROW-min-ED(FPS),1703,12465,85945,0,nrmsd_norm,15,0.3905661414068836
33764.44,ROW-min-ED(FPS),1703,12465,85945,0,nrmsd_norm,16,0.4041026233796365
33764.44,ROW-min-ED(FPS),1703,12465,85945,0,nrmsd_norm,17,0.39184935725891706
33764.44,ROW-min-ED(FPS),1703,12465,85945,0,nrmsd_norm,18,0.3785986585732751
33764.44,ROW-min-ED(FPS),1703,12465,85945,0,nrmsd_norm,19,0.3906456122535399
33764.44,ROW-min-ED(FPS),1703,4806,85945,0,nrmsd_norm,20,0.3836231559506188
33764.44,ROW-min-ED(FPS),1703,10888,85945,0,nrmsd_norm,22,0.3693653147853217
33764.44,ROW-min-ED(FPS),1703,5397,85945,0,nrmsd_norm,24,0.3725505376373143
33764.44,ROW-min-ED(FPS),1703,11115,85945,0,nrmsd_norm,26,0.36638420413130807
33764.44,ROW-min-ED(FPS),1703,11115,85945,0,nrmsd_norm,28,0.35664530172213477
33764.44,ROW-min-ED(FPS),1703,1703,85945,0,nrmsd_norm,30,0.35289048076709484
33764.44,ROW-min-ED(FPS),1703,1703,85945,0,nrmsd_norm,32,0.34767574934416035
33764.44,ROW-min-ED(FPS),1703,1703,85945,0,nrmsd_norm,34,0.3410764677641203
33764.44,ROW-min-ED(FPS),1703,4202,85945,0,nrmsd_norm,36,0.34007528231541656
33764.44,ROW-min-ED(FPS),1703,1703,85945,0,nrmsd_norm,38,0.3366060408183469
33764.44,ROW-min-ED(FPS),1703,4201,85945,0,nrmsd_norm,40,0.3346894326406806
33764.44,ROW-min-ED(FPS),1703,4201,85945,0,nrmsd_norm,42,0.3313667846931292
33764.44,ROW-min-ED(FPS),1703,1703,85945,0,nrmsd_norm,44,0.32912205221514557
33764.44,ROW-min-ED(FPS),1703,1703,85945,0,nrmsd_norm,46,0.33082545606302277
33764.44,ROW-min-ED(FPS),1703,1703,85945,0,nrmsd_norm,48,0.33556085398011715
33764.44,ROW-min-ED(FPS),1703,1703,85945,0,nrmsd_norm,50,0.33652252965984286
33764.44,ROW-min-ED(FPS),1703,1703,85945,0,nrmsd_norm,55,0.33584419993957587
33764.44,ROW-min-ED(FPS),1703,1703,85945,0,nrmsd_norm,60,0.34080070486806674
33764.44,ROW-min-ED(FPS),1703,4202,85945,0,nrmsd_norm,65,0.3409633856610127
33764.44,ROW-min-ED(FPS),1703,1703,85945,0,nrmsd_norm,70,0.34031266062866894
33764.44,ROW-min-ED(FPS),1703,1703,85945,0,nrmsd_norm,75,0.34066285115692396
33764.44,ROW-min-ED(FPS),1703,1703,85945,0,nrmsd_norm,80,0.341949591594345
33764.44,ROW-min-ED(FPS),1703,4202,85945,0,nrmsd_norm,85,0.34068368758851825
33764.44,ROW-min-ED(FPS),1703,7548,85945,0,nrmsd_norm,90,0.33490172338697743
33764.44,ROW-min-ED(FPS),1703,7548,85945,0,nrmsd_norm,95,0.336882033622043
33764.44,ROW-min-ED(FPS),1703,2071,85945,0,nrmsd_norm,100,0.3355089906700892
33764.44,ROW-min-ED(FPS),1703,1170,697368,0,nrmsd_norm,5,0.44750180979382265
33764.44,ROW-min-ED(FPS),1703,4843,697368,0,nrmsd_norm,6,0.4383734085603311
33764.44,ROW-min-ED(FPS),1703,4378,697368,0,nrmsd_norm,7,0.4301198276474291
33764.44,ROW-min-ED(FPS),1703,1914,697368,0,nrmsd_norm,8,0.419735976712915
33764.44,ROW-min-ED(FPS),1703,6358,697368,0,nrmsd_norm,9,0.41270409360876675
33764.44,ROW-min-ED(FPS),1703,6358,697368,0,nrmsd_norm,10,0.42746337995278877
33764.44,ROW-min-ED(FPS),1703,12238,697368,0,nrmsd_norm,11,0.3971082751925627
33764.44,ROW-min-ED(FPS),1703,12238,697368,0,nrmsd_norm,12,0.38764525280192313
33764.44,ROW-min-ED(FPS),1703,12238,697368,0,nrmsd_norm,13,0.402171765392879
33764.44,ROW-min-ED(FPS),1703,11782,697368,0,nrmsd_norm,14,0.3941364297973167
33764.44,ROW-min-ED(FPS),1703,2127,697368,0,nrmsd_norm,15,0.38431656666437236
33764.44,ROW-min-ED(FPS),1703,2127,697368,0,nrmsd_norm,16,0.3992735238451461
33764.44,ROW-min-ED(FPS),1703,4214,697368,0,nrmsd_norm,17,0.38580887315274837
33764.44,ROW-min-ED(FPS),1703,4200,697368,0,nrmsd_norm,18,0.3722975006454775
33764.44,ROW-min-ED(FPS),1703,4200,697368,0,nrmsd_norm,19,0.38303868705416594
33764.44,ROW-min-ED(FPS),1703,4200,697368,0,nrmsd_norm,20,0.37296485858938805
33764.44,ROW-min-ED(FPS),1703,2071,697368,0,nrmsd_norm,22,0.35952518601445926
33764.44,ROW-min-ED(FPS),1703,2071,697368,0,nrmsd_norm,24,0.3596564012888774
33764.44,ROW-min-ED(FPS),1703,4222,697368,0,nrmsd_norm,26,0.3554648069317113
33764.44,ROW-min-ED(FPS),1703,7548,697368,0,nrmsd_norm,28,0.34712517858352904
33764.44,ROW-min-ED(FPS),1703,2071,697368,0,nrmsd_norm,30,0.3452726852958155
33764.44,ROW-min-ED(FPS),1703,4222,697368,0,nrmsd_norm,32,0.3439350202599426
33764.44,ROW-min-ED(FPS),1703,4222,697368,0,nrmsd_norm,34,0.3350262960841607
33764.44,ROW-min-ED(FPS),1703,4222,697368,0,nrmsd_norm,36,0.33630873548175966
33764.44,ROW-min-ED(FPS),1703,2071,697368,0,nrmsd_norm,38,0.33684697192581387
33764.44,ROW-min-ED(FPS),1703,2071,697368,0,nrmsd_norm,40,0.3367624562603083
33764.44,ROW-min-ED(FPS),1703,2071,697368,0,nrmsd_norm,42,0.3355467560213208
33764.44,ROW-min-ED(FPS),1703,2071,697368,0,nrmsd_norm,44,0.33196855145721915
33764.44,ROW-min-ED(FPS),1703,2071,697368,0,nrmsd_norm,46,0.3350138089129578
33764.44,ROW-min-ED(FPS),1703,2071,697368,0,nrmsd_norm,48,0.340580106732983
33764.44,ROW-min-ED(FPS),1703,2071,697368,0,nrmsd_norm,50,0.3449857898789281
33764.44,ROW-min-ED(FPS),1703,7548,697368,0,nrmsd_norm,55,0.3442084067415758
33764.44,ROW-min-ED(FPS),1703,7548,697368,0,nrmsd_norm,60,0.3497204745741769
33764.44,ROW-min-ED(FPS),1703,4211,697368,0,nrmsd_norm,65,0.34980173398942954
33764.44,ROW-min-ED(FPS),1703,4211,697368,0,nrmsd_norm,70,0.3501498758577934
33764.44,ROW-min-ED(FPS),1703,7548,697368,0,nrmsd_norm,75,0.3507239605824608
33764.44,ROW-min-ED(FPS),1703,4211,697368,0,nrmsd_norm,80,0.3512563746391803
33764.44,ROW-min-ED(FPS),1703,4211,697368,0,nrmsd_norm,85,0.34497188174513443
33764.44,ROW-min-ED(FPS),1703,4211,697368,0,nrmsd_norm,90,0.34049461699140016
33764.44,ROW-min-ED(FPS),1703,7548,697368,0,nrmsd_norm,95,0.3431593272588459
33764.44,ROW-min-ED(FPS),1703,7548,697368,0,nrmsd_norm,100,0.34127867587480054
33764.44,ROW-min-ED(FPS),1703,6859,201469,0,nrmsd_norm,5,0.45292937933597416
33764.44,ROW-min-ED(FPS),1703,1695,201469,0,nrmsd_norm,6,0.44745907032841054
33764.44,ROW-min-ED(FPS),1703,348,201469,0,nrmsd_norm,7,0.43464053133576674
33764.44,ROW-min-ED(FPS),1703,1005,201469,0,nrmsd_norm,8,0.41875218589034835
33764.44,ROW-min-ED(FPS),1703,4201,201469,0,nrmsd_norm,9,0.4180642199812243
33764.44,ROW-min-ED(FPS),1703,2071,201469,0,nrmsd_norm,10,0.433966987636015
33764.44,ROW-min-ED(FPS),1703,4392,201469,0,nrmsd_norm,11,0.41343491311480196
33764.44,ROW-min-ED(FPS),1703,4392,201469,0,nrmsd_norm,12,0.39339245567326436
33764.44,ROW-min-ED(FPS),1703,4392,201469,0,nrmsd_norm,13,0.40851034792808244
33764.44,ROW-min-ED(FPS),1703,6340,201469,0,nrmsd_norm,14,0.4024867926673983
33764.44,ROW-min-ED(FPS),1703,6340,201469,0,nrmsd_norm,15,0.385770428674533
33764.44,ROW-min-ED(FPS),1703,6340,201469,0,nrmsd_norm,16,0.4028446894522956
33764.44,ROW-min-ED(FPS),1703,348,201469,0,nrmsd_norm,17,0.3833259767741832
33764.44,ROW-min-ED(FPS),1703,183,201469,0,nrmsd_norm,18,0.3632885368005399
33764.44,ROW-min-ED(FPS),1703,183,201469,0,nrmsd_norm,19,0.37954044187227853
33764.44,ROW-min-ED(FPS),1703,348,201469,0,nrmsd_norm,20,0.37221712353307124
33764.44,ROW-min-ED(FPS),1703,2097,201469,0,nrmsd_norm,22,0.353717540296629
33764.44,ROW-min-ED(FPS),1703,2097,201469,0,nrmsd_norm,24,0.35421445275126273
33764.44,ROW-min-ED(FPS),1703,2097,201469,0,nrmsd_norm,26,0.3541206047819898
33764.44,ROW-min-ED(FPS),1703,680,201469,0,nrmsd_norm,28,0.34286440334345053
33764.44,ROW-min-ED(FPS),1703,680,201469,0,nrmsd_norm,30,0.339644394742289
33764.44,ROW-min-ED(FPS),1703,680,201469,0,nrmsd_norm,32,0.3390628297857761
33764.44,ROW-min-ED(FPS),1703,680,201469,0,nrmsd_norm,34,0.3324591370744835
33764.44,ROW-min-ED(FPS),1703,680,201469,0,nrmsd_norm,36,0.33267931382162147
33764.44,ROW-min-ED(FPS),1703,680,201469,0,nrmsd_norm,38,0.32950722534527865
33764.44,ROW-min-ED(FPS),1703,680,201469,0,nrmsd_norm,40,0.3319289567518374
33764.44,ROW-min-ED(FPS),1703,680,201469,0,nrmsd_norm,42,0.33118514120077586
33764.44,ROW-min-ED(FPS),1703,680,201469,0,nrmsd_norm,44,0.32774211478015164
33764.44,ROW-min-ED(FPS),1703,680,201469,0,nrmsd_norm,46,0.3297612210795405
33764.44,ROW-min-ED(FPS),1703,680,201469,0,nrmsd_norm,48,0.333452200653952
33764.44,ROW-min-ED(FPS),1703,4201,201469,0,nrmsd_norm,50,0.3360584587076222
33764.44,ROW-min-ED(FPS),1703,1703,201469,0,nrmsd_norm,55,0.337999745929315
33764.44,ROW-min-ED(FPS),1703,1703,201469,0,nrmsd_norm,60,0.3435467254202928
33764.44,ROW-min-ED(FPS),1703,1703,201469,0,nrmsd_norm,65,0.34282395508253805
33764.44,ROW-min-ED(FPS),1703,4377,201469,0,nrmsd_norm,70,0.3413072822884439
33764.44,ROW-min-ED(FPS),1703,1703,201469,0,nrmsd_norm,75,0.340467803811305
33764.44,ROW-min-ED(FPS),1703,1703,201469,0,nrmsd_norm,80,0.3431543688691223
33764.44,ROW-min-ED(FPS),1703,1703,201469,0,nrmsd_norm,85,0.34004571059071886
33764.44,ROW-min-ED(FPS),1703,1703,201469,0,nrmsd_norm,90,0.3353045510600909
33764.44,ROW-min-ED(FPS),1703,1703,201469,0,nrmsd_norm,95,0.33856189339326825
33764.44,ROW-min-ED(FPS),1703,4211,201469,0,nrmsd_norm,100,0.33658667441715445
33764.44,ROW-min-ED(FPS),1703,183,94177,0,nrmsd_norm,5,0.5208544829077
33764.44,ROW-min-ED(FPS),1703,183,94177,0,nrmsd_norm,6,0.4812511600599051
33764.44,ROW-min-ED(FPS),1703,2097,94177,0,nrmsd_norm,7,0.46106519195446555
33764.44,ROW-min-ED(FPS),1703,2097,94177,0,nrmsd_norm,8,0.4340353093685583
33764.44,ROW-min-ED(FPS),1703,415,94177,0,nrmsd_norm,9,0.41843379771530104
33764.44,ROW-min-ED(FPS),1703,415,94177,0,nrmsd_norm,10,0.43213228208823345
33764.44,ROW-min-ED(FPS),1703,501,94177,0,nrmsd_norm,11,0.413407606015277
33764.44,ROW-min-ED(FPS),1703,501,94177,0,nrmsd_norm,12,0.40608915001056023
33764.44,ROW-min-ED(FPS),1703,2097,94177,0,nrmsd_norm,13,0.43972497807960315
33764.44,ROW-min-ED(FPS),1703,501,94177,0,nrmsd_norm,14,0.4240231269611554
33764.44,ROW-min-ED(FPS),1703,501,94177,0,nrmsd_norm,15,0.41033756824750167
33764.44,ROW-min-ED(FPS),1703,501,94177,0,nrmsd_norm,16,0.42206117939476145
33764.44,ROW-min-ED(FPS),1703,501,94177,0,nrmsd_norm,17,0.4026988819812961
33764.44,ROW-min-ED(FPS),1703,4362,94177,0,nrmsd_norm,18,0.3928133412425617
33764.44,ROW-min-ED(FPS),1703,4362,94177,0,nrmsd_norm,19,0.4035353699635553
33764.44,ROW-min-ED(FPS),1703,10902,94177,0,nrmsd_norm,20,0.3971284261043692
33764.44,ROW-min-ED(FPS),1703,1005,94177,0,nrmsd_norm,22,0.3826005979167166
33764.44,ROW-min-ED(FPS),1703,1005,94177,0,nrmsd_norm,24,0.37977662816606195
33764.44,ROW-min-ED(FPS),1703,1005,94177,0,nrmsd_norm,26,0.3735599474505396
33764.44,ROW-min-ED(FPS),1703,4378,94177,0,nrmsd_norm,28,0.36316744041314103
33764.44,ROW-min-ED(FPS),1703,4378,94177,0,nrmsd_norm,30,0.3587611938468949
33764.44,ROW-min-ED(FPS),1703,1914,94177,0,nrmsd_norm,32,0.35584159832549844
33764.44,ROW-min-ED(FPS),1703,1005,94177,0,nrmsd_norm,34,0.34846033802964493
33764.44,ROW-min-ED(FPS),1703,4200,94177,0,nrmsd_norm,36,0.3495294668728993
33764.44,ROW-min-ED(FPS),1703,10951,94177,0,nrmsd_norm,38,0.3458312120023616
33764.44,ROW-min-ED(FPS),1703,10951,94177,0,nrmsd_norm,40,0.3491237260417518
33764.44,ROW-min-ED(FPS),1703,10951,94177,0,nrmsd_norm,42,0.34152618469799617
33764.44,ROW-min-ED(FPS),1703,12100,94177,0,nrmsd_norm,44,0.3390811998381729
33764.44,ROW-min-ED(FPS),1703,6318,94177,0,nrmsd_norm,46,0.34151842444116737
33764.44,ROW-min-ED(FPS),1703,6318,94177,0,nrmsd_norm,48,0.3449357427801807
33764.44,ROW-min-ED(FPS),1703,6318,94177,0,nrmsd_norm,50,0.3457211690017136
33764.44,ROW-min-ED(FPS),1703,12100,94177,0,nrmsd_norm,55,0.3435614316847388
33764.44,ROW-min-ED(FPS),1703,2071,94177,0,nrmsd_norm,60,0.3496936450816067
33764.44,ROW-min-ED(FPS),1703,2071,94177,0,nrmsd_norm,65,0.3444822063559699
33764.44,ROW-min-ED(FPS),1703,2071,94177,0,nrmsd_norm,70,0.34653102954902637
33764.44,ROW-min-ED(FPS),1703,889,94177,0,nrmsd_norm,75,0.3458682205964499
33764.44,ROW-min-ED(FPS),1703,889,94177,0,nrmsd_norm,80,0.34907777169893933
33764.44,ROW-min-ED(FPS),1703,4222,94177,0,nrmsd_norm,85,0.34365394261617294
33764.44,ROW-min-ED(FPS),1703,2071,94177,0,nrmsd_norm,90,0.340582757092095
33764.44,ROW-min-ED(FPS),1703,2071,94177,0,nrmsd_norm,95,0.34292308026056983
33764.44,ROW-min-ED(FPS),1703,2071,94177,0,nrmsd_norm,100,0.3450338971585538
33764.44,COL-mean-ED,1703,2154,89250,0,nrmsd_norm,5,0.7354179351407429
33764.44,COL-mean-ED,1703,6594,89250,0,nrmsd_norm,6,0.7654916027719817
33764.44,COL-mean-ED,1703,3524,89250,0,nrmsd_norm,7,0.7906203591014904
33764.44,COL-mean-ED,1703,3655,89250,0,nrmsd_norm,8,0.7900945982743133
33764.44,COL-mean-ED,1703,11759,89250,0,nrmsd_norm,9,0.788936510221459
33764.44,COL-mean-ED,1703,3525,89250,0,nrmsd_norm,10,0.7997519331893378
33764.44,COL-mean-ED,1703,3525,89250,0,nrmsd_norm,11,0.7929687011005349
33764.44,COL-mean-ED,1703,989,89250,0,nrmsd_norm,12,0.7884284031908759
33764.44,COL-mean-ED,1703,989,89250,0,nrmsd_norm,13,0.7765004313470071
33764.44,COL-mean-ED,1703,989,89250,0,nrmsd_norm,14,0.781627621073896
33764.44,COL-mean-ED,1703,989,89250,0,nrmsd_norm,15,0.7851052038096308
33764.44,COL-mean-ED,1703,989,89250,0,nrmsd_norm,16,0.7933854839663269
33764.44,COL-mean-ED,1703,989,89250,0,nrmsd_norm,17,0.7930596543440097
33764.44,COL-mean-ED,1703,6818,89250,0,nrmsd_norm,18,0.7886336167998645
33764.44,COL-mean-ED,1703,12179,89250,0,nrmsd_norm,19,0.7869468726655034
33764.44,COL-mean-ED,1703,12179,89250,0,nrmsd_norm,20,0.7874109506822441
33764.44,COL-mean-ED,1703,12179,89250,0,nrmsd_norm,22,0.7867033241061882
33764.44,COL-mean-ED,1703,3764,89250,0,nrmsd_norm,24,0.7679223066689584
33764.44,COL-mean-ED,1703,3764,89250,0,nrmsd_norm,26,0.7723944559311683
33764.44,COL-mean-ED,1703,11476,89250,0,nrmsd_norm,28,0.7711230682532217
33764.44,COL-mean-ED,1703,2256,89250,0,nrmsd_norm,30,0.7905284880393764
33764.44,COL-mean-ED,1703,12565,89250,0,nrmsd_norm,32,0.788888688996705
33764.44,COL-mean-ED,1703,12565,89250,0,nrmsd_norm,34,0.7875175950291148
33764.44,COL-mean-ED,1703,12565,89250,0,nrmsd_norm,36,0.7896628619743835
33764.44,COL-mean-ED,1703,2256,89250,0,nrmsd_norm,38,0.790953013145656
33764.44,COL-mean-ED,1703,11589,89250,0,nrmsd_norm,40,0.7924773496102088
33764.44,COL-mean-ED,1703,6997,89250,0,nrmsd_norm,42,0.7934907614736751
33764.44,COL-mean-ED,1703,11589,89250,0,nrmsd_norm,44,0.7935115433027371
33764.44,COL-mean-ED,1703,11589,89250,0,nrmsd_norm,46,0.7976193760814992
33764.44,COL-mean-ED,1703,11589,89250,0,nrmsd_norm,48,0.7924484075692467
33764.44,COL-mean-ED,1703,2481,89250,0,nrmsd_norm,50,0.7903595325653181
33764.44,COL-mean-ED,1703,6613,89250,0,nrmsd_norm,55,0.7865452750325594
33764.44,COL-mean-ED,1703,2548,89250,0,nrmsd_norm,60,0.78757144252811
33764.44,COL-mean-ED,1703,2548,89250,0,nrmsd_norm,65,0.7866468120077157
33764.44,COL-mean-ED,1703,6470,89250,0,nrmsd_norm,70,0.7849459945036372
33764.44,COL-mean-ED,1703,12460,89250,0,nrmsd_norm,75,0.7841926215301163
33764.44,COL-mean-ED,1703,12460,89250,0,nrmsd_norm,80,0.7822165622832177
33764.44,COL-mean-ED,1703,12460,89250,0,nrmsd_norm,85,0.7754041719238928
33764.44,COL-mean-ED,1703,12460,89250,0,nrmsd_norm,90,0.7755180128614725
33764.44,COL-mean-ED,1703,12460,89250,0,nrmsd_norm,95,0.7739223840060085
33764.44,COL-mean-ED,1703,7817,89250,0,nrmsd_norm,100,0.7721314785193802
33764.44,COL-mean-ED,1703,6233,773956,0,nrmsd_norm,5,0.735375805156877
33764.44,COL-mean-ED,1703,6062,773956,0,nrmsd_norm,6,0.7615316421529281
33764.44,COL-mean-ED,1703,6062,773956,0,nrmsd_norm,7,0.7959202504675189
33764.44,COL-mean-ED,1703,6594,773956,0,nrmsd_norm,8,0.8006734159066524
33764.44,COL-mean-ED,1703,2183,773956,0,nrmsd_norm,9,0.7964907622438016
33764.44,COL-mean-ED,1703,9883,773956,0,nrmsd_norm,10,0.8104860212895256
33764.44,COL-mean-ED,1703,11200,773956,0,nrmsd_norm,11,0.7990142585669889
33764.44,COL-mean-ED,1703,10092,773956,0,nrmsd_norm,12,0.7948773348596053
33764.44,COL-mean-ED,1703,10092,773956,0,nrmsd_norm,13,0.7806829133316352
33764.44,COL-mean-ED,1703,10092,773956,0,nrmsd_norm,14,0.7813481789929322
33764.44,COL-mean-ED,1703,10092,773956,0,nrmsd_norm,15,0.7836595025696083
33764.44,COL-mean-ED,1703,10092,773956,0,nrmsd_norm,16,0.7919154657383227
33764.44,COL-mean-ED,1703,10092,773956,0,nrmsd_norm,17,0.7925180466753314
33764.44,COL-mean-ED,1703,8924,773956,0,nrmsd_norm,18,0.7868868027479154
33764.44,COL-mean-ED,1703,8924,773956,0,nrmsd_norm,19,0.7893152733965385
33764.44,COL-mean-ED,1703,8924,773956,0,nrmsd_norm,20,0.7896485049270998
33764.44,COL-mean-ED,1703,8924,773956,0,nrmsd_norm,22,0.7883168111124911
33764.44,COL-mean-ED,1703,216,773956,0,nrmsd_norm,24,0.7929481001915164
33764.44,COL-mean-ED,1703,4813,773956,0,nrmsd_norm,26,0.7957104723005944
33764.44,COL-mean-ED,1703,2435,773956,0,nrmsd_norm,28,0.7891682012573982
33764.44,COL-mean-ED,1703,216,773956,0,nrmsd_norm,30,0.7919695000828655
33764.44,COL-mean-ED,1703,10951,773956,0,nrmsd_norm,32,0.7897951618936528
33764.44,COL-mean-ED,1703,4444,773956,0,nrmsd_norm,34,0.7870988999064846
33764.44,COL-mean-ED,1703,4444,773956,0,nrmsd_norm,36,0.7892480181951427
33764.44,COL-mean-ED,1703,4444,773956,0,nrmsd_norm,38,0.7899596095155946
33764.44,COL-mean-ED,1703,2435,773956,0,nrmsd_norm,40,0.7787984984488613
33764.44,COL-mean-ED,1703,4444,773956,0,nrmsd_norm,42,0.7788989366357203
33764.44,COL-mean-ED,1703,4444,773956,0,nrmsd_norm,44,0.7790161756548594
33764.44,COL-mean-ED,1703,4444,773956,0,nrmsd_norm,46,0.7842475268375058
33764.44,COL-mean-ED,1703,4444,773956,0,nrmsd_norm,48,0.780327409896788
33764.44,COL-mean-ED,1703,4444,773956,0,nrmsd_norm,50,0.7789056600972755
33764.44,COL-mean-ED,1703,4444,773956,0,nrmsd_norm,55,0.7765926033881215
33764.44,COL-mean-ED,1703,8595,773956,0,nrmsd_norm,60,0.7783756812628813
33764.44,COL-mean-ED,1703,2435,773956,0,nrmsd_norm,65,0.775625445673144
33764.44,COL-mean-ED,1703,2435,773956,0,nrmsd_norm,70,0.7747842856431503
33764.44,COL-mean-ED,1703,2481,773956,0,nrmsd_norm,75,0.775605670598169
33764.44,COL-mean-ED,1703,2481,773956,0,nrmsd_norm,80,0.7738108432782099
33764.44,COL-mean-ED,1703,2481,773956,0,nrmsd_norm,85,0.7678021669381958
33764.44,COL-mean-ED,1703,2481,773956,0,nrmsd_norm,90,0.7688076902848531
33764.44,COL-mean-ED,1703,2481,773956,0,nrmsd_norm,95,0.7668500818212901
33764.44,COL-mean-ED,1703,2481,773956,0,nrmsd_norm,100,0.765602790095639
33764.44,COL-mean-ED,1703,4956,654571,0,nrmsd_norm,5,0.7011149490691867
33764.44,COL-mean-ED,1703,8586,654571,0,nrmsd_norm,6,0.7422774914855994
33764.44,COL-mean-ED,1703,8586,654571,0,nrmsd_norm,7,0.7687943167631299
33764.44,COL-mean-ED,1703,12468,654571,0,nrmsd_norm,8,0.7824902425720439
33764.44,COL-mean-ED,1703,12468,654571,0,nrmsd_norm,9,0.7827400066920338
33764.44,COL-mean-ED,1703,12468,654571,0,nrmsd_norm,10,0.7894889139241119
33764.44,COL-mean-ED,1703,11987,654571,0,nrmsd_norm,11,0.7672267176983936
33764.44,COL-mean-ED,1703,6435,654571,0,nrmsd_norm,12,0.7693172256243161
33764.44,COL-mean-ED,1703,6435,654571,0,nrmsd_norm,13,0.7610810596546299
33764.44,COL-mean-ED,1703,6435,654571,0,nrmsd_norm,14,0.7641299608343423
33764.44,COL-mean-ED,1703,6435,654571,0,nrmsd_norm,15,0.7707402385169116
33764.44,COL-mean-ED,1703,6435,654571,0,nrmsd_norm,16,0.7838726285707999
33764.44,COL-mean-ED,1703,6435,654571,0,nrmsd_norm,17,0.7805291807357878
33764.44,COL-mean-ED,1703,6435,654571,0,nrmsd_norm,18,0.7763543851932253
33764.44,COL-mean-ED,1703,8756,654571,0,nrmsd_norm,19,0.7769072968556263
33764.44,COL-mean-ED,1703,5863,654571,0,nrmsd_norm,20,0.775162547090517
33764.44,COL-mean-ED,1703,5040,654571,0,nrmsd_norm,22,0.7691821626452882
33764.44,COL-mean-ED,1703,5862,654571,0,nrmsd_norm,24,0.7799014951294696
33764.44,COL-mean-ED,1703,5548,654571,0,nrmsd_norm,26,0.7824709697945558
33764.44,COL-mean-ED,1703,5548,654571,0,nrmsd_norm,28,0.7774242550635356
33764.44,COL-mean-ED,1703,5548,654571,0,nrmsd_norm,30,0.7798439536207807
33764.44,COL-mean-ED,1703,5548,654571,0,nrmsd_norm,32,0.7800466311542624
33764.44,COL-mean-ED,1703,5548,654571,0,nrmsd_norm,34,0.7764726007895959
33764.44,COL-mean-ED,1703,5548,654571,0,nrmsd_norm,36,0.7803932140443994
33764.44,COL-mean-ED,1703,5548,654571,0,nrmsd_norm,38,0.7806293887314604
33764.44,COL-mean-ED,1703,5548,654571,0,nrmsd_norm,40,0.7804428339182568
33764.44,COL-mean-ED,1703,5548,654571,0,nrmsd_norm,42,0.7832313105801243
33764.44,COL-mean-ED,1703,5548,654571,0,nrmsd_norm,44,0.7838650637878501
33764.44,COL-mean-ED,1703,5548,654571,0,nrmsd_norm,46,0.788351763953326
33764.44,COL-mean-ED,1703,5548,654571,0,nrmsd_norm,48,0.7853698219438507
33764.44,COL-mean-ED,1703,5548,654571,0,nrmsd_norm,50,0.7829469319278168
33764.44,COL-mean-ED,1703,3150,654571,0,nrmsd_norm,55,0.7811507970164375
33764.44,COL-mean-ED,1703,8238,654571,0,nrmsd_norm,60,0.7854181927406031
33764.44,COL-mean-ED,1703,697,654571,0,nrmsd_norm,65,0.7871447370407548
33764.44,COL-mean-ED,1703,4501,654571,0,nrmsd_norm,70,0.7876995833716318
33764.44,COL-mean-ED,1703,10434,654571,0,nrmsd_norm,75,0.7875972679770809
33764.44,COL-mean-ED,1703,9499,654571,0,nrmsd_norm,80,0.786613608933538
33764.44,COL-mean-ED,1703,4254,654571,0,nrmsd_norm,85,0.7785624315726138
33764.44,COL-mean-ED,1703,4254,654571,0,nrmsd_norm,90,0.7782696033202162
33764.44,COL-mean-ED,1703,4254,654571,0,nrmsd_norm,95,0.7748020419744541
33764.44,COL-mean-ED,1703,9499,654571,0,nrmsd_norm,100,0.7727541572344672
33764.44,COL-mean-ED,1703,3588,438878,0,nrmsd_norm,5,0.6889297687086665
33764.44,COL-mean-ED,1703,9238,438878,0,nrmsd_norm,6,0.7198087717108862
33764.44,COL-mean-ED,1703,9238,438878,0,nrmsd_norm,7,0.7571748927715832
33764.44,COL-mean-ED,1703,9238,438878,0,nrmsd_norm,8,0.7543997633383059
33764.44,COL-mean-ED,1703,12612,438878,0,nrmsd_norm,9,0.7708598188802172
33764.44,COL-mean-ED,1703,6301,438878,0,nrmsd_norm,10,0.7768856062676956
33764.44,COL-mean-ED,1703,12315,438878,0,nrmsd_norm,11,0.7812218790261184
33764.44,COL-mean-ED,1703,12315,438878,0,nrmsd_norm,12,0.7789540871951014
33764.44,COL-mean-ED,1703,12315,438878,0,nrmsd_norm,13,0.7705885031840537
33764.44,COL-mean-ED,1703,12315,438878,0,nrmsd_norm,14,0.7707967517706809
33764.44,COL-mean-ED,1703,4782,438878,0,nrmsd_norm,15,0.7724183621949613
33764.44,COL-mean-ED,1703,4782,438878,0,nrmsd_norm,16,0.7794648011099571
33764.44,COL-mean-ED,1703,4782,438878,0,nrmsd_norm,17,0.7792617355313052
33764.44,COL-mean-ED,1703,1051,438878,0,nrmsd_norm,18,0.7742742683923662
33764.44,COL-mean-ED,1703,1051,438878,0,nrmsd_norm,19,0.7761273962656247
33764.44,COL-mean-ED,1703,1051,438878,0,nrmsd_norm,20,0.7782031839509143
33764.44,COL-mean-ED,1703,2762,438878,0,nrmsd_norm,22,0.7757696532110155
33764.44,COL-mean-ED,1703,2762,438878,0,nrmsd_norm,24,0.7823116754448771
33764.44,COL-mean-ED,1703,2762,438878,0,nrmsd_norm,26,0.7859764309552993
33764.44,COL-mean-ED,1703,11753,438878,0,nrmsd_norm,28,0.778041248598581
33764.44,COL-mean-ED,1703,11753,438878,0,nrmsd_norm,30,0.7791933825470471
33764.44,COL-mean-ED,1703,11753,438878,0,nrmsd_norm,32,0.7772696511557794
33764.44,COL-mean-ED,1703,11753,438878,0,nrmsd_norm,34,0.7748139424090134
33764.44,COL-mean-ED,1703,11753,438878,0,nrmsd_norm,36,0.7752477541190846
33764.44,COL-mean-ED,1703,2421,438878,0,nrmsd_norm,38,0.7745047971802456
33764.44,COL-mean-ED,1703,2421,438878,0,nrmsd_norm,40,0.7733551678780314
33764.44,COL-mean-ED,1703,1992,438878,0,nrmsd_norm,42,0.7754620284954018
33764.44,COL-mean-ED,1703,3744,438878,0,nrmsd_norm,44,0.7739956241216758
33764.44,COL-mean-ED,1703,265,438878,0,nrmsd_norm,46,0.7781101726535122
33764.44,COL-mean-ED,1703,3744,438878,0,nrmsd_norm,48,0.7724570820414014
33764.44,COL-mean-ED,1703,3744,438878,0,nrmsd_norm,50,0.7700810623896868
33764.44,COL-mean-ED,1703,3744,438878,0,nrmsd_norm,55,0.7696595745385231
33764.44,COL-mean-ED,1703,2421,438878,0,nrmsd_norm,60,0.7706008927550854
33764.44,COL-mean-ED,1703,3744,438878,0,nrmsd_norm,65,0.7747981893803141
33764.44,COL-mean-ED,1703,2421,438878,0,nrmsd_norm,70,0.7754813738664367
33764.44,COL-mean-ED,1703,2421,438878,0,nrmsd_norm,75,0.7745868874856339
33764.44,COL-mean-ED,1703,2421,438878,0,nrmsd_norm,80,0.7748424406505436
33764.44,COL-mean-ED,1703,11753,438878,0,nrmsd_norm,85,0.7710757746485679
33764.44,COL-mean-ED,1703,11753,438878,0,nrmsd_norm,90,0.7699474446484409
33764.44,COL-mean-ED,1703,3229,438878,0,nrmsd_norm,95,0.7686437824181692
33764.44,COL-mean-ED,1703,3229,438878,0,nrmsd_norm,100,0.7659618974691256
33764.44,COL-mean-ED,1703,3036,433015,0,nrmsd_norm,5,0.6883787363252967
33764.44,COL-mean-ED,1703,2586,433015,0,nrmsd_norm,6,0.7250014963804312
33764.44,COL-mean-ED,1703,7712,433015,0,nrmsd_norm,7,0.7334042243910159
33764.44,COL-mean-ED,1703,11527,433015,0,nrmsd_norm,8,0.750423121792197
33764.44,COL-mean-ED,1703,5697,433015,0,nrmsd_norm,9,0.7457405537715159
33764.44,COL-mean-ED,1703,2497,433015,0,nrmsd_norm,10,0.7569427481233164
33764.44,COL-mean-ED,1703,10653,433015,0,nrmsd_norm,11,0.7552575071546184
33764.44,COL-mean-ED,1703,1013,433015,0,nrmsd_norm,12,0.7404680243685365
33764.44,COL-mean-ED,1703,1013,433015,0,nrmsd_norm,13,0.7368168841616202
33764.44,COL-mean-ED,1703,10653,433015,0,nrmsd_norm,14,0.7450794660073158
33764.44,COL-mean-ED,1703,10653,433015,0,nrmsd_norm,15,0.7502337559443796
33764.44,COL-mean-ED,1703,10653,433015,0,nrmsd_norm,16,0.7611882681534005
33764.44,COL-mean-ED,1703,5389,433015,0,nrmsd_norm,17,0.7648685749416113
33764.44,COL-mean-ED,1703,5389,433015,0,nrmsd_norm,18,0.7555949274615817
33764.44,COL-mean-ED,1703,5389,433015,0,nrmsd_norm,19,0.753210898378861
33764.44,COL-mean-ED,1703,5389,433015,0,nrmsd_norm,20,0.7552311852917861
33764.44,COL-mean-ED,1703,5697,433015,0,nrmsd_norm,22,0.7617737361423439
33764.44,COL-mean-ED,1703,5697,433015,0,nrmsd_norm,24,0.7671797583514399
33764.44,COL-mean-ED,1703,5308,433015,0,nrmsd_norm,26,0.778171719322415
33764.44,COL-mean-ED,1703,4444,433015,0,nrmsd_norm,28,0.782242532785213
33764.44,COL-mean-ED,1703,10951,433015,0,nrmsd_norm,30,0.7838545369196054
33764.44,COL-mean-ED,1703,2439,433015,0,nrmsd_norm,32,0.7816973302009913
33764.44,COL-mean-ED,1703,10951,433015,0,nrmsd_norm,34,0.7804043847759136
33764.44,COL-mean-ED,1703,4444,433015,0,nrmsd_norm,36,0.7842979322047926
33764.44,COL-mean-ED,1703,4444,433015,0,nrmsd_norm,38,0.7851765995188784
33764.44,COL-mean-ED,1703,2435,433015,0,nrmsd_norm,40,0.7849726403383277
33764.44,COL-mean-ED,1703,4246,433015,0,nrmsd_norm,42,0.7782712934944053
33764.44,COL-mean-ED,1703,4444,433015,0,nrmsd_norm,44,0.779968801711549
33764.44,COL-mean-ED,1703,4444,433015,0,nrmsd_norm,46,0.7850415648191009
33764.44,COL-mean-ED,1703,2435,433015,0,nrmsd_norm,48,0.7835261590880128
33764.44,COL-mean-ED,1703,4444,433015,0,nrmsd_norm,50,0.7800928430009382
33764.44,COL-mean-ED,1703,2435,433015,0,nrmsd_norm,55,0.7761912435725724
33764.44,COL-mean-ED,1703,11866,433015,0,nrmsd_norm,60,0.7774995072670583
33764.44,COL-mean-ED,1703,11866,433015,0,nrmsd_norm,65,0.7771946841026539
33764.44,COL-mean-ED,1703,3804,433015,0,nrmsd_norm,70,0.776404070317146
33764.44,COL-mean-ED,1703,1581,433015,0,nrmsd_norm,75,0.7740100401714658
33764.44,COL-mean-ED,1703,1581,433015,0,nrmsd_norm,80,0.7737402240101218
33764.44,COL-mean-ED,1703,1581,433015,0,nrmsd_norm,85,0.7648862329205673
33764.44,COL-mean-ED,1703,1581,433015,0,nrmsd_norm,90,0.7658257847822446
33764.44,COL-mean-ED,1703,11316,433015,0,nrmsd_norm,95,0.7630978686950987
33764.44,COL-mean-ED,1703,11316,433015,0,nrmsd_norm,100,0.7619643481241909
33764.44,COL-mean-ED,1703,2014,858597,0,nrmsd_norm,5,0.738906624426143
33764.44,COL-mean-ED,1703,9883,858597,0,nrmsd_norm,6,0.7611146626731101
33764.44,COL-mean-ED,1703,11937,858597,0,nrmsd_norm,7,0.7800747814009354
33764.44,COL-mean-ED,1703,225,858597,0,nrmsd_norm,8,0.8000082448080853
33764.44,COL-mean-ED,1703,6939,858597,0,nrmsd_norm,9,0.7931472543294823
33764.44,COL-mean-ED,1703,1002,858597,0,nrmsd_norm,10,0.7959037670909188
33764.44,COL-mean-ED,1703,10826,858597,0,nrmsd_norm,11,0.7849109539846901
33764.44,COL-mean-ED,1703,9832,858597,0,nrmsd_norm,12,0.7866234860315718
33764.44,COL-mean-ED,1703,4188,858597,0,nrmsd_norm,13,0.7734353855637291
33764.44,COL-mean-ED,1703,3097,858597,0,nrmsd_norm,14,0.7763086293532866
33764.44,COL-mean-ED,1703,284,858597,0,nrmsd_norm,15,0.7761036433749426
33764.44,COL-mean-ED,1703,284,858597,0,nrmsd_norm,16,0.7843417471012748
33764.44,COL-mean-ED,1703,2211,858597,0,nrmsd_norm,17,0.7719874976973197
33764.44,COL-mean-ED,1703,3818,858597,0,nrmsd_norm,18,0.7714273085144464
33764.44,COL-mean-ED,1703,3818,858597,0,nrmsd_norm,19,0.7745210776248772
33764.44,COL-mean-ED,1703,3818,858597,0,nrmsd_norm,20,0.775212618400953
33764.44,COL-mean-ED,1703,3818,858597,0,nrmsd_norm,22,0.7757004139910193
33764.44,COL-mean-ED,1703,3688,858597,0,nrmsd_norm,24,0.7771861042776252
33764.44,COL-mean-ED,1703,3688,858597,0,nrmsd_norm,26,0.7809941988647419
33764.44,COL-mean-ED,1703,8065,858597,0,nrmsd_norm,28,0.773071317193407
33764.44,COL-mean-ED,1703,2806,858597,0,nrmsd_norm,30,0.7773702043314232
33764.44,COL-mean-ED,1703,5555,858597,0,nrmsd_norm,32,0.7709570413610369
33764.44,COL-mean-ED,1703,5567,858597,0,nrmsd_norm,34,0.7695043256351494
33764.44,COL-mean-ED,1703,5567,858597,0,nrmsd_norm,36,0.7649156373375736
33764.44,COL-mean-ED,1703,261,858597,0,nrmsd_norm,38,0.7665964864690658
33764.44,COL-mean-ED,1703,5559,858597,0,nrmsd_norm,40,0.7627863878204775
33764.44,COL-mean-ED,1703,12307,858597,0,nrmsd_norm,42,0.7632623245733057
33764.44,COL-mean-ED,1703,5059,858597,0,nrmsd_norm,44,0.7681427744141901
33764.44,COL-mean-ED,1703,5059,858597,0,nrmsd_norm,46,0.7729116159926234
33764.44,COL-mean-ED,1703,5059,858597,0,nrmsd_norm,48,0.7691835461092494
33764.44,COL-mean-ED,1703,5059,858597,0,nrmsd_norm,50,0.7677639206074343
33764.44,COL-mean-ED,1703,1383,858597,0,nrmsd_norm,55,0.7662319268558543
33764.44,COL-mean-ED,1703,5086,858597,0,nrmsd_norm,60,0.7710267083812499
33764.44,COL-mean-ED,1703,1383,858597,0,nrmsd_norm,65,0.7743441985744168
33764.44,COL-mean-ED,1703,5086,858597,0,nrmsd_norm,70,0.7748284159949568
33764.44,COL-mean-ED,1703,5086,858597,0,nrmsd_norm,75,0.7761156399135128
33764.44,COL-mean-ED,1703,11866,858597,0,nrmsd_norm,80,0.7753154350854911
33764.44,COL-mean-ED,1703,6931,858597,0,nrmsd_norm,85,0.7676416982310512
33764.44,COL-mean-ED,1703,11866,858597,0,nrmsd_norm,90,0.7676106244274029
33764.44,COL-mean-ED,1703,9499,858597,0,nrmsd_norm,95,0.7688572946628801
33764.44,COL-mean-ED,1703,9499,858597,0,nrmsd_norm,100,0.767344686865574
33764.44,COL-mean-ED,1703,5723,85945,0,nrmsd_norm,5,0.6995659478224512
33764.44,COL-mean-ED,1703,2261,85945,0,nrmsd_norm,6,0.7416136394590415
33764.44,COL-mean-ED,1703,3293,85945,0,nrmsd_norm,7,0.7218785090697774
33764.44,COL-mean-ED,1703,5697,85945,0,nrmsd_norm,8,0.7625405847846715
33764.44,COL-mean-ED,1703,1919,85945,0,nrmsd_norm,9,0.7679607418534593
33764.44,COL-mean-ED,1703,1919,85945,0,nrmsd_norm,10,0.7813748985612056
33764.44,COL-mean-ED,1703,5581,85945,0,nrmsd_norm,11,0.7743681352326117
33764.44,COL-mean-ED,1703,5369,85945,0,nrmsd_norm,12,0.7694056234676073
33764.44,COL-mean-ED,1703,5581,85945,0,nrmsd_norm,13,0.7609144119708955
33764.44,COL-mean-ED,1703,11537,85945,0,nrmsd_norm,14,0.7633813311578137
33764.44,COL-mean-ED,1703,482,85945,0,nrmsd_norm,15,0.756852993066286
33764.44,COL-mean-ED,1703,482,85945,0,nrmsd_norm,16,0.7678307996347878
33764.44,COL-mean-ED,1703,482,85945,0,nrmsd_norm,17,0.7678832759998242
33764.44,COL-mean-ED,1703,1783,85945,0,nrmsd_norm,18,0.7604049490756221
33764.44,COL-mean-ED,1703,482,85945,0,nrmsd_norm,19,0.7653158443014734
33764.44,COL-mean-ED,1703,1783,85945,0,nrmsd_norm,20,0.7640191184658758
33764.44,COL-mean-ED,1703,11537,85945,0,nrmsd_norm,22,0.7712851626936847
33764.44,COL-mean-ED,1703,11537,85945,0,nrmsd_norm,24,0.7763550757090568
33764.44,COL-mean-ED,1703,11537,85945,0,nrmsd_norm,26,0.7803545367996512
33764.44,COL-mean-ED,1703,1100,85945,0,nrmsd_norm,28,0.7714848766056859
33764.44,COL-mean-ED,1703,1100,85945,0,nrmsd_norm,30,0.7750743860689407
33764.44,COL-mean-ED,1703,1100,85945,0,nrmsd_norm,32,0.7741242565949372
33764.44,COL-mean-ED,1703,1100,85945,0,nrmsd_norm,34,0.7734625984897755
33764.44,COL-mean-ED,1703,11537,85945,0,nrmsd_norm,36,0.7748729224452316
33764.44,COL-mean-ED,1703,7082,85945,0,nrmsd_norm,38,0.7764746171075477
33764.44,COL-mean-ED,1703,7082,85945,0,nrmsd_norm,40,0.776654676349069
33764.44,COL-mean-ED,1703,482,85945,0,nrmsd_norm,42,0.7808122311654102
33764.44,COL-mean-ED,1703,482,85945,0,nrmsd_norm,44,0.7811975438149221
33764.44,COL-mean-ED,1703,482,85945,0,nrmsd_norm,46,0.7855989126056753
33764.44,COL-mean-ED,1703,482,85945,0,nrmsd_norm,48,0.7821617934898021
33764.44,COL-mean-ED,1703,482,85945,0,nrmsd_norm,50,0.7818198034875232
33764.44,COL-mean-ED,1703,482,85945,0,nrmsd_norm,55,0.7807945026009936
33764.44,COL-mean-ED,1703,4781,85945,0,nrmsd_norm,60,0.7815329486857596
33764.44,COL-mean-ED,1703,1525,85945,0,nrmsd_norm,65,0.7787552634427072
33764.44,COL-mean-ED,1703,11824,85945,0,nrmsd_norm,70,0.7763518284315469
33764.44,COL-mean-ED,1703,11824,85945,0,nrmsd_norm,75,0.7766272258032366
33764.44,COL-mean-ED,1703,3760,85945,0,nrmsd_norm,80,0.7778582298155693
33764.44,COL-mean-ED,1703,1525,85945,0,nrmsd_norm,85,0.7746525027915785
33764.44,COL-mean-ED,1703,4781,85945,0,nrmsd_norm,90,0.7733748660350814
33764.44,COL-mean-ED,1703,4982,85945,0,nrmsd_norm,95,0.7739123268029998
33764.44,COL-mean-ED,1703,4222,85945,0,nrmsd_norm,100,0.7733554268670466
33764.44,COL-mean-ED,1703,5294,697368,0,nrmsd_norm,5,0.6973054671499335
33764.44,COL-mean-ED,1703,5294,697368,0,nrmsd_norm,6,0.7370996277287525
33764.44,COL-mean-ED,1703,5294,697368,0,nrmsd_norm,7,0.7594678644258783
33764.44,COL-mean-ED,1703,5530,697368,0,nrmsd_norm,8,0.7772675114774462
33764.44,COL-mean-ED,1703,5530,697368,0,nrmsd_norm,9,0.7797055683141336
33764.44,COL-mean-ED,1703,5549,697368,0,nrmsd_norm,10,0.7924292671518921
33764.44,COL-mean-ED,1703,5548,697368,0,nrmsd_norm,11,0.7875633738796275
33764.44,COL-mean-ED,1703,5548,697368,0,nrmsd_norm,12,0.777300298004555
33764.44,COL-mean-ED,1703,5548,697368,0,nrmsd_norm,13,0.7678077922491805
33764.44,COL-mean-ED,1703,5700,697368,0,nrmsd_norm,14,0.7670829466124386
33764.44,COL-mean-ED,1703,6120,697368,0,nrmsd_norm,15,0.7758813743941378
33764.44,COL-mean-ED,1703,6120,697368,0,nrmsd_norm,16,0.7830104599288564
33764.44,COL-mean-ED,1703,10653,697368,0,nrmsd_norm,17,0.7846972690760814
33764.44,COL-mean-ED,1703,10653,697368,0,nrmsd_norm,18,0.7798347016097598
33764.44,COL-mean-ED,1703,10653,697368,0,nrmsd_norm,19,0.7825192185847216
33764.44,COL-mean-ED,1703,10653,697368,0,nrmsd_norm,20,0.7828088841608769
33764.44,COL-mean-ED,1703,5369,697368,0,nrmsd_norm,22,0.7824151298199543
33764.44,COL-mean-ED,1703,5369,697368,0,nrmsd_norm,24,0.78786118298225
33764.44,COL-mean-ED,1703,6120,697368,0,nrmsd_norm,26,0.790696772486345
33764.44,COL-mean-ED,1703,11316,697368,0,nrmsd_norm,28,0.7850631394408505
33764.44,COL-mean-ED,1703,12511,697368,0,nrmsd_norm,30,0.7831230808355301
33764.44,COL-mean-ED,1703,2897,697368,0,nrmsd_norm,32,0.7869508467135603
33764.44,COL-mean-ED,1703,5134,697368,0,nrmsd_norm,34,0.7859233015060512
33764.44,COL-mean-ED,1703,6310,697368,0,nrmsd_norm,36,0.7867014335848043
33764.44,COL-mean-ED,1703,3617,697368,0,nrmsd_norm,38,0.7890632821070079
33764.44,COL-mean-ED,1703,3617,697368,0,nrmsd_norm,40,0.7879503550203304
33764.44,COL-mean-ED,1703,3617,697368,0,nrmsd_norm,42,0.7895581842370356
33764.44,COL-mean-ED,1703,3594,697368,0,nrmsd_norm,44,0.7914931396411273
33764.44,COL-mean-ED,1703,3594,697368,0,nrmsd_norm,46,0.7949757027150982
33764.44,COL-mean-ED,1703,3617,697368,0,nrmsd_norm,48,0.7922419193019432
33764.44,COL-mean-ED,1703,11488,697368,0,nrmsd_norm,50,0.7895755369661419
33764.44,COL-mean-ED,1703,1706,697368,0,nrmsd_norm,55,0.7852595502035026
33764.44,COL-mean-ED,1703,1706,697368,0,nrmsd_norm,60,0.7862319658526653
33764.44,COL-mean-ED,1703,7723,697368,0,nrmsd_norm,65,0.7880682844583933
33764.44,COL-mean-ED,1703,1706,697368,0,nrmsd_norm,70,0.7861435072760066
33764.44,COL-mean-ED,1703,2384,697368,0,nrmsd_norm,75,0.7864800532240002
33764.44,COL-mean-ED,1703,2384,697368,0,nrmsd_norm,80,0.7846913661906769
33764.44,COL-mean-ED,1703,443,697368,0,nrmsd_norm,85,0.7802272681301611
33764.44,COL-mean-ED,1703,443,697368,0,nrmsd_norm,90,0.7804940275716328
33764.44,COL-mean-ED,1703,3764,697368,0,nrmsd_norm,95,0.7783301063449574
33764.44,COL-mean-ED,1703,11316,697368,0,nrmsd_norm,100,0.7750457926607196
33764.44,COL-mean-ED,1703,12272,201469,0,nrmsd_norm,5,0.7336699286923377
33764.44,COL-mean-ED,1703,5857,201469,0,nrmsd_norm,6,0.7686877522440436
33764.44,COL-mean-ED,1703,10125,201469,0,nrmsd_norm,7,0.7866570368000366
33764.44,COL-mean-ED,1703,614,201469,0,nrmsd_norm,8,0.7930239741465229
33764.44,COL-mean-ED,1703,8583,201469,0,nrmsd_norm,9,0.7910180182905117
33764.44,COL-mean-ED,1703,11048,201469,0,nrmsd_norm,10,0.7972843318567857
33764.44,COL-mean-ED,1703,5240,201469,0,nrmsd_norm,11,0.7886881971993047
33764.44,COL-mean-ED,1703,5240,201469,0,nrmsd_norm,12,0.7813624462296086
33764.44,COL-mean-ED,1703,5320,201469,0,nrmsd_norm,13,0.7734595838668425
33764.44,COL-mean-ED,1703,6895,201469,0,nrmsd_norm,14,0.7736328659061559
33764.44,COL-mean-ED,1703,6895,201469,0,nrmsd_norm,15,0.7759681018999697
33764.44,COL-mean-ED,1703,6895,201469,0,nrmsd_norm,16,0.7862954081821145
33764.44,COL-mean-ED,1703,6895,201469,0,nrmsd_norm,17,0.7880522410822771
33764.44,COL-mean-ED,1703,3358,201469,0,nrmsd_norm,18,0.7784193574440904
33764.44,COL-mean-ED,1703,7089,201469,0,nrmsd_norm,19,0.7807410918758739
33764.44,COL-mean-ED,1703,3358,201469,0,nrmsd_norm,20,0.7820756008975934
33764.44,COL-mean-ED,1703,6895,201469,0,nrmsd_norm,22,0.7809139718989272
33764.44,COL-mean-ED,1703,11476,201469,0,nrmsd_norm,24,0.7766294217592925
33764.44,COL-mean-ED,1703,5697,201469,0,nrmsd_norm,26,0.7774353079683026
33764.44,COL-mean-ED,1703,5697,201469,0,nrmsd_norm,28,0.7722902123135816
33764.44,COL-mean-ED,1703,5698,201469,0,nrmsd_norm,30,0.7772884008096492
33764.44,COL-mean-ED,1703,5698,201469,0,nrmsd_norm,32,0.7785160298906554
33764.44,COL-mean-ED,1703,5970,201469,0,nrmsd_norm,34,0.7765289226400842
33764.44,COL-mean-ED,1703,5970,201469,0,nrmsd_norm,36,0.7806074937691465
33764.44,COL-mean-ED,1703,11674,201469,0,nrmsd_norm,38,0.7813490041810751
33764.44,COL-mean-ED,1703,5970,201469,0,nrmsd_norm,40,0.7796891434361962
33764.44,COL-mean-ED,1703,5970,201469,0,nrmsd_norm,42,0.7820329184243017
33764.44,COL-mean-ED,1703,5970,201469,0,nrmsd_norm,44,0.7834742029811598
33764.44,COL-mean-ED,1703,5970,201469,0,nrmsd_norm,46,0.7827690629373238
33764.44,COL-mean-ED,1703,5970,201469,0,nrmsd_norm,48,0.778721409150549
33764.44,COL-mean-ED,1703,5970,201469,0,nrmsd_norm,50,0.7769130109593182
33764.44,COL-mean-ED,1703,11674,201469,0,nrmsd_norm,55,0.7748876363014259
33764.44,COL-mean-ED,1703,11674,201469,0,nrmsd_norm,60,0.7769051412087737
33764.44,COL-mean-ED,1703,11674,201469,0,nrmsd_norm,65,0.7778393445728353
33764.44,COL-mean-ED,1703,10411,201469,0,nrmsd_norm,70,0.7733846314851289
33764.44,COL-mean-ED,1703,10411,201469,0,nrmsd_norm,75,0.7777811100314942
33764.44,COL-mean-ED,1703,10411,201469,0,nrmsd_norm,80,0.7768962419463612
33764.44,COL-mean-ED,1703,10411,201469,0,nrmsd_norm,85,0.7706867700339295
33764.44,COL-mean-ED,1703,10411,201469,0,nrmsd_norm,90,0.7695145642233862
33764.44,COL-mean-ED,1703,9526,201469,0,nrmsd_norm,95,0.7671121337615204
33764.44,COL-mean-ED,1703,8889,201469,0,nrmsd_norm,100,0.7669196338456158
33764.44,COL-mean-ED,1703,1663,94177,0,nrmsd_norm,5,0.726619389786995
33764.44,COL-mean-ED,1703,11674,94177,0,nrmsd_norm,6,0.7622642664874222
33764.44,COL-mean-ED,1703,11674,94177,0,nrmsd_norm,7,0.7788666665533754
33764.44,COL-mean-ED,1703,4068,94177,0,nrmsd_norm,8,0.7900983900506924
33764.44,COL-mean-ED,1703,1446,94177,0,nrmsd_norm,9,0.7804851745740444
33764.44,COL-mean-ED,1703,3509,94177,0,nrmsd_norm,10,0.7960082538870488
33764.44,COL-mean-ED,1703,11110,94177,0,nrmsd_norm,11,0.792663524720191
33764.44,COL-mean-ED,1703,197,94177,0,nrmsd_norm,12,0.7825572825839947
33764.44,COL-mean-ED,1703,197,94177,0,nrmsd_norm,13,0.7758625832036712
33764.44,COL-mean-ED,1703,4025,94177,0,nrmsd_norm,14,0.7736791340866779
33764.44,COL-mean-ED,1703,10913,94177,0,nrmsd_norm,15,0.7758328584984148
33764.44,COL-mean-ED,1703,10913,94177,0,nrmsd_norm,16,0.7860307508824977
33764.44,COL-mean-ED,1703,10913,94177,0,nrmsd_norm,17,0.7833699093534497
33764.44,COL-mean-ED,1703,10913,94177,0,nrmsd_norm,18,0.7782092710678056
33764.44,COL-mean-ED,1703,10913,94177,0,nrmsd_norm,19,0.7806675522345818
33764.44,COL-mean-ED,1703,10913,94177,0,nrmsd_norm,20,0.7834363049128995
33764.44,COL-mean-ED,1703,12276,94177,0,nrmsd_norm,22,0.7802805025768011
33764.44,COL-mean-ED,1703,12276,94177,0,nrmsd_norm,24,0.7845558165959357
33764.44,COL-mean-ED,1703,12276,94177,0,nrmsd_norm,26,0.7881047229204892
33764.44,COL-mean-ED,1703,12276,94177,0,nrmsd_norm,28,0.7842192718886546
33764.44,COL-mean-ED,1703,482,94177,0,nrmsd_norm,30,0.787793772914424
33764.44,COL-mean-ED,1703,482,94177,0,nrmsd_norm,32,0.7851452954379413
33764.44,COL-mean-ED,1703,12276,94177,0,nrmsd_norm,34,0.7822240180337986
33764.44,COL-mean-ED,1703,482,94177,0,nrmsd_norm,36,0.7854426053316929
33764.44,COL-mean-ED,1703,11279,94177,0,nrmsd_norm,38,0.7862933080792278
33764.44,COL-mean-ED,1703,11279,94177,0,nrmsd_norm,40,0.7854834944091413
33764.44,COL-mean-ED,1703,11279,94177,0,nrmsd_norm,42,0.7866847555336376
33764.44,COL-mean-ED,1703,11115,94177,0,nrmsd_norm,44,0.7885220827925166
33764.44,COL-mean-ED,1703,775,94177,0,nrmsd_norm,46,0.7915155361828242
33764.44,COL-mean-ED,1703,775,94177,0,nrmsd_norm,48,0.7871372340526533
33764.44,COL-mean-ED,1703,2796,94177,0,nrmsd_norm,50,0.7831798414271555
33764.44,COL-mean-ED,1703,482,94177,0,nrmsd_norm,55,0.7832145435979546
33764.44,COL-mean-ED,1703,2846,94177,0,nrmsd_norm,60,0.7842594605165569
33764.44,COL-mean-ED,1703,2199,94177,0,nrmsd_norm,65,0.7830560041277473
33764.44,COL-mean-ED,1703,5400,94177,0,nrmsd_norm,70,0.779302982628792
33764.44,COL-mean-ED,1703,5400,94177,0,nrmsd_norm,75,0.7797236020565956
33764.44,COL-mean-ED,1703,5602,94177,0,nrmsd_norm,80,0.7776732726503723
33764.44,COL-mean-ED,1703,5602,94177,0,nrmsd_norm,85,0.7717228758856383
33764.44,COL-mean-ED,1703,5602,94177,0,nrmsd_norm,90,0.7712509231324418
33764.44,COL-mean-ED,1703,5602,94177,0,nrmsd_norm,95,0.7707746660840958
33764.44,COL-mean-ED,1703,2199,94177,0,nrmsd_norm,100,0.7715526687886737
33764.44,COL-min-ED,1703,9328,89250,0,nrmsd_norm,5,0.544652442026944
33764.44,COL-min-ED,1703,7227,89250,0,nrmsd_norm,6,0.5582897458619632
33764.44,COL-min-ED,1703,7042,89250,0,nrmsd_norm,7,0.5589305518526041
33764.44,COL-min-ED,1703,10623,89250,0,nrmsd_norm,8,0.5705227952283962
33764.44,COL-min-ED,1703,5026,89250,0,nrmsd_norm,9,0.5212590052134727
33764.44,COL-min-ED,1703,5026,89250,0,nrmsd_norm,10,0.5344000888526723
33764.44,COL-min-ED,1703,11890,89250,0,nrmsd_norm,11,0.5490709227278535
33764.44,COL-min-ED,1703,5321,89250,0,nrmsd_norm,12,0.5577550547811561
33764.44,COL-min-ED,1703,2549,89250,0,nrmsd_norm,13,0.502557508252245
33764.44,COL-min-ED,1703,2549,89250,0,nrmsd_norm,14,0.4823582499709239
33764.44,COL-min-ED,1703,16,89250,0,nrmsd_norm,15,0.4911942588790646
33764.44,COL-min-ED,1703,16,89250,0,nrmsd_norm,16,0.47981034111342763
33764.44,COL-min-ED,1703,3002,89250,0,nrmsd_norm,17,0.3921563846604017
33764.44,COL-min-ED,1703,4254,89250,0,nrmsd_norm,18,0.38624946860213155
33764.44,COL-min-ED,1703,3002,89250,0,nrmsd_norm,19,0.39105902892939015
33764.44,COL-min-ED,1703,3002,89250,0,nrmsd_norm,20,0.4090647270170554
33764.44,COL-min-ED,1703,4254,89250,0,nrmsd_norm,22,0.41712776505772814
33764.44,COL-min-ED,1703,4254,89250,0,nrmsd_norm,24,0.4218018670048844
33764.44,COL-min-ED,1703,9499,89250,0,nrmsd_norm,26,0.4244728300551671
33764.44,COL-min-ED,1703,9499,89250,0,nrmsd_norm,28,0.45250942748889317
33764.44,COL-min-ED,1703,9499,89250,0,nrmsd_norm,30,0.45290105983838164
33764.44,COL-min-ED,1703,9499,89250,0,nrmsd_norm,32,0.4577092705979213
33764.44,COL-min-ED,1703,9499,89250,0,nrmsd_norm,34,0.46491958193067817
33764.44,COL-min-ED,1703,9499,89250,0,nrmsd_norm,36,0.45903973611050886
33764.44,COL-min-ED,1703,9499,89250,0,nrmsd_norm,38,0.46192324712303096
33764.44,COL-min-ED,1703,9499,89250,0,nrmsd_norm,40,0.49048638111769005
33764.44,COL-min-ED,1703,9499,89250,0,nrmsd_norm,42,0.49038825520040324
33764.44,COL-min-ED,1703,9499,89250,0,nrmsd_norm,44,0.48958987371341073
33764.44,COL-min-ED,1703,9499,89250,0,nrmsd_norm,46,0.4911237758037872
33764.44,COL-min-ED,1703,9499,89250,0,nrmsd_norm,48,0.48835132013339383
33764.44,COL-min-ED,1703,9499,89250,0,nrmsd_norm,50,0.48939019951425944
33764.44,COL-min-ED,1703,9499,89250,0,nrmsd_norm,55,0.4860469641292702
33764.44,COL-min-ED,1703,9499,89250,0,nrmsd_norm,60,0.4810457319949371
33764.44,COL-min-ED,1703,9499,89250,0,nrmsd_norm,65,0.47197445309073705
33764.44,COL-min-ED,1703,9499,89250,0,nrmsd_norm,70,0.4884598688257726
33764.44,COL-min-ED,1703,9499,89250,0,nrmsd_norm,75,0.49825554598639626
33764.44,COL-min-ED,1703,9499,89250,0,nrmsd_norm,80,0.513098796073399
33764.44,COL-min-ED,1703,9499,89250,0,nrmsd_norm,85,0.5272707427046887
33764.44,COL-min-ED,1703,1314,89250,0,nrmsd_norm,90,0.5388567004600531
33764.44,COL-min-ED,1703,889,89250,0,nrmsd_norm,95,0.5305044505210891
33764.44,COL-min-ED,1703,889,89250,0,nrmsd_norm,100,0.5203182334046699
33764.44,COL-min-ED,1703,5050,773956,0,nrmsd_norm,5,0.5447514242748346
33764.44,COL-min-ED,1703,3819,773956,0,nrmsd_norm,6,0.5428809932540246
33764.44,COL-min-ED,1703,11149,773956,0,nrmsd_norm,7,0.521673621092646
33764.44,COL-min-ED,1703,3320,773956,0,nrmsd_norm,8,0.5426073237346664
33764.44,COL-min-ED,1703,12289,773956,0,nrmsd_norm,9,0.512794381909268
33764.44,COL-min-ED,1703,10513,773956,0,nrmsd_norm,10,0.5191464262646346
33764.44,COL-min-ED,1703,10333,773956,0,nrmsd_norm,11,0.5631432708448124
33764.44,COL-min-ED,1703,10333,773956,0,nrmsd_norm,12,0.5707024492352936
33764.44,COL-min-ED,1703,7042,773956,0,nrmsd_norm,13,0.5167775715495972
33764.44,COL-min-ED,1703,8249,773956,0,nrmsd_norm,14,0.5024370098578926
33764.44,COL-min-ED,1703,8249,773956,0,nrmsd_norm,15,0.5094609271620495
33764.44,COL-min-ED,1703,10571,773956,0,nrmsd_norm,16,0.5014696728452578
33764.44,COL-min-ED,1703,10997,773956,0,nrmsd_norm,17,0.39644427735556254
33764.44,COL-min-ED,1703,10997,773956,0,nrmsd_norm,18,0.39487267231826223
33764.44,COL-min-ED,1703,10997,773956,0,nrmsd_norm,19,0.3971051026543755
33764.44,COL-min-ED,1703,10997,773956,0,nrmsd_norm,20,0.43636300118065013
33764.44,COL-min-ED,1703,10997,773956,0,nrmsd_norm,22,0.4441110943533177
33764.44,COL-min-ED,1703,4254,773956,0,nrmsd_norm,24,0.4499937326467987
33764.44,COL-min-ED,1703,4725,773956,0,nrmsd_norm,26,0.4489093973150149
33764.44,COL-min-ED,1703,9499,773956,0,nrmsd_norm,28,0.4677281811449867
33764.44,COL-min-ED,1703,9499,773956,0,nrmsd_norm,30,0.46785029212504875
33764.44,COL-min-ED,1703,9499,773956,0,nrmsd_norm,32,0.476884537051524
33764.44,COL-min-ED,1703,9499,773956,0,nrmsd_norm,34,0.48304835816300395
33764.44,COL-min-ED,1703,9499,773956,0,nrmsd_norm,36,0.47987285554136194
33764.44,COL-min-ED,1703,4254,773956,0,nrmsd_norm,38,0.482818818691858
33764.44,COL-min-ED,1703,4725,773956,0,nrmsd_norm,40,0.5190975473801943
33764.44,COL-min-ED,1703,4725,773956,0,nrmsd_norm,42,0.5151142834855948
33764.44,COL-min-ED,1703,4725,773956,0,nrmsd_norm,44,0.5143028924827235
33764.44,COL-min-ED,1703,4725,773956,0,nrmsd_norm,46,0.5111359551284463
33764.44,COL-min-ED,1703,4725,773956,0,nrmsd_norm,48,0.5107190611792006
33764.44,COL-min-ED,1703,4725,773956,0,nrmsd_norm,50,0.5116358409663967
33764.44,COL-min-ED,1703,4725,773956,0,nrmsd_norm,55,0.5112246416252413
33764.44,COL-min-ED,1703,4725,773956,0,nrmsd_norm,60,0.5077117930902358
33764.44,COL-min-ED,1703,4725,773956,0,nrmsd_norm,65,0.5036821520083875
33764.44,COL-min-ED,1703,4725,773956,0,nrmsd_norm,70,0.5160713497648054
33764.44,COL-min-ED,1703,4725,773956,0,nrmsd_norm,75,0.5366543523777154
33764.44,COL-min-ED,1703,4725,773956,0,nrmsd_norm,80,0.5545082005999421
33764.44,COL-min-ED,1703,4725,773956,0,nrmsd_norm,85,0.5642790690812958
33764.44,COL-min-ED,1703,4725,773956,0,nrmsd_norm,90,0.5696756962517435
33764.44,COL-min-ED,1703,4725,773956,0,nrmsd_norm,95,0.5627097570315133
33764.44,COL-min-ED,1703,4725,773956,0,nrmsd_norm,100,0.5529546267284805
33764.44,COL-min-ED,1703,4557,654571,0,nrmsd_norm,5,0.6073968578591405
33764.44,COL-min-ED,1703,4634,654571,0,nrmsd_norm,6,0.6222180745442826
33764.44,COL-min-ED,1703,4557,654571,0,nrmsd_norm,7,0.5493976457295779
33764.44,COL-min-ED,1703,523,654571,0,nrmsd_norm,8,0.5655372373521149
33764.44,COL-min-ED,1703,526,654571,0,nrmsd_norm,9,0.5000628698149905
33764.44,COL-min-ED,1703,526,654571,0,nrmsd_norm,10,0.5175831031456489
33764.44,COL-min-ED,1703,4379,654571,0,nrmsd_norm,11,0.5245548687791267
33764.44,COL-min-ED,1703,4379,654571,0,nrmsd_norm,12,0.5312959521358486
33764.44,COL-min-ED,1703,4379,654571,0,nrmsd_norm,13,0.4375494283300431
33764.44,COL-min-ED,1703,4379,654571,0,nrmsd_norm,14,0.4259463514129628
33764.44,COL-min-ED,1703,4379,654571,0,nrmsd_norm,15,0.4376118897982938
33764.44,COL-min-ED,1703,2054,654571,0,nrmsd_norm,16,0.44613888630712295
33764.44,COL-min-ED,1703,2054,654571,0,nrmsd_norm,17,0.37248942966796306
33764.44,COL-min-ED,1703,2054,654571,0,nrmsd_norm,18,0.3729793777287643
33764.44,COL-min-ED,1703,2054,654571,0,nrmsd_norm,19,0.3814217299714496
33764.44,COL-min-ED,1703,2054,654571,0,nrmsd_norm,20,0.40302820779005977
33764.44,COL-min-ED,1703,2054,654571,0,nrmsd_norm,22,0.4156558204266262
33764.44,COL-min-ED,1703,2054,654571,0,nrmsd_norm,24,0.4215226521039135
33764.44,COL-min-ED,1703,2054,654571,0,nrmsd_norm,26,0.4274675338851127
33764.44,COL-min-ED,1703,2054,654571,0,nrmsd_norm,28,0.4552247262921003
33764.44,COL-min-ED,1703,2054,654571,0,nrmsd_norm,30,0.4561094860210695
33764.44,COL-min-ED,1703,2054,654571,0,nrmsd_norm,32,0.46028900986775556
33764.44,COL-min-ED,1703,2054,654571,0,nrmsd_norm,34,0.4641147480368438
33764.44,COL-min-ED,1703,2054,654571,0,nrmsd_norm,36,0.4610421680020673
33764.44,COL-min-ED,1703,2054,654571,0,nrmsd_norm,38,0.46404765183912466
33764.44,COL-min-ED,1703,2054,654571,0,nrmsd_norm,40,0.4892581288121677
33764.44,COL-min-ED,1703,2054,654571,0,nrmsd_norm,42,0.48673890742668896
33764.44,COL-min-ED,1703,2054,654571,0,nrmsd_norm,44,0.48594243618596894
33764.44,COL-min-ED,1703,6340,654571,0,nrmsd_norm,46,0.4871040756672379
33764.44,COL-min-ED,1703,6340,654571,0,nrmsd_norm,48,0.48864316111790007
33764.44,COL-min-ED,1703,6340,654571,0,nrmsd_norm,50,0.4909063379794935
33764.44,COL-min-ED,1703,6340,654571,0,nrmsd_norm,55,0.4892541719797303
33764.44,COL-min-ED,1703,6340,654571,0,nrmsd_norm,60,0.48702232356620073
33764.44,COL-min-ED,1703,6340,654571,0,nrmsd_norm,65,0.48269415829786294
33764.44,COL-min-ED,1703,6340,654571,0,nrmsd_norm,70,0.49774481919389385
33764.44,COL-min-ED,1703,6340,654571,0,nrmsd_norm,75,0.5218269258373105
33764.44,COL-min-ED,1703,6340,654571,0,nrmsd_norm,80,0.5342555951104269
33764.44,COL-min-ED,1703,348,654571,0,nrmsd_norm,85,0.5425622875998276
33764.44,COL-min-ED,1703,348,654571,0,nrmsd_norm,90,0.5500859739300747
33764.44,COL-min-ED,1703,7548,654571,0,nrmsd_norm,95,0.5394768842067483
33764.44,COL-min-ED,1703,7548,654571,0,nrmsd_norm,100,0.5315850222447337
33764.44,COL-min-ED,1703,7298,438878,0,nrmsd_norm,5,0.5555715820819308
33764.44,COL-min-ED,1703,4734,438878,0,nrmsd_norm,6,0.5411465952017476
33764.44,COL-min-ED,1703,4734,438878,0,nrmsd_norm,7,0.49808506591577595
33764.44,COL-min-ED,1703,3926,438878,0,nrmsd_norm,8,0.5031044586100297
33764.44,COL-min-ED,1703,4211,438878,0,nrmsd_norm,9,0.44724379596214736
33764.44,COL-min-ED,1703,4211,438878,0,nrmsd_norm,10,0.46199131180707814
33764.44,COL-min-ED,1703,4211,438878,0,nrmsd_norm,11,0.49486040306305207
33764.44,COL-min-ED,1703,4211,438878,0,nrmsd_norm,12,0.5027427986356201
33764.44,COL-min-ED,1703,4202,438878,0,nrmsd_norm,13,0.4433695833347051
33764.44,COL-min-ED,1703,10951,438878,0,nrmsd_norm,14,0.4287013016054571
33764.44,COL-min-ED,1703,10951,438878,0,nrmsd_norm,15,0.43336442243096507
33764.44,COL-min-ED,1703,4200,438878,0,nrmsd_norm,16,0.4250017221317375
33764.44,COL-min-ED,1703,4200,438878,0,nrmsd_norm,17,0.3640756560061823
33764.44,COL-min-ED,1703,4200,438878,0,nrmsd_norm,18,0.36806623216114903
33764.44,COL-min-ED,1703,4200,438878,0,nrmsd_norm,19,0.3684552330434041
33764.44,COL-min-ED,1703,4200,438878,0,nrmsd_norm,20,0.3851059688289641
33764.44,COL-min-ED,1703,4200,438878,0,nrmsd_norm,22,0.39952420644052844
33764.44,COL-min-ED,1703,1557,438878,0,nrmsd_norm,24,0.4047175092108609
33764.44,COL-min-ED,1703,1557,438878,0,nrmsd_norm,26,0.39935955529445716
33764.44,COL-min-ED,1703,1557,438878,0,nrmsd_norm,28,0.4248483066070662
33764.44,COL-min-ED,1703,1557,438878,0,nrmsd_norm,30,0.42882385464425254
33764.44,COL-min-ED,1703,1557,438878,0,nrmsd_norm,32,0.4364331274046374
33764.44,COL-min-ED,1703,1557,438878,0,nrmsd_norm,34,0.44232089831962823
33764.44,COL-min-ED,1703,1557,438878,0,nrmsd_norm,36,0.43776078005447666
33764.44,COL-min-ED,1703,1557,438878,0,nrmsd_norm,38,0.4424910039221819
33764.44,COL-min-ED,1703,1557,438878,0,nrmsd_norm,40,0.4767063140953101
33764.44,COL-min-ED,1703,1557,438878,0,nrmsd_norm,42,0.4765693052313476
33764.44,COL-min-ED,1703,1557,438878,0,nrmsd_norm,44,0.48042754845557506
33764.44,COL-min-ED,1703,5062,438878,0,nrmsd_norm,46,0.4743018073555914
33764.44,COL-min-ED,1703,6547,438878,0,nrmsd_norm,48,0.47339787759693297
33764.44,COL-min-ED,1703,4202,438878,0,nrmsd_norm,50,0.47688331610973456
33764.44,COL-min-ED,1703,5062,438878,0,nrmsd_norm,55,0.47753219654099427
33764.44,COL-min-ED,1703,4202,438878,0,nrmsd_norm,60,0.47120058668636683
33764.44,COL-min-ED,1703,4202,438878,0,nrmsd_norm,65,0.47006516121120373
33764.44,COL-min-ED,1703,4201,438878,0,nrmsd_norm,70,0.48441494463155454
33764.44,COL-min-ED,1703,10951,438878,0,nrmsd_norm,75,0.49498855533790104
33764.44,COL-min-ED,1703,4201,438878,0,nrmsd_norm,80,0.5094603039102575
33764.44,COL-min-ED,1703,4202,438878,0,nrmsd_norm,85,0.5272529979991044
33764.44,COL-min-ED,1703,4202,438878,0,nrmsd_norm,90,0.5342869158487299
33764.44,COL-min-ED,1703,5366,438878,0,nrmsd_norm,95,0.5234151278335873
33764.44,COL-min-ED,1703,1703,438878,0,nrmsd_norm,100,0.5238613627943021
33764.44,COL-min-ED,1703,1233,433015,0,nrmsd_norm,5,0.5414430668804834
33764.44,COL-min-ED,1703,5323,433015,0,nrmsd_norm,6,0.5283403962966026
33764.44,COL-min-ED,1703,4610,433015,0,nrmsd_norm,7,0.5069123151599602
33764.44,COL-min-ED,1703,5017,433015,0,nrmsd_norm,8,0.513090349374192
33764.44,COL-min-ED,1703,5041,433015,0,nrmsd_norm,9,0.4194407402218315
33764.44,COL-min-ED,1703,5041,433015,0,nrmsd_norm,10,0.4428075428673882
33764.44,COL-min-ED,1703,5041,433015,0,nrmsd_norm,11,0.43775140279528785
33764.44,COL-min-ED,1703,63,433015,0,nrmsd_norm,12,0.4639102981388576
33764.44,COL-min-ED,1703,63,433015,0,nrmsd_norm,13,0.40817148698642586
33764.44,COL-min-ED,1703,63,433015,0,nrmsd_norm,14,0.4061101755445101
33764.44,COL-min-ED,1703,63,433015,0,nrmsd_norm,15,0.4178376076295898
33764.44,COL-min-ED,1703,1557,433015,0,nrmsd_norm,16,0.41233254125662555
33764.44,COL-min-ED,1703,63,433015,0,nrmsd_norm,17,0.37353475138907954
33764.44,COL-min-ED,1703,63,433015,0,nrmsd_norm,18,0.37591598319789005
33764.44,COL-min-ED,1703,63,433015,0,nrmsd_norm,19,0.3792119592437151
33764.44,COL-min-ED,1703,5041,433015,0,nrmsd_norm,20,0.3950847305070286
33764.44,COL-min-ED,1703,5041,433015,0,nrmsd_norm,22,0.4091580878665675
33764.44,COL-min-ED,1703,4806,433015,0,nrmsd_norm,24,0.4055757798391653
33764.44,COL-min-ED,1703,4806,433015,0,nrmsd_norm,26,0.40704710069161515
33764.44,COL-min-ED,1703,4806,433015,0,nrmsd_norm,28,0.4385878523860733
33764.44,COL-min-ED,1703,5041,433015,0,nrmsd_norm,30,0.4410669502707912
33764.44,COL-min-ED,1703,5041,433015,0,nrmsd_norm,32,0.4483395262779227
33764.44,COL-min-ED,1703,5041,433015,0,nrmsd_norm,34,0.45117262603753594
33764.44,COL-min-ED,1703,5061,433015,0,nrmsd_norm,36,0.44967375921682307
33764.44,COL-min-ED,1703,5061,433015,0,nrmsd_norm,38,0.44860974804390147
33764.44,COL-min-ED,1703,5061,433015,0,nrmsd_norm,40,0.4697627186954364
33764.44,COL-min-ED,1703,5061,433015,0,nrmsd_norm,42,0.4674441150913308
33764.44,COL-min-ED,1703,5041,433015,0,nrmsd_norm,44,0.46798358599172774
33764.44,COL-min-ED,1703,5041,433015,0,nrmsd_norm,46,0.46947328891062917
33764.44,COL-min-ED,1703,5041,433015,0,nrmsd_norm,48,0.46745081089113644
33764.44,COL-min-ED,1703,5041,433015,0,nrmsd_norm,50,0.46933537477846016
33764.44,COL-min-ED,1703,5041,433015,0,nrmsd_norm,55,0.4750438590307018
33764.44,COL-min-ED,1703,5041,433015,0,nrmsd_norm,60,0.4705890143574772
33764.44,COL-min-ED,1703,5041,433015,0,nrmsd_norm,65,0.46832051651253714
33764.44,COL-min-ED,1703,5041,433015,0,nrmsd_norm,70,0.48704678713247923
33764.44,COL-min-ED,1703,5041,433015,0,nrmsd_norm,75,0.502045376953903
33764.44,COL-min-ED,1703,5041,433015,0,nrmsd_norm,80,0.5203240708239558
33764.44,COL-min-ED,1703,4211,433015,0,nrmsd_norm,85,0.540970078488441
33764.44,COL-min-ED,1703,4211,433015,0,nrmsd_norm,90,0.5471224741613663
33764.44,COL-min-ED,1703,2071,433015,0,nrmsd_norm,95,0.5373426657030657
33764.44,COL-min-ED,1703,2071,433015,0,nrmsd_norm,100,0.529193149810376
33764.44,COL-min-ED,1703,4734,858597,0,nrmsd_norm,5,0.5846829701019107
33764.44,COL-min-ED,1703,3769,858597,0,nrmsd_norm,6,0.6016208230533179
33764.44,COL-min-ED,1703,9789,858597,0,nrmsd_norm,7,0.5820658335161484
33764.44,COL-min-ED,1703,3760,858597,0,nrmsd_norm,8,0.5935362163821929
33764.44,COL-min-ED,1703,9499,858597,0,nrmsd_norm,9,0.5235148113852511
33764.44,COL-min-ED,1703,9499,858597,0,nrmsd_norm,10,0.5298985770276806
33764.44,COL-min-ED,1703,9499,858597,0,nrmsd_norm,11,0.5513144933842103
33764.44,COL-min-ED,1703,9499,858597,0,nrmsd_norm,12,0.5612477126518343
33764.44,COL-min-ED,1703,2481,858597,0,nrmsd_norm,13,0.5278506884844799
33764.44,COL-min-ED,1703,2481,858597,0,nrmsd_norm,14,0.4780159257244157
33764.44,COL-min-ED,1703,2481,858597,0,nrmsd_norm,15,0.4829563673170972
33764.44,COL-min-ED,1703,2435,858597,0,nrmsd_norm,16,0.46792851158551474
33764.44,COL-min-ED,1703,2435,858597,0,nrmsd_norm,17,0.3891159021114257
33764.44,COL-min-ED,1703,2435,858597,0,nrmsd_norm,18,0.39034628510849956
33764.44,COL-min-ED,1703,2435,858597,0,nrmsd_norm,19,0.3939813610574689
33764.44,COL-min-ED,1703,9499,858597,0,nrmsd_norm,20,0.4107412661594502
33764.44,COL-min-ED,1703,9499,858597,0,nrmsd_norm,22,0.415180698199564
33764.44,COL-min-ED,1703,2435,858597,0,nrmsd_norm,24,0.41212072782547166
33764.44,COL-min-ED,1703,2435,858597,0,nrmsd_norm,26,0.41534356773587705
33764.44,COL-min-ED,1703,328,858597,0,nrmsd_norm,28,0.4550077239624749
33764.44,COL-min-ED,1703,328,858597,0,nrmsd_norm,30,0.4583080516061111
33764.44,COL-min-ED,1703,328,858597,0,nrmsd_norm,32,0.46310645020788677
33764.44,COL-min-ED,1703,328,858597,0,nrmsd_norm,34,0.469737333086178
33764.44,COL-min-ED,1703,328,858597,0,nrmsd_norm,36,0.4680757740677889
33764.44,COL-min-ED,1703,328,858597,0,nrmsd_norm,38,0.467312724634816
33764.44,COL-min-ED,1703,4254,858597,0,nrmsd_norm,40,0.4835305663456078
33764.44,COL-min-ED,1703,9499,858597,0,nrmsd_norm,42,0.4806688863121891
33764.44,COL-min-ED,1703,9499,858597,0,nrmsd_norm,44,0.4801845516760657
33764.44,COL-min-ED,1703,9499,858597,0,nrmsd_norm,46,0.47955327278652926
33764.44,COL-min-ED,1703,328,858597,0,nrmsd_norm,48,0.4767049827992287
33764.44,COL-min-ED,1703,328,858597,0,nrmsd_norm,50,0.4777777335987594
33764.44,COL-min-ED,1703,328,858597,0,nrmsd_norm,55,0.4805245694042477
33764.44,COL-min-ED,1703,889,858597,0,nrmsd_norm,60,0.48319574384573294
33764.44,COL-min-ED,1703,328,858597,0,nrmsd_norm,65,0.4759286265962966
33764.44,COL-min-ED,1703,328,858597,0,nrmsd_norm,70,0.49531002000292607
33764.44,COL-min-ED,1703,889,858597,0,nrmsd_norm,75,0.5057953781947969
33764.44,COL-min-ED,1703,889,858597,0,nrmsd_norm,80,0.518960671818441
33764.44,COL-min-ED,1703,889,858597,0,nrmsd_norm,85,0.5293722358530363
33764.44,COL-min-ED,1703,889,858597,0,nrmsd_norm,90,0.5405727012506504
33764.44,COL-min-ED,1703,4376,858597,0,nrmsd_norm,95,0.5306535127489714
33764.44,COL-min-ED,1703,183,858597,0,nrmsd_norm,100,0.5192942144355073
33764.44,COL-min-ED,1703,11476,85945,0,nrmsd_norm,5,0.6369568753877994
33764.44,COL-min-ED,1703,3801,85945,0,nrmsd_norm,6,0.6403326290028354
33764.44,COL-min-ED,1703,3094,85945,0,nrmsd_norm,7,0.629842763419928
33764.44,COL-min-ED,1703,3094,85945,0,nrmsd_norm,8,0.6436751406892954
33764.44,COL-min-ED,1703,3347,85945,0,nrmsd_norm,9,0.5568045044615926
33764.44,COL-min-ED,1703,6931,85945,0,nrmsd_norm,10,0.5672345285258621
33764.44,COL-min-ED,1703,1789,85945,0,nrmsd_norm,11,0.5850490633588874
33764.44,COL-min-ED,1703,12467,85945,0,nrmsd_norm,12,0.58851218055304
33764.44,COL-min-ED,1703,4101,85945,0,nrmsd_norm,13,0.5321641333690617
33764.44,COL-min-ED,1703,4101,85945,0,nrmsd_norm,14,0.48773174758337023
33764.44,COL-min-ED,1703,4101,85945,0,nrmsd_norm,15,0.49018713466757874
33764.44,COL-min-ED,1703,328,85945,0,nrmsd_norm,16,0.479251830332312
33764.44,COL-min-ED,1703,328,85945,0,nrmsd_norm,17,0.39336875044234126
33764.44,COL-min-ED,1703,328,85945,0,nrmsd_norm,18,0.396509184679766
33764.44,COL-min-ED,1703,328,85945,0,nrmsd_norm,19,0.3970719639929227
33764.44,COL-min-ED,1703,9499,85945,0,nrmsd_norm,20,0.4149739486808605
33764.44,COL-min-ED,1703,9499,85945,0,nrmsd_norm,22,0.42513881629452377
33764.44,COL-min-ED,1703,9499,85945,0,nrmsd_norm,24,0.4281771116507978
33764.44,COL-min-ED,1703,328,85945,0,nrmsd_norm,26,0.4294417572969953
33764.44,COL-min-ED,1703,328,85945,0,nrmsd_norm,28,0.4610591512735845
33764.44,COL-min-ED,1703,3002,85945,0,nrmsd_norm,30,0.46387863801017726
33764.44,COL-min-ED,1703,3002,85945,0,nrmsd_norm,32,0.47270950679150553
33764.44,COL-min-ED,1703,3002,85945,0,nrmsd_norm,34,0.47546132256192725
33764.44,COL-min-ED,1703,3002,85945,0,nrmsd_norm,36,0.47313582705175466
33764.44,COL-min-ED,1703,3002,85945,0,nrmsd_norm,38,0.4748519909266387
33764.44,COL-min-ED,1703,3002,85945,0,nrmsd_norm,40,0.5022109097825455
33764.44,COL-min-ED,1703,3002,85945,0,nrmsd_norm,42,0.49930252629706295
33764.44,COL-min-ED,1703,3002,85945,0,nrmsd_norm,44,0.5009583209804038
33764.44,COL-min-ED,1703,3002,85945,0,nrmsd_norm,46,0.4974709616438742
33764.44,COL-min-ED,1703,328,85945,0,nrmsd_norm,48,0.4953798904696864
33764.44,COL-min-ED,1703,328,85945,0,nrmsd_norm,50,0.496560536167197
33764.44,COL-min-ED,1703,328,85945,0,nrmsd_norm,55,0.4985970741108753
33764.44,COL-min-ED,1703,328,85945,0,nrmsd_norm,60,0.49316275947170957
33764.44,COL-min-ED,1703,3002,85945,0,nrmsd_norm,65,0.48923251115633726
33764.44,COL-min-ED,1703,3002,85945,0,nrmsd_norm,70,0.5045125781568935
33764.44,COL-min-ED,1703,4254,85945,0,nrmsd_norm,75,0.5161034011667048
33764.44,COL-min-ED,1703,328,85945,0,nrmsd_norm,80,0.5268410819644761
33764.44,COL-min-ED,1703,889,85945,0,nrmsd_norm,85,0.5393173132529641
33764.44,COL-min-ED,1703,889,85945,0,nrmsd_norm,90,0.546584801450569
33764.44,COL-min-ED,1703,889,85945,0,nrmsd_norm,95,0.5378572077240348
33764.44,COL-min-ED,1703,9328,85945,0,nrmsd_norm,100,0.538412971591273
33764.44,COL-min-ED,1703,281,697368,0,nrmsd_norm,5,0.5506107414179249
33764.44,COL-min-ED,1703,9526,697368,0,nrmsd_norm,6,0.5663695738467341
33764.44,COL-min-ED,1703,11181,697368,0,nrmsd_norm,7,0.44665960181319514
33764.44,COL-min-ED,1703,1525,697368,0,nrmsd_norm,8,0.47184925299236297
33764.44,COL-min-ED,1703,4645,697368,0,nrmsd_norm,9,0.4231012900371112
33764.44,COL-min-ED,1703,265,697368,0,nrmsd_norm,10,0.43856176312849526
33764.44,COL-min-ED,1703,748,697368,0,nrmsd_norm,11,0.43765080878382434
33764.44,COL-min-ED,1703,4645,697368,0,nrmsd_norm,12,0.4639168433725984
33764.44,COL-min-ED,1703,11769,697368,0,nrmsd_norm,13,0.4292625995271144
33764.44,COL-min-ED,1703,11769,697368,0,nrmsd_norm,14,0.4022388772238116
33764.44,COL-min-ED,1703,1777,697368,0,nrmsd_norm,15,0.4152318003190354
33764.44,COL-min-ED,1703,1777,697368,0,nrmsd_norm,16,0.40054853536908247
33764.44,COL-min-ED,1703,1777,697368,0,nrmsd_norm,17,0.35279998959475534
33764.44,COL-min-ED,1703,1777,697368,0,nrmsd_norm,18,0.35538722290200503
33764.44,COL-min-ED,1703,1777,697368,0,nrmsd_norm,19,0.3631932890690865
33764.44,COL-min-ED,1703,1777,697368,0,nrmsd_norm,20,0.371789281881385
33764.44,COL-min-ED,1703,1777,697368,0,nrmsd_norm,22,0.38260992130310534
33764.44,COL-min-ED,1703,4559,697368,0,nrmsd_norm,24,0.3849702842568511
33764.44,COL-min-ED,1703,4559,697368,0,nrmsd_norm,26,0.3893185027484364
33764.44,COL-min-ED,1703,4559,697368,0,nrmsd_norm,28,0.4148091917903822
33764.44,COL-min-ED,1703,4559,697368,0,nrmsd_norm,30,0.4152895786189114
33764.44,COL-min-ED,1703,4559,697368,0,nrmsd_norm,32,0.4215302411838001
33764.44,COL-min-ED,1703,4559,697368,0,nrmsd_norm,34,0.4282661384148653
33764.44,COL-min-ED,1703,4559,697368,0,nrmsd_norm,36,0.4245502830644253
33764.44,COL-min-ED,1703,4559,697368,0,nrmsd_norm,38,0.4268257575353809
33764.44,COL-min-ED,1703,4559,697368,0,nrmsd_norm,40,0.44490408620854627
33764.44,COL-min-ED,1703,4559,697368,0,nrmsd_norm,42,0.44493214933579106
33764.44,COL-min-ED,1703,4559,697368,0,nrmsd_norm,44,0.44515058855775547
33764.44,COL-min-ED,1703,4559,697368,0,nrmsd_norm,46,0.44414303513153325
33764.44,COL-min-ED,1703,4559,697368,0,nrmsd_norm,48,0.44093646609864795
33764.44,COL-min-ED,1703,4559,697368,0,nrmsd_norm,50,0.4414011484378681
33764.44,COL-min-ED,1703,4559,697368,0,nrmsd_norm,55,0.44721262459900274
33764.44,COL-min-ED,1703,4559,697368,0,nrmsd_norm,60,0.4482216568493029
33764.44,COL-min-ED,1703,4559,697368,0,nrmsd_norm,65,0.44792903043058585
33764.44,COL-min-ED,1703,4559,697368,0,nrmsd_norm,70,0.46520135959921094
33764.44,COL-min-ED,1703,4559,697368,0,nrmsd_norm,75,0.4829639025189098
33764.44,COL-min-ED,1703,4559,697368,0,nrmsd_norm,80,0.49915985346630987
33764.44,COL-min-ED,1703,4149,697368,0,nrmsd_norm,85,0.5102916470467626
33764.44,COL-min-ED,1703,4149,697368,0,nrmsd_norm,90,0.5182961694357661
33764.44,COL-min-ED,1703,4149,697368,0,nrmsd_norm,95,0.5135100589706285
33764.44,COL-min-ED,1703,1913,697368,0,nrmsd_norm,100,0.507227643543465
33764.44,COL-min-ED,1703,5264,201469,0,nrmsd_norm,5,0.5682315365617173
33764.44,COL-min-ED,1703,5256,201469,0,nrmsd_norm,6,0.5481944482691493
33764.44,COL-min-ED,1703,4731,201469,0,nrmsd_norm,7,0.5233874613904909
33764.44,COL-min-ED,1703,4731,201469,0,nrmsd_norm,8,0.5265512788964989
33764.44,COL-min-ED,1703,12100,201469,0,nrmsd_norm,9,0.48584625027771733
33764.44,COL-min-ED,1703,12100,201469,0,nrmsd_norm,10,0.497732071340421
33764.44,COL-min-ED,1703,4725,201469,0,nrmsd_norm,11,0.5524999673682246
33764.44,COL-min-ED,1703,4725,201469,0,nrmsd_norm,12,0.5406258255274821
33764.44,COL-min-ED,1703,4222,201469,0,nrmsd_norm,13,0.4834980301877448
33764.44,COL-min-ED,1703,4222,201469,0,nrmsd_norm,14,0.46603300318734026
33764.44,COL-min-ED,1703,4222,201469,0,nrmsd_norm,15,0.4677986929374686
33764.44,COL-min-ED,1703,11612,201469,0,nrmsd_norm,16,0.4597761089282243
33764.44,COL-min-ED,1703,11612,201469,0,nrmsd_norm,17,0.37788423459381737
33764.44,COL-min-ED,1703,11612,201469,0,nrmsd_norm,18,0.382150073803448
33764.44,COL-min-ED,1703,11612,201469,0,nrmsd_norm,19,0.38620714066441736
33764.44,COL-min-ED,1703,4222,201469,0,nrmsd_norm,20,0.4222792733092997
33764.44,COL-min-ED,1703,4222,201469,0,nrmsd_norm,22,0.4285984409284594
33764.44,COL-min-ED,1703,4222,201469,0,nrmsd_norm,24,0.42930087045919896
33764.44,COL-min-ED,1703,4222,201469,0,nrmsd_norm,26,0.4289846724768889
33764.44,COL-min-ED,1703,4222,201469,0,nrmsd_norm,28,0.4572561950767882
33764.44,COL-min-ED,1703,2071,201469,0,nrmsd_norm,30,0.4586221313125993
33764.44,COL-min-ED,1703,2071,201469,0,nrmsd_norm,32,0.4617870206843133
33764.44,COL-min-ED,1703,2071,201469,0,nrmsd_norm,34,0.4638404601206052
33764.44,COL-min-ED,1703,2071,201469,0,nrmsd_norm,36,0.46057747895084095
33764.44,COL-min-ED,1703,2071,201469,0,nrmsd_norm,38,0.46370416379706797
33764.44,COL-min-ED,1703,2439,201469,0,nrmsd_norm,40,0.4812965708315263
33764.44,COL-min-ED,1703,2439,201469,0,nrmsd_norm,42,0.4794365435529788
33764.44,COL-min-ED,1703,2439,201469,0,nrmsd_norm,44,0.48091836773741037
33764.44,COL-min-ED,1703,2439,201469,0,nrmsd_norm,46,0.4793176614353192
33764.44,COL-min-ED,1703,2439,201469,0,nrmsd_norm,48,0.47602665765072955
33764.44,COL-min-ED,1703,2439,201469,0,nrmsd_norm,50,0.4757681932722707
33764.44,COL-min-ED,1703,2439,201469,0,nrmsd_norm,55,0.4755175057242714
33764.44,COL-min-ED,1703,2439,201469,0,nrmsd_norm,60,0.4733501282345999
33764.44,COL-min-ED,1703,4202,201469,0,nrmsd_norm,65,0.4730824885408674
33764.44,COL-min-ED,1703,2439,201469,0,nrmsd_norm,70,0.4839117646507479
33764.44,COL-min-ED,1703,4202,201469,0,nrmsd_norm,75,0.5025273328221413
33764.44,COL-min-ED,1703,4202,201469,0,nrmsd_norm,80,0.5131815956770306
33764.44,COL-min-ED,1703,4201,201469,0,nrmsd_norm,85,0.5231163194234105
33764.44,COL-min-ED,1703,4201,201469,0,nrmsd_norm,90,0.5324666827084565
33764.44,COL-min-ED,1703,4201,201469,0,nrmsd_norm,95,0.5257090487885585
33764.44,COL-min-ED,1703,4201,201469,0,nrmsd_norm,100,0.5206948799175787
33764.44,COL-min-ED,1703,3682,94177,0,nrmsd_norm,5,0.6040955661217113
33764.44,COL-min-ED,1703,7298,94177,0,nrmsd_norm,6,0.6191568621437491
33764.44,COL-min-ED,1703,6498,94177,0,nrmsd_norm,7,0.6079863005878958
33764.44,COL-min-ED,1703,6498,94177,0,nrmsd_norm,8,0.6188785150984503
33764.44,COL-min-ED,1703,2722,94177,0,nrmsd_norm,9,0.5629523696685858
33764.44,COL-min-ED,1703,2722,94177,0,nrmsd_norm,10,0.5669286774726268
33764.44,COL-min-ED,1703,6681,94177,0,nrmsd_norm,11,0.5566719109695819
33764.44,COL-min-ED,1703,1631,94177,0,nrmsd_norm,12,0.5458004396315055
33764.44,COL-min-ED,1703,1105,94177,0,nrmsd_norm,13,0.5054935158967577
33764.44,COL-min-ED,1703,9769,94177,0,nrmsd_norm,14,0.4722362801408033
33764.44,COL-min-ED,1703,9769,94177,0,nrmsd_norm,15,0.4715794242679039
33764.44,COL-min-ED,1703,9769,94177,0,nrmsd_norm,16,0.46481860686648646
33764.44,COL-min-ED,1703,9769,94177,0,nrmsd_norm,17,0.4146867528224168
33764.44,COL-min-ED,1703,9769,94177,0,nrmsd_norm,18,0.4154589526074746
33764.44,COL-min-ED,1703,9769,94177,0,nrmsd_norm,19,0.4209032158676586
33764.44,COL-min-ED,1703,9769,94177,0,nrmsd_norm,20,0.431212020737227
33764.44,COL-min-ED,1703,9769,94177,0,nrmsd_norm,22,0.4367299134846224
33764.44,COL-min-ED,1703,9769,94177,0,nrmsd_norm,24,0.4350399738141221
33764.44,COL-min-ED,1703,2520,94177,0,nrmsd_norm,26,0.4489380009438653
33764.44,COL-min-ED,1703,1314,94177,0,nrmsd_norm,28,0.47952382922668324
33764.44,COL-min-ED,1703,2520,94177,0,nrmsd_norm,30,0.48173427357233467
33764.44,COL-min-ED,1703,2520,94177,0,nrmsd_norm,32,0.48708729445350896
33764.44,COL-min-ED,1703,2520,94177,0,nrmsd_norm,34,0.49025486835314575
33764.44,COL-min-ED,1703,2520,94177,0,nrmsd_norm,36,0.4855695148878627
33764.44,COL-min-ED,1703,2520,94177,0,nrmsd_norm,38,0.4891661335013799
33764.44,COL-min-ED,1703,2520,94177,0,nrmsd_norm,40,0.5086929465245468
33764.44,COL-min-ED,1703,2520,94177,0,nrmsd_norm,42,0.5029147591301462
33764.44,COL-min-ED,1703,2520,94177,0,nrmsd_norm,44,0.5031322039811708
33764.44,COL-min-ED,1703,2520,94177,0,nrmsd_norm,46,0.5012050010588879
33764.44,COL-min-ED,1703,2520,94177,0,nrmsd_norm,48,0.4978491061298055
33764.44,COL-min-ED,1703,2520,94177,0,nrmsd_norm,50,0.49859087741376773
33764.44,COL-min-ED,1703,2520,94177,0,nrmsd_norm,55,0.49949670943740476
33764.44,COL-min-ED,1703,2520,94177,0,nrmsd_norm,60,0.49405310563923366
33764.44,COL-min-ED,1703,1314,94177,0,nrmsd_norm,65,0.4848687862259806
33764.44,COL-min-ED,1703,1314,94177,0,nrmsd_norm,70,0.5004782656467259
33764.44,COL-min-ED,1703,1314,94177,0,nrmsd_norm,75,0.5161665529391983
33764.44,COL-min-ED,1703,1314,94177,0,nrmsd_norm,80,0.5289066795635768
33764.44,COL-min-ED,1703,1314,94177,0,nrmsd_norm,85,0.53989168309577
33764.44,COL-min-ED,1703,1314,94177,0,nrmsd_norm,90,0.5492433133735631
33764.44,COL-min-ED,1703,1314,94177,0,nrmsd_norm,95,0.5414222659548068
33764.44,COL-min-ED,1703,1314,94177,0,nrmsd_norm,100,0.535117068098323
33764.44,KDPP,1703,1677,89250,0,nrmsd_norm,5,0.5737902358027008
33764.44,KDPP,1703,2541,89250,0,nrmsd_norm,6,0.47062892652651284
33764.44,KDPP,1703,2541,89250,0,nrmsd_norm,7,0.4506377951213203
33764.44,KDPP,1703,2541,89250,0,nrmsd_norm,8,0.4601742298699458
33764.44,KDPP,1703,2495,89250,0,nrmsd_norm,9,0.43381038924303283
33764.44,KDPP,1703,1564,89250,0,nrmsd_norm,10,0.4448094110142793
33764.44,KDPP,1703,1564,89250,0,nrmsd_norm,11,0.4486098358947021
33764.44,KDPP,1703,1564,89250,0,nrmsd_norm,12,0.4216748154818961
33764.44,KDPP,1703,1564,89250,0,nrmsd_norm,13,0.4052910058783189
33764.44,KDPP,1703,1564,89250,0,nrmsd_norm,14,0.40349377269803705
33764.44,KDPP,1703,1564,89250,0,nrmsd_norm,15,0.39959273107106313
33764.44,KDPP,1703,1564,89250,0,nrmsd_norm,16,0.38674200804745823
33764.44,KDPP,1703,4789,89250,0,nrmsd_norm,17,0.3781123719297358
33764.44,KDPP,1703,4782,89250,0,nrmsd_norm,18,0.3702803837673335
33764.44,KDPP,1703,4789,89250,0,nrmsd_norm,19,0.3622121158930885
33764.44,KDPP,1703,4789,89250,0,nrmsd_norm,20,0.36089803636363993
33764.44,KDPP,1703,4368,89250,0,nrmsd_norm,22,0.38845087002526124
33764.44,KDPP,1703,4368,89250,0,nrmsd_norm,24,0.4081138964996412
33764.44,KDPP,1703,273,89250,0,nrmsd_norm,26,0.41261611943576326
33764.44,KDPP,1703,273,89250,0,nrmsd_norm,28,0.3957724336280925
33764.44,KDPP,1703,8591,89250,0,nrmsd_norm,30,0.38161070754552495
33764.44,KDPP,1703,8591,89250,0,nrmsd_norm,32,0.3725577531017826
33764.44,KDPP,1703,8591,89250,0,nrmsd_norm,34,0.3770177504734345
33764.44,KDPP,1703,11782,89250,0,nrmsd_norm,36,0.39141652661353543
33764.44,KDPP,1703,11782,89250,0,nrmsd_norm,38,0.3941043307797606
33764.44,KDPP,1703,9891,89250,0,nrmsd_norm,40,0.3988606128098688
33764.44,KDPP,1703,9891,89250,0,nrmsd_norm,42,0.4070368160196789
33764.44,KDPP,1703,9891,89250,0,nrmsd_norm,44,0.4040770436804023
33764.44,KDPP,1703,9891,89250,0,nrmsd_norm,46,0.38309921732748287
33764.44,KDPP,1703,680,89250,0,nrmsd_norm,48,0.38956279165660684
33764.44,KDPP,1703,9891,89250,0,nrmsd_norm,50,0.3869577738174757
33764.44,KDPP,1703,680,89250,0,nrmsd_norm,55,0.3822470067822813
33764.44,KDPP,1703,680,89250,0,nrmsd_norm,60,0.3866695200804971
33764.44,KDPP,1703,4377,89250,0,nrmsd_norm,65,0.37950719373993874
33764.44,KDPP,1703,680,89250,0,nrmsd_norm,70,0.38042561130584096
33764.44,KDPP,1703,680,89250,0,nrmsd_norm,75,0.38473625025780533
33764.44,KDPP,1703,680,89250,0,nrmsd_norm,80,0.39197959593278037
33764.44,KDPP,1703,680,89250,0,nrmsd_norm,85,0.3936311416038048
33764.44,KDPP,1703,680,89250,0,nrmsd_norm,90,0.3907814161442728
33764.44,KDPP,1703,4201,89250,0,nrmsd_norm,95,0.39052451690716944
33764.44,KDPP,1703,4201,89250,0,nrmsd_norm,100,0.4031196955878489
33764.44,KDPP,1703,765,773956,0,nrmsd_norm,5,0.5773601521551357
33764.44,KDPP,1703,7691,773956,0,nrmsd_norm,6,0.4899100281438232
33764.44,KDPP,1703,7691,773956,0,nrmsd_norm,7,0.45961769257949875
33764.44,KDPP,1703,7691,773956,0,nrmsd_norm,8,0.46930853382656545
33764.44,KDPP,1703,7691,773956,0,nrmsd_norm,9,0.45142623055596637
33764.44,KDPP,1703,373,773956,0,nrmsd_norm,10,0.4587310636257093
33764.44,KDPP,1703,373,773956,0,nrmsd_norm,11,0.45809243825587836
33764.44,KDPP,1703,11866,773956,0,nrmsd_norm,12,0.4467701614173843
33764.44,KDPP,1703,6318,773956,0,nrmsd_norm,13,0.4312887193838439
33764.44,KDPP,1703,1314,773956,0,nrmsd_norm,14,0.4465959858615083
33764.44,KDPP,1703,1314,773956,0,nrmsd_norm,15,0.4304120264222038
33764.44,KDPP,1703,1314,773956,0,nrmsd_norm,16,0.4151496753941536
33764.44,KDPP,1703,1314,773956,0,nrmsd_norm,17,0.4051225023660127
33764.44,KDPP,1703,1314,773956,0,nrmsd_norm,18,0.39469050511779297
33764.44,KDPP,1703,889,773956,0,nrmsd_norm,19,0.3856779008498776
33764.44,KDPP,1703,889,773956,0,nrmsd_norm,20,0.3795110465627771
33764.44,KDPP,1703,889,773956,0,nrmsd_norm,22,0.39878556774058666
33764.44,KDPP,1703,328,773956,0,nrmsd_norm,24,0.42762659011811754
33764.44,KDPP,1703,328,773956,0,nrmsd_norm,26,0.4337998626159026
33764.44,KDPP,1703,4376,773956,0,nrmsd_norm,28,0.4186550182545558
33764.44,KDPP,1703,889,773956,0,nrmsd_norm,30,0.4010361071361881
33764.44,KDPP,1703,4377,773956,0,nrmsd_norm,32,0.38914308760895383
33764.44,KDPP,1703,4377,773956,0,nrmsd_norm,34,0.39426452878483914
33764.44,KDPP,1703,4377,773956,0,nrmsd_norm,36,0.4085861937306487
33764.44,KDPP,1703,4377,773956,0,nrmsd_norm,38,0.4055457161563748
33764.44,KDPP,1703,4377,773956,0,nrmsd_norm,40,0.40964937678052954
33764.44,KDPP,1703,4377,773956,0,nrmsd_norm,42,0.41512483126619304
33764.44,KDPP,1703,4377,773956,0,nrmsd_norm,44,0.4115617536777779
33764.44,KDPP,1703,4377,773956,0,nrmsd_norm,46,0.3995984649712752
33764.44,KDPP,1703,1005,773956,0,nrmsd_norm,48,0.40286593058762693
33764.44,KDPP,1703,1005,773956,0,nrmsd_norm,50,0.40046317363344947
33764.44,KDPP,1703,1005,773956,0,nrmsd_norm,55,0.39645940000039126
33764.44,KDPP,1703,1005,773956,0,nrmsd_norm,60,0.40479212062684033
33764.44,KDPP,1703,1005,773956,0,nrmsd_norm,65,0.39572396860789266
33764.44,KDPP,1703,1005,773956,0,nrmsd_norm,70,0.3926098513164519
33764.44,KDPP,1703,1005,773956,0,nrmsd_norm,75,0.3909945314881722
33764.44,KDPP,1703,1005,773956,0,nrmsd_norm,80,0.3970200585169855
33764.44,KDPP,1703,1005,773956,0,nrmsd_norm,85,0.400093614862467
33764.44,KDPP,1703,1005,773956,0,nrmsd_norm,90,0.3995174280325199
33764.44,KDPP,1703,1005,773956,0,nrmsd_norm,95,0.40004203131748456
33764.44,KDPP,1703,1005,773956,0,nrmsd_norm,100,0.4110340131350956
33764.44,KDPP,1703,4091,654571,0,nrmsd_norm,5,0.5889344314725528
33764.44,KDPP,1703,9663,654571,0,nrmsd_norm,6,0.5057754321685509
33764.44,KDPP,1703,3359,654571,0,nrmsd_norm,7,0.48488987210028983
33764.44,KDPP,1703,2722,654571,0,nrmsd_norm,8,0.48648661204377425
33764.44,KDPP,1703,2722,654571,0,nrmsd_norm,9,0.4531117166473612
33764.44,KDPP,1703,2722,654571,0,nrmsd_norm,10,0.45945321005898637
33764.44,KDPP,1703,2722,654571,0,nrmsd_norm,11,0.4736806615516543
33764.44,KDPP,1703,2722,654571,0,nrmsd_norm,12,0.43380153090395285
33764.44,KDPP,1703,9769,654571,0,nrmsd_norm,13,0.42562377145773084
33764.44,KDPP,1703,6931,654571,0,nrmsd_norm,14,0.43066043905760326
33764.44,KDPP,1703,11621,654571,0,nrmsd_norm,15,0.4196263759883989
33764.44,KDPP,1703,11621,654571,0,nrmsd_norm,16,0.40678040588591113
33764.44,KDPP,1703,10807,654571,0,nrmsd_norm,17,0.39321401313132426
33764.44,KDPP,1703,10807,654571,0,nrmsd_norm,18,0.38213964366759334
33764.44,KDPP,1703,10807,654571,0,nrmsd_norm,19,0.3775310003368352
33764.44,KDPP,1703,4246,654571,0,nrmsd_norm,20,0.37003407674946953
33764.44,KDPP,1703,4246,654571,0,nrmsd_norm,22,0.39809038419565723
33764.44,KDPP,1703,6931,654571,0,nrmsd_norm,24,0.4327508639328791
33764.44,KDPP,1703,11866,654571,0,nrmsd_norm,26,0.43977006895995346
33764.44,KDPP,1703,11866,654571,0,nrmsd_norm,28,0.41306331575062594
33764.44,KDPP,1703,10807,654571,0,nrmsd_norm,30,0.39386478263125324
33764.44,KDPP,1703,11866,654571,0,nrmsd_norm,32,0.3879310644473365
33764.44,KDPP,1703,12315,654571,0,nrmsd_norm,34,0.39243561780260383
33764.44,KDPP,1703,11866,654571,0,nrmsd_norm,36,0.41236502559317667
33764.44,KDPP,1703,12315,654571,0,nrmsd_norm,38,0.4099489527242491
33764.44,KDPP,1703,12315,654571,0,nrmsd_norm,40,0.4174920362645829
33764.44,KDPP,1703,10807,654571,0,nrmsd_norm,42,0.4311209653837644
33764.44,KDPP,1703,2439,654571,0,nrmsd_norm,44,0.42724578399247
33764.44,KDPP,1703,4213,654571,0,nrmsd_norm,46,0.4150453701008518
33764.44,KDPP,1703,4214,654571,0,nrmsd_norm,48,0.40930180010801465
33764.44,KDPP,1703,49,654571,0,nrmsd_norm,50,0.41172729873215136
33764.44,KDPP,1703,10951,654571,0,nrmsd_norm,55,0.40506959936617093
33764.44,KDPP,1703,10951,654571,0,nrmsd_norm,60,0.41176870654656794
33764.44,KDPP,1703,2439,654571,0,nrmsd_norm,65,0.3993057329216938
33764.44,KDPP,1703,11612,654571,0,nrmsd_norm,70,0.3975890414844121
33764.44,KDPP,1703,11612,654571,0,nrmsd_norm,75,0.3984031669468927
33764.44,KDPP,1703,4222,654571,0,nrmsd_norm,80,0.40190820066373567
33764.44,KDPP,1703,11612,654571,0,nrmsd_norm,85,0.40368407154508595
33764.44,KDPP,1703,11612,654571,0,nrmsd_norm,90,0.39965250915972306
33764.44,KDPP,1703,4222,654571,0,nrmsd_norm,95,0.3992659046773212
33764.44,KDPP,1703,11612,654571,0,nrmsd_norm,100,0.40807799178304804
33764.44,KDPP,1703,4410,438878,0,nrmsd_norm,5,0.5752976184756388
33764.44,KDPP,1703,7691,438878,0,nrmsd_norm,6,0.4606630354946687
33764.44,KDPP,1703,751,438878,0,nrmsd_norm,7,0.436505583115648
33764.44,KDPP,1703,3359,438878,0,nrmsd_norm,8,0.4424943285330982
33764.44,KDPP,1703,373,438878,0,nrmsd_norm,9,0.4275331727284731
33764.44,KDPP,1703,373,438878,0,nrmsd_norm,10,0.4316224429482338
33764.44,KDPP,1703,373,438878,0,nrmsd_norm,11,0.435339980308352
33764.44,KDPP,1703,4246,438878,0,nrmsd_norm,12,0.41151923763866793
33764.44,KDPP,1703,11866,438878,0,nrmsd_norm,13,0.4003541683604831
33764.44,KDPP,1703,11866,438878,0,nrmsd_norm,14,0.41149531121016863
33764.44,KDPP,1703,11866,438878,0,nrmsd_norm,15,0.3965401737387629
33764.44,KDPP,1703,11866,438878,0,nrmsd_norm,16,0.3970387927889844
33764.44,KDPP,1703,6318,438878,0,nrmsd_norm,17,0.38228389822997877
33764.44,KDPP,1703,11866,438878,0,nrmsd_norm,18,0.3714157480863306
33764.44,KDPP,1703,11866,438878,0,nrmsd_norm,19,0.3670708177475197
33764.44,KDPP,1703,6318,438878,0,nrmsd_norm,20,0.3628042026524987
33764.44,KDPP,1703,6318,438878,0,nrmsd_norm,22,0.385558543507087
33764.44,KDPP,1703,6318,438878,0,nrmsd_norm,24,0.4075504792753186
33764.44,KDPP,1703,11612,438878,0,nrmsd_norm,26,0.41534578458605187
33764.44,KDPP,1703,11612,438878,0,nrmsd_norm,28,0.38536518788198304
33764.44,KDPP,1703,4222,438878,0,nrmsd_norm,30,0.37378756132007074
33764.44,KDPP,1703,4222,438878,0,nrmsd_norm,32,0.37021909349525856
33764.44,KDPP,1703,4222,438878,0,nrmsd_norm,34,0.37219667024582165
33764.44,KDPP,1703,4222,438878,0,nrmsd_norm,36,0.38501707344706293
33764.44,KDPP,1703,4725,438878,0,nrmsd_norm,38,0.39359864909582326
33764.44,KDPP,1703,4222,438878,0,nrmsd_norm,40,0.399270787794854
33764.44,KDPP,1703,2071,438878,0,nrmsd_norm,42,0.40789517617569654
33764.44,KDPP,1703,7548,438878,0,nrmsd_norm,44,0.4037321828517503
33764.44,KDPP,1703,2071,438878,0,nrmsd_norm,46,0.38832399468892326
33764.44,KDPP,1703,2071,438878,0,nrmsd_norm,48,0.3906377884929285
33764.44,KDPP,1703,7548,438878,0,nrmsd_norm,50,0.3943733930855851
33764.44,KDPP,1703,4211,438878,0,nrmsd_norm,55,0.39050946455665375
33764.44,KDPP,1703,4211,438878,0,nrmsd_norm,60,0.3932744562598099
33764.44,KDPP,1703,4211,438878,0,nrmsd_norm,65,0.3797449387786647
33764.44,KDPP,1703,7548,438878,0,nrmsd_norm,70,0.3771605539160967
33764.44,KDPP,1703,4211,438878,0,nrmsd_norm,75,0.3775746821931231
33764.44,KDPP,1703,4211,438878,0,nrmsd_norm,80,0.3834438206111598
33764.44,KDPP,1703,4211,438878,0,nrmsd_norm,85,0.38544193834736246
33764.44,KDPP,1703,4211,438878,0,nrmsd_norm,90,0.38421158917604536
33764.44,KDPP,1703,4211,438878,0,nrmsd_norm,95,0.3888101358071581
33764.44,KDPP,1703,4211,438878,0,nrmsd_norm,100,0.39958822940387406
33764.44,KDPP,1703,5888,433015,0,nrmsd_norm,5,0.5802659199584878
33764.44,KDPP,1703,4364,433015,0,nrmsd_norm,6,0.4772235134825883
33764.44,KDPP,1703,183,433015,0,nrmsd_norm,7,0.45548515526605204
33764.44,KDPP,1703,183,433015,0,nrmsd_norm,8,0.4627052512798636
33764.44,KDPP,1703,2097,433015,0,nrmsd_norm,9,0.4378591033484495
33764.44,KDPP,1703,1703,433015,0,nrmsd_norm,10,0.4441764521887002
33764.44,KDPP,1703,348,433015,0,nrmsd_norm,11,0.4544899588563165
33764.44,KDPP,1703,2097,433015,0,nrmsd_norm,12,0.4206290023151691
33764.44,KDPP,1703,183,433015,0,nrmsd_norm,13,0.40569730771043055
33764.44,KDPP,1703,1703,433015,0,nrmsd_norm,14,0.39804068778534024
33764.44,KDPP,1703,1703,433015,0,nrmsd_norm,15,0.3886957065780731
33764.44,KDPP,1703,1703,433015,0,nrmsd_norm,16,0.3821460336575262
33764.44,KDPP,1703,348,433015,0,nrmsd_norm,17,0.3687878280568765
33764.44,KDPP,1703,4377,433015,0,nrmsd_norm,18,0.3615750799041977
33764.44,KDPP,1703,4377,433015,0,nrmsd_norm,19,0.3556104177559018
33764.44,KDPP,1703,4377,433015,0,nrmsd_norm,20,0.3547691162870836
33764.44,KDPP,1703,4377,433015,0,nrmsd_norm,22,0.37967903264749536
33764.44,KDPP,1703,4377,433015,0,nrmsd_norm,24,0.4012618528472942
33764.44,KDPP,1703,4377,433015,0,nrmsd_norm,26,0.4094530739899348
33764.44,KDPP,1703,1703,433015,0,nrmsd_norm,28,0.39161777547292986
33764.44,KDPP,1703,2071,433015,0,nrmsd_norm,30,0.38535115703605
33764.44,KDPP,1703,4211,433015,0,nrmsd_norm,32,0.3782251253314876
33764.44,KDPP,1703,2071,433015,0,nrmsd_norm,34,0.3831887069460359
33764.44,KDPP,1703,7548,433015,0,nrmsd_norm,36,0.400455686060583
33764.44,KDPP,1703,7548,433015,0,nrmsd_norm,38,0.40271694299703065
33764.44,KDPP,1703,7548,433015,0,nrmsd_norm,40,0.40583711761920516
33764.44,KDPP,1703,7548,433015,0,nrmsd_norm,42,0.41290679638130573
33764.44,KDPP,1703,2071,433015,0,nrmsd_norm,44,0.40890427649578914
33764.44,KDPP,1703,2071,433015,0,nrmsd_norm,46,0.39845777276423444
33764.44,KDPP,1703,2071,433015,0,nrmsd_norm,48,0.39898022199305
33764.44,KDPP,1703,2071,433015,0,nrmsd_norm,50,0.39951073914171964
33764.44,KDPP,1703,4201,433015,0,nrmsd_norm,55,0.3928570169242531
33764.44,KDPP,1703,4201,433015,0,nrmsd_norm,60,0.39717682117008624
33764.44,KDPP,1703,1005,433015,0,nrmsd_norm,65,0.38637441120711774
33764.44,KDPP,1703,4201,433015,0,nrmsd_norm,70,0.3843791540719776
33764.44,KDPP,1703,1005,433015,0,nrmsd_norm,75,0.38455750410465583
33764.44,KDPP,1703,4201,433015,0,nrmsd_norm,80,0.39108928970394763
33764.44,KDPP,1703,4201,433015,0,nrmsd_norm,85,0.3901902822234887
33764.44,KDPP,1703,4201,433015,0,nrmsd_norm,90,0.3839096076668664
33764.44,KDPP,1703,4201,433015,0,nrmsd_norm,95,0.38696674513522417
33764.44,KDPP,1703,4201,433015,0,nrmsd_norm,100,0.3965953374502555
33764.44,KDPP,1703,1677,858597,0,nrmsd_norm,5,0.5754304584444272
33764.44,KDPP,1703,4779,858597,0,nrmsd_norm,6,0.4638664210010033
33764.44,KDPP,1703,4779,858597,0,nrmsd_norm,7,0.4414549661661588
33764.44,KDPP,1703,1867,858597,0,nrmsd_norm,8,0.4509077249315435
33764.44,KDPP,1703,2845,858597,0,nrmsd_norm,9,0.4280976985012466
33764.44,KDPP,1703,2845,858597,0,nrmsd_norm,10,0.43235465219813773
33764.44,KDPP,1703,2845,858597,0,nrmsd_norm,11,0.4422859275506209
33764.44,KDPP,1703,4558,858597,0,nrmsd_norm,12,0.40914143991975493
33764.44,KDPP,1703,2845,858597,0,nrmsd_norm,13,0.3930455117912509
33764.44,KDPP,1703,2435,858597,0,nrmsd_norm,14,0.39490119710495564
33764.44,KDPP,1703,2439,858597,0,nrmsd_norm,15,0.3823659018824013
33764.44,KDPP,1703,2439,858597,0,nrmsd_norm,16,0.3722720792819344
33764.44,KDPP,1703,2481,858597,0,nrmsd_norm,17,0.3606098073932081
33764.44,KDPP,1703,2097,858597,0,nrmsd_norm,18,0.3512302474597682
33764.44,KDPP,1703,2097,858597,0,nrmsd_norm,19,0.34333194123651806
33764.44,KDPP,1703,2097,858597,0,nrmsd_norm,20,0.3425466534679702
33764.44,KDPP,1703,348,858597,0,nrmsd_norm,22,0.3700313436385613
33764.44,KDPP,1703,2097,858597,0,nrmsd_norm,24,0.3819795745804386
33764.44,KDPP,1703,2097,858597,0,nrmsd_norm,26,0.3921446981260389
33764.44,KDPP,1703,1703,858597,0,nrmsd_norm,28,0.37362258940624776
33764.44,KDPP,1703,1703,858597,0,nrmsd_norm,30,0.3580606323996153
33764.44,KDPP,1703,4201,858597,0,nrmsd_norm,32,0.3549893584076684
33764.44,KDPP,1703,2435,858597,0,nrmsd_norm,34,0.3606911321417549
33764.44,KDPP,1703,2435,858597,0,nrmsd_norm,36,0.3710720477016452
33764.44,KDPP,1703,4201,858597,0,nrmsd_norm,38,0.37616348609043476
33764.44,KDPP,1703,4201,858597,0,nrmsd_norm,40,0.3803980358124991
33764.44,KDPP,1703,1005,858597,0,nrmsd_norm,42,0.3906194762225026
33764.44,KDPP,1703,1005,858597,0,nrmsd_norm,44,0.3874964322170235
33764.44,KDPP,1703,4201,858597,0,nrmsd_norm,46,0.3796478456404344
33764.44,KDPP,1703,1914,858597,0,nrmsd_norm,48,0.38132325083892527
33764.44,KDPP,1703,1914,858597,0,nrmsd_norm,50,0.3814320922116678
33764.44,KDPP,1703,2435,858597,0,nrmsd_norm,55,0.37336837858805605
33764.44,KDPP,1703,9891,858597,0,nrmsd_norm,60,0.38052474506515555
33764.44,KDPP,1703,680,858597,0,nrmsd_norm,65,0.3723619881607002
33764.44,KDPP,1703,9891,858597,0,nrmsd_norm,70,0.37241626328986366
33764.44,KDPP,1703,9891,858597,0,nrmsd_norm,75,0.3775262171463549
33764.44,KDPP,1703,1005,858597,0,nrmsd_norm,80,0.3829965279601075
33764.44,KDPP,1703,1005,858597,0,nrmsd_norm,85,0.3877525220217254
33764.44,KDPP,1703,680,858597,0,nrmsd_norm,90,0.3883787533247506
33764.44,KDPP,1703,4201,858597,0,nrmsd_norm,95,0.38700834718811683
33764.44,KDPP,1703,1703,858597,0,nrmsd_norm,100,0.398436407737453
33764.44,KDPP,1703,1534,85945,0,nrmsd_norm,5,0.5730654627250993
33764.44,KDPP,1703,4768,85945,0,nrmsd_norm,6,0.45832914413590325
33764.44,KDPP,1703,1564,85945,0,nrmsd_norm,7,0.4298797639641474
33764.44,KDPP,1703,1913,85945,0,nrmsd_norm,8,0.44365062569564556
33764.44,KDPP,1703,4768,85945,0,nrmsd_norm,9,0.4211097636299303
33764.44,KDPP,1703,4768,85945,0,nrmsd_norm,10,0.4272778343848418
33764.44,KDPP,1703,4768,85945,0,nrmsd_norm,11,0.4333323037254821
33764.44,KDPP,1703,10345,85945,0,nrmsd_norm,12,0.4055146350783079
33764.44,KDPP,1703,1564,85945,0,nrmsd_norm,13,0.3879241055950451
33764.44,KDPP,1703,1564,85945,0,nrmsd_norm,14,0.38630371210340747
33764.44,KDPP,1703,1686,85945,0,nrmsd_norm,15,0.38169466895436
33764.44,KDPP,1703,1686,85945,0,nrmsd_norm,16,0.37072053364251706
33764.44,KDPP,1703,4378,85945,0,nrmsd_norm,17,0.35940540681677907
33764.44,KDPP,1703,1914,85945,0,nrmsd_norm,18,0.35217466359539945
33764.44,KDPP,1703,1914,85945,0,nrmsd_norm,19,0.34475239995320295
33764.44,KDPP,1703,1914,85945,0,nrmsd_norm,20,0.34786161614160394
33764.44,KDPP,1703,1914,85945,0,nrmsd_norm,22,0.37093235640840766
33764.44,KDPP,1703,1914,85945,0,nrmsd_norm,24,0.38862943080720935
33764.44,KDPP,1703,1914,85945,0,nrmsd_norm,26,0.39629137948077275
33764.44,KDPP,1703,1914,85945,0,nrmsd_norm,28,0.38260761244205505
33764.44,KDPP,1703,4200,85945,0,nrmsd_norm,30,0.37266705060990524
33764.44,KDPP,1703,4200,85945,0,nrmsd_norm,32,0.36502280217877237
33764.44,KDPP,1703,4200,85945,0,nrmsd_norm,34,0.3718562477919683
33764.44,KDPP,1703,4200,85945,0,nrmsd_norm,36,0.3821526688863437
33764.44,KDPP,1703,4200,85945,0,nrmsd_norm,38,0.38660119081630717
33764.44,KDPP,1703,4200,85945,0,nrmsd_norm,40,0.39130538635868495
33764.44,KDPP,1703,4200,85945,0,nrmsd_norm,42,0.39906048210224904
33764.44,KDPP,1703,4200,85945,0,nrmsd_norm,44,0.3962346191523921
33764.44,KDPP,1703,4200,85945,0,nrmsd_norm,46,0.38346979336052206
33764.44,KDPP,1703,4200,85945,0,nrmsd_norm,48,0.3865375752822383
33764.44,KDPP,1703,4200,85945,0,nrmsd_norm,50,0.38725051495494806
33764.44,KDPP,1703,4200,85945,0,nrmsd_norm,55,0.38378644271969764
33764.44,KDPP,1703,4201,85945,0,nrmsd_norm,60,0.39193751459290294
33764.44,KDPP,1703,4202,85945,0,nrmsd_norm,65,0.37971526566654445
33764.44,KDPP,1703,4202,85945,0,nrmsd_norm,70,0.3805448971907081
33764.44,KDPP,1703,4202,85945,0,nrmsd_norm,75,0.3856062621562502
33764.44,KDPP,1703,4202,85945,0,nrmsd_norm,80,0.3894833370749893
33764.44,KDPP,1703,2071,85945,0,nrmsd_norm,85,0.39290855939350944
33764.44,KDPP,1703,2071,85945,0,nrmsd_norm,90,0.39092241109754505
33764.44,KDPP,1703,2071,85945,0,nrmsd_norm,95,0.3935557116399156
33764.44,KDPP,1703,2071,85945,0,nrmsd_norm,100,0.4024312649225842
33764.44,KDPP,1703,8533,697368,0,nrmsd_norm,5,0.5893439893311031
33764.44,KDPP,1703,5883,697368,0,nrmsd_norm,6,0.4892355356440387
33764.44,KDPP,1703,11501,697368,0,nrmsd_norm,7,0.4760584617417756
33764.44,KDPP,1703,11501,697368,0,nrmsd_norm,8,0.471724570309789
33764.44,KDPP,1703,9769,697368,0,nrmsd_norm,9,0.4417747612674652
33764.44,KDPP,1703,9769,697368,0,nrmsd_norm,10,0.45399000227461855
33764.44,KDPP,1703,9769,697368,0,nrmsd_norm,11,0.46590326009197647
33764.44,KDPP,1703,2722,697368,0,nrmsd_norm,12,0.4293081414106151
33764.44,KDPP,1703,9769,697368,0,nrmsd_norm,13,0.4134163208529633
33764.44,KDPP,1703,6931,697368,0,nrmsd_norm,14,0.42169032939139645
33764.44,KDPP,1703,6931,697368,0,nrmsd_norm,15,0.40397589443820536
33764.44,KDPP,1703,9499,697368,0,nrmsd_norm,16,0.39309485238365255
33764.44,KDPP,1703,5222,697368,0,nrmsd_norm,17,0.3792249923388782
33764.44,KDPP,1703,2845,697368,0,nrmsd_norm,18,0.36735965047076685
33764.44,KDPP,1703,4634,697368,0,nrmsd_norm,19,0.35866399436284974
33764.44,KDPP,1703,4634,697368,0,nrmsd_norm,20,0.35783555064050176
33764.44,KDPP,1703,4634,697368,0,nrmsd_norm,22,0.3738016748357158
33764.44,KDPP,1703,4634,697368,0,nrmsd_norm,24,0.39076141644286294
33764.44,KDPP,1703,4634,697368,0,nrmsd_norm,26,0.39923469389493504
33764.44,KDPP,1703,4634,697368,0,nrmsd_norm,28,0.38312659404554733
33764.44,KDPP,1703,4634,697368,0,nrmsd_norm,30,0.3656669800037971
33764.44,KDPP,1703,2845,697368,0,nrmsd_norm,32,0.3633197320330731
33764.44,KDPP,1703,2845,697368,0,nrmsd_norm,34,0.36675756377412916
33764.44,KDPP,1703,4634,697368,0,nrmsd_norm,36,0.37946920430177955
33764.44,KDPP,1703,2481,697368,0,nrmsd_norm,38,0.38378821281682424
33764.44,KDPP,1703,2481,697368,0,nrmsd_norm,40,0.3892721090776116
33764.44,KDPP,1703,2481,697368,0,nrmsd_norm,42,0.39592358613634226
33764.44,KDPP,1703,2481,697368,0,nrmsd_norm,44,0.3907661048220177
33764.44,KDPP,1703,2845,697368,0,nrmsd_norm,46,0.37908447092743625
33764.44,KDPP,1703,2845,697368,0,nrmsd_norm,48,0.38307528698417276
33764.44,KDPP,1703,2845,697368,0,nrmsd_norm,50,0.38224550026461007
33764.44,KDPP,1703,2481,697368,0,nrmsd_norm,55,0.3783696703590934
33764.44,KDPP,1703,2481,697368,0,nrmsd_norm,60,0.3830931954441586
33764.44,KDPP,1703,2481,697368,0,nrmsd_norm,65,0.37291520597227834
33764.44,KDPP,1703,2481,697368,0,nrmsd_norm,70,0.37189743908527767
33764.44,KDPP,1703,2481,697368,0,nrmsd_norm,75,0.3750950102716875
33764.44,KDPP,1703,2481,697368,0,nrmsd_norm,80,0.3803516478965644
33764.44,KDPP,1703,2481,697368,0,nrmsd_norm,85,0.3877953586338148
33764.44,KDPP,1703,2097,697368,0,nrmsd_norm,90,0.38660718680950396
33764.44,KDPP,1703,2097,697368,0,nrmsd_norm,95,0.3878640259537243
33764.44,KDPP,1703,2097,697368,0,nrmsd_norm,100,0.39696757695041734
33764.44,KDPP,1703,3014,201469,0,nrmsd_norm,5,0.5861674086470601
33764.44,KDPP,1703,4101,201469,0,nrmsd_norm,6,0.4667504087526038
33764.44,KDPP,1703,4101,201469,0,nrmsd_norm,7,0.43791467564972736
33764.44,KDPP,1703,210,201469,0,nrmsd_norm,8,0.43208604747709406
33764.44,KDPP,1703,210,201469,0,nrmsd_norm,9,0.4239178889670504
33764.44,KDPP,1703,4231,201469,0,nrmsd_norm,10,0.4261191897579753
33764.44,KDPP,1703,4231,201469,0,nrmsd_norm,11,0.4404565286065346
33764.44,KDPP,1703,7548,201469,0,nrmsd_norm,12,0.4038108501318737
33764.44,KDPP,1703,2071,201469,0,nrmsd_norm,13,0.39416076708291753
33764.44,KDPP,1703,2071,201469,0,nrmsd_norm,14,0.3985252722497039
33764.44,KDPP,1703,4222,201469,0,nrmsd_norm,15,0.38554661267971924
33764.44,KDPP,1703,4222,201469,0,nrmsd_norm,16,0.3859204399743511
33764.44,KDPP,1703,12315,201469,0,nrmsd_norm,17,0.3739426291336042
33764.44,KDPP,1703,12315,201469,0,nrmsd_norm,18,0.36295351783124075
33764.44,KDPP,1703,12315,201469,0,nrmsd_norm,19,0.36181711129879696
33764.44,KDPP,1703,12315,201469,0,nrmsd_norm,20,0.3548854617068506
33764.44,KDPP,1703,12315,201469,0,nrmsd_norm,22,0.3771241702207788
33764.44,KDPP,1703,12315,201469,0,nrmsd_norm,24,0.40982755006103666
33764.44,KDPP,1703,12315,201469,0,nrmsd_norm,26,0.4182343863691447
33764.44,KDPP,1703,12100,201469,0,nrmsd_norm,28,0.3907688311078147
33764.44,KDPP,1703,4246,201469,0,nrmsd_norm,30,0.3746348541578281
33764.44,KDPP,1703,12100,201469,0,nrmsd_norm,32,0.37098960881857573
33764.44,KDPP,1703,12100,201469,0,nrmsd_norm,34,0.37511946113785444
33764.44,KDPP,1703,12100,201469,0,nrmsd_norm,36,0.393942023627227
33764.44,KDPP,1703,11866,201469,0,nrmsd_norm,38,0.39633870524133635
33764.44,KDPP,1703,12100,201469,0,nrmsd_norm,40,0.4004631464631606
33764.44,KDPP,1703,12100,201469,0,nrmsd_norm,42,0.4056805997769475
33764.44,KDPP,1703,12100,201469,0,nrmsd_norm,44,0.4014867484741557
33764.44,KDPP,1703,12100,201469,0,nrmsd_norm,46,0.3923791124738093
33764.44,KDPP,1703,12100,201469,0,nrmsd_norm,48,0.3971682923962975
33764.44,KDPP,1703,12100,201469,0,nrmsd_norm,50,0.39907911164790216
33764.44,KDPP,1703,11612,201469,0,nrmsd_norm,55,0.3984022523661132
33764.44,KDPP,1703,12100,201469,0,nrmsd_norm,60,0.40826110309799746
33764.44,KDPP,1703,12100,201469,0,nrmsd_norm,65,0.39796224505579564
33764.44,KDPP,1703,12100,201469,0,nrmsd_norm,70,0.3972365752358271
33764.44,KDPP,1703,12100,201469,0,nrmsd_norm,75,0.40222304752980803
33764.44,KDPP,1703,12100,201469,0,nrmsd_norm,80,0.4089751573185962
33764.44,KDPP,1703,12100,201469,0,nrmsd_norm,85,0.41546804670388776
33764.44,KDPP,1703,12100,201469,0,nrmsd_norm,90,0.41061781920212986
33764.44,KDPP,1703,12100,201469,0,nrmsd_norm,95,0.410752561389486
33764.44,KDPP,1703,12100,201469,0,nrmsd_norm,100,0.4226796459773384
33764.44,KDPP,1703,5222,94177,0,nrmsd_norm,5,0.5725479159932895
33764.44,KDPP,1703,817,94177,0,nrmsd_norm,6,0.4650994394074239
33764.44,KDPP,1703,5592,94177,0,nrmsd_norm,7,0.43806428171211714
33764.44,KDPP,1703,4624,94177,0,nrmsd_norm,8,0.4443532995140849
33764.44,KDPP,1703,4624,94177,0,nrmsd_norm,9,0.4242240801245339
33764.44,KDPP,1703,4624,94177,0,nrmsd_norm,10,0.42874963634705454
33764.44,KDPP,1703,4624,94177,0,nrmsd_norm,11,0.44098926282644
33764.44,KDPP,1703,2913,94177,0,nrmsd_norm,12,0.40750500128302847
33764.44,KDPP,1703,2913,94177,0,nrmsd_norm,13,0.39339463897505084
33764.44,KDPP,1703,2481,94177,0,nrmsd_norm,14,0.3939277957261247
33764.44,KDPP,1703,2481,94177,0,nrmsd_norm,15,0.3825536480805322
33764.44,KDPP,1703,2481,94177,0,nrmsd_norm,16,0.3705131381247643
33764.44,KDPP,1703,2071,94177,0,nrmsd_norm,17,0.3618334150977751
33764.44,KDPP,1703,4201,94177,0,nrmsd_norm,18,0.356387692819241
33764.44,KDPP,1703,4201,94177,0,nrmsd_norm,19,0.35206722803355434
33764.44,KDPP,1703,4201,94177,0,nrmsd_norm,20,0.35003490961602485
33764.44,KDPP,1703,4201,94177,0,nrmsd_norm,22,0.3780102394357125
33764.44,KDPP,1703,4201,94177,0,nrmsd_norm,24,0.3939490565117916
33764.44,KDPP,1703,4201,94177,0,nrmsd_norm,26,0.40435132791231004
33764.44,KDPP,1703,2097,94177,0,nrmsd_norm,28,0.39555861416360555
33764.44,KDPP,1703,6644,94177,0,nrmsd_norm,30,0.37316195285517756
33764.44,KDPP,1703,2097,94177,0,nrmsd_norm,32,0.36545672504535326
33764.44,KDPP,1703,2097,94177,0,nrmsd_norm,34,0.3734312847164976
33764.44,KDPP,1703,2097,94177,0,nrmsd_norm,36,0.387744741038943
33764.44,KDPP,1703,2097,94177,0,nrmsd_norm,38,0.3905905495635767
33764.44,KDPP,1703,2097,94177,0,nrmsd_norm,40,0.39350394166023395
33764.44,KDPP,1703,2097,94177,0,nrmsd_norm,42,0.40172388360092237
33764.44,KDPP,1703,2097,94177,0,nrmsd_norm,44,0.39854097006148637
33764.44,KDPP,1703,2097,94177,0,nrmsd_norm,46,0.3902260134324603
33764.44,KDPP,1703,6644,94177,0,nrmsd_norm,48,0.39310274362405173
33764.44,KDPP,1703,2097,94177,0,nrmsd_norm,50,0.393853585937537
33764.44,KDPP,1703,680,94177,0,nrmsd_norm,55,0.3900880785827603
33764.44,KDPP,1703,680,94177,0,nrmsd_norm,60,0.39570019642632964
33764.44,KDPP,1703,4377,94177,0,nrmsd_norm,65,0.3870380198712905
33764.44,KDPP,1703,680,94177,0,nrmsd_norm,70,0.3864682231713847
33764.44,KDPP,1703,4377,94177,0,nrmsd_norm,75,0.389397288409338
33764.44,KDPP,1703,4377,94177,0,nrmsd_norm,80,0.3954594108333905
33764.44,KDPP,1703,4377,94177,0,nrmsd_norm,85,0.4002297212891018
33764.44,KDPP,1703,1703,94177,0,nrmsd_norm,90,0.39369785082293646
33764.44,KDPP,1703,1703,94177,0,nrmsd_norm,95,0.3950192760684687
33764.44,KDPP,1703,1703,94177,0,nrmsd_norm,100,0.40659693594218754
33764.44,KDPP-Norm,1703,830,89250,0,nrmsd_norm,5,0.599858644019389
33764.44,KDPP-Norm,1703,8591,89250,0,nrmsd_norm,6,0.5046084173297289
33764.44,KDPP-Norm,1703,976,89250,0,nrmsd_norm,7,0.502167343965307
33764.44,KDPP-Norm,1703,265,89250,0,nrmsd_norm,8,0.4853782353452237
33764.44,KDPP-Norm,1703,4560,89250,0,nrmsd_norm,9,0.47634479746485775
33764.44,KDPP-Norm,1703,4560,89250,0,nrmsd_norm,10,0.4631635811740383
33764.44,KDPP-Norm,1703,4560,89250,0,nrmsd_norm,11,0.44720086000109766
33764.44,KDPP-Norm,1703,4560,89250,0,nrmsd_norm,12,0.41896314140946506
33764.44,KDPP-Norm,1703,4560,89250,0,nrmsd_norm,13,0.402973810978837
33764.44,KDPP-Norm,1703,4560,89250,0,nrmsd_norm,14,0.41334424719513246
33764.44,KDPP-Norm,1703,4560,89250,0,nrmsd_norm,15,0.40287487383939063
33764.44,KDPP-Norm,1703,4560,89250,0,nrmsd_norm,16,0.39130920848843664
33764.44,KDPP-Norm,1703,4360,89250,0,nrmsd_norm,17,0.39578776809468147
33764.44,KDPP-Norm,1703,4360,89250,0,nrmsd_norm,18,0.3842434134589873
33764.44,KDPP-Norm,1703,6644,89250,0,nrmsd_norm,19,0.3674993018355688
33764.44,KDPP-Norm,1703,6644,89250,0,nrmsd_norm,20,0.38394916159957554
33764.44,KDPP-Norm,1703,680,89250,0,nrmsd_norm,22,0.37003330047992705
33764.44,KDPP-Norm,1703,348,89250,0,nrmsd_norm,24,0.34752652041517
33764.44,KDPP-Norm,1703,348,89250,0,nrmsd_norm,26,0.35262669979894706
33764.44,KDPP-Norm,1703,348,89250,0,nrmsd_norm,28,0.34737195805291765
33764.44,KDPP-Norm,1703,348,89250,0,nrmsd_norm,30,0.3497702059474205
33764.44,KDPP-Norm,1703,348,89250,0,nrmsd_norm,32,0.3674907892636734
33764.44,KDPP-Norm,1703,348,89250,0,nrmsd_norm,34,0.36732856268260067
33764.44,KDPP-Norm,1703,348,89250,0,nrmsd_norm,36,0.36952771983189747
33764.44,KDPP-Norm,1703,348,89250,0,nrmsd_norm,38,0.37214276189015133
33764.44,KDPP-Norm,1703,348,89250,0,nrmsd_norm,40,0.36588975283833036
33764.44,KDPP-Norm,1703,348,89250,0,nrmsd_norm,42,0.3809225664041672
33764.44,KDPP-Norm,1703,348,89250,0,nrmsd_norm,44,0.3811120337043198
33764.44,KDPP-Norm,1703,348,89250,0,nrmsd_norm,46,0.3782207244529322
33764.44,KDPP-Norm,1703,348,89250,0,nrmsd_norm,48,0.3708970447937347
33764.44,KDPP-Norm,1703,348,89250,0,nrmsd_norm,50,0.3693269603883322
33764.44,KDPP-Norm,1703,6340,89250,0,nrmsd_norm,55,0.3646498248003854
33764.44,KDPP-Norm,1703,4211,89250,0,nrmsd_norm,60,0.36477019727765125
33764.44,KDPP-Norm,1703,4211,89250,0,nrmsd_norm,65,0.36026800705074263
33764.44,KDPP-Norm,1703,4211,89250,0,nrmsd_norm,70,0.3658401857851025
33764.44,KDPP-Norm,1703,4211,89250,0,nrmsd_norm,75,0.3722079498926981
33764.44,KDPP-Norm,1703,7548,89250,0,nrmsd_norm,80,0.3719442266435097
33764.44,KDPP-Norm,1703,7548,89250,0,nrmsd_norm,85,0.377363526281449
33764.44,KDPP-Norm,1703,4211,89250,0,nrmsd_norm,90,0.3862983760048888
33764.44,KDPP-Norm,1703,4211,89250,0,nrmsd_norm,95,0.37682358082833844
33764.44,KDPP-Norm,1703,4211,89250,0,nrmsd_norm,100,0.369914856597515
33764.44,KDPP-Norm,1703,715,773956,0,nrmsd_norm,5,0.5898645686566264
33764.44,KDPP-Norm,1703,4201,773956,0,nrmsd_norm,6,0.5002219389220026
33764.44,KDPP-Norm,1703,1005,773956,0,nrmsd_norm,7,0.5075945686120752
33764.44,KDPP-Norm,1703,1005,773956,0,nrmsd_norm,8,0.47153781473759837
33764.44,KDPP-Norm,1703,1005,773956,0,nrmsd_norm,9,0.4699162837120152
33764.44,KDPP-Norm,1703,1005,773956,0,nrmsd_norm,10,0.4551618633757942
33764.44,KDPP-Norm,1703,1005,773956,0,nrmsd_norm,11,0.452540275027764
33764.44,KDPP-Norm,1703,1005,773956,0,nrmsd_norm,12,0.42765649995722294
33764.44,KDPP-Norm,1703,4201,773956,0,nrmsd_norm,13,0.41460468384959603
33764.44,KDPP-Norm,1703,4201,773956,0,nrmsd_norm,14,0.424265110724788
33764.44,KDPP-Norm,1703,4201,773956,0,nrmsd_norm,15,0.4141428361173875
33764.44,KDPP-Norm,1703,4201,773956,0,nrmsd_norm,16,0.40420993894478274
33764.44,KDPP-Norm,1703,4201,773956,0,nrmsd_norm,17,0.40728803712634426
33764.44,KDPP-Norm,1703,4201,773956,0,nrmsd_norm,18,0.39946848034917637
33764.44,KDPP-Norm,1703,680,773956,0,nrmsd_norm,19,0.39337055218120937
33764.44,KDPP-Norm,1703,4377,773956,0,nrmsd_norm,20,0.4129636644837618
33764.44,KDPP-Norm,1703,680,773956,0,nrmsd_norm,22,0.38779752565347514
33764.44,KDPP-Norm,1703,4362,773956,0,nrmsd_norm,24,0.37356866118594023
33764.44,KDPP-Norm,1703,9891,773956,0,nrmsd_norm,26,0.37335948329820656
33764.44,KDPP-Norm,1703,680,773956,0,nrmsd_norm,28,0.3663996391393147
33764.44,KDPP-Norm,1703,680,773956,0,nrmsd_norm,30,0.3625425563955927
33764.44,KDPP-Norm,1703,9891,773956,0,nrmsd_norm,32,0.37507285150523967
33764.44,KDPP-Norm,1703,680,773956,0,nrmsd_norm,34,0.3758767158180103
33764.44,KDPP-Norm,1703,680,773956,0,nrmsd_norm,36,0.37875971897002164
33764.44,KDPP-Norm,1703,501,773956,0,nrmsd_norm,38,0.38187587107800186
33764.44,KDPP-Norm,1703,680,773956,0,nrmsd_norm,40,0.37410913270121976
33764.44,KDPP-Norm,1703,680,773956,0,nrmsd_norm,42,0.3913011033866042
33764.44,KDPP-Norm,1703,4201,773956,0,nrmsd_norm,44,0.3850963075297587
33764.44,KDPP-Norm,1703,4377,773956,0,nrmsd_norm,46,0.38391851127256577
33764.44,KDPP-Norm,1703,4377,773956,0,nrmsd_norm,48,0.3783512284719346
33764.44,KDPP-Norm,1703,1005,773956,0,nrmsd_norm,50,0.3800342292696491
33764.44,KDPP-Norm,1703,4377,773956,0,nrmsd_norm,55,0.36880952016793295
33764.44,KDPP-Norm,1703,4377,773956,0,nrmsd_norm,60,0.3668515531853226
33764.44,KDPP-Norm,1703,4377,773956,0,nrmsd_norm,65,0.36536432494977844
33764.44,KDPP-Norm,1703,4377,773956,0,nrmsd_norm,70,0.36784663742126683
33764.44,KDPP-Norm,1703,1005,773956,0,nrmsd_norm,75,0.37579407483786853
33764.44,KDPP-Norm,1703,4377,773956,0,nrmsd_norm,80,0.37558176165332985
33764.44,KDPP-Norm,1703,4377,773956,0,nrmsd_norm,85,0.37776077372374195
33764.44,KDPP-Norm,1703,4377,773956,0,nrmsd_norm,90,0.38548963195818126
33764.44,KDPP-Norm,1703,4377,773956,0,nrmsd_norm,95,0.3770994603246456
33764.44,KDPP-Norm,1703,4377,773956,0,nrmsd_norm,100,0.37071316907373114
33764.44,KDPP-Norm,1703,3743,654571,0,nrmsd_norm,5,0.5004892493652152
33764.44,KDPP-Norm,1703,2541,654571,0,nrmsd_norm,6,0.45178490372546704
33764.44,KDPP-Norm,1703,2541,654571,0,nrmsd_norm,7,0.4456307445384132
33764.44,KDPP-Norm,1703,2541,654571,0,nrmsd_norm,8,0.3938365872221372
33764.44,KDPP-Norm,1703,2421,654571,0,nrmsd_norm,9,0.39982825808016764
33764.44,KDPP-Norm,1703,2541,654571,0,nrmsd_norm,10,0.3901370223448576
33764.44,KDPP-Norm,1703,2541,654571,0,nrmsd_norm,11,0.39786571536110216
33764.44,KDPP-Norm,1703,2541,654571,0,nrmsd_norm,12,0.4088745942570106
33764.44,KDPP-Norm,1703,2541,654571,0,nrmsd_norm,13,0.40340307861224844
33764.44,KDPP-Norm,1703,2541,654571,0,nrmsd_norm,14,0.4116720384410902
33764.44,KDPP-Norm,1703,2421,654571,0,nrmsd_norm,15,0.39164110704105914
33764.44,KDPP-Norm,1703,2421,654571,0,nrmsd_norm,16,0.38038356777154575
33764.44,KDPP-Norm,1703,2421,654571,0,nrmsd_norm,17,0.3800973705762369
33764.44,KDPP-Norm,1703,2435,654571,0,nrmsd_norm,18,0.3719510609828138
33764.44,KDPP-Norm,1703,2435,654571,0,nrmsd_norm,19,0.36599915500904245
33764.44,KDPP-Norm,1703,2435,654571,0,nrmsd_norm,20,0.3691937171056811
33764.44,KDPP-Norm,1703,2435,654571,0,nrmsd_norm,22,0.35904033725479856
33764.44,KDPP-Norm,1703,6644,654571,0,nrmsd_norm,24,0.3414675563492244
33764.44,KDPP-Norm,1703,11115,654571,0,nrmsd_norm,26,0.34459214250765835
33764.44,KDPP-Norm,1703,11115,654571,0,nrmsd_norm,28,0.33451778815369126
33764.44,KDPP-Norm,1703,11115,654571,0,nrmsd_norm,30,0.34447108679238764
33764.44,KDPP-Norm,1703,11115,654571,0,nrmsd_norm,32,0.3586744629404144
33764.44,KDPP-Norm,1703,2435,654571,0,nrmsd_norm,34,0.35955087096828986
33764.44,KDPP-Norm,1703,2435,654571,0,nrmsd_norm,36,0.36232759444490253
33764.44,KDPP-Norm,1703,11115,654571,0,nrmsd_norm,38,0.3638594815045381
33764.44,KDPP-Norm,1703,11115,654571,0,nrmsd_norm,40,0.3563903138728715
33764.44,KDPP-Norm,1703,11115,654571,0,nrmsd_norm,42,0.37258259025910706
33764.44,KDPP-Norm,1703,11115,654571,0,nrmsd_norm,44,0.3727697867633805
33764.44,KDPP-Norm,1703,11115,654571,0,nrmsd_norm,46,0.3699791649607847
33764.44,KDPP-Norm,1703,2097,654571,0,nrmsd_norm,48,0.36419808120405955
33764.44,KDPP-Norm,1703,2097,654571,0,nrmsd_norm,50,0.3647732504578753
33764.44,KDPP-Norm,1703,2097,654571,0,nrmsd_norm,55,0.35646816433959483
33764.44,KDPP-Norm,1703,2097,654571,0,nrmsd_norm,60,0.35646912733689823
33764.44,KDPP-Norm,1703,4377,654571,0,nrmsd_norm,65,0.3553532227462339
33764.44,KDPP-Norm,1703,4377,654571,0,nrmsd_norm,70,0.35541701183695784
33764.44,KDPP-Norm,1703,4377,654571,0,nrmsd_norm,75,0.36337273779271245
33764.44,KDPP-Norm,1703,4377,654571,0,nrmsd_norm,80,0.36235676891588703
33764.44,KDPP-Norm,1703,4377,654571,0,nrmsd_norm,85,0.36976925128408117
33764.44,KDPP-Norm,1703,4377,654571,0,nrmsd_norm,90,0.3804007951523385
33764.44,KDPP-Norm,1703,4377,654571,0,nrmsd_norm,95,0.3727016822251195
33764.44,KDPP-Norm,1703,1703,654571,0,nrmsd_norm,100,0.3663278116884682
33764.44,KDPP-Norm,1703,4616,438878,0,nrmsd_norm,5,0.5608132599685743
33764.44,KDPP-Norm,1703,8152,438878,0,nrmsd_norm,6,0.485489879441607
33764.44,KDPP-Norm,1703,8152,438878,0,nrmsd_norm,7,0.49354564534374445
33764.44,KDPP-Norm,1703,4243,438878,0,nrmsd_norm,8,0.4368184727016223
33764.44,KDPP-Norm,1703,4243,438878,0,nrmsd_norm,9,0.44289461327859353
33764.44,KDPP-Norm,1703,8152,438878,0,nrmsd_norm,10,0.438073225341104
33764.44,KDPP-Norm,1703,8152,438878,0,nrmsd_norm,11,0.44071056087447497
33764.44,KDPP-Norm,1703,8152,438878,0,nrmsd_norm,12,0.43702721030138025
33764.44,KDPP-Norm,1703,4101,438878,0,nrmsd_norm,13,0.4281585878152092
33764.44,KDPP-Norm,1703,4101,438878,0,nrmsd_norm,14,0.4346172584912428
33764.44,KDPP-Norm,1703,4101,438878,0,nrmsd_norm,15,0.41759989355847543
33764.44,KDPP-Norm,1703,4101,438878,0,nrmsd_norm,16,0.4064206419354412
33764.44,KDPP-Norm,1703,4253,438878,0,nrmsd_norm,17,0.40966267984495947
33764.44,KDPP-Norm,1703,4112,438878,0,nrmsd_norm,18,0.38986432751537475
33764.44,KDPP-Norm,1703,4101,438878,0,nrmsd_norm,19,0.3715727574834166
33764.44,KDPP-Norm,1703,4101,438878,0,nrmsd_norm,20,0.3813025518538086
33764.44,KDPP-Norm,1703,210,438878,0,nrmsd_norm,22,0.3720803316066959
33764.44,KDPP-Norm,1703,4243,438878,0,nrmsd_norm,24,0.3521591534705102
33764.44,KDPP-Norm,1703,4212,438878,0,nrmsd_norm,26,0.35398714193330194
33764.44,KDPP-Norm,1703,7548,438878,0,nrmsd_norm,28,0.3450523277077233
33764.44,KDPP-Norm,1703,7548,438878,0,nrmsd_norm,30,0.34745887374122325
33764.44,KDPP-Norm,1703,7548,438878,0,nrmsd_norm,32,0.3635279802908587
33764.44,KDPP-Norm,1703,7548,438878,0,nrmsd_norm,34,0.3653906890408293
33764.44,KDPP-Norm,1703,7548,438878,0,nrmsd_norm,36,0.36904617786904664
33764.44,KDPP-Norm,1703,7548,438878,0,nrmsd_norm,38,0.3706315849583368
33764.44,KDPP-Norm,1703,7548,438878,0,nrmsd_norm,40,0.3666337357844039
33764.44,KDPP-Norm,1703,7548,438878,0,nrmsd_norm,42,0.37769994699715
33764.44,KDPP-Norm,1703,7548,438878,0,nrmsd_norm,44,0.379280282266173
33764.44,KDPP-Norm,1703,9328,438878,0,nrmsd_norm,46,0.3781875267767992
33764.44,KDPP-Norm,1703,9328,438878,0,nrmsd_norm,48,0.3692203418933409
33764.44,KDPP-Norm,1703,9328,438878,0,nrmsd_norm,50,0.37431973905267296
33764.44,KDPP-Norm,1703,9328,438878,0,nrmsd_norm,55,0.3665025184570474
33764.44,KDPP-Norm,1703,9328,438878,0,nrmsd_norm,60,0.3660255897541008
33764.44,KDPP-Norm,1703,9328,438878,0,nrmsd_norm,65,0.36093885281555305
33764.44,KDPP-Norm,1703,9328,438878,0,nrmsd_norm,70,0.36795405897739775
33764.44,KDPP-Norm,1703,9328,438878,0,nrmsd_norm,75,0.37221127916392077
33764.44,KDPP-Norm,1703,9328,438878,0,nrmsd_norm,80,0.3717762906134651
33764.44,KDPP-Norm,1703,9328,438878,0,nrmsd_norm,85,0.3771091420534909
33764.44,KDPP-Norm,1703,9328,438878,0,nrmsd_norm,90,0.3861513505508952
33764.44,KDPP-Norm,1703,9328,438878,0,nrmsd_norm,95,0.37706477387963594
33764.44,KDPP-Norm,1703,9328,438878,0,nrmsd_norm,100,0.3697556079437637
33764.44,KDPP-Norm,1703,7424,433015,0,nrmsd_norm,5,0.664651000623759
33764.44,KDPP-Norm,1703,5504,433015,0,nrmsd_norm,6,0.49526275228015304
33764.44,KDPP-Norm,1703,5504,433015,0,nrmsd_norm,7,0.49055286711291646
33764.44,KDPP-Norm,1703,5504,433015,0,nrmsd_norm,8,0.4612193316343837
33764.44,KDPP-Norm,1703,5504,433015,0,nrmsd_norm,9,0.4588709140229439
33764.44,KDPP-Norm,1703,5504,433015,0,nrmsd_norm,10,0.45175230691076385
33764.44,KDPP-Norm,1703,5504,433015,0,nrmsd_norm,11,0.4496132803135435
33764.44,KDPP-Norm,1703,5504,433015,0,nrmsd_norm,12,0.43336268977230546
33764.44,KDPP-Norm,1703,5504,433015,0,nrmsd_norm,13,0.42289299091728216
33764.44,KDPP-Norm,1703,5504,433015,0,nrmsd_norm,14,0.42846550157547264
33764.44,KDPP-Norm,1703,5504,433015,0,nrmsd_norm,15,0.41663405516044
33764.44,KDPP-Norm,1703,1491,433015,0,nrmsd_norm,16,0.4107248142177456
33764.44,KDPP-Norm,1703,1491,433015,0,nrmsd_norm,17,0.4153764651120093
33764.44,KDPP-Norm,1703,8591,433015,0,nrmsd_norm,18,0.40457142541783003
33764.44,KDPP-Norm,1703,8591,433015,0,nrmsd_norm,19,0.3874115296213546
33764.44,KDPP-Norm,1703,4200,433015,0,nrmsd_norm,20,0.40345015613753626
33764.44,KDPP-Norm,1703,4200,433015,0,nrmsd_norm,22,0.36733718514704683
33764.44,KDPP-Norm,1703,8591,433015,0,nrmsd_norm,24,0.34705973477174257
33764.44,KDPP-Norm,1703,8591,433015,0,nrmsd_norm,26,0.34902117613090433
33764.44,KDPP-Norm,1703,4202,433015,0,nrmsd_norm,28,0.3438799452128378
33764.44,KDPP-Norm,1703,4202,433015,0,nrmsd_norm,30,0.34682928286462034
33764.44,KDPP-Norm,1703,4202,433015,0,nrmsd_norm,32,0.36082791116808866
33764.44,KDPP-Norm,1703,4202,433015,0,nrmsd_norm,34,0.3599035775042313
33764.44,KDPP-Norm,1703,4202,433015,0,nrmsd_norm,36,0.36248799612752425
33764.44,KDPP-Norm,1703,4202,433015,0,nrmsd_norm,38,0.364457206114594
33764.44,KDPP-Norm,1703,4201,433015,0,nrmsd_norm,40,0.3570222339810749
33764.44,KDPP-Norm,1703,4202,433015,0,nrmsd_norm,42,0.3771314314291584
33764.44,KDPP-Norm,1703,4202,433015,0,nrmsd_norm,44,0.3740366446081213
33764.44,KDPP-Norm,1703,4202,433015,0,nrmsd_norm,46,0.36839820067178286
33764.44,KDPP-Norm,1703,4202,433015,0,nrmsd_norm,48,0.3627743366351811
33764.44,KDPP-Norm,1703,4200,433015,0,nrmsd_norm,50,0.3667450015924663
33764.44,KDPP-Norm,1703,4200,433015,0,nrmsd_norm,55,0.355105241016636
33764.44,KDPP-Norm,1703,4200,433015,0,nrmsd_norm,60,0.35518511302807454
33764.44,KDPP-Norm,1703,4200,433015,0,nrmsd_norm,65,0.3539414668933974
33764.44,KDPP-Norm,1703,4200,433015,0,nrmsd_norm,70,0.3551102794248337
33764.44,KDPP-Norm,1703,4200,433015,0,nrmsd_norm,75,0.3636269486692191
33764.44,KDPP-Norm,1703,4200,433015,0,nrmsd_norm,80,0.36243290128120803
33764.44,KDPP-Norm,1703,4200,433015,0,nrmsd_norm,85,0.3679779884782674
33764.44,KDPP-Norm,1703,4200,433015,0,nrmsd_norm,90,0.3767127464720538
33764.44,KDPP-Norm,1703,4200,433015,0,nrmsd_norm,95,0.37136528341724445
33764.44,KDPP-Norm,1703,4200,433015,0,nrmsd_norm,100,0.36668898192021043
33764.44,KDPP-Norm,1703,4548,858597,0,nrmsd_norm,5,0.686054481635183
33764.44,KDPP-Norm,1703,960,858597,0,nrmsd_norm,6,0.4386042841540077
33764.44,KDPP-Norm,1703,960,858597,0,nrmsd_norm,7,0.4212892462592529
33764.44,KDPP-Norm,1703,960,858597,0,nrmsd_norm,8,0.40648135503263233
33764.44,KDPP-Norm,1703,2722,858597,0,nrmsd_norm,9,0.41658174978239343
33764.44,KDPP-Norm,1703,10702,858597,0,nrmsd_norm,10,0.4109365992625588
33764.44,KDPP-Norm,1703,10702,858597,0,nrmsd_norm,11,0.4084939565859703
33764.44,KDPP-Norm,1703,10702,858597,0,nrmsd_norm,12,0.4105225517701958
33764.44,KDPP-Norm,1703,10702,858597,0,nrmsd_norm,13,0.41206685197238035
33764.44,KDPP-Norm,1703,10702,858597,0,nrmsd_norm,14,0.4170496578486829
33764.44,KDPP-Norm,1703,5358,858597,0,nrmsd_norm,15,0.39828815236784265
33764.44,KDPP-Norm,1703,10614,858597,0,nrmsd_norm,16,0.3923351563280361
33764.44,KDPP-Norm,1703,8735,858597,0,nrmsd_norm,17,0.396820148366267
33764.44,KDPP-Norm,1703,8735,858597,0,nrmsd_norm,18,0.38337364919333294
33764.44,KDPP-Norm,1703,5086,858597,0,nrmsd_norm,19,0.3779301342790169
33764.44,KDPP-Norm,1703,10614,858597,0,nrmsd_norm,20,0.38895054625521486
33764.44,KDPP-Norm,1703,11782,858597,0,nrmsd_norm,22,0.3666489849947135
33764.44,KDPP-Norm,1703,2071,858597,0,nrmsd_norm,24,0.34774723391877843
33764.44,KDPP-Norm,1703,7548,858597,0,nrmsd_norm,26,0.3581096291405797
33764.44,KDPP-Norm,1703,7548,858597,0,nrmsd_norm,28,0.35124401190586874
33764.44,KDPP-Norm,1703,7548,858597,0,nrmsd_norm,30,0.35395034053319063
33764.44,KDPP-Norm,1703,7548,858597,0,nrmsd_norm,32,0.36848986082102864
33764.44,KDPP-Norm,1703,7548,858597,0,nrmsd_norm,34,0.3681591769153344
33764.44,KDPP-Norm,1703,7548,858597,0,nrmsd_norm,36,0.3700547780245745
33764.44,KDPP-Norm,1703,7548,858597,0,nrmsd_norm,38,0.3733263820380965
33764.44,KDPP-Norm,1703,7548,858597,0,nrmsd_norm,40,0.3660532134316324
33764.44,KDPP-Norm,1703,7548,858597,0,nrmsd_norm,42,0.3761241462708404
33764.44,KDPP-Norm,1703,7548,858597,0,nrmsd_norm,44,0.37674649087549217
33764.44,KDPP-Norm,1703,2071,858597,0,nrmsd_norm,46,0.37123942286181516
33764.44,KDPP-Norm,1703,4211,858597,0,nrmsd_norm,48,0.3638247403164566
33764.44,KDPP-Norm,1703,2071,858597,0,nrmsd_norm,50,0.368190432068133
33764.44,KDPP-Norm,1703,4201,858597,0,nrmsd_norm,55,0.3629310209650443
33764.44,KDPP-Norm,1703,4200,858597,0,nrmsd_norm,60,0.3616125055138192
33764.44,KDPP-Norm,1703,4201,858597,0,nrmsd_norm,65,0.35571765142127293
33764.44,KDPP-Norm,1703,4201,858597,0,nrmsd_norm,70,0.3576709544616326
33764.44,KDPP-Norm,1703,4202,858597,0,nrmsd_norm,75,0.3620836756185768
33764.44,KDPP-Norm,1703,4202,858597,0,nrmsd_norm,80,0.3614574843807781
33764.44,KDPP-Norm,1703,4202,858597,0,nrmsd_norm,85,0.3686447583457732
33764.44,KDPP-Norm,1703,4202,858597,0,nrmsd_norm,90,0.37436703137743144
33764.44,KDPP-Norm,1703,4202,858597,0,nrmsd_norm,95,0.369094872005428
33764.44,KDPP-Norm,1703,4202,858597,0,nrmsd_norm,100,0.3622926722501331
33764.44,KDPP-Norm,1703,12495,85945,0,nrmsd_norm,5,0.5938300362211746
33764.44,KDPP-Norm,1703,4253,85945,0,nrmsd_norm,6,0.5008928915470638
33764.44,KDPP-Norm,1703,8152,85945,0,nrmsd_norm,7,0.5155932582059106
33764.44,KDPP-Norm,1703,1144,85945,0,nrmsd_norm,8,0.46565742433846696
33764.44,KDPP-Norm,1703,5040,85945,0,nrmsd_norm,9,0.46707549410655874
33764.44,KDPP-Norm,1703,5061,85945,0,nrmsd_norm,10,0.4660101177174474
33764.44,KDPP-Norm,1703,5061,85945,0,nrmsd_norm,11,0.46187950266487987
33764.44,KDPP-Norm,1703,5367,85945,0,nrmsd_norm,12,0.4485440238871742
33764.44,KDPP-Norm,1703,5367,85945,0,nrmsd_norm,13,0.4359878992241493
33764.44,KDPP-Norm,1703,5367,85945,0,nrmsd_norm,14,0.4399762748904695
33764.44,KDPP-Norm,1703,373,85945,0,nrmsd_norm,15,0.4292124751941737
33764.44,KDPP-Norm,1703,11866,85945,0,nrmsd_norm,16,0.41783420284015005
33764.44,KDPP-Norm,1703,6318,85945,0,nrmsd_norm,17,0.42399287106591094
33764.44,KDPP-Norm,1703,4222,85945,0,nrmsd_norm,18,0.41066134201955723
33764.44,KDPP-Norm,1703,11612,85945,0,nrmsd_norm,19,0.3884424054384587
33764.44,KDPP-Norm,1703,10951,85945,0,nrmsd_norm,20,0.4155471042611079
33764.44,KDPP-Norm,1703,12100,85945,0,nrmsd_norm,22,0.38599215987843777
33764.44,KDPP-Norm,1703,10951,85945,0,nrmsd_norm,24,0.363603032578226
33764.44,KDPP-Norm,1703,10951,85945,0,nrmsd_norm,26,0.3617553059211401
33764.44,KDPP-Norm,1703,10951,85945,0,nrmsd_norm,28,0.35376007870929954
33764.44,KDPP-Norm,1703,10951,85945,0,nrmsd_norm,30,0.3569916681121933
33764.44,KDPP-Norm,1703,10951,85945,0,nrmsd_norm,32,0.37314743283233925
33764.44,KDPP-Norm,1703,10951,85945,0,nrmsd_norm,34,0.3745872326816595
33764.44,KDPP-Norm,1703,10951,85945,0,nrmsd_norm,36,0.3772220076175861
33764.44,KDPP-Norm,1703,2071,85945,0,nrmsd_norm,38,0.38110152817993254
33764.44,KDPP-Norm,1703,2071,85945,0,nrmsd_norm,40,0.3739918324874957
33764.44,KDPP-Norm,1703,4201,85945,0,nrmsd_norm,42,0.3907030314556857
33764.44,KDPP-Norm,1703,2071,85945,0,nrmsd_norm,44,0.3882075476605164
33764.44,KDPP-Norm,1703,2071,85945,0,nrmsd_norm,46,0.38758944117983996
33764.44,KDPP-Norm,1703,12100,85945,0,nrmsd_norm,48,0.37996155675650245
33764.44,KDPP-Norm,1703,11612,85945,0,nrmsd_norm,50,0.3771759670770353
33764.44,KDPP-Norm,1703,11612,85945,0,nrmsd_norm,55,0.3678003983075139
33764.44,KDPP-Norm,1703,11612,85945,0,nrmsd_norm,60,0.3667520165138382
33764.44,KDPP-Norm,1703,4222,85945,0,nrmsd_norm,65,0.3623070893488659
33764.44,KDPP-Norm,1703,4222,85945,0,nrmsd_norm,70,0.3637306562232989
33764.44,KDPP-Norm,1703,2071,85945,0,nrmsd_norm,75,0.3714771519767402
33764.44,KDPP-Norm,1703,4222,85945,0,nrmsd_norm,80,0.37032900118351864
33764.44,KDPP-Norm,1703,4444,85945,0,nrmsd_norm,85,0.3721649999577607
33764.44,KDPP-Norm,1703,4444,85945,0,nrmsd_norm,90,0.3806691281123401
33764.44,KDPP-Norm,1703,4202,85945,0,nrmsd_norm,95,0.37522333512988687
33764.44,KDPP-Norm,1703,4202,85945,0,nrmsd_norm,100,0.36926180412576876
33764.44,KDPP-Norm,1703,45,697368,0,nrmsd_norm,5,0.6072838508234969
33764.44,KDPP-Norm,1703,45,697368,0,nrmsd_norm,6,0.5112887236112972
33764.44,KDPP-Norm,1703,45,697368,0,nrmsd_norm,7,0.4737910344424818
33764.44,KDPP-Norm,1703,45,697368,0,nrmsd_norm,8,0.4436529314451878
33764.44,KDPP-Norm,1703,45,697368,0,nrmsd_norm,9,0.45066403398428195
33764.44,KDPP-Norm,1703,45,697368,0,nrmsd_norm,10,0.4418911810454696
33764.44,KDPP-Norm,1703,45,697368,0,nrmsd_norm,11,0.4466494658037133
33764.44,KDPP-Norm,1703,8591,697368,0,nrmsd_norm,12,0.4389417860520141
33764.44,KDPP-Norm,1703,216,697368,0,nrmsd_norm,13,0.4391350484864766
33764.44,KDPP-Norm,1703,216,697368,0,nrmsd_norm,14,0.44378416768971074
33764.44,KDPP-Norm,1703,216,697368,0,nrmsd_norm,15,0.44001785363051193
33764.44,KDPP-Norm,1703,216,697368,0,nrmsd_norm,16,0.4342623391820306
33764.44,KDPP-Norm,1703,216,697368,0,nrmsd_norm,17,0.4339415734707224
33764.44,KDPP-Norm,1703,273,697368,0,nrmsd_norm,18,0.42639949580766484
33764.44,KDPP-Norm,1703,273,697368,0,nrmsd_norm,19,0.40392483185474715
33764.44,KDPP-Norm,1703,8591,697368,0,nrmsd_norm,20,0.42753576876848925
33764.44,KDPP-Norm,1703,4377,697368,0,nrmsd_norm,22,0.38365484130443517
33764.44,KDPP-Norm,1703,273,697368,0,nrmsd_norm,24,0.36448393942368307
33764.44,KDPP-Norm,1703,273,697368,0,nrmsd_norm,26,0.36398661938405863
33764.44,KDPP-Norm,1703,273,697368,0,nrmsd_norm,28,0.3558823744170575
33764.44,KDPP-Norm,1703,680,697368,0,nrmsd_norm,30,0.3567642555343622
33764.44,KDPP-Norm,1703,4377,697368,0,nrmsd_norm,32,0.3693264097731714
33764.44,KDPP-Norm,1703,4377,697368,0,nrmsd_norm,34,0.36872428577257016
33764.44,KDPP-Norm,1703,4377,697368,0,nrmsd_norm,36,0.3735809138563805
33764.44,KDPP-Norm,1703,4377,697368,0,nrmsd_norm,38,0.3724436594619964
33764.44,KDPP-Norm,1703,4201,697368,0,nrmsd_norm,40,0.3680265108474149
33764.44,KDPP-Norm,1703,4201,697368,0,nrmsd_norm,42,0.3874317168396301
33764.44,KDPP-Norm,1703,4377,697368,0,nrmsd_norm,44,0.3857979701973821
33764.44,KDPP-Norm,1703,4201,697368,0,nrmsd_norm,46,0.38090669468426913
33764.44,KDPP-Norm,1703,1005,697368,0,nrmsd_norm,48,0.37666036534891506
33764.44,KDPP-Norm,1703,1005,697368,0,nrmsd_norm,50,0.37726015480108743
33764.44,KDPP-Norm,1703,680,697368,0,nrmsd_norm,55,0.3689546503773757
33764.44,KDPP-Norm,1703,9891,697368,0,nrmsd_norm,60,0.36894639936730345
33764.44,KDPP-Norm,1703,501,697368,0,nrmsd_norm,65,0.37002992334196466
33764.44,KDPP-Norm,1703,680,697368,0,nrmsd_norm,70,0.36938716093021706
33764.44,KDPP-Norm,1703,9891,697368,0,nrmsd_norm,75,0.3773439762937086
33764.44,KDPP-Norm,1703,9891,697368,0,nrmsd_norm,80,0.376556393056051
33764.44,KDPP-Norm,1703,680,697368,0,nrmsd_norm,85,0.38193385821964543
33764.44,KDPP-Norm,1703,680,697368,0,nrmsd_norm,90,0.3912940831267405
33764.44,KDPP-Norm,1703,680,697368,0,nrmsd_norm,95,0.3838338394301399
33764.44,KDPP-Norm,1703,1005,697368,0,nrmsd_norm,100,0.3756160527668689
33764.44,KDPP-Norm,1703,3684,201469,0,nrmsd_norm,5,0.551335605126254
33764.44,KDPP-Norm,1703,5356,201469,0,nrmsd_norm,6,0.44681576120222155
33764.44,KDPP-Norm,1703,10614,201469,0,nrmsd_norm,7,0.4375077066293585
33764.44,KDPP-Norm,1703,1383,201469,0,nrmsd_norm,8,0.40889624364841126
33764.44,KDPP-Norm,1703,5356,201469,0,nrmsd_norm,9,0.4173599295332856
33764.44,KDPP-Norm,1703,5356,201469,0,nrmsd_norm,10,0.4116552567079886
33764.44,KDPP-Norm,1703,1383,201469,0,nrmsd_norm,11,0.41951419582471156
33764.44,KDPP-Norm,1703,273,201469,0,nrmsd_norm,12,0.40707607681309854
33764.44,KDPP-Norm,1703,273,201469,0,nrmsd_norm,13,0.4004118852332449
33764.44,KDPP-Norm,1703,273,201469,0,nrmsd_norm,14,0.41004297049195304
33764.44,KDPP-Norm,1703,273,201469,0,nrmsd_norm,15,0.39540544113610504
33764.44,KDPP-Norm,1703,273,201469,0,nrmsd_norm,16,0.39482202082777945
33764.44,KDPP-Norm,1703,273,201469,0,nrmsd_norm,17,0.39773415673161416
33764.44,KDPP-Norm,1703,273,201469,0,nrmsd_norm,18,0.38597892865029426
33764.44,KDPP-Norm,1703,8591,201469,0,nrmsd_norm,19,0.3781975499179328
33764.44,KDPP-Norm,1703,8591,201469,0,nrmsd_norm,20,0.4008017770115845
33764.44,KDPP-Norm,1703,2435,201469,0,nrmsd_norm,22,0.37198314077008315
33764.44,KDPP-Norm,1703,4200,201469,0,nrmsd_norm,24,0.34843616782086334
33764.44,KDPP-Norm,1703,4200,201469,0,nrmsd_norm,26,0.3495857579896887
33764.44,KDPP-Norm,1703,4200,201469,0,nrmsd_norm,28,0.3424602606372179
33764.44,KDPP-Norm,1703,4200,201469,0,nrmsd_norm,30,0.34999191911673333
33764.44,KDPP-Norm,1703,4200,201469,0,nrmsd_norm,32,0.36414226520449067
33764.44,KDPP-Norm,1703,4201,201469,0,nrmsd_norm,34,0.36528541420575955
33764.44,KDPP-Norm,1703,4201,201469,0,nrmsd_norm,36,0.3673995484703151
33764.44,KDPP-Norm,1703,4201,201469,0,nrmsd_norm,38,0.37043363514191757
33764.44,KDPP-Norm,1703,1005,201469,0,nrmsd_norm,40,0.3637479178605571
33764.44,KDPP-Norm,1703,1005,201469,0,nrmsd_norm,42,0.37461895560000397
33764.44,KDPP-Norm,1703,1005,201469,0,nrmsd_norm,44,0.37440225477668804
33764.44,KDPP-Norm,1703,1005,201469,0,nrmsd_norm,46,0.37369295520159973
33764.44,KDPP-Norm,1703,1005,201469,0,nrmsd_norm,48,0.3680770580659475
33764.44,KDPP-Norm,1703,1005,201469,0,nrmsd_norm,50,0.3710429308843782
33764.44,KDPP-Norm,1703,1005,201469,0,nrmsd_norm,55,0.3660999916278
33764.44,KDPP-Norm,1703,1005,201469,0,nrmsd_norm,60,0.3655559444284378
33764.44,KDPP-Norm,1703,4200,201469,0,nrmsd_norm,65,0.3635936621353117
33764.44,KDPP-Norm,1703,4200,201469,0,nrmsd_norm,70,0.3672216432421987
33764.44,KDPP-Norm,1703,4201,201469,0,nrmsd_norm,75,0.37383114877832824
33764.44,KDPP-Norm,1703,4201,201469,0,nrmsd_norm,80,0.374292673470907
33764.44,KDPP-Norm,1703,4201,201469,0,nrmsd_norm,85,0.37991484300839407
33764.44,KDPP-Norm,1703,2071,201469,0,nrmsd_norm,90,0.39062384476416045
33764.44,KDPP-Norm,1703,2071,201469,0,nrmsd_norm,95,0.3831647439514729
33764.44,KDPP-Norm,1703,2071,201469,0,nrmsd_norm,100,0.3762921105391999
33764.44,KDPP-Norm,1703,4223,94177,0,nrmsd_norm,5,0.5555274036556349
33764.44,KDPP-Norm,1703,4254,94177,0,nrmsd_norm,6,0.46869603469797455
33764.44,KDPP-Norm,1703,4254,94177,0,nrmsd_norm,7,0.47676837277171036
33764.44,KDPP-Norm,1703,4101,94177,0,nrmsd_norm,8,0.434418828458462
33764.44,KDPP-Norm,1703,4101,94177,0,nrmsd_norm,9,0.4414466409912022
33764.44,KDPP-Norm,1703,4112,94177,0,nrmsd_norm,10,0.43175396034058966
33764.44,KDPP-Norm,1703,1314,94177,0,nrmsd_norm,11,0.4384034236444674
33764.44,KDPP-Norm,1703,8595,94177,0,nrmsd_norm,12,0.4242789295286595
33764.44,KDPP-Norm,1703,8595,94177,0,nrmsd_norm,13,0.42100559506534546
33764.44,KDPP-Norm,1703,8595,94177,0,nrmsd_norm,14,0.42429184029923467
33764.44,KDPP-Norm,1703,1314,94177,0,nrmsd_norm,15,0.41644783842599153
33764.44,KDPP-Norm,1703,8595,94177,0,nrmsd_norm,16,0.40460010834330107
33764.44,KDPP-Norm,1703,8595,94177,0,nrmsd_norm,17,0.4048201088121645
33764.44,KDPP-Norm,1703,8595,94177,0,nrmsd_norm,18,0.3932700606693669
33764.44,KDPP-Norm,1703,299,94177,0,nrmsd_norm,19,0.392985338471862
33764.44,KDPP-Norm,1703,299,94177,0,nrmsd_norm,20,0.4081218670799885
33764.44,KDPP-Norm,1703,299,94177,0,nrmsd_norm,22,0.37732029745259893
33764.44,KDPP-Norm,1703,348,94177,0,nrmsd_norm,24,0.35888971076189363
33764.44,KDPP-Norm,1703,4377,94177,0,nrmsd_norm,26,0.35822186464805916
33764.44,KDPP-Norm,1703,4377,94177,0,nrmsd_norm,28,0.34888541861465217
33764.44,KDPP-Norm,1703,4377,94177,0,nrmsd_norm,30,0.35145200334940996
33764.44,KDPP-Norm,1703,4377,94177,0,nrmsd_norm,32,0.3700695190655675
33764.44,KDPP-Norm,1703,4377,94177,0,nrmsd_norm,34,0.37098700635863746
33764.44,KDPP-Norm,1703,4377,94177,0,nrmsd_norm,36,0.37595424595871196
33764.44,KDPP-Norm,1703,4377,94177,0,nrmsd_norm,38,0.3793566574796119
33764.44,KDPP-Norm,1703,4377,94177,0,nrmsd_norm,40,0.37617748664855394
33764.44,KDPP-Norm,1703,4377,94177,0,nrmsd_norm,42,0.3910298127047394
33764.44,KDPP-Norm,1703,4377,94177,0,nrmsd_norm,44,0.3884952969348772
33764.44,KDPP-Norm,1703,4377,94177,0,nrmsd_norm,46,0.39095214426378994
33764.44,KDPP-Norm,1703,4211,94177,0,nrmsd_norm,48,0.38157713763197937
33764.44,KDPP-Norm,1703,4377,94177,0,nrmsd_norm,50,0.3847730085798505
33764.44,KDPP-Norm,1703,4377,94177,0,nrmsd_norm,55,0.3743898178261064
33764.44,KDPP-Norm,1703,348,94177,0,nrmsd_norm,60,0.37417864143892615
33764.44,KDPP-Norm,1703,4377,94177,0,nrmsd_norm,65,0.37260374240329
33764.44,KDPP-Norm,1703,4377,94177,0,nrmsd_norm,70,0.3738312091680774
33764.44,KDPP-Norm,1703,4377,94177,0,nrmsd_norm,75,0.38049385183273177
33764.44,KDPP-Norm,1703,6318,94177,0,nrmsd_norm,80,0.37894097225606843
33764.44,KDPP-Norm,1703,889,94177,0,nrmsd_norm,85,0.3839252558669078
33764.44,KDPP-Norm,1703,889,94177,0,nrmsd_norm,90,0.39229767865810933
33764.44,KDPP-Norm,1703,4222,94177,0,nrmsd_norm,95,0.3836960956579323
33764.44,KDPP-Norm,1703,4222,94177,0,nrmsd_norm,100,0.3764388210134631
