subject_id,experiment_name,hotspot_idx,current_hotspot_idx,realization_id,sequence_idx,score_type,sequence_length,score
33764.44,RANDOM,10346,3435,89250,0,geod_dist_to_target,5,22.308006613663384
33764.44,RANDOM,10346,2649,89250,0,geod_dist_to_target,6,1.443109850148483
33764.44,RANDOM,10346,8587,89250,0,geod_dist_to_target,7,2.5284298322789356
33764.44,RANDOM,10346,8587,89250,0,geod_dist_to_target,8,2.5284298322789356
33764.44,RANDOM,10346,8587,89250,0,geod_dist_to_target,9,2.5284298322789356
33764.44,RANDOM,10346,8587,89250,0,geod_dist_to_target,10,2.5284298322789356
33764.44,RANDOM,10346,8587,89250,0,geod_dist_to_target,11,2.5284298322789356
33764.44,RANDOM,10346,11456,89250,0,geod_dist_to_target,12,1.5986943742422266
33764.44,RANDOM,10346,11456,89250,0,geod_dist_to_target,13,1.5986943742422266
33764.44,RANDOM,10346,7790,89250,0,geod_dist_to_target,14,1.241119515143387
33764.44,RANDOM,10346,7790,89250,0,geod_dist_to_target,15,1.241119515143387
33764.44,RANDOM,10346,7790,89250,0,geod_dist_to_target,16,1.241119515143387
33764.44,RANDOM,10346,8711,89250,0,geod_dist_to_target,17,0.8096122752335942
33764.44,RANDOM,10346,8711,89250,0,geod_dist_to_target,18,0.8096122752335942
33764.44,RANDOM,10346,7790,89250,0,geod_dist_to_target,19,1.241119515143387
33764.44,RANDOM,10346,11609,89250,0,geod_dist_to_target,20,0.35877899440829847
33764.44,RANDOM,10346,11609,89250,0,geod_dist_to_target,22,0.35877899440829847
33764.44,RANDOM,10346,11609,89250,0,geod_dist_to_target,24,0.35877899440829847
33764.44,RANDOM,10346,11609,89250,0,geod_dist_to_target,26,0.35877899440829847
33764.44,RANDOM,10346,11609,89250,0,geod_dist_to_target,28,0.35877899440829847
33764.44,RANDOM,10346,11609,89250,0,geod_dist_to_target,30,0.35877899440829847
33764.44,RANDOM,10346,11609,89250,0,geod_dist_to_target,32,0.35877899440829847
33764.44,RANDOM,10346,11609,89250,0,geod_dist_to_target,34,0.35877899440829847
33764.44,RANDOM,10346,11609,89250,0,geod_dist_to_target,36,0.35877899440829847
33764.44,RANDOM,10346,6845,89250,0,geod_dist_to_target,38,0.2505287899723362
33764.44,RANDOM,10346,10346,89250,0,geod_dist_to_target,40,0.0
33764.44,RANDOM,10346,10346,89250,0,geod_dist_to_target,42,0.0
33764.44,RANDOM,10346,10346,89250,0,geod_dist_to_target,44,0.0
33764.44,RANDOM,10346,6845,89250,0,geod_dist_to_target,46,0.2505287899723362
33764.44,RANDOM,10346,6845,89250,0,geod_dist_to_target,48,0.2505287899723362
33764.44,RANDOM,10346,10346,89250,0,geod_dist_to_target,50,0.0
33764.44,RANDOM,10346,10346,89250,0,geod_dist_to_target,55,0.0
33764.44,RANDOM,10346,6845,89250,0,geod_dist_to_target,60,0.2505287899723362
33764.44,RANDOM,10346,6845,89250,0,geod_dist_to_target,65,0.2505287899723362
33764.44,RANDOM,10346,6845,89250,0,geod_dist_to_target,70,0.2505287899723362
33764.44,RANDOM,10346,6845,89250,0,geod_dist_to_target,75,0.2505287899723362
33764.44,RANDOM,10346,6845,89250,0,geod_dist_to_target,80,0.2505287899723362
33764.44,RANDOM,10346,6845,89250,0,geod_dist_to_target,85,0.2505287899723362
33764.44,RANDOM,10346,6845,89250,0,geod_dist_to_target,90,0.2505287899723362
33764.44,RANDOM,10346,6845,89250,0,geod_dist_to_target,95,0.2505287899723362
33764.44,RANDOM,10346,12482,89250,0,geod_dist_to_target,100,0.5363487259966152
33764.44,RANDOM,10346,2260,773956,0,geod_dist_to_target,5,21.230967619063865
33764.44,RANDOM,10346,8260,773956,0,geod_dist_to_target,6,12.658601081109643
33764.44,RANDOM,10346,2292,773956,0,geod_dist_to_target,7,50.158452725839425
33764.44,RANDOM,10346,2292,773956,0,geod_dist_to_target,8,50.158452725839425
33764.44,RANDOM,10346,2292,773956,0,geod_dist_to_target,9,50.158452725839425
33764.44,RANDOM,10346,9490,773956,0,geod_dist_to_target,10,47.361025415696126
33764.44,RANDOM,10346,9490,773956,0,geod_dist_to_target,11,47.361025415696126
33764.44,RANDOM,10346,9490,773956,0,geod_dist_to_target,12,47.361025415696126
33764.44,RANDOM,10346,4120,773956,0,geod_dist_to_target,13,46.986442813897554
33764.44,RANDOM,10346,4120,773956,0,geod_dist_to_target,14,46.986442813897554
33764.44,RANDOM,10346,4120,773956,0,geod_dist_to_target,15,46.986442813897554
33764.44,RANDOM,10346,7260,773956,0,geod_dist_to_target,16,46.414976790101925
33764.44,RANDOM,10346,10497,773956,0,geod_dist_to_target,17,22.51028472565409
33764.44,RANDOM,10346,10497,773956,0,geod_dist_to_target,18,22.51028472565409
33764.44,RANDOM,10346,10497,773956,0,geod_dist_to_target,19,22.51028472565409
33764.44,RANDOM,10346,10497,773956,0,geod_dist_to_target,20,22.51028472565409
33764.44,RANDOM,10346,3429,773956,0,geod_dist_to_target,22,1.086999607447876
33764.44,RANDOM,10346,1381,773956,0,geod_dist_to_target,24,0.24177044035433656
33764.44,RANDOM,10346,1381,773956,0,geod_dist_to_target,26,0.24177044035433656
33764.44,RANDOM,10346,1381,773956,0,geod_dist_to_target,28,0.24177044035433656
33764.44,RANDOM,10346,1381,773956,0,geod_dist_to_target,30,0.24177044035433656
33764.44,RANDOM,10346,1381,773956,0,geod_dist_to_target,32,0.24177044035433656
33764.44,RANDOM,10346,10346,773956,0,geod_dist_to_target,34,0.0
33764.44,RANDOM,10346,10346,773956,0,geod_dist_to_target,36,0.0
33764.44,RANDOM,10346,10346,773956,0,geod_dist_to_target,38,0.0
33764.44,RANDOM,10346,10346,773956,0,geod_dist_to_target,40,0.0
33764.44,RANDOM,10346,10346,773956,0,geod_dist_to_target,42,0.0
33764.44,RANDOM,10346,10346,773956,0,geod_dist_to_target,44,0.0
33764.44,RANDOM,10346,1381,773956,0,geod_dist_to_target,46,0.24177044035433656
33764.44,RANDOM,10346,10346,773956,0,geod_dist_to_target,48,0.0
33764.44,RANDOM,10346,10346,773956,0,geod_dist_to_target,50,0.0
33764.44,RANDOM,10346,1381,773956,0,geod_dist_to_target,55,0.24177044035433656
33764.44,RANDOM,10346,10346,773956,0,geod_dist_to_target,60,0.0
33764.44,RANDOM,10346,1381,773956,0,geod_dist_to_target,65,0.24177044035433656
33764.44,RANDOM,10346,1381,773956,0,geod_dist_to_target,70,0.24177044035433656
33764.44,RANDOM,10346,1381,773956,0,geod_dist_to_target,75,0.24177044035433656
33764.44,RANDOM,10346,6827,773956,0,geod_dist_to_target,80,0.478541851813261
33764.44,RANDOM,10346,10346,773956,0,geod_dist_to_target,85,0.0
33764.44,RANDOM,10346,10346,773956,0,geod_dist_to_target,90,0.0
33764.44,RANDOM,10346,10346,773956,0,geod_dist_to_target,95,0.0
33764.44,RANDOM,10346,10346,773956,0,geod_dist_to_target,100,0.0
33764.44,RANDOM,10346,8217,654571,0,geod_dist_to_target,5,16.242521720929716
33764.44,RANDOM,10346,6539,654571,0,geod_dist_to_target,6,20.837242421574683
33764.44,RANDOM,10346,1209,654571,0,geod_dist_to_target,7,3.4063222226843712
33764.44,RANDOM,10346,1209,654571,0,geod_dist_to_target,8,3.4063222226843712
33764.44,RANDOM,10346,1209,654571,0,geod_dist_to_target,9,3.4063222226843712
33764.44,RANDOM,10346,1209,654571,0,geod_dist_to_target,10,3.4063222226843712
33764.44,RANDOM,10346,1209,654571,0,geod_dist_to_target,11,3.4063222226843712
33764.44,RANDOM,10346,9898,654571,0,geod_dist_to_target,12,22.695713303664377
33764.44,RANDOM,10346,9898,654571,0,geod_dist_to_target,13,22.695713303664377
33764.44,RANDOM,10346,11242,654571,0,geod_dist_to_target,14,1.8625423113052124
33764.44,RANDOM,10346,11242,654571,0,geod_dist_to_target,15,1.8625423113052124
33764.44,RANDOM,10346,11242,654571,0,geod_dist_to_target,16,1.8625423113052124
33764.44,RANDOM,10346,11242,654571,0,geod_dist_to_target,17,1.8625423113052124
33764.44,RANDOM,10346,11242,654571,0,geod_dist_to_target,18,1.8625423113052124
33764.44,RANDOM,10346,11242,654571,0,geod_dist_to_target,19,1.8625423113052124
33764.44,RANDOM,10346,11242,654571,0,geod_dist_to_target,20,1.8625423113052124
33764.44,RANDOM,10346,11673,654571,0,geod_dist_to_target,22,2.0130458040050723
33764.44,RANDOM,10346,11673,654571,0,geod_dist_to_target,24,2.0130458040050723
33764.44,RANDOM,10346,11673,654571,0,geod_dist_to_target,26,2.0130458040050723
33764.44,RANDOM,10346,11673,654571,0,geod_dist_to_target,28,2.0130458040050723
33764.44,RANDOM,10346,11673,654571,0,geod_dist_to_target,30,2.0130458040050723
33764.44,RANDOM,10346,10346,654571,0,geod_dist_to_target,32,0.0
33764.44,RANDOM,10346,10346,654571,0,geod_dist_to_target,34,0.0
33764.44,RANDOM,10346,10346,654571,0,geod_dist_to_target,36,0.0
33764.44,RANDOM,10346,10346,654571,0,geod_dist_to_target,38,0.0
33764.44,RANDOM,10346,10346,654571,0,geod_dist_to_target,40,0.0
33764.44,RANDOM,10346,11609,654571,0,geod_dist_to_target,42,0.35877899440829847
33764.44,RANDOM,10346,10346,654571,0,geod_dist_to_target,44,0.0
33764.44,RANDOM,10346,10346,654571,0,geod_dist_to_target,46,0.0
33764.44,RANDOM,10346,11609,654571,0,geod_dist_to_target,48,0.35877899440829847
33764.44,RANDOM,10346,11609,654571,0,geod_dist_to_target,50,0.35877899440829847
33764.44,RANDOM,10346,10346,654571,0,geod_dist_to_target,55,0.0
33764.44,RANDOM,10346,6827,654571,0,geod_dist_to_target,60,0.478541851813261
33764.44,RANDOM,10346,10346,654571,0,geod_dist_to_target,65,0.0
33764.44,RANDOM,10346,10346,654571,0,geod_dist_to_target,70,0.0
33764.44,RANDOM,10346,10346,654571,0,geod_dist_to_target,75,0.0
33764.44,RANDOM,10346,10346,654571,0,geod_dist_to_target,80,0.0
33764.44,RANDOM,10346,10346,654571,0,geod_dist_to_target,85,0.0
33764.44,RANDOM,10346,10346,654571,0,geod_dist_to_target,90,0.0
33764.44,RANDOM,10346,10346,654571,0,geod_dist_to_target,95,0.0
33764.44,RANDOM,10346,10346,654571,0,geod_dist_to_target,100,0.0
33764.44,RANDOM,10346,8391,438878,0,geod_dist_to_target,5,37.23484660681504
33764.44,RANDOM,10346,6383,438878,0,geod_dist_to_target,6,17.501352199445606
33764.44,RANDOM,10346,315,438878,0,geod_dist_to_target,7,42.37962961030803
33764.44,RANDOM,10346,4527,438878,0,geod_dist_to_target,8,14.729943565630462
33764.44,RANDOM,10346,3429,438878,0,geod_dist_to_target,9,1.086999607447876
33764.44,RANDOM,10346,3429,438878,0,geod_dist_to_target,10,1.086999607447876
33764.44,RANDOM,10346,3429,438878,0,geod_dist_to_target,11,1.086999607447876
33764.44,RANDOM,10346,11534,438878,0,geod_dist_to_target,12,1.975202950840998
33764.44,RANDOM,10346,11534,438878,0,geod_dist_to_target,13,1.975202950840998
33764.44,RANDOM,10346,6824,438878,0,geod_dist_to_target,14,0.557773902280137
33764.44,RANDOM,10346,6824,438878,0,geod_dist_to_target,15,0.557773902280137
33764.44,RANDOM,10346,6824,438878,0,geod_dist_to_target,16,0.557773902280137
33764.44,RANDOM,10346,6824,438878,0,geod_dist_to_target,17,0.557773902280137
33764.44,RANDOM,10346,6824,438878,0,geod_dist_to_target,18,0.557773902280137
33764.44,RANDOM,10346,6824,438878,0,geod_dist_to_target,19,0.557773902280137
33764.44,RANDOM,10346,6824,438878,0,geod_dist_to_target,20,0.557773902280137
33764.44,RANDOM,10346,6824,438878,0,geod_dist_to_target,22,0.557773902280137
33764.44,RANDOM,10346,6824,438878,0,geod_dist_to_target,24,0.557773902280137
33764.44,RANDOM,10346,1381,438878,0,geod_dist_to_target,26,0.24177044035433656
33764.44,RANDOM,10346,1381,438878,0,geod_dist_to_target,28,0.24177044035433656
33764.44,RANDOM,10346,1381,438878,0,geod_dist_to_target,30,0.24177044035433656
33764.44,RANDOM,10346,12482,438878,0,geod_dist_to_target,32,0.5363487259966152
33764.44,RANDOM,10346,10346,438878,0,geod_dist_to_target,34,0.0
33764.44,RANDOM,10346,12482,438878,0,geod_dist_to_target,36,0.5363487259966152
33764.44,RANDOM,10346,6845,438878,0,geod_dist_to_target,38,0.2505287899723362
33764.44,RANDOM,10346,10346,438878,0,geod_dist_to_target,40,0.0
33764.44,RANDOM,10346,10346,438878,0,geod_dist_to_target,42,0.0
33764.44,RANDOM,10346,10346,438878,0,geod_dist_to_target,44,0.0
33764.44,RANDOM,10346,10346,438878,0,geod_dist_to_target,46,0.0
33764.44,RANDOM,10346,10346,438878,0,geod_dist_to_target,48,0.0
33764.44,RANDOM,10346,10346,438878,0,geod_dist_to_target,50,0.0
33764.44,RANDOM,10346,10346,438878,0,geod_dist_to_target,55,0.0
33764.44,RANDOM,10346,10346,438878,0,geod_dist_to_target,60,0.0
33764.44,RANDOM,10346,10346,438878,0,geod_dist_to_target,65,0.0
33764.44,RANDOM,10346,10346,438878,0,geod_dist_to_target,70,0.0
33764.44,RANDOM,10346,10346,438878,0,geod_dist_to_target,75,0.0
33764.44,RANDOM,10346,10346,438878,0,geod_dist_to_target,80,0.0
33764.44,RANDOM,10346,12482,438878,0,geod_dist_to_target,85,0.5363487259966152
33764.44,RANDOM,10346,6845,438878,0,geod_dist_to_target,90,0.2505287899723362
33764.44,RANDOM,10346,12482,438878,0,geod_dist_to_target,95,0.5363487259966152
33764.44,RANDOM,10346,10346,438878,0,geod_dist_to_target,100,0.0
33764.44,RANDOM,10346,1858,433015,0,geod_dist_to_target,5,25.211516961200374
33764.44,RANDOM,10346,338,433015,0,geod_dist_to_target,6,2.510858225161016
33764.44,RANDOM,10346,9206,433015,0,geod_dist_to_target,7,15.747284149389172
33764.44,RANDOM,10346,4154,433015,0,geod_dist_to_target,8,2.6514750580181747
33764.44,RANDOM,10346,6527,433015,0,geod_dist_to_target,9,1.9627390191032272
33764.44,RANDOM,10346,7481,433015,0,geod_dist_to_target,10,2.5116270259798275
33764.44,RANDOM,10346,7481,433015,0,geod_dist_to_target,11,2.5116270259798275
33764.44,RANDOM,10346,9116,433015,0,geod_dist_to_target,12,13.548614455571888
33764.44,RANDOM,10346,7473,433015,0,geod_dist_to_target,13,2.9804055011893134
33764.44,RANDOM,10346,11124,433015,0,geod_dist_to_target,14,2.7577670629264746
33764.44,RANDOM,10346,11124,433015,0,geod_dist_to_target,15,2.7577670629264746
33764.44,RANDOM,10346,337,433015,0,geod_dist_to_target,16,2.9511602988989654
33764.44,RANDOM,10346,337,433015,0,geod_dist_to_target,17,2.9511602988989654
33764.44,RANDOM,10346,337,433015,0,geod_dist_to_target,18,2.9511602988989654
33764.44,RANDOM,10346,337,433015,0,geod_dist_to_target,19,2.9511602988989654
33764.44,RANDOM,10346,1299,433015,0,geod_dist_to_target,20,3.0860217110110497
33764.44,RANDOM,10346,11124,433015,0,geod_dist_to_target,22,2.7577670629264746
33764.44,RANDOM,10346,9116,433015,0,geod_dist_to_target,24,13.548614455571888
33764.44,RANDOM,10346,9116,433015,0,geod_dist_to_target,26,13.548614455571888
33764.44,RANDOM,10346,11124,433015,0,geod_dist_to_target,28,2.7577670629264746
33764.44,RANDOM,10346,11124,433015,0,geod_dist_to_target,30,2.7577670629264746
33764.44,RANDOM,10346,6527,433015,0,geod_dist_to_target,32,1.9627390191032272
33764.44,RANDOM,10346,11210,433015,0,geod_dist_to_target,34,1.70729194794039
33764.44,RANDOM,10346,11210,433015,0,geod_dist_to_target,36,1.70729194794039
33764.44,RANDOM,10346,11210,433015,0,geod_dist_to_target,38,1.70729194794039
33764.44,RANDOM,10346,11210,433015,0,geod_dist_to_target,40,1.70729194794039
33764.44,RANDOM,10346,3312,433015,0,geod_dist_to_target,42,1.2594994155835524
33764.44,RANDOM,10346,3312,433015,0,geod_dist_to_target,44,1.2594994155835524
33764.44,RANDOM,10346,3312,433015,0,geod_dist_to_target,46,1.2594994155835524
33764.44,RANDOM,10346,3312,433015,0,geod_dist_to_target,48,1.2594994155835524
33764.44,RANDOM,10346,3312,433015,0,geod_dist_to_target,50,1.2594994155835524
33764.44,RANDOM,10346,3312,433015,0,geod_dist_to_target,55,1.2594994155835524
33764.44,RANDOM,10346,3312,433015,0,geod_dist_to_target,60,1.2594994155835524
33764.44,RANDOM,10346,7183,433015,0,geod_dist_to_target,65,1.0074535587474773
33764.44,RANDOM,10346,7183,433015,0,geod_dist_to_target,70,1.0074535587474773
33764.44,RANDOM,10346,3312,433015,0,geod_dist_to_target,75,1.2594994155835524
33764.44,RANDOM,10346,6845,433015,0,geod_dist_to_target,80,0.2505287899723362
33764.44,RANDOM,10346,6845,433015,0,geod_dist_to_target,85,0.2505287899723362
33764.44,RANDOM,10346,6845,433015,0,geod_dist_to_target,90,0.2505287899723362
33764.44,RANDOM,10346,6845,433015,0,geod_dist_to_target,95,0.2505287899723362
33764.44,RANDOM,10346,6845,433015,0,geod_dist_to_target,100,0.2505287899723362
33764.44,RANDOM,10346,10496,858597,0,geod_dist_to_target,5,15.668758587471956
33764.44,RANDOM,10346,4807,858597,0,geod_dist_to_target,6,43.632441053400896
33764.44,RANDOM,10346,3997,858597,0,geod_dist_to_target,7,42.70589540778571
33764.44,RANDOM,10346,8268,858597,0,geod_dist_to_target,8,14.715115078735645
33764.44,RANDOM,10346,3429,858597,0,geod_dist_to_target,9,1.086999607447876
33764.44,RANDOM,10346,11606,858597,0,geod_dist_to_target,10,1.2050480948774986
33764.44,RANDOM,10346,11606,858597,0,geod_dist_to_target,11,1.2050480948774986
33764.44,RANDOM,10346,1381,858597,0,geod_dist_to_target,12,0.24177044035433656
33764.44,RANDOM,10346,1381,858597,0,geod_dist_to_target,13,0.24177044035433656
33764.44,RANDOM,10346,1381,858597,0,geod_dist_to_target,14,0.24177044035433656
33764.44,RANDOM,10346,1381,858597,0,geod_dist_to_target,15,0.24177044035433656
33764.44,RANDOM,10346,12482,858597,0,geod_dist_to_target,16,0.5363487259966152
33764.44,RANDOM,10346,12482,858597,0,geod_dist_to_target,17,0.5363487259966152
33764.44,RANDOM,10346,12482,858597,0,geod_dist_to_target,18,0.5363487259966152
33764.44,RANDOM,10346,1396,858597,0,geod_dist_to_target,19,0.499481213365009
33764.44,RANDOM,10346,1381,858597,0,geod_dist_to_target,20,0.24177044035433656
33764.44,RANDOM,10346,1381,858597,0,geod_dist_to_target,22,0.24177044035433656
33764.44,RANDOM,10346,1381,858597,0,geod_dist_to_target,24,0.24177044035433656
33764.44,RANDOM,10346,6827,858597,0,geod_dist_to_target,26,0.478541851813261
33764.44,RANDOM,10346,1381,858597,0,geod_dist_to_target,28,0.24177044035433656
33764.44,RANDOM,10346,1381,858597,0,geod_dist_to_target,30,0.24177044035433656
33764.44,RANDOM,10346,10346,858597,0,geod_dist_to_target,32,0.0
33764.44,RANDOM,10346,10346,858597,0,geod_dist_to_target,34,0.0
33764.44,RANDOM,10346,6827,858597,0,geod_dist_to_target,36,0.478541851813261
33764.44,RANDOM,10346,6827,858597,0,geod_dist_to_target,38,0.478541851813261
33764.44,RANDOM,10346,10346,858597,0,geod_dist_to_target,40,0.0
33764.44,RANDOM,10346,10346,858597,0,geod_dist_to_target,42,0.0
33764.44,RANDOM,10346,10346,858597,0,geod_dist_to_target,44,0.0
33764.44,RANDOM,10346,10346,858597,0,geod_dist_to_target,46,0.0
33764.44,RANDOM,10346,10346,858597,0,geod_dist_to_target,48,0.0
33764.44,RANDOM,10346,10346,858597,0,geod_dist_to_target,50,0.0
33764.44,RANDOM,10346,10346,858597,0,geod_dist_to_target,55,0.0
33764.44,RANDOM,10346,10346,858597,0,geod_dist_to_target,60,0.0
33764.44,RANDOM,10346,10346,858597,0,geod_dist_to_target,65,0.0
33764.44,RANDOM,10346,10346,858597,0,geod_dist_to_target,70,0.0
33764.44,RANDOM,10346,10346,858597,0,geod_dist_to_target,75,0.0
33764.44,RANDOM,10346,10346,858597,0,geod_dist_to_target,80,0.0
33764.44,RANDOM,10346,10346,858597,0,geod_dist_to_target,85,0.0
33764.44,RANDOM,10346,10346,858597,0,geod_dist_to_target,90,0.0
33764.44,RANDOM,10346,10346,858597,0,geod_dist_to_target,95,0.0
33764.44,RANDOM,10346,10346,858597,0,geod_dist_to_target,100,0.0
33764.44,RANDOM,10346,1415,85945,0,geod_dist_to_target,5,25.21161515950999
33764.44,RANDOM,10346,6579,85945,0,geod_dist_to_target,6,12.270792238951445
33764.44,RANDOM,10346,2125,85945,0,geod_dist_to_target,7,38.14349805434273
33764.44,RANDOM,10346,4120,85945,0,geod_dist_to_target,8,46.986442813897554
33764.44,RANDOM,10346,2292,85945,0,geod_dist_to_target,9,50.158452725839425
33764.44,RANDOM,10346,6497,85945,0,geod_dist_to_target,10,3.413270897422864
33764.44,RANDOM,10346,6497,85945,0,geod_dist_to_target,11,3.413270897422864
33764.44,RANDOM,10346,2144,85945,0,geod_dist_to_target,12,1.2810762186919213
33764.44,RANDOM,10346,2144,85945,0,geod_dist_to_target,13,1.2810762186919213
33764.44,RANDOM,10346,1381,85945,0,geod_dist_to_target,14,0.24177044035433656
33764.44,RANDOM,10346,1381,85945,0,geod_dist_to_target,15,0.24177044035433656
33764.44,RANDOM,10346,1381,85945,0,geod_dist_to_target,16,0.24177044035433656
33764.44,RANDOM,10346,1381,85945,0,geod_dist_to_target,17,0.24177044035433656
33764.44,RANDOM,10346,1381,85945,0,geod_dist_to_target,18,0.24177044035433656
33764.44,RANDOM,10346,6824,85945,0,geod_dist_to_target,19,0.557773902280137
33764.44,RANDOM,10346,6824,85945,0,geod_dist_to_target,20,0.557773902280137
33764.44,RANDOM,10346,1381,85945,0,geod_dist_to_target,22,0.24177044035433656
33764.44,RANDOM,10346,10534,85945,0,geod_dist_to_target,24,16.05410066795754
33764.44,RANDOM,10346,10534,85945,0,geod_dist_to_target,26,16.05410066795754
33764.44,RANDOM,10346,6827,85945,0,geod_dist_to_target,28,0.478541851813261
33764.44,RANDOM,10346,6827,85945,0,geod_dist_to_target,30,0.478541851813261
33764.44,RANDOM,10346,6827,85945,0,geod_dist_to_target,32,0.478541851813261
33764.44,RANDOM,10346,6827,85945,0,geod_dist_to_target,34,0.478541851813261
33764.44,RANDOM,10346,6827,85945,0,geod_dist_to_target,36,0.478541851813261
33764.44,RANDOM,10346,6827,85945,0,geod_dist_to_target,38,0.478541851813261
33764.44,RANDOM,10346,6827,85945,0,geod_dist_to_target,40,0.478541851813261
33764.44,RANDOM,10346,6827,85945,0,geod_dist_to_target,42,0.478541851813261
33764.44,RANDOM,10346,6827,85945,0,geod_dist_to_target,44,0.478541851813261
33764.44,RANDOM,10346,6827,85945,0,geod_dist_to_target,46,0.478541851813261
33764.44,RANDOM,10346,10346,85945,0,geod_dist_to_target,48,0.0
33764.44,RANDOM,10346,10346,85945,0,geod_dist_to_target,50,0.0
33764.44,RANDOM,10346,10346,85945,0,geod_dist_to_target,55,0.0
33764.44,RANDOM,10346,10346,85945,0,geod_dist_to_target,60,0.0
33764.44,RANDOM,10346,10346,85945,0,geod_dist_to_target,65,0.0
33764.44,RANDOM,10346,10346,85945,0,geod_dist_to_target,70,0.0
33764.44,RANDOM,10346,10346,85945,0,geod_dist_to_target,75,0.0
33764.44,RANDOM,10346,10346,85945,0,geod_dist_to_target,80,0.0
33764.44,RANDOM,10346,10346,85945,0,geod_dist_to_target,85,0.0
33764.44,RANDOM,10346,10346,85945,0,geod_dist_to_target,90,0.0
33764.44,RANDOM,10346,10346,85945,0,geod_dist_to_target,95,0.0
33764.44,RANDOM,10346,10346,85945,0,geod_dist_to_target,100,0.0
33764.44,RANDOM,10346,8632,697368,0,geod_dist_to_target,5,14.464302393265024
33764.44,RANDOM,10346,7473,697368,0,geod_dist_to_target,6,2.9804055011893134
33764.44,RANDOM,10346,7473,697368,0,geod_dist_to_target,7,2.9804055011893134
33764.44,RANDOM,10346,12562,697368,0,geod_dist_to_target,8,2.2835859095651596
33764.44,RANDOM,10346,3695,697368,0,geod_dist_to_target,9,1.784394347259849
33764.44,RANDOM,10346,7202,697368,0,geod_dist_to_target,10,0.8209300398068843
33764.44,RANDOM,10346,6527,697368,0,geod_dist_to_target,11,1.9627390191032272
33764.44,RANDOM,10346,1268,697368,0,geod_dist_to_target,12,0.37665875645474234
33764.44,RANDOM,10346,7202,697368,0,geod_dist_to_target,13,0.8209300398068843
33764.44,RANDOM,10346,1268,697368,0,geod_dist_to_target,14,0.37665875645474234
33764.44,RANDOM,10346,1268,697368,0,geod_dist_to_target,15,0.37665875645474234
33764.44,RANDOM,10346,7202,697368,0,geod_dist_to_target,16,0.8209300398068843
33764.44,RANDOM,10346,2618,697368,0,geod_dist_to_target,17,0.9646708653390038
33764.44,RANDOM,10346,2618,697368,0,geod_dist_to_target,18,0.9646708653390038
33764.44,RANDOM,10346,7025,697368,0,geod_dist_to_target,19,0.6488368771282121
33764.44,RANDOM,10346,7025,697368,0,geod_dist_to_target,20,0.6488368771282121
33764.44,RANDOM,10346,7202,697368,0,geod_dist_to_target,22,0.8209300398068843
33764.44,RANDOM,10346,7202,697368,0,geod_dist_to_target,24,0.8209300398068843
33764.44,RANDOM,10346,2928,697368,0,geod_dist_to_target,26,1.1141689742894796
33764.44,RANDOM,10346,2928,697368,0,geod_dist_to_target,28,1.1141689742894796
33764.44,RANDOM,10346,2928,697368,0,geod_dist_to_target,30,1.1141689742894796
33764.44,RANDOM,10346,12037,697368,0,geod_dist_to_target,32,2.213047593178017
33764.44,RANDOM,10346,3526,697368,0,geod_dist_to_target,34,1.8246709417877804
33764.44,RANDOM,10346,7183,697368,0,geod_dist_to_target,36,1.0074535587474773
33764.44,RANDOM,10346,7183,697368,0,geod_dist_to_target,38,1.0074535587474773
33764.44,RANDOM,10346,7183,697368,0,geod_dist_to_target,40,1.0074535587474773
33764.44,RANDOM,10346,3425,697368,0,geod_dist_to_target,42,1.574472945560964
33764.44,RANDOM,10346,3425,697368,0,geod_dist_to_target,44,1.574472945560964
33764.44,RANDOM,10346,3425,697368,0,geod_dist_to_target,46,1.574472945560964
33764.44,RANDOM,10346,7183,697368,0,geod_dist_to_target,48,1.0074535587474773
33764.44,RANDOM,10346,7183,697368,0,geod_dist_to_target,50,1.0074535587474773
33764.44,RANDOM,10346,7183,697368,0,geod_dist_to_target,55,1.0074535587474773
33764.44,RANDOM,10346,7183,697368,0,geod_dist_to_target,60,1.0074535587474773
33764.44,RANDOM,10346,3526,697368,0,geod_dist_to_target,65,1.8246709417877804
33764.44,RANDOM,10346,3526,697368,0,geod_dist_to_target,70,1.8246709417877804
33764.44,RANDOM,10346,3312,697368,0,geod_dist_to_target,75,1.2594994155835524
33764.44,RANDOM,10346,3312,697368,0,geod_dist_to_target,80,1.2594994155835524
33764.44,RANDOM,10346,3312,697368,0,geod_dist_to_target,85,1.2594994155835524
33764.44,RANDOM,10346,7183,697368,0,geod_dist_to_target,90,1.0074535587474773
33764.44,RANDOM,10346,7183,697368,0,geod_dist_to_target,95,1.0074535587474773
33764.44,RANDOM,10346,7183,697368,0,geod_dist_to_target,100,1.0074535587474773
33764.44,RANDOM,10346,11538,201469,0,geod_dist_to_target,5,3.5492520296107526
33764.44,RANDOM,10346,11538,201469,0,geod_dist_to_target,6,3.5492520296107526
33764.44,RANDOM,10346,616,201469,0,geod_dist_to_target,7,16.0370990636933
33764.44,RANDOM,10346,11539,201469,0,geod_dist_to_target,8,3.6367566895679317
33764.44,RANDOM,10346,11539,201469,0,geod_dist_to_target,9,3.6367566895679317
33764.44,RANDOM,10346,11539,201469,0,geod_dist_to_target,10,3.6367566895679317
33764.44,RANDOM,10346,11539,201469,0,geod_dist_to_target,11,3.6367566895679317
33764.44,RANDOM,10346,11673,201469,0,geod_dist_to_target,12,2.0130458040050723
33764.44,RANDOM,10346,11673,201469,0,geod_dist_to_target,13,2.0130458040050723
33764.44,RANDOM,10346,1381,201469,0,geod_dist_to_target,14,0.24177044035433656
33764.44,RANDOM,10346,1381,201469,0,geod_dist_to_target,15,0.24177044035433656
33764.44,RANDOM,10346,6827,201469,0,geod_dist_to_target,16,0.478541851813261
33764.44,RANDOM,10346,1381,201469,0,geod_dist_to_target,17,0.24177044035433656
33764.44,RANDOM,10346,6827,201469,0,geod_dist_to_target,18,0.478541851813261
33764.44,RANDOM,10346,6827,201469,0,geod_dist_to_target,19,0.478541851813261
33764.44,RANDOM,10346,6827,201469,0,geod_dist_to_target,20,0.478541851813261
33764.44,RANDOM,10346,6678,201469,0,geod_dist_to_target,22,0.8520169248323725
33764.44,RANDOM,10346,6678,201469,0,geod_dist_to_target,24,0.8520169248323725
33764.44,RANDOM,10346,6678,201469,0,geod_dist_to_target,26,0.8520169248323725
33764.44,RANDOM,10346,6678,201469,0,geod_dist_to_target,28,0.8520169248323725
33764.44,RANDOM,10346,6678,201469,0,geod_dist_to_target,30,0.8520169248323725
33764.44,RANDOM,10346,1381,201469,0,geod_dist_to_target,32,0.24177044035433656
33764.44,RANDOM,10346,1381,201469,0,geod_dist_to_target,34,0.24177044035433656
33764.44,RANDOM,10346,1381,201469,0,geod_dist_to_target,36,0.24177044035433656
33764.44,RANDOM,10346,1381,201469,0,geod_dist_to_target,38,0.24177044035433656
33764.44,RANDOM,10346,1381,201469,0,geod_dist_to_target,40,0.24177044035433656
33764.44,RANDOM,10346,1381,201469,0,geod_dist_to_target,42,0.24177044035433656
33764.44,RANDOM,10346,1381,201469,0,geod_dist_to_target,44,0.24177044035433656
33764.44,RANDOM,10346,1381,201469,0,geod_dist_to_target,46,0.24177044035433656
33764.44,RANDOM,10346,1381,201469,0,geod_dist_to_target,48,0.24177044035433656
33764.44,RANDOM,10346,1381,201469,0,geod_dist_to_target,50,0.24177044035433656
33764.44,RANDOM,10346,1381,201469,0,geod_dist_to_target,55,0.24177044035433656
33764.44,RANDOM,10346,1381,201469,0,geod_dist_to_target,60,0.24177044035433656
33764.44,RANDOM,10346,1381,201469,0,geod_dist_to_target,65,0.24177044035433656
33764.44,RANDOM,10346,1381,201469,0,geod_dist_to_target,70,0.24177044035433656
33764.44,RANDOM,10346,1381,201469,0,geod_dist_to_target,75,0.24177044035433656
33764.44,RANDOM,10346,1381,201469,0,geod_dist_to_target,80,0.24177044035433656
33764.44,RANDOM,10346,1381,201469,0,geod_dist_to_target,85,0.24177044035433656
33764.44,RANDOM,10346,1381,201469,0,geod_dist_to_target,90,0.24177044035433656
33764.44,RANDOM,10346,1381,201469,0,geod_dist_to_target,95,0.24177044035433656
33764.44,RANDOM,10346,1381,201469,0,geod_dist_to_target,100,0.24177044035433656
33764.44,RANDOM,10346,8884,94177,0,geod_dist_to_target,5,20.93228473932784
33764.44,RANDOM,10346,353,94177,0,geod_dist_to_target,6,20.067024488091366
33764.44,RANDOM,10346,10885,94177,0,geod_dist_to_target,7,18.966643441065436
33764.44,RANDOM,10346,7812,94177,0,geod_dist_to_target,8,18.483915851296736
33764.44,RANDOM,10346,7812,94177,0,geod_dist_to_target,9,18.483915851296736
33764.44,RANDOM,10346,1342,94177,0,geod_dist_to_target,10,0.196240604520838
33764.44,RANDOM,10346,1342,94177,0,geod_dist_to_target,11,0.196240604520838
33764.44,RANDOM,10346,8711,94177,0,geod_dist_to_target,12,0.8096122752335942
33764.44,RANDOM,10346,8711,94177,0,geod_dist_to_target,13,0.8096122752335942
33764.44,RANDOM,10346,1342,94177,0,geod_dist_to_target,14,0.196240604520838
33764.44,RANDOM,10346,1342,94177,0,geod_dist_to_target,15,0.196240604520838
33764.44,RANDOM,10346,1342,94177,0,geod_dist_to_target,16,0.196240604520838
33764.44,RANDOM,10346,1342,94177,0,geod_dist_to_target,17,0.196240604520838
33764.44,RANDOM,10346,11609,94177,0,geod_dist_to_target,18,0.35877899440829847
33764.44,RANDOM,10346,11609,94177,0,geod_dist_to_target,19,0.35877899440829847
33764.44,RANDOM,10346,11609,94177,0,geod_dist_to_target,20,0.35877899440829847
33764.44,RANDOM,10346,1342,94177,0,geod_dist_to_target,22,0.196240604520838
33764.44,RANDOM,10346,1342,94177,0,geod_dist_to_target,24,0.196240604520838
33764.44,RANDOM,10346,1342,94177,0,geod_dist_to_target,26,0.196240604520838
33764.44,RANDOM,10346,1342,94177,0,geod_dist_to_target,28,0.196240604520838
33764.44,RANDOM,10346,11609,94177,0,geod_dist_to_target,30,0.35877899440829847
33764.44,RANDOM,10346,11609,94177,0,geod_dist_to_target,32,0.35877899440829847
33764.44,RANDOM,10346,11609,94177,0,geod_dist_to_target,34,0.35877899440829847
33764.44,RANDOM,10346,10346,94177,0,geod_dist_to_target,36,0.0
33764.44,RANDOM,10346,10346,94177,0,geod_dist_to_target,38,0.0
33764.44,RANDOM,10346,8711,94177,0,geod_dist_to_target,40,0.8096122752335942
33764.44,RANDOM,10346,8711,94177,0,geod_dist_to_target,42,0.8096122752335942
33764.44,RANDOM,10346,8711,94177,0,geod_dist_to_target,44,0.8096122752335942
33764.44,RANDOM,10346,8711,94177,0,geod_dist_to_target,46,0.8096122752335942
33764.44,RANDOM,10346,1381,94177,0,geod_dist_to_target,48,0.24177044035433656
33764.44,RANDOM,10346,1381,94177,0,geod_dist_to_target,50,0.24177044035433656
33764.44,RANDOM,10346,10346,94177,0,geod_dist_to_target,55,0.0
33764.44,RANDOM,10346,10346,94177,0,geod_dist_to_target,60,0.0
33764.44,RANDOM,10346,10346,94177,0,geod_dist_to_target,65,0.0
33764.44,RANDOM,10346,12482,94177,0,geod_dist_to_target,70,0.5363487259966152
33764.44,RANDOM,10346,10346,94177,0,geod_dist_to_target,75,0.0
33764.44,RANDOM,10346,10346,94177,0,geod_dist_to_target,80,0.0
33764.44,RANDOM,10346,10346,94177,0,geod_dist_to_target,85,0.0
33764.44,RANDOM,10346,10346,94177,0,geod_dist_to_target,90,0.0
33764.44,RANDOM,10346,10346,94177,0,geod_dist_to_target,95,0.0
33764.44,RANDOM,10346,10346,94177,0,geod_dist_to_target,100,0.0
33764.44,ROW-mean-Corr,10346,8041,89250,0,geod_dist_to_target,5,38.650274276602936
33764.44,ROW-mean-Corr,10346,4046,89250,0,geod_dist_to_target,6,7.4521761664666535
33764.44,ROW-mean-Corr,10346,4046,89250,0,geod_dist_to_target,7,7.4521761664666535
33764.44,ROW-mean-Corr,10346,4046,89250,0,geod_dist_to_target,8,7.4521761664666535
33764.44,ROW-mean-Corr,10346,7775,89250,0,geod_dist_to_target,9,5.118152297966147
33764.44,ROW-mean-Corr,10346,7775,89250,0,geod_dist_to_target,10,5.118152297966147
33764.44,ROW-mean-Corr,10346,7775,89250,0,geod_dist_to_target,11,5.118152297966147
33764.44,ROW-mean-Corr,10346,10525,89250,0,geod_dist_to_target,12,3.56558217734843
33764.44,ROW-mean-Corr,10346,10261,89250,0,geod_dist_to_target,13,5.831206983747891
33764.44,ROW-mean-Corr,10346,10261,89250,0,geod_dist_to_target,14,5.831206983747891
33764.44,ROW-mean-Corr,10346,10261,89250,0,geod_dist_to_target,15,5.831206983747891
33764.44,ROW-mean-Corr,10346,10261,89250,0,geod_dist_to_target,16,5.831206983747891
33764.44,ROW-mean-Corr,10346,10525,89250,0,geod_dist_to_target,17,3.56558217734843
33764.44,ROW-mean-Corr,10346,10525,89250,0,geod_dist_to_target,18,3.56558217734843
33764.44,ROW-mean-Corr,10346,7183,89250,0,geod_dist_to_target,19,1.0074535587474773
33764.44,ROW-mean-Corr,10346,7183,89250,0,geod_dist_to_target,20,1.0074535587474773
33764.44,ROW-mean-Corr,10346,10525,89250,0,geod_dist_to_target,22,3.56558217734843
33764.44,ROW-mean-Corr,10346,7183,89250,0,geod_dist_to_target,24,1.0074535587474773
33764.44,ROW-mean-Corr,10346,3312,89250,0,geod_dist_to_target,26,1.2594994155835524
33764.44,ROW-mean-Corr,10346,7183,89250,0,geod_dist_to_target,28,1.0074535587474773
33764.44,ROW-mean-Corr,10346,3312,89250,0,geod_dist_to_target,30,1.2594994155835524
33764.44,ROW-mean-Corr,10346,7183,89250,0,geod_dist_to_target,32,1.0074535587474773
33764.44,ROW-mean-Corr,10346,10346,89250,0,geod_dist_to_target,34,0.0
33764.44,ROW-mean-Corr,10346,10346,89250,0,geod_dist_to_target,36,0.0
33764.44,ROW-mean-Corr,10346,10346,89250,0,geod_dist_to_target,38,0.0
33764.44,ROW-mean-Corr,10346,10346,89250,0,geod_dist_to_target,40,0.0
33764.44,ROW-mean-Corr,10346,6845,89250,0,geod_dist_to_target,42,0.2505287899723362
33764.44,ROW-mean-Corr,10346,6845,89250,0,geod_dist_to_target,44,0.2505287899723362
33764.44,ROW-mean-Corr,10346,6845,89250,0,geod_dist_to_target,46,0.2505287899723362
33764.44,ROW-mean-Corr,10346,6845,89250,0,geod_dist_to_target,48,0.2505287899723362
33764.44,ROW-mean-Corr,10346,6845,89250,0,geod_dist_to_target,50,0.2505287899723362
33764.44,ROW-mean-Corr,10346,3312,89250,0,geod_dist_to_target,55,1.2594994155835524
33764.44,ROW-mean-Corr,10346,6845,89250,0,geod_dist_to_target,60,0.2505287899723362
33764.44,ROW-mean-Corr,10346,6845,89250,0,geod_dist_to_target,65,0.2505287899723362
33764.44,ROW-mean-Corr,10346,6845,89250,0,geod_dist_to_target,70,0.2505287899723362
33764.44,ROW-mean-Corr,10346,6845,89250,0,geod_dist_to_target,75,0.2505287899723362
33764.44,ROW-mean-Corr,10346,6845,89250,0,geod_dist_to_target,80,0.2505287899723362
33764.44,ROW-mean-Corr,10346,6845,89250,0,geod_dist_to_target,85,0.2505287899723362
33764.44,ROW-mean-Corr,10346,6845,89250,0,geod_dist_to_target,90,0.2505287899723362
33764.44,ROW-mean-Corr,10346,6845,89250,0,geod_dist_to_target,95,0.2505287899723362
33764.44,ROW-mean-Corr,10346,10346,89250,0,geod_dist_to_target,100,0.0
33764.44,ROW-mean-Corr,10346,5113,773956,0,geod_dist_to_target,5,3.3299027623845388
33764.44,ROW-mean-Corr,10346,2658,773956,0,geod_dist_to_target,6,8.880094770127686
33764.44,ROW-mean-Corr,10346,2658,773956,0,geod_dist_to_target,7,8.880094770127686
33764.44,ROW-mean-Corr,10346,11124,773956,0,geod_dist_to_target,8,2.7577670629264746
33764.44,ROW-mean-Corr,10346,12562,773956,0,geod_dist_to_target,9,2.2835859095651596
33764.44,ROW-mean-Corr,10346,3312,773956,0,geod_dist_to_target,10,1.2594994155835524
33764.44,ROW-mean-Corr,10346,7183,773956,0,geod_dist_to_target,11,1.0074535587474773
33764.44,ROW-mean-Corr,10346,7183,773956,0,geod_dist_to_target,12,1.0074535587474773
33764.44,ROW-mean-Corr,10346,7183,773956,0,geod_dist_to_target,13,1.0074535587474773
33764.44,ROW-mean-Corr,10346,7183,773956,0,geod_dist_to_target,14,1.0074535587474773
33764.44,ROW-mean-Corr,10346,11606,773956,0,geod_dist_to_target,15,1.2050480948774986
33764.44,ROW-mean-Corr,10346,11606,773956,0,geod_dist_to_target,16,1.2050480948774986
33764.44,ROW-mean-Corr,10346,12482,773956,0,geod_dist_to_target,17,0.5363487259966152
33764.44,ROW-mean-Corr,10346,7183,773956,0,geod_dist_to_target,18,1.0074535587474773
33764.44,ROW-mean-Corr,10346,7183,773956,0,geod_dist_to_target,19,1.0074535587474773
33764.44,ROW-mean-Corr,10346,7183,773956,0,geod_dist_to_target,20,1.0074535587474773
33764.44,ROW-mean-Corr,10346,1191,773956,0,geod_dist_to_target,22,3.229348208790773
33764.44,ROW-mean-Corr,10346,7183,773956,0,geod_dist_to_target,24,1.0074535587474773
33764.44,ROW-mean-Corr,10346,11210,773956,0,geod_dist_to_target,26,1.70729194794039
33764.44,ROW-mean-Corr,10346,7183,773956,0,geod_dist_to_target,28,1.0074535587474773
33764.44,ROW-mean-Corr,10346,7183,773956,0,geod_dist_to_target,30,1.0074535587474773
33764.44,ROW-mean-Corr,10346,11210,773956,0,geod_dist_to_target,32,1.70729194794039
33764.44,ROW-mean-Corr,10346,12482,773956,0,geod_dist_to_target,34,0.5363487259966152
33764.44,ROW-mean-Corr,10346,12482,773956,0,geod_dist_to_target,36,0.5363487259966152
33764.44,ROW-mean-Corr,10346,12482,773956,0,geod_dist_to_target,38,0.5363487259966152
33764.44,ROW-mean-Corr,10346,12482,773956,0,geod_dist_to_target,40,0.5363487259966152
33764.44,ROW-mean-Corr,10346,12482,773956,0,geod_dist_to_target,42,0.5363487259966152
33764.44,ROW-mean-Corr,10346,12482,773956,0,geod_dist_to_target,44,0.5363487259966152
33764.44,ROW-mean-Corr,10346,1381,773956,0,geod_dist_to_target,46,0.24177044035433656
33764.44,ROW-mean-Corr,10346,1381,773956,0,geod_dist_to_target,48,0.24177044035433656
33764.44,ROW-mean-Corr,10346,1381,773956,0,geod_dist_to_target,50,0.24177044035433656
33764.44,ROW-mean-Corr,10346,6824,773956,0,geod_dist_to_target,55,0.557773902280137
33764.44,ROW-mean-Corr,10346,10346,773956,0,geod_dist_to_target,60,0.0
33764.44,ROW-mean-Corr,10346,10346,773956,0,geod_dist_to_target,65,0.0
33764.44,ROW-mean-Corr,10346,10346,773956,0,geod_dist_to_target,70,0.0
33764.44,ROW-mean-Corr,10346,10346,773956,0,geod_dist_to_target,75,0.0
33764.44,ROW-mean-Corr,10346,10346,773956,0,geod_dist_to_target,80,0.0
33764.44,ROW-mean-Corr,10346,10346,773956,0,geod_dist_to_target,85,0.0
33764.44,ROW-mean-Corr,10346,10346,773956,0,geod_dist_to_target,90,0.0
33764.44,ROW-mean-Corr,10346,10346,773956,0,geod_dist_to_target,95,0.0
33764.44,ROW-mean-Corr,10346,10346,773956,0,geod_dist_to_target,100,0.0
33764.44,ROW-mean-Corr,10346,7601,654571,0,geod_dist_to_target,5,4.339634862497537
33764.44,ROW-mean-Corr,10346,1299,654571,0,geod_dist_to_target,6,3.0860217110110497
33764.44,ROW-mean-Corr,10346,1299,654571,0,geod_dist_to_target,7,3.0860217110110497
33764.44,ROW-mean-Corr,10346,12037,654571,0,geod_dist_to_target,8,2.213047593178017
33764.44,ROW-mean-Corr,10346,11124,654571,0,geod_dist_to_target,9,2.7577670629264746
33764.44,ROW-mean-Corr,10346,3425,654571,0,geod_dist_to_target,10,1.574472945560964
33764.44,ROW-mean-Corr,10346,2658,654571,0,geod_dist_to_target,11,8.880094770127686
33764.44,ROW-mean-Corr,10346,7598,654571,0,geod_dist_to_target,12,3.5372957495951005
33764.44,ROW-mean-Corr,10346,7183,654571,0,geod_dist_to_target,13,1.0074535587474773
33764.44,ROW-mean-Corr,10346,7183,654571,0,geod_dist_to_target,14,1.0074535587474773
33764.44,ROW-mean-Corr,10346,7183,654571,0,geod_dist_to_target,15,1.0074535587474773
33764.44,ROW-mean-Corr,10346,7183,654571,0,geod_dist_to_target,16,1.0074535587474773
33764.44,ROW-mean-Corr,10346,7183,654571,0,geod_dist_to_target,17,1.0074535587474773
33764.44,ROW-mean-Corr,10346,7183,654571,0,geod_dist_to_target,18,1.0074535587474773
33764.44,ROW-mean-Corr,10346,7183,654571,0,geod_dist_to_target,19,1.0074535587474773
33764.44,ROW-mean-Corr,10346,7183,654571,0,geod_dist_to_target,20,1.0074535587474773
33764.44,ROW-mean-Corr,10346,7183,654571,0,geod_dist_to_target,22,1.0074535587474773
33764.44,ROW-mean-Corr,10346,7183,654571,0,geod_dist_to_target,24,1.0074535587474773
33764.44,ROW-mean-Corr,10346,7183,654571,0,geod_dist_to_target,26,1.0074535587474773
33764.44,ROW-mean-Corr,10346,7183,654571,0,geod_dist_to_target,28,1.0074535587474773
33764.44,ROW-mean-Corr,10346,3312,654571,0,geod_dist_to_target,30,1.2594994155835524
33764.44,ROW-mean-Corr,10346,7183,654571,0,geod_dist_to_target,32,1.0074535587474773
33764.44,ROW-mean-Corr,10346,3312,654571,0,geod_dist_to_target,34,1.2594994155835524
33764.44,ROW-mean-Corr,10346,3312,654571,0,geod_dist_to_target,36,1.2594994155835524
33764.44,ROW-mean-Corr,10346,3312,654571,0,geod_dist_to_target,38,1.2594994155835524
33764.44,ROW-mean-Corr,10346,3312,654571,0,geod_dist_to_target,40,1.2594994155835524
33764.44,ROW-mean-Corr,10346,3312,654571,0,geod_dist_to_target,42,1.2594994155835524
33764.44,ROW-mean-Corr,10346,3312,654571,0,geod_dist_to_target,44,1.2594994155835524
33764.44,ROW-mean-Corr,10346,3312,654571,0,geod_dist_to_target,46,1.2594994155835524
33764.44,ROW-mean-Corr,10346,3312,654571,0,geod_dist_to_target,48,1.2594994155835524
33764.44,ROW-mean-Corr,10346,3312,654571,0,geod_dist_to_target,50,1.2594994155835524
33764.44,ROW-mean-Corr,10346,3312,654571,0,geod_dist_to_target,55,1.2594994155835524
33764.44,ROW-mean-Corr,10346,3312,654571,0,geod_dist_to_target,60,1.2594994155835524
33764.44,ROW-mean-Corr,10346,3312,654571,0,geod_dist_to_target,65,1.2594994155835524
33764.44,ROW-mean-Corr,10346,6845,654571,0,geod_dist_to_target,70,0.2505287899723362
33764.44,ROW-mean-Corr,10346,6845,654571,0,geod_dist_to_target,75,0.2505287899723362
33764.44,ROW-mean-Corr,10346,6845,654571,0,geod_dist_to_target,80,0.2505287899723362
33764.44,ROW-mean-Corr,10346,6845,654571,0,geod_dist_to_target,85,0.2505287899723362
33764.44,ROW-mean-Corr,10346,6845,654571,0,geod_dist_to_target,90,0.2505287899723362
33764.44,ROW-mean-Corr,10346,6845,654571,0,geod_dist_to_target,95,0.2505287899723362
33764.44,ROW-mean-Corr,10346,6845,654571,0,geod_dist_to_target,100,0.2505287899723362
33764.44,ROW-mean-Corr,10346,142,438878,0,geod_dist_to_target,5,30.442287588044607
33764.44,ROW-mean-Corr,10346,6312,438878,0,geod_dist_to_target,6,1.813055293254733
33764.44,ROW-mean-Corr,10346,11816,438878,0,geod_dist_to_target,7,6.803750173939186
33764.44,ROW-mean-Corr,10346,7887,438878,0,geod_dist_to_target,8,6.129867793570564
33764.44,ROW-mean-Corr,10346,7887,438878,0,geod_dist_to_target,9,6.129867793570564
33764.44,ROW-mean-Corr,10346,7887,438878,0,geod_dist_to_target,10,6.129867793570564
33764.44,ROW-mean-Corr,10346,8486,438878,0,geod_dist_to_target,11,20.874892423301308
33764.44,ROW-mean-Corr,10346,8486,438878,0,geod_dist_to_target,12,20.874892423301308
33764.44,ROW-mean-Corr,10346,8486,438878,0,geod_dist_to_target,13,20.874892423301308
33764.44,ROW-mean-Corr,10346,8486,438878,0,geod_dist_to_target,14,20.874892423301308
33764.44,ROW-mean-Corr,10346,9098,438878,0,geod_dist_to_target,15,14.242789192661244
33764.44,ROW-mean-Corr,10346,7776,438878,0,geod_dist_to_target,16,4.700997707466912
33764.44,ROW-mean-Corr,10346,12131,438878,0,geod_dist_to_target,17,12.594052309402452
33764.44,ROW-mean-Corr,10346,12131,438878,0,geod_dist_to_target,18,12.594052309402452
33764.44,ROW-mean-Corr,10346,7776,438878,0,geod_dist_to_target,19,4.700997707466912
33764.44,ROW-mean-Corr,10346,1381,438878,0,geod_dist_to_target,20,0.24177044035433656
33764.44,ROW-mean-Corr,10346,1381,438878,0,geod_dist_to_target,22,0.24177044035433656
33764.44,ROW-mean-Corr,10346,10346,438878,0,geod_dist_to_target,24,0.0
33764.44,ROW-mean-Corr,10346,10346,438878,0,geod_dist_to_target,26,0.0
33764.44,ROW-mean-Corr,10346,10346,438878,0,geod_dist_to_target,28,0.0
33764.44,ROW-mean-Corr,10346,7776,438878,0,geod_dist_to_target,30,4.700997707466912
33764.44,ROW-mean-Corr,10346,10346,438878,0,geod_dist_to_target,32,0.0
33764.44,ROW-mean-Corr,10346,1381,438878,0,geod_dist_to_target,34,0.24177044035433656
33764.44,ROW-mean-Corr,10346,1381,438878,0,geod_dist_to_target,36,0.24177044035433656
33764.44,ROW-mean-Corr,10346,1381,438878,0,geod_dist_to_target,38,0.24177044035433656
33764.44,ROW-mean-Corr,10346,1381,438878,0,geod_dist_to_target,40,0.24177044035433656
33764.44,ROW-mean-Corr,10346,1381,438878,0,geod_dist_to_target,42,0.24177044035433656
33764.44,ROW-mean-Corr,10346,1381,438878,0,geod_dist_to_target,44,0.24177044035433656
33764.44,ROW-mean-Corr,10346,12482,438878,0,geod_dist_to_target,46,0.5363487259966152
33764.44,ROW-mean-Corr,10346,12482,438878,0,geod_dist_to_target,48,0.5363487259966152
33764.44,ROW-mean-Corr,10346,12482,438878,0,geod_dist_to_target,50,0.5363487259966152
33764.44,ROW-mean-Corr,10346,12482,438878,0,geod_dist_to_target,55,0.5363487259966152
33764.44,ROW-mean-Corr,10346,12482,438878,0,geod_dist_to_target,60,0.5363487259966152
33764.44,ROW-mean-Corr,10346,12482,438878,0,geod_dist_to_target,65,0.5363487259966152
33764.44,ROW-mean-Corr,10346,12482,438878,0,geod_dist_to_target,70,0.5363487259966152
33764.44,ROW-mean-Corr,10346,12482,438878,0,geod_dist_to_target,75,0.5363487259966152
33764.44,ROW-mean-Corr,10346,12482,438878,0,geod_dist_to_target,80,0.5363487259966152
33764.44,ROW-mean-Corr,10346,12482,438878,0,geod_dist_to_target,85,0.5363487259966152
33764.44,ROW-mean-Corr,10346,12482,438878,0,geod_dist_to_target,90,0.5363487259966152
33764.44,ROW-mean-Corr,10346,12482,438878,0,geod_dist_to_target,95,0.5363487259966152
33764.44,ROW-mean-Corr,10346,12482,438878,0,geod_dist_to_target,100,0.5363487259966152
33764.44,ROW-mean-Corr,10346,607,433015,0,geod_dist_to_target,5,9.73691899631323
33764.44,ROW-mean-Corr,10346,12589,433015,0,geod_dist_to_target,6,5.097673804533248
33764.44,ROW-mean-Corr,10346,6417,433015,0,geod_dist_to_target,7,12.039119242146548
33764.44,ROW-mean-Corr,10346,639,433015,0,geod_dist_to_target,8,4.193087900904903
33764.44,ROW-mean-Corr,10346,11249,433015,0,geod_dist_to_target,9,4.9298784093861405
33764.44,ROW-mean-Corr,10346,7173,433015,0,geod_dist_to_target,10,0.9782260660933111
33764.44,ROW-mean-Corr,10346,7173,433015,0,geod_dist_to_target,11,0.9782260660933111
33764.44,ROW-mean-Corr,10346,7173,433015,0,geod_dist_to_target,12,0.9782260660933111
33764.44,ROW-mean-Corr,10346,6823,433015,0,geod_dist_to_target,13,1.3903327991681047
33764.44,ROW-mean-Corr,10346,6629,433015,0,geod_dist_to_target,14,2.4881977960896045
33764.44,ROW-mean-Corr,10346,6629,433015,0,geod_dist_to_target,15,2.4881977960896045
33764.44,ROW-mean-Corr,10346,6629,433015,0,geod_dist_to_target,16,2.4881977960896045
33764.44,ROW-mean-Corr,10346,6629,433015,0,geod_dist_to_target,17,2.4881977960896045
33764.44,ROW-mean-Corr,10346,1659,433015,0,geod_dist_to_target,18,1.7682661985343717
33764.44,ROW-mean-Corr,10346,6629,433015,0,geod_dist_to_target,19,2.4881977960896045
33764.44,ROW-mean-Corr,10346,10583,433015,0,geod_dist_to_target,20,2.158070028103252
33764.44,ROW-mean-Corr,10346,866,433015,0,geod_dist_to_target,22,1.0405055557754317
33764.44,ROW-mean-Corr,10346,866,433015,0,geod_dist_to_target,24,1.0405055557754317
33764.44,ROW-mean-Corr,10346,866,433015,0,geod_dist_to_target,26,1.0405055557754317
33764.44,ROW-mean-Corr,10346,866,433015,0,geod_dist_to_target,28,1.0405055557754317
33764.44,ROW-mean-Corr,10346,866,433015,0,geod_dist_to_target,30,1.0405055557754317
33764.44,ROW-mean-Corr,10346,866,433015,0,geod_dist_to_target,32,1.0405055557754317
33764.44,ROW-mean-Corr,10346,1381,433015,0,geod_dist_to_target,34,0.24177044035433656
33764.44,ROW-mean-Corr,10346,1381,433015,0,geod_dist_to_target,36,0.24177044035433656
33764.44,ROW-mean-Corr,10346,1381,433015,0,geod_dist_to_target,38,0.24177044035433656
33764.44,ROW-mean-Corr,10346,1381,433015,0,geod_dist_to_target,40,0.24177044035433656
33764.44,ROW-mean-Corr,10346,1381,433015,0,geod_dist_to_target,42,0.24177044035433656
33764.44,ROW-mean-Corr,10346,1381,433015,0,geod_dist_to_target,44,0.24177044035433656
33764.44,ROW-mean-Corr,10346,1381,433015,0,geod_dist_to_target,46,0.24177044035433656
33764.44,ROW-mean-Corr,10346,1381,433015,0,geod_dist_to_target,48,0.24177044035433656
33764.44,ROW-mean-Corr,10346,1381,433015,0,geod_dist_to_target,50,0.24177044035433656
33764.44,ROW-mean-Corr,10346,1381,433015,0,geod_dist_to_target,55,0.24177044035433656
33764.44,ROW-mean-Corr,10346,1381,433015,0,geod_dist_to_target,60,0.24177044035433656
33764.44,ROW-mean-Corr,10346,1381,433015,0,geod_dist_to_target,65,0.24177044035433656
33764.44,ROW-mean-Corr,10346,1381,433015,0,geod_dist_to_target,70,0.24177044035433656
33764.44,ROW-mean-Corr,10346,1381,433015,0,geod_dist_to_target,75,0.24177044035433656
33764.44,ROW-mean-Corr,10346,12482,433015,0,geod_dist_to_target,80,0.5363487259966152
33764.44,ROW-mean-Corr,10346,1381,433015,0,geod_dist_to_target,85,0.24177044035433656
33764.44,ROW-mean-Corr,10346,1381,433015,0,geod_dist_to_target,90,0.24177044035433656
33764.44,ROW-mean-Corr,10346,1381,433015,0,geod_dist_to_target,95,0.24177044035433656
33764.44,ROW-mean-Corr,10346,1381,433015,0,geod_dist_to_target,100,0.24177044035433656
33764.44,ROW-mean-Corr,10346,2106,858597,0,geod_dist_to_target,5,2.9192241625444098
33764.44,ROW-mean-Corr,10346,7018,858597,0,geod_dist_to_target,6,2.4241166670839647
33764.44,ROW-mean-Corr,10346,6815,858597,0,geod_dist_to_target,7,1.1340266233615488
33764.44,ROW-mean-Corr,10346,6815,858597,0,geod_dist_to_target,8,1.1340266233615488
33764.44,ROW-mean-Corr,10346,6815,858597,0,geod_dist_to_target,9,1.1340266233615488
33764.44,ROW-mean-Corr,10346,6729,858597,0,geod_dist_to_target,10,14.148899044554474
33764.44,ROW-mean-Corr,10346,4342,858597,0,geod_dist_to_target,11,20.119288791967985
33764.44,ROW-mean-Corr,10346,7173,858597,0,geod_dist_to_target,12,0.9782260660933111
33764.44,ROW-mean-Corr,10346,866,858597,0,geod_dist_to_target,13,1.0405055557754317
33764.44,ROW-mean-Corr,10346,866,858597,0,geod_dist_to_target,14,1.0405055557754317
33764.44,ROW-mean-Corr,10346,6678,858597,0,geod_dist_to_target,15,0.8520169248323725
33764.44,ROW-mean-Corr,10346,12429,858597,0,geod_dist_to_target,16,1.1520433524015585
33764.44,ROW-mean-Corr,10346,6678,858597,0,geod_dist_to_target,17,0.8520169248323725
33764.44,ROW-mean-Corr,10346,6678,858597,0,geod_dist_to_target,18,0.8520169248323725
33764.44,ROW-mean-Corr,10346,6678,858597,0,geod_dist_to_target,19,0.8520169248323725
33764.44,ROW-mean-Corr,10346,6678,858597,0,geod_dist_to_target,20,0.8520169248323725
33764.44,ROW-mean-Corr,10346,6678,858597,0,geod_dist_to_target,22,0.8520169248323725
33764.44,ROW-mean-Corr,10346,6827,858597,0,geod_dist_to_target,24,0.478541851813261
33764.44,ROW-mean-Corr,10346,6827,858597,0,geod_dist_to_target,26,0.478541851813261
33764.44,ROW-mean-Corr,10346,6827,858597,0,geod_dist_to_target,28,0.478541851813261
33764.44,ROW-mean-Corr,10346,6824,858597,0,geod_dist_to_target,30,0.557773902280137
33764.44,ROW-mean-Corr,10346,6824,858597,0,geod_dist_to_target,32,0.557773902280137
33764.44,ROW-mean-Corr,10346,6824,858597,0,geod_dist_to_target,34,0.557773902280137
33764.44,ROW-mean-Corr,10346,6824,858597,0,geod_dist_to_target,36,0.557773902280137
33764.44,ROW-mean-Corr,10346,6827,858597,0,geod_dist_to_target,38,0.478541851813261
33764.44,ROW-mean-Corr,10346,6824,858597,0,geod_dist_to_target,40,0.557773902280137
33764.44,ROW-mean-Corr,10346,6824,858597,0,geod_dist_to_target,42,0.557773902280137
33764.44,ROW-mean-Corr,10346,6827,858597,0,geod_dist_to_target,44,0.478541851813261
33764.44,ROW-mean-Corr,10346,10346,858597,0,geod_dist_to_target,46,0.0
33764.44,ROW-mean-Corr,10346,10346,858597,0,geod_dist_to_target,48,0.0
33764.44,ROW-mean-Corr,10346,6827,858597,0,geod_dist_to_target,50,0.478541851813261
33764.44,ROW-mean-Corr,10346,10346,858597,0,geod_dist_to_target,55,0.0
33764.44,ROW-mean-Corr,10346,10346,858597,0,geod_dist_to_target,60,0.0
33764.44,ROW-mean-Corr,10346,10346,858597,0,geod_dist_to_target,65,0.0
33764.44,ROW-mean-Corr,10346,10346,858597,0,geod_dist_to_target,70,0.0
33764.44,ROW-mean-Corr,10346,10346,858597,0,geod_dist_to_target,75,0.0
33764.44,ROW-mean-Corr,10346,10346,858597,0,geod_dist_to_target,80,0.0
33764.44,ROW-mean-Corr,10346,10346,858597,0,geod_dist_to_target,85,0.0
33764.44,ROW-mean-Corr,10346,10346,858597,0,geod_dist_to_target,90,0.0
33764.44,ROW-mean-Corr,10346,10346,858597,0,geod_dist_to_target,95,0.0
33764.44,ROW-mean-Corr,10346,10346,858597,0,geod_dist_to_target,100,0.0
33764.44,ROW-mean-Corr,10346,7748,85945,0,geod_dist_to_target,5,4.639750872071974
33764.44,ROW-mean-Corr,10346,3839,85945,0,geod_dist_to_target,6,46.71655170638248
33764.44,ROW-mean-Corr,10346,1739,85945,0,geod_dist_to_target,7,48.479984312187746
33764.44,ROW-mean-Corr,10346,1492,85945,0,geod_dist_to_target,8,44.68012930357947
33764.44,ROW-mean-Corr,10346,1091,85945,0,geod_dist_to_target,9,5.044471386493396
33764.44,ROW-mean-Corr,10346,7025,85945,0,geod_dist_to_target,10,0.6488368771282121
33764.44,ROW-mean-Corr,10346,7025,85945,0,geod_dist_to_target,11,0.6488368771282121
33764.44,ROW-mean-Corr,10346,7025,85945,0,geod_dist_to_target,12,0.6488368771282121
33764.44,ROW-mean-Corr,10346,1268,85945,0,geod_dist_to_target,13,0.37665875645474234
33764.44,ROW-mean-Corr,10346,1268,85945,0,geod_dist_to_target,14,0.37665875645474234
33764.44,ROW-mean-Corr,10346,2618,85945,0,geod_dist_to_target,15,0.9646708653390038
33764.44,ROW-mean-Corr,10346,2618,85945,0,geod_dist_to_target,16,0.9646708653390038
33764.44,ROW-mean-Corr,10346,2618,85945,0,geod_dist_to_target,17,0.9646708653390038
33764.44,ROW-mean-Corr,10346,549,85945,0,geod_dist_to_target,18,0.8468658881118296
33764.44,ROW-mean-Corr,10346,48,85945,0,geod_dist_to_target,19,0.846437651395825
33764.44,ROW-mean-Corr,10346,48,85945,0,geod_dist_to_target,20,0.846437651395825
33764.44,ROW-mean-Corr,10346,48,85945,0,geod_dist_to_target,22,0.846437651395825
33764.44,ROW-mean-Corr,10346,1268,85945,0,geod_dist_to_target,24,0.37665875645474234
33764.44,ROW-mean-Corr,10346,1268,85945,0,geod_dist_to_target,26,0.37665875645474234
33764.44,ROW-mean-Corr,10346,2618,85945,0,geod_dist_to_target,28,0.9646708653390038
33764.44,ROW-mean-Corr,10346,1268,85945,0,geod_dist_to_target,30,0.37665875645474234
33764.44,ROW-mean-Corr,10346,1268,85945,0,geod_dist_to_target,32,0.37665875645474234
33764.44,ROW-mean-Corr,10346,1268,85945,0,geod_dist_to_target,34,0.37665875645474234
33764.44,ROW-mean-Corr,10346,7202,85945,0,geod_dist_to_target,36,0.8209300398068843
33764.44,ROW-mean-Corr,10346,7202,85945,0,geod_dist_to_target,38,0.8209300398068843
33764.44,ROW-mean-Corr,10346,7202,85945,0,geod_dist_to_target,40,0.8209300398068843
33764.44,ROW-mean-Corr,10346,573,85945,0,geod_dist_to_target,42,0.43094694190624044
33764.44,ROW-mean-Corr,10346,573,85945,0,geod_dist_to_target,44,0.43094694190624044
33764.44,ROW-mean-Corr,10346,1342,85945,0,geod_dist_to_target,46,0.196240604520838
33764.44,ROW-mean-Corr,10346,1342,85945,0,geod_dist_to_target,48,0.196240604520838
33764.44,ROW-mean-Corr,10346,6845,85945,0,geod_dist_to_target,50,0.2505287899723362
33764.44,ROW-mean-Corr,10346,6845,85945,0,geod_dist_to_target,55,0.2505287899723362
33764.44,ROW-mean-Corr,10346,10346,85945,0,geod_dist_to_target,60,0.0
33764.44,ROW-mean-Corr,10346,10346,85945,0,geod_dist_to_target,65,0.0
33764.44,ROW-mean-Corr,10346,6845,85945,0,geod_dist_to_target,70,0.2505287899723362
33764.44,ROW-mean-Corr,10346,6845,85945,0,geod_dist_to_target,75,0.2505287899723362
33764.44,ROW-mean-Corr,10346,6845,85945,0,geod_dist_to_target,80,0.2505287899723362
33764.44,ROW-mean-Corr,10346,6845,85945,0,geod_dist_to_target,85,0.2505287899723362
33764.44,ROW-mean-Corr,10346,6845,85945,0,geod_dist_to_target,90,0.2505287899723362
33764.44,ROW-mean-Corr,10346,6845,85945,0,geod_dist_to_target,95,0.2505287899723362
33764.44,ROW-mean-Corr,10346,6845,85945,0,geod_dist_to_target,100,0.2505287899723362
33764.44,ROW-mean-Corr,10346,11534,697368,0,geod_dist_to_target,5,1.975202950840998
33764.44,ROW-mean-Corr,10346,7774,697368,0,geod_dist_to_target,6,4.325212737399709
33764.44,ROW-mean-Corr,10346,7774,697368,0,geod_dist_to_target,7,4.325212737399709
33764.44,ROW-mean-Corr,10346,7500,697368,0,geod_dist_to_target,8,3.1855913520652606
33764.44,ROW-mean-Corr,10346,10525,697368,0,geod_dist_to_target,9,3.56558217734843
33764.44,ROW-mean-Corr,10346,10525,697368,0,geod_dist_to_target,10,3.56558217734843
33764.44,ROW-mean-Corr,10346,1396,697368,0,geod_dist_to_target,11,0.499481213365009
33764.44,ROW-mean-Corr,10346,12482,697368,0,geod_dist_to_target,12,0.5363487259966152
33764.44,ROW-mean-Corr,10346,12482,697368,0,geod_dist_to_target,13,0.5363487259966152
33764.44,ROW-mean-Corr,10346,12482,697368,0,geod_dist_to_target,14,0.5363487259966152
33764.44,ROW-mean-Corr,10346,12482,697368,0,geod_dist_to_target,15,0.5363487259966152
33764.44,ROW-mean-Corr,10346,12482,697368,0,geod_dist_to_target,16,0.5363487259966152
33764.44,ROW-mean-Corr,10346,12482,697368,0,geod_dist_to_target,17,0.5363487259966152
33764.44,ROW-mean-Corr,10346,12482,697368,0,geod_dist_to_target,18,0.5363487259966152
33764.44,ROW-mean-Corr,10346,1381,697368,0,geod_dist_to_target,19,0.24177044035433656
33764.44,ROW-mean-Corr,10346,1381,697368,0,geod_dist_to_target,20,0.24177044035433656
33764.44,ROW-mean-Corr,10346,1381,697368,0,geod_dist_to_target,22,0.24177044035433656
33764.44,ROW-mean-Corr,10346,1381,697368,0,geod_dist_to_target,24,0.24177044035433656
33764.44,ROW-mean-Corr,10346,1381,697368,0,geod_dist_to_target,26,0.24177044035433656
33764.44,ROW-mean-Corr,10346,1381,697368,0,geod_dist_to_target,28,0.24177044035433656
33764.44,ROW-mean-Corr,10346,10346,697368,0,geod_dist_to_target,30,0.0
33764.44,ROW-mean-Corr,10346,10346,697368,0,geod_dist_to_target,32,0.0
33764.44,ROW-mean-Corr,10346,10346,697368,0,geod_dist_to_target,34,0.0
33764.44,ROW-mean-Corr,10346,10346,697368,0,geod_dist_to_target,36,0.0
33764.44,ROW-mean-Corr,10346,10346,697368,0,geod_dist_to_target,38,0.0
33764.44,ROW-mean-Corr,10346,10346,697368,0,geod_dist_to_target,40,0.0
33764.44,ROW-mean-Corr,10346,10346,697368,0,geod_dist_to_target,42,0.0
33764.44,ROW-mean-Corr,10346,10346,697368,0,geod_dist_to_target,44,0.0
33764.44,ROW-mean-Corr,10346,10346,697368,0,geod_dist_to_target,46,0.0
33764.44,ROW-mean-Corr,10346,10346,697368,0,geod_dist_to_target,48,0.0
33764.44,ROW-mean-Corr,10346,10346,697368,0,geod_dist_to_target,50,0.0
33764.44,ROW-mean-Corr,10346,10346,697368,0,geod_dist_to_target,55,0.0
33764.44,ROW-mean-Corr,10346,10346,697368,0,geod_dist_to_target,60,0.0
33764.44,ROW-mean-Corr,10346,10346,697368,0,geod_dist_to_target,65,0.0
33764.44,ROW-mean-Corr,10346,6827,697368,0,geod_dist_to_target,70,0.478541851813261
33764.44,ROW-mean-Corr,10346,6827,697368,0,geod_dist_to_target,75,0.478541851813261
33764.44,ROW-mean-Corr,10346,10346,697368,0,geod_dist_to_target,80,0.0
33764.44,ROW-mean-Corr,10346,10346,697368,0,geod_dist_to_target,85,0.0
33764.44,ROW-mean-Corr,10346,10346,697368,0,geod_dist_to_target,90,0.0
33764.44,ROW-mean-Corr,10346,10346,697368,0,geod_dist_to_target,95,0.0
33764.44,ROW-mean-Corr,10346,10346,697368,0,geod_dist_to_target,100,0.0
33764.44,ROW-mean-Corr,10346,6833,201469,0,geod_dist_to_target,5,12.535301584713428
33764.44,ROW-mean-Corr,10346,7184,201469,0,geod_dist_to_target,6,1.613607000031002
33764.44,ROW-mean-Corr,10346,7184,201469,0,geod_dist_to_target,7,1.613607000031002
33764.44,ROW-mean-Corr,10346,7017,201469,0,geod_dist_to_target,8,2.0957114088013906
33764.44,ROW-mean-Corr,10346,7017,201469,0,geod_dist_to_target,9,2.0957114088013906
33764.44,ROW-mean-Corr,10346,2646,201469,0,geod_dist_to_target,10,21.126909550836288
33764.44,ROW-mean-Corr,10346,2646,201469,0,geod_dist_to_target,11,21.126909550836288
33764.44,ROW-mean-Corr,10346,9093,201469,0,geod_dist_to_target,12,15.36897971324309
33764.44,ROW-mean-Corr,10346,9093,201469,0,geod_dist_to_target,13,15.36897971324309
33764.44,ROW-mean-Corr,10346,9093,201469,0,geod_dist_to_target,14,15.36897971324309
33764.44,ROW-mean-Corr,10346,8060,201469,0,geod_dist_to_target,15,13.900735551222994
33764.44,ROW-mean-Corr,10346,7016,201469,0,geod_dist_to_target,16,1.7610929470651626
33764.44,ROW-mean-Corr,10346,7016,201469,0,geod_dist_to_target,17,1.7610929470651626
33764.44,ROW-mean-Corr,10346,6824,201469,0,geod_dist_to_target,18,0.557773902280137
33764.44,ROW-mean-Corr,10346,7016,201469,0,geod_dist_to_target,19,1.7610929470651626
33764.44,ROW-mean-Corr,10346,866,201469,0,geod_dist_to_target,20,1.0405055557754317
33764.44,ROW-mean-Corr,10346,866,201469,0,geod_dist_to_target,22,1.0405055557754317
33764.44,ROW-mean-Corr,10346,2144,201469,0,geod_dist_to_target,24,1.2810762186919213
33764.44,ROW-mean-Corr,10346,6823,201469,0,geod_dist_to_target,26,1.3903327991681047
33764.44,ROW-mean-Corr,10346,6823,201469,0,geod_dist_to_target,28,1.3903327991681047
33764.44,ROW-mean-Corr,10346,2144,201469,0,geod_dist_to_target,30,1.2810762186919213
33764.44,ROW-mean-Corr,10346,2144,201469,0,geod_dist_to_target,32,1.2810762186919213
33764.44,ROW-mean-Corr,10346,2144,201469,0,geod_dist_to_target,34,1.2810762186919213
33764.44,ROW-mean-Corr,10346,6678,201469,0,geod_dist_to_target,36,0.8520169248323725
33764.44,ROW-mean-Corr,10346,6678,201469,0,geod_dist_to_target,38,0.8520169248323725
33764.44,ROW-mean-Corr,10346,6678,201469,0,geod_dist_to_target,40,0.8520169248323725
33764.44,ROW-mean-Corr,10346,6678,201469,0,geod_dist_to_target,42,0.8520169248323725
33764.44,ROW-mean-Corr,10346,6678,201469,0,geod_dist_to_target,44,0.8520169248323725
33764.44,ROW-mean-Corr,10346,6678,201469,0,geod_dist_to_target,46,0.8520169248323725
33764.44,ROW-mean-Corr,10346,6678,201469,0,geod_dist_to_target,48,0.8520169248323725
33764.44,ROW-mean-Corr,10346,6678,201469,0,geod_dist_to_target,50,0.8520169248323725
33764.44,ROW-mean-Corr,10346,6678,201469,0,geod_dist_to_target,55,0.8520169248323725
33764.44,ROW-mean-Corr,10346,6678,201469,0,geod_dist_to_target,60,0.8520169248323725
33764.44,ROW-mean-Corr,10346,6678,201469,0,geod_dist_to_target,65,0.8520169248323725
33764.44,ROW-mean-Corr,10346,6678,201469,0,geod_dist_to_target,70,0.8520169248323725
33764.44,ROW-mean-Corr,10346,6678,201469,0,geod_dist_to_target,75,0.8520169248323725
33764.44,ROW-mean-Corr,10346,6678,201469,0,geod_dist_to_target,80,0.8520169248323725
33764.44,ROW-mean-Corr,10346,6678,201469,0,geod_dist_to_target,85,0.8520169248323725
33764.44,ROW-mean-Corr,10346,6678,201469,0,geod_dist_to_target,90,0.8520169248323725
33764.44,ROW-mean-Corr,10346,6678,201469,0,geod_dist_to_target,95,0.8520169248323725
33764.44,ROW-mean-Corr,10346,6827,201469,0,geod_dist_to_target,100,0.478541851813261
33764.44,ROW-mean-Corr,10346,4489,94177,0,geod_dist_to_target,5,42.7699236903843
33764.44,ROW-mean-Corr,10346,10769,94177,0,geod_dist_to_target,6,5.262409968514178
33764.44,ROW-mean-Corr,10346,12589,94177,0,geod_dist_to_target,7,5.097673804533248
33764.44,ROW-mean-Corr,10346,6527,94177,0,geod_dist_to_target,8,1.9627390191032272
33764.44,ROW-mean-Corr,10346,9293,94177,0,geod_dist_to_target,9,15.969640270244943
33764.44,ROW-mean-Corr,10346,6845,94177,0,geod_dist_to_target,10,0.2505287899723362
33764.44,ROW-mean-Corr,10346,12482,94177,0,geod_dist_to_target,11,0.5363487259966152
33764.44,ROW-mean-Corr,10346,12482,94177,0,geod_dist_to_target,12,0.5363487259966152
33764.44,ROW-mean-Corr,10346,1342,94177,0,geod_dist_to_target,13,0.196240604520838
33764.44,ROW-mean-Corr,10346,1342,94177,0,geod_dist_to_target,14,0.196240604520838
33764.44,ROW-mean-Corr,10346,12482,94177,0,geod_dist_to_target,15,0.5363487259966152
33764.44,ROW-mean-Corr,10346,10346,94177,0,geod_dist_to_target,16,0.0
33764.44,ROW-mean-Corr,10346,12482,94177,0,geod_dist_to_target,17,0.5363487259966152
33764.44,ROW-mean-Corr,10346,10346,94177,0,geod_dist_to_target,18,0.0
33764.44,ROW-mean-Corr,10346,12482,94177,0,geod_dist_to_target,19,0.5363487259966152
33764.44,ROW-mean-Corr,10346,12482,94177,0,geod_dist_to_target,20,0.5363487259966152
33764.44,ROW-mean-Corr,10346,6827,94177,0,geod_dist_to_target,22,0.478541851813261
33764.44,ROW-mean-Corr,10346,6827,94177,0,geod_dist_to_target,24,0.478541851813261
33764.44,ROW-mean-Corr,10346,1381,94177,0,geod_dist_to_target,26,0.24177044035433656
33764.44,ROW-mean-Corr,10346,1381,94177,0,geod_dist_to_target,28,0.24177044035433656
33764.44,ROW-mean-Corr,10346,1381,94177,0,geod_dist_to_target,30,0.24177044035433656
33764.44,ROW-mean-Corr,10346,6824,94177,0,geod_dist_to_target,32,0.557773902280137
33764.44,ROW-mean-Corr,10346,6824,94177,0,geod_dist_to_target,34,0.557773902280137
33764.44,ROW-mean-Corr,10346,6824,94177,0,geod_dist_to_target,36,0.557773902280137
33764.44,ROW-mean-Corr,10346,10346,94177,0,geod_dist_to_target,38,0.0
33764.44,ROW-mean-Corr,10346,6824,94177,0,geod_dist_to_target,40,0.557773902280137
33764.44,ROW-mean-Corr,10346,1381,94177,0,geod_dist_to_target,42,0.24177044035433656
33764.44,ROW-mean-Corr,10346,6824,94177,0,geod_dist_to_target,44,0.557773902280137
33764.44,ROW-mean-Corr,10346,6824,94177,0,geod_dist_to_target,46,0.557773902280137
33764.44,ROW-mean-Corr,10346,6824,94177,0,geod_dist_to_target,48,0.557773902280137
33764.44,ROW-mean-Corr,10346,6824,94177,0,geod_dist_to_target,50,0.557773902280137
33764.44,ROW-mean-Corr,10346,6824,94177,0,geod_dist_to_target,55,0.557773902280137
33764.44,ROW-mean-Corr,10346,6827,94177,0,geod_dist_to_target,60,0.478541851813261
33764.44,ROW-mean-Corr,10346,6827,94177,0,geod_dist_to_target,65,0.478541851813261
33764.44,ROW-mean-Corr,10346,10346,94177,0,geod_dist_to_target,70,0.0
33764.44,ROW-mean-Corr,10346,10346,94177,0,geod_dist_to_target,75,0.0
33764.44,ROW-mean-Corr,10346,10346,94177,0,geod_dist_to_target,80,0.0
33764.44,ROW-mean-Corr,10346,10346,94177,0,geod_dist_to_target,85,0.0
33764.44,ROW-mean-Corr,10346,10346,94177,0,geod_dist_to_target,90,0.0
33764.44,ROW-mean-Corr,10346,10346,94177,0,geod_dist_to_target,95,0.0
33764.44,ROW-mean-Corr,10346,10346,94177,0,geod_dist_to_target,100,0.0
33764.44,ROW-max-Corr,10346,2644,89250,0,geod_dist_to_target,5,14.999407159998762
33764.44,ROW-max-Corr,10346,3773,89250,0,geod_dist_to_target,6,15.7566304978449
33764.44,ROW-max-Corr,10346,9111,89250,0,geod_dist_to_target,7,14.863928343153304
33764.44,ROW-max-Corr,10346,5426,89250,0,geod_dist_to_target,8,15.688443105254422
33764.44,ROW-max-Corr,10346,1126,89250,0,geod_dist_to_target,9,18.322139323599345
33764.44,ROW-max-Corr,10346,3312,89250,0,geod_dist_to_target,10,1.2594994155835524
33764.44,ROW-max-Corr,10346,3312,89250,0,geod_dist_to_target,11,1.2594994155835524
33764.44,ROW-max-Corr,10346,3312,89250,0,geod_dist_to_target,12,1.2594994155835524
33764.44,ROW-max-Corr,10346,3312,89250,0,geod_dist_to_target,13,1.2594994155835524
33764.44,ROW-max-Corr,10346,3312,89250,0,geod_dist_to_target,14,1.2594994155835524
33764.44,ROW-max-Corr,10346,3312,89250,0,geod_dist_to_target,15,1.2594994155835524
33764.44,ROW-max-Corr,10346,3312,89250,0,geod_dist_to_target,16,1.2594994155835524
33764.44,ROW-max-Corr,10346,3312,89250,0,geod_dist_to_target,17,1.2594994155835524
33764.44,ROW-max-Corr,10346,3312,89250,0,geod_dist_to_target,18,1.2594994155835524
33764.44,ROW-max-Corr,10346,3312,89250,0,geod_dist_to_target,19,1.2594994155835524
33764.44,ROW-max-Corr,10346,3312,89250,0,geod_dist_to_target,20,1.2594994155835524
33764.44,ROW-max-Corr,10346,3526,89250,0,geod_dist_to_target,22,1.8246709417877804
33764.44,ROW-max-Corr,10346,11210,89250,0,geod_dist_to_target,24,1.70729194794039
33764.44,ROW-max-Corr,10346,11210,89250,0,geod_dist_to_target,26,1.70729194794039
33764.44,ROW-max-Corr,10346,12037,89250,0,geod_dist_to_target,28,2.213047593178017
33764.44,ROW-max-Corr,10346,12037,89250,0,geod_dist_to_target,30,2.213047593178017
33764.44,ROW-max-Corr,10346,12037,89250,0,geod_dist_to_target,32,2.213047593178017
33764.44,ROW-max-Corr,10346,12037,89250,0,geod_dist_to_target,34,2.213047593178017
33764.44,ROW-max-Corr,10346,3526,89250,0,geod_dist_to_target,36,1.8246709417877804
33764.44,ROW-max-Corr,10346,3526,89250,0,geod_dist_to_target,38,1.8246709417877804
33764.44,ROW-max-Corr,10346,3425,89250,0,geod_dist_to_target,40,1.574472945560964
33764.44,ROW-max-Corr,10346,3425,89250,0,geod_dist_to_target,42,1.574472945560964
33764.44,ROW-max-Corr,10346,3425,89250,0,geod_dist_to_target,44,1.574472945560964
33764.44,ROW-max-Corr,10346,12482,89250,0,geod_dist_to_target,46,0.5363487259966152
33764.44,ROW-max-Corr,10346,12482,89250,0,geod_dist_to_target,48,0.5363487259966152
33764.44,ROW-max-Corr,10346,12482,89250,0,geod_dist_to_target,50,0.5363487259966152
33764.44,ROW-max-Corr,10346,12482,89250,0,geod_dist_to_target,55,0.5363487259966152
33764.44,ROW-max-Corr,10346,12482,89250,0,geod_dist_to_target,60,0.5363487259966152
33764.44,ROW-max-Corr,10346,12482,89250,0,geod_dist_to_target,65,0.5363487259966152
33764.44,ROW-max-Corr,10346,12482,89250,0,geod_dist_to_target,70,0.5363487259966152
33764.44,ROW-max-Corr,10346,10346,89250,0,geod_dist_to_target,75,0.0
33764.44,ROW-max-Corr,10346,10346,89250,0,geod_dist_to_target,80,0.0
33764.44,ROW-max-Corr,10346,10346,89250,0,geod_dist_to_target,85,0.0
33764.44,ROW-max-Corr,10346,10346,89250,0,geod_dist_to_target,90,0.0
33764.44,ROW-max-Corr,10346,10346,89250,0,geod_dist_to_target,95,0.0
33764.44,ROW-max-Corr,10346,10346,89250,0,geod_dist_to_target,100,0.0
33764.44,ROW-max-Corr,10346,1802,773956,0,geod_dist_to_target,5,2.840091993884633
33764.44,ROW-max-Corr,10346,3312,773956,0,geod_dist_to_target,6,1.2594994155835524
33764.44,ROW-max-Corr,10346,3312,773956,0,geod_dist_to_target,7,1.2594994155835524
33764.44,ROW-max-Corr,10346,7183,773956,0,geod_dist_to_target,8,1.0074535587474773
33764.44,ROW-max-Corr,10346,3312,773956,0,geod_dist_to_target,9,1.2594994155835524
33764.44,ROW-max-Corr,10346,11081,773956,0,geod_dist_to_target,10,13.280248288924684
33764.44,ROW-max-Corr,10346,3417,773956,0,geod_dist_to_target,11,12.970820843686445
33764.44,ROW-max-Corr,10346,7183,773956,0,geod_dist_to_target,12,1.0074535587474773
33764.44,ROW-max-Corr,10346,7183,773956,0,geod_dist_to_target,13,1.0074535587474773
33764.44,ROW-max-Corr,10346,7183,773956,0,geod_dist_to_target,14,1.0074535587474773
33764.44,ROW-max-Corr,10346,3526,773956,0,geod_dist_to_target,15,1.8246709417877804
33764.44,ROW-max-Corr,10346,3526,773956,0,geod_dist_to_target,16,1.8246709417877804
33764.44,ROW-max-Corr,10346,3526,773956,0,geod_dist_to_target,17,1.8246709417877804
33764.44,ROW-max-Corr,10346,11210,773956,0,geod_dist_to_target,18,1.70729194794039
33764.44,ROW-max-Corr,10346,11210,773956,0,geod_dist_to_target,19,1.70729194794039
33764.44,ROW-max-Corr,10346,11210,773956,0,geod_dist_to_target,20,1.70729194794039
33764.44,ROW-max-Corr,10346,12037,773956,0,geod_dist_to_target,22,2.213047593178017
33764.44,ROW-max-Corr,10346,12037,773956,0,geod_dist_to_target,24,2.213047593178017
33764.44,ROW-max-Corr,10346,12037,773956,0,geod_dist_to_target,26,2.213047593178017
33764.44,ROW-max-Corr,10346,12037,773956,0,geod_dist_to_target,28,2.213047593178017
33764.44,ROW-max-Corr,10346,3526,773956,0,geod_dist_to_target,30,1.8246709417877804
33764.44,ROW-max-Corr,10346,3526,773956,0,geod_dist_to_target,32,1.8246709417877804
33764.44,ROW-max-Corr,10346,3526,773956,0,geod_dist_to_target,34,1.8246709417877804
33764.44,ROW-max-Corr,10346,3526,773956,0,geod_dist_to_target,36,1.8246709417877804
33764.44,ROW-max-Corr,10346,7183,773956,0,geod_dist_to_target,38,1.0074535587474773
33764.44,ROW-max-Corr,10346,7183,773956,0,geod_dist_to_target,40,1.0074535587474773
33764.44,ROW-max-Corr,10346,7183,773956,0,geod_dist_to_target,42,1.0074535587474773
33764.44,ROW-max-Corr,10346,6845,773956,0,geod_dist_to_target,44,0.2505287899723362
33764.44,ROW-max-Corr,10346,6845,773956,0,geod_dist_to_target,46,0.2505287899723362
33764.44,ROW-max-Corr,10346,6845,773956,0,geod_dist_to_target,48,0.2505287899723362
33764.44,ROW-max-Corr,10346,6845,773956,0,geod_dist_to_target,50,0.2505287899723362
33764.44,ROW-max-Corr,10346,6845,773956,0,geod_dist_to_target,55,0.2505287899723362
33764.44,ROW-max-Corr,10346,10346,773956,0,geod_dist_to_target,60,0.0
33764.44,ROW-max-Corr,10346,10346,773956,0,geod_dist_to_target,65,0.0
33764.44,ROW-max-Corr,10346,10346,773956,0,geod_dist_to_target,70,0.0
33764.44,ROW-max-Corr,10346,10346,773956,0,geod_dist_to_target,75,0.0
33764.44,ROW-max-Corr,10346,10346,773956,0,geod_dist_to_target,80,0.0
33764.44,ROW-max-Corr,10346,10346,773956,0,geod_dist_to_target,85,0.0
33764.44,ROW-max-Corr,10346,10346,773956,0,geod_dist_to_target,90,0.0
33764.44,ROW-max-Corr,10346,10346,773956,0,geod_dist_to_target,95,0.0
33764.44,ROW-max-Corr,10346,10346,773956,0,geod_dist_to_target,100,0.0
33764.44,ROW-max-Corr,10346,11313,654571,0,geod_dist_to_target,5,1.6515691829436927
33764.44,ROW-max-Corr,10346,11313,654571,0,geod_dist_to_target,6,1.6515691829436927
33764.44,ROW-max-Corr,10346,3425,654571,0,geod_dist_to_target,7,1.574472945560964
33764.44,ROW-max-Corr,10346,337,654571,0,geod_dist_to_target,8,2.9511602988989654
33764.44,ROW-max-Corr,10346,12037,654571,0,geod_dist_to_target,9,2.213047593178017
33764.44,ROW-max-Corr,10346,12037,654571,0,geod_dist_to_target,10,2.213047593178017
33764.44,ROW-max-Corr,10346,12037,654571,0,geod_dist_to_target,11,2.213047593178017
33764.44,ROW-max-Corr,10346,337,654571,0,geod_dist_to_target,12,2.9511602988989654
33764.44,ROW-max-Corr,10346,7183,654571,0,geod_dist_to_target,13,1.0074535587474773
33764.44,ROW-max-Corr,10346,7183,654571,0,geod_dist_to_target,14,1.0074535587474773
33764.44,ROW-max-Corr,10346,7183,654571,0,geod_dist_to_target,15,1.0074535587474773
33764.44,ROW-max-Corr,10346,12482,654571,0,geod_dist_to_target,16,0.5363487259966152
33764.44,ROW-max-Corr,10346,12482,654571,0,geod_dist_to_target,17,0.5363487259966152
33764.44,ROW-max-Corr,10346,12482,654571,0,geod_dist_to_target,18,0.5363487259966152
33764.44,ROW-max-Corr,10346,12482,654571,0,geod_dist_to_target,19,0.5363487259966152
33764.44,ROW-max-Corr,10346,12482,654571,0,geod_dist_to_target,20,0.5363487259966152
33764.44,ROW-max-Corr,10346,12482,654571,0,geod_dist_to_target,22,0.5363487259966152
33764.44,ROW-max-Corr,10346,12482,654571,0,geod_dist_to_target,24,0.5363487259966152
33764.44,ROW-max-Corr,10346,12482,654571,0,geod_dist_to_target,26,0.5363487259966152
33764.44,ROW-max-Corr,10346,12482,654571,0,geod_dist_to_target,28,0.5363487259966152
33764.44,ROW-max-Corr,10346,12482,654571,0,geod_dist_to_target,30,0.5363487259966152
33764.44,ROW-max-Corr,10346,12482,654571,0,geod_dist_to_target,32,0.5363487259966152
33764.44,ROW-max-Corr,10346,12482,654571,0,geod_dist_to_target,34,0.5363487259966152
33764.44,ROW-max-Corr,10346,12482,654571,0,geod_dist_to_target,36,0.5363487259966152
33764.44,ROW-max-Corr,10346,12482,654571,0,geod_dist_to_target,38,0.5363487259966152
33764.44,ROW-max-Corr,10346,12482,654571,0,geod_dist_to_target,40,0.5363487259966152
33764.44,ROW-max-Corr,10346,12482,654571,0,geod_dist_to_target,42,0.5363487259966152
33764.44,ROW-max-Corr,10346,12482,654571,0,geod_dist_to_target,44,0.5363487259966152
33764.44,ROW-max-Corr,10346,12482,654571,0,geod_dist_to_target,46,0.5363487259966152
33764.44,ROW-max-Corr,10346,12482,654571,0,geod_dist_to_target,48,0.5363487259966152
33764.44,ROW-max-Corr,10346,12482,654571,0,geod_dist_to_target,50,0.5363487259966152
33764.44,ROW-max-Corr,10346,12482,654571,0,geod_dist_to_target,55,0.5363487259966152
33764.44,ROW-max-Corr,10346,12482,654571,0,geod_dist_to_target,60,0.5363487259966152
33764.44,ROW-max-Corr,10346,12482,654571,0,geod_dist_to_target,65,0.5363487259966152
33764.44,ROW-max-Corr,10346,10346,654571,0,geod_dist_to_target,70,0.0
33764.44,ROW-max-Corr,10346,10346,654571,0,geod_dist_to_target,75,0.0
33764.44,ROW-max-Corr,10346,10346,654571,0,geod_dist_to_target,80,0.0
33764.44,ROW-max-Corr,10346,10346,654571,0,geod_dist_to_target,85,0.0
33764.44,ROW-max-Corr,10346,10346,654571,0,geod_dist_to_target,90,0.0
33764.44,ROW-max-Corr,10346,10346,654571,0,geod_dist_to_target,95,0.0
33764.44,ROW-max-Corr,10346,10346,654571,0,geod_dist_to_target,100,0.0
33764.44,ROW-max-Corr,10346,207,438878,0,geod_dist_to_target,5,17.154835835030422
33764.44,ROW-max-Corr,10346,7991,438878,0,geod_dist_to_target,6,17.76558290251691
33764.44,ROW-max-Corr,10346,6824,438878,0,geod_dist_to_target,7,0.557773902280137
33764.44,ROW-max-Corr,10346,6827,438878,0,geod_dist_to_target,8,0.478541851813261
33764.44,ROW-max-Corr,10346,6827,438878,0,geod_dist_to_target,9,0.478541851813261
33764.44,ROW-max-Corr,10346,6827,438878,0,geod_dist_to_target,10,0.478541851813261
33764.44,ROW-max-Corr,10346,6827,438878,0,geod_dist_to_target,11,0.478541851813261
33764.44,ROW-max-Corr,10346,6824,438878,0,geod_dist_to_target,12,0.557773902280137
33764.44,ROW-max-Corr,10346,12445,438878,0,geod_dist_to_target,13,0.49182618423787233
33764.44,ROW-max-Corr,10346,6824,438878,0,geod_dist_to_target,14,0.557773902280137
33764.44,ROW-max-Corr,10346,6824,438878,0,geod_dist_to_target,15,0.557773902280137
33764.44,ROW-max-Corr,10346,6824,438878,0,geod_dist_to_target,16,0.557773902280137
33764.44,ROW-max-Corr,10346,6824,438878,0,geod_dist_to_target,17,0.557773902280137
33764.44,ROW-max-Corr,10346,6827,438878,0,geod_dist_to_target,18,0.478541851813261
33764.44,ROW-max-Corr,10346,6827,438878,0,geod_dist_to_target,19,0.478541851813261
33764.44,ROW-max-Corr,10346,6827,438878,0,geod_dist_to_target,20,0.478541851813261
33764.44,ROW-max-Corr,10346,7183,438878,0,geod_dist_to_target,22,1.0074535587474773
33764.44,ROW-max-Corr,10346,10346,438878,0,geod_dist_to_target,24,0.0
33764.44,ROW-max-Corr,10346,10346,438878,0,geod_dist_to_target,26,0.0
33764.44,ROW-max-Corr,10346,10346,438878,0,geod_dist_to_target,28,0.0
33764.44,ROW-max-Corr,10346,10346,438878,0,geod_dist_to_target,30,0.0
33764.44,ROW-max-Corr,10346,10346,438878,0,geod_dist_to_target,32,0.0
33764.44,ROW-max-Corr,10346,10346,438878,0,geod_dist_to_target,34,0.0
33764.44,ROW-max-Corr,10346,10346,438878,0,geod_dist_to_target,36,0.0
33764.44,ROW-max-Corr,10346,10346,438878,0,geod_dist_to_target,38,0.0
33764.44,ROW-max-Corr,10346,1381,438878,0,geod_dist_to_target,40,0.24177044035433656
33764.44,ROW-max-Corr,10346,1381,438878,0,geod_dist_to_target,42,0.24177044035433656
33764.44,ROW-max-Corr,10346,10346,438878,0,geod_dist_to_target,44,0.0
33764.44,ROW-max-Corr,10346,10346,438878,0,geod_dist_to_target,46,0.0
33764.44,ROW-max-Corr,10346,10346,438878,0,geod_dist_to_target,48,0.0
33764.44,ROW-max-Corr,10346,10346,438878,0,geod_dist_to_target,50,0.0
33764.44,ROW-max-Corr,10346,10346,438878,0,geod_dist_to_target,55,0.0
33764.44,ROW-max-Corr,10346,6845,438878,0,geod_dist_to_target,60,0.2505287899723362
33764.44,ROW-max-Corr,10346,10346,438878,0,geod_dist_to_target,65,0.0
33764.44,ROW-max-Corr,10346,6845,438878,0,geod_dist_to_target,70,0.2505287899723362
33764.44,ROW-max-Corr,10346,6845,438878,0,geod_dist_to_target,75,0.2505287899723362
33764.44,ROW-max-Corr,10346,6845,438878,0,geod_dist_to_target,80,0.2505287899723362
33764.44,ROW-max-Corr,10346,10346,438878,0,geod_dist_to_target,85,0.0
33764.44,ROW-max-Corr,10346,10346,438878,0,geod_dist_to_target,90,0.0
33764.44,ROW-max-Corr,10346,10346,438878,0,geod_dist_to_target,95,0.0
33764.44,ROW-max-Corr,10346,10346,438878,0,geod_dist_to_target,100,0.0
33764.44,ROW-max-Corr,10346,1209,433015,0,geod_dist_to_target,5,3.4063222226843712
33764.44,ROW-max-Corr,10346,223,433015,0,geod_dist_to_target,6,1.8829812428096375
33764.44,ROW-max-Corr,10346,2649,433015,0,geod_dist_to_target,7,1.443109850148483
33764.44,ROW-max-Corr,10346,6085,433015,0,geod_dist_to_target,8,0.6323778067353208
33764.44,ROW-max-Corr,10346,9429,433015,0,geod_dist_to_target,9,1.8237347014406053
33764.44,ROW-max-Corr,10346,2649,433015,0,geod_dist_to_target,10,1.443109850148483
33764.44,ROW-max-Corr,10346,2649,433015,0,geod_dist_to_target,11,1.443109850148483
33764.44,ROW-max-Corr,10346,2649,433015,0,geod_dist_to_target,12,1.443109850148483
33764.44,ROW-max-Corr,10346,2649,433015,0,geod_dist_to_target,13,1.443109850148483
33764.44,ROW-max-Corr,10346,12429,433015,0,geod_dist_to_target,14,1.1520433524015585
33764.44,ROW-max-Corr,10346,12429,433015,0,geod_dist_to_target,15,1.1520433524015585
33764.44,ROW-max-Corr,10346,8711,433015,0,geod_dist_to_target,16,0.8096122752335942
33764.44,ROW-max-Corr,10346,8711,433015,0,geod_dist_to_target,17,0.8096122752335942
33764.44,ROW-max-Corr,10346,8711,433015,0,geod_dist_to_target,18,0.8096122752335942
33764.44,ROW-max-Corr,10346,8711,433015,0,geod_dist_to_target,19,0.8096122752335942
33764.44,ROW-max-Corr,10346,8711,433015,0,geod_dist_to_target,20,0.8096122752335942
33764.44,ROW-max-Corr,10346,6827,433015,0,geod_dist_to_target,22,0.478541851813261
33764.44,ROW-max-Corr,10346,6827,433015,0,geod_dist_to_target,24,0.478541851813261
33764.44,ROW-max-Corr,10346,6827,433015,0,geod_dist_to_target,26,0.478541851813261
33764.44,ROW-max-Corr,10346,6827,433015,0,geod_dist_to_target,28,0.478541851813261
33764.44,ROW-max-Corr,10346,6827,433015,0,geod_dist_to_target,30,0.478541851813261
33764.44,ROW-max-Corr,10346,6824,433015,0,geod_dist_to_target,32,0.557773902280137
33764.44,ROW-max-Corr,10346,6827,433015,0,geod_dist_to_target,34,0.478541851813261
33764.44,ROW-max-Corr,10346,10346,433015,0,geod_dist_to_target,36,0.0
33764.44,ROW-max-Corr,10346,10346,433015,0,geod_dist_to_target,38,0.0
33764.44,ROW-max-Corr,10346,10346,433015,0,geod_dist_to_target,40,0.0
33764.44,ROW-max-Corr,10346,10346,433015,0,geod_dist_to_target,42,0.0
33764.44,ROW-max-Corr,10346,12482,433015,0,geod_dist_to_target,44,0.5363487259966152
33764.44,ROW-max-Corr,10346,12482,433015,0,geod_dist_to_target,46,0.5363487259966152
33764.44,ROW-max-Corr,10346,12482,433015,0,geod_dist_to_target,48,0.5363487259966152
33764.44,ROW-max-Corr,10346,12482,433015,0,geod_dist_to_target,50,0.5363487259966152
33764.44,ROW-max-Corr,10346,12482,433015,0,geod_dist_to_target,55,0.5363487259966152
33764.44,ROW-max-Corr,10346,12482,433015,0,geod_dist_to_target,60,0.5363487259966152
33764.44,ROW-max-Corr,10346,12482,433015,0,geod_dist_to_target,65,0.5363487259966152
33764.44,ROW-max-Corr,10346,12482,433015,0,geod_dist_to_target,70,0.5363487259966152
33764.44,ROW-max-Corr,10346,10346,433015,0,geod_dist_to_target,75,0.0
33764.44,ROW-max-Corr,10346,10346,433015,0,geod_dist_to_target,80,0.0
33764.44,ROW-max-Corr,10346,10346,433015,0,geod_dist_to_target,85,0.0
33764.44,ROW-max-Corr,10346,10346,433015,0,geod_dist_to_target,90,0.0
33764.44,ROW-max-Corr,10346,10346,433015,0,geod_dist_to_target,95,0.0
33764.44,ROW-max-Corr,10346,10346,433015,0,geod_dist_to_target,100,0.0
33764.44,ROW-max-Corr,10346,3999,858597,0,geod_dist_to_target,5,1.1191895575196769
33764.44,ROW-max-Corr,10346,6827,858597,0,geod_dist_to_target,6,0.478541851813261
33764.44,ROW-max-Corr,10346,6827,858597,0,geod_dist_to_target,7,0.478541851813261
33764.44,ROW-max-Corr,10346,6827,858597,0,geod_dist_to_target,8,0.478541851813261
33764.44,ROW-max-Corr,10346,8711,858597,0,geod_dist_to_target,9,0.8096122752335942
33764.44,ROW-max-Corr,10346,8711,858597,0,geod_dist_to_target,10,0.8096122752335942
33764.44,ROW-max-Corr,10346,8711,858597,0,geod_dist_to_target,11,0.8096122752335942
33764.44,ROW-max-Corr,10346,6827,858597,0,geod_dist_to_target,12,0.478541851813261
33764.44,ROW-max-Corr,10346,6824,858597,0,geod_dist_to_target,13,0.557773902280137
33764.44,ROW-max-Corr,10346,6824,858597,0,geod_dist_to_target,14,0.557773902280137
33764.44,ROW-max-Corr,10346,6824,858597,0,geod_dist_to_target,15,0.557773902280137
33764.44,ROW-max-Corr,10346,6824,858597,0,geod_dist_to_target,16,0.557773902280137
33764.44,ROW-max-Corr,10346,6824,858597,0,geod_dist_to_target,17,0.557773902280137
33764.44,ROW-max-Corr,10346,6824,858597,0,geod_dist_to_target,18,0.557773902280137
33764.44,ROW-max-Corr,10346,1381,858597,0,geod_dist_to_target,19,0.24177044035433656
33764.44,ROW-max-Corr,10346,1381,858597,0,geod_dist_to_target,20,0.24177044035433656
33764.44,ROW-max-Corr,10346,6824,858597,0,geod_dist_to_target,22,0.557773902280137
33764.44,ROW-max-Corr,10346,6824,858597,0,geod_dist_to_target,24,0.557773902280137
33764.44,ROW-max-Corr,10346,6824,858597,0,geod_dist_to_target,26,0.557773902280137
33764.44,ROW-max-Corr,10346,6824,858597,0,geod_dist_to_target,28,0.557773902280137
33764.44,ROW-max-Corr,10346,6678,858597,0,geod_dist_to_target,30,0.8520169248323725
33764.44,ROW-max-Corr,10346,6678,858597,0,geod_dist_to_target,32,0.8520169248323725
33764.44,ROW-max-Corr,10346,6827,858597,0,geod_dist_to_target,34,0.478541851813261
33764.44,ROW-max-Corr,10346,6827,858597,0,geod_dist_to_target,36,0.478541851813261
33764.44,ROW-max-Corr,10346,1381,858597,0,geod_dist_to_target,38,0.24177044035433656
33764.44,ROW-max-Corr,10346,6827,858597,0,geod_dist_to_target,40,0.478541851813261
33764.44,ROW-max-Corr,10346,6827,858597,0,geod_dist_to_target,42,0.478541851813261
33764.44,ROW-max-Corr,10346,6827,858597,0,geod_dist_to_target,44,0.478541851813261
33764.44,ROW-max-Corr,10346,6827,858597,0,geod_dist_to_target,46,0.478541851813261
33764.44,ROW-max-Corr,10346,6827,858597,0,geod_dist_to_target,48,0.478541851813261
33764.44,ROW-max-Corr,10346,6827,858597,0,geod_dist_to_target,50,0.478541851813261
33764.44,ROW-max-Corr,10346,10346,858597,0,geod_dist_to_target,55,0.0
33764.44,ROW-max-Corr,10346,10346,858597,0,geod_dist_to_target,60,0.0
33764.44,ROW-max-Corr,10346,10346,858597,0,geod_dist_to_target,65,0.0
33764.44,ROW-max-Corr,10346,10346,858597,0,geod_dist_to_target,70,0.0
33764.44,ROW-max-Corr,10346,10346,858597,0,geod_dist_to_target,75,0.0
33764.44,ROW-max-Corr,10346,10346,858597,0,geod_dist_to_target,80,0.0
33764.44,ROW-max-Corr,10346,10346,858597,0,geod_dist_to_target,85,0.0
33764.44,ROW-max-Corr,10346,10346,858597,0,geod_dist_to_target,90,0.0
33764.44,ROW-max-Corr,10346,1381,858597,0,geod_dist_to_target,95,0.24177044035433656
33764.44,ROW-max-Corr,10346,1381,858597,0,geod_dist_to_target,100,0.24177044035433656
33764.44,ROW-max-Corr,10346,9975,85945,0,geod_dist_to_target,5,15.195174526304797
33764.44,ROW-max-Corr,10346,12482,85945,0,geod_dist_to_target,6,0.5363487259966152
33764.44,ROW-max-Corr,10346,7183,85945,0,geod_dist_to_target,7,1.0074535587474773
33764.44,ROW-max-Corr,10346,7183,85945,0,geod_dist_to_target,8,1.0074535587474773
33764.44,ROW-max-Corr,10346,12482,85945,0,geod_dist_to_target,9,0.5363487259966152
33764.44,ROW-max-Corr,10346,12482,85945,0,geod_dist_to_target,10,0.5363487259966152
33764.44,ROW-max-Corr,10346,12482,85945,0,geod_dist_to_target,11,0.5363487259966152
33764.44,ROW-max-Corr,10346,12482,85945,0,geod_dist_to_target,12,0.5363487259966152
33764.44,ROW-max-Corr,10346,1396,85945,0,geod_dist_to_target,13,0.499481213365009
33764.44,ROW-max-Corr,10346,12482,85945,0,geod_dist_to_target,14,0.5363487259966152
33764.44,ROW-max-Corr,10346,12482,85945,0,geod_dist_to_target,15,0.5363487259966152
33764.44,ROW-max-Corr,10346,12482,85945,0,geod_dist_to_target,16,0.5363487259966152
33764.44,ROW-max-Corr,10346,12482,85945,0,geod_dist_to_target,17,0.5363487259966152
33764.44,ROW-max-Corr,10346,12482,85945,0,geod_dist_to_target,18,0.5363487259966152
33764.44,ROW-max-Corr,10346,12482,85945,0,geod_dist_to_target,19,0.5363487259966152
33764.44,ROW-max-Corr,10346,12482,85945,0,geod_dist_to_target,20,0.5363487259966152
33764.44,ROW-max-Corr,10346,6845,85945,0,geod_dist_to_target,22,0.2505287899723362
33764.44,ROW-max-Corr,10346,6845,85945,0,geod_dist_to_target,24,0.2505287899723362
33764.44,ROW-max-Corr,10346,6845,85945,0,geod_dist_to_target,26,0.2505287899723362
33764.44,ROW-max-Corr,10346,6845,85945,0,geod_dist_to_target,28,0.2505287899723362
33764.44,ROW-max-Corr,10346,12482,85945,0,geod_dist_to_target,30,0.5363487259966152
33764.44,ROW-max-Corr,10346,6845,85945,0,geod_dist_to_target,32,0.2505287899723362
33764.44,ROW-max-Corr,10346,7183,85945,0,geod_dist_to_target,34,1.0074535587474773
33764.44,ROW-max-Corr,10346,7183,85945,0,geod_dist_to_target,36,1.0074535587474773
33764.44,ROW-max-Corr,10346,10346,85945,0,geod_dist_to_target,38,0.0
33764.44,ROW-max-Corr,10346,6845,85945,0,geod_dist_to_target,40,0.2505287899723362
33764.44,ROW-max-Corr,10346,6845,85945,0,geod_dist_to_target,42,0.2505287899723362
33764.44,ROW-max-Corr,10346,10346,85945,0,geod_dist_to_target,44,0.0
33764.44,ROW-max-Corr,10346,6845,85945,0,geod_dist_to_target,46,0.2505287899723362
33764.44,ROW-max-Corr,10346,6845,85945,0,geod_dist_to_target,48,0.2505287899723362
33764.44,ROW-max-Corr,10346,6845,85945,0,geod_dist_to_target,50,0.2505287899723362
33764.44,ROW-max-Corr,10346,7183,85945,0,geod_dist_to_target,55,1.0074535587474773
33764.44,ROW-max-Corr,10346,7183,85945,0,geod_dist_to_target,60,1.0074535587474773
33764.44,ROW-max-Corr,10346,7183,85945,0,geod_dist_to_target,65,1.0074535587474773
33764.44,ROW-max-Corr,10346,7183,85945,0,geod_dist_to_target,70,1.0074535587474773
33764.44,ROW-max-Corr,10346,12482,85945,0,geod_dist_to_target,75,0.5363487259966152
33764.44,ROW-max-Corr,10346,7183,85945,0,geod_dist_to_target,80,1.0074535587474773
33764.44,ROW-max-Corr,10346,12482,85945,0,geod_dist_to_target,85,0.5363487259966152
33764.44,ROW-max-Corr,10346,7183,85945,0,geod_dist_to_target,90,1.0074535587474773
33764.44,ROW-max-Corr,10346,7183,85945,0,geod_dist_to_target,95,1.0074535587474773
33764.44,ROW-max-Corr,10346,7183,85945,0,geod_dist_to_target,100,1.0074535587474773
33764.44,ROW-max-Corr,10346,12596,697368,0,geod_dist_to_target,5,16.056382677246344
33764.44,ROW-max-Corr,10346,11538,697368,0,geod_dist_to_target,6,3.5492520296107526
33764.44,ROW-max-Corr,10346,11538,697368,0,geod_dist_to_target,7,3.5492520296107526
33764.44,ROW-max-Corr,10346,2157,697368,0,geod_dist_to_target,8,2.6291111103363645
33764.44,ROW-max-Corr,10346,7790,697368,0,geod_dist_to_target,9,1.241119515143387
33764.44,ROW-max-Corr,10346,7790,697368,0,geod_dist_to_target,10,1.241119515143387
33764.44,ROW-max-Corr,10346,7790,697368,0,geod_dist_to_target,11,1.241119515143387
33764.44,ROW-max-Corr,10346,12429,697368,0,geod_dist_to_target,12,1.1520433524015585
33764.44,ROW-max-Corr,10346,12429,697368,0,geod_dist_to_target,13,1.1520433524015585
33764.44,ROW-max-Corr,10346,2649,697368,0,geod_dist_to_target,14,1.443109850148483
33764.44,ROW-max-Corr,10346,6827,697368,0,geod_dist_to_target,15,0.478541851813261
33764.44,ROW-max-Corr,10346,10346,697368,0,geod_dist_to_target,16,0.0
33764.44,ROW-max-Corr,10346,10346,697368,0,geod_dist_to_target,17,0.0
33764.44,ROW-max-Corr,10346,10346,697368,0,geod_dist_to_target,18,0.0
33764.44,ROW-max-Corr,10346,10346,697368,0,geod_dist_to_target,19,0.0
33764.44,ROW-max-Corr,10346,10346,697368,0,geod_dist_to_target,20,0.0
33764.44,ROW-max-Corr,10346,10346,697368,0,geod_dist_to_target,22,0.0
33764.44,ROW-max-Corr,10346,10346,697368,0,geod_dist_to_target,24,0.0
33764.44,ROW-max-Corr,10346,10346,697368,0,geod_dist_to_target,26,0.0
33764.44,ROW-max-Corr,10346,10346,697368,0,geod_dist_to_target,28,0.0
33764.44,ROW-max-Corr,10346,10346,697368,0,geod_dist_to_target,30,0.0
33764.44,ROW-max-Corr,10346,10346,697368,0,geod_dist_to_target,32,0.0
33764.44,ROW-max-Corr,10346,10346,697368,0,geod_dist_to_target,34,0.0
33764.44,ROW-max-Corr,10346,10346,697368,0,geod_dist_to_target,36,0.0
33764.44,ROW-max-Corr,10346,10346,697368,0,geod_dist_to_target,38,0.0
33764.44,ROW-max-Corr,10346,10346,697368,0,geod_dist_to_target,40,0.0
33764.44,ROW-max-Corr,10346,10346,697368,0,geod_dist_to_target,42,0.0
33764.44,ROW-max-Corr,10346,10346,697368,0,geod_dist_to_target,44,0.0
33764.44,ROW-max-Corr,10346,10346,697368,0,geod_dist_to_target,46,0.0
33764.44,ROW-max-Corr,10346,10346,697368,0,geod_dist_to_target,48,0.0
33764.44,ROW-max-Corr,10346,10346,697368,0,geod_dist_to_target,50,0.0
33764.44,ROW-max-Corr,10346,10346,697368,0,geod_dist_to_target,55,0.0
33764.44,ROW-max-Corr,10346,10346,697368,0,geod_dist_to_target,60,0.0
33764.44,ROW-max-Corr,10346,10346,697368,0,geod_dist_to_target,65,0.0
33764.44,ROW-max-Corr,10346,10346,697368,0,geod_dist_to_target,70,0.0
33764.44,ROW-max-Corr,10346,10346,697368,0,geod_dist_to_target,75,0.0
33764.44,ROW-max-Corr,10346,10346,697368,0,geod_dist_to_target,80,0.0
33764.44,ROW-max-Corr,10346,10346,697368,0,geod_dist_to_target,85,0.0
33764.44,ROW-max-Corr,10346,10346,697368,0,geod_dist_to_target,90,0.0
33764.44,ROW-max-Corr,10346,10346,697368,0,geod_dist_to_target,95,0.0
33764.44,ROW-max-Corr,10346,10346,697368,0,geod_dist_to_target,100,0.0
33764.44,ROW-max-Corr,10346,5402,201469,0,geod_dist_to_target,5,13.413400595279624
33764.44,ROW-max-Corr,10346,6827,201469,0,geod_dist_to_target,6,0.478541851813261
33764.44,ROW-max-Corr,10346,6827,201469,0,geod_dist_to_target,7,0.478541851813261
33764.44,ROW-max-Corr,10346,9121,201469,0,geod_dist_to_target,8,12.860463301107151
33764.44,ROW-max-Corr,10346,11931,201469,0,geod_dist_to_target,9,13.7361386210408
33764.44,ROW-max-Corr,10346,8711,201469,0,geod_dist_to_target,10,0.8096122752335942
33764.44,ROW-max-Corr,10346,8711,201469,0,geod_dist_to_target,11,0.8096122752335942
33764.44,ROW-max-Corr,10346,6827,201469,0,geod_dist_to_target,12,0.478541851813261
33764.44,ROW-max-Corr,10346,6827,201469,0,geod_dist_to_target,13,0.478541851813261
33764.44,ROW-max-Corr,10346,6827,201469,0,geod_dist_to_target,14,0.478541851813261
33764.44,ROW-max-Corr,10346,6678,201469,0,geod_dist_to_target,15,0.8520169248323725
33764.44,ROW-max-Corr,10346,6827,201469,0,geod_dist_to_target,16,0.478541851813261
33764.44,ROW-max-Corr,10346,6827,201469,0,geod_dist_to_target,17,0.478541851813261
33764.44,ROW-max-Corr,10346,6827,201469,0,geod_dist_to_target,18,0.478541851813261
33764.44,ROW-max-Corr,10346,6827,201469,0,geod_dist_to_target,19,0.478541851813261
33764.44,ROW-max-Corr,10346,6827,201469,0,geod_dist_to_target,20,0.478541851813261
33764.44,ROW-max-Corr,10346,10346,201469,0,geod_dist_to_target,22,0.0
33764.44,ROW-max-Corr,10346,10346,201469,0,geod_dist_to_target,24,0.0
33764.44,ROW-max-Corr,10346,10346,201469,0,geod_dist_to_target,26,0.0
33764.44,ROW-max-Corr,10346,10346,201469,0,geod_dist_to_target,28,0.0
33764.44,ROW-max-Corr,10346,10346,201469,0,geod_dist_to_target,30,0.0
33764.44,ROW-max-Corr,10346,11609,201469,0,geod_dist_to_target,32,0.35877899440829847
33764.44,ROW-max-Corr,10346,11609,201469,0,geod_dist_to_target,34,0.35877899440829847
33764.44,ROW-max-Corr,10346,10346,201469,0,geod_dist_to_target,36,0.0
33764.44,ROW-max-Corr,10346,10346,201469,0,geod_dist_to_target,38,0.0
33764.44,ROW-max-Corr,10346,10346,201469,0,geod_dist_to_target,40,0.0
33764.44,ROW-max-Corr,10346,10346,201469,0,geod_dist_to_target,42,0.0
33764.44,ROW-max-Corr,10346,10346,201469,0,geod_dist_to_target,44,0.0
33764.44,ROW-max-Corr,10346,10346,201469,0,geod_dist_to_target,46,0.0
33764.44,ROW-max-Corr,10346,10346,201469,0,geod_dist_to_target,48,0.0
33764.44,ROW-max-Corr,10346,10346,201469,0,geod_dist_to_target,50,0.0
33764.44,ROW-max-Corr,10346,10346,201469,0,geod_dist_to_target,55,0.0
33764.44,ROW-max-Corr,10346,10346,201469,0,geod_dist_to_target,60,0.0
33764.44,ROW-max-Corr,10346,10346,201469,0,geod_dist_to_target,65,0.0
33764.44,ROW-max-Corr,10346,10346,201469,0,geod_dist_to_target,70,0.0
33764.44,ROW-max-Corr,10346,10346,201469,0,geod_dist_to_target,75,0.0
33764.44,ROW-max-Corr,10346,11609,201469,0,geod_dist_to_target,80,0.35877899440829847
33764.44,ROW-max-Corr,10346,11609,201469,0,geod_dist_to_target,85,0.35877899440829847
33764.44,ROW-max-Corr,10346,11609,201469,0,geod_dist_to_target,90,0.35877899440829847
33764.44,ROW-max-Corr,10346,10346,201469,0,geod_dist_to_target,95,0.0
33764.44,ROW-max-Corr,10346,10346,201469,0,geod_dist_to_target,100,0.0
33764.44,ROW-max-Corr,10346,7203,94177,0,geod_dist_to_target,5,1.1029388682167387
33764.44,ROW-max-Corr,10346,8711,94177,0,geod_dist_to_target,6,0.8096122752335942
33764.44,ROW-max-Corr,10346,8711,94177,0,geod_dist_to_target,7,0.8096122752335942
33764.44,ROW-max-Corr,10346,6085,94177,0,geod_dist_to_target,8,0.6323778067353208
33764.44,ROW-max-Corr,10346,8711,94177,0,geod_dist_to_target,9,0.8096122752335942
33764.44,ROW-max-Corr,10346,10346,94177,0,geod_dist_to_target,10,0.0
33764.44,ROW-max-Corr,10346,10346,94177,0,geod_dist_to_target,11,0.0
33764.44,ROW-max-Corr,10346,1381,94177,0,geod_dist_to_target,12,0.24177044035433656
33764.44,ROW-max-Corr,10346,6827,94177,0,geod_dist_to_target,13,0.478541851813261
33764.44,ROW-max-Corr,10346,6827,94177,0,geod_dist_to_target,14,0.478541851813261
33764.44,ROW-max-Corr,10346,6827,94177,0,geod_dist_to_target,15,0.478541851813261
33764.44,ROW-max-Corr,10346,6827,94177,0,geod_dist_to_target,16,0.478541851813261
33764.44,ROW-max-Corr,10346,6827,94177,0,geod_dist_to_target,17,0.478541851813261
33764.44,ROW-max-Corr,10346,10346,94177,0,geod_dist_to_target,18,0.0
33764.44,ROW-max-Corr,10346,10346,94177,0,geod_dist_to_target,19,0.0
33764.44,ROW-max-Corr,10346,10346,94177,0,geod_dist_to_target,20,0.0
33764.44,ROW-max-Corr,10346,10346,94177,0,geod_dist_to_target,22,0.0
33764.44,ROW-max-Corr,10346,10346,94177,0,geod_dist_to_target,24,0.0
33764.44,ROW-max-Corr,10346,10346,94177,0,geod_dist_to_target,26,0.0
33764.44,ROW-max-Corr,10346,10346,94177,0,geod_dist_to_target,28,0.0
33764.44,ROW-max-Corr,10346,10346,94177,0,geod_dist_to_target,30,0.0
33764.44,ROW-max-Corr,10346,10346,94177,0,geod_dist_to_target,32,0.0
33764.44,ROW-max-Corr,10346,10346,94177,0,geod_dist_to_target,34,0.0
33764.44,ROW-max-Corr,10346,11609,94177,0,geod_dist_to_target,36,0.35877899440829847
33764.44,ROW-max-Corr,10346,1342,94177,0,geod_dist_to_target,38,0.196240604520838
33764.44,ROW-max-Corr,10346,10346,94177,0,geod_dist_to_target,40,0.0
33764.44,ROW-max-Corr,10346,10346,94177,0,geod_dist_to_target,42,0.0
33764.44,ROW-max-Corr,10346,10346,94177,0,geod_dist_to_target,44,0.0
33764.44,ROW-max-Corr,10346,11609,94177,0,geod_dist_to_target,46,0.35877899440829847
33764.44,ROW-max-Corr,10346,11609,94177,0,geod_dist_to_target,48,0.35877899440829847
33764.44,ROW-max-Corr,10346,11609,94177,0,geod_dist_to_target,50,0.35877899440829847
33764.44,ROW-max-Corr,10346,11609,94177,0,geod_dist_to_target,55,0.35877899440829847
33764.44,ROW-max-Corr,10346,11609,94177,0,geod_dist_to_target,60,0.35877899440829847
33764.44,ROW-max-Corr,10346,10346,94177,0,geod_dist_to_target,65,0.0
33764.44,ROW-max-Corr,10346,10346,94177,0,geod_dist_to_target,70,0.0
33764.44,ROW-max-Corr,10346,10346,94177,0,geod_dist_to_target,75,0.0
33764.44,ROW-max-Corr,10346,10346,94177,0,geod_dist_to_target,80,0.0
33764.44,ROW-max-Corr,10346,10346,94177,0,geod_dist_to_target,85,0.0
33764.44,ROW-max-Corr,10346,10346,94177,0,geod_dist_to_target,90,0.0
33764.44,ROW-max-Corr,10346,10346,94177,0,geod_dist_to_target,95,0.0
33764.44,ROW-max-Corr,10346,10346,94177,0,geod_dist_to_target,100,0.0
33764.44,COL-mean-Corr(Ben),10346,5943,89250,0,geod_dist_to_target,5,21.083182546941092
33764.44,COL-mean-Corr(Ben),10346,5943,89250,0,geod_dist_to_target,6,21.083182546941092
33764.44,COL-mean-Corr(Ben),10346,5943,89250,0,geod_dist_to_target,7,21.083182546941092
33764.44,COL-mean-Corr(Ben),10346,606,89250,0,geod_dist_to_target,8,45.48159034260379
33764.44,COL-mean-Corr(Ben),10346,3015,89250,0,geod_dist_to_target,9,26.31467559267485
33764.44,COL-mean-Corr(Ben),10346,12490,89250,0,geod_dist_to_target,10,25.885987849615834
33764.44,COL-mean-Corr(Ben),10346,11924,89250,0,geod_dist_to_target,11,21.7669732148301
33764.44,COL-mean-Corr(Ben),10346,12445,89250,0,geod_dist_to_target,12,0.49182618423787233
33764.44,COL-mean-Corr(Ben),10346,12445,89250,0,geod_dist_to_target,13,0.49182618423787233
33764.44,COL-mean-Corr(Ben),10346,12445,89250,0,geod_dist_to_target,14,0.49182618423787233
33764.44,COL-mean-Corr(Ben),10346,12445,89250,0,geod_dist_to_target,15,0.49182618423787233
33764.44,COL-mean-Corr(Ben),10346,9213,89250,0,geod_dist_to_target,16,14.518808863746472
33764.44,COL-mean-Corr(Ben),10346,9213,89250,0,geod_dist_to_target,17,14.518808863746472
33764.44,COL-mean-Corr(Ben),10346,9213,89250,0,geod_dist_to_target,18,14.518808863746472
33764.44,COL-mean-Corr(Ben),10346,9213,89250,0,geod_dist_to_target,19,14.518808863746472
33764.44,COL-mean-Corr(Ben),10346,9213,89250,0,geod_dist_to_target,20,14.518808863746472
33764.44,COL-mean-Corr(Ben),10346,9224,89250,0,geod_dist_to_target,22,14.90921017853111
33764.44,COL-mean-Corr(Ben),10346,9224,89250,0,geod_dist_to_target,24,14.90921017853111
33764.44,COL-mean-Corr(Ben),10346,9213,89250,0,geod_dist_to_target,26,14.518808863746472
33764.44,COL-mean-Corr(Ben),10346,10652,89250,0,geod_dist_to_target,28,15.44819633991213
33764.44,COL-mean-Corr(Ben),10346,10652,89250,0,geod_dist_to_target,30,15.44819633991213
33764.44,COL-mean-Corr(Ben),10346,10652,89250,0,geod_dist_to_target,32,15.44819633991213
33764.44,COL-mean-Corr(Ben),10346,319,89250,0,geod_dist_to_target,34,14.994270091269968
33764.44,COL-mean-Corr(Ben),10346,319,89250,0,geod_dist_to_target,36,14.994270091269968
33764.44,COL-mean-Corr(Ben),10346,319,89250,0,geod_dist_to_target,38,14.994270091269968
33764.44,COL-mean-Corr(Ben),10346,8077,89250,0,geod_dist_to_target,40,14.045243382609423
33764.44,COL-mean-Corr(Ben),10346,12651,89250,0,geod_dist_to_target,42,14.492696906096086
33764.44,COL-mean-Corr(Ben),10346,12651,89250,0,geod_dist_to_target,44,14.492696906096086
33764.44,COL-mean-Corr(Ben),10346,12651,89250,0,geod_dist_to_target,46,14.492696906096086
33764.44,COL-mean-Corr(Ben),10346,12651,89250,0,geod_dist_to_target,48,14.492696906096086
33764.44,COL-mean-Corr(Ben),10346,12651,89250,0,geod_dist_to_target,50,14.492696906096086
33764.44,COL-mean-Corr(Ben),10346,9201,89250,0,geod_dist_to_target,55,13.627656822395053
33764.44,COL-mean-Corr(Ben),10346,9201,89250,0,geod_dist_to_target,60,13.627656822395053
33764.44,COL-mean-Corr(Ben),10346,9201,89250,0,geod_dist_to_target,65,13.627656822395053
33764.44,COL-mean-Corr(Ben),10346,9201,89250,0,geod_dist_to_target,70,13.627656822395053
33764.44,COL-mean-Corr(Ben),10346,11081,89250,0,geod_dist_to_target,75,13.280248288924684
33764.44,COL-mean-Corr(Ben),10346,11081,89250,0,geod_dist_to_target,80,13.280248288924684
33764.44,COL-mean-Corr(Ben),10346,11093,89250,0,geod_dist_to_target,85,13.405110633352935
33764.44,COL-mean-Corr(Ben),10346,10346,89250,0,geod_dist_to_target,90,0.0
33764.44,COL-mean-Corr(Ben),10346,9201,89250,0,geod_dist_to_target,95,13.627656822395053
33764.44,COL-mean-Corr(Ben),10346,9201,89250,0,geod_dist_to_target,100,13.627656822395053
33764.44,COL-mean-Corr(Ben),10346,10789,773956,0,geod_dist_to_target,5,25.278537860436206
33764.44,COL-mean-Corr(Ben),10346,5278,773956,0,geod_dist_to_target,6,44.27746456360682
33764.44,COL-mean-Corr(Ben),10346,10789,773956,0,geod_dist_to_target,7,25.278537860436206
33764.44,COL-mean-Corr(Ben),10346,10789,773956,0,geod_dist_to_target,8,25.278537860436206
33764.44,COL-mean-Corr(Ben),10346,5278,773956,0,geod_dist_to_target,9,44.27746456360682
33764.44,COL-mean-Corr(Ben),10346,5278,773956,0,geod_dist_to_target,10,44.27746456360682
33764.44,COL-mean-Corr(Ben),10346,5278,773956,0,geod_dist_to_target,11,44.27746456360682
33764.44,COL-mean-Corr(Ben),10346,5278,773956,0,geod_dist_to_target,12,44.27746456360682
33764.44,COL-mean-Corr(Ben),10346,5278,773956,0,geod_dist_to_target,13,44.27746456360682
33764.44,COL-mean-Corr(Ben),10346,5278,773956,0,geod_dist_to_target,14,44.27746456360682
33764.44,COL-mean-Corr(Ben),10346,5278,773956,0,geod_dist_to_target,15,44.27746456360682
33764.44,COL-mean-Corr(Ben),10346,10789,773956,0,geod_dist_to_target,16,25.278537860436206
33764.44,COL-mean-Corr(Ben),10346,10789,773956,0,geod_dist_to_target,17,25.278537860436206
33764.44,COL-mean-Corr(Ben),10346,10789,773956,0,geod_dist_to_target,18,25.278537860436206
33764.44,COL-mean-Corr(Ben),10346,8866,773956,0,geod_dist_to_target,19,11.747018617774401
33764.44,COL-mean-Corr(Ben),10346,8866,773956,0,geod_dist_to_target,20,11.747018617774401
33764.44,COL-mean-Corr(Ben),10346,8866,773956,0,geod_dist_to_target,22,11.747018617774401
33764.44,COL-mean-Corr(Ben),10346,916,773956,0,geod_dist_to_target,24,13.313074863608756
33764.44,COL-mean-Corr(Ben),10346,916,773956,0,geod_dist_to_target,26,13.313074863608756
33764.44,COL-mean-Corr(Ben),10346,916,773956,0,geod_dist_to_target,28,13.313074863608756
33764.44,COL-mean-Corr(Ben),10346,916,773956,0,geod_dist_to_target,30,13.313074863608756
33764.44,COL-mean-Corr(Ben),10346,8374,773956,0,geod_dist_to_target,32,10.559357614263583
33764.44,COL-mean-Corr(Ben),10346,916,773956,0,geod_dist_to_target,34,13.313074863608756
33764.44,COL-mean-Corr(Ben),10346,9015,773956,0,geod_dist_to_target,36,12.311807638179495
33764.44,COL-mean-Corr(Ben),10346,9015,773956,0,geod_dist_to_target,38,12.311807638179495
33764.44,COL-mean-Corr(Ben),10346,1831,773956,0,geod_dist_to_target,40,19.176819540195197
33764.44,COL-mean-Corr(Ben),10346,9106,773956,0,geod_dist_to_target,42,13.746955830551583
33764.44,COL-mean-Corr(Ben),10346,9106,773956,0,geod_dist_to_target,44,13.746955830551583
33764.44,COL-mean-Corr(Ben),10346,9106,773956,0,geod_dist_to_target,46,13.746955830551583
33764.44,COL-mean-Corr(Ben),10346,9106,773956,0,geod_dist_to_target,48,13.746955830551583
33764.44,COL-mean-Corr(Ben),10346,9106,773956,0,geod_dist_to_target,50,13.746955830551583
33764.44,COL-mean-Corr(Ben),10346,9106,773956,0,geod_dist_to_target,55,13.746955830551583
33764.44,COL-mean-Corr(Ben),10346,9105,773956,0,geod_dist_to_target,60,13.737224433872418
33764.44,COL-mean-Corr(Ben),10346,11313,773956,0,geod_dist_to_target,65,1.6515691829436927
33764.44,COL-mean-Corr(Ben),10346,9106,773956,0,geod_dist_to_target,70,13.746955830551583
33764.44,COL-mean-Corr(Ben),10346,9106,773956,0,geod_dist_to_target,75,13.746955830551583
33764.44,COL-mean-Corr(Ben),10346,11313,773956,0,geod_dist_to_target,80,1.6515691829436927
33764.44,COL-mean-Corr(Ben),10346,3429,773956,0,geod_dist_to_target,85,1.086999607447876
33764.44,COL-mean-Corr(Ben),10346,3429,773956,0,geod_dist_to_target,90,1.086999607447876
33764.44,COL-mean-Corr(Ben),10346,3429,773956,0,geod_dist_to_target,95,1.086999607447876
33764.44,COL-mean-Corr(Ben),10346,11606,773956,0,geod_dist_to_target,100,1.2050480948774986
33764.44,COL-mean-Corr(Ben),10346,2933,654571,0,geod_dist_to_target,5,16.831883513919667
33764.44,COL-mean-Corr(Ben),10346,2933,654571,0,geod_dist_to_target,6,16.831883513919667
33764.44,COL-mean-Corr(Ben),10346,5469,654571,0,geod_dist_to_target,7,25.860115027661013
33764.44,COL-mean-Corr(Ben),10346,125,654571,0,geod_dist_to_target,8,22.072900351558243
33764.44,COL-mean-Corr(Ben),10346,125,654571,0,geod_dist_to_target,9,22.072900351558243
33764.44,COL-mean-Corr(Ben),10346,125,654571,0,geod_dist_to_target,10,22.072900351558243
33764.44,COL-mean-Corr(Ben),10346,6584,654571,0,geod_dist_to_target,11,11.834541732564107
33764.44,COL-mean-Corr(Ben),10346,6584,654571,0,geod_dist_to_target,12,11.834541732564107
33764.44,COL-mean-Corr(Ben),10346,10760,654571,0,geod_dist_to_target,13,12.376027620709225
33764.44,COL-mean-Corr(Ben),10346,10760,654571,0,geod_dist_to_target,14,12.376027620709225
33764.44,COL-mean-Corr(Ben),10346,10760,654571,0,geod_dist_to_target,15,12.376027620709225
33764.44,COL-mean-Corr(Ben),10346,10760,654571,0,geod_dist_to_target,16,12.376027620709225
33764.44,COL-mean-Corr(Ben),10346,10760,654571,0,geod_dist_to_target,17,12.376027620709225
33764.44,COL-mean-Corr(Ben),10346,6585,654571,0,geod_dist_to_target,18,11.673775185742072
33764.44,COL-mean-Corr(Ben),10346,8993,654571,0,geod_dist_to_target,19,13.597483742312386
33764.44,COL-mean-Corr(Ben),10346,8993,654571,0,geod_dist_to_target,20,13.597483742312386
33764.44,COL-mean-Corr(Ben),10346,11925,654571,0,geod_dist_to_target,22,20.787563313541362
33764.44,COL-mean-Corr(Ben),10346,11823,654571,0,geod_dist_to_target,24,19.288398786917966
33764.44,COL-mean-Corr(Ben),10346,11242,654571,0,geod_dist_to_target,26,1.8625423113052124
33764.44,COL-mean-Corr(Ben),10346,11242,654571,0,geod_dist_to_target,28,1.8625423113052124
33764.44,COL-mean-Corr(Ben),10346,11673,654571,0,geod_dist_to_target,30,2.0130458040050723
33764.44,COL-mean-Corr(Ben),10346,11242,654571,0,geod_dist_to_target,32,1.8625423113052124
33764.44,COL-mean-Corr(Ben),10346,11673,654571,0,geod_dist_to_target,34,2.0130458040050723
33764.44,COL-mean-Corr(Ben),10346,11673,654571,0,geod_dist_to_target,36,2.0130458040050723
33764.44,COL-mean-Corr(Ben),10346,11313,654571,0,geod_dist_to_target,38,1.6515691829436927
33764.44,COL-mean-Corr(Ben),10346,11313,654571,0,geod_dist_to_target,40,1.6515691829436927
33764.44,COL-mean-Corr(Ben),10346,11313,654571,0,geod_dist_to_target,42,1.6515691829436927
33764.44,COL-mean-Corr(Ben),10346,11313,654571,0,geod_dist_to_target,44,1.6515691829436927
33764.44,COL-mean-Corr(Ben),10346,11313,654571,0,geod_dist_to_target,46,1.6515691829436927
33764.44,COL-mean-Corr(Ben),10346,11313,654571,0,geod_dist_to_target,48,1.6515691829436927
33764.44,COL-mean-Corr(Ben),10346,11313,654571,0,geod_dist_to_target,50,1.6515691829436927
33764.44,COL-mean-Corr(Ben),10346,11313,654571,0,geod_dist_to_target,55,1.6515691829436927
33764.44,COL-mean-Corr(Ben),10346,11313,654571,0,geod_dist_to_target,60,1.6515691829436927
33764.44,COL-mean-Corr(Ben),10346,12418,654571,0,geod_dist_to_target,65,18.740853343793162
33764.44,COL-mean-Corr(Ben),10346,12418,654571,0,geod_dist_to_target,70,18.740853343793162
33764.44,COL-mean-Corr(Ben),10346,1211,654571,0,geod_dist_to_target,75,20.060687318247737
33764.44,COL-mean-Corr(Ben),10346,1211,654571,0,geod_dist_to_target,80,20.060687318247737
33764.44,COL-mean-Corr(Ben),10346,1211,654571,0,geod_dist_to_target,85,20.060687318247737
33764.44,COL-mean-Corr(Ben),10346,12418,654571,0,geod_dist_to_target,90,18.740853343793162
33764.44,COL-mean-Corr(Ben),10346,1211,654571,0,geod_dist_to_target,95,20.060687318247737
33764.44,COL-mean-Corr(Ben),10346,12418,654571,0,geod_dist_to_target,100,18.740853343793162
33764.44,COL-mean-Corr(Ben),10346,4447,438878,0,geod_dist_to_target,5,49.55034014345929
33764.44,COL-mean-Corr(Ben),10346,4447,438878,0,geod_dist_to_target,6,49.55034014345929
33764.44,COL-mean-Corr(Ben),10346,743,438878,0,geod_dist_to_target,7,50.38622291511471
33764.44,COL-mean-Corr(Ben),10346,1247,438878,0,geod_dist_to_target,8,59.1091484580518
33764.44,COL-mean-Corr(Ben),10346,4447,438878,0,geod_dist_to_target,9,49.55034014345929
33764.44,COL-mean-Corr(Ben),10346,4446,438878,0,geod_dist_to_target,10,49.73147610122677
33764.44,COL-mean-Corr(Ben),10346,8480,438878,0,geod_dist_to_target,11,21.0946486145283
33764.44,COL-mean-Corr(Ben),10346,11925,438878,0,geod_dist_to_target,12,20.787563313541362
33764.44,COL-mean-Corr(Ben),10346,10760,438878,0,geod_dist_to_target,13,12.376027620709225
33764.44,COL-mean-Corr(Ben),10346,10760,438878,0,geod_dist_to_target,14,12.376027620709225
33764.44,COL-mean-Corr(Ben),10346,10760,438878,0,geod_dist_to_target,15,12.376027620709225
33764.44,COL-mean-Corr(Ben),10346,10760,438878,0,geod_dist_to_target,16,12.376027620709225
33764.44,COL-mean-Corr(Ben),10346,10760,438878,0,geod_dist_to_target,17,12.376027620709225
33764.44,COL-mean-Corr(Ben),10346,4029,438878,0,geod_dist_to_target,18,11.070926154910081
33764.44,COL-mean-Corr(Ben),10346,9672,438878,0,geod_dist_to_target,19,10.266382536251596
33764.44,COL-mean-Corr(Ben),10346,770,438878,0,geod_dist_to_target,20,10.375517987245713
33764.44,COL-mean-Corr(Ben),10346,6221,438878,0,geod_dist_to_target,22,9.90215892810024
33764.44,COL-mean-Corr(Ben),10346,9672,438878,0,geod_dist_to_target,24,10.266382536251596
33764.44,COL-mean-Corr(Ben),10346,12319,438878,0,geod_dist_to_target,26,10.630699788246071
33764.44,COL-mean-Corr(Ben),10346,1715,438878,0,geod_dist_to_target,28,1.3191508414737025
33764.44,COL-mean-Corr(Ben),10346,12319,438878,0,geod_dist_to_target,30,10.630699788246071
33764.44,COL-mean-Corr(Ben),10346,5947,438878,0,geod_dist_to_target,32,20.714578661778724
33764.44,COL-mean-Corr(Ben),10346,5947,438878,0,geod_dist_to_target,34,20.714578661778724
33764.44,COL-mean-Corr(Ben),10346,8711,438878,0,geod_dist_to_target,36,0.8096122752335942
33764.44,COL-mean-Corr(Ben),10346,6827,438878,0,geod_dist_to_target,38,0.478541851813261
33764.44,COL-mean-Corr(Ben),10346,6827,438878,0,geod_dist_to_target,40,0.478541851813261
33764.44,COL-mean-Corr(Ben),10346,9106,438878,0,geod_dist_to_target,42,13.746955830551583
33764.44,COL-mean-Corr(Ben),10346,9106,438878,0,geod_dist_to_target,44,13.746955830551583
33764.44,COL-mean-Corr(Ben),10346,1381,438878,0,geod_dist_to_target,46,0.24177044035433656
33764.44,COL-mean-Corr(Ben),10346,1381,438878,0,geod_dist_to_target,48,0.24177044035433656
33764.44,COL-mean-Corr(Ben),10346,1381,438878,0,geod_dist_to_target,50,0.24177044035433656
33764.44,COL-mean-Corr(Ben),10346,1381,438878,0,geod_dist_to_target,55,0.24177044035433656
33764.44,COL-mean-Corr(Ben),10346,1381,438878,0,geod_dist_to_target,60,0.24177044035433656
33764.44,COL-mean-Corr(Ben),10346,1381,438878,0,geod_dist_to_target,65,0.24177044035433656
33764.44,COL-mean-Corr(Ben),10346,6827,438878,0,geod_dist_to_target,70,0.478541851813261
33764.44,COL-mean-Corr(Ben),10346,6827,438878,0,geod_dist_to_target,75,0.478541851813261
33764.44,COL-mean-Corr(Ben),10346,6827,438878,0,geod_dist_to_target,80,0.478541851813261
33764.44,COL-mean-Corr(Ben),10346,8711,438878,0,geod_dist_to_target,85,0.8096122752335942
33764.44,COL-mean-Corr(Ben),10346,10346,438878,0,geod_dist_to_target,90,0.0
33764.44,COL-mean-Corr(Ben),10346,10346,438878,0,geod_dist_to_target,95,0.0
33764.44,COL-mean-Corr(Ben),10346,10346,438878,0,geod_dist_to_target,100,0.0
33764.44,COL-mean-Corr(Ben),10346,5647,433015,0,geod_dist_to_target,5,25.171407382633117
33764.44,COL-mean-Corr(Ben),10346,3070,433015,0,geod_dist_to_target,6,68.38752760162767
33764.44,COL-mean-Corr(Ben),10346,5647,433015,0,geod_dist_to_target,7,25.171407382633117
33764.44,COL-mean-Corr(Ben),10346,6758,433015,0,geod_dist_to_target,8,10.512834507405485
33764.44,COL-mean-Corr(Ben),10346,6758,433015,0,geod_dist_to_target,9,10.512834507405485
33764.44,COL-mean-Corr(Ben),10346,6773,433015,0,geod_dist_to_target,10,9.318255114397905
33764.44,COL-mean-Corr(Ben),10346,6773,433015,0,geod_dist_to_target,11,9.318255114397905
33764.44,COL-mean-Corr(Ben),10346,6773,433015,0,geod_dist_to_target,12,9.318255114397905
33764.44,COL-mean-Corr(Ben),10346,6773,433015,0,geod_dist_to_target,13,9.318255114397905
33764.44,COL-mean-Corr(Ben),10346,1049,433015,0,geod_dist_to_target,14,2.4809464523205627
33764.44,COL-mean-Corr(Ben),10346,1049,433015,0,geod_dist_to_target,15,2.4809464523205627
33764.44,COL-mean-Corr(Ben),10346,1049,433015,0,geod_dist_to_target,16,2.4809464523205627
33764.44,COL-mean-Corr(Ben),10346,1049,433015,0,geod_dist_to_target,17,2.4809464523205627
33764.44,COL-mean-Corr(Ben),10346,1049,433015,0,geod_dist_to_target,18,2.4809464523205627
33764.44,COL-mean-Corr(Ben),10346,1049,433015,0,geod_dist_to_target,19,2.4809464523205627
33764.44,COL-mean-Corr(Ben),10346,1049,433015,0,geod_dist_to_target,20,2.4809464523205627
33764.44,COL-mean-Corr(Ben),10346,12632,433015,0,geod_dist_to_target,22,10.968826453195208
33764.44,COL-mean-Corr(Ben),10346,9001,433015,0,geod_dist_to_target,24,13.338625296340721
33764.44,COL-mean-Corr(Ben),10346,9001,433015,0,geod_dist_to_target,26,13.338625296340721
33764.44,COL-mean-Corr(Ben),10346,9001,433015,0,geod_dist_to_target,28,13.338625296340721
33764.44,COL-mean-Corr(Ben),10346,9001,433015,0,geod_dist_to_target,30,13.338625296340721
33764.44,COL-mean-Corr(Ben),10346,1059,433015,0,geod_dist_to_target,32,27.397416517902684
33764.44,COL-mean-Corr(Ben),10346,1059,433015,0,geod_dist_to_target,34,27.397416517902684
33764.44,COL-mean-Corr(Ben),10346,5945,433015,0,geod_dist_to_target,36,21.003940720851368
33764.44,COL-mean-Corr(Ben),10346,11097,433015,0,geod_dist_to_target,38,19.63639595324257
33764.44,COL-mean-Corr(Ben),10346,11097,433015,0,geod_dist_to_target,40,19.63639595324257
33764.44,COL-mean-Corr(Ben),10346,11097,433015,0,geod_dist_to_target,42,19.63639595324257
33764.44,COL-mean-Corr(Ben),10346,11097,433015,0,geod_dist_to_target,44,19.63639595324257
33764.44,COL-mean-Corr(Ben),10346,850,433015,0,geod_dist_to_target,46,18.966562897889897
33764.44,COL-mean-Corr(Ben),10346,11097,433015,0,geod_dist_to_target,48,19.63639595324257
33764.44,COL-mean-Corr(Ben),10346,11097,433015,0,geod_dist_to_target,50,19.63639595324257
33764.44,COL-mean-Corr(Ben),10346,11097,433015,0,geod_dist_to_target,55,19.63639595324257
33764.44,COL-mean-Corr(Ben),10346,9817,433015,0,geod_dist_to_target,60,17.97615801764001
33764.44,COL-mean-Corr(Ben),10346,9817,433015,0,geod_dist_to_target,65,17.97615801764001
33764.44,COL-mean-Corr(Ben),10346,9817,433015,0,geod_dist_to_target,70,17.97615801764001
33764.44,COL-mean-Corr(Ben),10346,12391,433015,0,geod_dist_to_target,75,18.485767045279413
33764.44,COL-mean-Corr(Ben),10346,12391,433015,0,geod_dist_to_target,80,18.485767045279413
33764.44,COL-mean-Corr(Ben),10346,12391,433015,0,geod_dist_to_target,85,18.485767045279413
33764.44,COL-mean-Corr(Ben),10346,12391,433015,0,geod_dist_to_target,90,18.485767045279413
33764.44,COL-mean-Corr(Ben),10346,1342,433015,0,geod_dist_to_target,95,0.196240604520838
33764.44,COL-mean-Corr(Ben),10346,12391,433015,0,geod_dist_to_target,100,18.485767045279413
33764.44,COL-mean-Corr(Ben),10346,3410,858597,0,geod_dist_to_target,5,57.03605732811324
33764.44,COL-mean-Corr(Ben),10346,1769,858597,0,geod_dist_to_target,6,26.087292424348366
33764.44,COL-mean-Corr(Ben),10346,5702,858597,0,geod_dist_to_target,7,43.97848300738971
33764.44,COL-mean-Corr(Ben),10346,10650,858597,0,geod_dist_to_target,8,51.587572815324364
33764.44,COL-mean-Corr(Ben),10346,1458,858597,0,geod_dist_to_target,9,44.78304671696235
33764.44,COL-mean-Corr(Ben),10346,5702,858597,0,geod_dist_to_target,10,43.97848300738971
33764.44,COL-mean-Corr(Ben),10346,1716,858597,0,geod_dist_to_target,11,45.646970321379435
33764.44,COL-mean-Corr(Ben),10346,3410,858597,0,geod_dist_to_target,12,57.03605732811324
33764.44,COL-mean-Corr(Ben),10346,8867,858597,0,geod_dist_to_target,13,11.316427783020922
33764.44,COL-mean-Corr(Ben),10346,8867,858597,0,geod_dist_to_target,14,11.316427783020922
33764.44,COL-mean-Corr(Ben),10346,11998,858597,0,geod_dist_to_target,15,18.634723119289916
33764.44,COL-mean-Corr(Ben),10346,5841,858597,0,geod_dist_to_target,16,12.922902611978776
33764.44,COL-mean-Corr(Ben),10346,8867,858597,0,geod_dist_to_target,17,11.316427783020922
33764.44,COL-mean-Corr(Ben),10346,8867,858597,0,geod_dist_to_target,18,11.316427783020922
33764.44,COL-mean-Corr(Ben),10346,8867,858597,0,geod_dist_to_target,19,11.316427783020922
33764.44,COL-mean-Corr(Ben),10346,8867,858597,0,geod_dist_to_target,20,11.316427783020922
33764.44,COL-mean-Corr(Ben),10346,8867,858597,0,geod_dist_to_target,22,11.316427783020922
33764.44,COL-mean-Corr(Ben),10346,1711,858597,0,geod_dist_to_target,24,18.577873264569117
33764.44,COL-mean-Corr(Ben),10346,2143,858597,0,geod_dist_to_target,26,44.31951038801831
33764.44,COL-mean-Corr(Ben),10346,3029,858597,0,geod_dist_to_target,28,11.236422918611195
33764.44,COL-mean-Corr(Ben),10346,6824,858597,0,geod_dist_to_target,30,0.557773902280137
33764.44,COL-mean-Corr(Ben),10346,5985,858597,0,geod_dist_to_target,32,12.83920516961517
33764.44,COL-mean-Corr(Ben),10346,4084,858597,0,geod_dist_to_target,34,11.614623599821568
33764.44,COL-mean-Corr(Ben),10346,5985,858597,0,geod_dist_to_target,36,12.83920516961517
33764.44,COL-mean-Corr(Ben),10346,5987,858597,0,geod_dist_to_target,38,12.064431991957482
33764.44,COL-mean-Corr(Ben),10346,5987,858597,0,geod_dist_to_target,40,12.064431991957482
33764.44,COL-mean-Corr(Ben),10346,5985,858597,0,geod_dist_to_target,42,12.83920516961517
33764.44,COL-mean-Corr(Ben),10346,1965,858597,0,geod_dist_to_target,44,12.446451630092568
33764.44,COL-mean-Corr(Ben),10346,1965,858597,0,geod_dist_to_target,46,12.446451630092568
33764.44,COL-mean-Corr(Ben),10346,1965,858597,0,geod_dist_to_target,48,12.446451630092568
33764.44,COL-mean-Corr(Ben),10346,4147,858597,0,geod_dist_to_target,50,13.26411220000292
33764.44,COL-mean-Corr(Ben),10346,1965,858597,0,geod_dist_to_target,55,12.446451630092568
33764.44,COL-mean-Corr(Ben),10346,1965,858597,0,geod_dist_to_target,60,12.446451630092568
33764.44,COL-mean-Corr(Ben),10346,10346,858597,0,geod_dist_to_target,65,0.0
33764.44,COL-mean-Corr(Ben),10346,12482,858597,0,geod_dist_to_target,70,0.5363487259966152
33764.44,COL-mean-Corr(Ben),10346,12482,858597,0,geod_dist_to_target,75,0.5363487259966152
33764.44,COL-mean-Corr(Ben),10346,10346,858597,0,geod_dist_to_target,80,0.0
33764.44,COL-mean-Corr(Ben),10346,10346,858597,0,geod_dist_to_target,85,0.0
33764.44,COL-mean-Corr(Ben),10346,10346,858597,0,geod_dist_to_target,90,0.0
33764.44,COL-mean-Corr(Ben),10346,10346,858597,0,geod_dist_to_target,95,0.0
33764.44,COL-mean-Corr(Ben),10346,10346,858597,0,geod_dist_to_target,100,0.0
33764.44,COL-mean-Corr(Ben),10346,2607,85945,0,geod_dist_to_target,5,18.283787061430797
33764.44,COL-mean-Corr(Ben),10346,9206,85945,0,geod_dist_to_target,6,15.747284149389172
33764.44,COL-mean-Corr(Ben),10346,9174,85945,0,geod_dist_to_target,7,19.980612473113762
33764.44,COL-mean-Corr(Ben),10346,11097,85945,0,geod_dist_to_target,8,19.63639595324257
33764.44,COL-mean-Corr(Ben),10346,12054,85945,0,geod_dist_to_target,9,26.57109674543909
33764.44,COL-mean-Corr(Ben),10346,1033,85945,0,geod_dist_to_target,10,20.68790622744168
33764.44,COL-mean-Corr(Ben),10346,11823,85945,0,geod_dist_to_target,11,19.288398786917966
33764.44,COL-mean-Corr(Ben),10346,1033,85945,0,geod_dist_to_target,12,20.68790622744168
33764.44,COL-mean-Corr(Ben),10346,3037,85945,0,geod_dist_to_target,13,14.461186878150679
33764.44,COL-mean-Corr(Ben),10346,1033,85945,0,geod_dist_to_target,14,20.68790622744168
33764.44,COL-mean-Corr(Ben),10346,7659,85945,0,geod_dist_to_target,15,16.40080365039258
33764.44,COL-mean-Corr(Ben),10346,11434,85945,0,geod_dist_to_target,16,19.035031185773786
33764.44,COL-mean-Corr(Ben),10346,7659,85945,0,geod_dist_to_target,17,16.40080365039258
33764.44,COL-mean-Corr(Ben),10346,7659,85945,0,geod_dist_to_target,18,16.40080365039258
33764.44,COL-mean-Corr(Ben),10346,11210,85945,0,geod_dist_to_target,19,1.70729194794039
33764.44,COL-mean-Corr(Ben),10346,8262,85945,0,geod_dist_to_target,20,11.951335211208573
33764.44,COL-mean-Corr(Ben),10346,3312,85945,0,geod_dist_to_target,22,1.2594994155835524
33764.44,COL-mean-Corr(Ben),10346,12131,85945,0,geod_dist_to_target,24,12.594052309402452
33764.44,COL-mean-Corr(Ben),10346,573,85945,0,geod_dist_to_target,26,0.43094694190624044
33764.44,COL-mean-Corr(Ben),10346,1342,85945,0,geod_dist_to_target,28,0.196240604520838
33764.44,COL-mean-Corr(Ben),10346,10684,85945,0,geod_dist_to_target,30,18.5800012592342
33764.44,COL-mean-Corr(Ben),10346,9692,85945,0,geod_dist_to_target,32,11.718328250733641
33764.44,COL-mean-Corr(Ben),10346,9692,85945,0,geod_dist_to_target,34,11.718328250733641
33764.44,COL-mean-Corr(Ben),10346,6085,85945,0,geod_dist_to_target,36,0.6323778067353208
33764.44,COL-mean-Corr(Ben),10346,6085,85945,0,geod_dist_to_target,38,0.6323778067353208
33764.44,COL-mean-Corr(Ben),10346,1342,85945,0,geod_dist_to_target,40,0.196240604520838
33764.44,COL-mean-Corr(Ben),10346,9692,85945,0,geod_dist_to_target,42,11.718328250733641
33764.44,COL-mean-Corr(Ben),10346,10545,85945,0,geod_dist_to_target,44,11.755419602640963
33764.44,COL-mean-Corr(Ben),10346,10545,85945,0,geod_dist_to_target,46,11.755419602640963
33764.44,COL-mean-Corr(Ben),10346,9692,85945,0,geod_dist_to_target,48,11.718328250733641
33764.44,COL-mean-Corr(Ben),10346,10545,85945,0,geod_dist_to_target,50,11.755419602640963
33764.44,COL-mean-Corr(Ben),10346,10545,85945,0,geod_dist_to_target,55,11.755419602640963
33764.44,COL-mean-Corr(Ben),10346,9692,85945,0,geod_dist_to_target,60,11.718328250733641
33764.44,COL-mean-Corr(Ben),10346,9692,85945,0,geod_dist_to_target,65,11.718328250733641
33764.44,COL-mean-Corr(Ben),10346,9692,85945,0,geod_dist_to_target,70,11.718328250733641
33764.44,COL-mean-Corr(Ben),10346,9692,85945,0,geod_dist_to_target,75,11.718328250733641
33764.44,COL-mean-Corr(Ben),10346,9692,85945,0,geod_dist_to_target,80,11.718328250733641
33764.44,COL-mean-Corr(Ben),10346,9692,85945,0,geod_dist_to_target,85,11.718328250733641
33764.44,COL-mean-Corr(Ben),10346,1342,85945,0,geod_dist_to_target,90,0.196240604520838
33764.44,COL-mean-Corr(Ben),10346,573,85945,0,geod_dist_to_target,95,0.43094694190624044
33764.44,COL-mean-Corr(Ben),10346,1342,85945,0,geod_dist_to_target,100,0.196240604520838
33764.44,COL-mean-Corr(Ben),10346,6763,697368,0,geod_dist_to_target,5,25.804678192972727
33764.44,COL-mean-Corr(Ben),10346,2951,697368,0,geod_dist_to_target,6,62.41249913637571
33764.44,COL-mean-Corr(Ben),10346,8264,697368,0,geod_dist_to_target,7,49.98368710680535
33764.44,COL-mean-Corr(Ben),10346,2070,697368,0,geod_dist_to_target,8,53.78426245448686
33764.44,COL-mean-Corr(Ben),10346,4498,697368,0,geod_dist_to_target,9,44.10541101201523
33764.44,COL-mean-Corr(Ben),10346,4498,697368,0,geod_dist_to_target,10,44.10541101201523
33764.44,COL-mean-Corr(Ben),10346,4498,697368,0,geod_dist_to_target,11,44.10541101201523
33764.44,COL-mean-Corr(Ben),10346,11108,697368,0,geod_dist_to_target,12,45.683638294007785
33764.44,COL-mean-Corr(Ben),10346,696,697368,0,geod_dist_to_target,13,43.21026725937107
33764.44,COL-mean-Corr(Ben),10346,11300,697368,0,geod_dist_to_target,14,43.529223803692275
33764.44,COL-mean-Corr(Ben),10346,11300,697368,0,geod_dist_to_target,15,43.529223803692275
33764.44,COL-mean-Corr(Ben),10346,11300,697368,0,geod_dist_to_target,16,43.529223803692275
33764.44,COL-mean-Corr(Ben),10346,1416,697368,0,geod_dist_to_target,17,22.260565907306795
33764.44,COL-mean-Corr(Ben),10346,6951,697368,0,geod_dist_to_target,18,23.263796964773775
33764.44,COL-mean-Corr(Ben),10346,1825,697368,0,geod_dist_to_target,19,42.02164267111121
33764.44,COL-mean-Corr(Ben),10346,1825,697368,0,geod_dist_to_target,20,42.02164267111121
33764.44,COL-mean-Corr(Ben),10346,618,697368,0,geod_dist_to_target,22,25.8490761468834
33764.44,COL-mean-Corr(Ben),10346,11733,697368,0,geod_dist_to_target,24,5.389198883291084
33764.44,COL-mean-Corr(Ben),10346,11733,697368,0,geod_dist_to_target,26,5.389198883291084
33764.44,COL-mean-Corr(Ben),10346,6791,697368,0,geod_dist_to_target,28,6.521392067220819
33764.44,COL-mean-Corr(Ben),10346,6791,697368,0,geod_dist_to_target,30,6.521392067220819
33764.44,COL-mean-Corr(Ben),10346,9430,697368,0,geod_dist_to_target,32,5.718854666178275
33764.44,COL-mean-Corr(Ben),10346,9430,697368,0,geod_dist_to_target,34,5.718854666178275
33764.44,COL-mean-Corr(Ben),10346,3246,697368,0,geod_dist_to_target,36,3.652985783364807
33764.44,COL-mean-Corr(Ben),10346,3246,697368,0,geod_dist_to_target,38,3.652985783364807
33764.44,COL-mean-Corr(Ben),10346,7790,697368,0,geod_dist_to_target,40,1.241119515143387
33764.44,COL-mean-Corr(Ben),10346,11456,697368,0,geod_dist_to_target,42,1.5986943742422266
33764.44,COL-mean-Corr(Ben),10346,3695,697368,0,geod_dist_to_target,44,1.784394347259849
33764.44,COL-mean-Corr(Ben),10346,7790,697368,0,geod_dist_to_target,46,1.241119515143387
33764.44,COL-mean-Corr(Ben),10346,3695,697368,0,geod_dist_to_target,48,1.784394347259849
33764.44,COL-mean-Corr(Ben),10346,3695,697368,0,geod_dist_to_target,50,1.784394347259849
33764.44,COL-mean-Corr(Ben),10346,3695,697368,0,geod_dist_to_target,55,1.784394347259849
33764.44,COL-mean-Corr(Ben),10346,3695,697368,0,geod_dist_to_target,60,1.784394347259849
33764.44,COL-mean-Corr(Ben),10346,7790,697368,0,geod_dist_to_target,65,1.241119515143387
33764.44,COL-mean-Corr(Ben),10346,6354,697368,0,geod_dist_to_target,70,12.090951304064236
33764.44,COL-mean-Corr(Ben),10346,6354,697368,0,geod_dist_to_target,75,12.090951304064236
33764.44,COL-mean-Corr(Ben),10346,7790,697368,0,geod_dist_to_target,80,1.241119515143387
33764.44,COL-mean-Corr(Ben),10346,6354,697368,0,geod_dist_to_target,85,12.090951304064236
33764.44,COL-mean-Corr(Ben),10346,6354,697368,0,geod_dist_to_target,90,12.090951304064236
33764.44,COL-mean-Corr(Ben),10346,6354,697368,0,geod_dist_to_target,95,12.090951304064236
33764.44,COL-mean-Corr(Ben),10346,6354,697368,0,geod_dist_to_target,100,12.090951304064236
33764.44,COL-mean-Corr(Ben),10346,4446,201469,0,geod_dist_to_target,5,49.73147610122677
33764.44,COL-mean-Corr(Ben),10346,11712,201469,0,geod_dist_to_target,6,48.66592258019563
33764.44,COL-mean-Corr(Ben),10346,11560,201469,0,geod_dist_to_target,7,42.545106099767644
33764.44,COL-mean-Corr(Ben),10346,4446,201469,0,geod_dist_to_target,8,49.73147610122677
33764.44,COL-mean-Corr(Ben),10346,6760,201469,0,geod_dist_to_target,9,10.021235375868722
33764.44,COL-mean-Corr(Ben),10346,6760,201469,0,geod_dist_to_target,10,10.021235375868722
33764.44,COL-mean-Corr(Ben),10346,6760,201469,0,geod_dist_to_target,11,10.021235375868722
33764.44,COL-mean-Corr(Ben),10346,3990,201469,0,geod_dist_to_target,12,43.79879343264739
33764.44,COL-mean-Corr(Ben),10346,3990,201469,0,geod_dist_to_target,13,43.79879343264739
33764.44,COL-mean-Corr(Ben),10346,4498,201469,0,geod_dist_to_target,14,44.10541101201523
33764.44,COL-mean-Corr(Ben),10346,4498,201469,0,geod_dist_to_target,15,44.10541101201523
33764.44,COL-mean-Corr(Ben),10346,3990,201469,0,geod_dist_to_target,16,43.79879343264739
33764.44,COL-mean-Corr(Ben),10346,6524,201469,0,geod_dist_to_target,17,44.34546466305424
33764.44,COL-mean-Corr(Ben),10346,6524,201469,0,geod_dist_to_target,18,44.34546466305424
33764.44,COL-mean-Corr(Ben),10346,6524,201469,0,geod_dist_to_target,19,44.34546466305424
33764.44,COL-mean-Corr(Ben),10346,4465,201469,0,geod_dist_to_target,20,48.47805472920019
33764.44,COL-mean-Corr(Ben),10346,4457,201469,0,geod_dist_to_target,22,48.82736355230704
33764.44,COL-mean-Corr(Ben),10346,6329,201469,0,geod_dist_to_target,24,9.725609559864038
33764.44,COL-mean-Corr(Ben),10346,6329,201469,0,geod_dist_to_target,26,9.725609559864038
33764.44,COL-mean-Corr(Ben),10346,6783,201469,0,geod_dist_to_target,28,7.949637471532337
33764.44,COL-mean-Corr(Ben),10346,6783,201469,0,geod_dist_to_target,30,7.949637471532337
33764.44,COL-mean-Corr(Ben),10346,3417,201469,0,geod_dist_to_target,32,12.970820843686445
33764.44,COL-mean-Corr(Ben),10346,3417,201469,0,geod_dist_to_target,34,12.970820843686445
33764.44,COL-mean-Corr(Ben),10346,3417,201469,0,geod_dist_to_target,36,12.970820843686445
33764.44,COL-mean-Corr(Ben),10346,3417,201469,0,geod_dist_to_target,38,12.970820843686445
33764.44,COL-mean-Corr(Ben),10346,6833,201469,0,geod_dist_to_target,40,12.535301584713428
33764.44,COL-mean-Corr(Ben),10346,6833,201469,0,geod_dist_to_target,42,12.535301584713428
33764.44,COL-mean-Corr(Ben),10346,6833,201469,0,geod_dist_to_target,44,12.535301584713428
33764.44,COL-mean-Corr(Ben),10346,9011,201469,0,geod_dist_to_target,46,12.111281533922837
33764.44,COL-mean-Corr(Ben),10346,6833,201469,0,geod_dist_to_target,48,12.535301584713428
33764.44,COL-mean-Corr(Ben),10346,6833,201469,0,geod_dist_to_target,50,12.535301584713428
33764.44,COL-mean-Corr(Ben),10346,9011,201469,0,geod_dist_to_target,55,12.111281533922837
33764.44,COL-mean-Corr(Ben),10346,6833,201469,0,geod_dist_to_target,60,12.535301584713428
33764.44,COL-mean-Corr(Ben),10346,6833,201469,0,geod_dist_to_target,65,12.535301584713428
33764.44,COL-mean-Corr(Ben),10346,11081,201469,0,geod_dist_to_target,70,13.280248288924684
33764.44,COL-mean-Corr(Ben),10346,11081,201469,0,geod_dist_to_target,75,13.280248288924684
33764.44,COL-mean-Corr(Ben),10346,11081,201469,0,geod_dist_to_target,80,13.280248288924684
33764.44,COL-mean-Corr(Ben),10346,114,201469,0,geod_dist_to_target,85,12.523372575991699
33764.44,COL-mean-Corr(Ben),10346,11081,201469,0,geod_dist_to_target,90,13.280248288924684
33764.44,COL-mean-Corr(Ben),10346,11081,201469,0,geod_dist_to_target,95,13.280248288924684
33764.44,COL-mean-Corr(Ben),10346,11081,201469,0,geod_dist_to_target,100,13.280248288924684
33764.44,COL-mean-Corr(Ben),10346,5798,94177,0,geod_dist_to_target,5,31.543673445238483
33764.44,COL-mean-Corr(Ben),10346,770,94177,0,geod_dist_to_target,6,10.375517987245713
33764.44,COL-mean-Corr(Ben),10346,2556,94177,0,geod_dist_to_target,7,25.558752007883317
33764.44,COL-mean-Corr(Ben),10346,12136,94177,0,geod_dist_to_target,8,10.721432156249461
33764.44,COL-mean-Corr(Ben),10346,6858,94177,0,geod_dist_to_target,9,32.9652232583081
33764.44,COL-mean-Corr(Ben),10346,6858,94177,0,geod_dist_to_target,10,32.9652232583081
33764.44,COL-mean-Corr(Ben),10346,1961,94177,0,geod_dist_to_target,11,10.439142617958067
33764.44,COL-mean-Corr(Ben),10346,1961,94177,0,geod_dist_to_target,12,10.439142617958067
33764.44,COL-mean-Corr(Ben),10346,1961,94177,0,geod_dist_to_target,13,10.439142617958067
33764.44,COL-mean-Corr(Ben),10346,1961,94177,0,geod_dist_to_target,14,10.439142617958067
33764.44,COL-mean-Corr(Ben),10346,1961,94177,0,geod_dist_to_target,15,10.439142617958067
33764.44,COL-mean-Corr(Ben),10346,1961,94177,0,geod_dist_to_target,16,10.439142617958067
33764.44,COL-mean-Corr(Ben),10346,2269,94177,0,geod_dist_to_target,17,10.856219588095115
33764.44,COL-mean-Corr(Ben),10346,5589,94177,0,geod_dist_to_target,18,12.045346313111438
33764.44,COL-mean-Corr(Ben),10346,7232,94177,0,geod_dist_to_target,19,14.101495187809777
33764.44,COL-mean-Corr(Ben),10346,7232,94177,0,geod_dist_to_target,20,14.101495187809777
33764.44,COL-mean-Corr(Ben),10346,7232,94177,0,geod_dist_to_target,22,14.101495187809777
33764.44,COL-mean-Corr(Ben),10346,11081,94177,0,geod_dist_to_target,24,13.280248288924684
33764.44,COL-mean-Corr(Ben),10346,7232,94177,0,geod_dist_to_target,26,14.101495187809777
33764.44,COL-mean-Corr(Ben),10346,172,94177,0,geod_dist_to_target,28,44.61000847194335
33764.44,COL-mean-Corr(Ben),10346,172,94177,0,geod_dist_to_target,30,44.61000847194335
33764.44,COL-mean-Corr(Ben),10346,5569,94177,0,geod_dist_to_target,32,44.37019247526337
33764.44,COL-mean-Corr(Ben),10346,5569,94177,0,geod_dist_to_target,34,44.37019247526337
33764.44,COL-mean-Corr(Ben),10346,172,94177,0,geod_dist_to_target,36,44.61000847194335
33764.44,COL-mean-Corr(Ben),10346,8077,94177,0,geod_dist_to_target,38,14.045243382609423
33764.44,COL-mean-Corr(Ben),10346,8077,94177,0,geod_dist_to_target,40,14.045243382609423
33764.44,COL-mean-Corr(Ben),10346,8077,94177,0,geod_dist_to_target,42,14.045243382609423
33764.44,COL-mean-Corr(Ben),10346,8077,94177,0,geod_dist_to_target,44,14.045243382609423
33764.44,COL-mean-Corr(Ben),10346,8077,94177,0,geod_dist_to_target,46,14.045243382609423
33764.44,COL-mean-Corr(Ben),10346,8077,94177,0,geod_dist_to_target,48,14.045243382609423
33764.44,COL-mean-Corr(Ben),10346,8077,94177,0,geod_dist_to_target,50,14.045243382609423
33764.44,COL-mean-Corr(Ben),10346,8077,94177,0,geod_dist_to_target,55,14.045243382609423
33764.44,COL-mean-Corr(Ben),10346,11093,94177,0,geod_dist_to_target,60,13.405110633352935
33764.44,COL-mean-Corr(Ben),10346,8077,94177,0,geod_dist_to_target,65,14.045243382609423
33764.44,COL-mean-Corr(Ben),10346,11093,94177,0,geod_dist_to_target,70,13.405110633352935
33764.44,COL-mean-Corr(Ben),10346,11093,94177,0,geod_dist_to_target,75,13.405110633352935
33764.44,COL-mean-Corr(Ben),10346,11093,94177,0,geod_dist_to_target,80,13.405110633352935
33764.44,COL-mean-Corr(Ben),10346,4504,94177,0,geod_dist_to_target,85,12.873114520264442
33764.44,COL-mean-Corr(Ben),10346,4504,94177,0,geod_dist_to_target,90,12.873114520264442
33764.44,COL-mean-Corr(Ben),10346,4504,94177,0,geod_dist_to_target,95,12.873114520264442
33764.44,COL-mean-Corr(Ben),10346,4504,94177,0,geod_dist_to_target,100,12.873114520264442
33764.44,COL-max-Corr,10346,12265,89250,0,geod_dist_to_target,5,27.78241467029244
33764.44,COL-max-Corr,10346,3995,89250,0,geod_dist_to_target,6,44.237911728406495
33764.44,COL-max-Corr,10346,9106,89250,0,geod_dist_to_target,7,13.746955830551583
33764.44,COL-max-Corr,10346,9106,89250,0,geod_dist_to_target,8,13.746955830551583
33764.44,COL-max-Corr,10346,9106,89250,0,geod_dist_to_target,9,13.746955830551583
33764.44,COL-max-Corr,10346,9106,89250,0,geod_dist_to_target,10,13.746955830551583
33764.44,COL-max-Corr,10346,9200,89250,0,geod_dist_to_target,11,15.670644324665288
33764.44,COL-max-Corr,10346,9200,89250,0,geod_dist_to_target,12,15.670644324665288
33764.44,COL-max-Corr,10346,11210,89250,0,geod_dist_to_target,13,1.70729194794039
33764.44,COL-max-Corr,10346,11210,89250,0,geod_dist_to_target,14,1.70729194794039
33764.44,COL-max-Corr,10346,3526,89250,0,geod_dist_to_target,15,1.8246709417877804
33764.44,COL-max-Corr,10346,3526,89250,0,geod_dist_to_target,16,1.8246709417877804
33764.44,COL-max-Corr,10346,3526,89250,0,geod_dist_to_target,17,1.8246709417877804
33764.44,COL-max-Corr,10346,7183,89250,0,geod_dist_to_target,18,1.0074535587474773
33764.44,COL-max-Corr,10346,7183,89250,0,geod_dist_to_target,19,1.0074535587474773
33764.44,COL-max-Corr,10346,7183,89250,0,geod_dist_to_target,20,1.0074535587474773
33764.44,COL-max-Corr,10346,7183,89250,0,geod_dist_to_target,22,1.0074535587474773
33764.44,COL-max-Corr,10346,3526,89250,0,geod_dist_to_target,24,1.8246709417877804
33764.44,COL-max-Corr,10346,3526,89250,0,geod_dist_to_target,26,1.8246709417877804
33764.44,COL-max-Corr,10346,3526,89250,0,geod_dist_to_target,28,1.8246709417877804
33764.44,COL-max-Corr,10346,3526,89250,0,geod_dist_to_target,30,1.8246709417877804
33764.44,COL-max-Corr,10346,3526,89250,0,geod_dist_to_target,32,1.8246709417877804
33764.44,COL-max-Corr,10346,11606,89250,0,geod_dist_to_target,34,1.2050480948774986
33764.44,COL-max-Corr,10346,12482,89250,0,geod_dist_to_target,36,0.5363487259966152
33764.44,COL-max-Corr,10346,12482,89250,0,geod_dist_to_target,38,0.5363487259966152
33764.44,COL-max-Corr,10346,7183,89250,0,geod_dist_to_target,40,1.0074535587474773
33764.44,COL-max-Corr,10346,7183,89250,0,geod_dist_to_target,42,1.0074535587474773
33764.44,COL-max-Corr,10346,7183,89250,0,geod_dist_to_target,44,1.0074535587474773
33764.44,COL-max-Corr,10346,12482,89250,0,geod_dist_to_target,46,0.5363487259966152
33764.44,COL-max-Corr,10346,6845,89250,0,geod_dist_to_target,48,0.2505287899723362
33764.44,COL-max-Corr,10346,12482,89250,0,geod_dist_to_target,50,0.5363487259966152
33764.44,COL-max-Corr,10346,12482,89250,0,geod_dist_to_target,55,0.5363487259966152
33764.44,COL-max-Corr,10346,11606,89250,0,geod_dist_to_target,60,1.2050480948774986
33764.44,COL-max-Corr,10346,11606,89250,0,geod_dist_to_target,65,1.2050480948774986
33764.44,COL-max-Corr,10346,12482,89250,0,geod_dist_to_target,70,0.5363487259966152
33764.44,COL-max-Corr,10346,12482,89250,0,geod_dist_to_target,75,0.5363487259966152
33764.44,COL-max-Corr,10346,12482,89250,0,geod_dist_to_target,80,0.5363487259966152
33764.44,COL-max-Corr,10346,6845,89250,0,geod_dist_to_target,85,0.2505287899723362
33764.44,COL-max-Corr,10346,10346,89250,0,geod_dist_to_target,90,0.0
33764.44,COL-max-Corr,10346,10346,89250,0,geod_dist_to_target,95,0.0
33764.44,COL-max-Corr,10346,10346,89250,0,geod_dist_to_target,100,0.0
33764.44,COL-max-Corr,10346,1406,773956,0,geod_dist_to_target,5,21.690304982908486
33764.44,COL-max-Corr,10346,6213,773956,0,geod_dist_to_target,6,10.832430526519673
33764.44,COL-max-Corr,10346,2324,773956,0,geod_dist_to_target,7,15.096217379336048
33764.44,COL-max-Corr,10346,6213,773956,0,geod_dist_to_target,8,10.832430526519673
33764.44,COL-max-Corr,10346,2269,773956,0,geod_dist_to_target,9,10.856219588095115
33764.44,COL-max-Corr,10346,12428,773956,0,geod_dist_to_target,10,11.916772575473985
33764.44,COL-max-Corr,10346,9015,773956,0,geod_dist_to_target,11,12.311807638179495
33764.44,COL-max-Corr,10346,9015,773956,0,geod_dist_to_target,12,12.311807638179495
33764.44,COL-max-Corr,10346,9106,773956,0,geod_dist_to_target,13,13.746955830551583
33764.44,COL-max-Corr,10346,9106,773956,0,geod_dist_to_target,14,13.746955830551583
33764.44,COL-max-Corr,10346,9106,773956,0,geod_dist_to_target,15,13.746955830551583
33764.44,COL-max-Corr,10346,9106,773956,0,geod_dist_to_target,16,13.746955830551583
33764.44,COL-max-Corr,10346,9107,773956,0,geod_dist_to_target,17,14.187763661678352
33764.44,COL-max-Corr,10346,9110,773956,0,geod_dist_to_target,18,13.391703218180323
33764.44,COL-max-Corr,10346,9110,773956,0,geod_dist_to_target,19,13.391703218180323
33764.44,COL-max-Corr,10346,9110,773956,0,geod_dist_to_target,20,13.391703218180323
33764.44,COL-max-Corr,10346,9110,773956,0,geod_dist_to_target,22,13.391703218180323
33764.44,COL-max-Corr,10346,9015,773956,0,geod_dist_to_target,24,12.311807638179495
33764.44,COL-max-Corr,10346,9015,773956,0,geod_dist_to_target,26,12.311807638179495
33764.44,COL-max-Corr,10346,9121,773956,0,geod_dist_to_target,28,12.860463301107151
33764.44,COL-max-Corr,10346,6745,773956,0,geod_dist_to_target,30,9.973505316712606
33764.44,COL-max-Corr,10346,6745,773956,0,geod_dist_to_target,32,9.973505316712606
33764.44,COL-max-Corr,10346,1396,773956,0,geod_dist_to_target,34,0.499481213365009
33764.44,COL-max-Corr,10346,3429,773956,0,geod_dist_to_target,36,1.086999607447876
33764.44,COL-max-Corr,10346,3429,773956,0,geod_dist_to_target,38,1.086999607447876
33764.44,COL-max-Corr,10346,3429,773956,0,geod_dist_to_target,40,1.086999607447876
33764.44,COL-max-Corr,10346,3429,773956,0,geod_dist_to_target,42,1.086999607447876
33764.44,COL-max-Corr,10346,3429,773956,0,geod_dist_to_target,44,1.086999607447876
33764.44,COL-max-Corr,10346,3429,773956,0,geod_dist_to_target,46,1.086999607447876
33764.44,COL-max-Corr,10346,3429,773956,0,geod_dist_to_target,48,1.086999607447876
33764.44,COL-max-Corr,10346,3429,773956,0,geod_dist_to_target,50,1.086999607447876
33764.44,COL-max-Corr,10346,10346,773956,0,geod_dist_to_target,55,0.0
33764.44,COL-max-Corr,10346,3429,773956,0,geod_dist_to_target,60,1.086999607447876
33764.44,COL-max-Corr,10346,3429,773956,0,geod_dist_to_target,65,1.086999607447876
33764.44,COL-max-Corr,10346,11606,773956,0,geod_dist_to_target,70,1.2050480948774986
33764.44,COL-max-Corr,10346,3429,773956,0,geod_dist_to_target,75,1.086999607447876
33764.44,COL-max-Corr,10346,3429,773956,0,geod_dist_to_target,80,1.086999607447876
33764.44,COL-max-Corr,10346,3429,773956,0,geod_dist_to_target,85,1.086999607447876
33764.44,COL-max-Corr,10346,3429,773956,0,geod_dist_to_target,90,1.086999607447876
33764.44,COL-max-Corr,10346,3429,773956,0,geod_dist_to_target,95,1.086999607447876
33764.44,COL-max-Corr,10346,3429,773956,0,geod_dist_to_target,100,1.086999607447876
33764.44,COL-max-Corr,10346,9283,654571,0,geod_dist_to_target,5,18.57865567583164
33764.44,COL-max-Corr,10346,3429,654571,0,geod_dist_to_target,6,1.086999607447876
33764.44,COL-max-Corr,10346,1126,654571,0,geod_dist_to_target,7,18.322139323599345
33764.44,COL-max-Corr,10346,1733,654571,0,geod_dist_to_target,8,16.535590735449315
33764.44,COL-max-Corr,10346,7173,654571,0,geod_dist_to_target,9,0.9782260660933111
33764.44,COL-max-Corr,10346,12418,654571,0,geod_dist_to_target,10,18.740853343793162
33764.44,COL-max-Corr,10346,12418,654571,0,geod_dist_to_target,11,18.740853343793162
33764.44,COL-max-Corr,10346,12418,654571,0,geod_dist_to_target,12,18.740853343793162
33764.44,COL-max-Corr,10346,12418,654571,0,geod_dist_to_target,13,18.740853343793162
33764.44,COL-max-Corr,10346,1396,654571,0,geod_dist_to_target,14,0.499481213365009
33764.44,COL-max-Corr,10346,1396,654571,0,geod_dist_to_target,15,0.499481213365009
33764.44,COL-max-Corr,10346,1396,654571,0,geod_dist_to_target,16,0.499481213365009
33764.44,COL-max-Corr,10346,1396,654571,0,geod_dist_to_target,17,0.499481213365009
33764.44,COL-max-Corr,10346,1396,654571,0,geod_dist_to_target,18,0.499481213365009
33764.44,COL-max-Corr,10346,1396,654571,0,geod_dist_to_target,19,0.499481213365009
33764.44,COL-max-Corr,10346,1396,654571,0,geod_dist_to_target,20,0.499481213365009
33764.44,COL-max-Corr,10346,1396,654571,0,geod_dist_to_target,22,0.499481213365009
33764.44,COL-max-Corr,10346,7232,654571,0,geod_dist_to_target,24,14.101495187809777
33764.44,COL-max-Corr,10346,7232,654571,0,geod_dist_to_target,26,14.101495187809777
33764.44,COL-max-Corr,10346,2536,654571,0,geod_dist_to_target,28,13.838439028807151
33764.44,COL-max-Corr,10346,8104,654571,0,geod_dist_to_target,30,14.226500079521601
33764.44,COL-max-Corr,10346,8104,654571,0,geod_dist_to_target,32,14.226500079521601
33764.44,COL-max-Corr,10346,8104,654571,0,geod_dist_to_target,34,14.226500079521601
33764.44,COL-max-Corr,10346,8104,654571,0,geod_dist_to_target,36,14.226500079521601
33764.44,COL-max-Corr,10346,8104,654571,0,geod_dist_to_target,38,14.226500079521601
33764.44,COL-max-Corr,10346,1030,654571,0,geod_dist_to_target,40,14.008106322553047
33764.44,COL-max-Corr,10346,1030,654571,0,geod_dist_to_target,42,14.008106322553047
33764.44,COL-max-Corr,10346,1030,654571,0,geod_dist_to_target,44,14.008106322553047
33764.44,COL-max-Corr,10346,8104,654571,0,geod_dist_to_target,46,14.226500079521601
33764.44,COL-max-Corr,10346,8104,654571,0,geod_dist_to_target,48,14.226500079521601
33764.44,COL-max-Corr,10346,8104,654571,0,geod_dist_to_target,50,14.226500079521601
33764.44,COL-max-Corr,10346,8104,654571,0,geod_dist_to_target,55,14.226500079521601
33764.44,COL-max-Corr,10346,8104,654571,0,geod_dist_to_target,60,14.226500079521601
33764.44,COL-max-Corr,10346,10346,654571,0,geod_dist_to_target,65,0.0
33764.44,COL-max-Corr,10346,10346,654571,0,geod_dist_to_target,70,0.0
33764.44,COL-max-Corr,10346,10346,654571,0,geod_dist_to_target,75,0.0
33764.44,COL-max-Corr,10346,10346,654571,0,geod_dist_to_target,80,0.0
33764.44,COL-max-Corr,10346,10346,654571,0,geod_dist_to_target,85,0.0
33764.44,COL-max-Corr,10346,10346,654571,0,geod_dist_to_target,90,0.0
33764.44,COL-max-Corr,10346,10346,654571,0,geod_dist_to_target,95,0.0
33764.44,COL-max-Corr,10346,10346,654571,0,geod_dist_to_target,100,0.0
33764.44,COL-max-Corr,10346,6491,438878,0,geod_dist_to_target,5,3.6630324397695517
33764.44,COL-max-Corr,10346,11892,438878,0,geod_dist_to_target,6,49.30241738989798
33764.44,COL-max-Corr,10346,4505,438878,0,geod_dist_to_target,7,15.42215611291545
33764.44,COL-max-Corr,10346,8104,438878,0,geod_dist_to_target,8,14.226500079521601
33764.44,COL-max-Corr,10346,8104,438878,0,geod_dist_to_target,9,14.226500079521601
33764.44,COL-max-Corr,10346,2536,438878,0,geod_dist_to_target,10,13.838439028807151
33764.44,COL-max-Corr,10346,2536,438878,0,geod_dist_to_target,11,13.838439028807151
33764.44,COL-max-Corr,10346,2536,438878,0,geod_dist_to_target,12,13.838439028807151
33764.44,COL-max-Corr,10346,12312,438878,0,geod_dist_to_target,13,13.366025603624957
33764.44,COL-max-Corr,10346,12312,438878,0,geod_dist_to_target,14,13.366025603624957
33764.44,COL-max-Corr,10346,12312,438878,0,geod_dist_to_target,15,13.366025603624957
33764.44,COL-max-Corr,10346,12312,438878,0,geod_dist_to_target,16,13.366025603624957
33764.44,COL-max-Corr,10346,12312,438878,0,geod_dist_to_target,17,13.366025603624957
33764.44,COL-max-Corr,10346,12312,438878,0,geod_dist_to_target,18,13.366025603624957
33764.44,COL-max-Corr,10346,12312,438878,0,geod_dist_to_target,19,13.366025603624957
33764.44,COL-max-Corr,10346,12312,438878,0,geod_dist_to_target,20,13.366025603624957
33764.44,COL-max-Corr,10346,12312,438878,0,geod_dist_to_target,22,13.366025603624957
33764.44,COL-max-Corr,10346,5980,438878,0,geod_dist_to_target,24,14.176638578601336
33764.44,COL-max-Corr,10346,10346,438878,0,geod_dist_to_target,26,0.0
33764.44,COL-max-Corr,10346,10346,438878,0,geod_dist_to_target,28,0.0
33764.44,COL-max-Corr,10346,10346,438878,0,geod_dist_to_target,30,0.0
33764.44,COL-max-Corr,10346,10346,438878,0,geod_dist_to_target,32,0.0
33764.44,COL-max-Corr,10346,806,438878,0,geod_dist_to_target,34,15.738817622381191
33764.44,COL-max-Corr,10346,806,438878,0,geod_dist_to_target,36,15.738817622381191
33764.44,COL-max-Corr,10346,5981,438878,0,geod_dist_to_target,38,13.790183430242331
33764.44,COL-max-Corr,10346,806,438878,0,geod_dist_to_target,40,15.738817622381191
33764.44,COL-max-Corr,10346,806,438878,0,geod_dist_to_target,42,15.738817622381191
33764.44,COL-max-Corr,10346,806,438878,0,geod_dist_to_target,44,15.738817622381191
33764.44,COL-max-Corr,10346,5981,438878,0,geod_dist_to_target,46,13.790183430242331
33764.44,COL-max-Corr,10346,5981,438878,0,geod_dist_to_target,48,13.790183430242331
33764.44,COL-max-Corr,10346,6845,438878,0,geod_dist_to_target,50,0.2505287899723362
33764.44,COL-max-Corr,10346,6845,438878,0,geod_dist_to_target,55,0.2505287899723362
33764.44,COL-max-Corr,10346,6845,438878,0,geod_dist_to_target,60,0.2505287899723362
33764.44,COL-max-Corr,10346,6845,438878,0,geod_dist_to_target,65,0.2505287899723362
33764.44,COL-max-Corr,10346,6845,438878,0,geod_dist_to_target,70,0.2505287899723362
33764.44,COL-max-Corr,10346,6845,438878,0,geod_dist_to_target,75,0.2505287899723362
33764.44,COL-max-Corr,10346,6845,438878,0,geod_dist_to_target,80,0.2505287899723362
33764.44,COL-max-Corr,10346,6845,438878,0,geod_dist_to_target,85,0.2505287899723362
33764.44,COL-max-Corr,10346,10346,438878,0,geod_dist_to_target,90,0.0
33764.44,COL-max-Corr,10346,10346,438878,0,geod_dist_to_target,95,0.0
33764.44,COL-max-Corr,10346,10346,438878,0,geod_dist_to_target,100,0.0
33764.44,COL-max-Corr,10346,1053,433015,0,geod_dist_to_target,5,30.666139832646724
33764.44,COL-max-Corr,10346,7435,433015,0,geod_dist_to_target,6,15.087975372139363
33764.44,COL-max-Corr,10346,2649,433015,0,geod_dist_to_target,7,1.443109850148483
33764.44,COL-max-Corr,10346,9429,433015,0,geod_dist_to_target,8,1.8237347014406053
33764.44,COL-max-Corr,10346,2649,433015,0,geod_dist_to_target,9,1.443109850148483
33764.44,COL-max-Corr,10346,2649,433015,0,geod_dist_to_target,10,1.443109850148483
33764.44,COL-max-Corr,10346,9121,433015,0,geod_dist_to_target,11,12.860463301107151
33764.44,COL-max-Corr,10346,9121,433015,0,geod_dist_to_target,12,12.860463301107151
33764.44,COL-max-Corr,10346,9121,433015,0,geod_dist_to_target,13,12.860463301107151
33764.44,COL-max-Corr,10346,9121,433015,0,geod_dist_to_target,14,12.860463301107151
33764.44,COL-max-Corr,10346,9121,433015,0,geod_dist_to_target,15,12.860463301107151
33764.44,COL-max-Corr,10346,6636,433015,0,geod_dist_to_target,16,3.066134831086984
33764.44,COL-max-Corr,10346,6636,433015,0,geod_dist_to_target,17,3.066134831086984
33764.44,COL-max-Corr,10346,9123,433015,0,geod_dist_to_target,18,13.631326047814923
33764.44,COL-max-Corr,10346,9123,433015,0,geod_dist_to_target,19,13.631326047814923
33764.44,COL-max-Corr,10346,726,433015,0,geod_dist_to_target,20,15.015541436628167
33764.44,COL-max-Corr,10346,726,433015,0,geod_dist_to_target,22,15.015541436628167
33764.44,COL-max-Corr,10346,9123,433015,0,geod_dist_to_target,24,13.631326047814923
33764.44,COL-max-Corr,10346,726,433015,0,geod_dist_to_target,26,15.015541436628167
33764.44,COL-max-Corr,10346,8732,433015,0,geod_dist_to_target,28,46.63134980285053
33764.44,COL-max-Corr,10346,3305,433015,0,geod_dist_to_target,30,15.914983417002654
33764.44,COL-max-Corr,10346,3305,433015,0,geod_dist_to_target,32,15.914983417002654
33764.44,COL-max-Corr,10346,12542,433015,0,geod_dist_to_target,34,16.372885020970752
33764.44,COL-max-Corr,10346,9149,433015,0,geod_dist_to_target,36,17.40639154450201
33764.44,COL-max-Corr,10346,9149,433015,0,geod_dist_to_target,38,17.40639154450201
33764.44,COL-max-Corr,10346,5968,433015,0,geod_dist_to_target,40,16.87433362125492
33764.44,COL-max-Corr,10346,5968,433015,0,geod_dist_to_target,42,16.87433362125492
33764.44,COL-max-Corr,10346,5968,433015,0,geod_dist_to_target,44,16.87433362125492
33764.44,COL-max-Corr,10346,5968,433015,0,geod_dist_to_target,46,16.87433362125492
33764.44,COL-max-Corr,10346,5968,433015,0,geod_dist_to_target,48,16.87433362125492
33764.44,COL-max-Corr,10346,5968,433015,0,geod_dist_to_target,50,16.87433362125492
33764.44,COL-max-Corr,10346,4337,433015,0,geod_dist_to_target,55,16.01758152958007
33764.44,COL-max-Corr,10346,1381,433015,0,geod_dist_to_target,60,0.24177044035433656
33764.44,COL-max-Corr,10346,1381,433015,0,geod_dist_to_target,65,0.24177044035433656
33764.44,COL-max-Corr,10346,1381,433015,0,geod_dist_to_target,70,0.24177044035433656
33764.44,COL-max-Corr,10346,1381,433015,0,geod_dist_to_target,75,0.24177044035433656
33764.44,COL-max-Corr,10346,1381,433015,0,geod_dist_to_target,80,0.24177044035433656
33764.44,COL-max-Corr,10346,1381,433015,0,geod_dist_to_target,85,0.24177044035433656
33764.44,COL-max-Corr,10346,1381,433015,0,geod_dist_to_target,90,0.24177044035433656
33764.44,COL-max-Corr,10346,1381,433015,0,geod_dist_to_target,95,0.24177044035433656
33764.44,COL-max-Corr,10346,1381,433015,0,geod_dist_to_target,100,0.24177044035433656
33764.44,COL-max-Corr,10346,11079,858597,0,geod_dist_to_target,5,16.852640219438026
33764.44,COL-max-Corr,10346,9319,858597,0,geod_dist_to_target,6,14.58341257619044
33764.44,COL-max-Corr,10346,1671,858597,0,geod_dist_to_target,7,7.8112084277827805
33764.44,COL-max-Corr,10346,1671,858597,0,geod_dist_to_target,8,7.8112084277827805
33764.44,COL-max-Corr,10346,9110,858597,0,geod_dist_to_target,9,13.391703218180323
33764.44,COL-max-Corr,10346,9107,858597,0,geod_dist_to_target,10,14.187763661678352
33764.44,COL-max-Corr,10346,9108,858597,0,geod_dist_to_target,11,14.60626897375604
33764.44,COL-max-Corr,10346,9108,858597,0,geod_dist_to_target,12,14.60626897375604
33764.44,COL-max-Corr,10346,9108,858597,0,geod_dist_to_target,13,14.60626897375604
33764.44,COL-max-Corr,10346,9108,858597,0,geod_dist_to_target,14,14.60626897375604
33764.44,COL-max-Corr,10346,12312,858597,0,geod_dist_to_target,15,13.366025603624957
33764.44,COL-max-Corr,10346,12312,858597,0,geod_dist_to_target,16,13.366025603624957
33764.44,COL-max-Corr,10346,11081,858597,0,geod_dist_to_target,17,13.280248288924684
33764.44,COL-max-Corr,10346,9201,858597,0,geod_dist_to_target,18,13.627656822395053
33764.44,COL-max-Corr,10346,9201,858597,0,geod_dist_to_target,19,13.627656822395053
33764.44,COL-max-Corr,10346,9201,858597,0,geod_dist_to_target,20,13.627656822395053
33764.44,COL-max-Corr,10346,9201,858597,0,geod_dist_to_target,22,13.627656822395053
33764.44,COL-max-Corr,10346,9201,858597,0,geod_dist_to_target,24,13.627656822395053
33764.44,COL-max-Corr,10346,12391,858597,0,geod_dist_to_target,26,18.485767045279413
33764.44,COL-max-Corr,10346,10565,858597,0,geod_dist_to_target,28,16.839144381475517
33764.44,COL-max-Corr,10346,10565,858597,0,geod_dist_to_target,30,16.839144381475517
33764.44,COL-max-Corr,10346,10565,858597,0,geod_dist_to_target,32,16.839144381475517
33764.44,COL-max-Corr,10346,10565,858597,0,geod_dist_to_target,34,16.839144381475517
33764.44,COL-max-Corr,10346,1396,858597,0,geod_dist_to_target,36,0.499481213365009
33764.44,COL-max-Corr,10346,9149,858597,0,geod_dist_to_target,38,17.40639154450201
33764.44,COL-max-Corr,10346,1396,858597,0,geod_dist_to_target,40,0.499481213365009
33764.44,COL-max-Corr,10346,9149,858597,0,geod_dist_to_target,42,17.40639154450201
33764.44,COL-max-Corr,10346,9149,858597,0,geod_dist_to_target,44,17.40639154450201
33764.44,COL-max-Corr,10346,10565,858597,0,geod_dist_to_target,46,16.839144381475517
33764.44,COL-max-Corr,10346,1396,858597,0,geod_dist_to_target,48,0.499481213365009
33764.44,COL-max-Corr,10346,1396,858597,0,geod_dist_to_target,50,0.499481213365009
33764.44,COL-max-Corr,10346,1396,858597,0,geod_dist_to_target,55,0.499481213365009
33764.44,COL-max-Corr,10346,1396,858597,0,geod_dist_to_target,60,0.499481213365009
33764.44,COL-max-Corr,10346,10565,858597,0,geod_dist_to_target,65,16.839144381475517
33764.44,COL-max-Corr,10346,12482,858597,0,geod_dist_to_target,70,0.5363487259966152
33764.44,COL-max-Corr,10346,1396,858597,0,geod_dist_to_target,75,0.499481213365009
33764.44,COL-max-Corr,10346,1396,858597,0,geod_dist_to_target,80,0.499481213365009
33764.44,COL-max-Corr,10346,1396,858597,0,geod_dist_to_target,85,0.499481213365009
33764.44,COL-max-Corr,10346,5980,858597,0,geod_dist_to_target,90,14.176638578601336
33764.44,COL-max-Corr,10346,5980,858597,0,geod_dist_to_target,95,14.176638578601336
33764.44,COL-max-Corr,10346,1396,858597,0,geod_dist_to_target,100,0.499481213365009
33764.44,COL-max-Corr,10346,8119,85945,0,geod_dist_to_target,5,18.029698664401177
33764.44,COL-max-Corr,10346,4447,85945,0,geod_dist_to_target,6,49.55034014345929
33764.44,COL-max-Corr,10346,4447,85945,0,geod_dist_to_target,7,49.55034014345929
33764.44,COL-max-Corr,10346,5744,85945,0,geod_dist_to_target,8,49.19306957275604
33764.44,COL-max-Corr,10346,5744,85945,0,geod_dist_to_target,9,49.19306957275604
33764.44,COL-max-Corr,10346,850,85945,0,geod_dist_to_target,10,18.966562897889897
33764.44,COL-max-Corr,10346,850,85945,0,geod_dist_to_target,11,18.966562897889897
33764.44,COL-max-Corr,10346,850,85945,0,geod_dist_to_target,12,18.966562897889897
33764.44,COL-max-Corr,10346,850,85945,0,geod_dist_to_target,13,18.966562897889897
33764.44,COL-max-Corr,10346,850,85945,0,geod_dist_to_target,14,18.966562897889897
33764.44,COL-max-Corr,10346,850,85945,0,geod_dist_to_target,15,18.966562897889897
33764.44,COL-max-Corr,10346,850,85945,0,geod_dist_to_target,16,18.966562897889897
33764.44,COL-max-Corr,10346,850,85945,0,geod_dist_to_target,17,18.966562897889897
33764.44,COL-max-Corr,10346,11093,85945,0,geod_dist_to_target,18,13.405110633352935
33764.44,COL-max-Corr,10346,11093,85945,0,geod_dist_to_target,19,13.405110633352935
33764.44,COL-max-Corr,10346,11093,85945,0,geod_dist_to_target,20,13.405110633352935
33764.44,COL-max-Corr,10346,8077,85945,0,geod_dist_to_target,22,14.045243382609423
33764.44,COL-max-Corr,10346,11093,85945,0,geod_dist_to_target,24,13.405110633352935
33764.44,COL-max-Corr,10346,8077,85945,0,geod_dist_to_target,26,14.045243382609423
33764.44,COL-max-Corr,10346,8077,85945,0,geod_dist_to_target,28,14.045243382609423
33764.44,COL-max-Corr,10346,7183,85945,0,geod_dist_to_target,30,1.0074535587474773
33764.44,COL-max-Corr,10346,6845,85945,0,geod_dist_to_target,32,0.2505287899723362
33764.44,COL-max-Corr,10346,6845,85945,0,geod_dist_to_target,34,0.2505287899723362
33764.44,COL-max-Corr,10346,6845,85945,0,geod_dist_to_target,36,0.2505287899723362
33764.44,COL-max-Corr,10346,6845,85945,0,geod_dist_to_target,38,0.2505287899723362
33764.44,COL-max-Corr,10346,6845,85945,0,geod_dist_to_target,40,0.2505287899723362
33764.44,COL-max-Corr,10346,6845,85945,0,geod_dist_to_target,42,0.2505287899723362
33764.44,COL-max-Corr,10346,6845,85945,0,geod_dist_to_target,44,0.2505287899723362
33764.44,COL-max-Corr,10346,6845,85945,0,geod_dist_to_target,46,0.2505287899723362
33764.44,COL-max-Corr,10346,6845,85945,0,geod_dist_to_target,48,0.2505287899723362
33764.44,COL-max-Corr,10346,6845,85945,0,geod_dist_to_target,50,0.2505287899723362
33764.44,COL-max-Corr,10346,1342,85945,0,geod_dist_to_target,55,0.196240604520838
33764.44,COL-max-Corr,10346,1342,85945,0,geod_dist_to_target,60,0.196240604520838
33764.44,COL-max-Corr,10346,1342,85945,0,geod_dist_to_target,65,0.196240604520838
33764.44,COL-max-Corr,10346,6845,85945,0,geod_dist_to_target,70,0.2505287899723362
33764.44,COL-max-Corr,10346,1342,85945,0,geod_dist_to_target,75,0.196240604520838
33764.44,COL-max-Corr,10346,11609,85945,0,geod_dist_to_target,80,0.35877899440829847
33764.44,COL-max-Corr,10346,11609,85945,0,geod_dist_to_target,85,0.35877899440829847
33764.44,COL-max-Corr,10346,11609,85945,0,geod_dist_to_target,90,0.35877899440829847
33764.44,COL-max-Corr,10346,1342,85945,0,geod_dist_to_target,95,0.196240604520838
33764.44,COL-max-Corr,10346,11609,85945,0,geod_dist_to_target,100,0.35877899440829847
33764.44,COL-max-Corr,10346,12588,697368,0,geod_dist_to_target,5,29.845219705861822
33764.44,COL-max-Corr,10346,6528,697368,0,geod_dist_to_target,6,45.214173388741415
33764.44,COL-max-Corr,10346,6595,697368,0,geod_dist_to_target,7,10.376731850192732
33764.44,COL-max-Corr,10346,6329,697368,0,geod_dist_to_target,8,9.725609559864038
33764.44,COL-max-Corr,10346,7154,697368,0,geod_dist_to_target,9,20.66902073824721
33764.44,COL-max-Corr,10346,7154,697368,0,geod_dist_to_target,10,20.66902073824721
33764.44,COL-max-Corr,10346,5218,697368,0,geod_dist_to_target,11,27.870924615451425
33764.44,COL-max-Corr,10346,5218,697368,0,geod_dist_to_target,12,27.870924615451425
33764.44,COL-max-Corr,10346,1623,697368,0,geod_dist_to_target,13,9.154513241915298
33764.44,COL-max-Corr,10346,1623,697368,0,geod_dist_to_target,14,9.154513241915298
33764.44,COL-max-Corr,10346,4179,697368,0,geod_dist_to_target,15,26.767390015180606
33764.44,COL-max-Corr,10346,4179,697368,0,geod_dist_to_target,16,26.767390015180606
33764.44,COL-max-Corr,10346,4179,697368,0,geod_dist_to_target,17,26.767390015180606
33764.44,COL-max-Corr,10346,4179,697368,0,geod_dist_to_target,18,26.767390015180606
33764.44,COL-max-Corr,10346,4179,697368,0,geod_dist_to_target,19,26.767390015180606
33764.44,COL-max-Corr,10346,4179,697368,0,geod_dist_to_target,20,26.767390015180606
33764.44,COL-max-Corr,10346,9430,697368,0,geod_dist_to_target,22,5.718854666178275
33764.44,COL-max-Corr,10346,6805,697368,0,geod_dist_to_target,24,5.0345730361698635
33764.44,COL-max-Corr,10346,3246,697368,0,geod_dist_to_target,26,3.652985783364807
33764.44,COL-max-Corr,10346,6805,697368,0,geod_dist_to_target,28,5.0345730361698635
33764.44,COL-max-Corr,10346,1623,697368,0,geod_dist_to_target,30,9.154513241915298
33764.44,COL-max-Corr,10346,9430,697368,0,geod_dist_to_target,32,5.718854666178275
33764.44,COL-max-Corr,10346,3695,697368,0,geod_dist_to_target,34,1.784394347259849
33764.44,COL-max-Corr,10346,3695,697368,0,geod_dist_to_target,36,1.784394347259849
33764.44,COL-max-Corr,10346,3695,697368,0,geod_dist_to_target,38,1.784394347259849
33764.44,COL-max-Corr,10346,7790,697368,0,geod_dist_to_target,40,1.241119515143387
33764.44,COL-max-Corr,10346,7790,697368,0,geod_dist_to_target,42,1.241119515143387
33764.44,COL-max-Corr,10346,7790,697368,0,geod_dist_to_target,44,1.241119515143387
33764.44,COL-max-Corr,10346,7790,697368,0,geod_dist_to_target,46,1.241119515143387
33764.44,COL-max-Corr,10346,7790,697368,0,geod_dist_to_target,48,1.241119515143387
33764.44,COL-max-Corr,10346,7790,697368,0,geod_dist_to_target,50,1.241119515143387
33764.44,COL-max-Corr,10346,6085,697368,0,geod_dist_to_target,55,0.6323778067353208
33764.44,COL-max-Corr,10346,6085,697368,0,geod_dist_to_target,60,0.6323778067353208
33764.44,COL-max-Corr,10346,7790,697368,0,geod_dist_to_target,65,1.241119515143387
33764.44,COL-max-Corr,10346,7790,697368,0,geod_dist_to_target,70,1.241119515143387
33764.44,COL-max-Corr,10346,7790,697368,0,geod_dist_to_target,75,1.241119515143387
33764.44,COL-max-Corr,10346,7790,697368,0,geod_dist_to_target,80,1.241119515143387
33764.44,COL-max-Corr,10346,7790,697368,0,geod_dist_to_target,85,1.241119515143387
33764.44,COL-max-Corr,10346,3695,697368,0,geod_dist_to_target,90,1.784394347259849
33764.44,COL-max-Corr,10346,3695,697368,0,geod_dist_to_target,95,1.784394347259849
33764.44,COL-max-Corr,10346,3695,697368,0,geod_dist_to_target,100,1.784394347259849
33764.44,COL-max-Corr,10346,6963,201469,0,geod_dist_to_target,5,39.25256296621293
33764.44,COL-max-Corr,10346,2437,201469,0,geod_dist_to_target,6,27.716176945061335
33764.44,COL-max-Corr,10346,5396,201469,0,geod_dist_to_target,7,47.866687185210196
33764.44,COL-max-Corr,10346,9015,201469,0,geod_dist_to_target,8,12.311807638179495
33764.44,COL-max-Corr,10346,114,201469,0,geod_dist_to_target,9,12.523372575991699
33764.44,COL-max-Corr,10346,114,201469,0,geod_dist_to_target,10,12.523372575991699
33764.44,COL-max-Corr,10346,114,201469,0,geod_dist_to_target,11,12.523372575991699
33764.44,COL-max-Corr,10346,114,201469,0,geod_dist_to_target,12,12.523372575991699
33764.44,COL-max-Corr,10346,114,201469,0,geod_dist_to_target,13,12.523372575991699
33764.44,COL-max-Corr,10346,114,201469,0,geod_dist_to_target,14,12.523372575991699
33764.44,COL-max-Corr,10346,114,201469,0,geod_dist_to_target,15,12.523372575991699
33764.44,COL-max-Corr,10346,114,201469,0,geod_dist_to_target,16,12.523372575991699
33764.44,COL-max-Corr,10346,6833,201469,0,geod_dist_to_target,17,12.535301584713428
33764.44,COL-max-Corr,10346,6833,201469,0,geod_dist_to_target,18,12.535301584713428
33764.44,COL-max-Corr,10346,6833,201469,0,geod_dist_to_target,19,12.535301584713428
33764.44,COL-max-Corr,10346,6833,201469,0,geod_dist_to_target,20,12.535301584713428
33764.44,COL-max-Corr,10346,6833,201469,0,geod_dist_to_target,22,12.535301584713428
33764.44,COL-max-Corr,10346,6833,201469,0,geod_dist_to_target,24,12.535301584713428
33764.44,COL-max-Corr,10346,10346,201469,0,geod_dist_to_target,26,0.0
33764.44,COL-max-Corr,10346,10346,201469,0,geod_dist_to_target,28,0.0
33764.44,COL-max-Corr,10346,10346,201469,0,geod_dist_to_target,30,0.0
33764.44,COL-max-Corr,10346,12482,201469,0,geod_dist_to_target,32,0.5363487259966152
33764.44,COL-max-Corr,10346,12482,201469,0,geod_dist_to_target,34,0.5363487259966152
33764.44,COL-max-Corr,10346,12482,201469,0,geod_dist_to_target,36,0.5363487259966152
33764.44,COL-max-Corr,10346,12482,201469,0,geod_dist_to_target,38,0.5363487259966152
33764.44,COL-max-Corr,10346,12482,201469,0,geod_dist_to_target,40,0.5363487259966152
33764.44,COL-max-Corr,10346,12482,201469,0,geod_dist_to_target,42,0.5363487259966152
33764.44,COL-max-Corr,10346,12482,201469,0,geod_dist_to_target,44,0.5363487259966152
33764.44,COL-max-Corr,10346,12482,201469,0,geod_dist_to_target,46,0.5363487259966152
33764.44,COL-max-Corr,10346,12482,201469,0,geod_dist_to_target,48,0.5363487259966152
33764.44,COL-max-Corr,10346,10346,201469,0,geod_dist_to_target,50,0.0
33764.44,COL-max-Corr,10346,12610,201469,0,geod_dist_to_target,55,17.08771123912891
33764.44,COL-max-Corr,10346,12610,201469,0,geod_dist_to_target,60,17.08771123912891
33764.44,COL-max-Corr,10346,12610,201469,0,geod_dist_to_target,65,17.08771123912891
33764.44,COL-max-Corr,10346,12610,201469,0,geod_dist_to_target,70,17.08771123912891
33764.44,COL-max-Corr,10346,10565,201469,0,geod_dist_to_target,75,16.839144381475517
33764.44,COL-max-Corr,10346,10346,201469,0,geod_dist_to_target,80,0.0
33764.44,COL-max-Corr,10346,10346,201469,0,geod_dist_to_target,85,0.0
33764.44,COL-max-Corr,10346,10346,201469,0,geod_dist_to_target,90,0.0
33764.44,COL-max-Corr,10346,10346,201469,0,geod_dist_to_target,95,0.0
33764.44,COL-max-Corr,10346,10346,201469,0,geod_dist_to_target,100,0.0
33764.44,COL-max-Corr,10346,424,94177,0,geod_dist_to_target,5,15.26735718962847
33764.44,COL-max-Corr,10346,3336,94177,0,geod_dist_to_target,6,48.440123371242215
33764.44,COL-max-Corr,10346,3336,94177,0,geod_dist_to_target,7,48.440123371242215
33764.44,COL-max-Corr,10346,11513,94177,0,geod_dist_to_target,8,51.5957883998523
33764.44,COL-max-Corr,10346,11097,94177,0,geod_dist_to_target,9,19.63639595324257
33764.44,COL-max-Corr,10346,850,94177,0,geod_dist_to_target,10,18.966562897889897
33764.44,COL-max-Corr,10346,5589,94177,0,geod_dist_to_target,11,12.045346313111438
33764.44,COL-max-Corr,10346,9015,94177,0,geod_dist_to_target,12,12.311807638179495
33764.44,COL-max-Corr,10346,9015,94177,0,geod_dist_to_target,13,12.311807638179495
33764.44,COL-max-Corr,10346,9015,94177,0,geod_dist_to_target,14,12.311807638179495
33764.44,COL-max-Corr,10346,9015,94177,0,geod_dist_to_target,15,12.311807638179495
33764.44,COL-max-Corr,10346,9015,94177,0,geod_dist_to_target,16,12.311807638179495
33764.44,COL-max-Corr,10346,9015,94177,0,geod_dist_to_target,17,12.311807638179495
33764.44,COL-max-Corr,10346,12391,94177,0,geod_dist_to_target,18,18.485767045279413
33764.44,COL-max-Corr,10346,9149,94177,0,geod_dist_to_target,19,17.40639154450201
33764.44,COL-max-Corr,10346,9149,94177,0,geod_dist_to_target,20,17.40639154450201
33764.44,COL-max-Corr,10346,11081,94177,0,geod_dist_to_target,22,13.280248288924684
33764.44,COL-max-Corr,10346,10565,94177,0,geod_dist_to_target,24,16.839144381475517
33764.44,COL-max-Corr,10346,12610,94177,0,geod_dist_to_target,26,17.08771123912891
33764.44,COL-max-Corr,10346,12610,94177,0,geod_dist_to_target,28,17.08771123912891
33764.44,COL-max-Corr,10346,10565,94177,0,geod_dist_to_target,30,16.839144381475517
33764.44,COL-max-Corr,10346,10565,94177,0,geod_dist_to_target,32,16.839144381475517
33764.44,COL-max-Corr,10346,5980,94177,0,geod_dist_to_target,34,14.176638578601336
33764.44,COL-max-Corr,10346,10346,94177,0,geod_dist_to_target,36,0.0
33764.44,COL-max-Corr,10346,10346,94177,0,geod_dist_to_target,38,0.0
33764.44,COL-max-Corr,10346,10346,94177,0,geod_dist_to_target,40,0.0
33764.44,COL-max-Corr,10346,12482,94177,0,geod_dist_to_target,42,0.5363487259966152
33764.44,COL-max-Corr,10346,12482,94177,0,geod_dist_to_target,44,0.5363487259966152
33764.44,COL-max-Corr,10346,12482,94177,0,geod_dist_to_target,46,0.5363487259966152
33764.44,COL-max-Corr,10346,12482,94177,0,geod_dist_to_target,48,0.5363487259966152
33764.44,COL-max-Corr,10346,10346,94177,0,geod_dist_to_target,50,0.0
33764.44,COL-max-Corr,10346,10346,94177,0,geod_dist_to_target,55,0.0
33764.44,COL-max-Corr,10346,10346,94177,0,geod_dist_to_target,60,0.0
33764.44,COL-max-Corr,10346,10346,94177,0,geod_dist_to_target,65,0.0
33764.44,COL-max-Corr,10346,10346,94177,0,geod_dist_to_target,70,0.0
33764.44,COL-max-Corr,10346,10346,94177,0,geod_dist_to_target,75,0.0
33764.44,COL-max-Corr,10346,10346,94177,0,geod_dist_to_target,80,0.0
33764.44,COL-max-Corr,10346,1396,94177,0,geod_dist_to_target,85,0.499481213365009
33764.44,COL-max-Corr,10346,1396,94177,0,geod_dist_to_target,90,0.499481213365009
33764.44,COL-max-Corr,10346,10346,94177,0,geod_dist_to_target,95,0.0
33764.44,COL-max-Corr,10346,10346,94177,0,geod_dist_to_target,100,0.0
33764.44,ROW-mean-ED,10346,10330,89250,0,geod_dist_to_target,5,51.75320033959665
33764.44,ROW-mean-ED,10346,3556,89250,0,geod_dist_to_target,6,1.8737265696698673
33764.44,ROW-mean-ED,10346,3556,89250,0,geod_dist_to_target,7,1.8737265696698673
33764.44,ROW-mean-ED,10346,3556,89250,0,geod_dist_to_target,8,1.8737265696698673
33764.44,ROW-mean-ED,10346,3556,89250,0,geod_dist_to_target,9,1.8737265696698673
33764.44,ROW-mean-ED,10346,8757,89250,0,geod_dist_to_target,10,8.692523983266156
33764.44,ROW-mean-ED,10346,8757,89250,0,geod_dist_to_target,11,8.692523983266156
33764.44,ROW-mean-ED,10346,9793,89250,0,geod_dist_to_target,12,0.5199353472514789
33764.44,ROW-mean-ED,10346,9793,89250,0,geod_dist_to_target,13,0.5199353472514789
33764.44,ROW-mean-ED,10346,9793,89250,0,geod_dist_to_target,14,0.5199353472514789
33764.44,ROW-mean-ED,10346,9793,89250,0,geod_dist_to_target,15,0.5199353472514789
33764.44,ROW-mean-ED,10346,1715,89250,0,geod_dist_to_target,16,1.3191508414737025
33764.44,ROW-mean-ED,10346,1715,89250,0,geod_dist_to_target,17,1.3191508414737025
33764.44,ROW-mean-ED,10346,1715,89250,0,geod_dist_to_target,18,1.3191508414737025
33764.44,ROW-mean-ED,10346,1715,89250,0,geod_dist_to_target,19,1.3191508414737025
33764.44,ROW-mean-ED,10346,1715,89250,0,geod_dist_to_target,20,1.3191508414737025
33764.44,ROW-mean-ED,10346,9793,89250,0,geod_dist_to_target,22,0.5199353472514789
33764.44,ROW-mean-ED,10346,9793,89250,0,geod_dist_to_target,24,0.5199353472514789
33764.44,ROW-mean-ED,10346,1381,89250,0,geod_dist_to_target,26,0.24177044035433656
33764.44,ROW-mean-ED,10346,1381,89250,0,geod_dist_to_target,28,0.24177044035433656
33764.44,ROW-mean-ED,10346,1381,89250,0,geod_dist_to_target,30,0.24177044035433656
33764.44,ROW-mean-ED,10346,1381,89250,0,geod_dist_to_target,32,0.24177044035433656
33764.44,ROW-mean-ED,10346,1381,89250,0,geod_dist_to_target,34,0.24177044035433656
33764.44,ROW-mean-ED,10346,1381,89250,0,geod_dist_to_target,36,0.24177044035433656
33764.44,ROW-mean-ED,10346,1381,89250,0,geod_dist_to_target,38,0.24177044035433656
33764.44,ROW-mean-ED,10346,1381,89250,0,geod_dist_to_target,40,0.24177044035433656
33764.44,ROW-mean-ED,10346,1381,89250,0,geod_dist_to_target,42,0.24177044035433656
33764.44,ROW-mean-ED,10346,1381,89250,0,geod_dist_to_target,44,0.24177044035433656
33764.44,ROW-mean-ED,10346,1381,89250,0,geod_dist_to_target,46,0.24177044035433656
33764.44,ROW-mean-ED,10346,1381,89250,0,geod_dist_to_target,48,0.24177044035433656
33764.44,ROW-mean-ED,10346,1381,89250,0,geod_dist_to_target,50,0.24177044035433656
33764.44,ROW-mean-ED,10346,6824,89250,0,geod_dist_to_target,55,0.557773902280137
33764.44,ROW-mean-ED,10346,6824,89250,0,geod_dist_to_target,60,0.557773902280137
33764.44,ROW-mean-ED,10346,6824,89250,0,geod_dist_to_target,65,0.557773902280137
33764.44,ROW-mean-ED,10346,6827,89250,0,geod_dist_to_target,70,0.478541851813261
33764.44,ROW-mean-ED,10346,1381,89250,0,geod_dist_to_target,75,0.24177044035433656
33764.44,ROW-mean-ED,10346,1381,89250,0,geod_dist_to_target,80,0.24177044035433656
33764.44,ROW-mean-ED,10346,1381,89250,0,geod_dist_to_target,85,0.24177044035433656
33764.44,ROW-mean-ED,10346,1381,89250,0,geod_dist_to_target,90,0.24177044035433656
33764.44,ROW-mean-ED,10346,10346,89250,0,geod_dist_to_target,95,0.0
33764.44,ROW-mean-ED,10346,10346,89250,0,geod_dist_to_target,100,0.0
33764.44,ROW-mean-ED,10346,9417,773956,0,geod_dist_to_target,5,52.13779155882614
33764.44,ROW-mean-ED,10346,7183,773956,0,geod_dist_to_target,6,1.0074535587474773
33764.44,ROW-mean-ED,10346,11313,773956,0,geod_dist_to_target,7,1.6515691829436927
33764.44,ROW-mean-ED,10346,11606,773956,0,geod_dist_to_target,8,1.2050480948774986
33764.44,ROW-mean-ED,10346,11606,773956,0,geod_dist_to_target,9,1.2050480948774986
33764.44,ROW-mean-ED,10346,11313,773956,0,geod_dist_to_target,10,1.6515691829436927
33764.44,ROW-mean-ED,10346,11313,773956,0,geod_dist_to_target,11,1.6515691829436927
33764.44,ROW-mean-ED,10346,11313,773956,0,geod_dist_to_target,12,1.6515691829436927
33764.44,ROW-mean-ED,10346,11313,773956,0,geod_dist_to_target,13,1.6515691829436927
33764.44,ROW-mean-ED,10346,11313,773956,0,geod_dist_to_target,14,1.6515691829436927
33764.44,ROW-mean-ED,10346,3425,773956,0,geod_dist_to_target,15,1.574472945560964
33764.44,ROW-mean-ED,10346,3425,773956,0,geod_dist_to_target,16,1.574472945560964
33764.44,ROW-mean-ED,10346,11606,773956,0,geod_dist_to_target,17,1.2050480948774986
33764.44,ROW-mean-ED,10346,11606,773956,0,geod_dist_to_target,18,1.2050480948774986
33764.44,ROW-mean-ED,10346,11606,773956,0,geod_dist_to_target,19,1.2050480948774986
33764.44,ROW-mean-ED,10346,7183,773956,0,geod_dist_to_target,20,1.0074535587474773
33764.44,ROW-mean-ED,10346,12482,773956,0,geod_dist_to_target,22,0.5363487259966152
33764.44,ROW-mean-ED,10346,12482,773956,0,geod_dist_to_target,24,0.5363487259966152
33764.44,ROW-mean-ED,10346,7183,773956,0,geod_dist_to_target,26,1.0074535587474773
33764.44,ROW-mean-ED,10346,11606,773956,0,geod_dist_to_target,28,1.2050480948774986
33764.44,ROW-mean-ED,10346,11606,773956,0,geod_dist_to_target,30,1.2050480948774986
33764.44,ROW-mean-ED,10346,11606,773956,0,geod_dist_to_target,32,1.2050480948774986
33764.44,ROW-mean-ED,10346,11606,773956,0,geod_dist_to_target,34,1.2050480948774986
33764.44,ROW-mean-ED,10346,11606,773956,0,geod_dist_to_target,36,1.2050480948774986
33764.44,ROW-mean-ED,10346,11606,773956,0,geod_dist_to_target,38,1.2050480948774986
33764.44,ROW-mean-ED,10346,11606,773956,0,geod_dist_to_target,40,1.2050480948774986
33764.44,ROW-mean-ED,10346,12482,773956,0,geod_dist_to_target,42,0.5363487259966152
33764.44,ROW-mean-ED,10346,12482,773956,0,geod_dist_to_target,44,0.5363487259966152
33764.44,ROW-mean-ED,10346,12482,773956,0,geod_dist_to_target,46,0.5363487259966152
33764.44,ROW-mean-ED,10346,12482,773956,0,geod_dist_to_target,48,0.5363487259966152
33764.44,ROW-mean-ED,10346,12482,773956,0,geod_dist_to_target,50,0.5363487259966152
33764.44,ROW-mean-ED,10346,12482,773956,0,geod_dist_to_target,55,0.5363487259966152
33764.44,ROW-mean-ED,10346,12482,773956,0,geod_dist_to_target,60,0.5363487259966152
33764.44,ROW-mean-ED,10346,12482,773956,0,geod_dist_to_target,65,0.5363487259966152
33764.44,ROW-mean-ED,10346,12482,773956,0,geod_dist_to_target,70,0.5363487259966152
33764.44,ROW-mean-ED,10346,12482,773956,0,geod_dist_to_target,75,0.5363487259966152
33764.44,ROW-mean-ED,10346,12482,773956,0,geod_dist_to_target,80,0.5363487259966152
33764.44,ROW-mean-ED,10346,12482,773956,0,geod_dist_to_target,85,0.5363487259966152
33764.44,ROW-mean-ED,10346,12482,773956,0,geod_dist_to_target,90,0.5363487259966152
33764.44,ROW-mean-ED,10346,12482,773956,0,geod_dist_to_target,95,0.5363487259966152
33764.44,ROW-mean-ED,10346,1381,773956,0,geod_dist_to_target,100,0.24177044035433656
33764.44,ROW-mean-ED,10346,4286,654571,0,geod_dist_to_target,5,46.69194961177419
33764.44,ROW-mean-ED,10346,12037,654571,0,geod_dist_to_target,6,2.213047593178017
33764.44,ROW-mean-ED,10346,3425,654571,0,geod_dist_to_target,7,1.574472945560964
33764.44,ROW-mean-ED,10346,3312,654571,0,geod_dist_to_target,8,1.2594994155835524
33764.44,ROW-mean-ED,10346,3312,654571,0,geod_dist_to_target,9,1.2594994155835524
33764.44,ROW-mean-ED,10346,3526,654571,0,geod_dist_to_target,10,1.8246709417877804
33764.44,ROW-mean-ED,10346,3526,654571,0,geod_dist_to_target,11,1.8246709417877804
33764.44,ROW-mean-ED,10346,3425,654571,0,geod_dist_to_target,12,1.574472945560964
33764.44,ROW-mean-ED,10346,7183,654571,0,geod_dist_to_target,13,1.0074535587474773
33764.44,ROW-mean-ED,10346,11606,654571,0,geod_dist_to_target,14,1.2050480948774986
33764.44,ROW-mean-ED,10346,7183,654571,0,geod_dist_to_target,15,1.0074535587474773
33764.44,ROW-mean-ED,10346,11606,654571,0,geod_dist_to_target,16,1.2050480948774986
33764.44,ROW-mean-ED,10346,6845,654571,0,geod_dist_to_target,17,0.2505287899723362
33764.44,ROW-mean-ED,10346,10346,654571,0,geod_dist_to_target,18,0.0
33764.44,ROW-mean-ED,10346,10346,654571,0,geod_dist_to_target,19,0.0
33764.44,ROW-mean-ED,10346,10346,654571,0,geod_dist_to_target,20,0.0
33764.44,ROW-mean-ED,10346,10346,654571,0,geod_dist_to_target,22,0.0
33764.44,ROW-mean-ED,10346,10346,654571,0,geod_dist_to_target,24,0.0
33764.44,ROW-mean-ED,10346,10346,654571,0,geod_dist_to_target,26,0.0
33764.44,ROW-mean-ED,10346,10346,654571,0,geod_dist_to_target,28,0.0
33764.44,ROW-mean-ED,10346,10346,654571,0,geod_dist_to_target,30,0.0
33764.44,ROW-mean-ED,10346,10346,654571,0,geod_dist_to_target,32,0.0
33764.44,ROW-mean-ED,10346,6845,654571,0,geod_dist_to_target,34,0.2505287899723362
33764.44,ROW-mean-ED,10346,6845,654571,0,geod_dist_to_target,36,0.2505287899723362
33764.44,ROW-mean-ED,10346,6845,654571,0,geod_dist_to_target,38,0.2505287899723362
33764.44,ROW-mean-ED,10346,6845,654571,0,geod_dist_to_target,40,0.2505287899723362
33764.44,ROW-mean-ED,10346,6845,654571,0,geod_dist_to_target,42,0.2505287899723362
33764.44,ROW-mean-ED,10346,6845,654571,0,geod_dist_to_target,44,0.2505287899723362
33764.44,ROW-mean-ED,10346,7183,654571,0,geod_dist_to_target,46,1.0074535587474773
33764.44,ROW-mean-ED,10346,7183,654571,0,geod_dist_to_target,48,1.0074535587474773
33764.44,ROW-mean-ED,10346,7183,654571,0,geod_dist_to_target,50,1.0074535587474773
33764.44,ROW-mean-ED,10346,3312,654571,0,geod_dist_to_target,55,1.2594994155835524
33764.44,ROW-mean-ED,10346,6845,654571,0,geod_dist_to_target,60,0.2505287899723362
33764.44,ROW-mean-ED,10346,6845,654571,0,geod_dist_to_target,65,0.2505287899723362
33764.44,ROW-mean-ED,10346,6845,654571,0,geod_dist_to_target,70,0.2505287899723362
33764.44,ROW-mean-ED,10346,6845,654571,0,geod_dist_to_target,75,0.2505287899723362
33764.44,ROW-mean-ED,10346,6845,654571,0,geod_dist_to_target,80,0.2505287899723362
33764.44,ROW-mean-ED,10346,6845,654571,0,geod_dist_to_target,85,0.2505287899723362
33764.44,ROW-mean-ED,10346,6845,654571,0,geod_dist_to_target,90,0.2505287899723362
33764.44,ROW-mean-ED,10346,1342,654571,0,geod_dist_to_target,95,0.196240604520838
33764.44,ROW-mean-ED,10346,1342,654571,0,geod_dist_to_target,100,0.196240604520838
33764.44,ROW-mean-ED,10346,4281,438878,0,geod_dist_to_target,5,47.90863725811149
33764.44,ROW-mean-ED,10346,7173,438878,0,geod_dist_to_target,6,0.9782260660933111
33764.44,ROW-mean-ED,10346,2353,438878,0,geod_dist_to_target,7,1.4558434681759518
33764.44,ROW-mean-ED,10346,3429,438878,0,geod_dist_to_target,8,1.086999607447876
33764.44,ROW-mean-ED,10346,3429,438878,0,geod_dist_to_target,9,1.086999607447876
33764.44,ROW-mean-ED,10346,11816,438878,0,geod_dist_to_target,10,6.803750173939186
33764.44,ROW-mean-ED,10346,1396,438878,0,geod_dist_to_target,11,0.499481213365009
33764.44,ROW-mean-ED,10346,12445,438878,0,geod_dist_to_target,12,0.49182618423787233
33764.44,ROW-mean-ED,10346,12445,438878,0,geod_dist_to_target,13,0.49182618423787233
33764.44,ROW-mean-ED,10346,1396,438878,0,geod_dist_to_target,14,0.499481213365009
33764.44,ROW-mean-ED,10346,1396,438878,0,geod_dist_to_target,15,0.499481213365009
33764.44,ROW-mean-ED,10346,1396,438878,0,geod_dist_to_target,16,0.499481213365009
33764.44,ROW-mean-ED,10346,1396,438878,0,geod_dist_to_target,17,0.499481213365009
33764.44,ROW-mean-ED,10346,1396,438878,0,geod_dist_to_target,18,0.499481213365009
33764.44,ROW-mean-ED,10346,1396,438878,0,geod_dist_to_target,19,0.499481213365009
33764.44,ROW-mean-ED,10346,1381,438878,0,geod_dist_to_target,20,0.24177044035433656
33764.44,ROW-mean-ED,10346,1381,438878,0,geod_dist_to_target,22,0.24177044035433656
33764.44,ROW-mean-ED,10346,1381,438878,0,geod_dist_to_target,24,0.24177044035433656
33764.44,ROW-mean-ED,10346,12482,438878,0,geod_dist_to_target,26,0.5363487259966152
33764.44,ROW-mean-ED,10346,9793,438878,0,geod_dist_to_target,28,0.5199353472514789
33764.44,ROW-mean-ED,10346,9793,438878,0,geod_dist_to_target,30,0.5199353472514789
33764.44,ROW-mean-ED,10346,9793,438878,0,geod_dist_to_target,32,0.5199353472514789
33764.44,ROW-mean-ED,10346,12445,438878,0,geod_dist_to_target,34,0.49182618423787233
33764.44,ROW-mean-ED,10346,12445,438878,0,geod_dist_to_target,36,0.49182618423787233
33764.44,ROW-mean-ED,10346,1396,438878,0,geod_dist_to_target,38,0.499481213365009
33764.44,ROW-mean-ED,10346,1396,438878,0,geod_dist_to_target,40,0.499481213365009
33764.44,ROW-mean-ED,10346,1396,438878,0,geod_dist_to_target,42,0.499481213365009
33764.44,ROW-mean-ED,10346,1396,438878,0,geod_dist_to_target,44,0.499481213365009
33764.44,ROW-mean-ED,10346,1396,438878,0,geod_dist_to_target,46,0.499481213365009
33764.44,ROW-mean-ED,10346,1396,438878,0,geod_dist_to_target,48,0.499481213365009
33764.44,ROW-mean-ED,10346,1396,438878,0,geod_dist_to_target,50,0.499481213365009
33764.44,ROW-mean-ED,10346,1396,438878,0,geod_dist_to_target,55,0.499481213365009
33764.44,ROW-mean-ED,10346,1396,438878,0,geod_dist_to_target,60,0.499481213365009
33764.44,ROW-mean-ED,10346,1396,438878,0,geod_dist_to_target,65,0.499481213365009
33764.44,ROW-mean-ED,10346,1396,438878,0,geod_dist_to_target,70,0.499481213365009
33764.44,ROW-mean-ED,10346,12482,438878,0,geod_dist_to_target,75,0.5363487259966152
33764.44,ROW-mean-ED,10346,12482,438878,0,geod_dist_to_target,80,0.5363487259966152
33764.44,ROW-mean-ED,10346,12482,438878,0,geod_dist_to_target,85,0.5363487259966152
33764.44,ROW-mean-ED,10346,12482,438878,0,geod_dist_to_target,90,0.5363487259966152
33764.44,ROW-mean-ED,10346,12482,438878,0,geod_dist_to_target,95,0.5363487259966152
33764.44,ROW-mean-ED,10346,12482,438878,0,geod_dist_to_target,100,0.5363487259966152
33764.44,ROW-mean-ED,10346,4884,433015,0,geod_dist_to_target,5,54.93848583183088
33764.44,ROW-mean-ED,10346,6518,433015,0,geod_dist_to_target,6,15.98338394603001
33764.44,ROW-mean-ED,10346,12445,433015,0,geod_dist_to_target,7,0.49182618423787233
33764.44,ROW-mean-ED,10346,12445,433015,0,geod_dist_to_target,8,0.49182618423787233
33764.44,ROW-mean-ED,10346,12445,433015,0,geod_dist_to_target,9,0.49182618423787233
33764.44,ROW-mean-ED,10346,12445,433015,0,geod_dist_to_target,10,0.49182618423787233
33764.44,ROW-mean-ED,10346,12445,433015,0,geod_dist_to_target,11,0.49182618423787233
33764.44,ROW-mean-ED,10346,12445,433015,0,geod_dist_to_target,12,0.49182618423787233
33764.44,ROW-mean-ED,10346,12445,433015,0,geod_dist_to_target,13,0.49182618423787233
33764.44,ROW-mean-ED,10346,12445,433015,0,geod_dist_to_target,14,0.49182618423787233
33764.44,ROW-mean-ED,10346,12445,433015,0,geod_dist_to_target,15,0.49182618423787233
33764.44,ROW-mean-ED,10346,10346,433015,0,geod_dist_to_target,16,0.0
33764.44,ROW-mean-ED,10346,6827,433015,0,geod_dist_to_target,17,0.478541851813261
33764.44,ROW-mean-ED,10346,6827,433015,0,geod_dist_to_target,18,0.478541851813261
33764.44,ROW-mean-ED,10346,6827,433015,0,geod_dist_to_target,19,0.478541851813261
33764.44,ROW-mean-ED,10346,10346,433015,0,geod_dist_to_target,20,0.0
33764.44,ROW-mean-ED,10346,6824,433015,0,geod_dist_to_target,22,0.557773902280137
33764.44,ROW-mean-ED,10346,6824,433015,0,geod_dist_to_target,24,0.557773902280137
33764.44,ROW-mean-ED,10346,10346,433015,0,geod_dist_to_target,26,0.0
33764.44,ROW-mean-ED,10346,10346,433015,0,geod_dist_to_target,28,0.0
33764.44,ROW-mean-ED,10346,10346,433015,0,geod_dist_to_target,30,0.0
33764.44,ROW-mean-ED,10346,10346,433015,0,geod_dist_to_target,32,0.0
33764.44,ROW-mean-ED,10346,10346,433015,0,geod_dist_to_target,34,0.0
33764.44,ROW-mean-ED,10346,10346,433015,0,geod_dist_to_target,36,0.0
33764.44,ROW-mean-ED,10346,10346,433015,0,geod_dist_to_target,38,0.0
33764.44,ROW-mean-ED,10346,10346,433015,0,geod_dist_to_target,40,0.0
33764.44,ROW-mean-ED,10346,10346,433015,0,geod_dist_to_target,42,0.0
33764.44,ROW-mean-ED,10346,10346,433015,0,geod_dist_to_target,44,0.0
33764.44,ROW-mean-ED,10346,1381,433015,0,geod_dist_to_target,46,0.24177044035433656
33764.44,ROW-mean-ED,10346,1381,433015,0,geod_dist_to_target,48,0.24177044035433656
33764.44,ROW-mean-ED,10346,1381,433015,0,geod_dist_to_target,50,0.24177044035433656
33764.44,ROW-mean-ED,10346,1381,433015,0,geod_dist_to_target,55,0.24177044035433656
33764.44,ROW-mean-ED,10346,1381,433015,0,geod_dist_to_target,60,0.24177044035433656
33764.44,ROW-mean-ED,10346,1381,433015,0,geod_dist_to_target,65,0.24177044035433656
33764.44,ROW-mean-ED,10346,1381,433015,0,geod_dist_to_target,70,0.24177044035433656
33764.44,ROW-mean-ED,10346,1396,433015,0,geod_dist_to_target,75,0.499481213365009
33764.44,ROW-mean-ED,10346,1396,433015,0,geod_dist_to_target,80,0.499481213365009
33764.44,ROW-mean-ED,10346,1381,433015,0,geod_dist_to_target,85,0.24177044035433656
33764.44,ROW-mean-ED,10346,1396,433015,0,geod_dist_to_target,90,0.499481213365009
33764.44,ROW-mean-ED,10346,12482,433015,0,geod_dist_to_target,95,0.5363487259966152
33764.44,ROW-mean-ED,10346,12482,433015,0,geod_dist_to_target,100,0.5363487259966152
33764.44,ROW-mean-ED,10346,10170,858597,0,geod_dist_to_target,5,53.823795285132086
33764.44,ROW-mean-ED,10346,9900,858597,0,geod_dist_to_target,6,1.5644733249582583
33764.44,ROW-mean-ED,10346,1715,858597,0,geod_dist_to_target,7,1.3191508414737025
33764.44,ROW-mean-ED,10346,12429,858597,0,geod_dist_to_target,8,1.1520433524015585
33764.44,ROW-mean-ED,10346,12429,858597,0,geod_dist_to_target,9,1.1520433524015585
33764.44,ROW-mean-ED,10346,12429,858597,0,geod_dist_to_target,10,1.1520433524015585
33764.44,ROW-mean-ED,10346,12429,858597,0,geod_dist_to_target,11,1.1520433524015585
33764.44,ROW-mean-ED,10346,2144,858597,0,geod_dist_to_target,12,1.2810762186919213
33764.44,ROW-mean-ED,10346,2144,858597,0,geod_dist_to_target,13,1.2810762186919213
33764.44,ROW-mean-ED,10346,2144,858597,0,geod_dist_to_target,14,1.2810762186919213
33764.44,ROW-mean-ED,10346,6824,858597,0,geod_dist_to_target,15,0.557773902280137
33764.44,ROW-mean-ED,10346,6824,858597,0,geod_dist_to_target,16,0.557773902280137
33764.44,ROW-mean-ED,10346,6824,858597,0,geod_dist_to_target,17,0.557773902280137
33764.44,ROW-mean-ED,10346,6824,858597,0,geod_dist_to_target,18,0.557773902280137
33764.44,ROW-mean-ED,10346,6824,858597,0,geod_dist_to_target,19,0.557773902280137
33764.44,ROW-mean-ED,10346,6824,858597,0,geod_dist_to_target,20,0.557773902280137
33764.44,ROW-mean-ED,10346,6824,858597,0,geod_dist_to_target,22,0.557773902280137
33764.44,ROW-mean-ED,10346,6824,858597,0,geod_dist_to_target,24,0.557773902280137
33764.44,ROW-mean-ED,10346,1381,858597,0,geod_dist_to_target,26,0.24177044035433656
33764.44,ROW-mean-ED,10346,6824,858597,0,geod_dist_to_target,28,0.557773902280137
33764.44,ROW-mean-ED,10346,6678,858597,0,geod_dist_to_target,30,0.8520169248323725
33764.44,ROW-mean-ED,10346,6678,858597,0,geod_dist_to_target,32,0.8520169248323725
33764.44,ROW-mean-ED,10346,6678,858597,0,geod_dist_to_target,34,0.8520169248323725
33764.44,ROW-mean-ED,10346,6824,858597,0,geod_dist_to_target,36,0.557773902280137
33764.44,ROW-mean-ED,10346,6824,858597,0,geod_dist_to_target,38,0.557773902280137
33764.44,ROW-mean-ED,10346,6824,858597,0,geod_dist_to_target,40,0.557773902280137
33764.44,ROW-mean-ED,10346,6824,858597,0,geod_dist_to_target,42,0.557773902280137
33764.44,ROW-mean-ED,10346,6824,858597,0,geod_dist_to_target,44,0.557773902280137
33764.44,ROW-mean-ED,10346,6824,858597,0,geod_dist_to_target,46,0.557773902280137
33764.44,ROW-mean-ED,10346,6824,858597,0,geod_dist_to_target,48,0.557773902280137
33764.44,ROW-mean-ED,10346,6824,858597,0,geod_dist_to_target,50,0.557773902280137
33764.44,ROW-mean-ED,10346,6824,858597,0,geod_dist_to_target,55,0.557773902280137
33764.44,ROW-mean-ED,10346,6824,858597,0,geod_dist_to_target,60,0.557773902280137
33764.44,ROW-mean-ED,10346,6824,858597,0,geod_dist_to_target,65,0.557773902280137
33764.44,ROW-mean-ED,10346,6824,858597,0,geod_dist_to_target,70,0.557773902280137
33764.44,ROW-mean-ED,10346,6824,858597,0,geod_dist_to_target,75,0.557773902280137
33764.44,ROW-mean-ED,10346,6824,858597,0,geod_dist_to_target,80,0.557773902280137
33764.44,ROW-mean-ED,10346,6824,858597,0,geod_dist_to_target,85,0.557773902280137
33764.44,ROW-mean-ED,10346,6824,858597,0,geod_dist_to_target,90,0.557773902280137
33764.44,ROW-mean-ED,10346,1381,858597,0,geod_dist_to_target,95,0.24177044035433656
33764.44,ROW-mean-ED,10346,1381,858597,0,geod_dist_to_target,100,0.24177044035433656
33764.44,ROW-mean-ED,10346,10985,85945,0,geod_dist_to_target,5,16.809800455128975
33764.44,ROW-mean-ED,10346,10374,85945,0,geod_dist_to_target,6,17.225931957420112
33764.44,ROW-mean-ED,10346,12009,85945,0,geod_dist_to_target,7,17.62399180073058
33764.44,ROW-mean-ED,10346,10346,85945,0,geod_dist_to_target,8,0.0
33764.44,ROW-mean-ED,10346,10346,85945,0,geod_dist_to_target,9,0.0
33764.44,ROW-mean-ED,10346,10346,85945,0,geod_dist_to_target,10,0.0
33764.44,ROW-mean-ED,10346,10346,85945,0,geod_dist_to_target,11,0.0
33764.44,ROW-mean-ED,10346,1396,85945,0,geod_dist_to_target,12,0.499481213365009
33764.44,ROW-mean-ED,10346,10346,85945,0,geod_dist_to_target,13,0.0
33764.44,ROW-mean-ED,10346,10346,85945,0,geod_dist_to_target,14,0.0
33764.44,ROW-mean-ED,10346,12482,85945,0,geod_dist_to_target,15,0.5363487259966152
33764.44,ROW-mean-ED,10346,10346,85945,0,geod_dist_to_target,16,0.0
33764.44,ROW-mean-ED,10346,12482,85945,0,geod_dist_to_target,17,0.5363487259966152
33764.44,ROW-mean-ED,10346,12482,85945,0,geod_dist_to_target,18,0.5363487259966152
33764.44,ROW-mean-ED,10346,12482,85945,0,geod_dist_to_target,19,0.5363487259966152
33764.44,ROW-mean-ED,10346,11606,85945,0,geod_dist_to_target,20,1.2050480948774986
33764.44,ROW-mean-ED,10346,12482,85945,0,geod_dist_to_target,22,0.5363487259966152
33764.44,ROW-mean-ED,10346,12482,85945,0,geod_dist_to_target,24,0.5363487259966152
33764.44,ROW-mean-ED,10346,11606,85945,0,geod_dist_to_target,26,1.2050480948774986
33764.44,ROW-mean-ED,10346,7183,85945,0,geod_dist_to_target,28,1.0074535587474773
33764.44,ROW-mean-ED,10346,6845,85945,0,geod_dist_to_target,30,0.2505287899723362
33764.44,ROW-mean-ED,10346,6845,85945,0,geod_dist_to_target,32,0.2505287899723362
33764.44,ROW-mean-ED,10346,6845,85945,0,geod_dist_to_target,34,0.2505287899723362
33764.44,ROW-mean-ED,10346,6845,85945,0,geod_dist_to_target,36,0.2505287899723362
33764.44,ROW-mean-ED,10346,6845,85945,0,geod_dist_to_target,38,0.2505287899723362
33764.44,ROW-mean-ED,10346,1342,85945,0,geod_dist_to_target,40,0.196240604520838
33764.44,ROW-mean-ED,10346,1342,85945,0,geod_dist_to_target,42,0.196240604520838
33764.44,ROW-mean-ED,10346,1342,85945,0,geod_dist_to_target,44,0.196240604520838
33764.44,ROW-mean-ED,10346,1342,85945,0,geod_dist_to_target,46,0.196240604520838
33764.44,ROW-mean-ED,10346,1342,85945,0,geod_dist_to_target,48,0.196240604520838
33764.44,ROW-mean-ED,10346,573,85945,0,geod_dist_to_target,50,0.43094694190624044
33764.44,ROW-mean-ED,10346,573,85945,0,geod_dist_to_target,55,0.43094694190624044
33764.44,ROW-mean-ED,10346,6845,85945,0,geod_dist_to_target,60,0.2505287899723362
33764.44,ROW-mean-ED,10346,10346,85945,0,geod_dist_to_target,65,0.0
33764.44,ROW-mean-ED,10346,1342,85945,0,geod_dist_to_target,70,0.196240604520838
33764.44,ROW-mean-ED,10346,10346,85945,0,geod_dist_to_target,75,0.0
33764.44,ROW-mean-ED,10346,1342,85945,0,geod_dist_to_target,80,0.196240604520838
33764.44,ROW-mean-ED,10346,1342,85945,0,geod_dist_to_target,85,0.196240604520838
33764.44,ROW-mean-ED,10346,10346,85945,0,geod_dist_to_target,90,0.0
33764.44,ROW-mean-ED,10346,10346,85945,0,geod_dist_to_target,95,0.0
33764.44,ROW-mean-ED,10346,10346,85945,0,geod_dist_to_target,100,0.0
33764.44,ROW-mean-ED,10346,3893,697368,0,geod_dist_to_target,5,66.09509658741361
33764.44,ROW-mean-ED,10346,9900,697368,0,geod_dist_to_target,6,1.5644733249582583
33764.44,ROW-mean-ED,10346,12378,697368,0,geod_dist_to_target,7,4.961024760221803
33764.44,ROW-mean-ED,10346,7775,697368,0,geod_dist_to_target,8,5.118152297966147
33764.44,ROW-mean-ED,10346,7775,697368,0,geod_dist_to_target,9,5.118152297966147
33764.44,ROW-mean-ED,10346,10346,697368,0,geod_dist_to_target,10,0.0
33764.44,ROW-mean-ED,10346,10346,697368,0,geod_dist_to_target,11,0.0
33764.44,ROW-mean-ED,10346,10346,697368,0,geod_dist_to_target,12,0.0
33764.44,ROW-mean-ED,10346,10346,697368,0,geod_dist_to_target,13,0.0
33764.44,ROW-mean-ED,10346,10346,697368,0,geod_dist_to_target,14,0.0
33764.44,ROW-mean-ED,10346,10346,697368,0,geod_dist_to_target,15,0.0
33764.44,ROW-mean-ED,10346,10346,697368,0,geod_dist_to_target,16,0.0
33764.44,ROW-mean-ED,10346,10346,697368,0,geod_dist_to_target,17,0.0
33764.44,ROW-mean-ED,10346,10346,697368,0,geod_dist_to_target,18,0.0
33764.44,ROW-mean-ED,10346,10346,697368,0,geod_dist_to_target,19,0.0
33764.44,ROW-mean-ED,10346,1381,697368,0,geod_dist_to_target,20,0.24177044035433656
33764.44,ROW-mean-ED,10346,1381,697368,0,geod_dist_to_target,22,0.24177044035433656
33764.44,ROW-mean-ED,10346,1381,697368,0,geod_dist_to_target,24,0.24177044035433656
33764.44,ROW-mean-ED,10346,1381,697368,0,geod_dist_to_target,26,0.24177044035433656
33764.44,ROW-mean-ED,10346,6845,697368,0,geod_dist_to_target,28,0.2505287899723362
33764.44,ROW-mean-ED,10346,6845,697368,0,geod_dist_to_target,30,0.2505287899723362
33764.44,ROW-mean-ED,10346,6845,697368,0,geod_dist_to_target,32,0.2505287899723362
33764.44,ROW-mean-ED,10346,10346,697368,0,geod_dist_to_target,34,0.0
33764.44,ROW-mean-ED,10346,10346,697368,0,geod_dist_to_target,36,0.0
33764.44,ROW-mean-ED,10346,6845,697368,0,geod_dist_to_target,38,0.2505287899723362
33764.44,ROW-mean-ED,10346,12482,697368,0,geod_dist_to_target,40,0.5363487259966152
33764.44,ROW-mean-ED,10346,12482,697368,0,geod_dist_to_target,42,0.5363487259966152
33764.44,ROW-mean-ED,10346,6845,697368,0,geod_dist_to_target,44,0.2505287899723362
33764.44,ROW-mean-ED,10346,6845,697368,0,geod_dist_to_target,46,0.2505287899723362
33764.44,ROW-mean-ED,10346,6845,697368,0,geod_dist_to_target,48,0.2505287899723362
33764.44,ROW-mean-ED,10346,6845,697368,0,geod_dist_to_target,50,0.2505287899723362
33764.44,ROW-mean-ED,10346,6845,697368,0,geod_dist_to_target,55,0.2505287899723362
33764.44,ROW-mean-ED,10346,6845,697368,0,geod_dist_to_target,60,0.2505287899723362
33764.44,ROW-mean-ED,10346,6845,697368,0,geod_dist_to_target,65,0.2505287899723362
33764.44,ROW-mean-ED,10346,6845,697368,0,geod_dist_to_target,70,0.2505287899723362
33764.44,ROW-mean-ED,10346,6845,697368,0,geod_dist_to_target,75,0.2505287899723362
33764.44,ROW-mean-ED,10346,6845,697368,0,geod_dist_to_target,80,0.2505287899723362
33764.44,ROW-mean-ED,10346,6845,697368,0,geod_dist_to_target,85,0.2505287899723362
33764.44,ROW-mean-ED,10346,6845,697368,0,geod_dist_to_target,90,0.2505287899723362
33764.44,ROW-mean-ED,10346,6845,697368,0,geod_dist_to_target,95,0.2505287899723362
33764.44,ROW-mean-ED,10346,6845,697368,0,geod_dist_to_target,100,0.2505287899723362
33764.44,ROW-mean-ED,10346,4133,201469,0,geod_dist_to_target,5,43.73408124682954
33764.44,ROW-mean-ED,10346,1715,201469,0,geod_dist_to_target,6,1.3191508414737025
33764.44,ROW-mean-ED,10346,2353,201469,0,geod_dist_to_target,7,1.4558434681759518
33764.44,ROW-mean-ED,10346,7887,201469,0,geod_dist_to_target,8,6.129867793570564
33764.44,ROW-mean-ED,10346,7887,201469,0,geod_dist_to_target,9,6.129867793570564
33764.44,ROW-mean-ED,10346,10568,201469,0,geod_dist_to_target,10,4.7083619662264224
33764.44,ROW-mean-ED,10346,1381,201469,0,geod_dist_to_target,11,0.24177044035433656
33764.44,ROW-mean-ED,10346,6827,201469,0,geod_dist_to_target,12,0.478541851813261
33764.44,ROW-mean-ED,10346,6827,201469,0,geod_dist_to_target,13,0.478541851813261
33764.44,ROW-mean-ED,10346,6827,201469,0,geod_dist_to_target,14,0.478541851813261
33764.44,ROW-mean-ED,10346,6827,201469,0,geod_dist_to_target,15,0.478541851813261
33764.44,ROW-mean-ED,10346,10346,201469,0,geod_dist_to_target,16,0.0
33764.44,ROW-mean-ED,10346,11609,201469,0,geod_dist_to_target,17,0.35877899440829847
33764.44,ROW-mean-ED,10346,6085,201469,0,geod_dist_to_target,18,0.6323778067353208
33764.44,ROW-mean-ED,10346,6085,201469,0,geod_dist_to_target,19,0.6323778067353208
33764.44,ROW-mean-ED,10346,6085,201469,0,geod_dist_to_target,20,0.6323778067353208
33764.44,ROW-mean-ED,10346,8711,201469,0,geod_dist_to_target,22,0.8096122752335942
33764.44,ROW-mean-ED,10346,6085,201469,0,geod_dist_to_target,24,0.6323778067353208
33764.44,ROW-mean-ED,10346,11609,201469,0,geod_dist_to_target,26,0.35877899440829847
33764.44,ROW-mean-ED,10346,11609,201469,0,geod_dist_to_target,28,0.35877899440829847
33764.44,ROW-mean-ED,10346,11609,201469,0,geod_dist_to_target,30,0.35877899440829847
33764.44,ROW-mean-ED,10346,11609,201469,0,geod_dist_to_target,32,0.35877899440829847
33764.44,ROW-mean-ED,10346,10346,201469,0,geod_dist_to_target,34,0.0
33764.44,ROW-mean-ED,10346,10346,201469,0,geod_dist_to_target,36,0.0
33764.44,ROW-mean-ED,10346,10346,201469,0,geod_dist_to_target,38,0.0
33764.44,ROW-mean-ED,10346,10346,201469,0,geod_dist_to_target,40,0.0
33764.44,ROW-mean-ED,10346,10346,201469,0,geod_dist_to_target,42,0.0
33764.44,ROW-mean-ED,10346,10346,201469,0,geod_dist_to_target,44,0.0
33764.44,ROW-mean-ED,10346,10346,201469,0,geod_dist_to_target,46,0.0
33764.44,ROW-mean-ED,10346,10346,201469,0,geod_dist_to_target,48,0.0
33764.44,ROW-mean-ED,10346,10346,201469,0,geod_dist_to_target,50,0.0
33764.44,ROW-mean-ED,10346,10346,201469,0,geod_dist_to_target,55,0.0
33764.44,ROW-mean-ED,10346,10346,201469,0,geod_dist_to_target,60,0.0
33764.44,ROW-mean-ED,10346,10346,201469,0,geod_dist_to_target,65,0.0
33764.44,ROW-mean-ED,10346,10346,201469,0,geod_dist_to_target,70,0.0
33764.44,ROW-mean-ED,10346,10346,201469,0,geod_dist_to_target,75,0.0
33764.44,ROW-mean-ED,10346,10346,201469,0,geod_dist_to_target,80,0.0
33764.44,ROW-mean-ED,10346,10346,201469,0,geod_dist_to_target,85,0.0
33764.44,ROW-mean-ED,10346,10346,201469,0,geod_dist_to_target,90,0.0
33764.44,ROW-mean-ED,10346,6827,201469,0,geod_dist_to_target,95,0.478541851813261
33764.44,ROW-mean-ED,10346,6827,201469,0,geod_dist_to_target,100,0.478541851813261
33764.44,ROW-mean-ED,10346,3949,94177,0,geod_dist_to_target,5,52.846669623864734
33764.44,ROW-mean-ED,10346,1396,94177,0,geod_dist_to_target,6,0.499481213365009
33764.44,ROW-mean-ED,10346,12482,94177,0,geod_dist_to_target,7,0.5363487259966152
33764.44,ROW-mean-ED,10346,12482,94177,0,geod_dist_to_target,8,0.5363487259966152
33764.44,ROW-mean-ED,10346,12482,94177,0,geod_dist_to_target,9,0.5363487259966152
33764.44,ROW-mean-ED,10346,12482,94177,0,geod_dist_to_target,10,0.5363487259966152
33764.44,ROW-mean-ED,10346,12482,94177,0,geod_dist_to_target,11,0.5363487259966152
33764.44,ROW-mean-ED,10346,6845,94177,0,geod_dist_to_target,12,0.2505287899723362
33764.44,ROW-mean-ED,10346,6845,94177,0,geod_dist_to_target,13,0.2505287899723362
33764.44,ROW-mean-ED,10346,6845,94177,0,geod_dist_to_target,14,0.2505287899723362
33764.44,ROW-mean-ED,10346,6845,94177,0,geod_dist_to_target,15,0.2505287899723362
33764.44,ROW-mean-ED,10346,6845,94177,0,geod_dist_to_target,16,0.2505287899723362
33764.44,ROW-mean-ED,10346,6845,94177,0,geod_dist_to_target,17,0.2505287899723362
33764.44,ROW-mean-ED,10346,6845,94177,0,geod_dist_to_target,18,0.2505287899723362
33764.44,ROW-mean-ED,10346,6845,94177,0,geod_dist_to_target,19,0.2505287899723362
33764.44,ROW-mean-ED,10346,6845,94177,0,geod_dist_to_target,20,0.2505287899723362
33764.44,ROW-mean-ED,10346,6845,94177,0,geod_dist_to_target,22,0.2505287899723362
33764.44,ROW-mean-ED,10346,6845,94177,0,geod_dist_to_target,24,0.2505287899723362
33764.44,ROW-mean-ED,10346,6845,94177,0,geod_dist_to_target,26,0.2505287899723362
33764.44,ROW-mean-ED,10346,10346,94177,0,geod_dist_to_target,28,0.0
33764.44,ROW-mean-ED,10346,6845,94177,0,geod_dist_to_target,30,0.2505287899723362
33764.44,ROW-mean-ED,10346,6845,94177,0,geod_dist_to_target,32,0.2505287899723362
33764.44,ROW-mean-ED,10346,6845,94177,0,geod_dist_to_target,34,0.2505287899723362
33764.44,ROW-mean-ED,10346,7183,94177,0,geod_dist_to_target,36,1.0074535587474773
33764.44,ROW-mean-ED,10346,7183,94177,0,geod_dist_to_target,38,1.0074535587474773
33764.44,ROW-mean-ED,10346,3312,94177,0,geod_dist_to_target,40,1.2594994155835524
33764.44,ROW-mean-ED,10346,3526,94177,0,geod_dist_to_target,42,1.8246709417877804
33764.44,ROW-mean-ED,10346,3526,94177,0,geod_dist_to_target,44,1.8246709417877804
33764.44,ROW-mean-ED,10346,3526,94177,0,geod_dist_to_target,46,1.8246709417877804
33764.44,ROW-mean-ED,10346,3526,94177,0,geod_dist_to_target,48,1.8246709417877804
33764.44,ROW-mean-ED,10346,10346,94177,0,geod_dist_to_target,50,0.0
33764.44,ROW-mean-ED,10346,6845,94177,0,geod_dist_to_target,55,0.2505287899723362
33764.44,ROW-mean-ED,10346,10346,94177,0,geod_dist_to_target,60,0.0
33764.44,ROW-mean-ED,10346,12482,94177,0,geod_dist_to_target,65,0.5363487259966152
33764.44,ROW-mean-ED,10346,12482,94177,0,geod_dist_to_target,70,0.5363487259966152
33764.44,ROW-mean-ED,10346,12482,94177,0,geod_dist_to_target,75,0.5363487259966152
33764.44,ROW-mean-ED,10346,12482,94177,0,geod_dist_to_target,80,0.5363487259966152
33764.44,ROW-mean-ED,10346,10346,94177,0,geod_dist_to_target,85,0.0
33764.44,ROW-mean-ED,10346,10346,94177,0,geod_dist_to_target,90,0.0
33764.44,ROW-mean-ED,10346,12482,94177,0,geod_dist_to_target,95,0.5363487259966152
33764.44,ROW-mean-ED,10346,10346,94177,0,geod_dist_to_target,100,0.0
33764.44,ROW-min-ED(FPS),10346,10707,89250,0,geod_dist_to_target,5,45.535584414892156
33764.44,ROW-min-ED(FPS),10346,3955,89250,0,geod_dist_to_target,6,51.3790136407187
33764.44,ROW-min-ED(FPS),10346,10925,89250,0,geod_dist_to_target,7,0.8525375586862483
33764.44,ROW-min-ED(FPS),10346,12429,89250,0,geod_dist_to_target,8,1.1520433524015585
33764.44,ROW-min-ED(FPS),10346,2353,89250,0,geod_dist_to_target,9,1.4558434681759518
33764.44,ROW-min-ED(FPS),10346,2353,89250,0,geod_dist_to_target,10,1.4558434681759518
33764.44,ROW-min-ED(FPS),10346,2353,89250,0,geod_dist_to_target,11,1.4558434681759518
33764.44,ROW-min-ED(FPS),10346,2353,89250,0,geod_dist_to_target,12,1.4558434681759518
33764.44,ROW-min-ED(FPS),10346,10925,89250,0,geod_dist_to_target,13,0.8525375586862483
33764.44,ROW-min-ED(FPS),10346,11673,89250,0,geod_dist_to_target,14,2.0130458040050723
33764.44,ROW-min-ED(FPS),10346,11673,89250,0,geod_dist_to_target,15,2.0130458040050723
33764.44,ROW-min-ED(FPS),10346,11673,89250,0,geod_dist_to_target,16,2.0130458040050723
33764.44,ROW-min-ED(FPS),10346,11673,89250,0,geod_dist_to_target,17,2.0130458040050723
33764.44,ROW-min-ED(FPS),10346,12482,89250,0,geod_dist_to_target,18,0.5363487259966152
33764.44,ROW-min-ED(FPS),10346,10346,89250,0,geod_dist_to_target,19,0.0
33764.44,ROW-min-ED(FPS),10346,1381,89250,0,geod_dist_to_target,20,0.24177044035433656
33764.44,ROW-min-ED(FPS),10346,3526,89250,0,geod_dist_to_target,22,1.8246709417877804
33764.44,ROW-min-ED(FPS),10346,3526,89250,0,geod_dist_to_target,24,1.8246709417877804
33764.44,ROW-min-ED(FPS),10346,3526,89250,0,geod_dist_to_target,26,1.8246709417877804
33764.44,ROW-min-ED(FPS),10346,12037,89250,0,geod_dist_to_target,28,2.213047593178017
33764.44,ROW-min-ED(FPS),10346,11210,89250,0,geod_dist_to_target,30,1.70729194794039
33764.44,ROW-min-ED(FPS),10346,11210,89250,0,geod_dist_to_target,32,1.70729194794039
33764.44,ROW-min-ED(FPS),10346,11210,89250,0,geod_dist_to_target,34,1.70729194794039
33764.44,ROW-min-ED(FPS),10346,11210,89250,0,geod_dist_to_target,36,1.70729194794039
33764.44,ROW-min-ED(FPS),10346,11210,89250,0,geod_dist_to_target,38,1.70729194794039
33764.44,ROW-min-ED(FPS),10346,3526,89250,0,geod_dist_to_target,40,1.8246709417877804
33764.44,ROW-min-ED(FPS),10346,3526,89250,0,geod_dist_to_target,42,1.8246709417877804
33764.44,ROW-min-ED(FPS),10346,3526,89250,0,geod_dist_to_target,44,1.8246709417877804
33764.44,ROW-min-ED(FPS),10346,3312,89250,0,geod_dist_to_target,46,1.2594994155835524
33764.44,ROW-min-ED(FPS),10346,3312,89250,0,geod_dist_to_target,48,1.2594994155835524
33764.44,ROW-min-ED(FPS),10346,573,89250,0,geod_dist_to_target,50,0.43094694190624044
33764.44,ROW-min-ED(FPS),10346,3312,89250,0,geod_dist_to_target,55,1.2594994155835524
33764.44,ROW-min-ED(FPS),10346,573,89250,0,geod_dist_to_target,60,0.43094694190624044
33764.44,ROW-min-ED(FPS),10346,1342,89250,0,geod_dist_to_target,65,0.196240604520838
33764.44,ROW-min-ED(FPS),10346,1342,89250,0,geod_dist_to_target,70,0.196240604520838
33764.44,ROW-min-ED(FPS),10346,1342,89250,0,geod_dist_to_target,75,0.196240604520838
33764.44,ROW-min-ED(FPS),10346,10346,89250,0,geod_dist_to_target,80,0.0
33764.44,ROW-min-ED(FPS),10346,6845,89250,0,geod_dist_to_target,85,0.2505287899723362
33764.44,ROW-min-ED(FPS),10346,10346,89250,0,geod_dist_to_target,90,0.0
33764.44,ROW-min-ED(FPS),10346,10346,89250,0,geod_dist_to_target,95,0.0
33764.44,ROW-min-ED(FPS),10346,10346,89250,0,geod_dist_to_target,100,0.0
33764.44,ROW-min-ED(FPS),10346,9352,773956,0,geod_dist_to_target,5,15.31494218042235
33764.44,ROW-min-ED(FPS),10346,6405,773956,0,geod_dist_to_target,6,15.665051480319846
33764.44,ROW-min-ED(FPS),10346,6405,773956,0,geod_dist_to_target,7,15.665051480319846
33764.44,ROW-min-ED(FPS),10346,12482,773956,0,geod_dist_to_target,8,0.5363487259966152
33764.44,ROW-min-ED(FPS),10346,12482,773956,0,geod_dist_to_target,9,0.5363487259966152
33764.44,ROW-min-ED(FPS),10346,12482,773956,0,geod_dist_to_target,10,0.5363487259966152
33764.44,ROW-min-ED(FPS),10346,12482,773956,0,geod_dist_to_target,11,0.5363487259966152
33764.44,ROW-min-ED(FPS),10346,12482,773956,0,geod_dist_to_target,12,0.5363487259966152
33764.44,ROW-min-ED(FPS),10346,12482,773956,0,geod_dist_to_target,13,0.5363487259966152
33764.44,ROW-min-ED(FPS),10346,12482,773956,0,geod_dist_to_target,14,0.5363487259966152
33764.44,ROW-min-ED(FPS),10346,6845,773956,0,geod_dist_to_target,15,0.2505287899723362
33764.44,ROW-min-ED(FPS),10346,3312,773956,0,geod_dist_to_target,16,1.2594994155835524
33764.44,ROW-min-ED(FPS),10346,7183,773956,0,geod_dist_to_target,17,1.0074535587474773
33764.44,ROW-min-ED(FPS),10346,7183,773956,0,geod_dist_to_target,18,1.0074535587474773
33764.44,ROW-min-ED(FPS),10346,7183,773956,0,geod_dist_to_target,19,1.0074535587474773
33764.44,ROW-min-ED(FPS),10346,3312,773956,0,geod_dist_to_target,20,1.2594994155835524
33764.44,ROW-min-ED(FPS),10346,11210,773956,0,geod_dist_to_target,22,1.70729194794039
33764.44,ROW-min-ED(FPS),10346,3312,773956,0,geod_dist_to_target,24,1.2594994155835524
33764.44,ROW-min-ED(FPS),10346,3312,773956,0,geod_dist_to_target,26,1.2594994155835524
33764.44,ROW-min-ED(FPS),10346,11210,773956,0,geod_dist_to_target,28,1.70729194794039
33764.44,ROW-min-ED(FPS),10346,3312,773956,0,geod_dist_to_target,30,1.2594994155835524
33764.44,ROW-min-ED(FPS),10346,11210,773956,0,geod_dist_to_target,32,1.70729194794039
33764.44,ROW-min-ED(FPS),10346,3312,773956,0,geod_dist_to_target,34,1.2594994155835524
33764.44,ROW-min-ED(FPS),10346,3312,773956,0,geod_dist_to_target,36,1.2594994155835524
33764.44,ROW-min-ED(FPS),10346,11210,773956,0,geod_dist_to_target,38,1.70729194794039
33764.44,ROW-min-ED(FPS),10346,3312,773956,0,geod_dist_to_target,40,1.2594994155835524
33764.44,ROW-min-ED(FPS),10346,3312,773956,0,geod_dist_to_target,42,1.2594994155835524
33764.44,ROW-min-ED(FPS),10346,3312,773956,0,geod_dist_to_target,44,1.2594994155835524
33764.44,ROW-min-ED(FPS),10346,3312,773956,0,geod_dist_to_target,46,1.2594994155835524
33764.44,ROW-min-ED(FPS),10346,7183,773956,0,geod_dist_to_target,48,1.0074535587474773
33764.44,ROW-min-ED(FPS),10346,7183,773956,0,geod_dist_to_target,50,1.0074535587474773
33764.44,ROW-min-ED(FPS),10346,7183,773956,0,geod_dist_to_target,55,1.0074535587474773
33764.44,ROW-min-ED(FPS),10346,7183,773956,0,geod_dist_to_target,60,1.0074535587474773
33764.44,ROW-min-ED(FPS),10346,6845,773956,0,geod_dist_to_target,65,0.2505287899723362
33764.44,ROW-min-ED(FPS),10346,6845,773956,0,geod_dist_to_target,70,0.2505287899723362
33764.44,ROW-min-ED(FPS),10346,6845,773956,0,geod_dist_to_target,75,0.2505287899723362
33764.44,ROW-min-ED(FPS),10346,6845,773956,0,geod_dist_to_target,80,0.2505287899723362
33764.44,ROW-min-ED(FPS),10346,6845,773956,0,geod_dist_to_target,85,0.2505287899723362
33764.44,ROW-min-ED(FPS),10346,6845,773956,0,geod_dist_to_target,90,0.2505287899723362
33764.44,ROW-min-ED(FPS),10346,6845,773956,0,geod_dist_to_target,95,0.2505287899723362
33764.44,ROW-min-ED(FPS),10346,6845,773956,0,geod_dist_to_target,100,0.2505287899723362
33764.44,ROW-min-ED(FPS),10346,3962,654571,0,geod_dist_to_target,5,51.29624307772991
33764.44,ROW-min-ED(FPS),10346,11124,654571,0,geod_dist_to_target,6,2.7577670629264746
33764.44,ROW-min-ED(FPS),10346,5885,654571,0,geod_dist_to_target,7,4.433250883429646
33764.44,ROW-min-ED(FPS),10346,5885,654571,0,geod_dist_to_target,8,4.433250883429646
33764.44,ROW-min-ED(FPS),10346,5885,654571,0,geod_dist_to_target,9,4.433250883429646
33764.44,ROW-min-ED(FPS),10346,11673,654571,0,geod_dist_to_target,10,2.0130458040050723
33764.44,ROW-min-ED(FPS),10346,11673,654571,0,geod_dist_to_target,11,2.0130458040050723
33764.44,ROW-min-ED(FPS),10346,11673,654571,0,geod_dist_to_target,12,2.0130458040050723
33764.44,ROW-min-ED(FPS),10346,11673,654571,0,geod_dist_to_target,13,2.0130458040050723
33764.44,ROW-min-ED(FPS),10346,2401,654571,0,geod_dist_to_target,14,1.349380741557188
33764.44,ROW-min-ED(FPS),10346,11673,654571,0,geod_dist_to_target,15,2.0130458040050723
33764.44,ROW-min-ED(FPS),10346,1396,654571,0,geod_dist_to_target,16,0.499481213365009
33764.44,ROW-min-ED(FPS),10346,1396,654571,0,geod_dist_to_target,17,0.499481213365009
33764.44,ROW-min-ED(FPS),10346,1396,654571,0,geod_dist_to_target,18,0.499481213365009
33764.44,ROW-min-ED(FPS),10346,1396,654571,0,geod_dist_to_target,19,0.499481213365009
33764.44,ROW-min-ED(FPS),10346,1396,654571,0,geod_dist_to_target,20,0.499481213365009
33764.44,ROW-min-ED(FPS),10346,12482,654571,0,geod_dist_to_target,22,0.5363487259966152
33764.44,ROW-min-ED(FPS),10346,11313,654571,0,geod_dist_to_target,24,1.6515691829436927
33764.44,ROW-min-ED(FPS),10346,3425,654571,0,geod_dist_to_target,26,1.574472945560964
33764.44,ROW-min-ED(FPS),10346,11606,654571,0,geod_dist_to_target,28,1.2050480948774986
33764.44,ROW-min-ED(FPS),10346,12482,654571,0,geod_dist_to_target,30,0.5363487259966152
33764.44,ROW-min-ED(FPS),10346,12482,654571,0,geod_dist_to_target,32,0.5363487259966152
33764.44,ROW-min-ED(FPS),10346,12482,654571,0,geod_dist_to_target,34,0.5363487259966152
33764.44,ROW-min-ED(FPS),10346,12482,654571,0,geod_dist_to_target,36,0.5363487259966152
33764.44,ROW-min-ED(FPS),10346,12482,654571,0,geod_dist_to_target,38,0.5363487259966152
33764.44,ROW-min-ED(FPS),10346,7183,654571,0,geod_dist_to_target,40,1.0074535587474773
33764.44,ROW-min-ED(FPS),10346,7183,654571,0,geod_dist_to_target,42,1.0074535587474773
33764.44,ROW-min-ED(FPS),10346,7183,654571,0,geod_dist_to_target,44,1.0074535587474773
33764.44,ROW-min-ED(FPS),10346,7183,654571,0,geod_dist_to_target,46,1.0074535587474773
33764.44,ROW-min-ED(FPS),10346,7183,654571,0,geod_dist_to_target,48,1.0074535587474773
33764.44,ROW-min-ED(FPS),10346,7183,654571,0,geod_dist_to_target,50,1.0074535587474773
33764.44,ROW-min-ED(FPS),10346,7183,654571,0,geod_dist_to_target,55,1.0074535587474773
33764.44,ROW-min-ED(FPS),10346,6845,654571,0,geod_dist_to_target,60,0.2505287899723362
33764.44,ROW-min-ED(FPS),10346,12482,654571,0,geod_dist_to_target,65,0.5363487259966152
33764.44,ROW-min-ED(FPS),10346,12482,654571,0,geod_dist_to_target,70,0.5363487259966152
33764.44,ROW-min-ED(FPS),10346,12482,654571,0,geod_dist_to_target,75,0.5363487259966152
33764.44,ROW-min-ED(FPS),10346,12482,654571,0,geod_dist_to_target,80,0.5363487259966152
33764.44,ROW-min-ED(FPS),10346,12482,654571,0,geod_dist_to_target,85,0.5363487259966152
33764.44,ROW-min-ED(FPS),10346,10346,654571,0,geod_dist_to_target,90,0.0
33764.44,ROW-min-ED(FPS),10346,10346,654571,0,geod_dist_to_target,95,0.0
33764.44,ROW-min-ED(FPS),10346,10346,654571,0,geod_dist_to_target,100,0.0
33764.44,ROW-min-ED(FPS),10346,1739,438878,0,geod_dist_to_target,5,48.479984312187746
33764.44,ROW-min-ED(FPS),10346,6616,438878,0,geod_dist_to_target,6,16.320884626891313
33764.44,ROW-min-ED(FPS),10346,6616,438878,0,geod_dist_to_target,7,16.320884626891313
33764.44,ROW-min-ED(FPS),10346,6824,438878,0,geod_dist_to_target,8,0.557773902280137
33764.44,ROW-min-ED(FPS),10346,8077,438878,0,geod_dist_to_target,9,14.045243382609423
33764.44,ROW-min-ED(FPS),10346,2278,438878,0,geod_dist_to_target,10,2.3243262180125797
33764.44,ROW-min-ED(FPS),10346,3425,438878,0,geod_dist_to_target,11,1.574472945560964
33764.44,ROW-min-ED(FPS),10346,3425,438878,0,geod_dist_to_target,12,1.574472945560964
33764.44,ROW-min-ED(FPS),10346,3526,438878,0,geod_dist_to_target,13,1.8246709417877804
33764.44,ROW-min-ED(FPS),10346,11606,438878,0,geod_dist_to_target,14,1.2050480948774986
33764.44,ROW-min-ED(FPS),10346,11606,438878,0,geod_dist_to_target,15,1.2050480948774986
33764.44,ROW-min-ED(FPS),10346,11606,438878,0,geod_dist_to_target,16,1.2050480948774986
33764.44,ROW-min-ED(FPS),10346,7183,438878,0,geod_dist_to_target,17,1.0074535587474773
33764.44,ROW-min-ED(FPS),10346,6845,438878,0,geod_dist_to_target,18,0.2505287899723362
33764.44,ROW-min-ED(FPS),10346,3312,438878,0,geod_dist_to_target,19,1.2594994155835524
33764.44,ROW-min-ED(FPS),10346,6845,438878,0,geod_dist_to_target,20,0.2505287899723362
33764.44,ROW-min-ED(FPS),10346,3312,438878,0,geod_dist_to_target,22,1.2594994155835524
33764.44,ROW-min-ED(FPS),10346,7183,438878,0,geod_dist_to_target,24,1.0074535587474773
33764.44,ROW-min-ED(FPS),10346,7183,438878,0,geod_dist_to_target,26,1.0074535587474773
33764.44,ROW-min-ED(FPS),10346,3312,438878,0,geod_dist_to_target,28,1.2594994155835524
33764.44,ROW-min-ED(FPS),10346,3312,438878,0,geod_dist_to_target,30,1.2594994155835524
33764.44,ROW-min-ED(FPS),10346,3312,438878,0,geod_dist_to_target,32,1.2594994155835524
33764.44,ROW-min-ED(FPS),10346,6845,438878,0,geod_dist_to_target,34,0.2505287899723362
33764.44,ROW-min-ED(FPS),10346,3312,438878,0,geod_dist_to_target,36,1.2594994155835524
33764.44,ROW-min-ED(FPS),10346,6845,438878,0,geod_dist_to_target,38,0.2505287899723362
33764.44,ROW-min-ED(FPS),10346,6845,438878,0,geod_dist_to_target,40,0.2505287899723362
33764.44,ROW-min-ED(FPS),10346,6845,438878,0,geod_dist_to_target,42,0.2505287899723362
33764.44,ROW-min-ED(FPS),10346,10346,438878,0,geod_dist_to_target,44,0.0
33764.44,ROW-min-ED(FPS),10346,6845,438878,0,geod_dist_to_target,46,0.2505287899723362
33764.44,ROW-min-ED(FPS),10346,6845,438878,0,geod_dist_to_target,48,0.2505287899723362
33764.44,ROW-min-ED(FPS),10346,6845,438878,0,geod_dist_to_target,50,0.2505287899723362
33764.44,ROW-min-ED(FPS),10346,6845,438878,0,geod_dist_to_target,55,0.2505287899723362
33764.44,ROW-min-ED(FPS),10346,6845,438878,0,geod_dist_to_target,60,0.2505287899723362
33764.44,ROW-min-ED(FPS),10346,6845,438878,0,geod_dist_to_target,65,0.2505287899723362
33764.44,ROW-min-ED(FPS),10346,6845,438878,0,geod_dist_to_target,70,0.2505287899723362
33764.44,ROW-min-ED(FPS),10346,6845,438878,0,geod_dist_to_target,75,0.2505287899723362
33764.44,ROW-min-ED(FPS),10346,6845,438878,0,geod_dist_to_target,80,0.2505287899723362
33764.44,ROW-min-ED(FPS),10346,6845,438878,0,geod_dist_to_target,85,0.2505287899723362
33764.44,ROW-min-ED(FPS),10346,6845,438878,0,geod_dist_to_target,90,0.2505287899723362
33764.44,ROW-min-ED(FPS),10346,10346,438878,0,geod_dist_to_target,95,0.0
33764.44,ROW-min-ED(FPS),10346,6845,438878,0,geod_dist_to_target,100,0.2505287899723362
33764.44,ROW-min-ED(FPS),10346,5663,433015,0,geod_dist_to_target,5,25.643101869593096
33764.44,ROW-min-ED(FPS),10346,6824,433015,0,geod_dist_to_target,6,0.557773902280137
33764.44,ROW-min-ED(FPS),10346,6824,433015,0,geod_dist_to_target,7,0.557773902280137
33764.44,ROW-min-ED(FPS),10346,6824,433015,0,geod_dist_to_target,8,0.557773902280137
33764.44,ROW-min-ED(FPS),10346,6827,433015,0,geod_dist_to_target,9,0.478541851813261
33764.44,ROW-min-ED(FPS),10346,1381,433015,0,geod_dist_to_target,10,0.24177044035433656
33764.44,ROW-min-ED(FPS),10346,1381,433015,0,geod_dist_to_target,11,0.24177044035433656
33764.44,ROW-min-ED(FPS),10346,1381,433015,0,geod_dist_to_target,12,0.24177044035433656
33764.44,ROW-min-ED(FPS),10346,6824,433015,0,geod_dist_to_target,13,0.557773902280137
33764.44,ROW-min-ED(FPS),10346,6824,433015,0,geod_dist_to_target,14,0.557773902280137
33764.44,ROW-min-ED(FPS),10346,6824,433015,0,geod_dist_to_target,15,0.557773902280137
33764.44,ROW-min-ED(FPS),10346,10346,433015,0,geod_dist_to_target,16,0.0
33764.44,ROW-min-ED(FPS),10346,1396,433015,0,geod_dist_to_target,17,0.499481213365009
33764.44,ROW-min-ED(FPS),10346,1396,433015,0,geod_dist_to_target,18,0.499481213365009
33764.44,ROW-min-ED(FPS),10346,1381,433015,0,geod_dist_to_target,19,0.24177044035433656
33764.44,ROW-min-ED(FPS),10346,1396,433015,0,geod_dist_to_target,20,0.499481213365009
33764.44,ROW-min-ED(FPS),10346,12482,433015,0,geod_dist_to_target,22,0.5363487259966152
33764.44,ROW-min-ED(FPS),10346,10346,433015,0,geod_dist_to_target,24,0.0
33764.44,ROW-min-ED(FPS),10346,10346,433015,0,geod_dist_to_target,26,0.0
33764.44,ROW-min-ED(FPS),10346,1381,433015,0,geod_dist_to_target,28,0.24177044035433656
33764.44,ROW-min-ED(FPS),10346,10346,433015,0,geod_dist_to_target,30,0.0
33764.44,ROW-min-ED(FPS),10346,12482,433015,0,geod_dist_to_target,32,0.5363487259966152
33764.44,ROW-min-ED(FPS),10346,10346,433015,0,geod_dist_to_target,34,0.0
33764.44,ROW-min-ED(FPS),10346,10346,433015,0,geod_dist_to_target,36,0.0
33764.44,ROW-min-ED(FPS),10346,1381,433015,0,geod_dist_to_target,38,0.24177044035433656
33764.44,ROW-min-ED(FPS),10346,1381,433015,0,geod_dist_to_target,40,0.24177044035433656
33764.44,ROW-min-ED(FPS),10346,1381,433015,0,geod_dist_to_target,42,0.24177044035433656
33764.44,ROW-min-ED(FPS),10346,1381,433015,0,geod_dist_to_target,44,0.24177044035433656
33764.44,ROW-min-ED(FPS),10346,10346,433015,0,geod_dist_to_target,46,0.0
33764.44,ROW-min-ED(FPS),10346,10346,433015,0,geod_dist_to_target,48,0.0
33764.44,ROW-min-ED(FPS),10346,10346,433015,0,geod_dist_to_target,50,0.0
33764.44,ROW-min-ED(FPS),10346,10346,433015,0,geod_dist_to_target,55,0.0
33764.44,ROW-min-ED(FPS),10346,10346,433015,0,geod_dist_to_target,60,0.0
33764.44,ROW-min-ED(FPS),10346,10346,433015,0,geod_dist_to_target,65,0.0
33764.44,ROW-min-ED(FPS),10346,10346,433015,0,geod_dist_to_target,70,0.0
33764.44,ROW-min-ED(FPS),10346,12482,433015,0,geod_dist_to_target,75,0.5363487259966152
33764.44,ROW-min-ED(FPS),10346,10346,433015,0,geod_dist_to_target,80,0.0
33764.44,ROW-min-ED(FPS),10346,10346,433015,0,geod_dist_to_target,85,0.0
33764.44,ROW-min-ED(FPS),10346,10346,433015,0,geod_dist_to_target,90,0.0
33764.44,ROW-min-ED(FPS),10346,10346,433015,0,geod_dist_to_target,95,0.0
33764.44,ROW-min-ED(FPS),10346,10346,433015,0,geod_dist_to_target,100,0.0
33764.44,ROW-min-ED(FPS),10346,6576,858597,0,geod_dist_to_target,5,14.5947551908012
33764.44,ROW-min-ED(FPS),10346,7173,858597,0,geod_dist_to_target,6,0.9782260660933111
33764.44,ROW-min-ED(FPS),10346,6805,858597,0,geod_dist_to_target,7,5.0345730361698635
33764.44,ROW-min-ED(FPS),10346,1887,858597,0,geod_dist_to_target,8,34.35834304786336
33764.44,ROW-min-ED(FPS),10346,8466,858597,0,geod_dist_to_target,9,12.712829366488327
33764.44,ROW-min-ED(FPS),10346,9186,858597,0,geod_dist_to_target,10,18.00192617808467
33764.44,ROW-min-ED(FPS),10346,9186,858597,0,geod_dist_to_target,11,18.00192617808467
33764.44,ROW-min-ED(FPS),10346,9186,858597,0,geod_dist_to_target,12,18.00192617808467
33764.44,ROW-min-ED(FPS),10346,1342,858597,0,geod_dist_to_target,13,0.196240604520838
33764.44,ROW-min-ED(FPS),10346,10346,858597,0,geod_dist_to_target,14,0.0
33764.44,ROW-min-ED(FPS),10346,10346,858597,0,geod_dist_to_target,15,0.0
33764.44,ROW-min-ED(FPS),10346,10346,858597,0,geod_dist_to_target,16,0.0
33764.44,ROW-min-ED(FPS),10346,10346,858597,0,geod_dist_to_target,17,0.0
33764.44,ROW-min-ED(FPS),10346,10346,858597,0,geod_dist_to_target,18,0.0
33764.44,ROW-min-ED(FPS),10346,6827,858597,0,geod_dist_to_target,19,0.478541851813261
33764.44,ROW-min-ED(FPS),10346,6827,858597,0,geod_dist_to_target,20,0.478541851813261
33764.44,ROW-min-ED(FPS),10346,1381,858597,0,geod_dist_to_target,22,0.24177044035433656
33764.44,ROW-min-ED(FPS),10346,1381,858597,0,geod_dist_to_target,24,0.24177044035433656
33764.44,ROW-min-ED(FPS),10346,1381,858597,0,geod_dist_to_target,26,0.24177044035433656
33764.44,ROW-min-ED(FPS),10346,1381,858597,0,geod_dist_to_target,28,0.24177044035433656
33764.44,ROW-min-ED(FPS),10346,1381,858597,0,geod_dist_to_target,30,0.24177044035433656
33764.44,ROW-min-ED(FPS),10346,1381,858597,0,geod_dist_to_target,32,0.24177044035433656
33764.44,ROW-min-ED(FPS),10346,1381,858597,0,geod_dist_to_target,34,0.24177044035433656
33764.44,ROW-min-ED(FPS),10346,1381,858597,0,geod_dist_to_target,36,0.24177044035433656
33764.44,ROW-min-ED(FPS),10346,1381,858597,0,geod_dist_to_target,38,0.24177044035433656
33764.44,ROW-min-ED(FPS),10346,1381,858597,0,geod_dist_to_target,40,0.24177044035433656
33764.44,ROW-min-ED(FPS),10346,1381,858597,0,geod_dist_to_target,42,0.24177044035433656
33764.44,ROW-min-ED(FPS),10346,6827,858597,0,geod_dist_to_target,44,0.478541851813261
33764.44,ROW-min-ED(FPS),10346,10346,858597,0,geod_dist_to_target,46,0.0
33764.44,ROW-min-ED(FPS),10346,10346,858597,0,geod_dist_to_target,48,0.0
33764.44,ROW-min-ED(FPS),10346,10346,858597,0,geod_dist_to_target,50,0.0
33764.44,ROW-min-ED(FPS),10346,10346,858597,0,geod_dist_to_target,55,0.0
33764.44,ROW-min-ED(FPS),10346,10346,858597,0,geod_dist_to_target,60,0.0
33764.44,ROW-min-ED(FPS),10346,10346,858597,0,geod_dist_to_target,65,0.0
33764.44,ROW-min-ED(FPS),10346,10346,858597,0,geod_dist_to_target,70,0.0
33764.44,ROW-min-ED(FPS),10346,10346,858597,0,geod_dist_to_target,75,0.0
33764.44,ROW-min-ED(FPS),10346,10346,858597,0,geod_dist_to_target,80,0.0
33764.44,ROW-min-ED(FPS),10346,10346,858597,0,geod_dist_to_target,85,0.0
33764.44,ROW-min-ED(FPS),10346,10346,858597,0,geod_dist_to_target,90,0.0
33764.44,ROW-min-ED(FPS),10346,6827,858597,0,geod_dist_to_target,95,0.478541851813261
33764.44,ROW-min-ED(FPS),10346,6827,858597,0,geod_dist_to_target,100,0.478541851813261
33764.44,ROW-min-ED(FPS),10346,11031,85945,0,geod_dist_to_target,5,44.66376119484965
33764.44,ROW-min-ED(FPS),10346,3984,85945,0,geod_dist_to_target,6,45.63989537618162
33764.44,ROW-min-ED(FPS),10346,11313,85945,0,geod_dist_to_target,7,1.6515691829436927
33764.44,ROW-min-ED(FPS),10346,11313,85945,0,geod_dist_to_target,8,1.6515691829436927
33764.44,ROW-min-ED(FPS),10346,11313,85945,0,geod_dist_to_target,9,1.6515691829436927
33764.44,ROW-min-ED(FPS),10346,3425,85945,0,geod_dist_to_target,10,1.574472945560964
33764.44,ROW-min-ED(FPS),10346,3425,85945,0,geod_dist_to_target,11,1.574472945560964
33764.44,ROW-min-ED(FPS),10346,3425,85945,0,geod_dist_to_target,12,1.574472945560964
33764.44,ROW-min-ED(FPS),10346,7183,85945,0,geod_dist_to_target,13,1.0074535587474773
33764.44,ROW-min-ED(FPS),10346,12037,85945,0,geod_dist_to_target,14,2.213047593178017
33764.44,ROW-min-ED(FPS),10346,11210,85945,0,geod_dist_to_target,15,1.70729194794039
33764.44,ROW-min-ED(FPS),10346,1342,85945,0,geod_dist_to_target,16,0.196240604520838
33764.44,ROW-min-ED(FPS),10346,1342,85945,0,geod_dist_to_target,17,0.196240604520838
33764.44,ROW-min-ED(FPS),10346,1342,85945,0,geod_dist_to_target,18,0.196240604520838
33764.44,ROW-min-ED(FPS),10346,1342,85945,0,geod_dist_to_target,19,0.196240604520838
33764.44,ROW-min-ED(FPS),10346,11609,85945,0,geod_dist_to_target,20,0.35877899440829847
33764.44,ROW-min-ED(FPS),10346,1342,85945,0,geod_dist_to_target,22,0.196240604520838
33764.44,ROW-min-ED(FPS),10346,1342,85945,0,geod_dist_to_target,24,0.196240604520838
33764.44,ROW-min-ED(FPS),10346,11609,85945,0,geod_dist_to_target,26,0.35877899440829847
33764.44,ROW-min-ED(FPS),10346,11609,85945,0,geod_dist_to_target,28,0.35877899440829847
33764.44,ROW-min-ED(FPS),10346,11609,85945,0,geod_dist_to_target,30,0.35877899440829847
33764.44,ROW-min-ED(FPS),10346,11609,85945,0,geod_dist_to_target,32,0.35877899440829847
33764.44,ROW-min-ED(FPS),10346,11609,85945,0,geod_dist_to_target,34,0.35877899440829847
33764.44,ROW-min-ED(FPS),10346,11609,85945,0,geod_dist_to_target,36,0.35877899440829847
33764.44,ROW-min-ED(FPS),10346,11609,85945,0,geod_dist_to_target,38,0.35877899440829847
33764.44,ROW-min-ED(FPS),10346,11609,85945,0,geod_dist_to_target,40,0.35877899440829847
33764.44,ROW-min-ED(FPS),10346,11609,85945,0,geod_dist_to_target,42,0.35877899440829847
33764.44,ROW-min-ED(FPS),10346,11609,85945,0,geod_dist_to_target,44,0.35877899440829847
33764.44,ROW-min-ED(FPS),10346,1342,85945,0,geod_dist_to_target,46,0.196240604520838
33764.44,ROW-min-ED(FPS),10346,6085,85945,0,geod_dist_to_target,48,0.6323778067353208
33764.44,ROW-min-ED(FPS),10346,11609,85945,0,geod_dist_to_target,50,0.35877899440829847
33764.44,ROW-min-ED(FPS),10346,11609,85945,0,geod_dist_to_target,55,0.35877899440829847
33764.44,ROW-min-ED(FPS),10346,11609,85945,0,geod_dist_to_target,60,0.35877899440829847
33764.44,ROW-min-ED(FPS),10346,11609,85945,0,geod_dist_to_target,65,0.35877899440829847
33764.44,ROW-min-ED(FPS),10346,11609,85945,0,geod_dist_to_target,70,0.35877899440829847
33764.44,ROW-min-ED(FPS),10346,11609,85945,0,geod_dist_to_target,75,0.35877899440829847
33764.44,ROW-min-ED(FPS),10346,6827,85945,0,geod_dist_to_target,80,0.478541851813261
33764.44,ROW-min-ED(FPS),10346,11609,85945,0,geod_dist_to_target,85,0.35877899440829847
33764.44,ROW-min-ED(FPS),10346,11609,85945,0,geod_dist_to_target,90,0.35877899440829847
33764.44,ROW-min-ED(FPS),10346,11609,85945,0,geod_dist_to_target,95,0.35877899440829847
33764.44,ROW-min-ED(FPS),10346,1342,85945,0,geod_dist_to_target,100,0.196240604520838
33764.44,ROW-min-ED(FPS),10346,5235,697368,0,geod_dist_to_target,5,28.240937597807477
33764.44,ROW-min-ED(FPS),10346,9262,697368,0,geod_dist_to_target,6,63.74358576072503
33764.44,ROW-min-ED(FPS),10346,900,697368,0,geod_dist_to_target,7,2.2830731238312265
33764.44,ROW-min-ED(FPS),10346,1800,697368,0,geod_dist_to_target,8,2.623412111765252
33764.44,ROW-min-ED(FPS),10346,6815,697368,0,geod_dist_to_target,9,1.1340266233615488
33764.44,ROW-min-ED(FPS),10346,2885,697368,0,geod_dist_to_target,10,0.9735226863148854
33764.44,ROW-min-ED(FPS),10346,2885,697368,0,geod_dist_to_target,11,0.9735226863148854
33764.44,ROW-min-ED(FPS),10346,2885,697368,0,geod_dist_to_target,12,0.9735226863148854
33764.44,ROW-min-ED(FPS),10346,6822,697368,0,geod_dist_to_target,13,1.1780894329130376
33764.44,ROW-min-ED(FPS),10346,866,697368,0,geod_dist_to_target,14,1.0405055557754317
33764.44,ROW-min-ED(FPS),10346,866,697368,0,geod_dist_to_target,15,1.0405055557754317
33764.44,ROW-min-ED(FPS),10346,9793,697368,0,geod_dist_to_target,16,0.5199353472514789
33764.44,ROW-min-ED(FPS),10346,1381,697368,0,geod_dist_to_target,17,0.24177044035433656
33764.44,ROW-min-ED(FPS),10346,1381,697368,0,geod_dist_to_target,18,0.24177044035433656
33764.44,ROW-min-ED(FPS),10346,1381,697368,0,geod_dist_to_target,19,0.24177044035433656
33764.44,ROW-min-ED(FPS),10346,1381,697368,0,geod_dist_to_target,20,0.24177044035433656
33764.44,ROW-min-ED(FPS),10346,1381,697368,0,geod_dist_to_target,22,0.24177044035433656
33764.44,ROW-min-ED(FPS),10346,1381,697368,0,geod_dist_to_target,24,0.24177044035433656
33764.44,ROW-min-ED(FPS),10346,1381,697368,0,geod_dist_to_target,26,0.24177044035433656
33764.44,ROW-min-ED(FPS),10346,10346,697368,0,geod_dist_to_target,28,0.0
33764.44,ROW-min-ED(FPS),10346,10346,697368,0,geod_dist_to_target,30,0.0
33764.44,ROW-min-ED(FPS),10346,10346,697368,0,geod_dist_to_target,32,0.0
33764.44,ROW-min-ED(FPS),10346,10346,697368,0,geod_dist_to_target,34,0.0
33764.44,ROW-min-ED(FPS),10346,10346,697368,0,geod_dist_to_target,36,0.0
33764.44,ROW-min-ED(FPS),10346,10346,697368,0,geod_dist_to_target,38,0.0
33764.44,ROW-min-ED(FPS),10346,10346,697368,0,geod_dist_to_target,40,0.0
33764.44,ROW-min-ED(FPS),10346,10346,697368,0,geod_dist_to_target,42,0.0
33764.44,ROW-min-ED(FPS),10346,10346,697368,0,geod_dist_to_target,44,0.0
33764.44,ROW-min-ED(FPS),10346,6845,697368,0,geod_dist_to_target,46,0.2505287899723362
33764.44,ROW-min-ED(FPS),10346,6845,697368,0,geod_dist_to_target,48,0.2505287899723362
33764.44,ROW-min-ED(FPS),10346,6845,697368,0,geod_dist_to_target,50,0.2505287899723362
33764.44,ROW-min-ED(FPS),10346,6845,697368,0,geod_dist_to_target,55,0.2505287899723362
33764.44,ROW-min-ED(FPS),10346,6845,697368,0,geod_dist_to_target,60,0.2505287899723362
33764.44,ROW-min-ED(FPS),10346,6845,697368,0,geod_dist_to_target,65,0.2505287899723362
33764.44,ROW-min-ED(FPS),10346,1342,697368,0,geod_dist_to_target,70,0.196240604520838
33764.44,ROW-min-ED(FPS),10346,1342,697368,0,geod_dist_to_target,75,0.196240604520838
33764.44,ROW-min-ED(FPS),10346,1342,697368,0,geod_dist_to_target,80,0.196240604520838
33764.44,ROW-min-ED(FPS),10346,1342,697368,0,geod_dist_to_target,85,0.196240604520838
33764.44,ROW-min-ED(FPS),10346,1342,697368,0,geod_dist_to_target,90,0.196240604520838
33764.44,ROW-min-ED(FPS),10346,1342,697368,0,geod_dist_to_target,95,0.196240604520838
33764.44,ROW-min-ED(FPS),10346,1342,697368,0,geod_dist_to_target,100,0.196240604520838
33764.44,ROW-min-ED(FPS),10346,2548,201469,0,geod_dist_to_target,5,44.23685768560015
33764.44,ROW-min-ED(FPS),10346,11989,201469,0,geod_dist_to_target,6,14.11881296894511
33764.44,ROW-min-ED(FPS),10346,11989,201469,0,geod_dist_to_target,7,14.11881296894511
33764.44,ROW-min-ED(FPS),10346,12445,201469,0,geod_dist_to_target,8,0.49182618423787233
33764.44,ROW-min-ED(FPS),10346,12445,201469,0,geod_dist_to_target,9,0.49182618423787233
33764.44,ROW-min-ED(FPS),10346,12445,201469,0,geod_dist_to_target,10,0.49182618423787233
33764.44,ROW-min-ED(FPS),10346,12445,201469,0,geod_dist_to_target,11,0.49182618423787233
33764.44,ROW-min-ED(FPS),10346,12445,201469,0,geod_dist_to_target,12,0.49182618423787233
33764.44,ROW-min-ED(FPS),10346,12445,201469,0,geod_dist_to_target,13,0.49182618423787233
33764.44,ROW-min-ED(FPS),10346,12445,201469,0,geod_dist_to_target,14,0.49182618423787233
33764.44,ROW-min-ED(FPS),10346,1396,201469,0,geod_dist_to_target,15,0.499481213365009
33764.44,ROW-min-ED(FPS),10346,11606,201469,0,geod_dist_to_target,16,1.2050480948774986
33764.44,ROW-min-ED(FPS),10346,11606,201469,0,geod_dist_to_target,17,1.2050480948774986
33764.44,ROW-min-ED(FPS),10346,3429,201469,0,geod_dist_to_target,18,1.086999607447876
33764.44,ROW-min-ED(FPS),10346,3429,201469,0,geod_dist_to_target,19,1.086999607447876
33764.44,ROW-min-ED(FPS),10346,3429,201469,0,geod_dist_to_target,20,1.086999607447876
33764.44,ROW-min-ED(FPS),10346,11606,201469,0,geod_dist_to_target,22,1.2050480948774986
33764.44,ROW-min-ED(FPS),10346,11606,201469,0,geod_dist_to_target,24,1.2050480948774986
33764.44,ROW-min-ED(FPS),10346,11606,201469,0,geod_dist_to_target,26,1.2050480948774986
33764.44,ROW-min-ED(FPS),10346,3429,201469,0,geod_dist_to_target,28,1.086999607447876
33764.44,ROW-min-ED(FPS),10346,11606,201469,0,geod_dist_to_target,30,1.2050480948774986
33764.44,ROW-min-ED(FPS),10346,11606,201469,0,geod_dist_to_target,32,1.2050480948774986
33764.44,ROW-min-ED(FPS),10346,3429,201469,0,geod_dist_to_target,34,1.086999607447876
33764.44,ROW-min-ED(FPS),10346,1396,201469,0,geod_dist_to_target,36,0.499481213365009
33764.44,ROW-min-ED(FPS),10346,1396,201469,0,geod_dist_to_target,38,0.499481213365009
33764.44,ROW-min-ED(FPS),10346,1396,201469,0,geod_dist_to_target,40,0.499481213365009
33764.44,ROW-min-ED(FPS),10346,1396,201469,0,geod_dist_to_target,42,0.499481213365009
33764.44,ROW-min-ED(FPS),10346,1396,201469,0,geod_dist_to_target,44,0.499481213365009
33764.44,ROW-min-ED(FPS),10346,12482,201469,0,geod_dist_to_target,46,0.5363487259966152
33764.44,ROW-min-ED(FPS),10346,12482,201469,0,geod_dist_to_target,48,0.5363487259966152
33764.44,ROW-min-ED(FPS),10346,12482,201469,0,geod_dist_to_target,50,0.5363487259966152
33764.44,ROW-min-ED(FPS),10346,12482,201469,0,geod_dist_to_target,55,0.5363487259966152
33764.44,ROW-min-ED(FPS),10346,11606,201469,0,geod_dist_to_target,60,1.2050480948774986
33764.44,ROW-min-ED(FPS),10346,11606,201469,0,geod_dist_to_target,65,1.2050480948774986
33764.44,ROW-min-ED(FPS),10346,3425,201469,0,geod_dist_to_target,70,1.574472945560964
33764.44,ROW-min-ED(FPS),10346,3425,201469,0,geod_dist_to_target,75,1.574472945560964
33764.44,ROW-min-ED(FPS),10346,3526,201469,0,geod_dist_to_target,80,1.8246709417877804
33764.44,ROW-min-ED(FPS),10346,3526,201469,0,geod_dist_to_target,85,1.8246709417877804
33764.44,ROW-min-ED(FPS),10346,3526,201469,0,geod_dist_to_target,90,1.8246709417877804
33764.44,ROW-min-ED(FPS),10346,3526,201469,0,geod_dist_to_target,95,1.8246709417877804
33764.44,ROW-min-ED(FPS),10346,7183,201469,0,geod_dist_to_target,100,1.0074535587474773
33764.44,ROW-min-ED(FPS),10346,5954,94177,0,geod_dist_to_target,5,22.99164659451593
33764.44,ROW-min-ED(FPS),10346,10330,94177,0,geod_dist_to_target,6,51.75320033959665
33764.44,ROW-min-ED(FPS),10346,2353,94177,0,geod_dist_to_target,7,1.4558434681759518
33764.44,ROW-min-ED(FPS),10346,2353,94177,0,geod_dist_to_target,8,1.4558434681759518
33764.44,ROW-min-ED(FPS),10346,2353,94177,0,geod_dist_to_target,9,1.4558434681759518
33764.44,ROW-min-ED(FPS),10346,11313,94177,0,geod_dist_to_target,10,1.6515691829436927
33764.44,ROW-min-ED(FPS),10346,11313,94177,0,geod_dist_to_target,11,1.6515691829436927
33764.44,ROW-min-ED(FPS),10346,11313,94177,0,geod_dist_to_target,12,1.6515691829436927
33764.44,ROW-min-ED(FPS),10346,1268,94177,0,geod_dist_to_target,13,0.37665875645474234
33764.44,ROW-min-ED(FPS),10346,1342,94177,0,geod_dist_to_target,14,0.196240604520838
33764.44,ROW-min-ED(FPS),10346,10346,94177,0,geod_dist_to_target,15,0.0
33764.44,ROW-min-ED(FPS),10346,10346,94177,0,geod_dist_to_target,16,0.0
33764.44,ROW-min-ED(FPS),10346,10346,94177,0,geod_dist_to_target,17,0.0
33764.44,ROW-min-ED(FPS),10346,10346,94177,0,geod_dist_to_target,18,0.0
33764.44,ROW-min-ED(FPS),10346,10346,94177,0,geod_dist_to_target,19,0.0
33764.44,ROW-min-ED(FPS),10346,6827,94177,0,geod_dist_to_target,20,0.478541851813261
33764.44,ROW-min-ED(FPS),10346,6827,94177,0,geod_dist_to_target,22,0.478541851813261
33764.44,ROW-min-ED(FPS),10346,6827,94177,0,geod_dist_to_target,24,0.478541851813261
33764.44,ROW-min-ED(FPS),10346,6827,94177,0,geod_dist_to_target,26,0.478541851813261
33764.44,ROW-min-ED(FPS),10346,6827,94177,0,geod_dist_to_target,28,0.478541851813261
33764.44,ROW-min-ED(FPS),10346,6827,94177,0,geod_dist_to_target,30,0.478541851813261
33764.44,ROW-min-ED(FPS),10346,6827,94177,0,geod_dist_to_target,32,0.478541851813261
33764.44,ROW-min-ED(FPS),10346,6827,94177,0,geod_dist_to_target,34,0.478541851813261
33764.44,ROW-min-ED(FPS),10346,6827,94177,0,geod_dist_to_target,36,0.478541851813261
33764.44,ROW-min-ED(FPS),10346,6827,94177,0,geod_dist_to_target,38,0.478541851813261
33764.44,ROW-min-ED(FPS),10346,6827,94177,0,geod_dist_to_target,40,0.478541851813261
33764.44,ROW-min-ED(FPS),10346,6827,94177,0,geod_dist_to_target,42,0.478541851813261
33764.44,ROW-min-ED(FPS),10346,11609,94177,0,geod_dist_to_target,44,0.35877899440829847
33764.44,ROW-min-ED(FPS),10346,11609,94177,0,geod_dist_to_target,46,0.35877899440829847
33764.44,ROW-min-ED(FPS),10346,11609,94177,0,geod_dist_to_target,48,0.35877899440829847
33764.44,ROW-min-ED(FPS),10346,11609,94177,0,geod_dist_to_target,50,0.35877899440829847
33764.44,ROW-min-ED(FPS),10346,11609,94177,0,geod_dist_to_target,55,0.35877899440829847
33764.44,ROW-min-ED(FPS),10346,11609,94177,0,geod_dist_to_target,60,0.35877899440829847
33764.44,ROW-min-ED(FPS),10346,1342,94177,0,geod_dist_to_target,65,0.196240604520838
33764.44,ROW-min-ED(FPS),10346,11609,94177,0,geod_dist_to_target,70,0.35877899440829847
33764.44,ROW-min-ED(FPS),10346,1342,94177,0,geod_dist_to_target,75,0.196240604520838
33764.44,ROW-min-ED(FPS),10346,1342,94177,0,geod_dist_to_target,80,0.196240604520838
33764.44,ROW-min-ED(FPS),10346,1342,94177,0,geod_dist_to_target,85,0.196240604520838
33764.44,ROW-min-ED(FPS),10346,1342,94177,0,geod_dist_to_target,90,0.196240604520838
33764.44,ROW-min-ED(FPS),10346,1342,94177,0,geod_dist_to_target,95,0.196240604520838
33764.44,ROW-min-ED(FPS),10346,1342,94177,0,geod_dist_to_target,100,0.196240604520838
33764.44,COL-mean-ED,10346,8087,89250,0,geod_dist_to_target,5,15.14671595273407
33764.44,COL-mean-ED,10346,11824,89250,0,geod_dist_to_target,6,56.07812225365686
33764.44,COL-mean-ED,10346,8062,89250,0,geod_dist_to_target,7,46.64245952329409
33764.44,COL-mean-ED,10346,10913,89250,0,geod_dist_to_target,8,40.206858496117086
33764.44,COL-mean-ED,10346,145,89250,0,geod_dist_to_target,9,11.77505304716471
33764.44,COL-mean-ED,10346,145,89250,0,geod_dist_to_target,10,11.77505304716471
33764.44,COL-mean-ED,10346,145,89250,0,geod_dist_to_target,11,11.77505304716471
33764.44,COL-mean-ED,10346,10913,89250,0,geod_dist_to_target,12,40.206858496117086
33764.44,COL-mean-ED,10346,3621,89250,0,geod_dist_to_target,13,54.87869859841292
33764.44,COL-mean-ED,10346,9569,89250,0,geod_dist_to_target,14,56.8335515098907
33764.44,COL-mean-ED,10346,3621,89250,0,geod_dist_to_target,15,54.87869859841292
33764.44,COL-mean-ED,10346,200,89250,0,geod_dist_to_target,16,54.25765102021882
33764.44,COL-mean-ED,10346,200,89250,0,geod_dist_to_target,17,54.25765102021882
33764.44,COL-mean-ED,10346,200,89250,0,geod_dist_to_target,18,54.25765102021882
33764.44,COL-mean-ED,10346,200,89250,0,geod_dist_to_target,19,54.25765102021882
33764.44,COL-mean-ED,10346,10989,89250,0,geod_dist_to_target,20,25.39010964028101
33764.44,COL-mean-ED,10346,10989,89250,0,geod_dist_to_target,22,25.39010964028101
33764.44,COL-mean-ED,10346,10989,89250,0,geod_dist_to_target,24,25.39010964028101
33764.44,COL-mean-ED,10346,10989,89250,0,geod_dist_to_target,26,25.39010964028101
33764.44,COL-mean-ED,10346,11342,89250,0,geod_dist_to_target,28,24.43374329189452
33764.44,COL-mean-ED,10346,7173,89250,0,geod_dist_to_target,30,0.9782260660933111
33764.44,COL-mean-ED,10346,7173,89250,0,geod_dist_to_target,32,0.9782260660933111
33764.44,COL-mean-ED,10346,7173,89250,0,geod_dist_to_target,34,0.9782260660933111
33764.44,COL-mean-ED,10346,9495,89250,0,geod_dist_to_target,36,24.305547013022004
33764.44,COL-mean-ED,10346,1715,89250,0,geod_dist_to_target,38,1.3191508414737025
33764.44,COL-mean-ED,10346,1715,89250,0,geod_dist_to_target,40,1.3191508414737025
33764.44,COL-mean-ED,10346,1715,89250,0,geod_dist_to_target,42,1.3191508414737025
33764.44,COL-mean-ED,10346,1715,89250,0,geod_dist_to_target,44,1.3191508414737025
33764.44,COL-mean-ED,10346,1715,89250,0,geod_dist_to_target,46,1.3191508414737025
33764.44,COL-mean-ED,10346,11242,89250,0,geod_dist_to_target,48,1.8625423113052124
33764.44,COL-mean-ED,10346,11242,89250,0,geod_dist_to_target,50,1.8625423113052124
33764.44,COL-mean-ED,10346,11242,89250,0,geod_dist_to_target,55,1.8625423113052124
33764.44,COL-mean-ED,10346,11242,89250,0,geod_dist_to_target,60,1.8625423113052124
33764.44,COL-mean-ED,10346,11673,89250,0,geod_dist_to_target,65,2.0130458040050723
33764.44,COL-mean-ED,10346,2401,89250,0,geod_dist_to_target,70,1.349380741557188
33764.44,COL-mean-ED,10346,2353,89250,0,geod_dist_to_target,75,1.4558434681759518
33764.44,COL-mean-ED,10346,1715,89250,0,geod_dist_to_target,80,1.3191508414737025
33764.44,COL-mean-ED,10346,2353,89250,0,geod_dist_to_target,85,1.4558434681759518
33764.44,COL-mean-ED,10346,2353,89250,0,geod_dist_to_target,90,1.4558434681759518
33764.44,COL-mean-ED,10346,2353,89250,0,geod_dist_to_target,95,1.4558434681759518
33764.44,COL-mean-ED,10346,2353,89250,0,geod_dist_to_target,100,1.4558434681759518
33764.44,COL-mean-ED,10346,11725,773956,0,geod_dist_to_target,5,25.788668657818977
33764.44,COL-mean-ED,10346,9111,773956,0,geod_dist_to_target,6,14.863928343153304
33764.44,COL-mean-ED,10346,7566,773956,0,geod_dist_to_target,7,20.61282484801384
33764.44,COL-mean-ED,10346,11523,773956,0,geod_dist_to_target,8,30.201713756713186
33764.44,COL-mean-ED,10346,11523,773956,0,geod_dist_to_target,9,30.201713756713186
33764.44,COL-mean-ED,10346,9583,773956,0,geod_dist_to_target,10,26.567513034361866
33764.44,COL-mean-ED,10346,9084,773956,0,geod_dist_to_target,11,16.44778188059517
33764.44,COL-mean-ED,10346,9583,773956,0,geod_dist_to_target,12,26.567513034361866
33764.44,COL-mean-ED,10346,1782,773956,0,geod_dist_to_target,13,43.443339852281476
33764.44,COL-mean-ED,10346,1782,773956,0,geod_dist_to_target,14,43.443339852281476
33764.44,COL-mean-ED,10346,1782,773956,0,geod_dist_to_target,15,43.443339852281476
33764.44,COL-mean-ED,10346,1782,773956,0,geod_dist_to_target,16,43.443339852281476
33764.44,COL-mean-ED,10346,1782,773956,0,geod_dist_to_target,17,43.443339852281476
33764.44,COL-mean-ED,10346,1782,773956,0,geod_dist_to_target,18,43.443339852281476
33764.44,COL-mean-ED,10346,1782,773956,0,geod_dist_to_target,19,43.443339852281476
33764.44,COL-mean-ED,10346,1782,773956,0,geod_dist_to_target,20,43.443339852281476
33764.44,COL-mean-ED,10346,1782,773956,0,geod_dist_to_target,22,43.443339852281476
33764.44,COL-mean-ED,10346,1782,773956,0,geod_dist_to_target,24,43.443339852281476
33764.44,COL-mean-ED,10346,1782,773956,0,geod_dist_to_target,26,43.443339852281476
33764.44,COL-mean-ED,10346,2511,773956,0,geod_dist_to_target,28,17.643369605697114
33764.44,COL-mean-ED,10346,2511,773956,0,geod_dist_to_target,30,17.643369605697114
33764.44,COL-mean-ED,10346,11676,773956,0,geod_dist_to_target,32,20.653178232105148
33764.44,COL-mean-ED,10346,11676,773956,0,geod_dist_to_target,34,20.653178232105148
33764.44,COL-mean-ED,10346,11676,773956,0,geod_dist_to_target,36,20.653178232105148
33764.44,COL-mean-ED,10346,8097,773956,0,geod_dist_to_target,38,53.132893689692175
33764.44,COL-mean-ED,10346,8097,773956,0,geod_dist_to_target,40,53.132893689692175
33764.44,COL-mean-ED,10346,1882,773956,0,geod_dist_to_target,42,52.28266630207995
33764.44,COL-mean-ED,10346,1882,773956,0,geod_dist_to_target,44,52.28266630207995
33764.44,COL-mean-ED,10346,1882,773956,0,geod_dist_to_target,46,52.28266630207995
33764.44,COL-mean-ED,10346,8097,773956,0,geod_dist_to_target,48,53.132893689692175
33764.44,COL-mean-ED,10346,2218,773956,0,geod_dist_to_target,50,53.5437603846444
33764.44,COL-mean-ED,10346,8097,773956,0,geod_dist_to_target,55,53.132893689692175
33764.44,COL-mean-ED,10346,443,773956,0,geod_dist_to_target,60,54.87104595464967
33764.44,COL-mean-ED,10346,1984,773956,0,geod_dist_to_target,65,44.02953298902008
33764.44,COL-mean-ED,10346,1984,773956,0,geod_dist_to_target,70,44.02953298902008
33764.44,COL-mean-ED,10346,1984,773956,0,geod_dist_to_target,75,44.02953298902008
33764.44,COL-mean-ED,10346,1984,773956,0,geod_dist_to_target,80,44.02953298902008
33764.44,COL-mean-ED,10346,264,773956,0,geod_dist_to_target,85,40.126979556247
33764.44,COL-mean-ED,10346,264,773956,0,geod_dist_to_target,90,40.126979556247
33764.44,COL-mean-ED,10346,1984,773956,0,geod_dist_to_target,95,44.02953298902008
33764.44,COL-mean-ED,10346,1984,773956,0,geod_dist_to_target,100,44.02953298902008
33764.44,COL-mean-ED,10346,6327,654571,0,geod_dist_to_target,5,7.933097071660644
33764.44,COL-mean-ED,10346,7528,654571,0,geod_dist_to_target,6,23.825266940688877
33764.44,COL-mean-ED,10346,7225,654571,0,geod_dist_to_target,7,24.10582265107224
33764.44,COL-mean-ED,10346,10913,654571,0,geod_dist_to_target,8,40.206858496117086
33764.44,COL-mean-ED,10346,10913,654571,0,geod_dist_to_target,9,40.206858496117086
33764.44,COL-mean-ED,10346,6592,654571,0,geod_dist_to_target,10,11.074859860247763
33764.44,COL-mean-ED,10346,6592,654571,0,geod_dist_to_target,11,11.074859860247763
33764.44,COL-mean-ED,10346,6592,654571,0,geod_dist_to_target,12,11.074859860247763
33764.44,COL-mean-ED,10346,3893,654571,0,geod_dist_to_target,13,66.09509658741361
33764.44,COL-mean-ED,10346,3893,654571,0,geod_dist_to_target,14,66.09509658741361
33764.44,COL-mean-ED,10346,3893,654571,0,geod_dist_to_target,15,66.09509658741361
33764.44,COL-mean-ED,10346,2408,654571,0,geod_dist_to_target,16,17.530644588750658
33764.44,COL-mean-ED,10346,2408,654571,0,geod_dist_to_target,17,17.530644588750658
33764.44,COL-mean-ED,10346,2408,654571,0,geod_dist_to_target,18,17.530644588750658
33764.44,COL-mean-ED,10346,2408,654571,0,geod_dist_to_target,19,17.530644588750658
33764.44,COL-mean-ED,10346,2408,654571,0,geod_dist_to_target,20,17.530644588750658
33764.44,COL-mean-ED,10346,5951,654571,0,geod_dist_to_target,22,11.110319096675068
33764.44,COL-mean-ED,10346,5951,654571,0,geod_dist_to_target,24,11.110319096675068
33764.44,COL-mean-ED,10346,2408,654571,0,geod_dist_to_target,26,17.530644588750658
33764.44,COL-mean-ED,10346,10840,654571,0,geod_dist_to_target,28,23.9276878703636
33764.44,COL-mean-ED,10346,10840,654571,0,geod_dist_to_target,30,23.9276878703636
33764.44,COL-mean-ED,10346,10840,654571,0,geod_dist_to_target,32,23.9276878703636
33764.44,COL-mean-ED,10346,10840,654571,0,geod_dist_to_target,34,23.9276878703636
33764.44,COL-mean-ED,10346,10840,654571,0,geod_dist_to_target,36,23.9276878703636
33764.44,COL-mean-ED,10346,10840,654571,0,geod_dist_to_target,38,23.9276878703636
33764.44,COL-mean-ED,10346,10840,654571,0,geod_dist_to_target,40,23.9276878703636
33764.44,COL-mean-ED,10346,10840,654571,0,geod_dist_to_target,42,23.9276878703636
33764.44,COL-mean-ED,10346,10840,654571,0,geod_dist_to_target,44,23.9276878703636
33764.44,COL-mean-ED,10346,10840,654571,0,geod_dist_to_target,46,23.9276878703636
33764.44,COL-mean-ED,10346,10840,654571,0,geod_dist_to_target,48,23.9276878703636
33764.44,COL-mean-ED,10346,10840,654571,0,geod_dist_to_target,50,23.9276878703636
33764.44,COL-mean-ED,10346,9054,654571,0,geod_dist_to_target,55,23.603774322362387
33764.44,COL-mean-ED,10346,4235,654571,0,geod_dist_to_target,60,4.099286439501182
33764.44,COL-mean-ED,10346,4235,654571,0,geod_dist_to_target,65,4.099286439501182
33764.44,COL-mean-ED,10346,4235,654571,0,geod_dist_to_target,70,4.099286439501182
33764.44,COL-mean-ED,10346,5348,654571,0,geod_dist_to_target,75,17.90038740272342
33764.44,COL-mean-ED,10346,5348,654571,0,geod_dist_to_target,80,17.90038740272342
33764.44,COL-mean-ED,10346,7287,654571,0,geod_dist_to_target,85,20.75375250209366
33764.44,COL-mean-ED,10346,7287,654571,0,geod_dist_to_target,90,20.75375250209366
33764.44,COL-mean-ED,10346,12552,654571,0,geod_dist_to_target,95,35.98752210522313
33764.44,COL-mean-ED,10346,12552,654571,0,geod_dist_to_target,100,35.98752210522313
33764.44,COL-mean-ED,10346,1169,438878,0,geod_dist_to_target,5,8.306840188512876
33764.44,COL-mean-ED,10346,1169,438878,0,geod_dist_to_target,6,8.306840188512876
33764.44,COL-mean-ED,10346,10398,438878,0,geod_dist_to_target,7,8.799812017033162
33764.44,COL-mean-ED,10346,1169,438878,0,geod_dist_to_target,8,8.306840188512876
33764.44,COL-mean-ED,10346,10137,438878,0,geod_dist_to_target,9,25.58182800886448
33764.44,COL-mean-ED,10346,12144,438878,0,geod_dist_to_target,10,53.58914652430934
33764.44,COL-mean-ED,10346,4315,438878,0,geod_dist_to_target,11,19.734870712315647
33764.44,COL-mean-ED,10346,12144,438878,0,geod_dist_to_target,12,53.58914652430934
33764.44,COL-mean-ED,10346,7249,438878,0,geod_dist_to_target,13,10.23138685753188
33764.44,COL-mean-ED,10346,7337,438878,0,geod_dist_to_target,14,13.053999339689843
33764.44,COL-mean-ED,10346,7247,438878,0,geod_dist_to_target,15,10.15779303919412
33764.44,COL-mean-ED,10346,1212,438878,0,geod_dist_to_target,16,51.69884634242732
33764.44,COL-mean-ED,10346,10194,438878,0,geod_dist_to_target,17,51.36172631493937
33764.44,COL-mean-ED,10346,10194,438878,0,geod_dist_to_target,18,51.36172631493937
33764.44,COL-mean-ED,10346,10194,438878,0,geod_dist_to_target,19,51.36172631493937
33764.44,COL-mean-ED,10346,10194,438878,0,geod_dist_to_target,20,51.36172631493937
33764.44,COL-mean-ED,10346,3143,438878,0,geod_dist_to_target,22,48.960133105099295
33764.44,COL-mean-ED,10346,3143,438878,0,geod_dist_to_target,24,48.960133105099295
33764.44,COL-mean-ED,10346,3143,438878,0,geod_dist_to_target,26,48.960133105099295
33764.44,COL-mean-ED,10346,3143,438878,0,geod_dist_to_target,28,48.960133105099295
33764.44,COL-mean-ED,10346,3143,438878,0,geod_dist_to_target,30,48.960133105099295
33764.44,COL-mean-ED,10346,3143,438878,0,geod_dist_to_target,32,48.960133105099295
33764.44,COL-mean-ED,10346,3143,438878,0,geod_dist_to_target,34,48.960133105099295
33764.44,COL-mean-ED,10346,3143,438878,0,geod_dist_to_target,36,48.960133105099295
33764.44,COL-mean-ED,10346,3143,438878,0,geod_dist_to_target,38,48.960133105099295
33764.44,COL-mean-ED,10346,3143,438878,0,geod_dist_to_target,40,48.960133105099295
33764.44,COL-mean-ED,10346,9432,438878,0,geod_dist_to_target,42,19.97565263761615
33764.44,COL-mean-ED,10346,9432,438878,0,geod_dist_to_target,44,19.97565263761615
33764.44,COL-mean-ED,10346,11979,438878,0,geod_dist_to_target,46,21.08701349115265
33764.44,COL-mean-ED,10346,4084,438878,0,geod_dist_to_target,48,11.614623599821568
33764.44,COL-mean-ED,10346,4084,438878,0,geod_dist_to_target,50,11.614623599821568
33764.44,COL-mean-ED,10346,11817,438878,0,geod_dist_to_target,55,21.42284674345255
33764.44,COL-mean-ED,10346,4084,438878,0,geod_dist_to_target,60,11.614623599821568
33764.44,COL-mean-ED,10346,9498,438878,0,geod_dist_to_target,65,22.11548410982762
33764.44,COL-mean-ED,10346,3822,438878,0,geod_dist_to_target,70,21.08771588928118
33764.44,COL-mean-ED,10346,9498,438878,0,geod_dist_to_target,75,22.11548410982762
33764.44,COL-mean-ED,10346,8446,438878,0,geod_dist_to_target,80,21.496060206813706
33764.44,COL-mean-ED,10346,10925,438878,0,geod_dist_to_target,85,0.8525375586862483
33764.44,COL-mean-ED,10346,2353,438878,0,geod_dist_to_target,90,1.4558434681759518
33764.44,COL-mean-ED,10346,3429,438878,0,geod_dist_to_target,95,1.086999607447876
33764.44,COL-mean-ED,10346,3429,438878,0,geod_dist_to_target,100,1.086999607447876
33764.44,COL-mean-ED,10346,1517,433015,0,geod_dist_to_target,5,5.0433622141137
33764.44,COL-mean-ED,10346,4511,433015,0,geod_dist_to_target,6,23.124148933871467
33764.44,COL-mean-ED,10346,4511,433015,0,geod_dist_to_target,7,23.124148933871467
33764.44,COL-mean-ED,10346,4511,433015,0,geod_dist_to_target,8,23.124148933871467
33764.44,COL-mean-ED,10346,7274,433015,0,geod_dist_to_target,9,14.366835746278056
33764.44,COL-mean-ED,10346,1618,433015,0,geod_dist_to_target,10,13.842383222038075
33764.44,COL-mean-ED,10346,1618,433015,0,geod_dist_to_target,11,13.842383222038075
33764.44,COL-mean-ED,10346,1618,433015,0,geod_dist_to_target,12,13.842383222038075
33764.44,COL-mean-ED,10346,1618,433015,0,geod_dist_to_target,13,13.842383222038075
33764.44,COL-mean-ED,10346,1618,433015,0,geod_dist_to_target,14,13.842383222038075
33764.44,COL-mean-ED,10346,1618,433015,0,geod_dist_to_target,15,13.842383222038075
33764.44,COL-mean-ED,10346,5501,433015,0,geod_dist_to_target,16,39.74112480309208
33764.44,COL-mean-ED,10346,5501,433015,0,geod_dist_to_target,17,39.74112480309208
33764.44,COL-mean-ED,10346,5501,433015,0,geod_dist_to_target,18,39.74112480309208
33764.44,COL-mean-ED,10346,5501,433015,0,geod_dist_to_target,19,39.74112480309208
33764.44,COL-mean-ED,10346,5501,433015,0,geod_dist_to_target,20,39.74112480309208
33764.44,COL-mean-ED,10346,7556,433015,0,geod_dist_to_target,22,44.1231330962205
33764.44,COL-mean-ED,10346,5501,433015,0,geod_dist_to_target,24,39.74112480309208
33764.44,COL-mean-ED,10346,10348,433015,0,geod_dist_to_target,26,43.35330104491273
33764.44,COL-mean-ED,10346,5501,433015,0,geod_dist_to_target,28,39.74112480309208
33764.44,COL-mean-ED,10346,5501,433015,0,geod_dist_to_target,30,39.74112480309208
33764.44,COL-mean-ED,10346,10348,433015,0,geod_dist_to_target,32,43.35330104491273
33764.44,COL-mean-ED,10346,5514,433015,0,geod_dist_to_target,34,43.04398504510539
33764.44,COL-mean-ED,10346,2541,433015,0,geod_dist_to_target,36,39.7920021484804
33764.44,COL-mean-ED,10346,2354,433015,0,geod_dist_to_target,38,23.190478350657475
33764.44,COL-mean-ED,10346,2354,433015,0,geod_dist_to_target,40,23.190478350657475
33764.44,COL-mean-ED,10346,2354,433015,0,geod_dist_to_target,42,23.190478350657475
33764.44,COL-mean-ED,10346,2354,433015,0,geod_dist_to_target,44,23.190478350657475
33764.44,COL-mean-ED,10346,2354,433015,0,geod_dist_to_target,46,23.190478350657475
33764.44,COL-mean-ED,10346,2354,433015,0,geod_dist_to_target,48,23.190478350657475
33764.44,COL-mean-ED,10346,2354,433015,0,geod_dist_to_target,50,23.190478350657475
33764.44,COL-mean-ED,10346,4163,433015,0,geod_dist_to_target,55,24.4612086095734
33764.44,COL-mean-ED,10346,6676,433015,0,geod_dist_to_target,60,26.47494360829623
33764.44,COL-mean-ED,10346,6676,433015,0,geod_dist_to_target,65,26.47494360829623
33764.44,COL-mean-ED,10346,1751,433015,0,geod_dist_to_target,70,25.19840891448968
33764.44,COL-mean-ED,10346,2354,433015,0,geod_dist_to_target,75,23.190478350657475
33764.44,COL-mean-ED,10346,5409,433015,0,geod_dist_to_target,80,24.076408047862675
33764.44,COL-mean-ED,10346,5409,433015,0,geod_dist_to_target,85,24.076408047862675
33764.44,COL-mean-ED,10346,11342,433015,0,geod_dist_to_target,90,24.43374329189452
33764.44,COL-mean-ED,10346,11342,433015,0,geod_dist_to_target,95,24.43374329189452
33764.44,COL-mean-ED,10346,11342,433015,0,geod_dist_to_target,100,24.43374329189452
33764.44,COL-mean-ED,10346,12468,858597,0,geod_dist_to_target,5,34.767827551802945
33764.44,COL-mean-ED,10346,5549,858597,0,geod_dist_to_target,6,35.17422408911968
33764.44,COL-mean-ED,10346,5970,858597,0,geod_dist_to_target,7,55.97291279044499
33764.44,COL-mean-ED,10346,5970,858597,0,geod_dist_to_target,8,55.97291279044499
33764.44,COL-mean-ED,10346,11943,858597,0,geod_dist_to_target,9,35.547499831594784
33764.44,COL-mean-ED,10346,9066,858597,0,geod_dist_to_target,10,20.064012790287283
33764.44,COL-mean-ED,10346,9066,858597,0,geod_dist_to_target,11,20.064012790287283
33764.44,COL-mean-ED,10346,9066,858597,0,geod_dist_to_target,12,20.064012790287283
33764.44,COL-mean-ED,10346,9069,858597,0,geod_dist_to_target,13,18.451373335053347
33764.44,COL-mean-ED,10346,9069,858597,0,geod_dist_to_target,14,18.451373335053347
33764.44,COL-mean-ED,10346,9069,858597,0,geod_dist_to_target,15,18.451373335053347
33764.44,COL-mean-ED,10346,6143,858597,0,geod_dist_to_target,16,20.2207332609505
33764.44,COL-mean-ED,10346,6143,858597,0,geod_dist_to_target,17,20.2207332609505
33764.44,COL-mean-ED,10346,6143,858597,0,geod_dist_to_target,18,20.2207332609505
33764.44,COL-mean-ED,10346,6143,858597,0,geod_dist_to_target,19,20.2207332609505
33764.44,COL-mean-ED,10346,6143,858597,0,geod_dist_to_target,20,20.2207332609505
33764.44,COL-mean-ED,10346,6205,858597,0,geod_dist_to_target,22,11.42419072692118
33764.44,COL-mean-ED,10346,6205,858597,0,geod_dist_to_target,24,11.42419072692118
33764.44,COL-mean-ED,10346,10561,858597,0,geod_dist_to_target,26,26.172840260729732
33764.44,COL-mean-ED,10346,2510,858597,0,geod_dist_to_target,28,66.0919488858813
33764.44,COL-mean-ED,10346,2510,858597,0,geod_dist_to_target,30,66.0919488858813
33764.44,COL-mean-ED,10346,5514,858597,0,geod_dist_to_target,32,43.04398504510539
33764.44,COL-mean-ED,10346,5514,858597,0,geod_dist_to_target,34,43.04398504510539
33764.44,COL-mean-ED,10346,5514,858597,0,geod_dist_to_target,36,43.04398504510539
33764.44,COL-mean-ED,10346,5514,858597,0,geod_dist_to_target,38,43.04398504510539
33764.44,COL-mean-ED,10346,5514,858597,0,geod_dist_to_target,40,43.04398504510539
33764.44,COL-mean-ED,10346,5514,858597,0,geod_dist_to_target,42,43.04398504510539
33764.44,COL-mean-ED,10346,5514,858597,0,geod_dist_to_target,44,43.04398504510539
33764.44,COL-mean-ED,10346,10545,858597,0,geod_dist_to_target,46,11.755419602640963
33764.44,COL-mean-ED,10346,10545,858597,0,geod_dist_to_target,48,11.755419602640963
33764.44,COL-mean-ED,10346,10545,858597,0,geod_dist_to_target,50,11.755419602640963
33764.44,COL-mean-ED,10346,10545,858597,0,geod_dist_to_target,55,11.755419602640963
33764.44,COL-mean-ED,10346,12328,858597,0,geod_dist_to_target,60,18.051581827384563
33764.44,COL-mean-ED,10346,12328,858597,0,geod_dist_to_target,65,18.051581827384563
33764.44,COL-mean-ED,10346,9647,858597,0,geod_dist_to_target,70,16.071787225536447
33764.44,COL-mean-ED,10346,9426,858597,0,geod_dist_to_target,75,22.462202500870642
33764.44,COL-mean-ED,10346,2928,858597,0,geod_dist_to_target,80,1.1141689742894796
33764.44,COL-mean-ED,10346,454,858597,0,geod_dist_to_target,85,19.0396089386053
33764.44,COL-mean-ED,10346,802,858597,0,geod_dist_to_target,90,17.04268362430794
33764.44,COL-mean-ED,10346,802,858597,0,geod_dist_to_target,95,17.04268362430794
33764.44,COL-mean-ED,10346,454,858597,0,geod_dist_to_target,100,19.0396089386053
33764.44,COL-mean-ED,10346,3702,85945,0,geod_dist_to_target,5,29.40603572735048
33764.44,COL-mean-ED,10346,5970,85945,0,geod_dist_to_target,6,55.97291279044499
33764.44,COL-mean-ED,10346,3769,85945,0,geod_dist_to_target,7,53.67496733835814
33764.44,COL-mean-ED,10346,10034,85945,0,geod_dist_to_target,8,23.866365527093908
33764.44,COL-mean-ED,10346,9459,85945,0,geod_dist_to_target,9,22.009620497055504
33764.44,COL-mean-ED,10346,1245,85945,0,geod_dist_to_target,10,29.35805956806872
33764.44,COL-mean-ED,10346,7825,85945,0,geod_dist_to_target,11,16.39982472644247
33764.44,COL-mean-ED,10346,7825,85945,0,geod_dist_to_target,12,16.39982472644247
33764.44,COL-mean-ED,10346,2089,85945,0,geod_dist_to_target,13,47.068434650212644
33764.44,COL-mean-ED,10346,2089,85945,0,geod_dist_to_target,14,47.068434650212644
33764.44,COL-mean-ED,10346,2089,85945,0,geod_dist_to_target,15,47.068434650212644
33764.44,COL-mean-ED,10346,2089,85945,0,geod_dist_to_target,16,47.068434650212644
33764.44,COL-mean-ED,10346,2089,85945,0,geod_dist_to_target,17,47.068434650212644
33764.44,COL-mean-ED,10346,2089,85945,0,geod_dist_to_target,18,47.068434650212644
33764.44,COL-mean-ED,10346,2089,85945,0,geod_dist_to_target,19,47.068434650212644
33764.44,COL-mean-ED,10346,2089,85945,0,geod_dist_to_target,20,47.068434650212644
33764.44,COL-mean-ED,10346,2089,85945,0,geod_dist_to_target,22,47.068434650212644
33764.44,COL-mean-ED,10346,2089,85945,0,geod_dist_to_target,24,47.068434650212644
33764.44,COL-mean-ED,10346,2089,85945,0,geod_dist_to_target,26,47.068434650212644
33764.44,COL-mean-ED,10346,7129,85945,0,geod_dist_to_target,28,22.43081448625934
33764.44,COL-mean-ED,10346,7129,85945,0,geod_dist_to_target,30,22.43081448625934
33764.44,COL-mean-ED,10346,12462,85945,0,geod_dist_to_target,32,11.932427104547259
33764.44,COL-mean-ED,10346,12462,85945,0,geod_dist_to_target,34,11.932427104547259
33764.44,COL-mean-ED,10346,1042,85945,0,geod_dist_to_target,36,10.227693987924999
33764.44,COL-mean-ED,10346,1042,85945,0,geod_dist_to_target,38,10.227693987924999
33764.44,COL-mean-ED,10346,1042,85945,0,geod_dist_to_target,40,10.227693987924999
33764.44,COL-mean-ED,10346,1042,85945,0,geod_dist_to_target,42,10.227693987924999
33764.44,COL-mean-ED,10346,1042,85945,0,geod_dist_to_target,44,10.227693987924999
33764.44,COL-mean-ED,10346,1042,85945,0,geod_dist_to_target,46,10.227693987924999
33764.44,COL-mean-ED,10346,1042,85945,0,geod_dist_to_target,48,10.227693987924999
33764.44,COL-mean-ED,10346,1042,85945,0,geod_dist_to_target,50,10.227693987924999
33764.44,COL-mean-ED,10346,8740,85945,0,geod_dist_to_target,55,22.92445288859032
33764.44,COL-mean-ED,10346,9315,85945,0,geod_dist_to_target,60,20.82032132992858
33764.44,COL-mean-ED,10346,10095,85945,0,geod_dist_to_target,65,22.34878806925097
33764.44,COL-mean-ED,10346,7129,85945,0,geod_dist_to_target,70,22.43081448625934
33764.44,COL-mean-ED,10346,7129,85945,0,geod_dist_to_target,75,22.43081448625934
33764.44,COL-mean-ED,10346,1369,85945,0,geod_dist_to_target,80,23.052986058220423
33764.44,COL-mean-ED,10346,1369,85945,0,geod_dist_to_target,85,23.052986058220423
33764.44,COL-mean-ED,10346,3096,85945,0,geod_dist_to_target,90,33.75044290519099
33764.44,COL-mean-ED,10346,6617,85945,0,geod_dist_to_target,95,29.853663760431647
33764.44,COL-mean-ED,10346,9224,85945,0,geod_dist_to_target,100,14.90921017853111
33764.44,COL-mean-ED,10346,4169,697368,0,geod_dist_to_target,5,7.172258316372507
33764.44,COL-mean-ED,10346,6594,697368,0,geod_dist_to_target,6,7.15470518682351
33764.44,COL-mean-ED,10346,6594,697368,0,geod_dist_to_target,7,7.15470518682351
33764.44,COL-mean-ED,10346,3906,697368,0,geod_dist_to_target,8,18.282365496995027
33764.44,COL-mean-ED,10346,3906,697368,0,geod_dist_to_target,9,18.282365496995027
33764.44,COL-mean-ED,10346,7306,697368,0,geod_dist_to_target,10,10.223002962964923
33764.44,COL-mean-ED,10346,7306,697368,0,geod_dist_to_target,11,10.223002962964923
33764.44,COL-mean-ED,10346,1252,697368,0,geod_dist_to_target,12,62.83525103475014
33764.44,COL-mean-ED,10346,1273,697368,0,geod_dist_to_target,13,10.167215163108436
33764.44,COL-mean-ED,10346,7247,697368,0,geod_dist_to_target,14,10.15779303919412
33764.44,COL-mean-ED,10346,7168,697368,0,geod_dist_to_target,15,9.551699946796086
33764.44,COL-mean-ED,10346,7168,697368,0,geod_dist_to_target,16,9.551699946796086
33764.44,COL-mean-ED,10346,7168,697368,0,geod_dist_to_target,17,9.551699946796086
33764.44,COL-mean-ED,10346,7168,697368,0,geod_dist_to_target,18,9.551699946796086
33764.44,COL-mean-ED,10346,3452,697368,0,geod_dist_to_target,19,9.163240874875981
33764.44,COL-mean-ED,10346,12660,697368,0,geod_dist_to_target,20,20.303681992741577
33764.44,COL-mean-ED,10346,4475,697368,0,geod_dist_to_target,22,45.735657620228665
33764.44,COL-mean-ED,10346,4475,697368,0,geod_dist_to_target,24,45.735657620228665
33764.44,COL-mean-ED,10346,4475,697368,0,geod_dist_to_target,26,45.735657620228665
33764.44,COL-mean-ED,10346,4475,697368,0,geod_dist_to_target,28,45.735657620228665
33764.44,COL-mean-ED,10346,4475,697368,0,geod_dist_to_target,30,45.735657620228665
33764.44,COL-mean-ED,10346,4475,697368,0,geod_dist_to_target,32,45.735657620228665
33764.44,COL-mean-ED,10346,4475,697368,0,geod_dist_to_target,34,45.735657620228665
33764.44,COL-mean-ED,10346,4475,697368,0,geod_dist_to_target,36,45.735657620228665
33764.44,COL-mean-ED,10346,4475,697368,0,geod_dist_to_target,38,45.735657620228665
33764.44,COL-mean-ED,10346,4275,697368,0,geod_dist_to_target,40,44.0117379387383
33764.44,COL-mean-ED,10346,4475,697368,0,geod_dist_to_target,42,45.735657620228665
33764.44,COL-mean-ED,10346,4475,697368,0,geod_dist_to_target,44,45.735657620228665
33764.44,COL-mean-ED,10346,4475,697368,0,geod_dist_to_target,46,45.735657620228665
33764.44,COL-mean-ED,10346,4475,697368,0,geod_dist_to_target,48,45.735657620228665
33764.44,COL-mean-ED,10346,4475,697368,0,geod_dist_to_target,50,45.735657620228665
33764.44,COL-mean-ED,10346,4475,697368,0,geod_dist_to_target,55,45.735657620228665
33764.44,COL-mean-ED,10346,1056,697368,0,geod_dist_to_target,60,44.37310850837025
33764.44,COL-mean-ED,10346,9663,697368,0,geod_dist_to_target,65,44.18009743867187
33764.44,COL-mean-ED,10346,9663,697368,0,geod_dist_to_target,70,44.18009743867187
33764.44,COL-mean-ED,10346,1056,697368,0,geod_dist_to_target,75,44.37310850837025
33764.44,COL-mean-ED,10346,1056,697368,0,geod_dist_to_target,80,44.37310850837025
33764.44,COL-mean-ED,10346,1056,697368,0,geod_dist_to_target,85,44.37310850837025
33764.44,COL-mean-ED,10346,1056,697368,0,geod_dist_to_target,90,44.37310850837025
33764.44,COL-mean-ED,10346,4445,697368,0,geod_dist_to_target,95,49.37250197400573
33764.44,COL-mean-ED,10346,4445,697368,0,geod_dist_to_target,100,49.37250197400573
33764.44,COL-mean-ED,10346,9848,201469,0,geod_dist_to_target,5,26.253653756954108
33764.44,COL-mean-ED,10346,9440,201469,0,geod_dist_to_target,6,19.922979052640045
33764.44,COL-mean-ED,10346,3581,201469,0,geod_dist_to_target,7,51.45031828625048
33764.44,COL-mean-ED,10346,9557,201469,0,geod_dist_to_target,8,18.791564418777956
33764.44,COL-mean-ED,10346,200,201469,0,geod_dist_to_target,9,54.25765102021882
33764.44,COL-mean-ED,10346,9925,201469,0,geod_dist_to_target,10,32.04885873815562
33764.44,COL-mean-ED,10346,9925,201469,0,geod_dist_to_target,11,32.04885873815562
33764.44,COL-mean-ED,10346,9925,201469,0,geod_dist_to_target,12,32.04885873815562
33764.44,COL-mean-ED,10346,3855,201469,0,geod_dist_to_target,13,16.88867920762075
33764.44,COL-mean-ED,10346,1098,201469,0,geod_dist_to_target,14,46.97544697549
33764.44,COL-mean-ED,10346,1098,201469,0,geod_dist_to_target,15,46.97544697549
33764.44,COL-mean-ED,10346,8062,201469,0,geod_dist_to_target,16,46.64245952329409
33764.44,COL-mean-ED,10346,1098,201469,0,geod_dist_to_target,17,46.97544697549
33764.44,COL-mean-ED,10346,9822,201469,0,geod_dist_to_target,18,31.300196991883713
33764.44,COL-mean-ED,10346,9822,201469,0,geod_dist_to_target,19,31.300196991883713
33764.44,COL-mean-ED,10346,8062,201469,0,geod_dist_to_target,20,46.64245952329409
33764.44,COL-mean-ED,10346,8062,201469,0,geod_dist_to_target,22,46.64245952329409
33764.44,COL-mean-ED,10346,4020,201469,0,geod_dist_to_target,24,17.196598482936743
33764.44,COL-mean-ED,10346,4446,201469,0,geod_dist_to_target,26,49.73147610122677
33764.44,COL-mean-ED,10346,1581,201469,0,geod_dist_to_target,28,31.274667034346965
33764.44,COL-mean-ED,10346,1581,201469,0,geod_dist_to_target,30,31.274667034346965
33764.44,COL-mean-ED,10346,4445,201469,0,geod_dist_to_target,32,49.37250197400573
33764.44,COL-mean-ED,10346,4445,201469,0,geod_dist_to_target,34,49.37250197400573
33764.44,COL-mean-ED,10346,11229,201469,0,geod_dist_to_target,36,18.00013709469093
33764.44,COL-mean-ED,10346,11229,201469,0,geod_dist_to_target,38,18.00013709469093
33764.44,COL-mean-ED,10346,11229,201469,0,geod_dist_to_target,40,18.00013709469093
33764.44,COL-mean-ED,10346,11229,201469,0,geod_dist_to_target,42,18.00013709469093
33764.44,COL-mean-ED,10346,11229,201469,0,geod_dist_to_target,44,18.00013709469093
33764.44,COL-mean-ED,10346,9361,201469,0,geod_dist_to_target,46,18.496991754828986
33764.44,COL-mean-ED,10346,9361,201469,0,geod_dist_to_target,48,18.496991754828986
33764.44,COL-mean-ED,10346,9361,201469,0,geod_dist_to_target,50,18.496991754828986
33764.44,COL-mean-ED,10346,9361,201469,0,geod_dist_to_target,55,18.496991754828986
33764.44,COL-mean-ED,10346,9293,201469,0,geod_dist_to_target,60,15.969640270244943
33764.44,COL-mean-ED,10346,7518,201469,0,geod_dist_to_target,65,15.991688506450233
33764.44,COL-mean-ED,10346,10534,201469,0,geod_dist_to_target,70,16.05410066795754
33764.44,COL-mean-ED,10346,244,201469,0,geod_dist_to_target,75,15.54369503862633
33764.44,COL-mean-ED,10346,9577,201469,0,geod_dist_to_target,80,14.812161957075821
33764.44,COL-mean-ED,10346,8104,201469,0,geod_dist_to_target,85,14.226500079521601
33764.44,COL-mean-ED,10346,9288,201469,0,geod_dist_to_target,90,17.48050727865428
33764.44,COL-mean-ED,10346,9288,201469,0,geod_dist_to_target,95,17.48050727865428
33764.44,COL-mean-ED,10346,9288,201469,0,geod_dist_to_target,100,17.48050727865428
33764.44,COL-mean-ED,10346,6769,94177,0,geod_dist_to_target,5,5.9543751861065815
33764.44,COL-mean-ED,10346,10843,94177,0,geod_dist_to_target,6,3.5668642452216197
33764.44,COL-mean-ED,10346,10843,94177,0,geod_dist_to_target,7,3.5668642452216197
33764.44,COL-mean-ED,10346,9432,94177,0,geod_dist_to_target,8,19.97565263761615
33764.44,COL-mean-ED,10346,6850,94177,0,geod_dist_to_target,9,18.074300777767196
33764.44,COL-mean-ED,10346,2827,94177,0,geod_dist_to_target,10,20.430301703528375
33764.44,COL-mean-ED,10346,11844,94177,0,geod_dist_to_target,11,17.814623273088994
33764.44,COL-mean-ED,10346,11844,94177,0,geod_dist_to_target,12,17.814623273088994
33764.44,COL-mean-ED,10346,12106,94177,0,geod_dist_to_target,13,20.017626900473015
33764.44,COL-mean-ED,10346,302,94177,0,geod_dist_to_target,14,4.316119810816766
33764.44,COL-mean-ED,10346,302,94177,0,geod_dist_to_target,15,4.316119810816766
33764.44,COL-mean-ED,10346,11824,94177,0,geod_dist_to_target,16,56.07812225365686
33764.44,COL-mean-ED,10346,11824,94177,0,geod_dist_to_target,17,56.07812225365686
33764.44,COL-mean-ED,10346,11824,94177,0,geod_dist_to_target,18,56.07812225365686
33764.44,COL-mean-ED,10346,11824,94177,0,geod_dist_to_target,19,56.07812225365686
33764.44,COL-mean-ED,10346,1746,94177,0,geod_dist_to_target,20,32.75799888369698
33764.44,COL-mean-ED,10346,1746,94177,0,geod_dist_to_target,22,32.75799888369698
33764.44,COL-mean-ED,10346,1746,94177,0,geod_dist_to_target,24,32.75799888369698
33764.44,COL-mean-ED,10346,4559,94177,0,geod_dist_to_target,26,32.2871967120227
33764.44,COL-mean-ED,10346,8914,94177,0,geod_dist_to_target,28,31.522653227884366
33764.44,COL-mean-ED,10346,8914,94177,0,geod_dist_to_target,30,31.522653227884366
33764.44,COL-mean-ED,10346,9053,94177,0,geod_dist_to_target,32,25.532168178100083
33764.44,COL-mean-ED,10346,9053,94177,0,geod_dist_to_target,34,25.532168178100083
33764.44,COL-mean-ED,10346,3804,94177,0,geod_dist_to_target,36,47.6772234683306
33764.44,COL-mean-ED,10346,1916,94177,0,geod_dist_to_target,38,19.657341655465135
33764.44,COL-mean-ED,10346,1916,94177,0,geod_dist_to_target,40,19.657341655465135
33764.44,COL-mean-ED,10346,10259,94177,0,geod_dist_to_target,42,19.056473616018835
33764.44,COL-mean-ED,10346,10259,94177,0,geod_dist_to_target,44,19.056473616018835
33764.44,COL-mean-ED,10346,11154,94177,0,geod_dist_to_target,46,17.88918475053242
33764.44,COL-mean-ED,10346,11154,94177,0,geod_dist_to_target,48,17.88918475053242
33764.44,COL-mean-ED,10346,11154,94177,0,geod_dist_to_target,50,17.88918475053242
33764.44,COL-mean-ED,10346,9356,94177,0,geod_dist_to_target,55,19.170680094594882
33764.44,COL-mean-ED,10346,8428,94177,0,geod_dist_to_target,60,18.735217423401945
33764.44,COL-mean-ED,10346,11154,94177,0,geod_dist_to_target,65,17.88918475053242
33764.44,COL-mean-ED,10346,10188,94177,0,geod_dist_to_target,70,17.815403977680038
33764.44,COL-mean-ED,10346,10188,94177,0,geod_dist_to_target,75,17.815403977680038
33764.44,COL-mean-ED,10346,9877,94177,0,geod_dist_to_target,80,21.285052370627287
33764.44,COL-mean-ED,10346,9511,94177,0,geod_dist_to_target,85,20.996218279123525
33764.44,COL-mean-ED,10346,10188,94177,0,geod_dist_to_target,90,17.815403977680038
33764.44,COL-mean-ED,10346,4307,94177,0,geod_dist_to_target,95,20.259534082298973
33764.44,COL-mean-ED,10346,9511,94177,0,geod_dist_to_target,100,20.996218279123525
33764.44,COL-min-ED,10346,11807,89250,0,geod_dist_to_target,5,5.702674911302211
33764.44,COL-min-ED,10346,7022,89250,0,geod_dist_to_target,6,16.083931344476394
33764.44,COL-min-ED,10346,7500,89250,0,geod_dist_to_target,7,3.1855913520652606
33764.44,COL-min-ED,10346,10775,89250,0,geod_dist_to_target,8,3.5868287246077433
33764.44,COL-min-ED,10346,6827,89250,0,geod_dist_to_target,9,0.478541851813261
33764.44,COL-min-ED,10346,10346,89250,0,geod_dist_to_target,10,0.0
33764.44,COL-min-ED,10346,10346,89250,0,geod_dist_to_target,11,0.0
33764.44,COL-min-ED,10346,6827,89250,0,geod_dist_to_target,12,0.478541851813261
33764.44,COL-min-ED,10346,6827,89250,0,geod_dist_to_target,13,0.478541851813261
33764.44,COL-min-ED,10346,6827,89250,0,geod_dist_to_target,14,0.478541851813261
33764.44,COL-min-ED,10346,6827,89250,0,geod_dist_to_target,15,0.478541851813261
33764.44,COL-min-ED,10346,6827,89250,0,geod_dist_to_target,16,0.478541851813261
33764.44,COL-min-ED,10346,11609,89250,0,geod_dist_to_target,17,0.35877899440829847
33764.44,COL-min-ED,10346,6745,89250,0,geod_dist_to_target,18,9.973505316712606
33764.44,COL-min-ED,10346,6745,89250,0,geod_dist_to_target,19,9.973505316712606
33764.44,COL-min-ED,10346,6745,89250,0,geod_dist_to_target,20,9.973505316712606
33764.44,COL-min-ED,10346,6745,89250,0,geod_dist_to_target,22,9.973505316712606
33764.44,COL-min-ED,10346,11609,89250,0,geod_dist_to_target,24,0.35877899440829847
33764.44,COL-min-ED,10346,1342,89250,0,geod_dist_to_target,26,0.196240604520838
33764.44,COL-min-ED,10346,1342,89250,0,geod_dist_to_target,28,0.196240604520838
33764.44,COL-min-ED,10346,573,89250,0,geod_dist_to_target,30,0.43094694190624044
33764.44,COL-min-ED,10346,573,89250,0,geod_dist_to_target,32,0.43094694190624044
33764.44,COL-min-ED,10346,573,89250,0,geod_dist_to_target,34,0.43094694190624044
33764.44,COL-min-ED,10346,573,89250,0,geod_dist_to_target,36,0.43094694190624044
33764.44,COL-min-ED,10346,10346,89250,0,geod_dist_to_target,38,0.0
33764.44,COL-min-ED,10346,1342,89250,0,geod_dist_to_target,40,0.196240604520838
33764.44,COL-min-ED,10346,1342,89250,0,geod_dist_to_target,42,0.196240604520838
33764.44,COL-min-ED,10346,1342,89250,0,geod_dist_to_target,44,0.196240604520838
33764.44,COL-min-ED,10346,573,89250,0,geod_dist_to_target,46,0.43094694190624044
33764.44,COL-min-ED,10346,1342,89250,0,geod_dist_to_target,48,0.196240604520838
33764.44,COL-min-ED,10346,1268,89250,0,geod_dist_to_target,50,0.37665875645474234
33764.44,COL-min-ED,10346,1268,89250,0,geod_dist_to_target,55,0.37665875645474234
33764.44,COL-min-ED,10346,1268,89250,0,geod_dist_to_target,60,0.37665875645474234
33764.44,COL-min-ED,10346,10346,89250,0,geod_dist_to_target,65,0.0
33764.44,COL-min-ED,10346,10346,89250,0,geod_dist_to_target,70,0.0
33764.44,COL-min-ED,10346,10346,89250,0,geod_dist_to_target,75,0.0
33764.44,COL-min-ED,10346,10346,89250,0,geod_dist_to_target,80,0.0
33764.44,COL-min-ED,10346,10346,89250,0,geod_dist_to_target,85,0.0
33764.44,COL-min-ED,10346,10346,89250,0,geod_dist_to_target,90,0.0
33764.44,COL-min-ED,10346,1342,89250,0,geod_dist_to_target,95,0.196240604520838
33764.44,COL-min-ED,10346,1268,89250,0,geod_dist_to_target,100,0.37665875645474234
33764.44,COL-min-ED,10346,1652,773956,0,geod_dist_to_target,5,17.55120309210307
33764.44,COL-min-ED,10346,9182,773956,0,geod_dist_to_target,6,18.21723244397965
33764.44,COL-min-ED,10346,11469,773956,0,geod_dist_to_target,7,14.072597658131514
33764.44,COL-min-ED,10346,174,773956,0,geod_dist_to_target,8,13.281884084323245
33764.44,COL-min-ED,10346,2401,773956,0,geod_dist_to_target,9,1.349380741557188
33764.44,COL-min-ED,10346,2401,773956,0,geod_dist_to_target,10,1.349380741557188
33764.44,COL-min-ED,10346,2401,773956,0,geod_dist_to_target,11,1.349380741557188
33764.44,COL-min-ED,10346,2401,773956,0,geod_dist_to_target,12,1.349380741557188
33764.44,COL-min-ED,10346,2401,773956,0,geod_dist_to_target,13,1.349380741557188
33764.44,COL-min-ED,10346,2401,773956,0,geod_dist_to_target,14,1.349380741557188
33764.44,COL-min-ED,10346,11242,773956,0,geod_dist_to_target,15,1.8625423113052124
33764.44,COL-min-ED,10346,11242,773956,0,geod_dist_to_target,16,1.8625423113052124
33764.44,COL-min-ED,10346,2278,773956,0,geod_dist_to_target,17,2.3243262180125797
33764.44,COL-min-ED,10346,2278,773956,0,geod_dist_to_target,18,2.3243262180125797
33764.44,COL-min-ED,10346,2278,773956,0,geod_dist_to_target,19,2.3243262180125797
33764.44,COL-min-ED,10346,2278,773956,0,geod_dist_to_target,20,2.3243262180125797
33764.44,COL-min-ED,10346,11313,773956,0,geod_dist_to_target,22,1.6515691829436927
33764.44,COL-min-ED,10346,3425,773956,0,geod_dist_to_target,24,1.574472945560964
33764.44,COL-min-ED,10346,3425,773956,0,geod_dist_to_target,26,1.574472945560964
33764.44,COL-min-ED,10346,3425,773956,0,geod_dist_to_target,28,1.574472945560964
33764.44,COL-min-ED,10346,3425,773956,0,geod_dist_to_target,30,1.574472945560964
33764.44,COL-min-ED,10346,3425,773956,0,geod_dist_to_target,32,1.574472945560964
33764.44,COL-min-ED,10346,2278,773956,0,geod_dist_to_target,34,2.3243262180125797
33764.44,COL-min-ED,10346,2278,773956,0,geod_dist_to_target,36,2.3243262180125797
33764.44,COL-min-ED,10346,11606,773956,0,geod_dist_to_target,38,1.2050480948774986
33764.44,COL-min-ED,10346,11606,773956,0,geod_dist_to_target,40,1.2050480948774986
33764.44,COL-min-ED,10346,11606,773956,0,geod_dist_to_target,42,1.2050480948774986
33764.44,COL-min-ED,10346,11606,773956,0,geod_dist_to_target,44,1.2050480948774986
33764.44,COL-min-ED,10346,11606,773956,0,geod_dist_to_target,46,1.2050480948774986
33764.44,COL-min-ED,10346,11606,773956,0,geod_dist_to_target,48,1.2050480948774986
33764.44,COL-min-ED,10346,11606,773956,0,geod_dist_to_target,50,1.2050480948774986
33764.44,COL-min-ED,10346,3429,773956,0,geod_dist_to_target,55,1.086999607447876
33764.44,COL-min-ED,10346,11606,773956,0,geod_dist_to_target,60,1.2050480948774986
33764.44,COL-min-ED,10346,12482,773956,0,geod_dist_to_target,65,0.5363487259966152
33764.44,COL-min-ED,10346,1396,773956,0,geod_dist_to_target,70,0.499481213365009
33764.44,COL-min-ED,10346,10925,773956,0,geod_dist_to_target,75,0.8525375586862483
33764.44,COL-min-ED,10346,3429,773956,0,geod_dist_to_target,80,1.086999607447876
33764.44,COL-min-ED,10346,3429,773956,0,geod_dist_to_target,85,1.086999607447876
33764.44,COL-min-ED,10346,3429,773956,0,geod_dist_to_target,90,1.086999607447876
33764.44,COL-min-ED,10346,10925,773956,0,geod_dist_to_target,95,0.8525375586862483
33764.44,COL-min-ED,10346,7173,773956,0,geod_dist_to_target,100,0.9782260660933111
33764.44,COL-min-ED,10346,7600,654571,0,geod_dist_to_target,5,4.663756934457496
33764.44,COL-min-ED,10346,1689,654571,0,geod_dist_to_target,6,9.657916575190077
33764.44,COL-min-ED,10346,2291,654571,0,geod_dist_to_target,7,5.484535233379432
33764.44,COL-min-ED,10346,2291,654571,0,geod_dist_to_target,8,5.484535233379432
33764.44,COL-min-ED,10346,2291,654571,0,geod_dist_to_target,9,5.484535233379432
33764.44,COL-min-ED,10346,3574,654571,0,geod_dist_to_target,10,8.22704701609805
33764.44,COL-min-ED,10346,3574,654571,0,geod_dist_to_target,11,8.22704701609805
33764.44,COL-min-ED,10346,3574,654571,0,geod_dist_to_target,12,8.22704701609805
33764.44,COL-min-ED,10346,3574,654571,0,geod_dist_to_target,13,8.22704701609805
33764.44,COL-min-ED,10346,3574,654571,0,geod_dist_to_target,14,8.22704701609805
33764.44,COL-min-ED,10346,5712,654571,0,geod_dist_to_target,15,6.524839430199433
33764.44,COL-min-ED,10346,5712,654571,0,geod_dist_to_target,16,6.524839430199433
33764.44,COL-min-ED,10346,337,654571,0,geod_dist_to_target,17,2.9511602988989654
33764.44,COL-min-ED,10346,337,654571,0,geod_dist_to_target,18,2.9511602988989654
33764.44,COL-min-ED,10346,7481,654571,0,geod_dist_to_target,19,2.5116270259798275
33764.44,COL-min-ED,10346,7481,654571,0,geod_dist_to_target,20,2.5116270259798275
33764.44,COL-min-ED,10346,3425,654571,0,geod_dist_to_target,22,1.574472945560964
33764.44,COL-min-ED,10346,11210,654571,0,geod_dist_to_target,24,1.70729194794039
33764.44,COL-min-ED,10346,11210,654571,0,geod_dist_to_target,26,1.70729194794039
33764.44,COL-min-ED,10346,7481,654571,0,geod_dist_to_target,28,2.5116270259798275
33764.44,COL-min-ED,10346,7183,654571,0,geod_dist_to_target,30,1.0074535587474773
33764.44,COL-min-ED,10346,3425,654571,0,geod_dist_to_target,32,1.574472945560964
33764.44,COL-min-ED,10346,3526,654571,0,geod_dist_to_target,34,1.8246709417877804
33764.44,COL-min-ED,10346,3526,654571,0,geod_dist_to_target,36,1.8246709417877804
33764.44,COL-min-ED,10346,7183,654571,0,geod_dist_to_target,38,1.0074535587474773
33764.44,COL-min-ED,10346,7183,654571,0,geod_dist_to_target,40,1.0074535587474773
33764.44,COL-min-ED,10346,7183,654571,0,geod_dist_to_target,42,1.0074535587474773
33764.44,COL-min-ED,10346,3312,654571,0,geod_dist_to_target,44,1.2594994155835524
33764.44,COL-min-ED,10346,3312,654571,0,geod_dist_to_target,46,1.2594994155835524
33764.44,COL-min-ED,10346,3312,654571,0,geod_dist_to_target,48,1.2594994155835524
33764.44,COL-min-ED,10346,3312,654571,0,geod_dist_to_target,50,1.2594994155835524
33764.44,COL-min-ED,10346,3312,654571,0,geod_dist_to_target,55,1.2594994155835524
33764.44,COL-min-ED,10346,3312,654571,0,geod_dist_to_target,60,1.2594994155835524
33764.44,COL-min-ED,10346,3312,654571,0,geod_dist_to_target,65,1.2594994155835524
33764.44,COL-min-ED,10346,3312,654571,0,geod_dist_to_target,70,1.2594994155835524
33764.44,COL-min-ED,10346,7183,654571,0,geod_dist_to_target,75,1.0074535587474773
33764.44,COL-min-ED,10346,7183,654571,0,geod_dist_to_target,80,1.0074535587474773
33764.44,COL-min-ED,10346,7183,654571,0,geod_dist_to_target,85,1.0074535587474773
33764.44,COL-min-ED,10346,7183,654571,0,geod_dist_to_target,90,1.0074535587474773
33764.44,COL-min-ED,10346,7183,654571,0,geod_dist_to_target,95,1.0074535587474773
33764.44,COL-min-ED,10346,7183,654571,0,geod_dist_to_target,100,1.0074535587474773
33764.44,COL-min-ED,10346,7374,438878,0,geod_dist_to_target,5,2.5064476443067822
33764.44,COL-min-ED,10346,7374,438878,0,geod_dist_to_target,6,2.5064476443067822
33764.44,COL-min-ED,10346,1802,438878,0,geod_dist_to_target,7,2.840091993884633
33764.44,COL-min-ED,10346,2503,438878,0,geod_dist_to_target,8,5.90033849431734
33764.44,COL-min-ED,10346,2503,438878,0,geod_dist_to_target,9,5.90033849431734
33764.44,COL-min-ED,10346,2503,438878,0,geod_dist_to_target,10,5.90033849431734
33764.44,COL-min-ED,10346,2503,438878,0,geod_dist_to_target,11,5.90033849431734
33764.44,COL-min-ED,10346,10521,438878,0,geod_dist_to_target,12,4.2584461621409
33764.44,COL-min-ED,10346,9429,438878,0,geod_dist_to_target,13,1.8237347014406053
33764.44,COL-min-ED,10346,9429,438878,0,geod_dist_to_target,14,1.8237347014406053
33764.44,COL-min-ED,10346,6635,438878,0,geod_dist_to_target,15,1.5297380668400675
33764.44,COL-min-ED,10346,6635,438878,0,geod_dist_to_target,16,1.5297380668400675
33764.44,COL-min-ED,10346,11456,438878,0,geod_dist_to_target,17,1.5986943742422266
33764.44,COL-min-ED,10346,11456,438878,0,geod_dist_to_target,18,1.5986943742422266
33764.44,COL-min-ED,10346,7790,438878,0,geod_dist_to_target,19,1.241119515143387
33764.44,COL-min-ED,10346,7790,438878,0,geod_dist_to_target,20,1.241119515143387
33764.44,COL-min-ED,10346,7790,438878,0,geod_dist_to_target,22,1.241119515143387
33764.44,COL-min-ED,10346,7790,438878,0,geod_dist_to_target,24,1.241119515143387
33764.44,COL-min-ED,10346,7790,438878,0,geod_dist_to_target,26,1.241119515143387
33764.44,COL-min-ED,10346,7790,438878,0,geod_dist_to_target,28,1.241119515143387
33764.44,COL-min-ED,10346,2928,438878,0,geod_dist_to_target,30,1.1141689742894796
33764.44,COL-min-ED,10346,2007,438878,0,geod_dist_to_target,32,0.8478583430493778
33764.44,COL-min-ED,10346,2007,438878,0,geod_dist_to_target,34,0.8478583430493778
33764.44,COL-min-ED,10346,2007,438878,0,geod_dist_to_target,36,0.8478583430493778
33764.44,COL-min-ED,10346,9770,438878,0,geod_dist_to_target,38,1.8952622238341448
33764.44,COL-min-ED,10346,1268,438878,0,geod_dist_to_target,40,0.37665875645474234
33764.44,COL-min-ED,10346,9770,438878,0,geod_dist_to_target,42,1.8952622238341448
33764.44,COL-min-ED,10346,9770,438878,0,geod_dist_to_target,44,1.8952622238341448
33764.44,COL-min-ED,10346,7025,438878,0,geod_dist_to_target,46,0.6488368771282121
33764.44,COL-min-ED,10346,48,438878,0,geod_dist_to_target,48,0.846437651395825
33764.44,COL-min-ED,10346,48,438878,0,geod_dist_to_target,50,0.846437651395825
33764.44,COL-min-ED,10346,48,438878,0,geod_dist_to_target,55,0.846437651395825
33764.44,COL-min-ED,10346,2007,438878,0,geod_dist_to_target,60,0.8478583430493778
33764.44,COL-min-ED,10346,1342,438878,0,geod_dist_to_target,65,0.196240604520838
33764.44,COL-min-ED,10346,1268,438878,0,geod_dist_to_target,70,0.37665875645474234
33764.44,COL-min-ED,10346,1268,438878,0,geod_dist_to_target,75,0.37665875645474234
33764.44,COL-min-ED,10346,1268,438878,0,geod_dist_to_target,80,0.37665875645474234
33764.44,COL-min-ED,10346,1268,438878,0,geod_dist_to_target,85,0.37665875645474234
33764.44,COL-min-ED,10346,1268,438878,0,geod_dist_to_target,90,0.37665875645474234
33764.44,COL-min-ED,10346,1268,438878,0,geod_dist_to_target,95,0.37665875645474234
33764.44,COL-min-ED,10346,1342,438878,0,geod_dist_to_target,100,0.196240604520838
33764.44,COL-min-ED,10346,12107,433015,0,geod_dist_to_target,5,9.936126079669386
33764.44,COL-min-ED,10346,1884,433015,0,geod_dist_to_target,6,17.364152779331572
33764.44,COL-min-ED,10346,6827,433015,0,geod_dist_to_target,7,0.478541851813261
33764.44,COL-min-ED,10346,6827,433015,0,geod_dist_to_target,8,0.478541851813261
33764.44,COL-min-ED,10346,11609,433015,0,geod_dist_to_target,9,0.35877899440829847
33764.44,COL-min-ED,10346,11609,433015,0,geod_dist_to_target,10,0.35877899440829847
33764.44,COL-min-ED,10346,11609,433015,0,geod_dist_to_target,11,0.35877899440829847
33764.44,COL-min-ED,10346,1342,433015,0,geod_dist_to_target,12,0.196240604520838
33764.44,COL-min-ED,10346,1342,433015,0,geod_dist_to_target,13,0.196240604520838
33764.44,COL-min-ED,10346,1342,433015,0,geod_dist_to_target,14,0.196240604520838
33764.44,COL-min-ED,10346,11609,433015,0,geod_dist_to_target,15,0.35877899440829847
33764.44,COL-min-ED,10346,11609,433015,0,geod_dist_to_target,16,0.35877899440829847
33764.44,COL-min-ED,10346,1381,433015,0,geod_dist_to_target,17,0.24177044035433656
33764.44,COL-min-ED,10346,1381,433015,0,geod_dist_to_target,18,0.24177044035433656
33764.44,COL-min-ED,10346,1381,433015,0,geod_dist_to_target,19,0.24177044035433656
33764.44,COL-min-ED,10346,1381,433015,0,geod_dist_to_target,20,0.24177044035433656
33764.44,COL-min-ED,10346,10346,433015,0,geod_dist_to_target,22,0.0
33764.44,COL-min-ED,10346,10346,433015,0,geod_dist_to_target,24,0.0
33764.44,COL-min-ED,10346,10346,433015,0,geod_dist_to_target,26,0.0
33764.44,COL-min-ED,10346,6845,433015,0,geod_dist_to_target,28,0.2505287899723362
33764.44,COL-min-ED,10346,10346,433015,0,geod_dist_to_target,30,0.0
33764.44,COL-min-ED,10346,10346,433015,0,geod_dist_to_target,32,0.0
33764.44,COL-min-ED,10346,10346,433015,0,geod_dist_to_target,34,0.0
33764.44,COL-min-ED,10346,8104,433015,0,geod_dist_to_target,36,14.226500079521601
33764.44,COL-min-ED,10346,8104,433015,0,geod_dist_to_target,38,14.226500079521601
33764.44,COL-min-ED,10346,7232,433015,0,geod_dist_to_target,40,14.101495187809777
33764.44,COL-min-ED,10346,7232,433015,0,geod_dist_to_target,42,14.101495187809777
33764.44,COL-min-ED,10346,8104,433015,0,geod_dist_to_target,44,14.226500079521601
33764.44,COL-min-ED,10346,8104,433015,0,geod_dist_to_target,46,14.226500079521601
33764.44,COL-min-ED,10346,8104,433015,0,geod_dist_to_target,48,14.226500079521601
33764.44,COL-min-ED,10346,11609,433015,0,geod_dist_to_target,50,0.35877899440829847
33764.44,COL-min-ED,10346,11609,433015,0,geod_dist_to_target,55,0.35877899440829847
33764.44,COL-min-ED,10346,10346,433015,0,geod_dist_to_target,60,0.0
33764.44,COL-min-ED,10346,10346,433015,0,geod_dist_to_target,65,0.0
33764.44,COL-min-ED,10346,11609,433015,0,geod_dist_to_target,70,0.35877899440829847
33764.44,COL-min-ED,10346,1381,433015,0,geod_dist_to_target,75,0.24177044035433656
33764.44,COL-min-ED,10346,11609,433015,0,geod_dist_to_target,80,0.35877899440829847
33764.44,COL-min-ED,10346,10346,433015,0,geod_dist_to_target,85,0.0
33764.44,COL-min-ED,10346,10346,433015,0,geod_dist_to_target,90,0.0
33764.44,COL-min-ED,10346,10346,433015,0,geod_dist_to_target,95,0.0
33764.44,COL-min-ED,10346,1342,433015,0,geod_dist_to_target,100,0.196240604520838
33764.44,COL-min-ED,10346,2261,858597,0,geod_dist_to_target,5,7.802751368224674
33764.44,COL-min-ED,10346,1457,858597,0,geod_dist_to_target,6,19.3196300375325
33764.44,COL-min-ED,10346,2618,858597,0,geod_dist_to_target,7,0.9646708653390038
33764.44,COL-min-ED,10346,7644,858597,0,geod_dist_to_target,8,3.5965951791222532
33764.44,COL-min-ED,10346,12274,858597,0,geod_dist_to_target,9,3.955556353037102
33764.44,COL-min-ED,10346,6635,858597,0,geod_dist_to_target,10,1.5297380668400675
33764.44,COL-min-ED,10346,6635,858597,0,geod_dist_to_target,11,1.5297380668400675
33764.44,COL-min-ED,10346,6845,858597,0,geod_dist_to_target,12,0.2505287899723362
33764.44,COL-min-ED,10346,6845,858597,0,geod_dist_to_target,13,0.2505287899723362
33764.44,COL-min-ED,10346,10346,858597,0,geod_dist_to_target,14,0.0
33764.44,COL-min-ED,10346,10346,858597,0,geod_dist_to_target,15,0.0
33764.44,COL-min-ED,10346,10346,858597,0,geod_dist_to_target,16,0.0
33764.44,COL-min-ED,10346,10346,858597,0,geod_dist_to_target,17,0.0
33764.44,COL-min-ED,10346,10346,858597,0,geod_dist_to_target,18,0.0
33764.44,COL-min-ED,10346,1381,858597,0,geod_dist_to_target,19,0.24177044035433656
33764.44,COL-min-ED,10346,1381,858597,0,geod_dist_to_target,20,0.24177044035433656
33764.44,COL-min-ED,10346,1381,858597,0,geod_dist_to_target,22,0.24177044035433656
33764.44,COL-min-ED,10346,1381,858597,0,geod_dist_to_target,24,0.24177044035433656
33764.44,COL-min-ED,10346,1381,858597,0,geod_dist_to_target,26,0.24177044035433656
33764.44,COL-min-ED,10346,1381,858597,0,geod_dist_to_target,28,0.24177044035433656
33764.44,COL-min-ED,10346,1381,858597,0,geod_dist_to_target,30,0.24177044035433656
33764.44,COL-min-ED,10346,1381,858597,0,geod_dist_to_target,32,0.24177044035433656
33764.44,COL-min-ED,10346,1381,858597,0,geod_dist_to_target,34,0.24177044035433656
33764.44,COL-min-ED,10346,1381,858597,0,geod_dist_to_target,36,0.24177044035433656
33764.44,COL-min-ED,10346,1381,858597,0,geod_dist_to_target,38,0.24177044035433656
33764.44,COL-min-ED,10346,1381,858597,0,geod_dist_to_target,40,0.24177044035433656
33764.44,COL-min-ED,10346,1381,858597,0,geod_dist_to_target,42,0.24177044035433656
33764.44,COL-min-ED,10346,1381,858597,0,geod_dist_to_target,44,0.24177044035433656
33764.44,COL-min-ED,10346,6824,858597,0,geod_dist_to_target,46,0.557773902280137
33764.44,COL-min-ED,10346,1381,858597,0,geod_dist_to_target,48,0.24177044035433656
33764.44,COL-min-ED,10346,1381,858597,0,geod_dist_to_target,50,0.24177044035433656
33764.44,COL-min-ED,10346,1381,858597,0,geod_dist_to_target,55,0.24177044035433656
33764.44,COL-min-ED,10346,1381,858597,0,geod_dist_to_target,60,0.24177044035433656
33764.44,COL-min-ED,10346,10346,858597,0,geod_dist_to_target,65,0.0
33764.44,COL-min-ED,10346,10346,858597,0,geod_dist_to_target,70,0.0
33764.44,COL-min-ED,10346,10346,858597,0,geod_dist_to_target,75,0.0
33764.44,COL-min-ED,10346,10346,858597,0,geod_dist_to_target,80,0.0
33764.44,COL-min-ED,10346,10346,858597,0,geod_dist_to_target,85,0.0
33764.44,COL-min-ED,10346,6845,858597,0,geod_dist_to_target,90,0.2505287899723362
33764.44,COL-min-ED,10346,6845,858597,0,geod_dist_to_target,95,0.2505287899723362
33764.44,COL-min-ED,10346,6845,858597,0,geod_dist_to_target,100,0.2505287899723362
33764.44,COL-min-ED,10346,8017,85945,0,geod_dist_to_target,5,7.252409243769197
33764.44,COL-min-ED,10346,7849,85945,0,geod_dist_to_target,6,7.789638516303502
33764.44,COL-min-ED,10346,1149,85945,0,geod_dist_to_target,7,6.6117135782823775
33764.44,COL-min-ED,10346,1149,85945,0,geod_dist_to_target,8,6.6117135782823775
33764.44,COL-min-ED,10346,1149,85945,0,geod_dist_to_target,9,6.6117135782823775
33764.44,COL-min-ED,10346,1149,85945,0,geod_dist_to_target,10,6.6117135782823775
33764.44,COL-min-ED,10346,1149,85945,0,geod_dist_to_target,11,6.6117135782823775
33764.44,COL-min-ED,10346,1149,85945,0,geod_dist_to_target,12,6.6117135782823775
33764.44,COL-min-ED,10346,1149,85945,0,geod_dist_to_target,13,6.6117135782823775
33764.44,COL-min-ED,10346,7843,85945,0,geod_dist_to_target,14,8.285322656172596
33764.44,COL-min-ED,10346,7843,85945,0,geod_dist_to_target,15,8.285322656172596
33764.44,COL-min-ED,10346,7843,85945,0,geod_dist_to_target,16,8.285322656172596
33764.44,COL-min-ED,10346,7373,85945,0,geod_dist_to_target,17,1.5586934178210898
33764.44,COL-min-ED,10346,7373,85945,0,geod_dist_to_target,18,1.5586934178210898
33764.44,COL-min-ED,10346,2618,85945,0,geod_dist_to_target,19,0.9646708653390038
33764.44,COL-min-ED,10346,7373,85945,0,geod_dist_to_target,20,1.5586934178210898
33764.44,COL-min-ED,10346,7202,85945,0,geod_dist_to_target,22,0.8209300398068843
33764.44,COL-min-ED,10346,2618,85945,0,geod_dist_to_target,24,0.9646708653390038
33764.44,COL-min-ED,10346,2618,85945,0,geod_dist_to_target,26,0.9646708653390038
33764.44,COL-min-ED,10346,7373,85945,0,geod_dist_to_target,28,1.5586934178210898
33764.44,COL-min-ED,10346,7373,85945,0,geod_dist_to_target,30,1.5586934178210898
33764.44,COL-min-ED,10346,2618,85945,0,geod_dist_to_target,32,0.9646708653390038
33764.44,COL-min-ED,10346,2618,85945,0,geod_dist_to_target,34,0.9646708653390038
33764.44,COL-min-ED,10346,2618,85945,0,geod_dist_to_target,36,0.9646708653390038
33764.44,COL-min-ED,10346,2618,85945,0,geod_dist_to_target,38,0.9646708653390038
33764.44,COL-min-ED,10346,2618,85945,0,geod_dist_to_target,40,0.9646708653390038
33764.44,COL-min-ED,10346,2618,85945,0,geod_dist_to_target,42,0.9646708653390038
33764.44,COL-min-ED,10346,2618,85945,0,geod_dist_to_target,44,0.9646708653390038
33764.44,COL-min-ED,10346,2618,85945,0,geod_dist_to_target,46,0.9646708653390038
33764.44,COL-min-ED,10346,2618,85945,0,geod_dist_to_target,48,0.9646708653390038
33764.44,COL-min-ED,10346,2618,85945,0,geod_dist_to_target,50,0.9646708653390038
33764.44,COL-min-ED,10346,2618,85945,0,geod_dist_to_target,55,0.9646708653390038
33764.44,COL-min-ED,10346,7202,85945,0,geod_dist_to_target,60,0.8209300398068843
33764.44,COL-min-ED,10346,6845,85945,0,geod_dist_to_target,65,0.2505287899723362
33764.44,COL-min-ED,10346,6845,85945,0,geod_dist_to_target,70,0.2505287899723362
33764.44,COL-min-ED,10346,10346,85945,0,geod_dist_to_target,75,0.0
33764.44,COL-min-ED,10346,6845,85945,0,geod_dist_to_target,80,0.2505287899723362
33764.44,COL-min-ED,10346,10346,85945,0,geod_dist_to_target,85,0.0
33764.44,COL-min-ED,10346,6845,85945,0,geod_dist_to_target,90,0.2505287899723362
33764.44,COL-min-ED,10346,10346,85945,0,geod_dist_to_target,95,0.0
33764.44,COL-min-ED,10346,10346,85945,0,geod_dist_to_target,100,0.0
33764.44,COL-min-ED,10346,6629,697368,0,geod_dist_to_target,5,2.4881977960896045
33764.44,COL-min-ED,10346,10583,697368,0,geod_dist_to_target,6,2.158070028103252
33764.44,COL-min-ED,10346,7197,697368,0,geod_dist_to_target,7,15.968318466029183
33764.44,COL-min-ED,10346,8995,697368,0,geod_dist_to_target,8,23.68769689665207
33764.44,COL-min-ED,10346,8995,697368,0,geod_dist_to_target,9,23.68769689665207
33764.44,COL-min-ED,10346,1884,697368,0,geod_dist_to_target,10,17.364152779331572
33764.44,COL-min-ED,10346,1884,697368,0,geod_dist_to_target,11,17.364152779331572
33764.44,COL-min-ED,10346,9249,697368,0,geod_dist_to_target,12,16.431071842477397
33764.44,COL-min-ED,10346,9249,697368,0,geod_dist_to_target,13,16.431071842477397
33764.44,COL-min-ED,10346,9249,697368,0,geod_dist_to_target,14,16.431071842477397
33764.44,COL-min-ED,10346,9249,697368,0,geod_dist_to_target,15,16.431071842477397
33764.44,COL-min-ED,10346,9249,697368,0,geod_dist_to_target,16,16.431071842477397
33764.44,COL-min-ED,10346,9249,697368,0,geod_dist_to_target,17,16.431071842477397
33764.44,COL-min-ED,10346,9249,697368,0,geod_dist_to_target,18,16.431071842477397
33764.44,COL-min-ED,10346,1884,697368,0,geod_dist_to_target,19,17.364152779331572
33764.44,COL-min-ED,10346,1884,697368,0,geod_dist_to_target,20,17.364152779331572
33764.44,COL-min-ED,10346,7442,697368,0,geod_dist_to_target,22,18.040427737940913
33764.44,COL-min-ED,10346,7275,697368,0,geod_dist_to_target,24,17.568984551054903
33764.44,COL-min-ED,10346,7442,697368,0,geod_dist_to_target,26,18.040427737940913
33764.44,COL-min-ED,10346,2320,697368,0,geod_dist_to_target,28,7.277453220861197
33764.44,COL-min-ED,10346,6072,697368,0,geod_dist_to_target,30,6.404738885555464
33764.44,COL-min-ED,10346,2320,697368,0,geod_dist_to_target,32,7.277453220861197
33764.44,COL-min-ED,10346,2109,697368,0,geod_dist_to_target,34,7.259562854264639
33764.44,COL-min-ED,10346,2109,697368,0,geod_dist_to_target,36,7.259562854264639
33764.44,COL-min-ED,10346,2109,697368,0,geod_dist_to_target,38,7.259562854264639
33764.44,COL-min-ED,10346,2109,697368,0,geod_dist_to_target,40,7.259562854264639
33764.44,COL-min-ED,10346,2109,697368,0,geod_dist_to_target,42,7.259562854264639
33764.44,COL-min-ED,10346,2320,697368,0,geod_dist_to_target,44,7.277453220861197
33764.44,COL-min-ED,10346,5816,697368,0,geod_dist_to_target,46,6.789522524263522
33764.44,COL-min-ED,10346,2109,697368,0,geod_dist_to_target,48,7.259562854264639
33764.44,COL-min-ED,10346,596,697368,0,geod_dist_to_target,50,15.77600686602331
33764.44,COL-min-ED,10346,9100,697368,0,geod_dist_to_target,55,15.159100931764621
33764.44,COL-min-ED,10346,2109,697368,0,geod_dist_to_target,60,7.259562854264639
33764.44,COL-min-ED,10346,2457,697368,0,geod_dist_to_target,65,12.906181919836241
33764.44,COL-min-ED,10346,2457,697368,0,geod_dist_to_target,70,12.906181919836241
33764.44,COL-min-ED,10346,2457,697368,0,geod_dist_to_target,75,12.906181919836241
33764.44,COL-min-ED,10346,2457,697368,0,geod_dist_to_target,80,12.906181919836241
33764.44,COL-min-ED,10346,12131,697368,0,geod_dist_to_target,85,12.594052309402452
33764.44,COL-min-ED,10346,2457,697368,0,geod_dist_to_target,90,12.906181919836241
33764.44,COL-min-ED,10346,11093,697368,0,geod_dist_to_target,95,13.405110633352935
33764.44,COL-min-ED,10346,1715,697368,0,geod_dist_to_target,100,1.3191508414737025
33764.44,COL-min-ED,10346,458,201469,0,geod_dist_to_target,5,8.518675548034599
33764.44,COL-min-ED,10346,6624,201469,0,geod_dist_to_target,6,6.333716840331232
33764.44,COL-min-ED,10346,7202,201469,0,geod_dist_to_target,7,0.8209300398068843
33764.44,COL-min-ED,10346,7202,201469,0,geod_dist_to_target,8,0.8209300398068843
33764.44,COL-min-ED,10346,7201,201469,0,geod_dist_to_target,9,1.1783776807333342
33764.44,COL-min-ED,10346,11461,201469,0,geod_dist_to_target,10,2.8727331563233913
33764.44,COL-min-ED,10346,1191,201469,0,geod_dist_to_target,11,3.229348208790773
33764.44,COL-min-ED,10346,10522,201469,0,geod_dist_to_target,12,7.093969733717899
33764.44,COL-min-ED,10346,10522,201469,0,geod_dist_to_target,13,7.093969733717899
33764.44,COL-min-ED,10346,10522,201469,0,geod_dist_to_target,14,7.093969733717899
33764.44,COL-min-ED,10346,866,201469,0,geod_dist_to_target,15,1.0405055557754317
33764.44,COL-min-ED,10346,866,201469,0,geod_dist_to_target,16,1.0405055557754317
33764.44,COL-min-ED,10346,866,201469,0,geod_dist_to_target,17,1.0405055557754317
33764.44,COL-min-ED,10346,866,201469,0,geod_dist_to_target,18,1.0405055557754317
33764.44,COL-min-ED,10346,6629,201469,0,geod_dist_to_target,19,2.4881977960896045
33764.44,COL-min-ED,10346,866,201469,0,geod_dist_to_target,20,1.0405055557754317
33764.44,COL-min-ED,10346,9793,201469,0,geod_dist_to_target,22,0.5199353472514789
33764.44,COL-min-ED,10346,9793,201469,0,geod_dist_to_target,24,0.5199353472514789
33764.44,COL-min-ED,10346,9793,201469,0,geod_dist_to_target,26,0.5199353472514789
33764.44,COL-min-ED,10346,9793,201469,0,geod_dist_to_target,28,0.5199353472514789
33764.44,COL-min-ED,10346,9793,201469,0,geod_dist_to_target,30,0.5199353472514789
33764.44,COL-min-ED,10346,9793,201469,0,geod_dist_to_target,32,0.5199353472514789
33764.44,COL-min-ED,10346,1381,201469,0,geod_dist_to_target,34,0.24177044035433656
33764.44,COL-min-ED,10346,9793,201469,0,geod_dist_to_target,36,0.5199353472514789
33764.44,COL-min-ED,10346,6824,201469,0,geod_dist_to_target,38,0.557773902280137
33764.44,COL-min-ED,10346,6824,201469,0,geod_dist_to_target,40,0.557773902280137
33764.44,COL-min-ED,10346,6824,201469,0,geod_dist_to_target,42,0.557773902280137
33764.44,COL-min-ED,10346,6824,201469,0,geod_dist_to_target,44,0.557773902280137
33764.44,COL-min-ED,10346,6824,201469,0,geod_dist_to_target,46,0.557773902280137
33764.44,COL-min-ED,10346,6824,201469,0,geod_dist_to_target,48,0.557773902280137
33764.44,COL-min-ED,10346,6824,201469,0,geod_dist_to_target,50,0.557773902280137
33764.44,COL-min-ED,10346,866,201469,0,geod_dist_to_target,55,1.0405055557754317
33764.44,COL-min-ED,10346,866,201469,0,geod_dist_to_target,60,1.0405055557754317
33764.44,COL-min-ED,10346,6824,201469,0,geod_dist_to_target,65,0.557773902280137
33764.44,COL-min-ED,10346,6678,201469,0,geod_dist_to_target,70,0.8520169248323725
33764.44,COL-min-ED,10346,6824,201469,0,geod_dist_to_target,75,0.557773902280137
33764.44,COL-min-ED,10346,6678,201469,0,geod_dist_to_target,80,0.8520169248323725
33764.44,COL-min-ED,10346,6678,201469,0,geod_dist_to_target,85,0.8520169248323725
33764.44,COL-min-ED,10346,6678,201469,0,geod_dist_to_target,90,0.8520169248323725
33764.44,COL-min-ED,10346,6678,201469,0,geod_dist_to_target,95,0.8520169248323725
33764.44,COL-min-ED,10346,6678,201469,0,geod_dist_to_target,100,0.8520169248323725
33764.44,COL-min-ED,10346,2669,94177,0,geod_dist_to_target,5,4.171460940211724
33764.44,COL-min-ED,10346,8015,94177,0,geod_dist_to_target,6,6.948706974146792
33764.44,COL-min-ED,10346,10416,94177,0,geod_dist_to_target,7,4.0825093365494185
33764.44,COL-min-ED,10346,10416,94177,0,geod_dist_to_target,8,4.0825093365494185
33764.44,COL-min-ED,10346,10416,94177,0,geod_dist_to_target,9,4.0825093365494185
33764.44,COL-min-ED,10346,10416,94177,0,geod_dist_to_target,10,4.0825093365494185
33764.44,COL-min-ED,10346,6845,94177,0,geod_dist_to_target,11,0.2505287899723362
33764.44,COL-min-ED,10346,10346,94177,0,geod_dist_to_target,12,0.0
33764.44,COL-min-ED,10346,10346,94177,0,geod_dist_to_target,13,0.0
33764.44,COL-min-ED,10346,6827,94177,0,geod_dist_to_target,14,0.478541851813261
33764.44,COL-min-ED,10346,6827,94177,0,geod_dist_to_target,15,0.478541851813261
33764.44,COL-min-ED,10346,6827,94177,0,geod_dist_to_target,16,0.478541851813261
33764.44,COL-min-ED,10346,900,94177,0,geod_dist_to_target,17,2.2830731238312265
33764.44,COL-min-ED,10346,900,94177,0,geod_dist_to_target,18,2.2830731238312265
33764.44,COL-min-ED,10346,6823,94177,0,geod_dist_to_target,19,1.3903327991681047
33764.44,COL-min-ED,10346,6823,94177,0,geod_dist_to_target,20,1.3903327991681047
33764.44,COL-min-ED,10346,9793,94177,0,geod_dist_to_target,22,0.5199353472514789
33764.44,COL-min-ED,10346,9793,94177,0,geod_dist_to_target,24,0.5199353472514789
33764.44,COL-min-ED,10346,9793,94177,0,geod_dist_to_target,26,0.5199353472514789
33764.44,COL-min-ED,10346,9793,94177,0,geod_dist_to_target,28,0.5199353472514789
33764.44,COL-min-ED,10346,866,94177,0,geod_dist_to_target,30,1.0405055557754317
33764.44,COL-min-ED,10346,866,94177,0,geod_dist_to_target,32,1.0405055557754317
33764.44,COL-min-ED,10346,6823,94177,0,geod_dist_to_target,34,1.3903327991681047
33764.44,COL-min-ED,10346,6823,94177,0,geod_dist_to_target,36,1.3903327991681047
33764.44,COL-min-ED,10346,6823,94177,0,geod_dist_to_target,38,1.3903327991681047
33764.44,COL-min-ED,10346,6823,94177,0,geod_dist_to_target,40,1.3903327991681047
33764.44,COL-min-ED,10346,6823,94177,0,geod_dist_to_target,42,1.3903327991681047
33764.44,COL-min-ED,10346,6823,94177,0,geod_dist_to_target,44,1.3903327991681047
33764.44,COL-min-ED,10346,866,94177,0,geod_dist_to_target,46,1.0405055557754317
33764.44,COL-min-ED,10346,866,94177,0,geod_dist_to_target,48,1.0405055557754317
33764.44,COL-min-ED,10346,9793,94177,0,geod_dist_to_target,50,0.5199353472514789
33764.44,COL-min-ED,10346,9793,94177,0,geod_dist_to_target,55,0.5199353472514789
33764.44,COL-min-ED,10346,9793,94177,0,geod_dist_to_target,60,0.5199353472514789
33764.44,COL-min-ED,10346,1381,94177,0,geod_dist_to_target,65,0.24177044035433656
33764.44,COL-min-ED,10346,1381,94177,0,geod_dist_to_target,70,0.24177044035433656
33764.44,COL-min-ED,10346,1381,94177,0,geod_dist_to_target,75,0.24177044035433656
33764.44,COL-min-ED,10346,1381,94177,0,geod_dist_to_target,80,0.24177044035433656
33764.44,COL-min-ED,10346,1381,94177,0,geod_dist_to_target,85,0.24177044035433656
33764.44,COL-min-ED,10346,1381,94177,0,geod_dist_to_target,90,0.24177044035433656
33764.44,COL-min-ED,10346,10346,94177,0,geod_dist_to_target,95,0.0
33764.44,COL-min-ED,10346,1381,94177,0,geod_dist_to_target,100,0.24177044035433656
33764.44,KDPP,10346,10188,89250,0,geod_dist_to_target,5,17.815403977680038
33764.44,KDPP,10346,2327,89250,0,geod_dist_to_target,6,17.542991173575068
33764.44,KDPP,10346,673,89250,0,geod_dist_to_target,7,2.117556205747828
33764.44,KDPP,10346,673,89250,0,geod_dist_to_target,8,2.117556205747828
33764.44,KDPP,10346,11242,89250,0,geod_dist_to_target,9,1.8625423113052124
33764.44,KDPP,10346,11242,89250,0,geod_dist_to_target,10,1.8625423113052124
33764.44,KDPP,10346,673,89250,0,geod_dist_to_target,11,2.117556205747828
33764.44,KDPP,10346,7350,89250,0,geod_dist_to_target,12,2.144039354342111
33764.44,KDPP,10346,7350,89250,0,geod_dist_to_target,13,2.144039354342111
33764.44,KDPP,10346,7350,89250,0,geod_dist_to_target,14,2.144039354342111
33764.44,KDPP,10346,7350,89250,0,geod_dist_to_target,15,2.144039354342111
33764.44,KDPP,10346,7350,89250,0,geod_dist_to_target,16,2.144039354342111
33764.44,KDPP,10346,673,89250,0,geod_dist_to_target,17,2.117556205747828
33764.44,KDPP,10346,11242,89250,0,geod_dist_to_target,18,1.8625423113052124
33764.44,KDPP,10346,11242,89250,0,geod_dist_to_target,19,1.8625423113052124
33764.44,KDPP,10346,11242,89250,0,geod_dist_to_target,20,1.8625423113052124
33764.44,KDPP,10346,673,89250,0,geod_dist_to_target,22,2.117556205747828
33764.44,KDPP,10346,673,89250,0,geod_dist_to_target,24,2.117556205747828
33764.44,KDPP,10346,673,89250,0,geod_dist_to_target,26,2.117556205747828
33764.44,KDPP,10346,11673,89250,0,geod_dist_to_target,28,2.0130458040050723
33764.44,KDPP,10346,11673,89250,0,geod_dist_to_target,30,2.0130458040050723
33764.44,KDPP,10346,11673,89250,0,geod_dist_to_target,32,2.0130458040050723
33764.44,KDPP,10346,11242,89250,0,geod_dist_to_target,34,1.8625423113052124
33764.44,KDPP,10346,11242,89250,0,geod_dist_to_target,36,1.8625423113052124
33764.44,KDPP,10346,11242,89250,0,geod_dist_to_target,38,1.8625423113052124
33764.44,KDPP,10346,11242,89250,0,geod_dist_to_target,40,1.8625423113052124
33764.44,KDPP,10346,11673,89250,0,geod_dist_to_target,42,2.0130458040050723
33764.44,KDPP,10346,11673,89250,0,geod_dist_to_target,44,2.0130458040050723
33764.44,KDPP,10346,11242,89250,0,geod_dist_to_target,46,1.8625423113052124
33764.44,KDPP,10346,3425,89250,0,geod_dist_to_target,48,1.574472945560964
33764.44,KDPP,10346,2278,89250,0,geod_dist_to_target,50,2.3243262180125797
33764.44,KDPP,10346,7183,89250,0,geod_dist_to_target,55,1.0074535587474773
33764.44,KDPP,10346,7183,89250,0,geod_dist_to_target,60,1.0074535587474773
33764.44,KDPP,10346,7183,89250,0,geod_dist_to_target,65,1.0074535587474773
33764.44,KDPP,10346,12482,89250,0,geod_dist_to_target,70,0.5363487259966152
33764.44,KDPP,10346,12482,89250,0,geod_dist_to_target,75,0.5363487259966152
33764.44,KDPP,10346,10346,89250,0,geod_dist_to_target,80,0.0
33764.44,KDPP,10346,12482,89250,0,geod_dist_to_target,85,0.5363487259966152
33764.44,KDPP,10346,12482,89250,0,geod_dist_to_target,90,0.5363487259966152
33764.44,KDPP,10346,12482,89250,0,geod_dist_to_target,95,0.5363487259966152
33764.44,KDPP,10346,12482,89250,0,geod_dist_to_target,100,0.5363487259966152
33764.44,KDPP,10346,9793,773956,0,geod_dist_to_target,5,0.5199353472514789
33764.44,KDPP,10346,6824,773956,0,geod_dist_to_target,6,0.557773902280137
33764.44,KDPP,10346,6824,773956,0,geod_dist_to_target,7,0.557773902280137
33764.44,KDPP,10346,6824,773956,0,geod_dist_to_target,8,0.557773902280137
33764.44,KDPP,10346,6827,773956,0,geod_dist_to_target,9,0.478541851813261
33764.44,KDPP,10346,9577,773956,0,geod_dist_to_target,10,14.812161957075821
33764.44,KDPP,10346,8104,773956,0,geod_dist_to_target,11,14.226500079521601
33764.44,KDPP,10346,11377,773956,0,geod_dist_to_target,12,15.216715008635797
33764.44,KDPP,10346,11377,773956,0,geod_dist_to_target,13,15.216715008635797
33764.44,KDPP,10346,1342,773956,0,geod_dist_to_target,14,0.196240604520838
33764.44,KDPP,10346,573,773956,0,geod_dist_to_target,15,0.43094694190624044
33764.44,KDPP,10346,573,773956,0,geod_dist_to_target,16,0.43094694190624044
33764.44,KDPP,10346,573,773956,0,geod_dist_to_target,17,0.43094694190624044
33764.44,KDPP,10346,573,773956,0,geod_dist_to_target,18,0.43094694190624044
33764.44,KDPP,10346,1342,773956,0,geod_dist_to_target,19,0.196240604520838
33764.44,KDPP,10346,6845,773956,0,geod_dist_to_target,20,0.2505287899723362
33764.44,KDPP,10346,6845,773956,0,geod_dist_to_target,22,0.2505287899723362
33764.44,KDPP,10346,1342,773956,0,geod_dist_to_target,24,0.196240604520838
33764.44,KDPP,10346,1342,773956,0,geod_dist_to_target,26,0.196240604520838
33764.44,KDPP,10346,1342,773956,0,geod_dist_to_target,28,0.196240604520838
33764.44,KDPP,10346,1342,773956,0,geod_dist_to_target,30,0.196240604520838
33764.44,KDPP,10346,1342,773956,0,geod_dist_to_target,32,0.196240604520838
33764.44,KDPP,10346,1342,773956,0,geod_dist_to_target,34,0.196240604520838
33764.44,KDPP,10346,1342,773956,0,geod_dist_to_target,36,0.196240604520838
33764.44,KDPP,10346,10346,773956,0,geod_dist_to_target,38,0.0
33764.44,KDPP,10346,10346,773956,0,geod_dist_to_target,40,0.0
33764.44,KDPP,10346,10346,773956,0,geod_dist_to_target,42,0.0
33764.44,KDPP,10346,10346,773956,0,geod_dist_to_target,44,0.0
33764.44,KDPP,10346,10346,773956,0,geod_dist_to_target,46,0.0
33764.44,KDPP,10346,10346,773956,0,geod_dist_to_target,48,0.0
33764.44,KDPP,10346,10346,773956,0,geod_dist_to_target,50,0.0
33764.44,KDPP,10346,10346,773956,0,geod_dist_to_target,55,0.0
33764.44,KDPP,10346,10346,773956,0,geod_dist_to_target,60,0.0
33764.44,KDPP,10346,10346,773956,0,geod_dist_to_target,65,0.0
33764.44,KDPP,10346,10346,773956,0,geod_dist_to_target,70,0.0
33764.44,KDPP,10346,10346,773956,0,geod_dist_to_target,75,0.0
33764.44,KDPP,10346,10346,773956,0,geod_dist_to_target,80,0.0
33764.44,KDPP,10346,10346,773956,0,geod_dist_to_target,85,0.0
33764.44,KDPP,10346,10346,773956,0,geod_dist_to_target,90,0.0
33764.44,KDPP,10346,10346,773956,0,geod_dist_to_target,95,0.0
33764.44,KDPP,10346,10346,773956,0,geod_dist_to_target,100,0.0
33764.44,KDPP,10346,128,654571,0,geod_dist_to_target,5,20.433537000758843
33764.44,KDPP,10346,1381,654571,0,geod_dist_to_target,6,0.24177044035433656
33764.44,KDPP,10346,6827,654571,0,geod_dist_to_target,7,0.478541851813261
33764.44,KDPP,10346,11609,654571,0,geod_dist_to_target,8,0.35877899440829847
33764.44,KDPP,10346,10346,654571,0,geod_dist_to_target,9,0.0
33764.44,KDPP,10346,10346,654571,0,geod_dist_to_target,10,0.0
33764.44,KDPP,10346,11609,654571,0,geod_dist_to_target,11,0.35877899440829847
33764.44,KDPP,10346,11609,654571,0,geod_dist_to_target,12,0.35877899440829847
33764.44,KDPP,10346,11609,654571,0,geod_dist_to_target,13,0.35877899440829847
33764.44,KDPP,10346,10346,654571,0,geod_dist_to_target,14,0.0
33764.44,KDPP,10346,10346,654571,0,geod_dist_to_target,15,0.0
33764.44,KDPP,10346,10346,654571,0,geod_dist_to_target,16,0.0
33764.44,KDPP,10346,10346,654571,0,geod_dist_to_target,17,0.0
33764.44,KDPP,10346,6827,654571,0,geod_dist_to_target,18,0.478541851813261
33764.44,KDPP,10346,6827,654571,0,geod_dist_to_target,19,0.478541851813261
33764.44,KDPP,10346,10346,654571,0,geod_dist_to_target,20,0.0
33764.44,KDPP,10346,11609,654571,0,geod_dist_to_target,22,0.35877899440829847
33764.44,KDPP,10346,11609,654571,0,geod_dist_to_target,24,0.35877899440829847
33764.44,KDPP,10346,11609,654571,0,geod_dist_to_target,26,0.35877899440829847
33764.44,KDPP,10346,11609,654571,0,geod_dist_to_target,28,0.35877899440829847
33764.44,KDPP,10346,11609,654571,0,geod_dist_to_target,30,0.35877899440829847
33764.44,KDPP,10346,11609,654571,0,geod_dist_to_target,32,0.35877899440829847
33764.44,KDPP,10346,10346,654571,0,geod_dist_to_target,34,0.0
33764.44,KDPP,10346,10346,654571,0,geod_dist_to_target,36,0.0
33764.44,KDPP,10346,10346,654571,0,geod_dist_to_target,38,0.0
33764.44,KDPP,10346,11609,654571,0,geod_dist_to_target,40,0.35877899440829847
33764.44,KDPP,10346,11609,654571,0,geod_dist_to_target,42,0.35877899440829847
33764.44,KDPP,10346,11609,654571,0,geod_dist_to_target,44,0.35877899440829847
33764.44,KDPP,10346,11609,654571,0,geod_dist_to_target,46,0.35877899440829847
33764.44,KDPP,10346,10346,654571,0,geod_dist_to_target,48,0.0
33764.44,KDPP,10346,11609,654571,0,geod_dist_to_target,50,0.35877899440829847
33764.44,KDPP,10346,11609,654571,0,geod_dist_to_target,55,0.35877899440829847
33764.44,KDPP,10346,11609,654571,0,geod_dist_to_target,60,0.35877899440829847
33764.44,KDPP,10346,11609,654571,0,geod_dist_to_target,65,0.35877899440829847
33764.44,KDPP,10346,11609,654571,0,geod_dist_to_target,70,0.35877899440829847
33764.44,KDPP,10346,6827,654571,0,geod_dist_to_target,75,0.478541851813261
33764.44,KDPP,10346,10346,654571,0,geod_dist_to_target,80,0.0
33764.44,KDPP,10346,10346,654571,0,geod_dist_to_target,85,0.0
33764.44,KDPP,10346,10346,654571,0,geod_dist_to_target,90,0.0
33764.44,KDPP,10346,10346,654571,0,geod_dist_to_target,95,0.0
33764.44,KDPP,10346,10346,654571,0,geod_dist_to_target,100,0.0
33764.44,KDPP,10346,6758,438878,0,geod_dist_to_target,5,10.512834507405485
33764.44,KDPP,10346,1381,438878,0,geod_dist_to_target,6,0.24177044035433656
33764.44,KDPP,10346,1381,438878,0,geod_dist_to_target,7,0.24177044035433656
33764.44,KDPP,10346,9793,438878,0,geod_dist_to_target,8,0.5199353472514789
33764.44,KDPP,10346,1381,438878,0,geod_dist_to_target,9,0.24177044035433656
33764.44,KDPP,10346,1381,438878,0,geod_dist_to_target,10,0.24177044035433656
33764.44,KDPP,10346,1381,438878,0,geod_dist_to_target,11,0.24177044035433656
33764.44,KDPP,10346,1381,438878,0,geod_dist_to_target,12,0.24177044035433656
33764.44,KDPP,10346,1381,438878,0,geod_dist_to_target,13,0.24177044035433656
33764.44,KDPP,10346,10346,438878,0,geod_dist_to_target,14,0.0
33764.44,KDPP,10346,10346,438878,0,geod_dist_to_target,15,0.0
33764.44,KDPP,10346,10346,438878,0,geod_dist_to_target,16,0.0
33764.44,KDPP,10346,10346,438878,0,geod_dist_to_target,17,0.0
33764.44,KDPP,10346,10346,438878,0,geod_dist_to_target,18,0.0
33764.44,KDPP,10346,10346,438878,0,geod_dist_to_target,19,0.0
33764.44,KDPP,10346,10346,438878,0,geod_dist_to_target,20,0.0
33764.44,KDPP,10346,10346,438878,0,geod_dist_to_target,22,0.0
33764.44,KDPP,10346,6827,438878,0,geod_dist_to_target,24,0.478541851813261
33764.44,KDPP,10346,1381,438878,0,geod_dist_to_target,26,0.24177044035433656
33764.44,KDPP,10346,1381,438878,0,geod_dist_to_target,28,0.24177044035433656
33764.44,KDPP,10346,1381,438878,0,geod_dist_to_target,30,0.24177044035433656
33764.44,KDPP,10346,1381,438878,0,geod_dist_to_target,32,0.24177044035433656
33764.44,KDPP,10346,1381,438878,0,geod_dist_to_target,34,0.24177044035433656
33764.44,KDPP,10346,1381,438878,0,geod_dist_to_target,36,0.24177044035433656
33764.44,KDPP,10346,10346,438878,0,geod_dist_to_target,38,0.0
33764.44,KDPP,10346,10346,438878,0,geod_dist_to_target,40,0.0
33764.44,KDPP,10346,6845,438878,0,geod_dist_to_target,42,0.2505287899723362
33764.44,KDPP,10346,6845,438878,0,geod_dist_to_target,44,0.2505287899723362
33764.44,KDPP,10346,10346,438878,0,geod_dist_to_target,46,0.0
33764.44,KDPP,10346,12482,438878,0,geod_dist_to_target,48,0.5363487259966152
33764.44,KDPP,10346,6845,438878,0,geod_dist_to_target,50,0.2505287899723362
33764.44,KDPP,10346,10346,438878,0,geod_dist_to_target,55,0.0
33764.44,KDPP,10346,10346,438878,0,geod_dist_to_target,60,0.0
33764.44,KDPP,10346,6845,438878,0,geod_dist_to_target,65,0.2505287899723362
33764.44,KDPP,10346,6845,438878,0,geod_dist_to_target,70,0.2505287899723362
33764.44,KDPP,10346,12482,438878,0,geod_dist_to_target,75,0.5363487259966152
33764.44,KDPP,10346,12482,438878,0,geod_dist_to_target,80,0.5363487259966152
33764.44,KDPP,10346,12482,438878,0,geod_dist_to_target,85,0.5363487259966152
33764.44,KDPP,10346,12482,438878,0,geod_dist_to_target,90,0.5363487259966152
33764.44,KDPP,10346,12482,438878,0,geod_dist_to_target,95,0.5363487259966152
33764.44,KDPP,10346,12482,438878,0,geod_dist_to_target,100,0.5363487259966152
33764.44,KDPP,10346,11162,433015,0,geod_dist_to_target,5,12.0813460618326
33764.44,KDPP,10346,1049,433015,0,geod_dist_to_target,6,2.4809464523205627
33764.44,KDPP,10346,6829,433015,0,geod_dist_to_target,7,2.1758425942326753
33764.44,KDPP,10346,3695,433015,0,geod_dist_to_target,8,1.784394347259849
33764.44,KDPP,10346,6824,433015,0,geod_dist_to_target,9,0.557773902280137
33764.44,KDPP,10346,8711,433015,0,geod_dist_to_target,10,0.8096122752335942
33764.44,KDPP,10346,1381,433015,0,geod_dist_to_target,11,0.24177044035433656
33764.44,KDPP,10346,1381,433015,0,geod_dist_to_target,12,0.24177044035433656
33764.44,KDPP,10346,6827,433015,0,geod_dist_to_target,13,0.478541851813261
33764.44,KDPP,10346,1381,433015,0,geod_dist_to_target,14,0.24177044035433656
33764.44,KDPP,10346,1381,433015,0,geod_dist_to_target,15,0.24177044035433656
33764.44,KDPP,10346,1381,433015,0,geod_dist_to_target,16,0.24177044035433656
33764.44,KDPP,10346,1381,433015,0,geod_dist_to_target,17,0.24177044035433656
33764.44,KDPP,10346,1396,433015,0,geod_dist_to_target,18,0.499481213365009
33764.44,KDPP,10346,1396,433015,0,geod_dist_to_target,19,0.499481213365009
33764.44,KDPP,10346,1381,433015,0,geod_dist_to_target,20,0.24177044035433656
33764.44,KDPP,10346,1396,433015,0,geod_dist_to_target,22,0.499481213365009
33764.44,KDPP,10346,1396,433015,0,geod_dist_to_target,24,0.499481213365009
33764.44,KDPP,10346,1381,433015,0,geod_dist_to_target,26,0.24177044035433656
33764.44,KDPP,10346,1381,433015,0,geod_dist_to_target,28,0.24177044035433656
33764.44,KDPP,10346,10346,433015,0,geod_dist_to_target,30,0.0
33764.44,KDPP,10346,10346,433015,0,geod_dist_to_target,32,0.0
33764.44,KDPP,10346,6827,433015,0,geod_dist_to_target,34,0.478541851813261
33764.44,KDPP,10346,6827,433015,0,geod_dist_to_target,36,0.478541851813261
33764.44,KDPP,10346,6827,433015,0,geod_dist_to_target,38,0.478541851813261
33764.44,KDPP,10346,6827,433015,0,geod_dist_to_target,40,0.478541851813261
33764.44,KDPP,10346,6827,433015,0,geod_dist_to_target,42,0.478541851813261
33764.44,KDPP,10346,6827,433015,0,geod_dist_to_target,44,0.478541851813261
33764.44,KDPP,10346,6827,433015,0,geod_dist_to_target,46,0.478541851813261
33764.44,KDPP,10346,6824,433015,0,geod_dist_to_target,48,0.557773902280137
33764.44,KDPP,10346,6824,433015,0,geod_dist_to_target,50,0.557773902280137
33764.44,KDPP,10346,1381,433015,0,geod_dist_to_target,55,0.24177044035433656
33764.44,KDPP,10346,1381,433015,0,geod_dist_to_target,60,0.24177044035433656
33764.44,KDPP,10346,1381,433015,0,geod_dist_to_target,65,0.24177044035433656
33764.44,KDPP,10346,1381,433015,0,geod_dist_to_target,70,0.24177044035433656
33764.44,KDPP,10346,1381,433015,0,geod_dist_to_target,75,0.24177044035433656
33764.44,KDPP,10346,1381,433015,0,geod_dist_to_target,80,0.24177044035433656
33764.44,KDPP,10346,1381,433015,0,geod_dist_to_target,85,0.24177044035433656
33764.44,KDPP,10346,1381,433015,0,geod_dist_to_target,90,0.24177044035433656
33764.44,KDPP,10346,1381,433015,0,geod_dist_to_target,95,0.24177044035433656
33764.44,KDPP,10346,1381,433015,0,geod_dist_to_target,100,0.24177044035433656
33764.44,KDPP,10346,9313,858597,0,geod_dist_to_target,5,18.50747248719593
33764.44,KDPP,10346,12314,858597,0,geod_dist_to_target,6,17.92258646254711
33764.44,KDPP,10346,3556,858597,0,geod_dist_to_target,7,1.8737265696698673
33764.44,KDPP,10346,2401,858597,0,geod_dist_to_target,8,1.349380741557188
33764.44,KDPP,10346,2401,858597,0,geod_dist_to_target,9,1.349380741557188
33764.44,KDPP,10346,11673,858597,0,geod_dist_to_target,10,2.0130458040050723
33764.44,KDPP,10346,11313,858597,0,geod_dist_to_target,11,1.6515691829436927
33764.44,KDPP,10346,11313,858597,0,geod_dist_to_target,12,1.6515691829436927
33764.44,KDPP,10346,11313,858597,0,geod_dist_to_target,13,1.6515691829436927
33764.44,KDPP,10346,11313,858597,0,geod_dist_to_target,14,1.6515691829436927
33764.44,KDPP,10346,11313,858597,0,geod_dist_to_target,15,1.6515691829436927
33764.44,KDPP,10346,11313,858597,0,geod_dist_to_target,16,1.6515691829436927
33764.44,KDPP,10346,11313,858597,0,geod_dist_to_target,17,1.6515691829436927
33764.44,KDPP,10346,11313,858597,0,geod_dist_to_target,18,1.6515691829436927
33764.44,KDPP,10346,11313,858597,0,geod_dist_to_target,19,1.6515691829436927
33764.44,KDPP,10346,11313,858597,0,geod_dist_to_target,20,1.6515691829436927
33764.44,KDPP,10346,11606,858597,0,geod_dist_to_target,22,1.2050480948774986
33764.44,KDPP,10346,11313,858597,0,geod_dist_to_target,24,1.6515691829436927
33764.44,KDPP,10346,11313,858597,0,geod_dist_to_target,26,1.6515691829436927
33764.44,KDPP,10346,11313,858597,0,geod_dist_to_target,28,1.6515691829436927
33764.44,KDPP,10346,11313,858597,0,geod_dist_to_target,30,1.6515691829436927
33764.44,KDPP,10346,3429,858597,0,geod_dist_to_target,32,1.086999607447876
33764.44,KDPP,10346,3429,858597,0,geod_dist_to_target,34,1.086999607447876
33764.44,KDPP,10346,3429,858597,0,geod_dist_to_target,36,1.086999607447876
33764.44,KDPP,10346,3429,858597,0,geod_dist_to_target,38,1.086999607447876
33764.44,KDPP,10346,3429,858597,0,geod_dist_to_target,40,1.086999607447876
33764.44,KDPP,10346,3429,858597,0,geod_dist_to_target,42,1.086999607447876
33764.44,KDPP,10346,10925,858597,0,geod_dist_to_target,44,0.8525375586862483
33764.44,KDPP,10346,3429,858597,0,geod_dist_to_target,46,1.086999607447876
33764.44,KDPP,10346,1396,858597,0,geod_dist_to_target,48,0.499481213365009
33764.44,KDPP,10346,1396,858597,0,geod_dist_to_target,50,0.499481213365009
33764.44,KDPP,10346,10925,858597,0,geod_dist_to_target,55,0.8525375586862483
33764.44,KDPP,10346,1396,858597,0,geod_dist_to_target,60,0.499481213365009
33764.44,KDPP,10346,1396,858597,0,geod_dist_to_target,65,0.499481213365009
33764.44,KDPP,10346,1396,858597,0,geod_dist_to_target,70,0.499481213365009
33764.44,KDPP,10346,1396,858597,0,geod_dist_to_target,75,0.499481213365009
33764.44,KDPP,10346,1381,858597,0,geod_dist_to_target,80,0.24177044035433656
33764.44,KDPP,10346,1381,858597,0,geod_dist_to_target,85,0.24177044035433656
33764.44,KDPP,10346,1381,858597,0,geod_dist_to_target,90,0.24177044035433656
33764.44,KDPP,10346,1381,858597,0,geod_dist_to_target,95,0.24177044035433656
33764.44,KDPP,10346,1381,858597,0,geod_dist_to_target,100,0.24177044035433656
33764.44,KDPP,10346,544,85945,0,geod_dist_to_target,5,17.974030676331967
33764.44,KDPP,10346,3556,85945,0,geod_dist_to_target,6,1.8737265696698673
33764.44,KDPP,10346,3556,85945,0,geod_dist_to_target,7,1.8737265696698673
33764.44,KDPP,10346,1715,85945,0,geod_dist_to_target,8,1.3191508414737025
33764.44,KDPP,10346,11242,85945,0,geod_dist_to_target,9,1.8625423113052124
33764.44,KDPP,10346,11242,85945,0,geod_dist_to_target,10,1.8625423113052124
33764.44,KDPP,10346,11242,85945,0,geod_dist_to_target,11,1.8625423113052124
33764.44,KDPP,10346,11242,85945,0,geod_dist_to_target,12,1.8625423113052124
33764.44,KDPP,10346,11242,85945,0,geod_dist_to_target,13,1.8625423113052124
33764.44,KDPP,10346,11242,85945,0,geod_dist_to_target,14,1.8625423113052124
33764.44,KDPP,10346,11242,85945,0,geod_dist_to_target,15,1.8625423113052124
33764.44,KDPP,10346,11242,85945,0,geod_dist_to_target,16,1.8625423113052124
33764.44,KDPP,10346,11242,85945,0,geod_dist_to_target,17,1.8625423113052124
33764.44,KDPP,10346,11242,85945,0,geod_dist_to_target,18,1.8625423113052124
33764.44,KDPP,10346,11242,85945,0,geod_dist_to_target,19,1.8625423113052124
33764.44,KDPP,10346,11242,85945,0,geod_dist_to_target,20,1.8625423113052124
33764.44,KDPP,10346,11242,85945,0,geod_dist_to_target,22,1.8625423113052124
33764.44,KDPP,10346,11242,85945,0,geod_dist_to_target,24,1.8625423113052124
33764.44,KDPP,10346,11242,85945,0,geod_dist_to_target,26,1.8625423113052124
33764.44,KDPP,10346,11242,85945,0,geod_dist_to_target,28,1.8625423113052124
33764.44,KDPP,10346,11313,85945,0,geod_dist_to_target,30,1.6515691829436927
33764.44,KDPP,10346,11313,85945,0,geod_dist_to_target,32,1.6515691829436927
33764.44,KDPP,10346,3429,85945,0,geod_dist_to_target,34,1.086999607447876
33764.44,KDPP,10346,3429,85945,0,geod_dist_to_target,36,1.086999607447876
33764.44,KDPP,10346,11313,85945,0,geod_dist_to_target,38,1.6515691829436927
33764.44,KDPP,10346,11313,85945,0,geod_dist_to_target,40,1.6515691829436927
33764.44,KDPP,10346,11313,85945,0,geod_dist_to_target,42,1.6515691829436927
33764.44,KDPP,10346,11313,85945,0,geod_dist_to_target,44,1.6515691829436927
33764.44,KDPP,10346,11313,85945,0,geod_dist_to_target,46,1.6515691829436927
33764.44,KDPP,10346,11313,85945,0,geod_dist_to_target,48,1.6515691829436927
33764.44,KDPP,10346,12482,85945,0,geod_dist_to_target,50,0.5363487259966152
33764.44,KDPP,10346,12482,85945,0,geod_dist_to_target,55,0.5363487259966152
33764.44,KDPP,10346,10346,85945,0,geod_dist_to_target,60,0.0
33764.44,KDPP,10346,10346,85945,0,geod_dist_to_target,65,0.0
33764.44,KDPP,10346,12482,85945,0,geod_dist_to_target,70,0.5363487259966152
33764.44,KDPP,10346,10346,85945,0,geod_dist_to_target,75,0.0
33764.44,KDPP,10346,6845,85945,0,geod_dist_to_target,80,0.2505287899723362
33764.44,KDPP,10346,12482,85945,0,geod_dist_to_target,85,0.5363487259966152
33764.44,KDPP,10346,6845,85945,0,geod_dist_to_target,90,0.2505287899723362
33764.44,KDPP,10346,6845,85945,0,geod_dist_to_target,95,0.2505287899723362
33764.44,KDPP,10346,12482,85945,0,geod_dist_to_target,100,0.5363487259966152
33764.44,KDPP,10346,7322,697368,0,geod_dist_to_target,5,19.7487116882465
33764.44,KDPP,10346,12651,697368,0,geod_dist_to_target,6,14.492696906096086
33764.44,KDPP,10346,7202,697368,0,geod_dist_to_target,7,0.8209300398068843
33764.44,KDPP,10346,573,697368,0,geod_dist_to_target,8,0.43094694190624044
33764.44,KDPP,10346,6845,697368,0,geod_dist_to_target,9,0.2505287899723362
33764.44,KDPP,10346,6845,697368,0,geod_dist_to_target,10,0.2505287899723362
33764.44,KDPP,10346,12482,697368,0,geod_dist_to_target,11,0.5363487259966152
33764.44,KDPP,10346,12482,697368,0,geod_dist_to_target,12,0.5363487259966152
33764.44,KDPP,10346,12482,697368,0,geod_dist_to_target,13,0.5363487259966152
33764.44,KDPP,10346,12482,697368,0,geod_dist_to_target,14,0.5363487259966152
33764.44,KDPP,10346,7183,697368,0,geod_dist_to_target,15,1.0074535587474773
33764.44,KDPP,10346,7183,697368,0,geod_dist_to_target,16,1.0074535587474773
33764.44,KDPP,10346,11606,697368,0,geod_dist_to_target,17,1.2050480948774986
33764.44,KDPP,10346,11606,697368,0,geod_dist_to_target,18,1.2050480948774986
33764.44,KDPP,10346,11606,697368,0,geod_dist_to_target,19,1.2050480948774986
33764.44,KDPP,10346,11606,697368,0,geod_dist_to_target,20,1.2050480948774986
33764.44,KDPP,10346,11606,697368,0,geod_dist_to_target,22,1.2050480948774986
33764.44,KDPP,10346,3526,697368,0,geod_dist_to_target,24,1.8246709417877804
33764.44,KDPP,10346,2278,697368,0,geod_dist_to_target,26,2.3243262180125797
33764.44,KDPP,10346,3425,697368,0,geod_dist_to_target,28,1.574472945560964
33764.44,KDPP,10346,3425,697368,0,geod_dist_to_target,30,1.574472945560964
33764.44,KDPP,10346,11606,697368,0,geod_dist_to_target,32,1.2050480948774986
33764.44,KDPP,10346,11606,697368,0,geod_dist_to_target,34,1.2050480948774986
33764.44,KDPP,10346,11606,697368,0,geod_dist_to_target,36,1.2050480948774986
33764.44,KDPP,10346,11606,697368,0,geod_dist_to_target,38,1.2050480948774986
33764.44,KDPP,10346,12482,697368,0,geod_dist_to_target,40,0.5363487259966152
33764.44,KDPP,10346,12482,697368,0,geod_dist_to_target,42,0.5363487259966152
33764.44,KDPP,10346,12482,697368,0,geod_dist_to_target,44,0.5363487259966152
33764.44,KDPP,10346,12482,697368,0,geod_dist_to_target,46,0.5363487259966152
33764.44,KDPP,10346,1396,697368,0,geod_dist_to_target,48,0.499481213365009
33764.44,KDPP,10346,1396,697368,0,geod_dist_to_target,50,0.499481213365009
33764.44,KDPP,10346,12482,697368,0,geod_dist_to_target,55,0.5363487259966152
33764.44,KDPP,10346,12482,697368,0,geod_dist_to_target,60,0.5363487259966152
33764.44,KDPP,10346,12482,697368,0,geod_dist_to_target,65,0.5363487259966152
33764.44,KDPP,10346,12482,697368,0,geod_dist_to_target,70,0.5363487259966152
33764.44,KDPP,10346,12482,697368,0,geod_dist_to_target,75,0.5363487259966152
33764.44,KDPP,10346,1396,697368,0,geod_dist_to_target,80,0.499481213365009
33764.44,KDPP,10346,1381,697368,0,geod_dist_to_target,85,0.24177044035433656
33764.44,KDPP,10346,10346,697368,0,geod_dist_to_target,90,0.0
33764.44,KDPP,10346,10346,697368,0,geod_dist_to_target,95,0.0
33764.44,KDPP,10346,1381,697368,0,geod_dist_to_target,100,0.24177044035433656
33764.44,KDPP,10346,2928,201469,0,geod_dist_to_target,5,1.1141689742894796
33764.44,KDPP,10346,2669,201469,0,geod_dist_to_target,6,4.171460940211724
33764.44,KDPP,10346,174,201469,0,geod_dist_to_target,7,13.281884084323245
33764.44,KDPP,10346,174,201469,0,geod_dist_to_target,8,13.281884084323245
33764.44,KDPP,10346,3312,201469,0,geod_dist_to_target,9,1.2594994155835524
33764.44,KDPP,10346,3312,201469,0,geod_dist_to_target,10,1.2594994155835524
33764.44,KDPP,10346,3312,201469,0,geod_dist_to_target,11,1.2594994155835524
33764.44,KDPP,10346,3312,201469,0,geod_dist_to_target,12,1.2594994155835524
33764.44,KDPP,10346,7183,201469,0,geod_dist_to_target,13,1.0074535587474773
33764.44,KDPP,10346,7183,201469,0,geod_dist_to_target,14,1.0074535587474773
33764.44,KDPP,10346,3312,201469,0,geod_dist_to_target,15,1.2594994155835524
33764.44,KDPP,10346,3312,201469,0,geod_dist_to_target,16,1.2594994155835524
33764.44,KDPP,10346,3312,201469,0,geod_dist_to_target,17,1.2594994155835524
33764.44,KDPP,10346,3312,201469,0,geod_dist_to_target,18,1.2594994155835524
33764.44,KDPP,10346,7183,201469,0,geod_dist_to_target,19,1.0074535587474773
33764.44,KDPP,10346,7183,201469,0,geod_dist_to_target,20,1.0074535587474773
33764.44,KDPP,10346,7183,201469,0,geod_dist_to_target,22,1.0074535587474773
33764.44,KDPP,10346,6845,201469,0,geod_dist_to_target,24,0.2505287899723362
33764.44,KDPP,10346,6845,201469,0,geod_dist_to_target,26,0.2505287899723362
33764.44,KDPP,10346,6845,201469,0,geod_dist_to_target,28,0.2505287899723362
33764.44,KDPP,10346,6845,201469,0,geod_dist_to_target,30,0.2505287899723362
33764.44,KDPP,10346,6845,201469,0,geod_dist_to_target,32,0.2505287899723362
33764.44,KDPP,10346,6845,201469,0,geod_dist_to_target,34,0.2505287899723362
33764.44,KDPP,10346,6845,201469,0,geod_dist_to_target,36,0.2505287899723362
33764.44,KDPP,10346,6845,201469,0,geod_dist_to_target,38,0.2505287899723362
33764.44,KDPP,10346,6845,201469,0,geod_dist_to_target,40,0.2505287899723362
33764.44,KDPP,10346,6845,201469,0,geod_dist_to_target,42,0.2505287899723362
33764.44,KDPP,10346,6845,201469,0,geod_dist_to_target,44,0.2505287899723362
33764.44,KDPP,10346,6845,201469,0,geod_dist_to_target,46,0.2505287899723362
33764.44,KDPP,10346,6845,201469,0,geod_dist_to_target,48,0.2505287899723362
33764.44,KDPP,10346,6845,201469,0,geod_dist_to_target,50,0.2505287899723362
33764.44,KDPP,10346,1342,201469,0,geod_dist_to_target,55,0.196240604520838
33764.44,KDPP,10346,1342,201469,0,geod_dist_to_target,60,0.196240604520838
33764.44,KDPP,10346,1342,201469,0,geod_dist_to_target,65,0.196240604520838
33764.44,KDPP,10346,1342,201469,0,geod_dist_to_target,70,0.196240604520838
33764.44,KDPP,10346,1342,201469,0,geod_dist_to_target,75,0.196240604520838
33764.44,KDPP,10346,1342,201469,0,geod_dist_to_target,80,0.196240604520838
33764.44,KDPP,10346,1342,201469,0,geod_dist_to_target,85,0.196240604520838
33764.44,KDPP,10346,1342,201469,0,geod_dist_to_target,90,0.196240604520838
33764.44,KDPP,10346,1342,201469,0,geod_dist_to_target,95,0.196240604520838
33764.44,KDPP,10346,1342,201469,0,geod_dist_to_target,100,0.196240604520838
33764.44,KDPP,10346,8800,94177,0,geod_dist_to_target,5,23.379396867481603
33764.44,KDPP,10346,2885,94177,0,geod_dist_to_target,6,0.9735226863148854
33764.44,KDPP,10346,6822,94177,0,geod_dist_to_target,7,1.1780894329130376
33764.44,KDPP,10346,12445,94177,0,geod_dist_to_target,8,0.49182618423787233
33764.44,KDPP,10346,1381,94177,0,geod_dist_to_target,9,0.24177044035433656
33764.44,KDPP,10346,1381,94177,0,geod_dist_to_target,10,0.24177044035433656
33764.44,KDPP,10346,1381,94177,0,geod_dist_to_target,11,0.24177044035433656
33764.44,KDPP,10346,1381,94177,0,geod_dist_to_target,12,0.24177044035433656
33764.44,KDPP,10346,6827,94177,0,geod_dist_to_target,13,0.478541851813261
33764.44,KDPP,10346,6827,94177,0,geod_dist_to_target,14,0.478541851813261
33764.44,KDPP,10346,6827,94177,0,geod_dist_to_target,15,0.478541851813261
33764.44,KDPP,10346,6827,94177,0,geod_dist_to_target,16,0.478541851813261
33764.44,KDPP,10346,6827,94177,0,geod_dist_to_target,17,0.478541851813261
33764.44,KDPP,10346,6827,94177,0,geod_dist_to_target,18,0.478541851813261
33764.44,KDPP,10346,6824,94177,0,geod_dist_to_target,19,0.557773902280137
33764.44,KDPP,10346,6824,94177,0,geod_dist_to_target,20,0.557773902280137
33764.44,KDPP,10346,6824,94177,0,geod_dist_to_target,22,0.557773902280137
33764.44,KDPP,10346,1381,94177,0,geod_dist_to_target,24,0.24177044035433656
33764.44,KDPP,10346,1381,94177,0,geod_dist_to_target,26,0.24177044035433656
33764.44,KDPP,10346,10346,94177,0,geod_dist_to_target,28,0.0
33764.44,KDPP,10346,1381,94177,0,geod_dist_to_target,30,0.24177044035433656
33764.44,KDPP,10346,1396,94177,0,geod_dist_to_target,32,0.499481213365009
33764.44,KDPP,10346,1381,94177,0,geod_dist_to_target,34,0.24177044035433656
33764.44,KDPP,10346,1381,94177,0,geod_dist_to_target,36,0.24177044035433656
33764.44,KDPP,10346,1381,94177,0,geod_dist_to_target,38,0.24177044035433656
33764.44,KDPP,10346,1381,94177,0,geod_dist_to_target,40,0.24177044035433656
33764.44,KDPP,10346,1381,94177,0,geod_dist_to_target,42,0.24177044035433656
33764.44,KDPP,10346,1381,94177,0,geod_dist_to_target,44,0.24177044035433656
33764.44,KDPP,10346,1381,94177,0,geod_dist_to_target,46,0.24177044035433656
33764.44,KDPP,10346,1381,94177,0,geod_dist_to_target,48,0.24177044035433656
33764.44,KDPP,10346,1381,94177,0,geod_dist_to_target,50,0.24177044035433656
33764.44,KDPP,10346,6827,94177,0,geod_dist_to_target,55,0.478541851813261
33764.44,KDPP,10346,6827,94177,0,geod_dist_to_target,60,0.478541851813261
33764.44,KDPP,10346,6827,94177,0,geod_dist_to_target,65,0.478541851813261
33764.44,KDPP,10346,6827,94177,0,geod_dist_to_target,70,0.478541851813261
33764.44,KDPP,10346,6827,94177,0,geod_dist_to_target,75,0.478541851813261
33764.44,KDPP,10346,1381,94177,0,geod_dist_to_target,80,0.24177044035433656
33764.44,KDPP,10346,1381,94177,0,geod_dist_to_target,85,0.24177044035433656
33764.44,KDPP,10346,1381,94177,0,geod_dist_to_target,90,0.24177044035433656
33764.44,KDPP,10346,1381,94177,0,geod_dist_to_target,95,0.24177044035433656
33764.44,KDPP,10346,1381,94177,0,geod_dist_to_target,100,0.24177044035433656
