subject_id,experiment_name,hotspot_idx,current_hotspot_idx,realization_id,sequence_idx,score_type,sequence_length,score
33764.44,RANDOM,397,7151,89250,0,geod_dist_to_target,5,1.4470688997385839
33764.44,RANDOM,397,12142,89250,0,geod_dist_to_target,6,22.844148035773262
33764.44,RANDOM,397,6782,89250,0,geod_dist_to_target,7,13.978204524567838
33764.44,RANDOM,397,7140,89250,0,geod_dist_to_target,8,0.6709622571610145
33764.44,RANDOM,397,7319,89250,0,geod_dist_to_target,9,1.1951117575392998
33764.44,RANDOM,397,7319,89250,0,geod_dist_to_target,10,1.1951117575392998
33764.44,RANDOM,397,7319,89250,0,geod_dist_to_target,11,1.1951117575392998
33764.44,RANDOM,397,7319,89250,0,geod_dist_to_target,12,1.1951117575392998
33764.44,RANDOM,397,7319,89250,0,geod_dist_to_target,13,1.1951117575392998
33764.44,RANDOM,397,539,89250,0,geod_dist_to_target,14,0.38802320100673754
33764.44,RANDOM,397,539,89250,0,geod_dist_to_target,15,0.38802320100673754
33764.44,RANDOM,397,2839,89250,0,geod_dist_to_target,16,1.1587807197228432
33764.44,RANDOM,397,1416,89250,0,geod_dist_to_target,17,0.351149464224456
33764.44,RANDOM,397,1416,89250,0,geod_dist_to_target,18,0.351149464224456
33764.44,RANDOM,397,1416,89250,0,geod_dist_to_target,19,0.351149464224456
33764.44,RANDOM,397,1416,89250,0,geod_dist_to_target,20,0.351149464224456
33764.44,RANDOM,397,1416,89250,0,geod_dist_to_target,22,0.351149464224456
33764.44,RANDOM,397,1416,89250,0,geod_dist_to_target,24,0.351149464224456
33764.44,RANDOM,397,1416,89250,0,geod_dist_to_target,26,0.351149464224456
33764.44,RANDOM,397,397,89250,0,geod_dist_to_target,28,0.0
33764.44,RANDOM,397,397,89250,0,geod_dist_to_target,30,0.0
33764.44,RANDOM,397,397,89250,0,geod_dist_to_target,32,0.0
33764.44,RANDOM,397,9967,89250,0,geod_dist_to_target,34,0.31516748911608633
33764.44,RANDOM,397,9967,89250,0,geod_dist_to_target,36,0.31516748911608633
33764.44,RANDOM,397,9967,89250,0,geod_dist_to_target,38,0.31516748911608633
33764.44,RANDOM,397,6457,89250,0,geod_dist_to_target,40,6.5473238647469145
33764.44,RANDOM,397,6457,89250,0,geod_dist_to_target,42,6.5473238647469145
33764.44,RANDOM,397,6457,89250,0,geod_dist_to_target,44,6.5473238647469145
33764.44,RANDOM,397,7658,89250,0,geod_dist_to_target,46,6.985532909420818
33764.44,RANDOM,397,7658,89250,0,geod_dist_to_target,48,6.985532909420818
33764.44,RANDOM,397,1416,89250,0,geod_dist_to_target,50,0.351149464224456
33764.44,RANDOM,397,1416,89250,0,geod_dist_to_target,55,0.351149464224456
33764.44,RANDOM,397,1416,89250,0,geod_dist_to_target,60,0.351149464224456
33764.44,RANDOM,397,397,89250,0,geod_dist_to_target,65,0.0
33764.44,RANDOM,397,397,89250,0,geod_dist_to_target,70,0.0
33764.44,RANDOM,397,397,89250,0,geod_dist_to_target,75,0.0
33764.44,RANDOM,397,9967,89250,0,geod_dist_to_target,80,0.31516748911608633
33764.44,RANDOM,397,9967,89250,0,geod_dist_to_target,85,0.31516748911608633
33764.44,RANDOM,397,9967,89250,0,geod_dist_to_target,90,0.31516748911608633
33764.44,RANDOM,397,397,89250,0,geod_dist_to_target,95,0.0
33764.44,RANDOM,397,7297,89250,0,geod_dist_to_target,100,0.5673239166111407
33764.44,RANDOM,397,11498,773956,0,geod_dist_to_target,5,21.312716394614707
33764.44,RANDOM,397,6365,773956,0,geod_dist_to_target,6,25.466638806658366
33764.44,RANDOM,397,6639,773956,0,geod_dist_to_target,7,32.685955050126715
33764.44,RANDOM,397,6748,773956,0,geod_dist_to_target,8,28.742196341167286
33764.44,RANDOM,397,6748,773956,0,geod_dist_to_target,9,28.742196341167286
33764.44,RANDOM,397,6639,773956,0,geod_dist_to_target,10,32.685955050126715
33764.44,RANDOM,397,6639,773956,0,geod_dist_to_target,11,32.685955050126715
33764.44,RANDOM,397,6951,773956,0,geod_dist_to_target,12,1.4170568960083465
33764.44,RANDOM,397,6951,773956,0,geod_dist_to_target,13,1.4170568960083465
33764.44,RANDOM,397,6951,773956,0,geod_dist_to_target,14,1.4170568960083465
33764.44,RANDOM,397,6951,773956,0,geod_dist_to_target,15,1.4170568960083465
33764.44,RANDOM,397,8647,773956,0,geod_dist_to_target,16,20.41679148471808
33764.44,RANDOM,397,2739,773956,0,geod_dist_to_target,17,1.6444751456512405
33764.44,RANDOM,397,2739,773956,0,geod_dist_to_target,18,1.6444751456512405
33764.44,RANDOM,397,2739,773956,0,geod_dist_to_target,19,1.6444751456512405
33764.44,RANDOM,397,6951,773956,0,geod_dist_to_target,20,1.4170568960083465
33764.44,RANDOM,397,2739,773956,0,geod_dist_to_target,22,1.6444751456512405
33764.44,RANDOM,397,2739,773956,0,geod_dist_to_target,24,1.6444751456512405
33764.44,RANDOM,397,1103,773956,0,geod_dist_to_target,26,1.362453161382825
33764.44,RANDOM,397,1103,773956,0,geod_dist_to_target,28,1.362453161382825
33764.44,RANDOM,397,2739,773956,0,geod_dist_to_target,30,1.6444751456512405
33764.44,RANDOM,397,2739,773956,0,geod_dist_to_target,32,1.6444751456512405
33764.44,RANDOM,397,1103,773956,0,geod_dist_to_target,34,1.362453161382825
33764.44,RANDOM,397,2739,773956,0,geod_dist_to_target,36,1.6444751456512405
33764.44,RANDOM,397,2739,773956,0,geod_dist_to_target,38,1.6444751456512405
33764.44,RANDOM,397,2739,773956,0,geod_dist_to_target,40,1.6444751456512405
33764.44,RANDOM,397,2739,773956,0,geod_dist_to_target,42,1.6444751456512405
33764.44,RANDOM,397,2739,773956,0,geod_dist_to_target,44,1.6444751456512405
33764.44,RANDOM,397,2739,773956,0,geod_dist_to_target,46,1.6444751456512405
33764.44,RANDOM,397,2739,773956,0,geod_dist_to_target,48,1.6444751456512405
33764.44,RANDOM,397,2739,773956,0,geod_dist_to_target,50,1.6444751456512405
33764.44,RANDOM,397,2739,773956,0,geod_dist_to_target,55,1.6444751456512405
33764.44,RANDOM,397,1416,773956,0,geod_dist_to_target,60,0.351149464224456
33764.44,RANDOM,397,1103,773956,0,geod_dist_to_target,65,1.362453161382825
33764.44,RANDOM,397,1103,773956,0,geod_dist_to_target,70,1.362453161382825
33764.44,RANDOM,397,6953,773956,0,geod_dist_to_target,75,0.7017060632010518
33764.44,RANDOM,397,6953,773956,0,geod_dist_to_target,80,0.7017060632010518
33764.44,RANDOM,397,6953,773956,0,geod_dist_to_target,85,0.7017060632010518
33764.44,RANDOM,397,6953,773956,0,geod_dist_to_target,90,0.7017060632010518
33764.44,RANDOM,397,1416,773956,0,geod_dist_to_target,95,0.351149464224456
33764.44,RANDOM,397,1416,773956,0,geod_dist_to_target,100,0.351149464224456
33764.44,RANDOM,397,9244,654571,0,geod_dist_to_target,5,14.652822164354662
33764.44,RANDOM,397,11168,654571,0,geod_dist_to_target,6,2.4598453850346824
33764.44,RANDOM,397,2663,654571,0,geod_dist_to_target,7,31.817708000577294
33764.44,RANDOM,397,2663,654571,0,geod_dist_to_target,8,31.817708000577294
33764.44,RANDOM,397,2663,654571,0,geod_dist_to_target,9,31.817708000577294
33764.44,RANDOM,397,6362,654571,0,geod_dist_to_target,10,25.06222938358619
33764.44,RANDOM,397,2739,654571,0,geod_dist_to_target,11,1.6444751456512405
33764.44,RANDOM,397,6362,654571,0,geod_dist_to_target,12,25.06222938358619
33764.44,RANDOM,397,6362,654571,0,geod_dist_to_target,13,25.06222938358619
33764.44,RANDOM,397,10361,654571,0,geod_dist_to_target,14,24.232509883395682
33764.44,RANDOM,397,10361,654571,0,geod_dist_to_target,15,24.232509883395682
33764.44,RANDOM,397,6309,654571,0,geod_dist_to_target,16,9.209626497761427
33764.44,RANDOM,397,3640,654571,0,geod_dist_to_target,17,6.6051159608917756
33764.44,RANDOM,397,7139,654571,0,geod_dist_to_target,18,0.2016504061378217
33764.44,RANDOM,397,6953,654571,0,geod_dist_to_target,19,0.7017060632010518
33764.44,RANDOM,397,1416,654571,0,geod_dist_to_target,20,0.351149464224456
33764.44,RANDOM,397,1416,654571,0,geod_dist_to_target,22,0.351149464224456
33764.44,RANDOM,397,1416,654571,0,geod_dist_to_target,24,0.351149464224456
33764.44,RANDOM,397,1416,654571,0,geod_dist_to_target,26,0.351149464224456
33764.44,RANDOM,397,4512,654571,0,geod_dist_to_target,28,0.7844783127633351
33764.44,RANDOM,397,4512,654571,0,geod_dist_to_target,30,0.7844783127633351
33764.44,RANDOM,397,9967,654571,0,geod_dist_to_target,32,0.31516748911608633
33764.44,RANDOM,397,9967,654571,0,geod_dist_to_target,34,0.31516748911608633
33764.44,RANDOM,397,9967,654571,0,geod_dist_to_target,36,0.31516748911608633
33764.44,RANDOM,397,9967,654571,0,geod_dist_to_target,38,0.31516748911608633
33764.44,RANDOM,397,9967,654571,0,geod_dist_to_target,40,0.31516748911608633
33764.44,RANDOM,397,9967,654571,0,geod_dist_to_target,42,0.31516748911608633
33764.44,RANDOM,397,397,654571,0,geod_dist_to_target,44,0.0
33764.44,RANDOM,397,397,654571,0,geod_dist_to_target,46,0.0
33764.44,RANDOM,397,397,654571,0,geod_dist_to_target,48,0.0
33764.44,RANDOM,397,397,654571,0,geod_dist_to_target,50,0.0
33764.44,RANDOM,397,397,654571,0,geod_dist_to_target,55,0.0
33764.44,RANDOM,397,397,654571,0,geod_dist_to_target,60,0.0
33764.44,RANDOM,397,397,654571,0,geod_dist_to_target,65,0.0
33764.44,RANDOM,397,397,654571,0,geod_dist_to_target,70,0.0
33764.44,RANDOM,397,397,654571,0,geod_dist_to_target,75,0.0
33764.44,RANDOM,397,9967,654571,0,geod_dist_to_target,80,0.31516748911608633
33764.44,RANDOM,397,397,654571,0,geod_dist_to_target,85,0.0
33764.44,RANDOM,397,9967,654571,0,geod_dist_to_target,90,0.31516748911608633
33764.44,RANDOM,397,397,654571,0,geod_dist_to_target,95,0.0
33764.44,RANDOM,397,397,654571,0,geod_dist_to_target,100,0.0
33764.44,RANDOM,397,6150,438878,0,geod_dist_to_target,5,29.76282867911043
33764.44,RANDOM,397,6376,438878,0,geod_dist_to_target,6,28.942526484037288
33764.44,RANDOM,397,6376,438878,0,geod_dist_to_target,7,28.942526484037288
33764.44,RANDOM,397,6376,438878,0,geod_dist_to_target,8,28.942526484037288
33764.44,RANDOM,397,6151,438878,0,geod_dist_to_target,9,29.977247684544906
33764.44,RANDOM,397,7145,438878,0,geod_dist_to_target,10,0.9154545139848457
33764.44,RANDOM,397,7145,438878,0,geod_dist_to_target,11,0.9154545139848457
33764.44,RANDOM,397,7145,438878,0,geod_dist_to_target,12,0.9154545139848457
33764.44,RANDOM,397,7145,438878,0,geod_dist_to_target,13,0.9154545139848457
33764.44,RANDOM,397,7145,438878,0,geod_dist_to_target,14,0.9154545139848457
33764.44,RANDOM,397,7145,438878,0,geod_dist_to_target,15,0.9154545139848457
33764.44,RANDOM,397,6440,438878,0,geod_dist_to_target,16,6.376125114151246
33764.44,RANDOM,397,6440,438878,0,geod_dist_to_target,17,6.376125114151246
33764.44,RANDOM,397,6442,438878,0,geod_dist_to_target,18,5.8858727686320185
33764.44,RANDOM,397,6442,438878,0,geod_dist_to_target,19,5.8858727686320185
33764.44,RANDOM,397,6442,438878,0,geod_dist_to_target,20,5.8858727686320185
33764.44,RANDOM,397,6954,438878,0,geod_dist_to_target,22,0.5369293938455116
33764.44,RANDOM,397,9979,438878,0,geod_dist_to_target,24,6.014952935772747
33764.44,RANDOM,397,9979,438878,0,geod_dist_to_target,26,6.014952935772747
33764.44,RANDOM,397,9979,438878,0,geod_dist_to_target,28,6.014952935772747
33764.44,RANDOM,397,9979,438878,0,geod_dist_to_target,30,6.014952935772747
33764.44,RANDOM,397,11715,438878,0,geod_dist_to_target,32,3.2127338995261803
33764.44,RANDOM,397,11715,438878,0,geod_dist_to_target,34,3.2127338995261803
33764.44,RANDOM,397,11715,438878,0,geod_dist_to_target,36,3.2127338995261803
33764.44,RANDOM,397,11715,438878,0,geod_dist_to_target,38,3.2127338995261803
33764.44,RANDOM,397,11715,438878,0,geod_dist_to_target,40,3.2127338995261803
33764.44,RANDOM,397,11715,438878,0,geod_dist_to_target,42,3.2127338995261803
33764.44,RANDOM,397,7658,438878,0,geod_dist_to_target,44,6.985532909420818
33764.44,RANDOM,397,7658,438878,0,geod_dist_to_target,46,6.985532909420818
33764.44,RANDOM,397,11715,438878,0,geod_dist_to_target,48,3.2127338995261803
33764.44,RANDOM,397,7658,438878,0,geod_dist_to_target,50,6.985532909420818
33764.44,RANDOM,397,6453,438878,0,geod_dist_to_target,55,7.961122152645068
33764.44,RANDOM,397,11715,438878,0,geod_dist_to_target,60,3.2127338995261803
33764.44,RANDOM,397,11715,438878,0,geod_dist_to_target,65,3.2127338995261803
33764.44,RANDOM,397,11715,438878,0,geod_dist_to_target,70,3.2127338995261803
33764.44,RANDOM,397,397,438878,0,geod_dist_to_target,75,0.0
33764.44,RANDOM,397,397,438878,0,geod_dist_to_target,80,0.0
33764.44,RANDOM,397,397,438878,0,geod_dist_to_target,85,0.0
33764.44,RANDOM,397,397,438878,0,geod_dist_to_target,90,0.0
33764.44,RANDOM,397,10355,438878,0,geod_dist_to_target,95,2.386924937642826
33764.44,RANDOM,397,397,438878,0,geod_dist_to_target,100,0.0
33764.44,RANDOM,397,7131,433015,0,geod_dist_to_target,5,0.6167848007875151
33764.44,RANDOM,397,7296,433015,0,geod_dist_to_target,6,1.3715240017554562
33764.44,RANDOM,397,10762,433015,0,geod_dist_to_target,7,1.016774986961489
33764.44,RANDOM,397,10762,433015,0,geod_dist_to_target,8,1.016774986961489
33764.44,RANDOM,397,10762,433015,0,geod_dist_to_target,9,1.016774986961489
33764.44,RANDOM,397,10762,433015,0,geod_dist_to_target,10,1.016774986961489
33764.44,RANDOM,397,10762,433015,0,geod_dist_to_target,11,1.016774986961489
33764.44,RANDOM,397,12643,433015,0,geod_dist_to_target,12,5.3666784602919435
33764.44,RANDOM,397,12643,433015,0,geod_dist_to_target,13,5.3666784602919435
33764.44,RANDOM,397,7296,433015,0,geod_dist_to_target,14,1.3715240017554562
33764.44,RANDOM,397,7296,433015,0,geod_dist_to_target,15,1.3715240017554562
33764.44,RANDOM,397,7296,433015,0,geod_dist_to_target,16,1.3715240017554562
33764.44,RANDOM,397,10762,433015,0,geod_dist_to_target,17,1.016774986961489
33764.44,RANDOM,397,7132,433015,0,geod_dist_to_target,18,0.5843784874771326
33764.44,RANDOM,397,7117,433015,0,geod_dist_to_target,19,1.0645707065278656
33764.44,RANDOM,397,7287,433015,0,geod_dist_to_target,20,1.4022651504558408
33764.44,RANDOM,397,7287,433015,0,geod_dist_to_target,22,1.4022651504558408
33764.44,RANDOM,397,10762,433015,0,geod_dist_to_target,24,1.016774986961489
33764.44,RANDOM,397,7132,433015,0,geod_dist_to_target,26,0.5843784874771326
33764.44,RANDOM,397,7296,433015,0,geod_dist_to_target,28,1.3715240017554562
33764.44,RANDOM,397,7132,433015,0,geod_dist_to_target,30,0.5843784874771326
33764.44,RANDOM,397,7132,433015,0,geod_dist_to_target,32,0.5843784874771326
33764.44,RANDOM,397,10762,433015,0,geod_dist_to_target,34,1.016774986961489
33764.44,RANDOM,397,10762,433015,0,geod_dist_to_target,36,1.016774986961489
33764.44,RANDOM,397,10762,433015,0,geod_dist_to_target,38,1.016774986961489
33764.44,RANDOM,397,10762,433015,0,geod_dist_to_target,40,1.016774986961489
33764.44,RANDOM,397,7297,433015,0,geod_dist_to_target,42,0.5673239166111407
33764.44,RANDOM,397,9967,433015,0,geod_dist_to_target,44,0.31516748911608633
33764.44,RANDOM,397,9967,433015,0,geod_dist_to_target,46,0.31516748911608633
33764.44,RANDOM,397,9967,433015,0,geod_dist_to_target,48,0.31516748911608633
33764.44,RANDOM,397,9967,433015,0,geod_dist_to_target,50,0.31516748911608633
33764.44,RANDOM,397,9967,433015,0,geod_dist_to_target,55,0.31516748911608633
33764.44,RANDOM,397,7297,433015,0,geod_dist_to_target,60,0.5673239166111407
33764.44,RANDOM,397,7297,433015,0,geod_dist_to_target,65,0.5673239166111407
33764.44,RANDOM,397,7297,433015,0,geod_dist_to_target,70,0.5673239166111407
33764.44,RANDOM,397,7297,433015,0,geod_dist_to_target,75,0.5673239166111407
33764.44,RANDOM,397,7297,433015,0,geod_dist_to_target,80,0.5673239166111407
33764.44,RANDOM,397,7297,433015,0,geod_dist_to_target,85,0.5673239166111407
33764.44,RANDOM,397,7297,433015,0,geod_dist_to_target,90,0.5673239166111407
33764.44,RANDOM,397,7297,433015,0,geod_dist_to_target,95,0.5673239166111407
33764.44,RANDOM,397,7297,433015,0,geod_dist_to_target,100,0.5673239166111407
33764.44,RANDOM,397,124,858597,0,geod_dist_to_target,5,23.23213480121937
33764.44,RANDOM,397,3563,858597,0,geod_dist_to_target,6,22.23977278013004
33764.44,RANDOM,397,5767,858597,0,geod_dist_to_target,7,18.541603200349503
33764.44,RANDOM,397,5767,858597,0,geod_dist_to_target,8,18.541603200349503
33764.44,RANDOM,397,185,858597,0,geod_dist_to_target,9,27.086180513814284
33764.44,RANDOM,397,6953,858597,0,geod_dist_to_target,10,0.7017060632010518
33764.44,RANDOM,397,7154,858597,0,geod_dist_to_target,11,2.0113030673105974
33764.44,RANDOM,397,6953,858597,0,geod_dist_to_target,12,0.7017060632010518
33764.44,RANDOM,397,6953,858597,0,geod_dist_to_target,13,0.7017060632010518
33764.44,RANDOM,397,7154,858597,0,geod_dist_to_target,14,2.0113030673105974
33764.44,RANDOM,397,7154,858597,0,geod_dist_to_target,15,2.0113030673105974
33764.44,RANDOM,397,7154,858597,0,geod_dist_to_target,16,2.0113030673105974
33764.44,RANDOM,397,11137,858597,0,geod_dist_to_target,17,4.684795917304666
33764.44,RANDOM,397,11135,858597,0,geod_dist_to_target,18,5.366105743528365
33764.44,RANDOM,397,6069,858597,0,geod_dist_to_target,19,4.872837304787834
33764.44,RANDOM,397,6069,858597,0,geod_dist_to_target,20,4.872837304787834
33764.44,RANDOM,397,10870,858597,0,geod_dist_to_target,22,5.247585917480245
33764.44,RANDOM,397,10870,858597,0,geod_dist_to_target,24,5.247585917480245
33764.44,RANDOM,397,2105,858597,0,geod_dist_to_target,26,2.422963314045468
33764.44,RANDOM,397,2105,858597,0,geod_dist_to_target,28,2.422963314045468
33764.44,RANDOM,397,2105,858597,0,geod_dist_to_target,30,2.422963314045468
33764.44,RANDOM,397,10870,858597,0,geod_dist_to_target,32,5.247585917480245
33764.44,RANDOM,397,10870,858597,0,geod_dist_to_target,34,5.247585917480245
33764.44,RANDOM,397,6442,858597,0,geod_dist_to_target,36,5.8858727686320185
33764.44,RANDOM,397,6442,858597,0,geod_dist_to_target,38,5.8858727686320185
33764.44,RANDOM,397,7154,858597,0,geod_dist_to_target,40,2.0113030673105974
33764.44,RANDOM,397,7154,858597,0,geod_dist_to_target,42,2.0113030673105974
33764.44,RANDOM,397,7154,858597,0,geod_dist_to_target,44,2.0113030673105974
33764.44,RANDOM,397,7154,858597,0,geod_dist_to_target,46,2.0113030673105974
33764.44,RANDOM,397,7154,858597,0,geod_dist_to_target,48,2.0113030673105974
33764.44,RANDOM,397,7154,858597,0,geod_dist_to_target,50,2.0113030673105974
33764.44,RANDOM,397,7154,858597,0,geod_dist_to_target,55,2.0113030673105974
33764.44,RANDOM,397,7154,858597,0,geod_dist_to_target,60,2.0113030673105974
33764.44,RANDOM,397,7154,858597,0,geod_dist_to_target,65,2.0113030673105974
33764.44,RANDOM,397,7154,858597,0,geod_dist_to_target,70,2.0113030673105974
33764.44,RANDOM,397,397,858597,0,geod_dist_to_target,75,0.0
33764.44,RANDOM,397,397,858597,0,geod_dist_to_target,80,0.0
33764.44,RANDOM,397,397,858597,0,geod_dist_to_target,85,0.0
33764.44,RANDOM,397,397,858597,0,geod_dist_to_target,90,0.0
33764.44,RANDOM,397,397,858597,0,geod_dist_to_target,95,0.0
33764.44,RANDOM,397,397,858597,0,geod_dist_to_target,100,0.0
33764.44,RANDOM,397,9148,85945,0,geod_dist_to_target,5,20.62000710291971
33764.44,RANDOM,397,9148,85945,0,geod_dist_to_target,6,20.62000710291971
33764.44,RANDOM,397,2941,85945,0,geod_dist_to_target,7,25.341845733803193
33764.44,RANDOM,397,2941,85945,0,geod_dist_to_target,8,25.341845733803193
33764.44,RANDOM,397,2941,85945,0,geod_dist_to_target,9,25.341845733803193
33764.44,RANDOM,397,471,85945,0,geod_dist_to_target,10,20.01477008524992
33764.44,RANDOM,397,6608,85945,0,geod_dist_to_target,11,4.834535056445998
33764.44,RANDOM,397,6951,85945,0,geod_dist_to_target,12,1.4170568960083465
33764.44,RANDOM,397,6951,85945,0,geod_dist_to_target,13,1.4170568960083465
33764.44,RANDOM,397,6951,85945,0,geod_dist_to_target,14,1.4170568960083465
33764.44,RANDOM,397,6951,85945,0,geod_dist_to_target,15,1.4170568960083465
33764.44,RANDOM,397,2739,85945,0,geod_dist_to_target,16,1.6444751456512405
33764.44,RANDOM,397,2739,85945,0,geod_dist_to_target,17,1.6444751456512405
33764.44,RANDOM,397,6954,85945,0,geod_dist_to_target,18,0.5369293938455116
33764.44,RANDOM,397,2839,85945,0,geod_dist_to_target,19,1.1587807197228432
33764.44,RANDOM,397,2839,85945,0,geod_dist_to_target,20,1.1587807197228432
33764.44,RANDOM,397,539,85945,0,geod_dist_to_target,22,0.38802320100673754
33764.44,RANDOM,397,2839,85945,0,geod_dist_to_target,24,1.1587807197228432
33764.44,RANDOM,397,7151,85945,0,geod_dist_to_target,26,1.4470688997385839
33764.44,RANDOM,397,6954,85945,0,geod_dist_to_target,28,0.5369293938455116
33764.44,RANDOM,397,7310,85945,0,geod_dist_to_target,30,0.6633170880691671
33764.44,RANDOM,397,539,85945,0,geod_dist_to_target,32,0.38802320100673754
33764.44,RANDOM,397,7139,85945,0,geod_dist_to_target,34,0.2016504061378217
33764.44,RANDOM,397,7139,85945,0,geod_dist_to_target,36,0.2016504061378217
33764.44,RANDOM,397,7139,85945,0,geod_dist_to_target,38,0.2016504061378217
33764.44,RANDOM,397,7139,85945,0,geod_dist_to_target,40,0.2016504061378217
33764.44,RANDOM,397,7139,85945,0,geod_dist_to_target,42,0.2016504061378217
33764.44,RANDOM,397,7139,85945,0,geod_dist_to_target,44,0.2016504061378217
33764.44,RANDOM,397,7309,85945,0,geod_dist_to_target,46,0.38037803191489017
33764.44,RANDOM,397,7139,85945,0,geod_dist_to_target,48,0.2016504061378217
33764.44,RANDOM,397,7139,85945,0,geod_dist_to_target,50,0.2016504061378217
33764.44,RANDOM,397,7309,85945,0,geod_dist_to_target,55,0.38037803191489017
33764.44,RANDOM,397,7308,85945,0,geod_dist_to_target,60,0.4308840532721227
33764.44,RANDOM,397,7139,85945,0,geod_dist_to_target,65,0.2016504061378217
33764.44,RANDOM,397,7308,85945,0,geod_dist_to_target,70,0.4308840532721227
33764.44,RANDOM,397,7308,85945,0,geod_dist_to_target,75,0.4308840532721227
33764.44,RANDOM,397,7308,85945,0,geod_dist_to_target,80,0.4308840532721227
33764.44,RANDOM,397,7308,85945,0,geod_dist_to_target,85,0.4308840532721227
33764.44,RANDOM,397,7308,85945,0,geod_dist_to_target,90,0.4308840532721227
33764.44,RANDOM,397,397,85945,0,geod_dist_to_target,95,0.0
33764.44,RANDOM,397,397,85945,0,geod_dist_to_target,100,0.0
33764.44,RANDOM,397,7458,697368,0,geod_dist_to_target,5,1.7287573494738266
33764.44,RANDOM,397,7327,697368,0,geod_dist_to_target,6,2.280475956819854
33764.44,RANDOM,397,1773,697368,0,geod_dist_to_target,7,19.60255365262766
33764.44,RANDOM,397,1773,697368,0,geod_dist_to_target,8,19.60255365262766
33764.44,RANDOM,397,5162,697368,0,geod_dist_to_target,9,19.696435755501724
33764.44,RANDOM,397,6297,697368,0,geod_dist_to_target,10,19.279633825114253
33764.44,RANDOM,397,7217,697368,0,geod_dist_to_target,11,14.446373386729844
33764.44,RANDOM,397,7217,697368,0,geod_dist_to_target,12,14.446373386729844
33764.44,RANDOM,397,7217,697368,0,geod_dist_to_target,13,14.446373386729844
33764.44,RANDOM,397,6297,697368,0,geod_dist_to_target,14,19.279633825114253
33764.44,RANDOM,397,2049,697368,0,geod_dist_to_target,15,2.208456955446009
33764.44,RANDOM,397,12066,697368,0,geod_dist_to_target,16,6.055001333448011
33764.44,RANDOM,397,11171,697368,0,geod_dist_to_target,17,15.318544144397118
33764.44,RANDOM,397,7327,697368,0,geod_dist_to_target,18,2.280475956819854
33764.44,RANDOM,397,3263,697368,0,geod_dist_to_target,19,6.422208274220114
33764.44,RANDOM,397,7327,697368,0,geod_dist_to_target,20,2.280475956819854
33764.44,RANDOM,397,7458,697368,0,geod_dist_to_target,22,1.7287573494738266
33764.44,RANDOM,397,7322,697368,0,geod_dist_to_target,24,1.715945768102592
33764.44,RANDOM,397,2924,697368,0,geod_dist_to_target,26,1.1796843833734636
33764.44,RANDOM,397,2924,697368,0,geod_dist_to_target,28,1.1796843833734636
33764.44,RANDOM,397,2924,697368,0,geod_dist_to_target,30,1.1796843833734636
33764.44,RANDOM,397,128,697368,0,geod_dist_to_target,32,0.8067405351312805
33764.44,RANDOM,397,128,697368,0,geod_dist_to_target,34,0.8067405351312805
33764.44,RANDOM,397,7308,697368,0,geod_dist_to_target,36,0.4308840532721227
33764.44,RANDOM,397,7308,697368,0,geod_dist_to_target,38,0.4308840532721227
33764.44,RANDOM,397,7308,697368,0,geod_dist_to_target,40,0.4308840532721227
33764.44,RANDOM,397,128,697368,0,geod_dist_to_target,42,0.8067405351312805
33764.44,RANDOM,397,128,697368,0,geod_dist_to_target,44,0.8067405351312805
33764.44,RANDOM,397,128,697368,0,geod_dist_to_target,46,0.8067405351312805
33764.44,RANDOM,397,128,697368,0,geod_dist_to_target,48,0.8067405351312805
33764.44,RANDOM,397,128,697368,0,geod_dist_to_target,50,0.8067405351312805
33764.44,RANDOM,397,128,697368,0,geod_dist_to_target,55,0.8067405351312805
33764.44,RANDOM,397,7308,697368,0,geod_dist_to_target,60,0.4308840532721227
33764.44,RANDOM,397,7297,697368,0,geod_dist_to_target,65,0.5673239166111407
33764.44,RANDOM,397,7297,697368,0,geod_dist_to_target,70,0.5673239166111407
33764.44,RANDOM,397,7297,697368,0,geod_dist_to_target,75,0.5673239166111407
33764.44,RANDOM,397,7297,697368,0,geod_dist_to_target,80,0.5673239166111407
33764.44,RANDOM,397,7297,697368,0,geod_dist_to_target,85,0.5673239166111407
33764.44,RANDOM,397,7297,697368,0,geod_dist_to_target,90,0.5673239166111407
33764.44,RANDOM,397,7297,697368,0,geod_dist_to_target,95,0.5673239166111407
33764.44,RANDOM,397,397,697368,0,geod_dist_to_target,100,0.0
33764.44,RANDOM,397,11996,201469,0,geod_dist_to_target,5,23.714312879837127
33764.44,RANDOM,397,1103,201469,0,geod_dist_to_target,6,1.362453161382825
33764.44,RANDOM,397,3026,201469,0,geod_dist_to_target,7,2.689060334105871
33764.44,RANDOM,397,3026,201469,0,geod_dist_to_target,8,2.689060334105871
33764.44,RANDOM,397,11172,201469,0,geod_dist_to_target,9,2.883372085249739
33764.44,RANDOM,397,11172,201469,0,geod_dist_to_target,10,2.883372085249739
33764.44,RANDOM,397,11172,201469,0,geod_dist_to_target,11,2.883372085249739
33764.44,RANDOM,397,11173,201469,0,geod_dist_to_target,12,1.7632765931537098
33764.44,RANDOM,397,11173,201469,0,geod_dist_to_target,13,1.7632765931537098
33764.44,RANDOM,397,10286,201469,0,geod_dist_to_target,14,2.2854282802095036
33764.44,RANDOM,397,10286,201469,0,geod_dist_to_target,15,2.2854282802095036
33764.44,RANDOM,397,6954,201469,0,geod_dist_to_target,16,0.5369293938455116
33764.44,RANDOM,397,10286,201469,0,geod_dist_to_target,17,2.2854282802095036
33764.44,RANDOM,397,10286,201469,0,geod_dist_to_target,18,2.2854282802095036
33764.44,RANDOM,397,6954,201469,0,geod_dist_to_target,19,0.5369293938455116
33764.44,RANDOM,397,6954,201469,0,geod_dist_to_target,20,0.5369293938455116
33764.44,RANDOM,397,6954,201469,0,geod_dist_to_target,22,0.5369293938455116
33764.44,RANDOM,397,6953,201469,0,geod_dist_to_target,24,0.7017060632010518
33764.44,RANDOM,397,6953,201469,0,geod_dist_to_target,26,0.7017060632010518
33764.44,RANDOM,397,6953,201469,0,geod_dist_to_target,28,0.7017060632010518
33764.44,RANDOM,397,6953,201469,0,geod_dist_to_target,30,0.7017060632010518
33764.44,RANDOM,397,7139,201469,0,geod_dist_to_target,32,0.2016504061378217
33764.44,RANDOM,397,6953,201469,0,geod_dist_to_target,34,0.7017060632010518
33764.44,RANDOM,397,7139,201469,0,geod_dist_to_target,36,0.2016504061378217
33764.44,RANDOM,397,7139,201469,0,geod_dist_to_target,38,0.2016504061378217
33764.44,RANDOM,397,7139,201469,0,geod_dist_to_target,40,0.2016504061378217
33764.44,RANDOM,397,6954,201469,0,geod_dist_to_target,42,0.5369293938455116
33764.44,RANDOM,397,6953,201469,0,geod_dist_to_target,44,0.7017060632010518
33764.44,RANDOM,397,6953,201469,0,geod_dist_to_target,46,0.7017060632010518
33764.44,RANDOM,397,7139,201469,0,geod_dist_to_target,48,0.2016504061378217
33764.44,RANDOM,397,6953,201469,0,geod_dist_to_target,50,0.7017060632010518
33764.44,RANDOM,397,6953,201469,0,geod_dist_to_target,55,0.7017060632010518
33764.44,RANDOM,397,6954,201469,0,geod_dist_to_target,60,0.5369293938455116
33764.44,RANDOM,397,6953,201469,0,geod_dist_to_target,65,0.7017060632010518
33764.44,RANDOM,397,7139,201469,0,geod_dist_to_target,70,0.2016504061378217
33764.44,RANDOM,397,7139,201469,0,geod_dist_to_target,75,0.2016504061378217
33764.44,RANDOM,397,7139,201469,0,geod_dist_to_target,80,0.2016504061378217
33764.44,RANDOM,397,7139,201469,0,geod_dist_to_target,85,0.2016504061378217
33764.44,RANDOM,397,7139,201469,0,geod_dist_to_target,90,0.2016504061378217
33764.44,RANDOM,397,7139,201469,0,geod_dist_to_target,95,0.2016504061378217
33764.44,RANDOM,397,7139,201469,0,geod_dist_to_target,100,0.2016504061378217
33764.44,RANDOM,397,12449,94177,0,geod_dist_to_target,5,28.47088142674531
33764.44,RANDOM,397,12136,94177,0,geod_dist_to_target,6,13.019923974622351
33764.44,RANDOM,397,11567,94177,0,geod_dist_to_target,7,18.567198492586368
33764.44,RANDOM,397,5157,94177,0,geod_dist_to_target,8,24.84774471057646
33764.44,RANDOM,397,6760,94177,0,geod_dist_to_target,9,13.09356494247878
33764.44,RANDOM,397,2470,94177,0,geod_dist_to_target,10,18.07509330377741
33764.44,RANDOM,397,2710,94177,0,geod_dist_to_target,11,16.9444622240725
33764.44,RANDOM,397,6760,94177,0,geod_dist_to_target,12,13.09356494247878
33764.44,RANDOM,397,6760,94177,0,geod_dist_to_target,13,13.09356494247878
33764.44,RANDOM,397,9255,94177,0,geod_dist_to_target,14,19.743164466881026
33764.44,RANDOM,397,2106,94177,0,geod_dist_to_target,15,18.279261035204048
33764.44,RANDOM,397,2106,94177,0,geod_dist_to_target,16,18.279261035204048
33764.44,RANDOM,397,12306,94177,0,geod_dist_to_target,17,13.545473840814614
33764.44,RANDOM,397,2847,94177,0,geod_dist_to_target,18,14.040819230667843
33764.44,RANDOM,397,2847,94177,0,geod_dist_to_target,19,14.040819230667843
33764.44,RANDOM,397,9669,94177,0,geod_dist_to_target,20,1.6244055937733262
33764.44,RANDOM,397,10355,94177,0,geod_dist_to_target,22,2.386924937642826
33764.44,RANDOM,397,10355,94177,0,geod_dist_to_target,24,2.386924937642826
33764.44,RANDOM,397,10355,94177,0,geod_dist_to_target,26,2.386924937642826
33764.44,RANDOM,397,7154,94177,0,geod_dist_to_target,28,2.0113030673105974
33764.44,RANDOM,397,6442,94177,0,geod_dist_to_target,30,5.8858727686320185
33764.44,RANDOM,397,6442,94177,0,geod_dist_to_target,32,5.8858727686320185
33764.44,RANDOM,397,6442,94177,0,geod_dist_to_target,34,5.8858727686320185
33764.44,RANDOM,397,6442,94177,0,geod_dist_to_target,36,5.8858727686320185
33764.44,RANDOM,397,7154,94177,0,geod_dist_to_target,38,2.0113030673105974
33764.44,RANDOM,397,7154,94177,0,geod_dist_to_target,40,2.0113030673105974
33764.44,RANDOM,397,7154,94177,0,geod_dist_to_target,42,2.0113030673105974
33764.44,RANDOM,397,7319,94177,0,geod_dist_to_target,44,1.1951117575392998
33764.44,RANDOM,397,7139,94177,0,geod_dist_to_target,46,0.2016504061378217
33764.44,RANDOM,397,7139,94177,0,geod_dist_to_target,48,0.2016504061378217
33764.44,RANDOM,397,7139,94177,0,geod_dist_to_target,50,0.2016504061378217
33764.44,RANDOM,397,7154,94177,0,geod_dist_to_target,55,2.0113030673105974
33764.44,RANDOM,397,7154,94177,0,geod_dist_to_target,60,2.0113030673105974
33764.44,RANDOM,397,7154,94177,0,geod_dist_to_target,65,2.0113030673105974
33764.44,RANDOM,397,7154,94177,0,geod_dist_to_target,70,2.0113030673105974
33764.44,RANDOM,397,397,94177,0,geod_dist_to_target,75,0.0
33764.44,RANDOM,397,397,94177,0,geod_dist_to_target,80,0.0
33764.44,RANDOM,397,397,94177,0,geod_dist_to_target,85,0.0
33764.44,RANDOM,397,397,94177,0,geod_dist_to_target,90,0.0
33764.44,RANDOM,397,397,94177,0,geod_dist_to_target,95,0.0
33764.44,RANDOM,397,397,94177,0,geod_dist_to_target,100,0.0
33764.44,ROW-mean-Corr,397,8818,89250,0,geod_dist_to_target,5,21.97589662364781
33764.44,ROW-mean-Corr,397,8044,89250,0,geod_dist_to_target,6,31.238050487254075
33764.44,ROW-mean-Corr,397,8770,89250,0,geod_dist_to_target,7,7.565555669947489
33764.44,ROW-mean-Corr,397,6826,89250,0,geod_dist_to_target,8,16.545244004105687
33764.44,ROW-mean-Corr,397,12368,89250,0,geod_dist_to_target,9,4.636849331561763
33764.44,ROW-mean-Corr,397,12368,89250,0,geod_dist_to_target,10,4.636849331561763
33764.44,ROW-mean-Corr,397,4219,89250,0,geod_dist_to_target,11,7.935048889331651
33764.44,ROW-mean-Corr,397,1684,89250,0,geod_dist_to_target,12,19.27249202723901
33764.44,ROW-mean-Corr,397,716,89250,0,geod_dist_to_target,13,20.93700788997354
33764.44,ROW-mean-Corr,397,716,89250,0,geod_dist_to_target,14,20.93700788997354
33764.44,ROW-mean-Corr,397,12561,89250,0,geod_dist_to_target,15,17.395220644934515
33764.44,ROW-mean-Corr,397,9255,89250,0,geod_dist_to_target,16,19.743164466881026
33764.44,ROW-mean-Corr,397,9255,89250,0,geod_dist_to_target,17,19.743164466881026
33764.44,ROW-mean-Corr,397,6297,89250,0,geod_dist_to_target,18,19.279633825114253
33764.44,ROW-mean-Corr,397,10355,89250,0,geod_dist_to_target,19,2.386924937642826
33764.44,ROW-mean-Corr,397,10355,89250,0,geod_dist_to_target,20,2.386924937642826
33764.44,ROW-mean-Corr,397,10355,89250,0,geod_dist_to_target,22,2.386924937642826
33764.44,ROW-mean-Corr,397,2049,89250,0,geod_dist_to_target,24,2.208456955446009
33764.44,ROW-mean-Corr,397,2049,89250,0,geod_dist_to_target,26,2.208456955446009
33764.44,ROW-mean-Corr,397,2049,89250,0,geod_dist_to_target,28,2.208456955446009
33764.44,ROW-mean-Corr,397,2049,89250,0,geod_dist_to_target,30,2.208456955446009
33764.44,ROW-mean-Corr,397,7139,89250,0,geod_dist_to_target,32,0.2016504061378217
33764.44,ROW-mean-Corr,397,397,89250,0,geod_dist_to_target,34,0.0
33764.44,ROW-mean-Corr,397,397,89250,0,geod_dist_to_target,36,0.0
33764.44,ROW-mean-Corr,397,397,89250,0,geod_dist_to_target,38,0.0
33764.44,ROW-mean-Corr,397,397,89250,0,geod_dist_to_target,40,0.0
33764.44,ROW-mean-Corr,397,397,89250,0,geod_dist_to_target,42,0.0
33764.44,ROW-mean-Corr,397,9967,89250,0,geod_dist_to_target,44,0.31516748911608633
33764.44,ROW-mean-Corr,397,397,89250,0,geod_dist_to_target,46,0.0
33764.44,ROW-mean-Corr,397,397,89250,0,geod_dist_to_target,48,0.0
33764.44,ROW-mean-Corr,397,397,89250,0,geod_dist_to_target,50,0.0
33764.44,ROW-mean-Corr,397,9967,89250,0,geod_dist_to_target,55,0.31516748911608633
33764.44,ROW-mean-Corr,397,9967,89250,0,geod_dist_to_target,60,0.31516748911608633
33764.44,ROW-mean-Corr,397,9967,89250,0,geod_dist_to_target,65,0.31516748911608633
33764.44,ROW-mean-Corr,397,9967,89250,0,geod_dist_to_target,70,0.31516748911608633
33764.44,ROW-mean-Corr,397,7297,89250,0,geod_dist_to_target,75,0.5673239166111407
33764.44,ROW-mean-Corr,397,7297,89250,0,geod_dist_to_target,80,0.5673239166111407
33764.44,ROW-mean-Corr,397,7297,89250,0,geod_dist_to_target,85,0.5673239166111407
33764.44,ROW-mean-Corr,397,7297,89250,0,geod_dist_to_target,90,0.5673239166111407
33764.44,ROW-mean-Corr,397,7297,89250,0,geod_dist_to_target,95,0.5673239166111407
33764.44,ROW-mean-Corr,397,7297,89250,0,geod_dist_to_target,100,0.5673239166111407
33764.44,ROW-mean-Corr,397,3149,773956,0,geod_dist_to_target,5,31.80822025082485
33764.44,ROW-mean-Corr,397,335,773956,0,geod_dist_to_target,6,19.982902825162906
33764.44,ROW-mean-Corr,397,335,773956,0,geod_dist_to_target,7,19.982902825162906
33764.44,ROW-mean-Corr,397,335,773956,0,geod_dist_to_target,8,19.982902825162906
33764.44,ROW-mean-Corr,397,2049,773956,0,geod_dist_to_target,9,2.208456955446009
33764.44,ROW-mean-Corr,397,7297,773956,0,geod_dist_to_target,10,0.5673239166111407
33764.44,ROW-mean-Corr,397,53,773956,0,geod_dist_to_target,11,0.9173818524657898
33764.44,ROW-mean-Corr,397,53,773956,0,geod_dist_to_target,12,0.9173818524657898
33764.44,ROW-mean-Corr,397,5785,773956,0,geod_dist_to_target,13,16.301987713691556
33764.44,ROW-mean-Corr,397,6297,773956,0,geod_dist_to_target,14,19.279633825114253
33764.44,ROW-mean-Corr,397,7320,773956,0,geod_dist_to_target,15,0.8244644267609091
33764.44,ROW-mean-Corr,397,7308,773956,0,geod_dist_to_target,16,0.4308840532721227
33764.44,ROW-mean-Corr,397,7308,773956,0,geod_dist_to_target,17,0.4308840532721227
33764.44,ROW-mean-Corr,397,7308,773956,0,geod_dist_to_target,18,0.4308840532721227
33764.44,ROW-mean-Corr,397,7308,773956,0,geod_dist_to_target,19,0.4308840532721227
33764.44,ROW-mean-Corr,397,7308,773956,0,geod_dist_to_target,20,0.4308840532721227
33764.44,ROW-mean-Corr,397,7217,773956,0,geod_dist_to_target,22,14.446373386729844
33764.44,ROW-mean-Corr,397,9669,773956,0,geod_dist_to_target,24,1.6244055937733262
33764.44,ROW-mean-Corr,397,9669,773956,0,geod_dist_to_target,26,1.6244055937733262
33764.44,ROW-mean-Corr,397,7308,773956,0,geod_dist_to_target,28,0.4308840532721227
33764.44,ROW-mean-Corr,397,7297,773956,0,geod_dist_to_target,30,0.5673239166111407
33764.44,ROW-mean-Corr,397,7297,773956,0,geod_dist_to_target,32,0.5673239166111407
33764.44,ROW-mean-Corr,397,7297,773956,0,geod_dist_to_target,34,0.5673239166111407
33764.44,ROW-mean-Corr,397,7297,773956,0,geod_dist_to_target,36,0.5673239166111407
33764.44,ROW-mean-Corr,397,7297,773956,0,geod_dist_to_target,38,0.5673239166111407
33764.44,ROW-mean-Corr,397,397,773956,0,geod_dist_to_target,40,0.0
33764.44,ROW-mean-Corr,397,7308,773956,0,geod_dist_to_target,42,0.4308840532721227
33764.44,ROW-mean-Corr,397,7308,773956,0,geod_dist_to_target,44,0.4308840532721227
33764.44,ROW-mean-Corr,397,1416,773956,0,geod_dist_to_target,46,0.351149464224456
33764.44,ROW-mean-Corr,397,1416,773956,0,geod_dist_to_target,48,0.351149464224456
33764.44,ROW-mean-Corr,397,539,773956,0,geod_dist_to_target,50,0.38802320100673754
33764.44,ROW-mean-Corr,397,7139,773956,0,geod_dist_to_target,55,0.2016504061378217
33764.44,ROW-mean-Corr,397,7139,773956,0,geod_dist_to_target,60,0.2016504061378217
33764.44,ROW-mean-Corr,397,1416,773956,0,geod_dist_to_target,65,0.351149464224456
33764.44,ROW-mean-Corr,397,1416,773956,0,geod_dist_to_target,70,0.351149464224456
33764.44,ROW-mean-Corr,397,1416,773956,0,geod_dist_to_target,75,0.351149464224456
33764.44,ROW-mean-Corr,397,1416,773956,0,geod_dist_to_target,80,0.351149464224456
33764.44,ROW-mean-Corr,397,1416,773956,0,geod_dist_to_target,85,0.351149464224456
33764.44,ROW-mean-Corr,397,1416,773956,0,geod_dist_to_target,90,0.351149464224456
33764.44,ROW-mean-Corr,397,1416,773956,0,geod_dist_to_target,95,0.351149464224456
33764.44,ROW-mean-Corr,397,1416,773956,0,geod_dist_to_target,100,0.351149464224456
33764.44,ROW-mean-Corr,397,9011,654571,0,geod_dist_to_target,5,30.69233678130858
33764.44,ROW-mean-Corr,397,7321,654571,0,geod_dist_to_target,6,1.3795693575734465
33764.44,ROW-mean-Corr,397,7321,654571,0,geod_dist_to_target,7,1.3795693575734465
33764.44,ROW-mean-Corr,397,7321,654571,0,geod_dist_to_target,8,1.3795693575734465
33764.44,ROW-mean-Corr,397,7321,654571,0,geod_dist_to_target,9,1.3795693575734465
33764.44,ROW-mean-Corr,397,7321,654571,0,geod_dist_to_target,10,1.3795693575734465
33764.44,ROW-mean-Corr,397,2924,654571,0,geod_dist_to_target,11,1.1796843833734636
33764.44,ROW-mean-Corr,397,7297,654571,0,geod_dist_to_target,12,0.5673239166111407
33764.44,ROW-mean-Corr,397,7018,654571,0,geod_dist_to_target,13,18.797627521133517
33764.44,ROW-mean-Corr,397,7018,654571,0,geod_dist_to_target,14,18.797627521133517
33764.44,ROW-mean-Corr,397,8637,654571,0,geod_dist_to_target,15,20.45938016168583
33764.44,ROW-mean-Corr,397,8637,654571,0,geod_dist_to_target,16,20.45938016168583
33764.44,ROW-mean-Corr,397,8637,654571,0,geod_dist_to_target,17,20.45938016168583
33764.44,ROW-mean-Corr,397,8637,654571,0,geod_dist_to_target,18,20.45938016168583
33764.44,ROW-mean-Corr,397,8637,654571,0,geod_dist_to_target,19,20.45938016168583
33764.44,ROW-mean-Corr,397,8637,654571,0,geod_dist_to_target,20,20.45938016168583
33764.44,ROW-mean-Corr,397,8637,654571,0,geod_dist_to_target,22,20.45938016168583
33764.44,ROW-mean-Corr,397,335,654571,0,geod_dist_to_target,24,19.982902825162906
33764.44,ROW-mean-Corr,397,335,654571,0,geod_dist_to_target,26,19.982902825162906
33764.44,ROW-mean-Corr,397,335,654571,0,geod_dist_to_target,28,19.982902825162906
33764.44,ROW-mean-Corr,397,7446,654571,0,geod_dist_to_target,30,1.2532789718646544
33764.44,ROW-mean-Corr,397,10762,654571,0,geod_dist_to_target,32,1.016774986961489
33764.44,ROW-mean-Corr,397,2924,654571,0,geod_dist_to_target,34,1.1796843833734636
33764.44,ROW-mean-Corr,397,10762,654571,0,geod_dist_to_target,36,1.016774986961489
33764.44,ROW-mean-Corr,397,10762,654571,0,geod_dist_to_target,38,1.016774986961489
33764.44,ROW-mean-Corr,397,10762,654571,0,geod_dist_to_target,40,1.016774986961489
33764.44,ROW-mean-Corr,397,10762,654571,0,geod_dist_to_target,42,1.016774986961489
33764.44,ROW-mean-Corr,397,7446,654571,0,geod_dist_to_target,44,1.2532789718646544
33764.44,ROW-mean-Corr,397,7297,654571,0,geod_dist_to_target,46,0.5673239166111407
33764.44,ROW-mean-Corr,397,7322,654571,0,geod_dist_to_target,48,1.715945768102592
33764.44,ROW-mean-Corr,397,7322,654571,0,geod_dist_to_target,50,1.715945768102592
33764.44,ROW-mean-Corr,397,7322,654571,0,geod_dist_to_target,55,1.715945768102592
33764.44,ROW-mean-Corr,397,7322,654571,0,geod_dist_to_target,60,1.715945768102592
33764.44,ROW-mean-Corr,397,7322,654571,0,geod_dist_to_target,65,1.715945768102592
33764.44,ROW-mean-Corr,397,9669,654571,0,geod_dist_to_target,70,1.6244055937733262
33764.44,ROW-mean-Corr,397,9669,654571,0,geod_dist_to_target,75,1.6244055937733262
33764.44,ROW-mean-Corr,397,9669,654571,0,geod_dist_to_target,80,1.6244055937733262
33764.44,ROW-mean-Corr,397,9669,654571,0,geod_dist_to_target,85,1.6244055937733262
33764.44,ROW-mean-Corr,397,9669,654571,0,geod_dist_to_target,90,1.6244055937733262
33764.44,ROW-mean-Corr,397,2049,654571,0,geod_dist_to_target,95,2.208456955446009
33764.44,ROW-mean-Corr,397,2049,654571,0,geod_dist_to_target,100,2.208456955446009
33764.44,ROW-mean-Corr,397,2042,438878,0,geod_dist_to_target,5,6.7330600960874465
33764.44,ROW-mean-Corr,397,7328,438878,0,geod_dist_to_target,6,2.5608304430029976
33764.44,ROW-mean-Corr,397,7328,438878,0,geod_dist_to_target,7,2.5608304430029976
33764.44,ROW-mean-Corr,397,7328,438878,0,geod_dist_to_target,8,2.5608304430029976
33764.44,ROW-mean-Corr,397,4309,438878,0,geod_dist_to_target,9,19.72148860081164
33764.44,ROW-mean-Corr,397,4309,438878,0,geod_dist_to_target,10,19.72148860081164
33764.44,ROW-mean-Corr,397,4309,438878,0,geod_dist_to_target,11,19.72148860081164
33764.44,ROW-mean-Corr,397,4309,438878,0,geod_dist_to_target,12,19.72148860081164
33764.44,ROW-mean-Corr,397,1248,438878,0,geod_dist_to_target,13,6.875465506535175
33764.44,ROW-mean-Corr,397,1248,438878,0,geod_dist_to_target,14,6.875465506535175
33764.44,ROW-mean-Corr,397,12561,438878,0,geod_dist_to_target,15,17.395220644934515
33764.44,ROW-mean-Corr,397,7458,438878,0,geod_dist_to_target,16,1.7287573494738266
33764.44,ROW-mean-Corr,397,7458,438878,0,geod_dist_to_target,17,1.7287573494738266
33764.44,ROW-mean-Corr,397,7458,438878,0,geod_dist_to_target,18,1.7287573494738266
33764.44,ROW-mean-Corr,397,7458,438878,0,geod_dist_to_target,19,1.7287573494738266
33764.44,ROW-mean-Corr,397,7458,438878,0,geod_dist_to_target,20,1.7287573494738266
33764.44,ROW-mean-Corr,397,7458,438878,0,geod_dist_to_target,22,1.7287573494738266
33764.44,ROW-mean-Corr,397,7322,438878,0,geod_dist_to_target,24,1.715945768102592
33764.44,ROW-mean-Corr,397,7322,438878,0,geod_dist_to_target,26,1.715945768102592
33764.44,ROW-mean-Corr,397,7322,438878,0,geod_dist_to_target,28,1.715945768102592
33764.44,ROW-mean-Corr,397,7322,438878,0,geod_dist_to_target,30,1.715945768102592
33764.44,ROW-mean-Corr,397,7321,438878,0,geod_dist_to_target,32,1.3795693575734465
33764.44,ROW-mean-Corr,397,3898,438878,0,geod_dist_to_target,34,19.23889455764937
33764.44,ROW-mean-Corr,397,3898,438878,0,geod_dist_to_target,36,19.23889455764937
33764.44,ROW-mean-Corr,397,3898,438878,0,geod_dist_to_target,38,19.23889455764937
33764.44,ROW-mean-Corr,397,3898,438878,0,geod_dist_to_target,40,19.23889455764937
33764.44,ROW-mean-Corr,397,3898,438878,0,geod_dist_to_target,42,19.23889455764937
33764.44,ROW-mean-Corr,397,3898,438878,0,geod_dist_to_target,44,19.23889455764937
33764.44,ROW-mean-Corr,397,7308,438878,0,geod_dist_to_target,46,0.4308840532721227
33764.44,ROW-mean-Corr,397,7308,438878,0,geod_dist_to_target,48,0.4308840532721227
33764.44,ROW-mean-Corr,397,7308,438878,0,geod_dist_to_target,50,0.4308840532721227
33764.44,ROW-mean-Corr,397,7309,438878,0,geod_dist_to_target,55,0.38037803191489017
33764.44,ROW-mean-Corr,397,53,438878,0,geod_dist_to_target,60,0.9173818524657898
33764.44,ROW-mean-Corr,397,53,438878,0,geod_dist_to_target,65,0.9173818524657898
33764.44,ROW-mean-Corr,397,53,438878,0,geod_dist_to_target,70,0.9173818524657898
33764.44,ROW-mean-Corr,397,53,438878,0,geod_dist_to_target,75,0.9173818524657898
33764.44,ROW-mean-Corr,397,7309,438878,0,geod_dist_to_target,80,0.38037803191489017
33764.44,ROW-mean-Corr,397,7308,438878,0,geod_dist_to_target,85,0.4308840532721227
33764.44,ROW-mean-Corr,397,7308,438878,0,geod_dist_to_target,90,0.4308840532721227
33764.44,ROW-mean-Corr,397,7309,438878,0,geod_dist_to_target,95,0.38037803191489017
33764.44,ROW-mean-Corr,397,7308,438878,0,geod_dist_to_target,100,0.4308840532721227
33764.44,ROW-mean-Corr,397,5676,433015,0,geod_dist_to_target,5,11.35993227468922
33764.44,ROW-mean-Corr,397,6754,433015,0,geod_dist_to_target,6,12.471246215573762
33764.44,ROW-mean-Corr,397,6754,433015,0,geod_dist_to_target,7,12.471246215573762
33764.44,ROW-mean-Corr,397,2106,433015,0,geod_dist_to_target,8,18.279261035204048
33764.44,ROW-mean-Corr,397,2106,433015,0,geod_dist_to_target,9,18.279261035204048
33764.44,ROW-mean-Corr,397,6964,433015,0,geod_dist_to_target,10,1.6996983892092474
33764.44,ROW-mean-Corr,397,2106,433015,0,geod_dist_to_target,11,18.279261035204048
33764.44,ROW-mean-Corr,397,12297,433015,0,geod_dist_to_target,12,18.407181874759814
33764.44,ROW-mean-Corr,397,12297,433015,0,geod_dist_to_target,13,18.407181874759814
33764.44,ROW-mean-Corr,397,12297,433015,0,geod_dist_to_target,14,18.407181874759814
33764.44,ROW-mean-Corr,397,12297,433015,0,geod_dist_to_target,15,18.407181874759814
33764.44,ROW-mean-Corr,397,12297,433015,0,geod_dist_to_target,16,18.407181874759814
33764.44,ROW-mean-Corr,397,12297,433015,0,geod_dist_to_target,17,18.407181874759814
33764.44,ROW-mean-Corr,397,12297,433015,0,geod_dist_to_target,18,18.407181874759814
33764.44,ROW-mean-Corr,397,12297,433015,0,geod_dist_to_target,19,18.407181874759814
33764.44,ROW-mean-Corr,397,8510,433015,0,geod_dist_to_target,20,19.00847868123274
33764.44,ROW-mean-Corr,397,8510,433015,0,geod_dist_to_target,22,19.00847868123274
33764.44,ROW-mean-Corr,397,8510,433015,0,geod_dist_to_target,24,19.00847868123274
33764.44,ROW-mean-Corr,397,11827,433015,0,geod_dist_to_target,26,19.019244495664285
33764.44,ROW-mean-Corr,397,11827,433015,0,geod_dist_to_target,28,19.019244495664285
33764.44,ROW-mean-Corr,397,11827,433015,0,geod_dist_to_target,30,19.019244495664285
33764.44,ROW-mean-Corr,397,11827,433015,0,geod_dist_to_target,32,19.019244495664285
33764.44,ROW-mean-Corr,397,3898,433015,0,geod_dist_to_target,34,19.23889455764937
33764.44,ROW-mean-Corr,397,3898,433015,0,geod_dist_to_target,36,19.23889455764937
33764.44,ROW-mean-Corr,397,539,433015,0,geod_dist_to_target,38,0.38802320100673754
33764.44,ROW-mean-Corr,397,539,433015,0,geod_dist_to_target,40,0.38802320100673754
33764.44,ROW-mean-Corr,397,1416,433015,0,geod_dist_to_target,42,0.351149464224456
33764.44,ROW-mean-Corr,397,397,433015,0,geod_dist_to_target,44,0.0
33764.44,ROW-mean-Corr,397,1416,433015,0,geod_dist_to_target,46,0.351149464224456
33764.44,ROW-mean-Corr,397,1416,433015,0,geod_dist_to_target,48,0.351149464224456
33764.44,ROW-mean-Corr,397,1416,433015,0,geod_dist_to_target,50,0.351149464224456
33764.44,ROW-mean-Corr,397,1416,433015,0,geod_dist_to_target,55,0.351149464224456
33764.44,ROW-mean-Corr,397,1416,433015,0,geod_dist_to_target,60,0.351149464224456
33764.44,ROW-mean-Corr,397,1416,433015,0,geod_dist_to_target,65,0.351149464224456
33764.44,ROW-mean-Corr,397,1416,433015,0,geod_dist_to_target,70,0.351149464224456
33764.44,ROW-mean-Corr,397,397,433015,0,geod_dist_to_target,75,0.0
33764.44,ROW-mean-Corr,397,397,433015,0,geod_dist_to_target,80,0.0
33764.44,ROW-mean-Corr,397,397,433015,0,geod_dist_to_target,85,0.0
33764.44,ROW-mean-Corr,397,397,433015,0,geod_dist_to_target,90,0.0
33764.44,ROW-mean-Corr,397,397,433015,0,geod_dist_to_target,95,0.0
33764.44,ROW-mean-Corr,397,397,433015,0,geod_dist_to_target,100,0.0
33764.44,ROW-mean-Corr,397,11720,858597,0,geod_dist_to_target,5,11.88163297959582
33764.44,ROW-mean-Corr,397,1248,858597,0,geod_dist_to_target,6,6.875465506535175
33764.44,ROW-mean-Corr,397,975,858597,0,geod_dist_to_target,7,17.12046958576827
33764.44,ROW-mean-Corr,397,7117,858597,0,geod_dist_to_target,8,1.0645707065278656
33764.44,ROW-mean-Corr,397,7132,858597,0,geod_dist_to_target,9,0.5843784874771326
33764.44,ROW-mean-Corr,397,1994,858597,0,geod_dist_to_target,10,18.561053092405242
33764.44,ROW-mean-Corr,397,1994,858597,0,geod_dist_to_target,11,18.561053092405242
33764.44,ROW-mean-Corr,397,1994,858597,0,geod_dist_to_target,12,18.561053092405242
33764.44,ROW-mean-Corr,397,8511,858597,0,geod_dist_to_target,13,18.599765944917966
33764.44,ROW-mean-Corr,397,8041,858597,0,geod_dist_to_target,14,31.351325718767054
33764.44,ROW-mean-Corr,397,8041,858597,0,geod_dist_to_target,15,31.351325718767054
33764.44,ROW-mean-Corr,397,1379,858597,0,geod_dist_to_target,16,30.07335200751135
33764.44,ROW-mean-Corr,397,1379,858597,0,geod_dist_to_target,17,30.07335200751135
33764.44,ROW-mean-Corr,397,7902,858597,0,geod_dist_to_target,18,30.52560076411288
33764.44,ROW-mean-Corr,397,7902,858597,0,geod_dist_to_target,19,30.52560076411288
33764.44,ROW-mean-Corr,397,7902,858597,0,geod_dist_to_target,20,30.52560076411288
33764.44,ROW-mean-Corr,397,10382,858597,0,geod_dist_to_target,22,19.209486724953905
33764.44,ROW-mean-Corr,397,10382,858597,0,geod_dist_to_target,24,19.209486724953905
33764.44,ROW-mean-Corr,397,1616,858597,0,geod_dist_to_target,26,16.80581101552505
33764.44,ROW-mean-Corr,397,6296,858597,0,geod_dist_to_target,28,18.19836948474629
33764.44,ROW-mean-Corr,397,7147,858597,0,geod_dist_to_target,30,0.7957785580363
33764.44,ROW-mean-Corr,397,7147,858597,0,geod_dist_to_target,32,0.7957785580363
33764.44,ROW-mean-Corr,397,7147,858597,0,geod_dist_to_target,34,0.7957785580363
33764.44,ROW-mean-Corr,397,7147,858597,0,geod_dist_to_target,36,0.7957785580363
33764.44,ROW-mean-Corr,397,7147,858597,0,geod_dist_to_target,38,0.7957785580363
33764.44,ROW-mean-Corr,397,7147,858597,0,geod_dist_to_target,40,0.7957785580363
33764.44,ROW-mean-Corr,397,7147,858597,0,geod_dist_to_target,42,0.7957785580363
33764.44,ROW-mean-Corr,397,7140,858597,0,geod_dist_to_target,44,0.6709622571610145
33764.44,ROW-mean-Corr,397,9669,858597,0,geod_dist_to_target,46,1.6244055937733262
33764.44,ROW-mean-Corr,397,9669,858597,0,geod_dist_to_target,48,1.6244055937733262
33764.44,ROW-mean-Corr,397,7140,858597,0,geod_dist_to_target,50,0.6709622571610145
33764.44,ROW-mean-Corr,397,7319,858597,0,geod_dist_to_target,55,1.1951117575392998
33764.44,ROW-mean-Corr,397,9669,858597,0,geod_dist_to_target,60,1.6244055937733262
33764.44,ROW-mean-Corr,397,7319,858597,0,geod_dist_to_target,65,1.1951117575392998
33764.44,ROW-mean-Corr,397,7140,858597,0,geod_dist_to_target,70,0.6709622571610145
33764.44,ROW-mean-Corr,397,7140,858597,0,geod_dist_to_target,75,0.6709622571610145
33764.44,ROW-mean-Corr,397,7319,858597,0,geod_dist_to_target,80,1.1951117575392998
33764.44,ROW-mean-Corr,397,539,858597,0,geod_dist_to_target,85,0.38802320100673754
33764.44,ROW-mean-Corr,397,539,858597,0,geod_dist_to_target,90,0.38802320100673754
33764.44,ROW-mean-Corr,397,539,858597,0,geod_dist_to_target,95,0.38802320100673754
33764.44,ROW-mean-Corr,397,7139,858597,0,geod_dist_to_target,100,0.2016504061378217
33764.44,ROW-mean-Corr,397,9255,85945,0,geod_dist_to_target,5,19.743164466881026
33764.44,ROW-mean-Corr,397,11220,85945,0,geod_dist_to_target,6,21.502168792500296
33764.44,ROW-mean-Corr,397,11220,85945,0,geod_dist_to_target,7,21.502168792500296
33764.44,ROW-mean-Corr,397,7642,85945,0,geod_dist_to_target,8,21.181866589281864
33764.44,ROW-mean-Corr,397,7773,85945,0,geod_dist_to_target,9,22.309934503742756
33764.44,ROW-mean-Corr,397,12142,85945,0,geod_dist_to_target,10,22.844148035773262
33764.44,ROW-mean-Corr,397,10914,85945,0,geod_dist_to_target,11,4.963732065531015
33764.44,ROW-mean-Corr,397,11135,85945,0,geod_dist_to_target,12,5.366105743528365
33764.44,ROW-mean-Corr,397,11135,85945,0,geod_dist_to_target,13,5.366105743528365
33764.44,ROW-mean-Corr,397,11135,85945,0,geod_dist_to_target,14,5.366105743528365
33764.44,ROW-mean-Corr,397,10700,85945,0,geod_dist_to_target,15,20.34415897428036
33764.44,ROW-mean-Corr,397,10700,85945,0,geod_dist_to_target,16,20.34415897428036
33764.44,ROW-mean-Corr,397,10700,85945,0,geod_dist_to_target,17,20.34415897428036
33764.44,ROW-mean-Corr,397,10700,85945,0,geod_dist_to_target,18,20.34415897428036
33764.44,ROW-mean-Corr,397,10700,85945,0,geod_dist_to_target,19,20.34415897428036
33764.44,ROW-mean-Corr,397,10700,85945,0,geod_dist_to_target,20,20.34415897428036
33764.44,ROW-mean-Corr,397,10700,85945,0,geod_dist_to_target,22,20.34415897428036
33764.44,ROW-mean-Corr,397,6625,85945,0,geod_dist_to_target,24,5.513371714347611
33764.44,ROW-mean-Corr,397,6625,85945,0,geod_dist_to_target,26,5.513371714347611
33764.44,ROW-mean-Corr,397,6626,85945,0,geod_dist_to_target,28,5.696123022434257
33764.44,ROW-mean-Corr,397,9779,85945,0,geod_dist_to_target,30,5.652883048322214
33764.44,ROW-mean-Corr,397,9779,85945,0,geod_dist_to_target,32,5.652883048322214
33764.44,ROW-mean-Corr,397,6626,85945,0,geod_dist_to_target,34,5.696123022434257
33764.44,ROW-mean-Corr,397,6626,85945,0,geod_dist_to_target,36,5.696123022434257
33764.44,ROW-mean-Corr,397,6626,85945,0,geod_dist_to_target,38,5.696123022434257
33764.44,ROW-mean-Corr,397,6297,85945,0,geod_dist_to_target,40,19.279633825114253
33764.44,ROW-mean-Corr,397,6297,85945,0,geod_dist_to_target,42,19.279633825114253
33764.44,ROW-mean-Corr,397,6297,85945,0,geod_dist_to_target,44,19.279633825114253
33764.44,ROW-mean-Corr,397,5785,85945,0,geod_dist_to_target,46,16.301987713691556
33764.44,ROW-mean-Corr,397,5785,85945,0,geod_dist_to_target,48,16.301987713691556
33764.44,ROW-mean-Corr,397,7217,85945,0,geod_dist_to_target,50,14.446373386729844
33764.44,ROW-mean-Corr,397,10355,85945,0,geod_dist_to_target,55,2.386924937642826
33764.44,ROW-mean-Corr,397,2839,85945,0,geod_dist_to_target,60,1.1587807197228432
33764.44,ROW-mean-Corr,397,539,85945,0,geod_dist_to_target,65,0.38802320100673754
33764.44,ROW-mean-Corr,397,7319,85945,0,geod_dist_to_target,70,1.1951117575392998
33764.44,ROW-mean-Corr,397,397,85945,0,geod_dist_to_target,75,0.0
33764.44,ROW-mean-Corr,397,397,85945,0,geod_dist_to_target,80,0.0
33764.44,ROW-mean-Corr,397,397,85945,0,geod_dist_to_target,85,0.0
33764.44,ROW-mean-Corr,397,10355,85945,0,geod_dist_to_target,90,2.386924937642826
33764.44,ROW-mean-Corr,397,10355,85945,0,geod_dist_to_target,95,2.386924937642826
33764.44,ROW-mean-Corr,397,10355,85945,0,geod_dist_to_target,100,2.386924937642826
33764.44,ROW-mean-Corr,397,9099,697368,0,geod_dist_to_target,5,29.781236611974407
33764.44,ROW-mean-Corr,397,7018,697368,0,geod_dist_to_target,6,18.797627521133517
33764.44,ROW-mean-Corr,397,7018,697368,0,geod_dist_to_target,7,18.797627521133517
33764.44,ROW-mean-Corr,397,7018,697368,0,geod_dist_to_target,8,18.797627521133517
33764.44,ROW-mean-Corr,397,7018,697368,0,geod_dist_to_target,9,18.797627521133517
33764.44,ROW-mean-Corr,397,7018,697368,0,geod_dist_to_target,10,18.797627521133517
33764.44,ROW-mean-Corr,397,7018,697368,0,geod_dist_to_target,11,18.797627521133517
33764.44,ROW-mean-Corr,397,8499,697368,0,geod_dist_to_target,12,20.627622001931034
33764.44,ROW-mean-Corr,397,6350,697368,0,geod_dist_to_target,13,20.162301314879794
33764.44,ROW-mean-Corr,397,6350,697368,0,geod_dist_to_target,14,20.162301314879794
33764.44,ROW-mean-Corr,397,6350,697368,0,geod_dist_to_target,15,20.162301314879794
33764.44,ROW-mean-Corr,397,6350,697368,0,geod_dist_to_target,16,20.162301314879794
33764.44,ROW-mean-Corr,397,6350,697368,0,geod_dist_to_target,17,20.162301314879794
33764.44,ROW-mean-Corr,397,6350,697368,0,geod_dist_to_target,18,20.162301314879794
33764.44,ROW-mean-Corr,397,128,697368,0,geod_dist_to_target,19,0.8067405351312805
33764.44,ROW-mean-Corr,397,128,697368,0,geod_dist_to_target,20,0.8067405351312805
33764.44,ROW-mean-Corr,397,7297,697368,0,geod_dist_to_target,22,0.5673239166111407
33764.44,ROW-mean-Corr,397,10762,697368,0,geod_dist_to_target,24,1.016774986961489
33764.44,ROW-mean-Corr,397,10762,697368,0,geod_dist_to_target,26,1.016774986961489
33764.44,ROW-mean-Corr,397,10762,697368,0,geod_dist_to_target,28,1.016774986961489
33764.44,ROW-mean-Corr,397,7297,697368,0,geod_dist_to_target,30,0.5673239166111407
33764.44,ROW-mean-Corr,397,7297,697368,0,geod_dist_to_target,32,0.5673239166111407
33764.44,ROW-mean-Corr,397,7308,697368,0,geod_dist_to_target,34,0.4308840532721227
33764.44,ROW-mean-Corr,397,7308,697368,0,geod_dist_to_target,36,0.4308840532721227
33764.44,ROW-mean-Corr,397,7308,697368,0,geod_dist_to_target,38,0.4308840532721227
33764.44,ROW-mean-Corr,397,397,697368,0,geod_dist_to_target,40,0.0
33764.44,ROW-mean-Corr,397,7309,697368,0,geod_dist_to_target,42,0.38037803191489017
33764.44,ROW-mean-Corr,397,7309,697368,0,geod_dist_to_target,44,0.38037803191489017
33764.44,ROW-mean-Corr,397,7308,697368,0,geod_dist_to_target,46,0.4308840532721227
33764.44,ROW-mean-Corr,397,7308,697368,0,geod_dist_to_target,48,0.4308840532721227
33764.44,ROW-mean-Corr,397,7308,697368,0,geod_dist_to_target,50,0.4308840532721227
33764.44,ROW-mean-Corr,397,7309,697368,0,geod_dist_to_target,55,0.38037803191489017
33764.44,ROW-mean-Corr,397,7309,697368,0,geod_dist_to_target,60,0.38037803191489017
33764.44,ROW-mean-Corr,397,7309,697368,0,geod_dist_to_target,65,0.38037803191489017
33764.44,ROW-mean-Corr,397,7310,697368,0,geod_dist_to_target,70,0.6633170880691671
33764.44,ROW-mean-Corr,397,7139,697368,0,geod_dist_to_target,75,0.2016504061378217
33764.44,ROW-mean-Corr,397,7139,697368,0,geod_dist_to_target,80,0.2016504061378217
33764.44,ROW-mean-Corr,397,7309,697368,0,geod_dist_to_target,85,0.38037803191489017
33764.44,ROW-mean-Corr,397,397,697368,0,geod_dist_to_target,90,0.0
33764.44,ROW-mean-Corr,397,7308,697368,0,geod_dist_to_target,95,0.4308840532721227
33764.44,ROW-mean-Corr,397,397,697368,0,geod_dist_to_target,100,0.0
33764.44,ROW-mean-Corr,397,5725,201469,0,geod_dist_to_target,5,26.644173952189032
33764.44,ROW-mean-Corr,397,7322,201469,0,geod_dist_to_target,6,1.715945768102592
33764.44,ROW-mean-Corr,397,7322,201469,0,geod_dist_to_target,7,1.715945768102592
33764.44,ROW-mean-Corr,397,1602,201469,0,geod_dist_to_target,8,32.17331516035893
33764.44,ROW-mean-Corr,397,1602,201469,0,geod_dist_to_target,9,32.17331516035893
33764.44,ROW-mean-Corr,397,10639,201469,0,geod_dist_to_target,10,19.045364870348262
33764.44,ROW-mean-Corr,397,7322,201469,0,geod_dist_to_target,11,1.715945768102592
33764.44,ROW-mean-Corr,397,10639,201469,0,geod_dist_to_target,12,19.045364870348262
33764.44,ROW-mean-Corr,397,7140,201469,0,geod_dist_to_target,13,0.6709622571610145
33764.44,ROW-mean-Corr,397,7140,201469,0,geod_dist_to_target,14,0.6709622571610145
33764.44,ROW-mean-Corr,397,7140,201469,0,geod_dist_to_target,15,0.6709622571610145
33764.44,ROW-mean-Corr,397,7310,201469,0,geod_dist_to_target,16,0.6633170880691671
33764.44,ROW-mean-Corr,397,7310,201469,0,geod_dist_to_target,17,0.6633170880691671
33764.44,ROW-mean-Corr,397,7310,201469,0,geod_dist_to_target,18,0.6633170880691671
33764.44,ROW-mean-Corr,397,7310,201469,0,geod_dist_to_target,19,0.6633170880691671
33764.44,ROW-mean-Corr,397,7310,201469,0,geod_dist_to_target,20,0.6633170880691671
33764.44,ROW-mean-Corr,397,7310,201469,0,geod_dist_to_target,22,0.6633170880691671
33764.44,ROW-mean-Corr,397,7310,201469,0,geod_dist_to_target,24,0.6633170880691671
33764.44,ROW-mean-Corr,397,7310,201469,0,geod_dist_to_target,26,0.6633170880691671
33764.44,ROW-mean-Corr,397,7310,201469,0,geod_dist_to_target,28,0.6633170880691671
33764.44,ROW-mean-Corr,397,7308,201469,0,geod_dist_to_target,30,0.4308840532721227
33764.44,ROW-mean-Corr,397,7310,201469,0,geod_dist_to_target,32,0.6633170880691671
33764.44,ROW-mean-Corr,397,7308,201469,0,geod_dist_to_target,34,0.4308840532721227
33764.44,ROW-mean-Corr,397,7310,201469,0,geod_dist_to_target,36,0.6633170880691671
33764.44,ROW-mean-Corr,397,7140,201469,0,geod_dist_to_target,38,0.6709622571610145
33764.44,ROW-mean-Corr,397,7140,201469,0,geod_dist_to_target,40,0.6709622571610145
33764.44,ROW-mean-Corr,397,7139,201469,0,geod_dist_to_target,42,0.2016504061378217
33764.44,ROW-mean-Corr,397,539,201469,0,geod_dist_to_target,44,0.38802320100673754
33764.44,ROW-mean-Corr,397,539,201469,0,geod_dist_to_target,46,0.38802320100673754
33764.44,ROW-mean-Corr,397,7147,201469,0,geod_dist_to_target,48,0.7957785580363
33764.44,ROW-mean-Corr,397,7147,201469,0,geod_dist_to_target,50,0.7957785580363
33764.44,ROW-mean-Corr,397,7147,201469,0,geod_dist_to_target,55,0.7957785580363
33764.44,ROW-mean-Corr,397,7147,201469,0,geod_dist_to_target,60,0.7957785580363
33764.44,ROW-mean-Corr,397,7147,201469,0,geod_dist_to_target,65,0.7957785580363
33764.44,ROW-mean-Corr,397,7147,201469,0,geod_dist_to_target,70,0.7957785580363
33764.44,ROW-mean-Corr,397,2839,201469,0,geod_dist_to_target,75,1.1587807197228432
33764.44,ROW-mean-Corr,397,7147,201469,0,geod_dist_to_target,80,0.7957785580363
33764.44,ROW-mean-Corr,397,539,201469,0,geod_dist_to_target,85,0.38802320100673754
33764.44,ROW-mean-Corr,397,539,201469,0,geod_dist_to_target,90,0.38802320100673754
33764.44,ROW-mean-Corr,397,539,201469,0,geod_dist_to_target,95,0.38802320100673754
33764.44,ROW-mean-Corr,397,539,201469,0,geod_dist_to_target,100,0.38802320100673754
33764.44,ROW-mean-Corr,397,2854,94177,0,geod_dist_to_target,5,18.84638764900132
33764.44,ROW-mean-Corr,397,1453,94177,0,geod_dist_to_target,6,5.228976710540593
33764.44,ROW-mean-Corr,397,11303,94177,0,geod_dist_to_target,7,6.450311418211787
33764.44,ROW-mean-Corr,397,8031,94177,0,geod_dist_to_target,8,28.66408283674491
33764.44,ROW-mean-Corr,397,1379,94177,0,geod_dist_to_target,9,30.07335200751135
33764.44,ROW-mean-Corr,397,7902,94177,0,geod_dist_to_target,10,30.52560076411288
33764.44,ROW-mean-Corr,397,7902,94177,0,geod_dist_to_target,11,30.52560076411288
33764.44,ROW-mean-Corr,397,7902,94177,0,geod_dist_to_target,12,30.52560076411288
33764.44,ROW-mean-Corr,397,3640,94177,0,geod_dist_to_target,13,6.6051159608917756
33764.44,ROW-mean-Corr,397,6458,94177,0,geod_dist_to_target,14,6.441531843991965
33764.44,ROW-mean-Corr,397,6288,94177,0,geod_dist_to_target,15,14.549091280416592
33764.44,ROW-mean-Corr,397,7151,94177,0,geod_dist_to_target,16,1.4470688997385839
33764.44,ROW-mean-Corr,397,7151,94177,0,geod_dist_to_target,17,1.4470688997385839
33764.44,ROW-mean-Corr,397,7151,94177,0,geod_dist_to_target,18,1.4470688997385839
33764.44,ROW-mean-Corr,397,7151,94177,0,geod_dist_to_target,19,1.4470688997385839
33764.44,ROW-mean-Corr,397,7151,94177,0,geod_dist_to_target,20,1.4470688997385839
33764.44,ROW-mean-Corr,397,2839,94177,0,geod_dist_to_target,22,1.1587807197228432
33764.44,ROW-mean-Corr,397,2839,94177,0,geod_dist_to_target,24,1.1587807197228432
33764.44,ROW-mean-Corr,397,539,94177,0,geod_dist_to_target,26,0.38802320100673754
33764.44,ROW-mean-Corr,397,539,94177,0,geod_dist_to_target,28,0.38802320100673754
33764.44,ROW-mean-Corr,397,7140,94177,0,geod_dist_to_target,30,0.6709622571610145
33764.44,ROW-mean-Corr,397,7140,94177,0,geod_dist_to_target,32,0.6709622571610145
33764.44,ROW-mean-Corr,397,7140,94177,0,geod_dist_to_target,34,0.6709622571610145
33764.44,ROW-mean-Corr,397,7140,94177,0,geod_dist_to_target,36,0.6709622571610145
33764.44,ROW-mean-Corr,397,7140,94177,0,geod_dist_to_target,38,0.6709622571610145
33764.44,ROW-mean-Corr,397,7140,94177,0,geod_dist_to_target,40,0.6709622571610145
33764.44,ROW-mean-Corr,397,7140,94177,0,geod_dist_to_target,42,0.6709622571610145
33764.44,ROW-mean-Corr,397,539,94177,0,geod_dist_to_target,44,0.38802320100673754
33764.44,ROW-mean-Corr,397,2839,94177,0,geod_dist_to_target,46,1.1587807197228432
33764.44,ROW-mean-Corr,397,2839,94177,0,geod_dist_to_target,48,1.1587807197228432
33764.44,ROW-mean-Corr,397,2839,94177,0,geod_dist_to_target,50,1.1587807197228432
33764.44,ROW-mean-Corr,397,539,94177,0,geod_dist_to_target,55,0.38802320100673754
33764.44,ROW-mean-Corr,397,2839,94177,0,geod_dist_to_target,60,1.1587807197228432
33764.44,ROW-mean-Corr,397,7140,94177,0,geod_dist_to_target,65,0.6709622571610145
33764.44,ROW-mean-Corr,397,7319,94177,0,geod_dist_to_target,70,1.1951117575392998
33764.44,ROW-mean-Corr,397,7319,94177,0,geod_dist_to_target,75,1.1951117575392998
33764.44,ROW-mean-Corr,397,7319,94177,0,geod_dist_to_target,80,1.1951117575392998
33764.44,ROW-mean-Corr,397,539,94177,0,geod_dist_to_target,85,0.38802320100673754
33764.44,ROW-mean-Corr,397,7140,94177,0,geod_dist_to_target,90,0.6709622571610145
33764.44,ROW-mean-Corr,397,7140,94177,0,geod_dist_to_target,95,0.6709622571610145
33764.44,ROW-mean-Corr,397,7140,94177,0,geod_dist_to_target,100,0.6709622571610145
33764.44,ROW-max-Corr,397,9420,89250,0,geod_dist_to_target,5,35.072174568412585
33764.44,ROW-max-Corr,397,8815,89250,0,geod_dist_to_target,6,22.681238257081656
33764.44,ROW-max-Corr,397,2006,89250,0,geod_dist_to_target,7,23.50003967666495
33764.44,ROW-max-Corr,397,12633,89250,0,geod_dist_to_target,8,29.742506039039245
33764.44,ROW-max-Corr,397,7894,89250,0,geod_dist_to_target,9,22.456590391778633
33764.44,ROW-max-Corr,397,6069,89250,0,geod_dist_to_target,10,4.872837304787834
33764.44,ROW-max-Corr,397,6069,89250,0,geod_dist_to_target,11,4.872837304787834
33764.44,ROW-max-Corr,397,7154,89250,0,geod_dist_to_target,12,2.0113030673105974
33764.44,ROW-max-Corr,397,10355,89250,0,geod_dist_to_target,13,2.386924937642826
33764.44,ROW-max-Corr,397,11715,89250,0,geod_dist_to_target,14,3.2127338995261803
33764.44,ROW-max-Corr,397,11715,89250,0,geod_dist_to_target,15,3.2127338995261803
33764.44,ROW-max-Corr,397,11715,89250,0,geod_dist_to_target,16,3.2127338995261803
33764.44,ROW-max-Corr,397,11715,89250,0,geod_dist_to_target,17,3.2127338995261803
33764.44,ROW-max-Corr,397,7132,89250,0,geod_dist_to_target,18,0.5843784874771326
33764.44,ROW-max-Corr,397,10355,89250,0,geod_dist_to_target,19,2.386924937642826
33764.44,ROW-max-Corr,397,11715,89250,0,geod_dist_to_target,20,3.2127338995261803
33764.44,ROW-max-Corr,397,11715,89250,0,geod_dist_to_target,22,3.2127338995261803
33764.44,ROW-max-Corr,397,9967,89250,0,geod_dist_to_target,24,0.31516748911608633
33764.44,ROW-max-Corr,397,11135,89250,0,geod_dist_to_target,26,5.366105743528365
33764.44,ROW-max-Corr,397,11135,89250,0,geod_dist_to_target,28,5.366105743528365
33764.44,ROW-max-Corr,397,10355,89250,0,geod_dist_to_target,30,2.386924937642826
33764.44,ROW-max-Corr,397,9967,89250,0,geod_dist_to_target,32,0.31516748911608633
33764.44,ROW-max-Corr,397,9967,89250,0,geod_dist_to_target,34,0.31516748911608633
33764.44,ROW-max-Corr,397,9967,89250,0,geod_dist_to_target,36,0.31516748911608633
33764.44,ROW-max-Corr,397,397,89250,0,geod_dist_to_target,38,0.0
33764.44,ROW-max-Corr,397,397,89250,0,geod_dist_to_target,40,0.0
33764.44,ROW-max-Corr,397,397,89250,0,geod_dist_to_target,42,0.0
33764.44,ROW-max-Corr,397,397,89250,0,geod_dist_to_target,44,0.0
33764.44,ROW-max-Corr,397,397,89250,0,geod_dist_to_target,46,0.0
33764.44,ROW-max-Corr,397,397,89250,0,geod_dist_to_target,48,0.0
33764.44,ROW-max-Corr,397,397,89250,0,geod_dist_to_target,50,0.0
33764.44,ROW-max-Corr,397,397,89250,0,geod_dist_to_target,55,0.0
33764.44,ROW-max-Corr,397,397,89250,0,geod_dist_to_target,60,0.0
33764.44,ROW-max-Corr,397,397,89250,0,geod_dist_to_target,65,0.0
33764.44,ROW-max-Corr,397,397,89250,0,geod_dist_to_target,70,0.0
33764.44,ROW-max-Corr,397,7154,89250,0,geod_dist_to_target,75,2.0113030673105974
33764.44,ROW-max-Corr,397,7154,89250,0,geod_dist_to_target,80,2.0113030673105974
33764.44,ROW-max-Corr,397,7154,89250,0,geod_dist_to_target,85,2.0113030673105974
33764.44,ROW-max-Corr,397,7154,89250,0,geod_dist_to_target,90,2.0113030673105974
33764.44,ROW-max-Corr,397,7154,89250,0,geod_dist_to_target,95,2.0113030673105974
33764.44,ROW-max-Corr,397,7154,89250,0,geod_dist_to_target,100,2.0113030673105974
33764.44,ROW-max-Corr,397,7129,773956,0,geod_dist_to_target,5,1.490512303557231
33764.44,ROW-max-Corr,397,11033,773956,0,geod_dist_to_target,6,41.536107700361256
33764.44,ROW-max-Corr,397,9967,773956,0,geod_dist_to_target,7,0.31516748911608633
33764.44,ROW-max-Corr,397,9967,773956,0,geod_dist_to_target,8,0.31516748911608633
33764.44,ROW-max-Corr,397,9967,773956,0,geod_dist_to_target,9,0.31516748911608633
33764.44,ROW-max-Corr,397,53,773956,0,geod_dist_to_target,10,0.9173818524657898
33764.44,ROW-max-Corr,397,53,773956,0,geod_dist_to_target,11,0.9173818524657898
33764.44,ROW-max-Corr,397,7319,773956,0,geod_dist_to_target,12,1.1951117575392998
33764.44,ROW-max-Corr,397,7319,773956,0,geod_dist_to_target,13,1.1951117575392998
33764.44,ROW-max-Corr,397,7319,773956,0,geod_dist_to_target,14,1.1951117575392998
33764.44,ROW-max-Corr,397,7320,773956,0,geod_dist_to_target,15,0.8244644267609091
33764.44,ROW-max-Corr,397,7308,773956,0,geod_dist_to_target,16,0.4308840532721227
33764.44,ROW-max-Corr,397,7308,773956,0,geod_dist_to_target,17,0.4308840532721227
33764.44,ROW-max-Corr,397,7297,773956,0,geod_dist_to_target,18,0.5673239166111407
33764.44,ROW-max-Corr,397,10762,773956,0,geod_dist_to_target,19,1.016774986961489
33764.44,ROW-max-Corr,397,9967,773956,0,geod_dist_to_target,20,0.31516748911608633
33764.44,ROW-max-Corr,397,7132,773956,0,geod_dist_to_target,22,0.5843784874771326
33764.44,ROW-max-Corr,397,9967,773956,0,geod_dist_to_target,24,0.31516748911608633
33764.44,ROW-max-Corr,397,9967,773956,0,geod_dist_to_target,26,0.31516748911608633
33764.44,ROW-max-Corr,397,9967,773956,0,geod_dist_to_target,28,0.31516748911608633
33764.44,ROW-max-Corr,397,9967,773956,0,geod_dist_to_target,30,0.31516748911608633
33764.44,ROW-max-Corr,397,9967,773956,0,geod_dist_to_target,32,0.31516748911608633
33764.44,ROW-max-Corr,397,9967,773956,0,geod_dist_to_target,34,0.31516748911608633
33764.44,ROW-max-Corr,397,9967,773956,0,geod_dist_to_target,36,0.31516748911608633
33764.44,ROW-max-Corr,397,9967,773956,0,geod_dist_to_target,38,0.31516748911608633
33764.44,ROW-max-Corr,397,9967,773956,0,geod_dist_to_target,40,0.31516748911608633
33764.44,ROW-max-Corr,397,9967,773956,0,geod_dist_to_target,42,0.31516748911608633
33764.44,ROW-max-Corr,397,9967,773956,0,geod_dist_to_target,44,0.31516748911608633
33764.44,ROW-max-Corr,397,1416,773956,0,geod_dist_to_target,46,0.351149464224456
33764.44,ROW-max-Corr,397,1416,773956,0,geod_dist_to_target,48,0.351149464224456
33764.44,ROW-max-Corr,397,1416,773956,0,geod_dist_to_target,50,0.351149464224456
33764.44,ROW-max-Corr,397,9967,773956,0,geod_dist_to_target,55,0.31516748911608633
33764.44,ROW-max-Corr,397,9967,773956,0,geod_dist_to_target,60,0.31516748911608633
33764.44,ROW-max-Corr,397,397,773956,0,geod_dist_to_target,65,0.0
33764.44,ROW-max-Corr,397,397,773956,0,geod_dist_to_target,70,0.0
33764.44,ROW-max-Corr,397,397,773956,0,geod_dist_to_target,75,0.0
33764.44,ROW-max-Corr,397,397,773956,0,geod_dist_to_target,80,0.0
33764.44,ROW-max-Corr,397,397,773956,0,geod_dist_to_target,85,0.0
33764.44,ROW-max-Corr,397,397,773956,0,geod_dist_to_target,90,0.0
33764.44,ROW-max-Corr,397,397,773956,0,geod_dist_to_target,95,0.0
33764.44,ROW-max-Corr,397,397,773956,0,geod_dist_to_target,100,0.0
33764.44,ROW-max-Corr,397,7184,654571,0,geod_dist_to_target,5,19.990856571853826
33764.44,ROW-max-Corr,397,7016,654571,0,geod_dist_to_target,6,19.47306269132727
33764.44,ROW-max-Corr,397,7016,654571,0,geod_dist_to_target,7,19.47306269132727
33764.44,ROW-max-Corr,397,7184,654571,0,geod_dist_to_target,8,19.990856571853826
33764.44,ROW-max-Corr,397,2924,654571,0,geod_dist_to_target,9,1.1796843833734636
33764.44,ROW-max-Corr,397,128,654571,0,geod_dist_to_target,10,0.8067405351312805
33764.44,ROW-max-Corr,397,128,654571,0,geod_dist_to_target,11,0.8067405351312805
33764.44,ROW-max-Corr,397,128,654571,0,geod_dist_to_target,12,0.8067405351312805
33764.44,ROW-max-Corr,397,128,654571,0,geod_dist_to_target,13,0.8067405351312805
33764.44,ROW-max-Corr,397,128,654571,0,geod_dist_to_target,14,0.8067405351312805
33764.44,ROW-max-Corr,397,128,654571,0,geod_dist_to_target,15,0.8067405351312805
33764.44,ROW-max-Corr,397,7321,654571,0,geod_dist_to_target,16,1.3795693575734465
33764.44,ROW-max-Corr,397,7321,654571,0,geod_dist_to_target,17,1.3795693575734465
33764.44,ROW-max-Corr,397,7310,654571,0,geod_dist_to_target,18,0.6633170880691671
33764.44,ROW-max-Corr,397,7320,654571,0,geod_dist_to_target,19,0.8244644267609091
33764.44,ROW-max-Corr,397,1416,654571,0,geod_dist_to_target,20,0.351149464224456
33764.44,ROW-max-Corr,397,1416,654571,0,geod_dist_to_target,22,0.351149464224456
33764.44,ROW-max-Corr,397,397,654571,0,geod_dist_to_target,24,0.0
33764.44,ROW-max-Corr,397,397,654571,0,geod_dist_to_target,26,0.0
33764.44,ROW-max-Corr,397,397,654571,0,geod_dist_to_target,28,0.0
33764.44,ROW-max-Corr,397,397,654571,0,geod_dist_to_target,30,0.0
33764.44,ROW-max-Corr,397,397,654571,0,geod_dist_to_target,32,0.0
33764.44,ROW-max-Corr,397,6953,654571,0,geod_dist_to_target,34,0.7017060632010518
33764.44,ROW-max-Corr,397,6953,654571,0,geod_dist_to_target,36,0.7017060632010518
33764.44,ROW-max-Corr,397,397,654571,0,geod_dist_to_target,38,0.0
33764.44,ROW-max-Corr,397,397,654571,0,geod_dist_to_target,40,0.0
33764.44,ROW-max-Corr,397,397,654571,0,geod_dist_to_target,42,0.0
33764.44,ROW-max-Corr,397,397,654571,0,geod_dist_to_target,44,0.0
33764.44,ROW-max-Corr,397,397,654571,0,geod_dist_to_target,46,0.0
33764.44,ROW-max-Corr,397,397,654571,0,geod_dist_to_target,48,0.0
33764.44,ROW-max-Corr,397,397,654571,0,geod_dist_to_target,50,0.0
33764.44,ROW-max-Corr,397,1416,654571,0,geod_dist_to_target,55,0.351149464224456
33764.44,ROW-max-Corr,397,1416,654571,0,geod_dist_to_target,60,0.351149464224456
33764.44,ROW-max-Corr,397,1416,654571,0,geod_dist_to_target,65,0.351149464224456
33764.44,ROW-max-Corr,397,397,654571,0,geod_dist_to_target,70,0.0
33764.44,ROW-max-Corr,397,397,654571,0,geod_dist_to_target,75,0.0
33764.44,ROW-max-Corr,397,397,654571,0,geod_dist_to_target,80,0.0
33764.44,ROW-max-Corr,397,397,654571,0,geod_dist_to_target,85,0.0
33764.44,ROW-max-Corr,397,397,654571,0,geod_dist_to_target,90,0.0
33764.44,ROW-max-Corr,397,397,654571,0,geod_dist_to_target,95,0.0
33764.44,ROW-max-Corr,397,397,654571,0,geod_dist_to_target,100,0.0
33764.44,ROW-max-Corr,397,3866,438878,0,geod_dist_to_target,5,21.200476878226215
33764.44,ROW-max-Corr,397,8480,438878,0,geod_dist_to_target,6,23.82778417170016
33764.44,ROW-max-Corr,397,8766,438878,0,geod_dist_to_target,7,23.291253915693613
33764.44,ROW-max-Corr,397,12633,438878,0,geod_dist_to_target,8,29.742506039039245
33764.44,ROW-max-Corr,397,1124,438878,0,geod_dist_to_target,9,20.2123702447717
33764.44,ROW-max-Corr,397,6953,438878,0,geod_dist_to_target,10,0.7017060632010518
33764.44,ROW-max-Corr,397,6953,438878,0,geod_dist_to_target,11,0.7017060632010518
33764.44,ROW-max-Corr,397,6609,438878,0,geod_dist_to_target,12,4.923881817803242
33764.44,ROW-max-Corr,397,11329,438878,0,geod_dist_to_target,13,3.5443574676561744
33764.44,ROW-max-Corr,397,6609,438878,0,geod_dist_to_target,14,4.923881817803242
33764.44,ROW-max-Corr,397,6609,438878,0,geod_dist_to_target,15,4.923881817803242
33764.44,ROW-max-Corr,397,6609,438878,0,geod_dist_to_target,16,4.923881817803242
33764.44,ROW-max-Corr,397,6609,438878,0,geod_dist_to_target,17,4.923881817803242
33764.44,ROW-max-Corr,397,12088,438878,0,geod_dist_to_target,18,4.6222412132131385
33764.44,ROW-max-Corr,397,12088,438878,0,geod_dist_to_target,19,4.6222412132131385
33764.44,ROW-max-Corr,397,6442,438878,0,geod_dist_to_target,20,5.8858727686320185
33764.44,ROW-max-Corr,397,3557,438878,0,geod_dist_to_target,22,4.624811996317486
33764.44,ROW-max-Corr,397,3557,438878,0,geod_dist_to_target,24,4.624811996317486
33764.44,ROW-max-Corr,397,3557,438878,0,geod_dist_to_target,26,4.624811996317486
33764.44,ROW-max-Corr,397,3557,438878,0,geod_dist_to_target,28,4.624811996317486
33764.44,ROW-max-Corr,397,3557,438878,0,geod_dist_to_target,30,4.624811996317486
33764.44,ROW-max-Corr,397,3557,438878,0,geod_dist_to_target,32,4.624811996317486
33764.44,ROW-max-Corr,397,3557,438878,0,geod_dist_to_target,34,4.624811996317486
33764.44,ROW-max-Corr,397,3557,438878,0,geod_dist_to_target,36,4.624811996317486
33764.44,ROW-max-Corr,397,2105,438878,0,geod_dist_to_target,38,2.422963314045468
33764.44,ROW-max-Corr,397,2105,438878,0,geod_dist_to_target,40,2.422963314045468
33764.44,ROW-max-Corr,397,2105,438878,0,geod_dist_to_target,42,2.422963314045468
33764.44,ROW-max-Corr,397,2105,438878,0,geod_dist_to_target,44,2.422963314045468
33764.44,ROW-max-Corr,397,2105,438878,0,geod_dist_to_target,46,2.422963314045468
33764.44,ROW-max-Corr,397,2105,438878,0,geod_dist_to_target,48,2.422963314045468
33764.44,ROW-max-Corr,397,2105,438878,0,geod_dist_to_target,50,2.422963314045468
33764.44,ROW-max-Corr,397,2105,438878,0,geod_dist_to_target,55,2.422963314045468
33764.44,ROW-max-Corr,397,2105,438878,0,geod_dist_to_target,60,2.422963314045468
33764.44,ROW-max-Corr,397,2105,438878,0,geod_dist_to_target,65,2.422963314045468
33764.44,ROW-max-Corr,397,2105,438878,0,geod_dist_to_target,70,2.422963314045468
33764.44,ROW-max-Corr,397,2105,438878,0,geod_dist_to_target,75,2.422963314045468
33764.44,ROW-max-Corr,397,2105,438878,0,geod_dist_to_target,80,2.422963314045468
33764.44,ROW-max-Corr,397,2105,438878,0,geod_dist_to_target,85,2.422963314045468
33764.44,ROW-max-Corr,397,2105,438878,0,geod_dist_to_target,90,2.422963314045468
33764.44,ROW-max-Corr,397,2105,438878,0,geod_dist_to_target,95,2.422963314045468
33764.44,ROW-max-Corr,397,2105,438878,0,geod_dist_to_target,100,2.422963314045468
33764.44,ROW-max-Corr,397,6800,433015,0,geod_dist_to_target,5,6.618430649948036
33764.44,ROW-max-Corr,397,7147,433015,0,geod_dist_to_target,6,0.7957785580363
33764.44,ROW-max-Corr,397,344,433015,0,geod_dist_to_target,7,6.908104206331327
33764.44,ROW-max-Corr,397,6444,433015,0,geod_dist_to_target,8,6.1417083223115165
33764.44,ROW-max-Corr,397,4357,433015,0,geod_dist_to_target,9,26.53765319898193
33764.44,ROW-max-Corr,397,2771,433015,0,geod_dist_to_target,10,4.998019845774558
33764.44,ROW-max-Corr,397,2771,433015,0,geod_dist_to_target,11,4.998019845774558
33764.44,ROW-max-Corr,397,6069,433015,0,geod_dist_to_target,12,4.872837304787834
33764.44,ROW-max-Corr,397,6954,433015,0,geod_dist_to_target,13,0.5369293938455116
33764.44,ROW-max-Corr,397,6954,433015,0,geod_dist_to_target,14,0.5369293938455116
33764.44,ROW-max-Corr,397,6954,433015,0,geod_dist_to_target,15,0.5369293938455116
33764.44,ROW-max-Corr,397,397,433015,0,geod_dist_to_target,16,0.0
33764.44,ROW-max-Corr,397,1416,433015,0,geod_dist_to_target,17,0.351149464224456
33764.44,ROW-max-Corr,397,6953,433015,0,geod_dist_to_target,18,0.7017060632010518
33764.44,ROW-max-Corr,397,1416,433015,0,geod_dist_to_target,19,0.351149464224456
33764.44,ROW-max-Corr,397,397,433015,0,geod_dist_to_target,20,0.0
33764.44,ROW-max-Corr,397,6954,433015,0,geod_dist_to_target,22,0.5369293938455116
33764.44,ROW-max-Corr,397,6953,433015,0,geod_dist_to_target,24,0.7017060632010518
33764.44,ROW-max-Corr,397,397,433015,0,geod_dist_to_target,26,0.0
33764.44,ROW-max-Corr,397,397,433015,0,geod_dist_to_target,28,0.0
33764.44,ROW-max-Corr,397,397,433015,0,geod_dist_to_target,30,0.0
33764.44,ROW-max-Corr,397,6954,433015,0,geod_dist_to_target,32,0.5369293938455116
33764.44,ROW-max-Corr,397,6954,433015,0,geod_dist_to_target,34,0.5369293938455116
33764.44,ROW-max-Corr,397,6953,433015,0,geod_dist_to_target,36,0.7017060632010518
33764.44,ROW-max-Corr,397,1416,433015,0,geod_dist_to_target,38,0.351149464224456
33764.44,ROW-max-Corr,397,1416,433015,0,geod_dist_to_target,40,0.351149464224456
33764.44,ROW-max-Corr,397,1416,433015,0,geod_dist_to_target,42,0.351149464224456
33764.44,ROW-max-Corr,397,1416,433015,0,geod_dist_to_target,44,0.351149464224456
33764.44,ROW-max-Corr,397,1416,433015,0,geod_dist_to_target,46,0.351149464224456
33764.44,ROW-max-Corr,397,1416,433015,0,geod_dist_to_target,48,0.351149464224456
33764.44,ROW-max-Corr,397,1103,433015,0,geod_dist_to_target,50,1.362453161382825
33764.44,ROW-max-Corr,397,6953,433015,0,geod_dist_to_target,55,0.7017060632010518
33764.44,ROW-max-Corr,397,1416,433015,0,geod_dist_to_target,60,0.351149464224456
33764.44,ROW-max-Corr,397,1416,433015,0,geod_dist_to_target,65,0.351149464224456
33764.44,ROW-max-Corr,397,1416,433015,0,geod_dist_to_target,70,0.351149464224456
33764.44,ROW-max-Corr,397,1416,433015,0,geod_dist_to_target,75,0.351149464224456
33764.44,ROW-max-Corr,397,1416,433015,0,geod_dist_to_target,80,0.351149464224456
33764.44,ROW-max-Corr,397,1416,433015,0,geod_dist_to_target,85,0.351149464224456
33764.44,ROW-max-Corr,397,1416,433015,0,geod_dist_to_target,90,0.351149464224456
33764.44,ROW-max-Corr,397,1416,433015,0,geod_dist_to_target,95,0.351149464224456
33764.44,ROW-max-Corr,397,1416,433015,0,geod_dist_to_target,100,0.351149464224456
33764.44,ROW-max-Corr,397,2039,858597,0,geod_dist_to_target,5,24.34893440398646
33764.44,ROW-max-Corr,397,8512,858597,0,geod_dist_to_target,6,19.356989276463533
33764.44,ROW-max-Corr,397,8500,858597,0,geod_dist_to_target,7,19.75521274640676
33764.44,ROW-max-Corr,397,7140,858597,0,geod_dist_to_target,8,0.6709622571610145
33764.44,ROW-max-Corr,397,7310,858597,0,geod_dist_to_target,9,0.6633170880691671
33764.44,ROW-max-Corr,397,7310,858597,0,geod_dist_to_target,10,0.6633170880691671
33764.44,ROW-max-Corr,397,7310,858597,0,geod_dist_to_target,11,0.6633170880691671
33764.44,ROW-max-Corr,397,7310,858597,0,geod_dist_to_target,12,0.6633170880691671
33764.44,ROW-max-Corr,397,7145,858597,0,geod_dist_to_target,13,0.9154545139848457
33764.44,ROW-max-Corr,397,7145,858597,0,geod_dist_to_target,14,0.9154545139848457
33764.44,ROW-max-Corr,397,6954,858597,0,geod_dist_to_target,15,0.5369293938455116
33764.44,ROW-max-Corr,397,6954,858597,0,geod_dist_to_target,16,0.5369293938455116
33764.44,ROW-max-Corr,397,7140,858597,0,geod_dist_to_target,17,0.6709622571610145
33764.44,ROW-max-Corr,397,7140,858597,0,geod_dist_to_target,18,0.6709622571610145
33764.44,ROW-max-Corr,397,7310,858597,0,geod_dist_to_target,19,0.6633170880691671
33764.44,ROW-max-Corr,397,7139,858597,0,geod_dist_to_target,20,0.2016504061378217
33764.44,ROW-max-Corr,397,539,858597,0,geod_dist_to_target,22,0.38802320100673754
33764.44,ROW-max-Corr,397,7319,858597,0,geod_dist_to_target,24,1.1951117575392998
33764.44,ROW-max-Corr,397,539,858597,0,geod_dist_to_target,26,0.38802320100673754
33764.44,ROW-max-Corr,397,539,858597,0,geod_dist_to_target,28,0.38802320100673754
33764.44,ROW-max-Corr,397,539,858597,0,geod_dist_to_target,30,0.38802320100673754
33764.44,ROW-max-Corr,397,7139,858597,0,geod_dist_to_target,32,0.2016504061378217
33764.44,ROW-max-Corr,397,7139,858597,0,geod_dist_to_target,34,0.2016504061378217
33764.44,ROW-max-Corr,397,397,858597,0,geod_dist_to_target,36,0.0
33764.44,ROW-max-Corr,397,397,858597,0,geod_dist_to_target,38,0.0
33764.44,ROW-max-Corr,397,397,858597,0,geod_dist_to_target,40,0.0
33764.44,ROW-max-Corr,397,397,858597,0,geod_dist_to_target,42,0.0
33764.44,ROW-max-Corr,397,397,858597,0,geod_dist_to_target,44,0.0
33764.44,ROW-max-Corr,397,397,858597,0,geod_dist_to_target,46,0.0
33764.44,ROW-max-Corr,397,397,858597,0,geod_dist_to_target,48,0.0
33764.44,ROW-max-Corr,397,397,858597,0,geod_dist_to_target,50,0.0
33764.44,ROW-max-Corr,397,397,858597,0,geod_dist_to_target,55,0.0
33764.44,ROW-max-Corr,397,397,858597,0,geod_dist_to_target,60,0.0
33764.44,ROW-max-Corr,397,397,858597,0,geod_dist_to_target,65,0.0
33764.44,ROW-max-Corr,397,397,858597,0,geod_dist_to_target,70,0.0
33764.44,ROW-max-Corr,397,397,858597,0,geod_dist_to_target,75,0.0
33764.44,ROW-max-Corr,397,397,858597,0,geod_dist_to_target,80,0.0
33764.44,ROW-max-Corr,397,397,858597,0,geod_dist_to_target,85,0.0
33764.44,ROW-max-Corr,397,7154,858597,0,geod_dist_to_target,90,2.0113030673105974
33764.44,ROW-max-Corr,397,7154,858597,0,geod_dist_to_target,95,2.0113030673105974
33764.44,ROW-max-Corr,397,7154,858597,0,geod_dist_to_target,100,2.0113030673105974
33764.44,ROW-max-Corr,397,6296,85945,0,geod_dist_to_target,5,18.19836948474629
33764.44,ROW-max-Corr,397,9967,85945,0,geod_dist_to_target,6,0.31516748911608633
33764.44,ROW-max-Corr,397,7308,85945,0,geod_dist_to_target,7,0.4308840532721227
33764.44,ROW-max-Corr,397,7297,85945,0,geod_dist_to_target,8,0.5673239166111407
33764.44,ROW-max-Corr,397,53,85945,0,geod_dist_to_target,9,0.9173818524657898
33764.44,ROW-max-Corr,397,53,85945,0,geod_dist_to_target,10,0.9173818524657898
33764.44,ROW-max-Corr,397,7310,85945,0,geod_dist_to_target,11,0.6633170880691671
33764.44,ROW-max-Corr,397,539,85945,0,geod_dist_to_target,12,0.38802320100673754
33764.44,ROW-max-Corr,397,539,85945,0,geod_dist_to_target,13,0.38802320100673754
33764.44,ROW-max-Corr,397,539,85945,0,geod_dist_to_target,14,0.38802320100673754
33764.44,ROW-max-Corr,397,539,85945,0,geod_dist_to_target,15,0.38802320100673754
33764.44,ROW-max-Corr,397,7139,85945,0,geod_dist_to_target,16,0.2016504061378217
33764.44,ROW-max-Corr,397,1416,85945,0,geod_dist_to_target,17,0.351149464224456
33764.44,ROW-max-Corr,397,1416,85945,0,geod_dist_to_target,18,0.351149464224456
33764.44,ROW-max-Corr,397,1416,85945,0,geod_dist_to_target,19,0.351149464224456
33764.44,ROW-max-Corr,397,1416,85945,0,geod_dist_to_target,20,0.351149464224456
33764.44,ROW-max-Corr,397,1416,85945,0,geod_dist_to_target,22,0.351149464224456
33764.44,ROW-max-Corr,397,1416,85945,0,geod_dist_to_target,24,0.351149464224456
33764.44,ROW-max-Corr,397,397,85945,0,geod_dist_to_target,26,0.0
33764.44,ROW-max-Corr,397,397,85945,0,geod_dist_to_target,28,0.0
33764.44,ROW-max-Corr,397,397,85945,0,geod_dist_to_target,30,0.0
33764.44,ROW-max-Corr,397,397,85945,0,geod_dist_to_target,32,0.0
33764.44,ROW-max-Corr,397,397,85945,0,geod_dist_to_target,34,0.0
33764.44,ROW-max-Corr,397,9967,85945,0,geod_dist_to_target,36,0.31516748911608633
33764.44,ROW-max-Corr,397,397,85945,0,geod_dist_to_target,38,0.0
33764.44,ROW-max-Corr,397,397,85945,0,geod_dist_to_target,40,0.0
33764.44,ROW-max-Corr,397,397,85945,0,geod_dist_to_target,42,0.0
33764.44,ROW-max-Corr,397,397,85945,0,geod_dist_to_target,44,0.0
33764.44,ROW-max-Corr,397,397,85945,0,geod_dist_to_target,46,0.0
33764.44,ROW-max-Corr,397,397,85945,0,geod_dist_to_target,48,0.0
33764.44,ROW-max-Corr,397,9967,85945,0,geod_dist_to_target,50,0.31516748911608633
33764.44,ROW-max-Corr,397,7297,85945,0,geod_dist_to_target,55,0.5673239166111407
33764.44,ROW-max-Corr,397,7297,85945,0,geod_dist_to_target,60,0.5673239166111407
33764.44,ROW-max-Corr,397,7297,85945,0,geod_dist_to_target,65,0.5673239166111407
33764.44,ROW-max-Corr,397,7297,85945,0,geod_dist_to_target,70,0.5673239166111407
33764.44,ROW-max-Corr,397,9967,85945,0,geod_dist_to_target,75,0.31516748911608633
33764.44,ROW-max-Corr,397,9967,85945,0,geod_dist_to_target,80,0.31516748911608633
33764.44,ROW-max-Corr,397,9967,85945,0,geod_dist_to_target,85,0.31516748911608633
33764.44,ROW-max-Corr,397,9967,85945,0,geod_dist_to_target,90,0.31516748911608633
33764.44,ROW-max-Corr,397,9967,85945,0,geod_dist_to_target,95,0.31516748911608633
33764.44,ROW-max-Corr,397,7297,85945,0,geod_dist_to_target,100,0.5673239166111407
33764.44,ROW-max-Corr,397,4342,697368,0,geod_dist_to_target,5,18.1759668748814
33764.44,ROW-max-Corr,397,8336,697368,0,geod_dist_to_target,6,18.388595593932326
33764.44,ROW-max-Corr,397,8336,697368,0,geod_dist_to_target,7,18.388595593932326
33764.44,ROW-max-Corr,397,7062,697368,0,geod_dist_to_target,8,18.73136069250886
33764.44,ROW-max-Corr,397,6033,697368,0,geod_dist_to_target,9,15.130646426213241
33764.44,ROW-max-Corr,397,6626,697368,0,geod_dist_to_target,10,5.696123022434257
33764.44,ROW-max-Corr,397,6440,697368,0,geod_dist_to_target,11,6.376125114151246
33764.44,ROW-max-Corr,397,5898,697368,0,geod_dist_to_target,12,25.377527274303745
33764.44,ROW-max-Corr,397,2363,697368,0,geod_dist_to_target,13,6.35213524765144
33764.44,ROW-max-Corr,397,2363,697368,0,geod_dist_to_target,14,6.35213524765144
33764.44,ROW-max-Corr,397,7140,697368,0,geod_dist_to_target,15,0.6709622571610145
33764.44,ROW-max-Corr,397,10355,697368,0,geod_dist_to_target,16,2.386924937642826
33764.44,ROW-max-Corr,397,6453,697368,0,geod_dist_to_target,17,7.961122152645068
33764.44,ROW-max-Corr,397,6457,697368,0,geod_dist_to_target,18,6.5473238647469145
33764.44,ROW-max-Corr,397,6457,697368,0,geod_dist_to_target,19,6.5473238647469145
33764.44,ROW-max-Corr,397,6457,697368,0,geod_dist_to_target,20,6.5473238647469145
33764.44,ROW-max-Corr,397,6457,697368,0,geod_dist_to_target,22,6.5473238647469145
33764.44,ROW-max-Corr,397,6457,697368,0,geod_dist_to_target,24,6.5473238647469145
33764.44,ROW-max-Corr,397,6457,697368,0,geod_dist_to_target,26,6.5473238647469145
33764.44,ROW-max-Corr,397,6457,697368,0,geod_dist_to_target,28,6.5473238647469145
33764.44,ROW-max-Corr,397,6457,697368,0,geod_dist_to_target,30,6.5473238647469145
33764.44,ROW-max-Corr,397,7658,697368,0,geod_dist_to_target,32,6.985532909420818
33764.44,ROW-max-Corr,397,7658,697368,0,geod_dist_to_target,34,6.985532909420818
33764.44,ROW-max-Corr,397,7658,697368,0,geod_dist_to_target,36,6.985532909420818
33764.44,ROW-max-Corr,397,7658,697368,0,geod_dist_to_target,38,6.985532909420818
33764.44,ROW-max-Corr,397,1416,697368,0,geod_dist_to_target,40,0.351149464224456
33764.44,ROW-max-Corr,397,1416,697368,0,geod_dist_to_target,42,0.351149464224456
33764.44,ROW-max-Corr,397,1416,697368,0,geod_dist_to_target,44,0.351149464224456
33764.44,ROW-max-Corr,397,397,697368,0,geod_dist_to_target,46,0.0
33764.44,ROW-max-Corr,397,9967,697368,0,geod_dist_to_target,48,0.31516748911608633
33764.44,ROW-max-Corr,397,397,697368,0,geod_dist_to_target,50,0.0
33764.44,ROW-max-Corr,397,397,697368,0,geod_dist_to_target,55,0.0
33764.44,ROW-max-Corr,397,397,697368,0,geod_dist_to_target,60,0.0
33764.44,ROW-max-Corr,397,9967,697368,0,geod_dist_to_target,65,0.31516748911608633
33764.44,ROW-max-Corr,397,9967,697368,0,geod_dist_to_target,70,0.31516748911608633
33764.44,ROW-max-Corr,397,9967,697368,0,geod_dist_to_target,75,0.31516748911608633
33764.44,ROW-max-Corr,397,9967,697368,0,geod_dist_to_target,80,0.31516748911608633
33764.44,ROW-max-Corr,397,9967,697368,0,geod_dist_to_target,85,0.31516748911608633
33764.44,ROW-max-Corr,397,397,697368,0,geod_dist_to_target,90,0.0
33764.44,ROW-max-Corr,397,397,697368,0,geod_dist_to_target,95,0.0
33764.44,ROW-max-Corr,397,397,697368,0,geod_dist_to_target,100,0.0
33764.44,ROW-max-Corr,397,7616,201469,0,geod_dist_to_target,5,16.546043254614197
33764.44,ROW-max-Corr,397,7605,201469,0,geod_dist_to_target,6,15.457844561390099
33764.44,ROW-max-Corr,397,5615,201469,0,geod_dist_to_target,7,21.149791226549315
33764.44,ROW-max-Corr,397,2839,201469,0,geod_dist_to_target,8,1.1587807197228432
33764.44,ROW-max-Corr,397,2839,201469,0,geod_dist_to_target,9,1.1587807197228432
33764.44,ROW-max-Corr,397,2839,201469,0,geod_dist_to_target,10,1.1587807197228432
33764.44,ROW-max-Corr,397,2839,201469,0,geod_dist_to_target,11,1.1587807197228432
33764.44,ROW-max-Corr,397,7145,201469,0,geod_dist_to_target,12,0.9154545139848457
33764.44,ROW-max-Corr,397,2839,201469,0,geod_dist_to_target,13,1.1587807197228432
33764.44,ROW-max-Corr,397,2839,201469,0,geod_dist_to_target,14,1.1587807197228432
33764.44,ROW-max-Corr,397,7151,201469,0,geod_dist_to_target,15,1.4470688997385839
33764.44,ROW-max-Corr,397,7154,201469,0,geod_dist_to_target,16,2.0113030673105974
33764.44,ROW-max-Corr,397,7154,201469,0,geod_dist_to_target,17,2.0113030673105974
33764.44,ROW-max-Corr,397,7154,201469,0,geod_dist_to_target,18,2.0113030673105974
33764.44,ROW-max-Corr,397,397,201469,0,geod_dist_to_target,19,0.0
33764.44,ROW-max-Corr,397,397,201469,0,geod_dist_to_target,20,0.0
33764.44,ROW-max-Corr,397,9967,201469,0,geod_dist_to_target,22,0.31516748911608633
33764.44,ROW-max-Corr,397,9967,201469,0,geod_dist_to_target,24,0.31516748911608633
33764.44,ROW-max-Corr,397,1416,201469,0,geod_dist_to_target,26,0.351149464224456
33764.44,ROW-max-Corr,397,9967,201469,0,geod_dist_to_target,28,0.31516748911608633
33764.44,ROW-max-Corr,397,397,201469,0,geod_dist_to_target,30,0.0
33764.44,ROW-max-Corr,397,397,201469,0,geod_dist_to_target,32,0.0
33764.44,ROW-max-Corr,397,397,201469,0,geod_dist_to_target,34,0.0
33764.44,ROW-max-Corr,397,11715,201469,0,geod_dist_to_target,36,3.2127338995261803
33764.44,ROW-max-Corr,397,397,201469,0,geod_dist_to_target,38,0.0
33764.44,ROW-max-Corr,397,397,201469,0,geod_dist_to_target,40,0.0
33764.44,ROW-max-Corr,397,397,201469,0,geod_dist_to_target,42,0.0
33764.44,ROW-max-Corr,397,397,201469,0,geod_dist_to_target,44,0.0
33764.44,ROW-max-Corr,397,397,201469,0,geod_dist_to_target,46,0.0
33764.44,ROW-max-Corr,397,397,201469,0,geod_dist_to_target,48,0.0
33764.44,ROW-max-Corr,397,397,201469,0,geod_dist_to_target,50,0.0
33764.44,ROW-max-Corr,397,397,201469,0,geod_dist_to_target,55,0.0
33764.44,ROW-max-Corr,397,397,201469,0,geod_dist_to_target,60,0.0
33764.44,ROW-max-Corr,397,7154,201469,0,geod_dist_to_target,65,2.0113030673105974
33764.44,ROW-max-Corr,397,397,201469,0,geod_dist_to_target,70,0.0
33764.44,ROW-max-Corr,397,11715,201469,0,geod_dist_to_target,75,3.2127338995261803
33764.44,ROW-max-Corr,397,11715,201469,0,geod_dist_to_target,80,3.2127338995261803
33764.44,ROW-max-Corr,397,11715,201469,0,geod_dist_to_target,85,3.2127338995261803
33764.44,ROW-max-Corr,397,11715,201469,0,geod_dist_to_target,90,3.2127338995261803
33764.44,ROW-max-Corr,397,10355,201469,0,geod_dist_to_target,95,2.386924937642826
33764.44,ROW-max-Corr,397,10355,201469,0,geod_dist_to_target,100,2.386924937642826
33764.44,ROW-max-Corr,397,6626,94177,0,geod_dist_to_target,5,5.696123022434257
33764.44,ROW-max-Corr,397,8512,94177,0,geod_dist_to_target,6,19.356989276463533
33764.44,ROW-max-Corr,397,8500,94177,0,geod_dist_to_target,7,19.75521274640676
33764.44,ROW-max-Corr,397,2380,94177,0,geod_dist_to_target,8,5.800689544429868
33764.44,ROW-max-Corr,397,128,94177,0,geod_dist_to_target,9,0.8067405351312805
33764.44,ROW-max-Corr,397,9967,94177,0,geod_dist_to_target,10,0.31516748911608633
33764.44,ROW-max-Corr,397,9967,94177,0,geod_dist_to_target,11,0.31516748911608633
33764.44,ROW-max-Corr,397,3557,94177,0,geod_dist_to_target,12,4.624811996317486
33764.44,ROW-max-Corr,397,3557,94177,0,geod_dist_to_target,13,4.624811996317486
33764.44,ROW-max-Corr,397,3557,94177,0,geod_dist_to_target,14,4.624811996317486
33764.44,ROW-max-Corr,397,3557,94177,0,geod_dist_to_target,15,4.624811996317486
33764.44,ROW-max-Corr,397,3557,94177,0,geod_dist_to_target,16,4.624811996317486
33764.44,ROW-max-Corr,397,7154,94177,0,geod_dist_to_target,17,2.0113030673105974
33764.44,ROW-max-Corr,397,3557,94177,0,geod_dist_to_target,18,4.624811996317486
33764.44,ROW-max-Corr,397,397,94177,0,geod_dist_to_target,19,0.0
33764.44,ROW-max-Corr,397,397,94177,0,geod_dist_to_target,20,0.0
33764.44,ROW-max-Corr,397,10355,94177,0,geod_dist_to_target,22,2.386924937642826
33764.44,ROW-max-Corr,397,397,94177,0,geod_dist_to_target,24,0.0
33764.44,ROW-max-Corr,397,397,94177,0,geod_dist_to_target,26,0.0
33764.44,ROW-max-Corr,397,397,94177,0,geod_dist_to_target,28,0.0
33764.44,ROW-max-Corr,397,397,94177,0,geod_dist_to_target,30,0.0
33764.44,ROW-max-Corr,397,7154,94177,0,geod_dist_to_target,32,2.0113030673105974
33764.44,ROW-max-Corr,397,397,94177,0,geod_dist_to_target,34,0.0
33764.44,ROW-max-Corr,397,397,94177,0,geod_dist_to_target,36,0.0
33764.44,ROW-max-Corr,397,397,94177,0,geod_dist_to_target,38,0.0
33764.44,ROW-max-Corr,397,397,94177,0,geod_dist_to_target,40,0.0
33764.44,ROW-max-Corr,397,397,94177,0,geod_dist_to_target,42,0.0
33764.44,ROW-max-Corr,397,397,94177,0,geod_dist_to_target,44,0.0
33764.44,ROW-max-Corr,397,397,94177,0,geod_dist_to_target,46,0.0
33764.44,ROW-max-Corr,397,397,94177,0,geod_dist_to_target,48,0.0
33764.44,ROW-max-Corr,397,397,94177,0,geod_dist_to_target,50,0.0
33764.44,ROW-max-Corr,397,7308,94177,0,geod_dist_to_target,55,0.4308840532721227
33764.44,ROW-max-Corr,397,7308,94177,0,geod_dist_to_target,60,0.4308840532721227
33764.44,ROW-max-Corr,397,7308,94177,0,geod_dist_to_target,65,0.4308840532721227
33764.44,ROW-max-Corr,397,7308,94177,0,geod_dist_to_target,70,0.4308840532721227
33764.44,ROW-max-Corr,397,7308,94177,0,geod_dist_to_target,75,0.4308840532721227
33764.44,ROW-max-Corr,397,7308,94177,0,geod_dist_to_target,80,0.4308840532721227
33764.44,ROW-max-Corr,397,7308,94177,0,geod_dist_to_target,85,0.4308840532721227
33764.44,ROW-max-Corr,397,7308,94177,0,geod_dist_to_target,90,0.4308840532721227
33764.44,ROW-max-Corr,397,7308,94177,0,geod_dist_to_target,95,0.4308840532721227
33764.44,ROW-max-Corr,397,7308,94177,0,geod_dist_to_target,100,0.4308840532721227
33764.44,COL-mean-Corr(Ben),397,5751,89250,0,geod_dist_to_target,5,19.61623082792532
33764.44,COL-mean-Corr(Ben),397,5751,89250,0,geod_dist_to_target,6,19.61623082792532
33764.44,COL-mean-Corr(Ben),397,9014,89250,0,geod_dist_to_target,7,29.37891025194604
33764.44,COL-mean-Corr(Ben),397,8498,89250,0,geod_dist_to_target,8,20.47584769241227
33764.44,COL-mean-Corr(Ben),397,2702,89250,0,geod_dist_to_target,9,22.042919055995014
33764.44,COL-mean-Corr(Ben),397,11581,89250,0,geod_dist_to_target,10,21.373890383848735
33764.44,COL-mean-Corr(Ben),397,8635,89250,0,geod_dist_to_target,11,21.549768686724292
33764.44,COL-mean-Corr(Ben),397,8635,89250,0,geod_dist_to_target,12,21.549768686724292
33764.44,COL-mean-Corr(Ben),397,8635,89250,0,geod_dist_to_target,13,21.549768686724292
33764.44,COL-mean-Corr(Ben),397,8635,89250,0,geod_dist_to_target,14,21.549768686724292
33764.44,COL-mean-Corr(Ben),397,6964,89250,0,geod_dist_to_target,15,1.6996983892092474
33764.44,COL-mean-Corr(Ben),397,7145,89250,0,geod_dist_to_target,16,0.9154545139848457
33764.44,COL-mean-Corr(Ben),397,6954,89250,0,geod_dist_to_target,17,0.5369293938455116
33764.44,COL-mean-Corr(Ben),397,6954,89250,0,geod_dist_to_target,18,0.5369293938455116
33764.44,COL-mean-Corr(Ben),397,6962,89250,0,geod_dist_to_target,19,0.9395444059483343
33764.44,COL-mean-Corr(Ben),397,6962,89250,0,geod_dist_to_target,20,0.9395444059483343
33764.44,COL-mean-Corr(Ben),397,6962,89250,0,geod_dist_to_target,22,0.9395444059483343
33764.44,COL-mean-Corr(Ben),397,7145,89250,0,geod_dist_to_target,24,0.9154545139848457
33764.44,COL-mean-Corr(Ben),397,7147,89250,0,geod_dist_to_target,26,0.7957785580363
33764.44,COL-mean-Corr(Ben),397,7147,89250,0,geod_dist_to_target,28,0.7957785580363
33764.44,COL-mean-Corr(Ben),397,6954,89250,0,geod_dist_to_target,30,0.5369293938455116
33764.44,COL-mean-Corr(Ben),397,1416,89250,0,geod_dist_to_target,32,0.351149464224456
33764.44,COL-mean-Corr(Ben),397,1416,89250,0,geod_dist_to_target,34,0.351149464224456
33764.44,COL-mean-Corr(Ben),397,1416,89250,0,geod_dist_to_target,36,0.351149464224456
33764.44,COL-mean-Corr(Ben),397,1416,89250,0,geod_dist_to_target,38,0.351149464224456
33764.44,COL-mean-Corr(Ben),397,1416,89250,0,geod_dist_to_target,40,0.351149464224456
33764.44,COL-mean-Corr(Ben),397,11715,89250,0,geod_dist_to_target,42,3.2127338995261803
33764.44,COL-mean-Corr(Ben),397,11715,89250,0,geod_dist_to_target,44,3.2127338995261803
33764.44,COL-mean-Corr(Ben),397,397,89250,0,geod_dist_to_target,46,0.0
33764.44,COL-mean-Corr(Ben),397,1416,89250,0,geod_dist_to_target,48,0.351149464224456
33764.44,COL-mean-Corr(Ben),397,1416,89250,0,geod_dist_to_target,50,0.351149464224456
33764.44,COL-mean-Corr(Ben),397,397,89250,0,geod_dist_to_target,55,0.0
33764.44,COL-mean-Corr(Ben),397,397,89250,0,geod_dist_to_target,60,0.0
33764.44,COL-mean-Corr(Ben),397,397,89250,0,geod_dist_to_target,65,0.0
33764.44,COL-mean-Corr(Ben),397,397,89250,0,geod_dist_to_target,70,0.0
33764.44,COL-mean-Corr(Ben),397,397,89250,0,geod_dist_to_target,75,0.0
33764.44,COL-mean-Corr(Ben),397,397,89250,0,geod_dist_to_target,80,0.0
33764.44,COL-mean-Corr(Ben),397,397,89250,0,geod_dist_to_target,85,0.0
33764.44,COL-mean-Corr(Ben),397,397,89250,0,geod_dist_to_target,90,0.0
33764.44,COL-mean-Corr(Ben),397,9967,89250,0,geod_dist_to_target,95,0.31516748911608633
33764.44,COL-mean-Corr(Ben),397,9967,89250,0,geod_dist_to_target,100,0.31516748911608633
33764.44,COL-mean-Corr(Ben),397,9306,773956,0,geod_dist_to_target,5,8.268009554815904
33764.44,COL-mean-Corr(Ben),397,3919,773956,0,geod_dist_to_target,6,36.879621818105505
33764.44,COL-mean-Corr(Ben),397,3866,773956,0,geod_dist_to_target,7,21.200476878226215
33764.44,COL-mean-Corr(Ben),397,9306,773956,0,geod_dist_to_target,8,8.268009554815904
33764.44,COL-mean-Corr(Ben),397,5930,773956,0,geod_dist_to_target,9,24.391922980083848
33764.44,COL-mean-Corr(Ben),397,5930,773956,0,geod_dist_to_target,10,24.391922980083848
33764.44,COL-mean-Corr(Ben),397,6871,773956,0,geod_dist_to_target,11,20.169535994116096
33764.44,COL-mean-Corr(Ben),397,6871,773956,0,geod_dist_to_target,12,20.169535994116096
33764.44,COL-mean-Corr(Ben),397,6871,773956,0,geod_dist_to_target,13,20.169535994116096
33764.44,COL-mean-Corr(Ben),397,8499,773956,0,geod_dist_to_target,14,20.627622001931034
33764.44,COL-mean-Corr(Ben),397,11829,773956,0,geod_dist_to_target,15,17.89641853027223
33764.44,COL-mean-Corr(Ben),397,6871,773956,0,geod_dist_to_target,16,20.169535994116096
33764.44,COL-mean-Corr(Ben),397,6871,773956,0,geod_dist_to_target,17,20.169535994116096
33764.44,COL-mean-Corr(Ben),397,6871,773956,0,geod_dist_to_target,18,20.169535994116096
33764.44,COL-mean-Corr(Ben),397,7147,773956,0,geod_dist_to_target,19,0.7957785580363
33764.44,COL-mean-Corr(Ben),397,7140,773956,0,geod_dist_to_target,20,0.6709622571610145
33764.44,COL-mean-Corr(Ben),397,8500,773956,0,geod_dist_to_target,22,19.75521274640676
33764.44,COL-mean-Corr(Ben),397,8500,773956,0,geod_dist_to_target,24,19.75521274640676
33764.44,COL-mean-Corr(Ben),397,7140,773956,0,geod_dist_to_target,26,0.6709622571610145
33764.44,COL-mean-Corr(Ben),397,7140,773956,0,geod_dist_to_target,28,0.6709622571610145
33764.44,COL-mean-Corr(Ben),397,7140,773956,0,geod_dist_to_target,30,0.6709622571610145
33764.44,COL-mean-Corr(Ben),397,7140,773956,0,geod_dist_to_target,32,0.6709622571610145
33764.44,COL-mean-Corr(Ben),397,7907,773956,0,geod_dist_to_target,34,27.43154080400447
33764.44,COL-mean-Corr(Ben),397,7907,773956,0,geod_dist_to_target,36,27.43154080400447
33764.44,COL-mean-Corr(Ben),397,7147,773956,0,geod_dist_to_target,38,0.7957785580363
33764.44,COL-mean-Corr(Ben),397,7147,773956,0,geod_dist_to_target,40,0.7957785580363
33764.44,COL-mean-Corr(Ben),397,7147,773956,0,geod_dist_to_target,42,0.7957785580363
33764.44,COL-mean-Corr(Ben),397,7140,773956,0,geod_dist_to_target,44,0.6709622571610145
33764.44,COL-mean-Corr(Ben),397,7140,773956,0,geod_dist_to_target,46,0.6709622571610145
33764.44,COL-mean-Corr(Ben),397,7310,773956,0,geod_dist_to_target,48,0.6633170880691671
33764.44,COL-mean-Corr(Ben),397,7310,773956,0,geod_dist_to_target,50,0.6633170880691671
33764.44,COL-mean-Corr(Ben),397,7310,773956,0,geod_dist_to_target,55,0.6633170880691671
33764.44,COL-mean-Corr(Ben),397,7310,773956,0,geod_dist_to_target,60,0.6633170880691671
33764.44,COL-mean-Corr(Ben),397,7140,773956,0,geod_dist_to_target,65,0.6709622571610145
33764.44,COL-mean-Corr(Ben),397,7140,773956,0,geod_dist_to_target,70,0.6709622571610145
33764.44,COL-mean-Corr(Ben),397,7140,773956,0,geod_dist_to_target,75,0.6709622571610145
33764.44,COL-mean-Corr(Ben),397,7140,773956,0,geod_dist_to_target,80,0.6709622571610145
33764.44,COL-mean-Corr(Ben),397,7139,773956,0,geod_dist_to_target,85,0.2016504061378217
33764.44,COL-mean-Corr(Ben),397,539,773956,0,geod_dist_to_target,90,0.38802320100673754
33764.44,COL-mean-Corr(Ben),397,7139,773956,0,geod_dist_to_target,95,0.2016504061378217
33764.44,COL-mean-Corr(Ben),397,7139,773956,0,geod_dist_to_target,100,0.2016504061378217
33764.44,COL-mean-Corr(Ben),397,452,654571,0,geod_dist_to_target,5,18.91856198909746
33764.44,COL-mean-Corr(Ben),397,8714,654571,0,geod_dist_to_target,6,11.42141802026093
33764.44,COL-mean-Corr(Ben),397,6760,654571,0,geod_dist_to_target,7,13.09356494247878
33764.44,COL-mean-Corr(Ben),397,10526,654571,0,geod_dist_to_target,8,9.803072904223825
33764.44,COL-mean-Corr(Ben),397,1362,654571,0,geod_dist_to_target,9,14.51287472214193
33764.44,COL-mean-Corr(Ben),397,1362,654571,0,geod_dist_to_target,10,14.51287472214193
33764.44,COL-mean-Corr(Ben),397,10324,654571,0,geod_dist_to_target,11,9.559727242280747
33764.44,COL-mean-Corr(Ben),397,6579,654571,0,geod_dist_to_target,12,14.037107708721548
33764.44,COL-mean-Corr(Ben),397,5794,654571,0,geod_dist_to_target,13,9.51911644489991
33764.44,COL-mean-Corr(Ben),397,6773,654571,0,geod_dist_to_target,14,13.166054881997695
33764.44,COL-mean-Corr(Ben),397,6773,654571,0,geod_dist_to_target,15,13.166054881997695
33764.44,COL-mean-Corr(Ben),397,6773,654571,0,geod_dist_to_target,16,13.166054881997695
33764.44,COL-mean-Corr(Ben),397,11482,654571,0,geod_dist_to_target,17,1.6395136926083536
33764.44,COL-mean-Corr(Ben),397,11482,654571,0,geod_dist_to_target,18,1.6395136926083536
33764.44,COL-mean-Corr(Ben),397,11482,654571,0,geod_dist_to_target,19,1.6395136926083536
33764.44,COL-mean-Corr(Ben),397,7446,654571,0,geod_dist_to_target,20,1.2532789718646544
33764.44,COL-mean-Corr(Ben),397,7117,654571,0,geod_dist_to_target,22,1.0645707065278656
33764.44,COL-mean-Corr(Ben),397,700,654571,0,geod_dist_to_target,24,13.846925014589184
33764.44,COL-mean-Corr(Ben),397,700,654571,0,geod_dist_to_target,26,13.846925014589184
33764.44,COL-mean-Corr(Ben),397,700,654571,0,geod_dist_to_target,28,13.846925014589184
33764.44,COL-mean-Corr(Ben),397,700,654571,0,geod_dist_to_target,30,13.846925014589184
33764.44,COL-mean-Corr(Ben),397,700,654571,0,geod_dist_to_target,32,13.846925014589184
33764.44,COL-mean-Corr(Ben),397,4512,654571,0,geod_dist_to_target,34,0.7844783127633351
33764.44,COL-mean-Corr(Ben),397,4512,654571,0,geod_dist_to_target,36,0.7844783127633351
33764.44,COL-mean-Corr(Ben),397,4512,654571,0,geod_dist_to_target,38,0.7844783127633351
33764.44,COL-mean-Corr(Ben),397,4512,654571,0,geod_dist_to_target,40,0.7844783127633351
33764.44,COL-mean-Corr(Ben),397,4512,654571,0,geod_dist_to_target,42,0.7844783127633351
33764.44,COL-mean-Corr(Ben),397,4512,654571,0,geod_dist_to_target,44,0.7844783127633351
33764.44,COL-mean-Corr(Ben),397,4512,654571,0,geod_dist_to_target,46,0.7844783127633351
33764.44,COL-mean-Corr(Ben),397,4512,654571,0,geod_dist_to_target,48,0.7844783127633351
33764.44,COL-mean-Corr(Ben),397,4512,654571,0,geod_dist_to_target,50,0.7844783127633351
33764.44,COL-mean-Corr(Ben),397,4512,654571,0,geod_dist_to_target,55,0.7844783127633351
33764.44,COL-mean-Corr(Ben),397,4512,654571,0,geod_dist_to_target,60,0.7844783127633351
33764.44,COL-mean-Corr(Ben),397,4512,654571,0,geod_dist_to_target,65,0.7844783127633351
33764.44,COL-mean-Corr(Ben),397,1416,654571,0,geod_dist_to_target,70,0.351149464224456
33764.44,COL-mean-Corr(Ben),397,4512,654571,0,geod_dist_to_target,75,0.7844783127633351
33764.44,COL-mean-Corr(Ben),397,4512,654571,0,geod_dist_to_target,80,0.7844783127633351
33764.44,COL-mean-Corr(Ben),397,4512,654571,0,geod_dist_to_target,85,0.7844783127633351
33764.44,COL-mean-Corr(Ben),397,4512,654571,0,geod_dist_to_target,90,0.7844783127633351
33764.44,COL-mean-Corr(Ben),397,4512,654571,0,geod_dist_to_target,95,0.7844783127633351
33764.44,COL-mean-Corr(Ben),397,4512,654571,0,geod_dist_to_target,100,0.7844783127633351
33764.44,COL-mean-Corr(Ben),397,11372,438878,0,geod_dist_to_target,5,26.3412132386316
33764.44,COL-mean-Corr(Ben),397,8768,438878,0,geod_dist_to_target,6,19.614145893788212
33764.44,COL-mean-Corr(Ben),397,4959,438878,0,geod_dist_to_target,7,24.365911186838456
33764.44,COL-mean-Corr(Ben),397,4959,438878,0,geod_dist_to_target,8,24.365911186838456
33764.44,COL-mean-Corr(Ben),397,5794,438878,0,geod_dist_to_target,9,9.51911644489991
33764.44,COL-mean-Corr(Ben),397,5794,438878,0,geod_dist_to_target,10,9.51911644489991
33764.44,COL-mean-Corr(Ben),397,5794,438878,0,geod_dist_to_target,11,9.51911644489991
33764.44,COL-mean-Corr(Ben),397,4093,438878,0,geod_dist_to_target,12,43.86668607203219
33764.44,COL-mean-Corr(Ben),397,5794,438878,0,geod_dist_to_target,13,9.51911644489991
33764.44,COL-mean-Corr(Ben),397,5794,438878,0,geod_dist_to_target,14,9.51911644489991
33764.44,COL-mean-Corr(Ben),397,5794,438878,0,geod_dist_to_target,15,9.51911644489991
33764.44,COL-mean-Corr(Ben),397,5794,438878,0,geod_dist_to_target,16,9.51911644489991
33764.44,COL-mean-Corr(Ben),397,5794,438878,0,geod_dist_to_target,17,9.51911644489991
33764.44,COL-mean-Corr(Ben),397,5794,438878,0,geod_dist_to_target,18,9.51911644489991
33764.44,COL-mean-Corr(Ben),397,5794,438878,0,geod_dist_to_target,19,9.51911644489991
33764.44,COL-mean-Corr(Ben),397,5794,438878,0,geod_dist_to_target,20,9.51911644489991
33764.44,COL-mean-Corr(Ben),397,10324,438878,0,geod_dist_to_target,22,9.559727242280747
33764.44,COL-mean-Corr(Ben),397,10324,438878,0,geod_dist_to_target,24,9.559727242280747
33764.44,COL-mean-Corr(Ben),397,7903,438878,0,geod_dist_to_target,26,29.207661728980494
33764.44,COL-mean-Corr(Ben),397,7903,438878,0,geod_dist_to_target,28,29.207661728980494
33764.44,COL-mean-Corr(Ben),397,2631,438878,0,geod_dist_to_target,30,28.812088920164438
33764.44,COL-mean-Corr(Ben),397,2631,438878,0,geod_dist_to_target,32,28.812088920164438
33764.44,COL-mean-Corr(Ben),397,2631,438878,0,geod_dist_to_target,34,28.812088920164438
33764.44,COL-mean-Corr(Ben),397,2631,438878,0,geod_dist_to_target,36,28.812088920164438
33764.44,COL-mean-Corr(Ben),397,2631,438878,0,geod_dist_to_target,38,28.812088920164438
33764.44,COL-mean-Corr(Ben),397,2631,438878,0,geod_dist_to_target,40,28.812088920164438
33764.44,COL-mean-Corr(Ben),397,7319,438878,0,geod_dist_to_target,42,1.1951117575392998
33764.44,COL-mean-Corr(Ben),397,7319,438878,0,geod_dist_to_target,44,1.1951117575392998
33764.44,COL-mean-Corr(Ben),397,7140,438878,0,geod_dist_to_target,46,0.6709622571610145
33764.44,COL-mean-Corr(Ben),397,7140,438878,0,geod_dist_to_target,48,0.6709622571610145
33764.44,COL-mean-Corr(Ben),397,7140,438878,0,geod_dist_to_target,50,0.6709622571610145
33764.44,COL-mean-Corr(Ben),397,7140,438878,0,geod_dist_to_target,55,0.6709622571610145
33764.44,COL-mean-Corr(Ben),397,539,438878,0,geod_dist_to_target,60,0.38802320100673754
33764.44,COL-mean-Corr(Ben),397,7140,438878,0,geod_dist_to_target,65,0.6709622571610145
33764.44,COL-mean-Corr(Ben),397,7319,438878,0,geod_dist_to_target,70,1.1951117575392998
33764.44,COL-mean-Corr(Ben),397,7319,438878,0,geod_dist_to_target,75,1.1951117575392998
33764.44,COL-mean-Corr(Ben),397,7319,438878,0,geod_dist_to_target,80,1.1951117575392998
33764.44,COL-mean-Corr(Ben),397,7319,438878,0,geod_dist_to_target,85,1.1951117575392998
33764.44,COL-mean-Corr(Ben),397,7139,438878,0,geod_dist_to_target,90,0.2016504061378217
33764.44,COL-mean-Corr(Ben),397,7139,438878,0,geod_dist_to_target,95,0.2016504061378217
33764.44,COL-mean-Corr(Ben),397,7139,438878,0,geod_dist_to_target,100,0.2016504061378217
33764.44,COL-mean-Corr(Ben),397,3067,433015,0,geod_dist_to_target,5,42.384490569681226
33764.44,COL-mean-Corr(Ben),397,11486,433015,0,geod_dist_to_target,6,7.094230401781758
33764.44,COL-mean-Corr(Ben),397,11486,433015,0,geod_dist_to_target,7,7.094230401781758
33764.44,COL-mean-Corr(Ben),397,407,433015,0,geod_dist_to_target,8,23.47672256097765
33764.44,COL-mean-Corr(Ben),397,7116,433015,0,geod_dist_to_target,9,1.8941427171617355
33764.44,COL-mean-Corr(Ben),397,7116,433015,0,geod_dist_to_target,10,1.8941427171617355
33764.44,COL-mean-Corr(Ben),397,7445,433015,0,geod_dist_to_target,11,1.7096608747848963
33764.44,COL-mean-Corr(Ben),397,7670,433015,0,geod_dist_to_target,12,7.339407849698158
33764.44,COL-mean-Corr(Ben),397,11041,433015,0,geod_dist_to_target,13,20.390816737711663
33764.44,COL-mean-Corr(Ben),397,10355,433015,0,geod_dist_to_target,14,2.386924937642826
33764.44,COL-mean-Corr(Ben),397,10355,433015,0,geod_dist_to_target,15,2.386924937642826
33764.44,COL-mean-Corr(Ben),397,10355,433015,0,geod_dist_to_target,16,2.386924937642826
33764.44,COL-mean-Corr(Ben),397,7320,433015,0,geod_dist_to_target,17,0.8244644267609091
33764.44,COL-mean-Corr(Ben),397,6034,433015,0,geod_dist_to_target,18,15.240271886128761
33764.44,COL-mean-Corr(Ben),397,6297,433015,0,geod_dist_to_target,19,19.279633825114253
33764.44,COL-mean-Corr(Ben),397,6297,433015,0,geod_dist_to_target,20,19.279633825114253
33764.44,COL-mean-Corr(Ben),397,53,433015,0,geod_dist_to_target,22,0.9173818524657898
33764.44,COL-mean-Corr(Ben),397,53,433015,0,geod_dist_to_target,24,0.9173818524657898
33764.44,COL-mean-Corr(Ben),397,9355,433015,0,geod_dist_to_target,26,2.5660590901066604
33764.44,COL-mean-Corr(Ben),397,397,433015,0,geod_dist_to_target,28,0.0
33764.44,COL-mean-Corr(Ben),397,397,433015,0,geod_dist_to_target,30,0.0
33764.44,COL-mean-Corr(Ben),397,4512,433015,0,geod_dist_to_target,32,0.7844783127633351
33764.44,COL-mean-Corr(Ben),397,4512,433015,0,geod_dist_to_target,34,0.7844783127633351
33764.44,COL-mean-Corr(Ben),397,4512,433015,0,geod_dist_to_target,36,0.7844783127633351
33764.44,COL-mean-Corr(Ben),397,4512,433015,0,geod_dist_to_target,38,0.7844783127633351
33764.44,COL-mean-Corr(Ben),397,9967,433015,0,geod_dist_to_target,40,0.31516748911608633
33764.44,COL-mean-Corr(Ben),397,9967,433015,0,geod_dist_to_target,42,0.31516748911608633
33764.44,COL-mean-Corr(Ben),397,4512,433015,0,geod_dist_to_target,44,0.7844783127633351
33764.44,COL-mean-Corr(Ben),397,6951,433015,0,geod_dist_to_target,46,1.4170568960083465
33764.44,COL-mean-Corr(Ben),397,4512,433015,0,geod_dist_to_target,48,0.7844783127633351
33764.44,COL-mean-Corr(Ben),397,4512,433015,0,geod_dist_to_target,50,0.7844783127633351
33764.44,COL-mean-Corr(Ben),397,4512,433015,0,geod_dist_to_target,55,0.7844783127633351
33764.44,COL-mean-Corr(Ben),397,4512,433015,0,geod_dist_to_target,60,0.7844783127633351
33764.44,COL-mean-Corr(Ben),397,4512,433015,0,geod_dist_to_target,65,0.7844783127633351
33764.44,COL-mean-Corr(Ben),397,4512,433015,0,geod_dist_to_target,70,0.7844783127633351
33764.44,COL-mean-Corr(Ben),397,4512,433015,0,geod_dist_to_target,75,0.7844783127633351
33764.44,COL-mean-Corr(Ben),397,4512,433015,0,geod_dist_to_target,80,0.7844783127633351
33764.44,COL-mean-Corr(Ben),397,4512,433015,0,geod_dist_to_target,85,0.7844783127633351
33764.44,COL-mean-Corr(Ben),397,4512,433015,0,geod_dist_to_target,90,0.7844783127633351
33764.44,COL-mean-Corr(Ben),397,4512,433015,0,geod_dist_to_target,95,0.7844783127633351
33764.44,COL-mean-Corr(Ben),397,4512,433015,0,geod_dist_to_target,100,0.7844783127633351
33764.44,COL-mean-Corr(Ben),397,9955,858597,0,geod_dist_to_target,5,12.508545518242329
33764.44,COL-mean-Corr(Ben),397,7099,858597,0,geod_dist_to_target,6,24.58474952872753
33764.44,COL-mean-Corr(Ben),397,5682,858597,0,geod_dist_to_target,7,13.895509401488388
33764.44,COL-mean-Corr(Ben),397,5682,858597,0,geod_dist_to_target,8,13.895509401488388
33764.44,COL-mean-Corr(Ben),397,6368,858597,0,geod_dist_to_target,9,19.684030102227524
33764.44,COL-mean-Corr(Ben),397,4273,858597,0,geod_dist_to_target,10,24.504726691166823
33764.44,COL-mean-Corr(Ben),397,7950,858597,0,geod_dist_to_target,11,11.419862681834365
33764.44,COL-mean-Corr(Ben),397,6782,858597,0,geod_dist_to_target,12,13.978204524567838
33764.44,COL-mean-Corr(Ben),397,6771,858597,0,geod_dist_to_target,13,13.860815686415874
33764.44,COL-mean-Corr(Ben),397,6772,858597,0,geod_dist_to_target,14,13.655293256670225
33764.44,COL-mean-Corr(Ben),397,6772,858597,0,geod_dist_to_target,15,13.655293256670225
33764.44,COL-mean-Corr(Ben),397,6772,858597,0,geod_dist_to_target,16,13.655293256670225
33764.44,COL-mean-Corr(Ben),397,11718,858597,0,geod_dist_to_target,17,9.995863581493472
33764.44,COL-mean-Corr(Ben),397,11718,858597,0,geod_dist_to_target,18,9.995863581493472
33764.44,COL-mean-Corr(Ben),397,11718,858597,0,geod_dist_to_target,19,9.995863581493472
33764.44,COL-mean-Corr(Ben),397,11718,858597,0,geod_dist_to_target,20,9.995863581493472
33764.44,COL-mean-Corr(Ben),397,5792,858597,0,geod_dist_to_target,22,10.034268383078192
33764.44,COL-mean-Corr(Ben),397,6954,858597,0,geod_dist_to_target,24,0.5369293938455116
33764.44,COL-mean-Corr(Ben),397,6954,858597,0,geod_dist_to_target,26,0.5369293938455116
33764.44,COL-mean-Corr(Ben),397,7147,858597,0,geod_dist_to_target,28,0.7957785580363
33764.44,COL-mean-Corr(Ben),397,6953,858597,0,geod_dist_to_target,30,0.7017060632010518
33764.44,COL-mean-Corr(Ben),397,6953,858597,0,geod_dist_to_target,32,0.7017060632010518
33764.44,COL-mean-Corr(Ben),397,6953,858597,0,geod_dist_to_target,34,0.7017060632010518
33764.44,COL-mean-Corr(Ben),397,6953,858597,0,geod_dist_to_target,36,0.7017060632010518
33764.44,COL-mean-Corr(Ben),397,6953,858597,0,geod_dist_to_target,38,0.7017060632010518
33764.44,COL-mean-Corr(Ben),397,1103,858597,0,geod_dist_to_target,40,1.362453161382825
33764.44,COL-mean-Corr(Ben),397,6953,858597,0,geod_dist_to_target,42,0.7017060632010518
33764.44,COL-mean-Corr(Ben),397,6953,858597,0,geod_dist_to_target,44,0.7017060632010518
33764.44,COL-mean-Corr(Ben),397,6953,858597,0,geod_dist_to_target,46,0.7017060632010518
33764.44,COL-mean-Corr(Ben),397,6953,858597,0,geod_dist_to_target,48,0.7017060632010518
33764.44,COL-mean-Corr(Ben),397,6953,858597,0,geod_dist_to_target,50,0.7017060632010518
33764.44,COL-mean-Corr(Ben),397,6953,858597,0,geod_dist_to_target,55,0.7017060632010518
33764.44,COL-mean-Corr(Ben),397,1416,858597,0,geod_dist_to_target,60,0.351149464224456
33764.44,COL-mean-Corr(Ben),397,1416,858597,0,geod_dist_to_target,65,0.351149464224456
33764.44,COL-mean-Corr(Ben),397,1416,858597,0,geod_dist_to_target,70,0.351149464224456
33764.44,COL-mean-Corr(Ben),397,1416,858597,0,geod_dist_to_target,75,0.351149464224456
33764.44,COL-mean-Corr(Ben),397,1416,858597,0,geod_dist_to_target,80,0.351149464224456
33764.44,COL-mean-Corr(Ben),397,1416,858597,0,geod_dist_to_target,85,0.351149464224456
33764.44,COL-mean-Corr(Ben),397,1416,858597,0,geod_dist_to_target,90,0.351149464224456
33764.44,COL-mean-Corr(Ben),397,1416,858597,0,geod_dist_to_target,95,0.351149464224456
33764.44,COL-mean-Corr(Ben),397,1416,858597,0,geod_dist_to_target,100,0.351149464224456
33764.44,COL-mean-Corr(Ben),397,10361,85945,0,geod_dist_to_target,5,24.232509883395682
33764.44,COL-mean-Corr(Ben),397,11581,85945,0,geod_dist_to_target,6,21.373890383848735
33764.44,COL-mean-Corr(Ben),397,5794,85945,0,geod_dist_to_target,7,9.51911644489991
33764.44,COL-mean-Corr(Ben),397,5794,85945,0,geod_dist_to_target,8,9.51911644489991
33764.44,COL-mean-Corr(Ben),397,1235,85945,0,geod_dist_to_target,9,4.79939707531062
33764.44,COL-mean-Corr(Ben),397,2550,85945,0,geod_dist_to_target,10,8.453486955289184
33764.44,COL-mean-Corr(Ben),397,6606,85945,0,geod_dist_to_target,11,5.954220404108305
33764.44,COL-mean-Corr(Ben),397,6455,85945,0,geod_dist_to_target,12,7.4345029136662015
33764.44,COL-mean-Corr(Ben),397,6455,85945,0,geod_dist_to_target,13,7.4345029136662015
33764.44,COL-mean-Corr(Ben),397,9219,85945,0,geod_dist_to_target,14,6.46867794601118
33764.44,COL-mean-Corr(Ben),397,6764,85945,0,geod_dist_to_target,15,3.288936822161176
33764.44,COL-mean-Corr(Ben),397,7297,85945,0,geod_dist_to_target,16,0.5673239166111407
33764.44,COL-mean-Corr(Ben),397,7117,85945,0,geod_dist_to_target,17,1.0645707065278656
33764.44,COL-mean-Corr(Ben),397,7117,85945,0,geod_dist_to_target,18,1.0645707065278656
33764.44,COL-mean-Corr(Ben),397,10762,85945,0,geod_dist_to_target,19,1.016774986961489
33764.44,COL-mean-Corr(Ben),397,10762,85945,0,geod_dist_to_target,20,1.016774986961489
33764.44,COL-mean-Corr(Ben),397,7131,85945,0,geod_dist_to_target,22,0.6167848007875151
33764.44,COL-mean-Corr(Ben),397,7131,85945,0,geod_dist_to_target,24,0.6167848007875151
33764.44,COL-mean-Corr(Ben),397,7131,85945,0,geod_dist_to_target,26,0.6167848007875151
33764.44,COL-mean-Corr(Ben),397,7132,85945,0,geod_dist_to_target,28,0.5843784874771326
33764.44,COL-mean-Corr(Ben),397,1301,85945,0,geod_dist_to_target,30,0.7809026509653479
33764.44,COL-mean-Corr(Ben),397,9967,85945,0,geod_dist_to_target,32,0.31516748911608633
33764.44,COL-mean-Corr(Ben),397,9967,85945,0,geod_dist_to_target,34,0.31516748911608633
33764.44,COL-mean-Corr(Ben),397,9967,85945,0,geod_dist_to_target,36,0.31516748911608633
33764.44,COL-mean-Corr(Ben),397,7297,85945,0,geod_dist_to_target,38,0.5673239166111407
33764.44,COL-mean-Corr(Ben),397,7297,85945,0,geod_dist_to_target,40,0.5673239166111407
33764.44,COL-mean-Corr(Ben),397,7297,85945,0,geod_dist_to_target,42,0.5673239166111407
33764.44,COL-mean-Corr(Ben),397,7297,85945,0,geod_dist_to_target,44,0.5673239166111407
33764.44,COL-mean-Corr(Ben),397,7297,85945,0,geod_dist_to_target,46,0.5673239166111407
33764.44,COL-mean-Corr(Ben),397,7297,85945,0,geod_dist_to_target,48,0.5673239166111407
33764.44,COL-mean-Corr(Ben),397,7297,85945,0,geod_dist_to_target,50,0.5673239166111407
33764.44,COL-mean-Corr(Ben),397,7132,85945,0,geod_dist_to_target,55,0.5843784874771326
33764.44,COL-mean-Corr(Ben),397,7297,85945,0,geod_dist_to_target,60,0.5673239166111407
33764.44,COL-mean-Corr(Ben),397,7297,85945,0,geod_dist_to_target,65,0.5673239166111407
33764.44,COL-mean-Corr(Ben),397,7297,85945,0,geod_dist_to_target,70,0.5673239166111407
33764.44,COL-mean-Corr(Ben),397,7297,85945,0,geod_dist_to_target,75,0.5673239166111407
33764.44,COL-mean-Corr(Ben),397,9967,85945,0,geod_dist_to_target,80,0.31516748911608633
33764.44,COL-mean-Corr(Ben),397,9967,85945,0,geod_dist_to_target,85,0.31516748911608633
33764.44,COL-mean-Corr(Ben),397,9967,85945,0,geod_dist_to_target,90,0.31516748911608633
33764.44,COL-mean-Corr(Ben),397,7297,85945,0,geod_dist_to_target,95,0.5673239166111407
33764.44,COL-mean-Corr(Ben),397,7297,85945,0,geod_dist_to_target,100,0.5673239166111407
33764.44,COL-mean-Corr(Ben),397,7119,697368,0,geod_dist_to_target,5,30.42591520628352
33764.44,COL-mean-Corr(Ben),397,7119,697368,0,geod_dist_to_target,6,30.42591520628352
33764.44,COL-mean-Corr(Ben),397,11266,697368,0,geod_dist_to_target,7,22.997430245688065
33764.44,COL-mean-Corr(Ben),397,3263,697368,0,geod_dist_to_target,8,6.422208274220114
33764.44,COL-mean-Corr(Ben),397,7670,697368,0,geod_dist_to_target,9,7.339407849698158
33764.44,COL-mean-Corr(Ben),397,7670,697368,0,geod_dist_to_target,10,7.339407849698158
33764.44,COL-mean-Corr(Ben),397,7670,697368,0,geod_dist_to_target,11,7.339407849698158
33764.44,COL-mean-Corr(Ben),397,6055,697368,0,geod_dist_to_target,12,20.09891076438262
33764.44,COL-mean-Corr(Ben),397,6055,697368,0,geod_dist_to_target,13,20.09891076438262
33764.44,COL-mean-Corr(Ben),397,6055,697368,0,geod_dist_to_target,14,20.09891076438262
33764.44,COL-mean-Corr(Ben),397,6055,697368,0,geod_dist_to_target,15,20.09891076438262
33764.44,COL-mean-Corr(Ben),397,6049,697368,0,geod_dist_to_target,16,19.697001319964404
33764.44,COL-mean-Corr(Ben),397,6049,697368,0,geod_dist_to_target,17,19.697001319964404
33764.44,COL-mean-Corr(Ben),397,6049,697368,0,geod_dist_to_target,18,19.697001319964404
33764.44,COL-mean-Corr(Ben),397,6049,697368,0,geod_dist_to_target,19,19.697001319964404
33764.44,COL-mean-Corr(Ben),397,6049,697368,0,geod_dist_to_target,20,19.697001319964404
33764.44,COL-mean-Corr(Ben),397,7140,697368,0,geod_dist_to_target,22,0.6709622571610145
33764.44,COL-mean-Corr(Ben),397,7140,697368,0,geod_dist_to_target,24,0.6709622571610145
33764.44,COL-mean-Corr(Ben),397,7319,697368,0,geod_dist_to_target,26,1.1951117575392998
33764.44,COL-mean-Corr(Ben),397,7320,697368,0,geod_dist_to_target,28,0.8244644267609091
33764.44,COL-mean-Corr(Ben),397,7320,697368,0,geod_dist_to_target,30,0.8244644267609091
33764.44,COL-mean-Corr(Ben),397,7320,697368,0,geod_dist_to_target,32,0.8244644267609091
33764.44,COL-mean-Corr(Ben),397,7320,697368,0,geod_dist_to_target,34,0.8244644267609091
33764.44,COL-mean-Corr(Ben),397,7320,697368,0,geod_dist_to_target,36,0.8244644267609091
33764.44,COL-mean-Corr(Ben),397,7320,697368,0,geod_dist_to_target,38,0.8244644267609091
33764.44,COL-mean-Corr(Ben),397,7310,697368,0,geod_dist_to_target,40,0.6633170880691671
33764.44,COL-mean-Corr(Ben),397,7140,697368,0,geod_dist_to_target,42,0.6709622571610145
33764.44,COL-mean-Corr(Ben),397,7310,697368,0,geod_dist_to_target,44,0.6633170880691671
33764.44,COL-mean-Corr(Ben),397,7310,697368,0,geod_dist_to_target,46,0.6633170880691671
33764.44,COL-mean-Corr(Ben),397,7310,697368,0,geod_dist_to_target,48,0.6633170880691671
33764.44,COL-mean-Corr(Ben),397,7310,697368,0,geod_dist_to_target,50,0.6633170880691671
33764.44,COL-mean-Corr(Ben),397,7310,697368,0,geod_dist_to_target,55,0.6633170880691671
33764.44,COL-mean-Corr(Ben),397,7310,697368,0,geod_dist_to_target,60,0.6633170880691671
33764.44,COL-mean-Corr(Ben),397,7310,697368,0,geod_dist_to_target,65,0.6633170880691671
33764.44,COL-mean-Corr(Ben),397,7310,697368,0,geod_dist_to_target,70,0.6633170880691671
33764.44,COL-mean-Corr(Ben),397,7139,697368,0,geod_dist_to_target,75,0.2016504061378217
33764.44,COL-mean-Corr(Ben),397,7309,697368,0,geod_dist_to_target,80,0.38037803191489017
33764.44,COL-mean-Corr(Ben),397,397,697368,0,geod_dist_to_target,85,0.0
33764.44,COL-mean-Corr(Ben),397,7309,697368,0,geod_dist_to_target,90,0.38037803191489017
33764.44,COL-mean-Corr(Ben),397,7309,697368,0,geod_dist_to_target,95,0.38037803191489017
33764.44,COL-mean-Corr(Ben),397,7309,697368,0,geod_dist_to_target,100,0.38037803191489017
33764.44,COL-mean-Corr(Ben),397,8935,201469,0,geod_dist_to_target,5,31.488356831394146
33764.44,COL-mean-Corr(Ben),397,6764,201469,0,geod_dist_to_target,6,3.288936822161176
33764.44,COL-mean-Corr(Ben),397,6764,201469,0,geod_dist_to_target,7,3.288936822161176
33764.44,COL-mean-Corr(Ben),397,6764,201469,0,geod_dist_to_target,8,3.288936822161176
33764.44,COL-mean-Corr(Ben),397,6297,201469,0,geod_dist_to_target,9,19.279633825114253
33764.44,COL-mean-Corr(Ben),397,6297,201469,0,geod_dist_to_target,10,19.279633825114253
33764.44,COL-mean-Corr(Ben),397,128,201469,0,geod_dist_to_target,11,0.8067405351312805
33764.44,COL-mean-Corr(Ben),397,6018,201469,0,geod_dist_to_target,12,13.528252794363034
33764.44,COL-mean-Corr(Ben),397,6018,201469,0,geod_dist_to_target,13,13.528252794363034
33764.44,COL-mean-Corr(Ben),397,10960,201469,0,geod_dist_to_target,14,9.166269509614379
33764.44,COL-mean-Corr(Ben),397,7320,201469,0,geod_dist_to_target,15,0.8244644267609091
33764.44,COL-mean-Corr(Ben),397,7320,201469,0,geod_dist_to_target,16,0.8244644267609091
33764.44,COL-mean-Corr(Ben),397,7308,201469,0,geod_dist_to_target,17,0.4308840532721227
33764.44,COL-mean-Corr(Ben),397,53,201469,0,geod_dist_to_target,18,0.9173818524657898
33764.44,COL-mean-Corr(Ben),397,53,201469,0,geod_dist_to_target,19,0.9173818524657898
33764.44,COL-mean-Corr(Ben),397,11715,201469,0,geod_dist_to_target,20,3.2127338995261803
33764.44,COL-mean-Corr(Ben),397,9669,201469,0,geod_dist_to_target,22,1.6244055937733262
33764.44,COL-mean-Corr(Ben),397,53,201469,0,geod_dist_to_target,24,0.9173818524657898
33764.44,COL-mean-Corr(Ben),397,53,201469,0,geod_dist_to_target,26,0.9173818524657898
33764.44,COL-mean-Corr(Ben),397,53,201469,0,geod_dist_to_target,28,0.9173818524657898
33764.44,COL-mean-Corr(Ben),397,53,201469,0,geod_dist_to_target,30,0.9173818524657898
33764.44,COL-mean-Corr(Ben),397,53,201469,0,geod_dist_to_target,32,0.9173818524657898
33764.44,COL-mean-Corr(Ben),397,53,201469,0,geod_dist_to_target,34,0.9173818524657898
33764.44,COL-mean-Corr(Ben),397,53,201469,0,geod_dist_to_target,36,0.9173818524657898
33764.44,COL-mean-Corr(Ben),397,7320,201469,0,geod_dist_to_target,38,0.8244644267609091
33764.44,COL-mean-Corr(Ben),397,53,201469,0,geod_dist_to_target,40,0.9173818524657898
33764.44,COL-mean-Corr(Ben),397,53,201469,0,geod_dist_to_target,42,0.9173818524657898
33764.44,COL-mean-Corr(Ben),397,53,201469,0,geod_dist_to_target,44,0.9173818524657898
33764.44,COL-mean-Corr(Ben),397,53,201469,0,geod_dist_to_target,46,0.9173818524657898
33764.44,COL-mean-Corr(Ben),397,53,201469,0,geod_dist_to_target,48,0.9173818524657898
33764.44,COL-mean-Corr(Ben),397,53,201469,0,geod_dist_to_target,50,0.9173818524657898
33764.44,COL-mean-Corr(Ben),397,53,201469,0,geod_dist_to_target,55,0.9173818524657898
33764.44,COL-mean-Corr(Ben),397,53,201469,0,geod_dist_to_target,60,0.9173818524657898
33764.44,COL-mean-Corr(Ben),397,10355,201469,0,geod_dist_to_target,65,2.386924937642826
33764.44,COL-mean-Corr(Ben),397,10355,201469,0,geod_dist_to_target,70,2.386924937642826
33764.44,COL-mean-Corr(Ben),397,9967,201469,0,geod_dist_to_target,75,0.31516748911608633
33764.44,COL-mean-Corr(Ben),397,9967,201469,0,geod_dist_to_target,80,0.31516748911608633
33764.44,COL-mean-Corr(Ben),397,9967,201469,0,geod_dist_to_target,85,0.31516748911608633
33764.44,COL-mean-Corr(Ben),397,9967,201469,0,geod_dist_to_target,90,0.31516748911608633
33764.44,COL-mean-Corr(Ben),397,9967,201469,0,geod_dist_to_target,95,0.31516748911608633
33764.44,COL-mean-Corr(Ben),397,397,201469,0,geod_dist_to_target,100,0.0
33764.44,COL-mean-Corr(Ben),397,7298,94177,0,geod_dist_to_target,5,26.620604775934442
33764.44,COL-mean-Corr(Ben),397,8050,94177,0,geod_dist_to_target,6,10.897532577114196
33764.44,COL-mean-Corr(Ben),397,5794,94177,0,geod_dist_to_target,7,9.51911644489991
33764.44,COL-mean-Corr(Ben),397,10324,94177,0,geod_dist_to_target,8,9.559727242280747
33764.44,COL-mean-Corr(Ben),397,10324,94177,0,geod_dist_to_target,9,9.559727242280747
33764.44,COL-mean-Corr(Ben),397,10324,94177,0,geod_dist_to_target,10,9.559727242280747
33764.44,COL-mean-Corr(Ben),397,10324,94177,0,geod_dist_to_target,11,9.559727242280747
33764.44,COL-mean-Corr(Ben),397,10324,94177,0,geod_dist_to_target,12,9.559727242280747
33764.44,COL-mean-Corr(Ben),397,10324,94177,0,geod_dist_to_target,13,9.559727242280747
33764.44,COL-mean-Corr(Ben),397,10324,94177,0,geod_dist_to_target,14,9.559727242280747
33764.44,COL-mean-Corr(Ben),397,6008,94177,0,geod_dist_to_target,15,12.294799731200984
33764.44,COL-mean-Corr(Ben),397,6008,94177,0,geod_dist_to_target,16,12.294799731200984
33764.44,COL-mean-Corr(Ben),397,2550,94177,0,geod_dist_to_target,17,8.453486955289184
33764.44,COL-mean-Corr(Ben),397,2550,94177,0,geod_dist_to_target,18,8.453486955289184
33764.44,COL-mean-Corr(Ben),397,2550,94177,0,geod_dist_to_target,19,8.453486955289184
33764.44,COL-mean-Corr(Ben),397,2550,94177,0,geod_dist_to_target,20,8.453486955289184
33764.44,COL-mean-Corr(Ben),397,2550,94177,0,geod_dist_to_target,22,8.453486955289184
33764.44,COL-mean-Corr(Ben),397,2550,94177,0,geod_dist_to_target,24,8.453486955289184
33764.44,COL-mean-Corr(Ben),397,2550,94177,0,geod_dist_to_target,26,8.453486955289184
33764.44,COL-mean-Corr(Ben),397,2550,94177,0,geod_dist_to_target,28,8.453486955289184
33764.44,COL-mean-Corr(Ben),397,6763,94177,0,geod_dist_to_target,30,4.203159857352039
33764.44,COL-mean-Corr(Ben),397,1950,94177,0,geod_dist_to_target,32,2.063142344951688
33764.44,COL-mean-Corr(Ben),397,1950,94177,0,geod_dist_to_target,34,2.063142344951688
33764.44,COL-mean-Corr(Ben),397,6764,94177,0,geod_dist_to_target,36,3.288936822161176
33764.44,COL-mean-Corr(Ben),397,1950,94177,0,geod_dist_to_target,38,2.063142344951688
33764.44,COL-mean-Corr(Ben),397,1950,94177,0,geod_dist_to_target,40,2.063142344951688
33764.44,COL-mean-Corr(Ben),397,1950,94177,0,geod_dist_to_target,42,2.063142344951688
33764.44,COL-mean-Corr(Ben),397,1950,94177,0,geod_dist_to_target,44,2.063142344951688
33764.44,COL-mean-Corr(Ben),397,1950,94177,0,geod_dist_to_target,46,2.063142344951688
33764.44,COL-mean-Corr(Ben),397,1950,94177,0,geod_dist_to_target,48,2.063142344951688
33764.44,COL-mean-Corr(Ben),397,1950,94177,0,geod_dist_to_target,50,2.063142344951688
33764.44,COL-mean-Corr(Ben),397,6952,94177,0,geod_dist_to_target,55,1.9510790182808433
33764.44,COL-mean-Corr(Ben),397,1950,94177,0,geod_dist_to_target,60,2.063142344951688
33764.44,COL-mean-Corr(Ben),397,1301,94177,0,geod_dist_to_target,65,0.7809026509653479
33764.44,COL-mean-Corr(Ben),397,1950,94177,0,geod_dist_to_target,70,2.063142344951688
33764.44,COL-mean-Corr(Ben),397,1301,94177,0,geod_dist_to_target,75,0.7809026509653479
33764.44,COL-mean-Corr(Ben),397,1301,94177,0,geod_dist_to_target,80,0.7809026509653479
33764.44,COL-mean-Corr(Ben),397,1301,94177,0,geod_dist_to_target,85,0.7809026509653479
33764.44,COL-mean-Corr(Ben),397,1301,94177,0,geod_dist_to_target,90,0.7809026509653479
33764.44,COL-mean-Corr(Ben),397,1301,94177,0,geod_dist_to_target,95,0.7809026509653479
33764.44,COL-mean-Corr(Ben),397,1301,94177,0,geod_dist_to_target,100,0.7809026509653479
33764.44,COL-max-Corr,397,7760,89250,0,geod_dist_to_target,5,18.742473472758228
33764.44,COL-max-Corr,397,6950,89250,0,geod_dist_to_target,6,3.002469143164666
33764.44,COL-max-Corr,397,6783,89250,0,geod_dist_to_target,7,14.181516252781458
33764.44,COL-max-Corr,397,6783,89250,0,geod_dist_to_target,8,14.181516252781458
33764.44,COL-max-Corr,397,700,89250,0,geod_dist_to_target,9,13.846925014589184
33764.44,COL-max-Corr,397,3321,89250,0,geod_dist_to_target,10,2.459361300684612
33764.44,COL-max-Corr,397,7287,89250,0,geod_dist_to_target,11,1.4022651504558408
33764.44,COL-max-Corr,397,7117,89250,0,geod_dist_to_target,12,1.0645707065278656
33764.44,COL-max-Corr,397,7117,89250,0,geod_dist_to_target,13,1.0645707065278656
33764.44,COL-max-Corr,397,7117,89250,0,geod_dist_to_target,14,1.0645707065278656
33764.44,COL-max-Corr,397,7130,89250,0,geod_dist_to_target,15,1.099281287991659
33764.44,COL-max-Corr,397,7130,89250,0,geod_dist_to_target,16,1.099281287991659
33764.44,COL-max-Corr,397,700,89250,0,geod_dist_to_target,17,13.846925014589184
33764.44,COL-max-Corr,397,700,89250,0,geod_dist_to_target,18,13.846925014589184
33764.44,COL-max-Corr,397,700,89250,0,geod_dist_to_target,19,13.846925014589184
33764.44,COL-max-Corr,397,700,89250,0,geod_dist_to_target,20,13.846925014589184
33764.44,COL-max-Corr,397,700,89250,0,geod_dist_to_target,22,13.846925014589184
33764.44,COL-max-Corr,397,7132,89250,0,geod_dist_to_target,24,0.5843784874771326
33764.44,COL-max-Corr,397,9967,89250,0,geod_dist_to_target,26,0.31516748911608633
33764.44,COL-max-Corr,397,9967,89250,0,geod_dist_to_target,28,0.31516748911608633
33764.44,COL-max-Corr,397,9967,89250,0,geod_dist_to_target,30,0.31516748911608633
33764.44,COL-max-Corr,397,9967,89250,0,geod_dist_to_target,32,0.31516748911608633
33764.44,COL-max-Corr,397,4512,89250,0,geod_dist_to_target,34,0.7844783127633351
33764.44,COL-max-Corr,397,4512,89250,0,geod_dist_to_target,36,0.7844783127633351
33764.44,COL-max-Corr,397,4512,89250,0,geod_dist_to_target,38,0.7844783127633351
33764.44,COL-max-Corr,397,4512,89250,0,geod_dist_to_target,40,0.7844783127633351
33764.44,COL-max-Corr,397,4512,89250,0,geod_dist_to_target,42,0.7844783127633351
33764.44,COL-max-Corr,397,9967,89250,0,geod_dist_to_target,44,0.31516748911608633
33764.44,COL-max-Corr,397,1416,89250,0,geod_dist_to_target,46,0.351149464224456
33764.44,COL-max-Corr,397,1416,89250,0,geod_dist_to_target,48,0.351149464224456
33764.44,COL-max-Corr,397,9967,89250,0,geod_dist_to_target,50,0.31516748911608633
33764.44,COL-max-Corr,397,1416,89250,0,geod_dist_to_target,55,0.351149464224456
33764.44,COL-max-Corr,397,9967,89250,0,geod_dist_to_target,60,0.31516748911608633
33764.44,COL-max-Corr,397,397,89250,0,geod_dist_to_target,65,0.0
33764.44,COL-max-Corr,397,397,89250,0,geod_dist_to_target,70,0.0
33764.44,COL-max-Corr,397,397,89250,0,geod_dist_to_target,75,0.0
33764.44,COL-max-Corr,397,9967,89250,0,geod_dist_to_target,80,0.31516748911608633
33764.44,COL-max-Corr,397,9967,89250,0,geod_dist_to_target,85,0.31516748911608633
33764.44,COL-max-Corr,397,397,89250,0,geod_dist_to_target,90,0.0
33764.44,COL-max-Corr,397,397,89250,0,geod_dist_to_target,95,0.0
33764.44,COL-max-Corr,397,397,89250,0,geod_dist_to_target,100,0.0
33764.44,COL-max-Corr,397,208,773956,0,geod_dist_to_target,5,24.90904352448833
33764.44,COL-max-Corr,397,8723,773956,0,geod_dist_to_target,6,19.316431742236944
33764.44,COL-max-Corr,397,9669,773956,0,geod_dist_to_target,7,1.6244055937733262
33764.44,COL-max-Corr,397,7320,773956,0,geod_dist_to_target,8,0.8244644267609091
33764.44,COL-max-Corr,397,7310,773956,0,geod_dist_to_target,9,0.6633170880691671
33764.44,COL-max-Corr,397,7310,773956,0,geod_dist_to_target,10,0.6633170880691671
33764.44,COL-max-Corr,397,11718,773956,0,geod_dist_to_target,11,9.995863581493472
33764.44,COL-max-Corr,397,2924,773956,0,geod_dist_to_target,12,1.1796843833734636
33764.44,COL-max-Corr,397,2924,773956,0,geod_dist_to_target,13,1.1796843833734636
33764.44,COL-max-Corr,397,2924,773956,0,geod_dist_to_target,14,1.1796843833734636
33764.44,COL-max-Corr,397,2924,773956,0,geod_dist_to_target,15,1.1796843833734636
33764.44,COL-max-Corr,397,2924,773956,0,geod_dist_to_target,16,1.1796843833734636
33764.44,COL-max-Corr,397,2924,773956,0,geod_dist_to_target,17,1.1796843833734636
33764.44,COL-max-Corr,397,2924,773956,0,geod_dist_to_target,18,1.1796843833734636
33764.44,COL-max-Corr,397,2924,773956,0,geod_dist_to_target,19,1.1796843833734636
33764.44,COL-max-Corr,397,2924,773956,0,geod_dist_to_target,20,1.1796843833734636
33764.44,COL-max-Corr,397,2924,773956,0,geod_dist_to_target,22,1.1796843833734636
33764.44,COL-max-Corr,397,2924,773956,0,geod_dist_to_target,24,1.1796843833734636
33764.44,COL-max-Corr,397,128,773956,0,geod_dist_to_target,26,0.8067405351312805
33764.44,COL-max-Corr,397,128,773956,0,geod_dist_to_target,28,0.8067405351312805
33764.44,COL-max-Corr,397,7308,773956,0,geod_dist_to_target,30,0.4308840532721227
33764.44,COL-max-Corr,397,7308,773956,0,geod_dist_to_target,32,0.4308840532721227
33764.44,COL-max-Corr,397,7308,773956,0,geod_dist_to_target,34,0.4308840532721227
33764.44,COL-max-Corr,397,128,773956,0,geod_dist_to_target,36,0.8067405351312805
33764.44,COL-max-Corr,397,7308,773956,0,geod_dist_to_target,38,0.4308840532721227
33764.44,COL-max-Corr,397,128,773956,0,geod_dist_to_target,40,0.8067405351312805
33764.44,COL-max-Corr,397,128,773956,0,geod_dist_to_target,42,0.8067405351312805
33764.44,COL-max-Corr,397,7308,773956,0,geod_dist_to_target,44,0.4308840532721227
33764.44,COL-max-Corr,397,7308,773956,0,geod_dist_to_target,46,0.4308840532721227
33764.44,COL-max-Corr,397,7297,773956,0,geod_dist_to_target,48,0.5673239166111407
33764.44,COL-max-Corr,397,7297,773956,0,geod_dist_to_target,50,0.5673239166111407
33764.44,COL-max-Corr,397,7308,773956,0,geod_dist_to_target,55,0.4308840532721227
33764.44,COL-max-Corr,397,7308,773956,0,geod_dist_to_target,60,0.4308840532721227
33764.44,COL-max-Corr,397,7308,773956,0,geod_dist_to_target,65,0.4308840532721227
33764.44,COL-max-Corr,397,7308,773956,0,geod_dist_to_target,70,0.4308840532721227
33764.44,COL-max-Corr,397,7308,773956,0,geod_dist_to_target,75,0.4308840532721227
33764.44,COL-max-Corr,397,7297,773956,0,geod_dist_to_target,80,0.5673239166111407
33764.44,COL-max-Corr,397,7308,773956,0,geod_dist_to_target,85,0.4308840532721227
33764.44,COL-max-Corr,397,7308,773956,0,geod_dist_to_target,90,0.4308840532721227
33764.44,COL-max-Corr,397,7297,773956,0,geod_dist_to_target,95,0.5673239166111407
33764.44,COL-max-Corr,397,397,773956,0,geod_dist_to_target,100,0.0
33764.44,COL-max-Corr,397,7405,654571,0,geod_dist_to_target,5,11.774911407747902
33764.44,COL-max-Corr,397,1235,654571,0,geod_dist_to_target,6,4.79939707531062
33764.44,COL-max-Corr,397,5165,654571,0,geod_dist_to_target,7,16.396588949769136
33764.44,COL-max-Corr,397,5165,654571,0,geod_dist_to_target,8,16.396588949769136
33764.44,COL-max-Corr,397,5165,654571,0,geod_dist_to_target,9,16.396588949769136
33764.44,COL-max-Corr,397,5165,654571,0,geod_dist_to_target,10,16.396588949769136
33764.44,COL-max-Corr,397,5165,654571,0,geod_dist_to_target,11,16.396588949769136
33764.44,COL-max-Corr,397,12081,654571,0,geod_dist_to_target,12,14.974757683439437
33764.44,COL-max-Corr,397,12081,654571,0,geod_dist_to_target,13,14.974757683439437
33764.44,COL-max-Corr,397,12081,654571,0,geod_dist_to_target,14,14.974757683439437
33764.44,COL-max-Corr,397,12081,654571,0,geod_dist_to_target,15,14.974757683439437
33764.44,COL-max-Corr,397,12081,654571,0,geod_dist_to_target,16,14.974757683439437
33764.44,COL-max-Corr,397,1708,654571,0,geod_dist_to_target,17,2.347123022552554
33764.44,COL-max-Corr,397,1708,654571,0,geod_dist_to_target,18,2.347123022552554
33764.44,COL-max-Corr,397,1708,654571,0,geod_dist_to_target,19,2.347123022552554
33764.44,COL-max-Corr,397,6765,654571,0,geod_dist_to_target,20,2.7616698301651113
33764.44,COL-max-Corr,397,6765,654571,0,geod_dist_to_target,22,2.7616698301651113
33764.44,COL-max-Corr,397,6765,654571,0,geod_dist_to_target,24,2.7616698301651113
33764.44,COL-max-Corr,397,4512,654571,0,geod_dist_to_target,26,0.7844783127633351
33764.44,COL-max-Corr,397,4512,654571,0,geod_dist_to_target,28,0.7844783127633351
33764.44,COL-max-Corr,397,4512,654571,0,geod_dist_to_target,30,0.7844783127633351
33764.44,COL-max-Corr,397,2739,654571,0,geod_dist_to_target,32,1.6444751456512405
33764.44,COL-max-Corr,397,2739,654571,0,geod_dist_to_target,34,1.6444751456512405
33764.44,COL-max-Corr,397,2739,654571,0,geod_dist_to_target,36,1.6444751456512405
33764.44,COL-max-Corr,397,2739,654571,0,geod_dist_to_target,38,1.6444751456512405
33764.44,COL-max-Corr,397,2739,654571,0,geod_dist_to_target,40,1.6444751456512405
33764.44,COL-max-Corr,397,2739,654571,0,geod_dist_to_target,42,1.6444751456512405
33764.44,COL-max-Corr,397,2739,654571,0,geod_dist_to_target,44,1.6444751456512405
33764.44,COL-max-Corr,397,2739,654571,0,geod_dist_to_target,46,1.6444751456512405
33764.44,COL-max-Corr,397,2739,654571,0,geod_dist_to_target,48,1.6444751456512405
33764.44,COL-max-Corr,397,2739,654571,0,geod_dist_to_target,50,1.6444751456512405
33764.44,COL-max-Corr,397,2739,654571,0,geod_dist_to_target,55,1.6444751456512405
33764.44,COL-max-Corr,397,1416,654571,0,geod_dist_to_target,60,0.351149464224456
33764.44,COL-max-Corr,397,1416,654571,0,geod_dist_to_target,65,0.351149464224456
33764.44,COL-max-Corr,397,11715,654571,0,geod_dist_to_target,70,3.2127338995261803
33764.44,COL-max-Corr,397,1416,654571,0,geod_dist_to_target,75,0.351149464224456
33764.44,COL-max-Corr,397,1416,654571,0,geod_dist_to_target,80,0.351149464224456
33764.44,COL-max-Corr,397,1416,654571,0,geod_dist_to_target,85,0.351149464224456
33764.44,COL-max-Corr,397,1416,654571,0,geod_dist_to_target,90,0.351149464224456
33764.44,COL-max-Corr,397,1416,654571,0,geod_dist_to_target,95,0.351149464224456
33764.44,COL-max-Corr,397,1416,654571,0,geod_dist_to_target,100,0.351149464224456
33764.44,COL-max-Corr,397,11442,438878,0,geod_dist_to_target,5,11.660592455554601
33764.44,COL-max-Corr,397,1369,438878,0,geod_dist_to_target,6,1.7526577262689436
33764.44,COL-max-Corr,397,10755,438878,0,geod_dist_to_target,7,2.833363352819481
33764.44,COL-max-Corr,397,5678,438878,0,geod_dist_to_target,8,10.920560516431374
33764.44,COL-max-Corr,397,5678,438878,0,geod_dist_to_target,9,10.920560516431374
33764.44,COL-max-Corr,397,1708,438878,0,geod_dist_to_target,10,2.347123022552554
33764.44,COL-max-Corr,397,6953,438878,0,geod_dist_to_target,11,0.7017060632010518
33764.44,COL-max-Corr,397,6953,438878,0,geod_dist_to_target,12,0.7017060632010518
33764.44,COL-max-Corr,397,6953,438878,0,geod_dist_to_target,13,0.7017060632010518
33764.44,COL-max-Corr,397,6953,438878,0,geod_dist_to_target,14,0.7017060632010518
33764.44,COL-max-Corr,397,6953,438878,0,geod_dist_to_target,15,0.7017060632010518
33764.44,COL-max-Corr,397,6953,438878,0,geod_dist_to_target,16,0.7017060632010518
33764.44,COL-max-Corr,397,6953,438878,0,geod_dist_to_target,17,0.7017060632010518
33764.44,COL-max-Corr,397,6953,438878,0,geod_dist_to_target,18,0.7017060632010518
33764.44,COL-max-Corr,397,6953,438878,0,geod_dist_to_target,19,0.7017060632010518
33764.44,COL-max-Corr,397,6953,438878,0,geod_dist_to_target,20,0.7017060632010518
33764.44,COL-max-Corr,397,397,438878,0,geod_dist_to_target,22,0.0
33764.44,COL-max-Corr,397,1416,438878,0,geod_dist_to_target,24,0.351149464224456
33764.44,COL-max-Corr,397,1416,438878,0,geod_dist_to_target,26,0.351149464224456
33764.44,COL-max-Corr,397,397,438878,0,geod_dist_to_target,28,0.0
33764.44,COL-max-Corr,397,1416,438878,0,geod_dist_to_target,30,0.351149464224456
33764.44,COL-max-Corr,397,1416,438878,0,geod_dist_to_target,32,0.351149464224456
33764.44,COL-max-Corr,397,397,438878,0,geod_dist_to_target,34,0.0
33764.44,COL-max-Corr,397,397,438878,0,geod_dist_to_target,36,0.0
33764.44,COL-max-Corr,397,1416,438878,0,geod_dist_to_target,38,0.351149464224456
33764.44,COL-max-Corr,397,11715,438878,0,geod_dist_to_target,40,3.2127338995261803
33764.44,COL-max-Corr,397,11715,438878,0,geod_dist_to_target,42,3.2127338995261803
33764.44,COL-max-Corr,397,1416,438878,0,geod_dist_to_target,44,0.351149464224456
33764.44,COL-max-Corr,397,1416,438878,0,geod_dist_to_target,46,0.351149464224456
33764.44,COL-max-Corr,397,11715,438878,0,geod_dist_to_target,48,3.2127338995261803
33764.44,COL-max-Corr,397,11715,438878,0,geod_dist_to_target,50,3.2127338995261803
33764.44,COL-max-Corr,397,1416,438878,0,geod_dist_to_target,55,0.351149464224456
33764.44,COL-max-Corr,397,1416,438878,0,geod_dist_to_target,60,0.351149464224456
33764.44,COL-max-Corr,397,11715,438878,0,geod_dist_to_target,65,3.2127338995261803
33764.44,COL-max-Corr,397,11715,438878,0,geod_dist_to_target,70,3.2127338995261803
33764.44,COL-max-Corr,397,11715,438878,0,geod_dist_to_target,75,3.2127338995261803
33764.44,COL-max-Corr,397,11715,438878,0,geod_dist_to_target,80,3.2127338995261803
33764.44,COL-max-Corr,397,1416,438878,0,geod_dist_to_target,85,0.351149464224456
33764.44,COL-max-Corr,397,1416,438878,0,geod_dist_to_target,90,0.351149464224456
33764.44,COL-max-Corr,397,1416,438878,0,geod_dist_to_target,95,0.351149464224456
33764.44,COL-max-Corr,397,1416,438878,0,geod_dist_to_target,100,0.351149464224456
33764.44,COL-max-Corr,397,1616,433015,0,geod_dist_to_target,5,16.80581101552505
33764.44,COL-max-Corr,397,6765,433015,0,geod_dist_to_target,6,2.7616698301651113
33764.44,COL-max-Corr,397,1103,433015,0,geod_dist_to_target,7,1.362453161382825
33764.44,COL-max-Corr,397,1103,433015,0,geod_dist_to_target,8,1.362453161382825
33764.44,COL-max-Corr,397,1103,433015,0,geod_dist_to_target,9,1.362453161382825
33764.44,COL-max-Corr,397,12583,433015,0,geod_dist_to_target,10,3.213181136297273
33764.44,COL-max-Corr,397,7151,433015,0,geod_dist_to_target,11,1.4470688997385839
33764.44,COL-max-Corr,397,7139,433015,0,geod_dist_to_target,12,0.2016504061378217
33764.44,COL-max-Corr,397,7151,433015,0,geod_dist_to_target,13,1.4470688997385839
33764.44,COL-max-Corr,397,2839,433015,0,geod_dist_to_target,14,1.1587807197228432
33764.44,COL-max-Corr,397,7151,433015,0,geod_dist_to_target,15,1.4470688997385839
33764.44,COL-max-Corr,397,7151,433015,0,geod_dist_to_target,16,1.4470688997385839
33764.44,COL-max-Corr,397,7151,433015,0,geod_dist_to_target,17,1.4470688997385839
33764.44,COL-max-Corr,397,7151,433015,0,geod_dist_to_target,18,1.4470688997385839
33764.44,COL-max-Corr,397,7151,433015,0,geod_dist_to_target,19,1.4470688997385839
33764.44,COL-max-Corr,397,7151,433015,0,geod_dist_to_target,20,1.4470688997385839
33764.44,COL-max-Corr,397,7151,433015,0,geod_dist_to_target,22,1.4470688997385839
33764.44,COL-max-Corr,397,2839,433015,0,geod_dist_to_target,24,1.1587807197228432
33764.44,COL-max-Corr,397,10276,433015,0,geod_dist_to_target,26,1.4829840067939084
33764.44,COL-max-Corr,397,6954,433015,0,geod_dist_to_target,28,0.5369293938455116
33764.44,COL-max-Corr,397,6954,433015,0,geod_dist_to_target,30,0.5369293938455116
33764.44,COL-max-Corr,397,6962,433015,0,geod_dist_to_target,32,0.9395444059483343
33764.44,COL-max-Corr,397,10276,433015,0,geod_dist_to_target,34,1.4829840067939084
33764.44,COL-max-Corr,397,6953,433015,0,geod_dist_to_target,36,0.7017060632010518
33764.44,COL-max-Corr,397,6953,433015,0,geod_dist_to_target,38,0.7017060632010518
33764.44,COL-max-Corr,397,6953,433015,0,geod_dist_to_target,40,0.7017060632010518
33764.44,COL-max-Corr,397,6953,433015,0,geod_dist_to_target,42,0.7017060632010518
33764.44,COL-max-Corr,397,6953,433015,0,geod_dist_to_target,44,0.7017060632010518
33764.44,COL-max-Corr,397,6953,433015,0,geod_dist_to_target,46,0.7017060632010518
33764.44,COL-max-Corr,397,6953,433015,0,geod_dist_to_target,48,0.7017060632010518
33764.44,COL-max-Corr,397,6953,433015,0,geod_dist_to_target,50,0.7017060632010518
33764.44,COL-max-Corr,397,2105,433015,0,geod_dist_to_target,55,2.422963314045468
33764.44,COL-max-Corr,397,7154,433015,0,geod_dist_to_target,60,2.0113030673105974
33764.44,COL-max-Corr,397,7154,433015,0,geod_dist_to_target,65,2.0113030673105974
33764.44,COL-max-Corr,397,7154,433015,0,geod_dist_to_target,70,2.0113030673105974
33764.44,COL-max-Corr,397,7154,433015,0,geod_dist_to_target,75,2.0113030673105974
33764.44,COL-max-Corr,397,7154,433015,0,geod_dist_to_target,80,2.0113030673105974
33764.44,COL-max-Corr,397,2105,433015,0,geod_dist_to_target,85,2.422963314045468
33764.44,COL-max-Corr,397,6953,433015,0,geod_dist_to_target,90,0.7017060632010518
33764.44,COL-max-Corr,397,6953,433015,0,geod_dist_to_target,95,0.7017060632010518
33764.44,COL-max-Corr,397,6953,433015,0,geod_dist_to_target,100,0.7017060632010518
33764.44,COL-max-Corr,397,5492,858597,0,geod_dist_to_target,5,11.640699046017632
33764.44,COL-max-Corr,397,11172,858597,0,geod_dist_to_target,6,2.883372085249739
33764.44,COL-max-Corr,397,6953,858597,0,geod_dist_to_target,7,0.7017060632010518
33764.44,COL-max-Corr,397,6954,858597,0,geod_dist_to_target,8,0.5369293938455116
33764.44,COL-max-Corr,397,7154,858597,0,geod_dist_to_target,9,2.0113030673105974
33764.44,COL-max-Corr,397,1416,858597,0,geod_dist_to_target,10,0.351149464224456
33764.44,COL-max-Corr,397,1416,858597,0,geod_dist_to_target,11,0.351149464224456
33764.44,COL-max-Corr,397,6953,858597,0,geod_dist_to_target,12,0.7017060632010518
33764.44,COL-max-Corr,397,6953,858597,0,geod_dist_to_target,13,0.7017060632010518
33764.44,COL-max-Corr,397,6953,858597,0,geod_dist_to_target,14,0.7017060632010518
33764.44,COL-max-Corr,397,6953,858597,0,geod_dist_to_target,15,0.7017060632010518
33764.44,COL-max-Corr,397,6953,858597,0,geod_dist_to_target,16,0.7017060632010518
33764.44,COL-max-Corr,397,7139,858597,0,geod_dist_to_target,17,0.2016504061378217
33764.44,COL-max-Corr,397,397,858597,0,geod_dist_to_target,18,0.0
33764.44,COL-max-Corr,397,397,858597,0,geod_dist_to_target,19,0.0
33764.44,COL-max-Corr,397,12306,858597,0,geod_dist_to_target,20,13.545473840814614
33764.44,COL-max-Corr,397,12306,858597,0,geod_dist_to_target,22,13.545473840814614
33764.44,COL-max-Corr,397,12306,858597,0,geod_dist_to_target,24,13.545473840814614
33764.44,COL-max-Corr,397,6953,858597,0,geod_dist_to_target,26,0.7017060632010518
33764.44,COL-max-Corr,397,6953,858597,0,geod_dist_to_target,28,0.7017060632010518
33764.44,COL-max-Corr,397,6953,858597,0,geod_dist_to_target,30,0.7017060632010518
33764.44,COL-max-Corr,397,6953,858597,0,geod_dist_to_target,32,0.7017060632010518
33764.44,COL-max-Corr,397,6953,858597,0,geod_dist_to_target,34,0.7017060632010518
33764.44,COL-max-Corr,397,6953,858597,0,geod_dist_to_target,36,0.7017060632010518
33764.44,COL-max-Corr,397,6953,858597,0,geod_dist_to_target,38,0.7017060632010518
33764.44,COL-max-Corr,397,6953,858597,0,geod_dist_to_target,40,0.7017060632010518
33764.44,COL-max-Corr,397,6953,858597,0,geod_dist_to_target,42,0.7017060632010518
33764.44,COL-max-Corr,397,6953,858597,0,geod_dist_to_target,44,0.7017060632010518
33764.44,COL-max-Corr,397,6953,858597,0,geod_dist_to_target,46,0.7017060632010518
33764.44,COL-max-Corr,397,6953,858597,0,geod_dist_to_target,48,0.7017060632010518
33764.44,COL-max-Corr,397,6953,858597,0,geod_dist_to_target,50,0.7017060632010518
33764.44,COL-max-Corr,397,6953,858597,0,geod_dist_to_target,55,0.7017060632010518
33764.44,COL-max-Corr,397,6953,858597,0,geod_dist_to_target,60,0.7017060632010518
33764.44,COL-max-Corr,397,1416,858597,0,geod_dist_to_target,65,0.351149464224456
33764.44,COL-max-Corr,397,1416,858597,0,geod_dist_to_target,70,0.351149464224456
33764.44,COL-max-Corr,397,1416,858597,0,geod_dist_to_target,75,0.351149464224456
33764.44,COL-max-Corr,397,1416,858597,0,geod_dist_to_target,80,0.351149464224456
33764.44,COL-max-Corr,397,1416,858597,0,geod_dist_to_target,85,0.351149464224456
33764.44,COL-max-Corr,397,1416,858597,0,geod_dist_to_target,90,0.351149464224456
33764.44,COL-max-Corr,397,1416,858597,0,geod_dist_to_target,95,0.351149464224456
33764.44,COL-max-Corr,397,1416,858597,0,geod_dist_to_target,100,0.351149464224456
33764.44,COL-max-Corr,397,10717,85945,0,geod_dist_to_target,5,4.749669070609379
33764.44,COL-max-Corr,397,1369,85945,0,geod_dist_to_target,6,1.7526577262689436
33764.44,COL-max-Corr,397,1369,85945,0,geod_dist_to_target,7,1.7526577262689436
33764.44,COL-max-Corr,397,2550,85945,0,geod_dist_to_target,8,8.453486955289184
33764.44,COL-max-Corr,397,7129,85945,0,geod_dist_to_target,9,1.490512303557231
33764.44,COL-max-Corr,397,7129,85945,0,geod_dist_to_target,10,1.490512303557231
33764.44,COL-max-Corr,397,7129,85945,0,geod_dist_to_target,11,1.490512303557231
33764.44,COL-max-Corr,397,1301,85945,0,geod_dist_to_target,12,0.7809026509653479
33764.44,COL-max-Corr,397,11715,85945,0,geod_dist_to_target,13,3.2127338995261803
33764.44,COL-max-Corr,397,11715,85945,0,geod_dist_to_target,14,3.2127338995261803
33764.44,COL-max-Corr,397,4512,85945,0,geod_dist_to_target,15,0.7844783127633351
33764.44,COL-max-Corr,397,4512,85945,0,geod_dist_to_target,16,0.7844783127633351
33764.44,COL-max-Corr,397,2739,85945,0,geod_dist_to_target,17,1.6444751456512405
33764.44,COL-max-Corr,397,6951,85945,0,geod_dist_to_target,18,1.4170568960083465
33764.44,COL-max-Corr,397,6951,85945,0,geod_dist_to_target,19,1.4170568960083465
33764.44,COL-max-Corr,397,9979,85945,0,geod_dist_to_target,20,6.014952935772747
33764.44,COL-max-Corr,397,6951,85945,0,geod_dist_to_target,22,1.4170568960083465
33764.44,COL-max-Corr,397,9979,85945,0,geod_dist_to_target,24,6.014952935772747
33764.44,COL-max-Corr,397,6457,85945,0,geod_dist_to_target,26,6.5473238647469145
33764.44,COL-max-Corr,397,6457,85945,0,geod_dist_to_target,28,6.5473238647469145
33764.44,COL-max-Corr,397,5205,85945,0,geod_dist_to_target,30,7.484234283972462
33764.44,COL-max-Corr,397,6457,85945,0,geod_dist_to_target,32,6.5473238647469145
33764.44,COL-max-Corr,397,6457,85945,0,geod_dist_to_target,34,6.5473238647469145
33764.44,COL-max-Corr,397,6457,85945,0,geod_dist_to_target,36,6.5473238647469145
33764.44,COL-max-Corr,397,6457,85945,0,geod_dist_to_target,38,6.5473238647469145
33764.44,COL-max-Corr,397,7154,85945,0,geod_dist_to_target,40,2.0113030673105974
33764.44,COL-max-Corr,397,7154,85945,0,geod_dist_to_target,42,2.0113030673105974
33764.44,COL-max-Corr,397,397,85945,0,geod_dist_to_target,44,0.0
33764.44,COL-max-Corr,397,397,85945,0,geod_dist_to_target,46,0.0
33764.44,COL-max-Corr,397,397,85945,0,geod_dist_to_target,48,0.0
33764.44,COL-max-Corr,397,397,85945,0,geod_dist_to_target,50,0.0
33764.44,COL-max-Corr,397,10355,85945,0,geod_dist_to_target,55,2.386924937642826
33764.44,COL-max-Corr,397,10355,85945,0,geod_dist_to_target,60,2.386924937642826
33764.44,COL-max-Corr,397,10355,85945,0,geod_dist_to_target,65,2.386924937642826
33764.44,COL-max-Corr,397,11715,85945,0,geod_dist_to_target,70,3.2127338995261803
33764.44,COL-max-Corr,397,11715,85945,0,geod_dist_to_target,75,3.2127338995261803
33764.44,COL-max-Corr,397,397,85945,0,geod_dist_to_target,80,0.0
33764.44,COL-max-Corr,397,11715,85945,0,geod_dist_to_target,85,3.2127338995261803
33764.44,COL-max-Corr,397,11715,85945,0,geod_dist_to_target,90,3.2127338995261803
33764.44,COL-max-Corr,397,11715,85945,0,geod_dist_to_target,95,3.2127338995261803
33764.44,COL-max-Corr,397,10355,85945,0,geod_dist_to_target,100,2.386924937642826
33764.44,COL-max-Corr,397,1621,697368,0,geod_dist_to_target,5,14.660745313834019
33764.44,COL-max-Corr,397,7287,697368,0,geod_dist_to_target,6,1.4022651504558408
33764.44,COL-max-Corr,397,3990,697368,0,geod_dist_to_target,7,23.21058476181229
33764.44,COL-max-Corr,397,3990,697368,0,geod_dist_to_target,8,23.21058476181229
33764.44,COL-max-Corr,397,11108,697368,0,geod_dist_to_target,9,25.114811127199093
33764.44,COL-max-Corr,397,5229,697368,0,geod_dist_to_target,10,14.75810806695295
33764.44,COL-max-Corr,397,1416,697368,0,geod_dist_to_target,11,0.351149464224456
33764.44,COL-max-Corr,397,539,697368,0,geod_dist_to_target,12,0.38802320100673754
33764.44,COL-max-Corr,397,539,697368,0,geod_dist_to_target,13,0.38802320100673754
33764.44,COL-max-Corr,397,2839,697368,0,geod_dist_to_target,14,1.1587807197228432
33764.44,COL-max-Corr,397,2839,697368,0,geod_dist_to_target,15,1.1587807197228432
33764.44,COL-max-Corr,397,2105,697368,0,geod_dist_to_target,16,2.422963314045468
33764.44,COL-max-Corr,397,7320,697368,0,geod_dist_to_target,17,0.8244644267609091
33764.44,COL-max-Corr,397,7139,697368,0,geod_dist_to_target,18,0.2016504061378217
33764.44,COL-max-Corr,397,7320,697368,0,geod_dist_to_target,19,0.8244644267609091
33764.44,COL-max-Corr,397,7320,697368,0,geod_dist_to_target,20,0.8244644267609091
33764.44,COL-max-Corr,397,7139,697368,0,geod_dist_to_target,22,0.2016504061378217
33764.44,COL-max-Corr,397,12067,697368,0,geod_dist_to_target,24,5.631996253145313
33764.44,COL-max-Corr,397,12067,697368,0,geod_dist_to_target,26,5.631996253145313
33764.44,COL-max-Corr,397,10355,697368,0,geod_dist_to_target,28,2.386924937642826
33764.44,COL-max-Corr,397,10355,697368,0,geod_dist_to_target,30,2.386924937642826
33764.44,COL-max-Corr,397,10355,697368,0,geod_dist_to_target,32,2.386924937642826
33764.44,COL-max-Corr,397,10355,697368,0,geod_dist_to_target,34,2.386924937642826
33764.44,COL-max-Corr,397,7309,697368,0,geod_dist_to_target,36,0.38037803191489017
33764.44,COL-max-Corr,397,7139,697368,0,geod_dist_to_target,38,0.2016504061378217
33764.44,COL-max-Corr,397,397,697368,0,geod_dist_to_target,40,0.0
33764.44,COL-max-Corr,397,7139,697368,0,geod_dist_to_target,42,0.2016504061378217
33764.44,COL-max-Corr,397,7139,697368,0,geod_dist_to_target,44,0.2016504061378217
33764.44,COL-max-Corr,397,7139,697368,0,geod_dist_to_target,46,0.2016504061378217
33764.44,COL-max-Corr,397,7139,697368,0,geod_dist_to_target,48,0.2016504061378217
33764.44,COL-max-Corr,397,7139,697368,0,geod_dist_to_target,50,0.2016504061378217
33764.44,COL-max-Corr,397,397,697368,0,geod_dist_to_target,55,0.0
33764.44,COL-max-Corr,397,397,697368,0,geod_dist_to_target,60,0.0
33764.44,COL-max-Corr,397,7139,697368,0,geod_dist_to_target,65,0.2016504061378217
33764.44,COL-max-Corr,397,7154,697368,0,geod_dist_to_target,70,2.0113030673105974
33764.44,COL-max-Corr,397,7139,697368,0,geod_dist_to_target,75,0.2016504061378217
33764.44,COL-max-Corr,397,397,697368,0,geod_dist_to_target,80,0.0
33764.44,COL-max-Corr,397,397,697368,0,geod_dist_to_target,85,0.0
33764.44,COL-max-Corr,397,7308,697368,0,geod_dist_to_target,90,0.4308840532721227
33764.44,COL-max-Corr,397,7308,697368,0,geod_dist_to_target,95,0.4308840532721227
33764.44,COL-max-Corr,397,7308,697368,0,geod_dist_to_target,100,0.4308840532721227
33764.44,COL-max-Corr,397,7609,201469,0,geod_dist_to_target,5,15.657337456222967
33764.44,COL-max-Corr,397,7287,201469,0,geod_dist_to_target,6,1.4022651504558408
33764.44,COL-max-Corr,397,7287,201469,0,geod_dist_to_target,7,1.4022651504558408
33764.44,COL-max-Corr,397,7297,201469,0,geod_dist_to_target,8,0.5673239166111407
33764.44,COL-max-Corr,397,6988,201469,0,geod_dist_to_target,9,5.577072430540568
33764.44,COL-max-Corr,397,6988,201469,0,geod_dist_to_target,10,5.577072430540568
33764.44,COL-max-Corr,397,7446,201469,0,geod_dist_to_target,11,1.2532789718646544
33764.44,COL-max-Corr,397,7446,201469,0,geod_dist_to_target,12,1.2532789718646544
33764.44,COL-max-Corr,397,7446,201469,0,geod_dist_to_target,13,1.2532789718646544
33764.44,COL-max-Corr,397,7446,201469,0,geod_dist_to_target,14,1.2532789718646544
33764.44,COL-max-Corr,397,7446,201469,0,geod_dist_to_target,15,1.2532789718646544
33764.44,COL-max-Corr,397,7446,201469,0,geod_dist_to_target,16,1.2532789718646544
33764.44,COL-max-Corr,397,10762,201469,0,geod_dist_to_target,17,1.016774986961489
33764.44,COL-max-Corr,397,10762,201469,0,geod_dist_to_target,18,1.016774986961489
33764.44,COL-max-Corr,397,10762,201469,0,geod_dist_to_target,19,1.016774986961489
33764.44,COL-max-Corr,397,10762,201469,0,geod_dist_to_target,20,1.016774986961489
33764.44,COL-max-Corr,397,9967,201469,0,geod_dist_to_target,22,0.31516748911608633
33764.44,COL-max-Corr,397,9967,201469,0,geod_dist_to_target,24,0.31516748911608633
33764.44,COL-max-Corr,397,9967,201469,0,geod_dist_to_target,26,0.31516748911608633
33764.44,COL-max-Corr,397,1416,201469,0,geod_dist_to_target,28,0.351149464224456
33764.44,COL-max-Corr,397,1416,201469,0,geod_dist_to_target,30,0.351149464224456
33764.44,COL-max-Corr,397,9967,201469,0,geod_dist_to_target,32,0.31516748911608633
33764.44,COL-max-Corr,397,9967,201469,0,geod_dist_to_target,34,0.31516748911608633
33764.44,COL-max-Corr,397,4512,201469,0,geod_dist_to_target,36,0.7844783127633351
33764.44,COL-max-Corr,397,9967,201469,0,geod_dist_to_target,38,0.31516748911608633
33764.44,COL-max-Corr,397,397,201469,0,geod_dist_to_target,40,0.0
33764.44,COL-max-Corr,397,9967,201469,0,geod_dist_to_target,42,0.31516748911608633
33764.44,COL-max-Corr,397,9967,201469,0,geod_dist_to_target,44,0.31516748911608633
33764.44,COL-max-Corr,397,1416,201469,0,geod_dist_to_target,46,0.351149464224456
33764.44,COL-max-Corr,397,9967,201469,0,geod_dist_to_target,48,0.31516748911608633
33764.44,COL-max-Corr,397,9967,201469,0,geod_dist_to_target,50,0.31516748911608633
33764.44,COL-max-Corr,397,9967,201469,0,geod_dist_to_target,55,0.31516748911608633
33764.44,COL-max-Corr,397,9967,201469,0,geod_dist_to_target,60,0.31516748911608633
33764.44,COL-max-Corr,397,397,201469,0,geod_dist_to_target,65,0.0
33764.44,COL-max-Corr,397,397,201469,0,geod_dist_to_target,70,0.0
33764.44,COL-max-Corr,397,397,201469,0,geod_dist_to_target,75,0.0
33764.44,COL-max-Corr,397,397,201469,0,geod_dist_to_target,80,0.0
33764.44,COL-max-Corr,397,397,201469,0,geod_dist_to_target,85,0.0
33764.44,COL-max-Corr,397,397,201469,0,geod_dist_to_target,90,0.0
33764.44,COL-max-Corr,397,397,201469,0,geod_dist_to_target,95,0.0
33764.44,COL-max-Corr,397,397,201469,0,geod_dist_to_target,100,0.0
33764.44,COL-max-Corr,397,3096,94177,0,geod_dist_to_target,5,12.021263072112811
33764.44,COL-max-Corr,397,7117,94177,0,geod_dist_to_target,6,1.0645707065278656
33764.44,COL-max-Corr,397,7132,94177,0,geod_dist_to_target,7,0.5843784874771326
33764.44,COL-max-Corr,397,7132,94177,0,geod_dist_to_target,8,0.5843784874771326
33764.44,COL-max-Corr,397,7132,94177,0,geod_dist_to_target,9,0.5843784874771326
33764.44,COL-max-Corr,397,4512,94177,0,geod_dist_to_target,10,0.7844783127633351
33764.44,COL-max-Corr,397,128,94177,0,geod_dist_to_target,11,0.8067405351312805
33764.44,COL-max-Corr,397,7308,94177,0,geod_dist_to_target,12,0.4308840532721227
33764.44,COL-max-Corr,397,7297,94177,0,geod_dist_to_target,13,0.5673239166111407
33764.44,COL-max-Corr,397,7297,94177,0,geod_dist_to_target,14,0.5673239166111407
33764.44,COL-max-Corr,397,397,94177,0,geod_dist_to_target,15,0.0
33764.44,COL-max-Corr,397,397,94177,0,geod_dist_to_target,16,0.0
33764.44,COL-max-Corr,397,1416,94177,0,geod_dist_to_target,17,0.351149464224456
33764.44,COL-max-Corr,397,1416,94177,0,geod_dist_to_target,18,0.351149464224456
33764.44,COL-max-Corr,397,1416,94177,0,geod_dist_to_target,19,0.351149464224456
33764.44,COL-max-Corr,397,1416,94177,0,geod_dist_to_target,20,0.351149464224456
33764.44,COL-max-Corr,397,397,94177,0,geod_dist_to_target,22,0.0
33764.44,COL-max-Corr,397,7297,94177,0,geod_dist_to_target,24,0.5673239166111407
33764.44,COL-max-Corr,397,1416,94177,0,geod_dist_to_target,26,0.351149464224456
33764.44,COL-max-Corr,397,1416,94177,0,geod_dist_to_target,28,0.351149464224456
33764.44,COL-max-Corr,397,1416,94177,0,geod_dist_to_target,30,0.351149464224456
33764.44,COL-max-Corr,397,1416,94177,0,geod_dist_to_target,32,0.351149464224456
33764.44,COL-max-Corr,397,397,94177,0,geod_dist_to_target,34,0.0
33764.44,COL-max-Corr,397,397,94177,0,geod_dist_to_target,36,0.0
33764.44,COL-max-Corr,397,397,94177,0,geod_dist_to_target,38,0.0
33764.44,COL-max-Corr,397,397,94177,0,geod_dist_to_target,40,0.0
33764.44,COL-max-Corr,397,397,94177,0,geod_dist_to_target,42,0.0
33764.44,COL-max-Corr,397,397,94177,0,geod_dist_to_target,44,0.0
33764.44,COL-max-Corr,397,397,94177,0,geod_dist_to_target,46,0.0
33764.44,COL-max-Corr,397,397,94177,0,geod_dist_to_target,48,0.0
33764.44,COL-max-Corr,397,397,94177,0,geod_dist_to_target,50,0.0
33764.44,COL-max-Corr,397,1416,94177,0,geod_dist_to_target,55,0.351149464224456
33764.44,COL-max-Corr,397,1416,94177,0,geod_dist_to_target,60,0.351149464224456
33764.44,COL-max-Corr,397,1416,94177,0,geod_dist_to_target,65,0.351149464224456
33764.44,COL-max-Corr,397,1416,94177,0,geod_dist_to_target,70,0.351149464224456
33764.44,COL-max-Corr,397,397,94177,0,geod_dist_to_target,75,0.0
33764.44,COL-max-Corr,397,397,94177,0,geod_dist_to_target,80,0.0
33764.44,COL-max-Corr,397,1416,94177,0,geod_dist_to_target,85,0.351149464224456
33764.44,COL-max-Corr,397,1416,94177,0,geod_dist_to_target,90,0.351149464224456
33764.44,COL-max-Corr,397,397,94177,0,geod_dist_to_target,95,0.0
33764.44,COL-max-Corr,397,397,94177,0,geod_dist_to_target,100,0.0
33764.44,ROW-mean-ED,397,10913,89250,0,geod_dist_to_target,5,18.624817187617737
33764.44,ROW-mean-ED,397,8635,89250,0,geod_dist_to_target,6,21.549768686724292
33764.44,ROW-mean-ED,397,10491,89250,0,geod_dist_to_target,7,24.335980454115774
33764.44,ROW-mean-ED,397,5608,89250,0,geod_dist_to_target,8,22.083344335276653
33764.44,ROW-mean-ED,397,5608,89250,0,geod_dist_to_target,9,22.083344335276653
33764.44,ROW-mean-ED,397,7539,89250,0,geod_dist_to_target,10,19.969204769885266
33764.44,ROW-mean-ED,397,7539,89250,0,geod_dist_to_target,11,19.969204769885266
33764.44,ROW-mean-ED,397,8478,89250,0,geod_dist_to_target,12,22.88181774563814
33764.44,ROW-mean-ED,397,8478,89250,0,geod_dist_to_target,13,22.88181774563814
33764.44,ROW-mean-ED,397,8478,89250,0,geod_dist_to_target,14,22.88181774563814
33764.44,ROW-mean-ED,397,8478,89250,0,geod_dist_to_target,15,22.88181774563814
33764.44,ROW-mean-ED,397,8478,89250,0,geod_dist_to_target,16,22.88181774563814
33764.44,ROW-mean-ED,397,8478,89250,0,geod_dist_to_target,17,22.88181774563814
33764.44,ROW-mean-ED,397,7018,89250,0,geod_dist_to_target,18,18.797627521133517
33764.44,ROW-mean-ED,397,7018,89250,0,geod_dist_to_target,19,18.797627521133517
33764.44,ROW-mean-ED,397,7018,89250,0,geod_dist_to_target,20,18.797627521133517
33764.44,ROW-mean-ED,397,7018,89250,0,geod_dist_to_target,22,18.797627521133517
33764.44,ROW-mean-ED,397,7018,89250,0,geod_dist_to_target,24,18.797627521133517
33764.44,ROW-mean-ED,397,7140,89250,0,geod_dist_to_target,26,0.6709622571610145
33764.44,ROW-mean-ED,397,7310,89250,0,geod_dist_to_target,28,0.6633170880691671
33764.44,ROW-mean-ED,397,7310,89250,0,geod_dist_to_target,30,0.6633170880691671
33764.44,ROW-mean-ED,397,7310,89250,0,geod_dist_to_target,32,0.6633170880691671
33764.44,ROW-mean-ED,397,7310,89250,0,geod_dist_to_target,34,0.6633170880691671
33764.44,ROW-mean-ED,397,7310,89250,0,geod_dist_to_target,36,0.6633170880691671
33764.44,ROW-mean-ED,397,7310,89250,0,geod_dist_to_target,38,0.6633170880691671
33764.44,ROW-mean-ED,397,7309,89250,0,geod_dist_to_target,40,0.38037803191489017
33764.44,ROW-mean-ED,397,7309,89250,0,geod_dist_to_target,42,0.38037803191489017
33764.44,ROW-mean-ED,397,7309,89250,0,geod_dist_to_target,44,0.38037803191489017
33764.44,ROW-mean-ED,397,539,89250,0,geod_dist_to_target,46,0.38802320100673754
33764.44,ROW-mean-ED,397,539,89250,0,geod_dist_to_target,48,0.38802320100673754
33764.44,ROW-mean-ED,397,539,89250,0,geod_dist_to_target,50,0.38802320100673754
33764.44,ROW-mean-ED,397,539,89250,0,geod_dist_to_target,55,0.38802320100673754
33764.44,ROW-mean-ED,397,7140,89250,0,geod_dist_to_target,60,0.6709622571610145
33764.44,ROW-mean-ED,397,7140,89250,0,geod_dist_to_target,65,0.6709622571610145
33764.44,ROW-mean-ED,397,7140,89250,0,geod_dist_to_target,70,0.6709622571610145
33764.44,ROW-mean-ED,397,7310,89250,0,geod_dist_to_target,75,0.6633170880691671
33764.44,ROW-mean-ED,397,7310,89250,0,geod_dist_to_target,80,0.6633170880691671
33764.44,ROW-mean-ED,397,7310,89250,0,geod_dist_to_target,85,0.6633170880691671
33764.44,ROW-mean-ED,397,7139,89250,0,geod_dist_to_target,90,0.2016504061378217
33764.44,ROW-mean-ED,397,7309,89250,0,geod_dist_to_target,95,0.38037803191489017
33764.44,ROW-mean-ED,397,7139,89250,0,geod_dist_to_target,100,0.2016504061378217
33764.44,ROW-mean-ED,397,11515,773956,0,geod_dist_to_target,5,21.29124087295929
33764.44,ROW-mean-ED,397,10762,773956,0,geod_dist_to_target,6,1.016774986961489
33764.44,ROW-mean-ED,397,128,773956,0,geod_dist_to_target,7,0.8067405351312805
33764.44,ROW-mean-ED,397,7308,773956,0,geod_dist_to_target,8,0.4308840532721227
33764.44,ROW-mean-ED,397,7308,773956,0,geod_dist_to_target,9,0.4308840532721227
33764.44,ROW-mean-ED,397,53,773956,0,geod_dist_to_target,10,0.9173818524657898
33764.44,ROW-mean-ED,397,128,773956,0,geod_dist_to_target,11,0.8067405351312805
33764.44,ROW-mean-ED,397,7308,773956,0,geod_dist_to_target,12,0.4308840532721227
33764.44,ROW-mean-ED,397,7308,773956,0,geod_dist_to_target,13,0.4308840532721227
33764.44,ROW-mean-ED,397,7308,773956,0,geod_dist_to_target,14,0.4308840532721227
33764.44,ROW-mean-ED,397,7308,773956,0,geod_dist_to_target,15,0.4308840532721227
33764.44,ROW-mean-ED,397,7308,773956,0,geod_dist_to_target,16,0.4308840532721227
33764.44,ROW-mean-ED,397,7308,773956,0,geod_dist_to_target,17,0.4308840532721227
33764.44,ROW-mean-ED,397,7308,773956,0,geod_dist_to_target,18,0.4308840532721227
33764.44,ROW-mean-ED,397,7308,773956,0,geod_dist_to_target,19,0.4308840532721227
33764.44,ROW-mean-ED,397,9967,773956,0,geod_dist_to_target,20,0.31516748911608633
33764.44,ROW-mean-ED,397,397,773956,0,geod_dist_to_target,22,0.0
33764.44,ROW-mean-ED,397,397,773956,0,geod_dist_to_target,24,0.0
33764.44,ROW-mean-ED,397,7297,773956,0,geod_dist_to_target,26,0.5673239166111407
33764.44,ROW-mean-ED,397,7297,773956,0,geod_dist_to_target,28,0.5673239166111407
33764.44,ROW-mean-ED,397,7297,773956,0,geod_dist_to_target,30,0.5673239166111407
33764.44,ROW-mean-ED,397,7297,773956,0,geod_dist_to_target,32,0.5673239166111407
33764.44,ROW-mean-ED,397,7297,773956,0,geod_dist_to_target,34,0.5673239166111407
33764.44,ROW-mean-ED,397,7297,773956,0,geod_dist_to_target,36,0.5673239166111407
33764.44,ROW-mean-ED,397,9967,773956,0,geod_dist_to_target,38,0.31516748911608633
33764.44,ROW-mean-ED,397,7297,773956,0,geod_dist_to_target,40,0.5673239166111407
33764.44,ROW-mean-ED,397,9967,773956,0,geod_dist_to_target,42,0.31516748911608633
33764.44,ROW-mean-ED,397,9967,773956,0,geod_dist_to_target,44,0.31516748911608633
33764.44,ROW-mean-ED,397,9967,773956,0,geod_dist_to_target,46,0.31516748911608633
33764.44,ROW-mean-ED,397,7297,773956,0,geod_dist_to_target,48,0.5673239166111407
33764.44,ROW-mean-ED,397,7308,773956,0,geod_dist_to_target,50,0.4308840532721227
33764.44,ROW-mean-ED,397,9967,773956,0,geod_dist_to_target,55,0.31516748911608633
33764.44,ROW-mean-ED,397,9967,773956,0,geod_dist_to_target,60,0.31516748911608633
33764.44,ROW-mean-ED,397,1416,773956,0,geod_dist_to_target,65,0.351149464224456
33764.44,ROW-mean-ED,397,1416,773956,0,geod_dist_to_target,70,0.351149464224456
33764.44,ROW-mean-ED,397,1416,773956,0,geod_dist_to_target,75,0.351149464224456
33764.44,ROW-mean-ED,397,1416,773956,0,geod_dist_to_target,80,0.351149464224456
33764.44,ROW-mean-ED,397,1416,773956,0,geod_dist_to_target,85,0.351149464224456
33764.44,ROW-mean-ED,397,397,773956,0,geod_dist_to_target,90,0.0
33764.44,ROW-mean-ED,397,397,773956,0,geod_dist_to_target,95,0.0
33764.44,ROW-mean-ED,397,397,773956,0,geod_dist_to_target,100,0.0
33764.44,ROW-mean-ED,397,2262,654571,0,geod_dist_to_target,5,45.63068283308568
33764.44,ROW-mean-ED,397,263,654571,0,geod_dist_to_target,6,19.224030890185862
33764.44,ROW-mean-ED,397,7491,654571,0,geod_dist_to_target,7,20.698860986764384
33764.44,ROW-mean-ED,397,7491,654571,0,geod_dist_to_target,8,20.698860986764384
33764.44,ROW-mean-ED,397,7491,654571,0,geod_dist_to_target,9,20.698860986764384
33764.44,ROW-mean-ED,397,7446,654571,0,geod_dist_to_target,10,1.2532789718646544
33764.44,ROW-mean-ED,397,7446,654571,0,geod_dist_to_target,11,1.2532789718646544
33764.44,ROW-mean-ED,397,7308,654571,0,geod_dist_to_target,12,0.4308840532721227
33764.44,ROW-mean-ED,397,7308,654571,0,geod_dist_to_target,13,0.4308840532721227
33764.44,ROW-mean-ED,397,7308,654571,0,geod_dist_to_target,14,0.4308840532721227
33764.44,ROW-mean-ED,397,7308,654571,0,geod_dist_to_target,15,0.4308840532721227
33764.44,ROW-mean-ED,397,7154,654571,0,geod_dist_to_target,16,2.0113030673105974
33764.44,ROW-mean-ED,397,7154,654571,0,geod_dist_to_target,17,2.0113030673105974
33764.44,ROW-mean-ED,397,9669,654571,0,geod_dist_to_target,18,1.6244055937733262
33764.44,ROW-mean-ED,397,9669,654571,0,geod_dist_to_target,19,1.6244055937733262
33764.44,ROW-mean-ED,397,53,654571,0,geod_dist_to_target,20,0.9173818524657898
33764.44,ROW-mean-ED,397,53,654571,0,geod_dist_to_target,22,0.9173818524657898
33764.44,ROW-mean-ED,397,7320,654571,0,geod_dist_to_target,24,0.8244644267609091
33764.44,ROW-mean-ED,397,7319,654571,0,geod_dist_to_target,26,1.1951117575392998
33764.44,ROW-mean-ED,397,9669,654571,0,geod_dist_to_target,28,1.6244055937733262
33764.44,ROW-mean-ED,397,9669,654571,0,geod_dist_to_target,30,1.6244055937733262
33764.44,ROW-mean-ED,397,9669,654571,0,geod_dist_to_target,32,1.6244055937733262
33764.44,ROW-mean-ED,397,9669,654571,0,geod_dist_to_target,34,1.6244055937733262
33764.44,ROW-mean-ED,397,9669,654571,0,geod_dist_to_target,36,1.6244055937733262
33764.44,ROW-mean-ED,397,9669,654571,0,geod_dist_to_target,38,1.6244055937733262
33764.44,ROW-mean-ED,397,7321,654571,0,geod_dist_to_target,40,1.3795693575734465
33764.44,ROW-mean-ED,397,7321,654571,0,geod_dist_to_target,42,1.3795693575734465
33764.44,ROW-mean-ED,397,7321,654571,0,geod_dist_to_target,44,1.3795693575734465
33764.44,ROW-mean-ED,397,2924,654571,0,geod_dist_to_target,46,1.1796843833734636
33764.44,ROW-mean-ED,397,2924,654571,0,geod_dist_to_target,48,1.1796843833734636
33764.44,ROW-mean-ED,397,11482,654571,0,geod_dist_to_target,50,1.6395136926083536
33764.44,ROW-mean-ED,397,7322,654571,0,geod_dist_to_target,55,1.715945768102592
33764.44,ROW-mean-ED,397,7446,654571,0,geod_dist_to_target,60,1.2532789718646544
33764.44,ROW-mean-ED,397,7446,654571,0,geod_dist_to_target,65,1.2532789718646544
33764.44,ROW-mean-ED,397,7446,654571,0,geod_dist_to_target,70,1.2532789718646544
33764.44,ROW-mean-ED,397,2924,654571,0,geod_dist_to_target,75,1.1796843833734636
33764.44,ROW-mean-ED,397,7297,654571,0,geod_dist_to_target,80,0.5673239166111407
33764.44,ROW-mean-ED,397,9669,654571,0,geod_dist_to_target,85,1.6244055937733262
33764.44,ROW-mean-ED,397,9669,654571,0,geod_dist_to_target,90,1.6244055937733262
33764.44,ROW-mean-ED,397,9669,654571,0,geod_dist_to_target,95,1.6244055937733262
33764.44,ROW-mean-ED,397,9669,654571,0,geod_dist_to_target,100,1.6244055937733262
33764.44,ROW-mean-ED,397,8494,438878,0,geod_dist_to_target,5,21.621292330025966
33764.44,ROW-mean-ED,397,6572,438878,0,geod_dist_to_target,6,20.899262189180437
33764.44,ROW-mean-ED,397,6572,438878,0,geod_dist_to_target,7,20.899262189180437
33764.44,ROW-mean-ED,397,6572,438878,0,geod_dist_to_target,8,20.899262189180437
33764.44,ROW-mean-ED,397,6572,438878,0,geod_dist_to_target,9,20.899262189180437
33764.44,ROW-mean-ED,397,6572,438878,0,geod_dist_to_target,10,20.899262189180437
33764.44,ROW-mean-ED,397,6572,438878,0,geod_dist_to_target,11,20.899262189180437
33764.44,ROW-mean-ED,397,8479,438878,0,geod_dist_to_target,12,23.705514563013338
33764.44,ROW-mean-ED,397,2702,438878,0,geod_dist_to_target,13,22.042919055995014
33764.44,ROW-mean-ED,397,2702,438878,0,geod_dist_to_target,14,22.042919055995014
33764.44,ROW-mean-ED,397,2702,438878,0,geod_dist_to_target,15,22.042919055995014
33764.44,ROW-mean-ED,397,2702,438878,0,geod_dist_to_target,16,22.042919055995014
33764.44,ROW-mean-ED,397,2702,438878,0,geod_dist_to_target,17,22.042919055995014
33764.44,ROW-mean-ED,397,1416,438878,0,geod_dist_to_target,18,0.351149464224456
33764.44,ROW-mean-ED,397,1416,438878,0,geod_dist_to_target,19,0.351149464224456
33764.44,ROW-mean-ED,397,1416,438878,0,geod_dist_to_target,20,0.351149464224456
33764.44,ROW-mean-ED,397,1416,438878,0,geod_dist_to_target,22,0.351149464224456
33764.44,ROW-mean-ED,397,1416,438878,0,geod_dist_to_target,24,0.351149464224456
33764.44,ROW-mean-ED,397,397,438878,0,geod_dist_to_target,26,0.0
33764.44,ROW-mean-ED,397,6953,438878,0,geod_dist_to_target,28,0.7017060632010518
33764.44,ROW-mean-ED,397,6953,438878,0,geod_dist_to_target,30,0.7017060632010518
33764.44,ROW-mean-ED,397,6953,438878,0,geod_dist_to_target,32,0.7017060632010518
33764.44,ROW-mean-ED,397,6953,438878,0,geod_dist_to_target,34,0.7017060632010518
33764.44,ROW-mean-ED,397,1416,438878,0,geod_dist_to_target,36,0.351149464224456
33764.44,ROW-mean-ED,397,1416,438878,0,geod_dist_to_target,38,0.351149464224456
33764.44,ROW-mean-ED,397,397,438878,0,geod_dist_to_target,40,0.0
33764.44,ROW-mean-ED,397,397,438878,0,geod_dist_to_target,42,0.0
33764.44,ROW-mean-ED,397,397,438878,0,geod_dist_to_target,44,0.0
33764.44,ROW-mean-ED,397,7308,438878,0,geod_dist_to_target,46,0.4308840532721227
33764.44,ROW-mean-ED,397,7308,438878,0,geod_dist_to_target,48,0.4308840532721227
33764.44,ROW-mean-ED,397,7308,438878,0,geod_dist_to_target,50,0.4308840532721227
33764.44,ROW-mean-ED,397,7308,438878,0,geod_dist_to_target,55,0.4308840532721227
33764.44,ROW-mean-ED,397,7308,438878,0,geod_dist_to_target,60,0.4308840532721227
33764.44,ROW-mean-ED,397,7308,438878,0,geod_dist_to_target,65,0.4308840532721227
33764.44,ROW-mean-ED,397,7308,438878,0,geod_dist_to_target,70,0.4308840532721227
33764.44,ROW-mean-ED,397,7308,438878,0,geod_dist_to_target,75,0.4308840532721227
33764.44,ROW-mean-ED,397,7309,438878,0,geod_dist_to_target,80,0.38037803191489017
33764.44,ROW-mean-ED,397,7309,438878,0,geod_dist_to_target,85,0.38037803191489017
33764.44,ROW-mean-ED,397,7139,438878,0,geod_dist_to_target,90,0.2016504061378217
33764.44,ROW-mean-ED,397,7308,438878,0,geod_dist_to_target,95,0.4308840532721227
33764.44,ROW-mean-ED,397,7308,438878,0,geod_dist_to_target,100,0.4308840532721227
33764.44,ROW-mean-ED,397,482,433015,0,geod_dist_to_target,5,17.674483645313884
33764.44,ROW-mean-ED,397,5919,433015,0,geod_dist_to_target,6,5.872604057727745
33764.44,ROW-mean-ED,397,5919,433015,0,geod_dist_to_target,7,5.872604057727745
33764.44,ROW-mean-ED,397,5880,433015,0,geod_dist_to_target,8,5.577470160647241
33764.44,ROW-mean-ED,397,5880,433015,0,geod_dist_to_target,9,5.577470160647241
33764.44,ROW-mean-ED,397,5880,433015,0,geod_dist_to_target,10,5.577470160647241
33764.44,ROW-mean-ED,397,990,433015,0,geod_dist_to_target,11,5.207057178311614
33764.44,ROW-mean-ED,397,990,433015,0,geod_dist_to_target,12,5.207057178311614
33764.44,ROW-mean-ED,397,4538,433015,0,geod_dist_to_target,13,5.029545690957679
33764.44,ROW-mean-ED,397,4538,433015,0,geod_dist_to_target,14,5.029545690957679
33764.44,ROW-mean-ED,397,4538,433015,0,geod_dist_to_target,15,5.029545690957679
33764.44,ROW-mean-ED,397,6953,433015,0,geod_dist_to_target,16,0.7017060632010518
33764.44,ROW-mean-ED,397,6954,433015,0,geod_dist_to_target,17,0.5369293938455116
33764.44,ROW-mean-ED,397,6954,433015,0,geod_dist_to_target,18,0.5369293938455116
33764.44,ROW-mean-ED,397,6954,433015,0,geod_dist_to_target,19,0.5369293938455116
33764.44,ROW-mean-ED,397,6954,433015,0,geod_dist_to_target,20,0.5369293938455116
33764.44,ROW-mean-ED,397,6954,433015,0,geod_dist_to_target,22,0.5369293938455116
33764.44,ROW-mean-ED,397,7145,433015,0,geod_dist_to_target,24,0.9154545139848457
33764.44,ROW-mean-ED,397,7140,433015,0,geod_dist_to_target,26,0.6709622571610145
33764.44,ROW-mean-ED,397,7140,433015,0,geod_dist_to_target,28,0.6709622571610145
33764.44,ROW-mean-ED,397,7139,433015,0,geod_dist_to_target,30,0.2016504061378217
33764.44,ROW-mean-ED,397,7139,433015,0,geod_dist_to_target,32,0.2016504061378217
33764.44,ROW-mean-ED,397,7139,433015,0,geod_dist_to_target,34,0.2016504061378217
33764.44,ROW-mean-ED,397,7139,433015,0,geod_dist_to_target,36,0.2016504061378217
33764.44,ROW-mean-ED,397,7139,433015,0,geod_dist_to_target,38,0.2016504061378217
33764.44,ROW-mean-ED,397,7139,433015,0,geod_dist_to_target,40,0.2016504061378217
33764.44,ROW-mean-ED,397,7139,433015,0,geod_dist_to_target,42,0.2016504061378217
33764.44,ROW-mean-ED,397,7139,433015,0,geod_dist_to_target,44,0.2016504061378217
33764.44,ROW-mean-ED,397,7139,433015,0,geod_dist_to_target,46,0.2016504061378217
33764.44,ROW-mean-ED,397,539,433015,0,geod_dist_to_target,48,0.38802320100673754
33764.44,ROW-mean-ED,397,7139,433015,0,geod_dist_to_target,50,0.2016504061378217
33764.44,ROW-mean-ED,397,539,433015,0,geod_dist_to_target,55,0.38802320100673754
33764.44,ROW-mean-ED,397,6954,433015,0,geod_dist_to_target,60,0.5369293938455116
33764.44,ROW-mean-ED,397,7139,433015,0,geod_dist_to_target,65,0.2016504061378217
33764.44,ROW-mean-ED,397,7139,433015,0,geod_dist_to_target,70,0.2016504061378217
33764.44,ROW-mean-ED,397,7139,433015,0,geod_dist_to_target,75,0.2016504061378217
33764.44,ROW-mean-ED,397,7139,433015,0,geod_dist_to_target,80,0.2016504061378217
33764.44,ROW-mean-ED,397,7139,433015,0,geod_dist_to_target,85,0.2016504061378217
33764.44,ROW-mean-ED,397,7139,433015,0,geod_dist_to_target,90,0.2016504061378217
33764.44,ROW-mean-ED,397,7139,433015,0,geod_dist_to_target,95,0.2016504061378217
33764.44,ROW-mean-ED,397,7139,433015,0,geod_dist_to_target,100,0.2016504061378217
33764.44,ROW-mean-ED,397,11581,858597,0,geod_dist_to_target,5,21.373890383848735
33764.44,ROW-mean-ED,397,11581,858597,0,geod_dist_to_target,6,21.373890383848735
33764.44,ROW-mean-ED,397,2702,858597,0,geod_dist_to_target,7,22.042919055995014
33764.44,ROW-mean-ED,397,2702,858597,0,geod_dist_to_target,8,22.042919055995014
33764.44,ROW-mean-ED,397,2702,858597,0,geod_dist_to_target,9,22.042919055995014
33764.44,ROW-mean-ED,397,2702,858597,0,geod_dist_to_target,10,22.042919055995014
33764.44,ROW-mean-ED,397,2702,858597,0,geod_dist_to_target,11,22.042919055995014
33764.44,ROW-mean-ED,397,2702,858597,0,geod_dist_to_target,12,22.042919055995014
33764.44,ROW-mean-ED,397,2702,858597,0,geod_dist_to_target,13,22.042919055995014
33764.44,ROW-mean-ED,397,2702,858597,0,geod_dist_to_target,14,22.042919055995014
33764.44,ROW-mean-ED,397,8494,858597,0,geod_dist_to_target,15,21.621292330025966
33764.44,ROW-mean-ED,397,2702,858597,0,geod_dist_to_target,16,22.042919055995014
33764.44,ROW-mean-ED,397,2702,858597,0,geod_dist_to_target,17,22.042919055995014
33764.44,ROW-mean-ED,397,633,858597,0,geod_dist_to_target,18,19.712588861271108
33764.44,ROW-mean-ED,397,633,858597,0,geod_dist_to_target,19,19.712588861271108
33764.44,ROW-mean-ED,397,633,858597,0,geod_dist_to_target,20,19.712588861271108
33764.44,ROW-mean-ED,397,633,858597,0,geod_dist_to_target,22,19.712588861271108
33764.44,ROW-mean-ED,397,3852,858597,0,geod_dist_to_target,24,20.822138614154998
33764.44,ROW-mean-ED,397,7309,858597,0,geod_dist_to_target,26,0.38037803191489017
33764.44,ROW-mean-ED,397,7310,858597,0,geod_dist_to_target,28,0.6633170880691671
33764.44,ROW-mean-ED,397,7310,858597,0,geod_dist_to_target,30,0.6633170880691671
33764.44,ROW-mean-ED,397,7140,858597,0,geod_dist_to_target,32,0.6709622571610145
33764.44,ROW-mean-ED,397,7140,858597,0,geod_dist_to_target,34,0.6709622571610145
33764.44,ROW-mean-ED,397,7140,858597,0,geod_dist_to_target,36,0.6709622571610145
33764.44,ROW-mean-ED,397,7140,858597,0,geod_dist_to_target,38,0.6709622571610145
33764.44,ROW-mean-ED,397,7140,858597,0,geod_dist_to_target,40,0.6709622571610145
33764.44,ROW-mean-ED,397,539,858597,0,geod_dist_to_target,42,0.38802320100673754
33764.44,ROW-mean-ED,397,539,858597,0,geod_dist_to_target,44,0.38802320100673754
33764.44,ROW-mean-ED,397,539,858597,0,geod_dist_to_target,46,0.38802320100673754
33764.44,ROW-mean-ED,397,7140,858597,0,geod_dist_to_target,48,0.6709622571610145
33764.44,ROW-mean-ED,397,7140,858597,0,geod_dist_to_target,50,0.6709622571610145
33764.44,ROW-mean-ED,397,7147,858597,0,geod_dist_to_target,55,0.7957785580363
33764.44,ROW-mean-ED,397,7147,858597,0,geod_dist_to_target,60,0.7957785580363
33764.44,ROW-mean-ED,397,7147,858597,0,geod_dist_to_target,65,0.7957785580363
33764.44,ROW-mean-ED,397,7147,858597,0,geod_dist_to_target,70,0.7957785580363
33764.44,ROW-mean-ED,397,7140,858597,0,geod_dist_to_target,75,0.6709622571610145
33764.44,ROW-mean-ED,397,7140,858597,0,geod_dist_to_target,80,0.6709622571610145
33764.44,ROW-mean-ED,397,539,858597,0,geod_dist_to_target,85,0.38802320100673754
33764.44,ROW-mean-ED,397,539,858597,0,geod_dist_to_target,90,0.38802320100673754
33764.44,ROW-mean-ED,397,539,858597,0,geod_dist_to_target,95,0.38802320100673754
33764.44,ROW-mean-ED,397,7310,858597,0,geod_dist_to_target,100,0.6633170880691671
33764.44,ROW-mean-ED,397,235,85945,0,geod_dist_to_target,5,11.174435731626177
33764.44,ROW-mean-ED,397,4225,85945,0,geod_dist_to_target,6,19.412966693631052
33764.44,ROW-mean-ED,397,655,85945,0,geod_dist_to_target,7,41.1603231546164
33764.44,ROW-mean-ED,397,655,85945,0,geod_dist_to_target,8,41.1603231546164
33764.44,ROW-mean-ED,397,655,85945,0,geod_dist_to_target,9,41.1603231546164
33764.44,ROW-mean-ED,397,655,85945,0,geod_dist_to_target,10,41.1603231546164
33764.44,ROW-mean-ED,397,11519,85945,0,geod_dist_to_target,11,42.54608636466984
33764.44,ROW-mean-ED,397,6825,85945,0,geod_dist_to_target,12,16.942377592898804
33764.44,ROW-mean-ED,397,6825,85945,0,geod_dist_to_target,13,16.942377592898804
33764.44,ROW-mean-ED,397,6444,85945,0,geod_dist_to_target,14,6.1417083223115165
33764.44,ROW-mean-ED,397,6444,85945,0,geod_dist_to_target,15,6.1417083223115165
33764.44,ROW-mean-ED,397,11007,85945,0,geod_dist_to_target,16,6.907129113662857
33764.44,ROW-mean-ED,397,6493,85945,0,geod_dist_to_target,17,6.477418417447602
33764.44,ROW-mean-ED,397,2105,85945,0,geod_dist_to_target,18,2.422963314045468
33764.44,ROW-mean-ED,397,2105,85945,0,geod_dist_to_target,19,2.422963314045468
33764.44,ROW-mean-ED,397,2105,85945,0,geod_dist_to_target,20,2.422963314045468
33764.44,ROW-mean-ED,397,2105,85945,0,geod_dist_to_target,22,2.422963314045468
33764.44,ROW-mean-ED,397,2105,85945,0,geod_dist_to_target,24,2.422963314045468
33764.44,ROW-mean-ED,397,2105,85945,0,geod_dist_to_target,26,2.422963314045468
33764.44,ROW-mean-ED,397,11715,85945,0,geod_dist_to_target,28,3.2127338995261803
33764.44,ROW-mean-ED,397,11715,85945,0,geod_dist_to_target,30,3.2127338995261803
33764.44,ROW-mean-ED,397,11715,85945,0,geod_dist_to_target,32,3.2127338995261803
33764.44,ROW-mean-ED,397,7154,85945,0,geod_dist_to_target,34,2.0113030673105974
33764.44,ROW-mean-ED,397,7154,85945,0,geod_dist_to_target,36,2.0113030673105974
33764.44,ROW-mean-ED,397,7154,85945,0,geod_dist_to_target,38,2.0113030673105974
33764.44,ROW-mean-ED,397,630,85945,0,geod_dist_to_target,40,7.71638908808744
33764.44,ROW-mean-ED,397,3103,85945,0,geod_dist_to_target,42,7.53413087307261
33764.44,ROW-mean-ED,397,630,85945,0,geod_dist_to_target,44,7.71638908808744
33764.44,ROW-mean-ED,397,6472,85945,0,geod_dist_to_target,46,8.295573699758405
33764.44,ROW-mean-ED,397,630,85945,0,geod_dist_to_target,48,7.71638908808744
33764.44,ROW-mean-ED,397,630,85945,0,geod_dist_to_target,50,7.71638908808744
33764.44,ROW-mean-ED,397,630,85945,0,geod_dist_to_target,55,7.71638908808744
33764.44,ROW-mean-ED,397,630,85945,0,geod_dist_to_target,60,7.71638908808744
33764.44,ROW-mean-ED,397,6493,85945,0,geod_dist_to_target,65,6.477418417447602
33764.44,ROW-mean-ED,397,6493,85945,0,geod_dist_to_target,70,6.477418417447602
33764.44,ROW-mean-ED,397,630,85945,0,geod_dist_to_target,75,7.71638908808744
33764.44,ROW-mean-ED,397,630,85945,0,geod_dist_to_target,80,7.71638908808744
33764.44,ROW-mean-ED,397,10355,85945,0,geod_dist_to_target,85,2.386924937642826
33764.44,ROW-mean-ED,397,7154,85945,0,geod_dist_to_target,90,2.0113030673105974
33764.44,ROW-mean-ED,397,10355,85945,0,geod_dist_to_target,95,2.386924937642826
33764.44,ROW-mean-ED,397,7154,85945,0,geod_dist_to_target,100,2.0113030673105974
33764.44,ROW-mean-ED,397,482,697368,0,geod_dist_to_target,5,17.674483645313884
33764.44,ROW-mean-ED,397,7491,697368,0,geod_dist_to_target,6,20.698860986764384
33764.44,ROW-mean-ED,397,11291,697368,0,geod_dist_to_target,7,28.848673602475884
33764.44,ROW-mean-ED,397,11291,697368,0,geod_dist_to_target,8,28.848673602475884
33764.44,ROW-mean-ED,397,11291,697368,0,geod_dist_to_target,9,28.848673602475884
33764.44,ROW-mean-ED,397,6625,697368,0,geod_dist_to_target,10,5.513371714347611
33764.44,ROW-mean-ED,397,6625,697368,0,geod_dist_to_target,11,5.513371714347611
33764.44,ROW-mean-ED,397,11581,697368,0,geod_dist_to_target,12,21.373890383848735
33764.44,ROW-mean-ED,397,11581,697368,0,geod_dist_to_target,13,21.373890383848735
33764.44,ROW-mean-ED,397,11581,697368,0,geod_dist_to_target,14,21.373890383848735
33764.44,ROW-mean-ED,397,11581,697368,0,geod_dist_to_target,15,21.373890383848735
33764.44,ROW-mean-ED,397,10914,697368,0,geod_dist_to_target,16,4.963732065531015
33764.44,ROW-mean-ED,397,10914,697368,0,geod_dist_to_target,17,4.963732065531015
33764.44,ROW-mean-ED,397,6493,697368,0,geod_dist_to_target,18,6.477418417447602
33764.44,ROW-mean-ED,397,6493,697368,0,geod_dist_to_target,19,6.477418417447602
33764.44,ROW-mean-ED,397,2105,697368,0,geod_dist_to_target,20,2.422963314045468
33764.44,ROW-mean-ED,397,2105,697368,0,geod_dist_to_target,22,2.422963314045468
33764.44,ROW-mean-ED,397,2105,697368,0,geod_dist_to_target,24,2.422963314045468
33764.44,ROW-mean-ED,397,2105,697368,0,geod_dist_to_target,26,2.422963314045468
33764.44,ROW-mean-ED,397,2105,697368,0,geod_dist_to_target,28,2.422963314045468
33764.44,ROW-mean-ED,397,2105,697368,0,geod_dist_to_target,30,2.422963314045468
33764.44,ROW-mean-ED,397,1416,697368,0,geod_dist_to_target,32,0.351149464224456
33764.44,ROW-mean-ED,397,1416,697368,0,geod_dist_to_target,34,0.351149464224456
33764.44,ROW-mean-ED,397,1416,697368,0,geod_dist_to_target,36,0.351149464224456
33764.44,ROW-mean-ED,397,1416,697368,0,geod_dist_to_target,38,0.351149464224456
33764.44,ROW-mean-ED,397,1416,697368,0,geod_dist_to_target,40,0.351149464224456
33764.44,ROW-mean-ED,397,1416,697368,0,geod_dist_to_target,42,0.351149464224456
33764.44,ROW-mean-ED,397,1416,697368,0,geod_dist_to_target,44,0.351149464224456
33764.44,ROW-mean-ED,397,1416,697368,0,geod_dist_to_target,46,0.351149464224456
33764.44,ROW-mean-ED,397,1416,697368,0,geod_dist_to_target,48,0.351149464224456
33764.44,ROW-mean-ED,397,1416,697368,0,geod_dist_to_target,50,0.351149464224456
33764.44,ROW-mean-ED,397,9979,697368,0,geod_dist_to_target,55,6.014952935772747
33764.44,ROW-mean-ED,397,2105,697368,0,geod_dist_to_target,60,2.422963314045468
33764.44,ROW-mean-ED,397,1416,697368,0,geod_dist_to_target,65,0.351149464224456
33764.44,ROW-mean-ED,397,1416,697368,0,geod_dist_to_target,70,0.351149464224456
33764.44,ROW-mean-ED,397,1416,697368,0,geod_dist_to_target,75,0.351149464224456
33764.44,ROW-mean-ED,397,397,697368,0,geod_dist_to_target,80,0.0
33764.44,ROW-mean-ED,397,397,697368,0,geod_dist_to_target,85,0.0
33764.44,ROW-mean-ED,397,1416,697368,0,geod_dist_to_target,90,0.351149464224456
33764.44,ROW-mean-ED,397,1416,697368,0,geod_dist_to_target,95,0.351149464224456
33764.44,ROW-mean-ED,397,9967,697368,0,geod_dist_to_target,100,0.31516748911608633
33764.44,ROW-mean-ED,397,8499,201469,0,geod_dist_to_target,5,20.627622001931034
33764.44,ROW-mean-ED,397,9183,201469,0,geod_dist_to_target,6,33.53645218301708
33764.44,ROW-mean-ED,397,7491,201469,0,geod_dist_to_target,7,20.698860986764384
33764.44,ROW-mean-ED,397,6572,201469,0,geod_dist_to_target,8,20.899262189180437
33764.44,ROW-mean-ED,397,6572,201469,0,geod_dist_to_target,9,20.899262189180437
33764.44,ROW-mean-ED,397,7539,201469,0,geod_dist_to_target,10,19.969204769885266
33764.44,ROW-mean-ED,397,7539,201469,0,geod_dist_to_target,11,19.969204769885266
33764.44,ROW-mean-ED,397,7308,201469,0,geod_dist_to_target,12,0.4308840532721227
33764.44,ROW-mean-ED,397,7308,201469,0,geod_dist_to_target,13,0.4308840532721227
33764.44,ROW-mean-ED,397,7308,201469,0,geod_dist_to_target,14,0.4308840532721227
33764.44,ROW-mean-ED,397,7308,201469,0,geod_dist_to_target,15,0.4308840532721227
33764.44,ROW-mean-ED,397,7297,201469,0,geod_dist_to_target,16,0.5673239166111407
33764.44,ROW-mean-ED,397,7297,201469,0,geod_dist_to_target,17,0.5673239166111407
33764.44,ROW-mean-ED,397,7297,201469,0,geod_dist_to_target,18,0.5673239166111407
33764.44,ROW-mean-ED,397,7297,201469,0,geod_dist_to_target,19,0.5673239166111407
33764.44,ROW-mean-ED,397,7297,201469,0,geod_dist_to_target,20,0.5673239166111407
33764.44,ROW-mean-ED,397,128,201469,0,geod_dist_to_target,22,0.8067405351312805
33764.44,ROW-mean-ED,397,7308,201469,0,geod_dist_to_target,24,0.4308840532721227
33764.44,ROW-mean-ED,397,7297,201469,0,geod_dist_to_target,26,0.5673239166111407
33764.44,ROW-mean-ED,397,7308,201469,0,geod_dist_to_target,28,0.4308840532721227
33764.44,ROW-mean-ED,397,7308,201469,0,geod_dist_to_target,30,0.4308840532721227
33764.44,ROW-mean-ED,397,7308,201469,0,geod_dist_to_target,32,0.4308840532721227
33764.44,ROW-mean-ED,397,7297,201469,0,geod_dist_to_target,34,0.5673239166111407
33764.44,ROW-mean-ED,397,7297,201469,0,geod_dist_to_target,36,0.5673239166111407
33764.44,ROW-mean-ED,397,7297,201469,0,geod_dist_to_target,38,0.5673239166111407
33764.44,ROW-mean-ED,397,7297,201469,0,geod_dist_to_target,40,0.5673239166111407
33764.44,ROW-mean-ED,397,7308,201469,0,geod_dist_to_target,42,0.4308840532721227
33764.44,ROW-mean-ED,397,7308,201469,0,geod_dist_to_target,44,0.4308840532721227
33764.44,ROW-mean-ED,397,7308,201469,0,geod_dist_to_target,46,0.4308840532721227
33764.44,ROW-mean-ED,397,7308,201469,0,geod_dist_to_target,48,0.4308840532721227
33764.44,ROW-mean-ED,397,7308,201469,0,geod_dist_to_target,50,0.4308840532721227
33764.44,ROW-mean-ED,397,7308,201469,0,geod_dist_to_target,55,0.4308840532721227
33764.44,ROW-mean-ED,397,7308,201469,0,geod_dist_to_target,60,0.4308840532721227
33764.44,ROW-mean-ED,397,7308,201469,0,geod_dist_to_target,65,0.4308840532721227
33764.44,ROW-mean-ED,397,7308,201469,0,geod_dist_to_target,70,0.4308840532721227
33764.44,ROW-mean-ED,397,7309,201469,0,geod_dist_to_target,75,0.38037803191489017
33764.44,ROW-mean-ED,397,7139,201469,0,geod_dist_to_target,80,0.2016504061378217
33764.44,ROW-mean-ED,397,397,201469,0,geod_dist_to_target,85,0.0
33764.44,ROW-mean-ED,397,7139,201469,0,geod_dist_to_target,90,0.2016504061378217
33764.44,ROW-mean-ED,397,7139,201469,0,geod_dist_to_target,95,0.2016504061378217
33764.44,ROW-mean-ED,397,7139,201469,0,geod_dist_to_target,100,0.2016504061378217
33764.44,ROW-mean-ED,397,2646,94177,0,geod_dist_to_target,5,21.772886474935273
33764.44,ROW-mean-ED,397,2646,94177,0,geod_dist_to_target,6,21.772886474935273
33764.44,ROW-mean-ED,397,1416,94177,0,geod_dist_to_target,7,0.351149464224456
33764.44,ROW-mean-ED,397,397,94177,0,geod_dist_to_target,8,0.0
33764.44,ROW-mean-ED,397,397,94177,0,geod_dist_to_target,9,0.0
33764.44,ROW-mean-ED,397,1416,94177,0,geod_dist_to_target,10,0.351149464224456
33764.44,ROW-mean-ED,397,1416,94177,0,geod_dist_to_target,11,0.351149464224456
33764.44,ROW-mean-ED,397,9967,94177,0,geod_dist_to_target,12,0.31516748911608633
33764.44,ROW-mean-ED,397,9967,94177,0,geod_dist_to_target,13,0.31516748911608633
33764.44,ROW-mean-ED,397,9967,94177,0,geod_dist_to_target,14,0.31516748911608633
33764.44,ROW-mean-ED,397,9967,94177,0,geod_dist_to_target,15,0.31516748911608633
33764.44,ROW-mean-ED,397,9967,94177,0,geod_dist_to_target,16,0.31516748911608633
33764.44,ROW-mean-ED,397,9967,94177,0,geod_dist_to_target,17,0.31516748911608633
33764.44,ROW-mean-ED,397,7297,94177,0,geod_dist_to_target,18,0.5673239166111407
33764.44,ROW-mean-ED,397,7297,94177,0,geod_dist_to_target,19,0.5673239166111407
33764.44,ROW-mean-ED,397,7297,94177,0,geod_dist_to_target,20,0.5673239166111407
33764.44,ROW-mean-ED,397,7308,94177,0,geod_dist_to_target,22,0.4308840532721227
33764.44,ROW-mean-ED,397,7297,94177,0,geod_dist_to_target,24,0.5673239166111407
33764.44,ROW-mean-ED,397,2049,94177,0,geod_dist_to_target,26,2.208456955446009
33764.44,ROW-mean-ED,397,7308,94177,0,geod_dist_to_target,28,0.4308840532721227
33764.44,ROW-mean-ED,397,7308,94177,0,geod_dist_to_target,30,0.4308840532721227
33764.44,ROW-mean-ED,397,7308,94177,0,geod_dist_to_target,32,0.4308840532721227
33764.44,ROW-mean-ED,397,7297,94177,0,geod_dist_to_target,34,0.5673239166111407
33764.44,ROW-mean-ED,397,7297,94177,0,geod_dist_to_target,36,0.5673239166111407
33764.44,ROW-mean-ED,397,7297,94177,0,geod_dist_to_target,38,0.5673239166111407
33764.44,ROW-mean-ED,397,2924,94177,0,geod_dist_to_target,40,1.1796843833734636
33764.44,ROW-mean-ED,397,2924,94177,0,geod_dist_to_target,42,1.1796843833734636
33764.44,ROW-mean-ED,397,2924,94177,0,geod_dist_to_target,44,1.1796843833734636
33764.44,ROW-mean-ED,397,7321,94177,0,geod_dist_to_target,46,1.3795693575734465
33764.44,ROW-mean-ED,397,7321,94177,0,geod_dist_to_target,48,1.3795693575734465
33764.44,ROW-mean-ED,397,128,94177,0,geod_dist_to_target,50,0.8067405351312805
33764.44,ROW-mean-ED,397,128,94177,0,geod_dist_to_target,55,0.8067405351312805
33764.44,ROW-mean-ED,397,128,94177,0,geod_dist_to_target,60,0.8067405351312805
33764.44,ROW-mean-ED,397,7308,94177,0,geod_dist_to_target,65,0.4308840532721227
33764.44,ROW-mean-ED,397,7308,94177,0,geod_dist_to_target,70,0.4308840532721227
33764.44,ROW-mean-ED,397,7308,94177,0,geod_dist_to_target,75,0.4308840532721227
33764.44,ROW-mean-ED,397,7308,94177,0,geod_dist_to_target,80,0.4308840532721227
33764.44,ROW-mean-ED,397,7308,94177,0,geod_dist_to_target,85,0.4308840532721227
33764.44,ROW-mean-ED,397,7308,94177,0,geod_dist_to_target,90,0.4308840532721227
33764.44,ROW-mean-ED,397,7308,94177,0,geod_dist_to_target,95,0.4308840532721227
33764.44,ROW-mean-ED,397,7308,94177,0,geod_dist_to_target,100,0.4308840532721227
33764.44,ROW-min-ED(FPS),397,8486,89250,0,geod_dist_to_target,5,22.588569048005297
33764.44,ROW-min-ED(FPS),397,8770,89250,0,geod_dist_to_target,6,7.565555669947489
33764.44,ROW-min-ED(FPS),397,6997,89250,0,geod_dist_to_target,7,7.475335184709468
33764.44,ROW-min-ED(FPS),397,9105,89250,0,geod_dist_to_target,8,29.395193898171964
33764.44,ROW-min-ED(FPS),397,9105,89250,0,geod_dist_to_target,9,29.395193898171964
33764.44,ROW-min-ED(FPS),397,7310,89250,0,geod_dist_to_target,10,0.6633170880691671
33764.44,ROW-min-ED(FPS),397,7310,89250,0,geod_dist_to_target,11,0.6633170880691671
33764.44,ROW-min-ED(FPS),397,7310,89250,0,geod_dist_to_target,12,0.6633170880691671
33764.44,ROW-min-ED(FPS),397,7310,89250,0,geod_dist_to_target,13,0.6633170880691671
33764.44,ROW-min-ED(FPS),397,7320,89250,0,geod_dist_to_target,14,0.8244644267609091
33764.44,ROW-min-ED(FPS),397,53,89250,0,geod_dist_to_target,15,0.9173818524657898
33764.44,ROW-min-ED(FPS),397,53,89250,0,geod_dist_to_target,16,0.9173818524657898
33764.44,ROW-min-ED(FPS),397,53,89250,0,geod_dist_to_target,17,0.9173818524657898
33764.44,ROW-min-ED(FPS),397,53,89250,0,geod_dist_to_target,18,0.9173818524657898
33764.44,ROW-min-ED(FPS),397,7320,89250,0,geod_dist_to_target,19,0.8244644267609091
33764.44,ROW-min-ED(FPS),397,7320,89250,0,geod_dist_to_target,20,0.8244644267609091
33764.44,ROW-min-ED(FPS),397,7320,89250,0,geod_dist_to_target,22,0.8244644267609091
33764.44,ROW-min-ED(FPS),397,53,89250,0,geod_dist_to_target,24,0.9173818524657898
33764.44,ROW-min-ED(FPS),397,7321,89250,0,geod_dist_to_target,26,1.3795693575734465
33764.44,ROW-min-ED(FPS),397,7321,89250,0,geod_dist_to_target,28,1.3795693575734465
33764.44,ROW-min-ED(FPS),397,7321,89250,0,geod_dist_to_target,30,1.3795693575734465
33764.44,ROW-min-ED(FPS),397,7321,89250,0,geod_dist_to_target,32,1.3795693575734465
33764.44,ROW-min-ED(FPS),397,9669,89250,0,geod_dist_to_target,34,1.6244055937733262
33764.44,ROW-min-ED(FPS),397,7321,89250,0,geod_dist_to_target,36,1.3795693575734465
33764.44,ROW-min-ED(FPS),397,7321,89250,0,geod_dist_to_target,38,1.3795693575734465
33764.44,ROW-min-ED(FPS),397,7321,89250,0,geod_dist_to_target,40,1.3795693575734465
33764.44,ROW-min-ED(FPS),397,7321,89250,0,geod_dist_to_target,42,1.3795693575734465
33764.44,ROW-min-ED(FPS),397,7321,89250,0,geod_dist_to_target,44,1.3795693575734465
33764.44,ROW-min-ED(FPS),397,9669,89250,0,geod_dist_to_target,46,1.6244055937733262
33764.44,ROW-min-ED(FPS),397,9669,89250,0,geod_dist_to_target,48,1.6244055937733262
33764.44,ROW-min-ED(FPS),397,2049,89250,0,geod_dist_to_target,50,2.208456955446009
33764.44,ROW-min-ED(FPS),397,2049,89250,0,geod_dist_to_target,55,2.208456955446009
33764.44,ROW-min-ED(FPS),397,10355,89250,0,geod_dist_to_target,60,2.386924937642826
33764.44,ROW-min-ED(FPS),397,10355,89250,0,geod_dist_to_target,65,2.386924937642826
33764.44,ROW-min-ED(FPS),397,10355,89250,0,geod_dist_to_target,70,2.386924937642826
33764.44,ROW-min-ED(FPS),397,10355,89250,0,geod_dist_to_target,75,2.386924937642826
33764.44,ROW-min-ED(FPS),397,10355,89250,0,geod_dist_to_target,80,2.386924937642826
33764.44,ROW-min-ED(FPS),397,397,89250,0,geod_dist_to_target,85,0.0
33764.44,ROW-min-ED(FPS),397,397,89250,0,geod_dist_to_target,90,0.0
33764.44,ROW-min-ED(FPS),397,7154,89250,0,geod_dist_to_target,95,2.0113030673105974
33764.44,ROW-min-ED(FPS),397,7154,89250,0,geod_dist_to_target,100,2.0113030673105974
33764.44,ROW-min-ED(FPS),397,8498,773956,0,geod_dist_to_target,5,20.47584769241227
33764.44,ROW-min-ED(FPS),397,397,773956,0,geod_dist_to_target,6,0.0
33764.44,ROW-min-ED(FPS),397,397,773956,0,geod_dist_to_target,7,0.0
33764.44,ROW-min-ED(FPS),397,397,773956,0,geod_dist_to_target,8,0.0
33764.44,ROW-min-ED(FPS),397,7154,773956,0,geod_dist_to_target,9,2.0113030673105974
33764.44,ROW-min-ED(FPS),397,7154,773956,0,geod_dist_to_target,10,2.0113030673105974
33764.44,ROW-min-ED(FPS),397,7154,773956,0,geod_dist_to_target,11,2.0113030673105974
33764.44,ROW-min-ED(FPS),397,7154,773956,0,geod_dist_to_target,12,2.0113030673105974
33764.44,ROW-min-ED(FPS),397,7154,773956,0,geod_dist_to_target,13,2.0113030673105974
33764.44,ROW-min-ED(FPS),397,7154,773956,0,geod_dist_to_target,14,2.0113030673105974
33764.44,ROW-min-ED(FPS),397,10355,773956,0,geod_dist_to_target,15,2.386924937642826
33764.44,ROW-min-ED(FPS),397,10355,773956,0,geod_dist_to_target,16,2.386924937642826
33764.44,ROW-min-ED(FPS),397,10355,773956,0,geod_dist_to_target,17,2.386924937642826
33764.44,ROW-min-ED(FPS),397,10355,773956,0,geod_dist_to_target,18,2.386924937642826
33764.44,ROW-min-ED(FPS),397,1600,773956,0,geod_dist_to_target,19,3.4777611046329153
33764.44,ROW-min-ED(FPS),397,1600,773956,0,geod_dist_to_target,20,3.4777611046329153
33764.44,ROW-min-ED(FPS),397,1600,773956,0,geod_dist_to_target,22,3.4777611046329153
33764.44,ROW-min-ED(FPS),397,1600,773956,0,geod_dist_to_target,24,3.4777611046329153
33764.44,ROW-min-ED(FPS),397,1600,773956,0,geod_dist_to_target,26,3.4777611046329153
33764.44,ROW-min-ED(FPS),397,1600,773956,0,geod_dist_to_target,28,3.4777611046329153
33764.44,ROW-min-ED(FPS),397,1600,773956,0,geod_dist_to_target,30,3.4777611046329153
33764.44,ROW-min-ED(FPS),397,1600,773956,0,geod_dist_to_target,32,3.4777611046329153
33764.44,ROW-min-ED(FPS),397,1600,773956,0,geod_dist_to_target,34,3.4777611046329153
33764.44,ROW-min-ED(FPS),397,1600,773956,0,geod_dist_to_target,36,3.4777611046329153
33764.44,ROW-min-ED(FPS),397,1600,773956,0,geod_dist_to_target,38,3.4777611046329153
33764.44,ROW-min-ED(FPS),397,9967,773956,0,geod_dist_to_target,40,0.31516748911608633
33764.44,ROW-min-ED(FPS),397,9967,773956,0,geod_dist_to_target,42,0.31516748911608633
33764.44,ROW-min-ED(FPS),397,9967,773956,0,geod_dist_to_target,44,0.31516748911608633
33764.44,ROW-min-ED(FPS),397,9967,773956,0,geod_dist_to_target,46,0.31516748911608633
33764.44,ROW-min-ED(FPS),397,9967,773956,0,geod_dist_to_target,48,0.31516748911608633
33764.44,ROW-min-ED(FPS),397,9967,773956,0,geod_dist_to_target,50,0.31516748911608633
33764.44,ROW-min-ED(FPS),397,9967,773956,0,geod_dist_to_target,55,0.31516748911608633
33764.44,ROW-min-ED(FPS),397,9967,773956,0,geod_dist_to_target,60,0.31516748911608633
33764.44,ROW-min-ED(FPS),397,11715,773956,0,geod_dist_to_target,65,3.2127338995261803
33764.44,ROW-min-ED(FPS),397,397,773956,0,geod_dist_to_target,70,0.0
33764.44,ROW-min-ED(FPS),397,11715,773956,0,geod_dist_to_target,75,3.2127338995261803
33764.44,ROW-min-ED(FPS),397,397,773956,0,geod_dist_to_target,80,0.0
33764.44,ROW-min-ED(FPS),397,397,773956,0,geod_dist_to_target,85,0.0
33764.44,ROW-min-ED(FPS),397,397,773956,0,geod_dist_to_target,90,0.0
33764.44,ROW-min-ED(FPS),397,397,773956,0,geod_dist_to_target,95,0.0
33764.44,ROW-min-ED(FPS),397,9967,773956,0,geod_dist_to_target,100,0.31516748911608633
33764.44,ROW-min-ED(FPS),397,6252,654571,0,geod_dist_to_target,5,7.83576540048535
33764.44,ROW-min-ED(FPS),397,7893,654571,0,geod_dist_to_target,6,21.22144814869607
33764.44,ROW-min-ED(FPS),397,6998,654571,0,geod_dist_to_target,7,7.298345917604938
33764.44,ROW-min-ED(FPS),397,6998,654571,0,geod_dist_to_target,8,7.298345917604938
33764.44,ROW-min-ED(FPS),397,6998,654571,0,geod_dist_to_target,9,7.298345917604938
33764.44,ROW-min-ED(FPS),397,7297,654571,0,geod_dist_to_target,10,0.5673239166111407
33764.44,ROW-min-ED(FPS),397,7297,654571,0,geod_dist_to_target,11,0.5673239166111407
33764.44,ROW-min-ED(FPS),397,7297,654571,0,geod_dist_to_target,12,0.5673239166111407
33764.44,ROW-min-ED(FPS),397,9967,654571,0,geod_dist_to_target,13,0.31516748911608633
33764.44,ROW-min-ED(FPS),397,397,654571,0,geod_dist_to_target,14,0.0
33764.44,ROW-min-ED(FPS),397,397,654571,0,geod_dist_to_target,15,0.0
33764.44,ROW-min-ED(FPS),397,7139,654571,0,geod_dist_to_target,16,0.2016504061378217
33764.44,ROW-min-ED(FPS),397,6954,654571,0,geod_dist_to_target,17,0.5369293938455116
33764.44,ROW-min-ED(FPS),397,6954,654571,0,geod_dist_to_target,18,0.5369293938455116
33764.44,ROW-min-ED(FPS),397,6954,654571,0,geod_dist_to_target,19,0.5369293938455116
33764.44,ROW-min-ED(FPS),397,6953,654571,0,geod_dist_to_target,20,0.7017060632010518
33764.44,ROW-min-ED(FPS),397,7139,654571,0,geod_dist_to_target,22,0.2016504061378217
33764.44,ROW-min-ED(FPS),397,7308,654571,0,geod_dist_to_target,24,0.4308840532721227
33764.44,ROW-min-ED(FPS),397,7308,654571,0,geod_dist_to_target,26,0.4308840532721227
33764.44,ROW-min-ED(FPS),397,7308,654571,0,geod_dist_to_target,28,0.4308840532721227
33764.44,ROW-min-ED(FPS),397,397,654571,0,geod_dist_to_target,30,0.0
33764.44,ROW-min-ED(FPS),397,7139,654571,0,geod_dist_to_target,32,0.2016504061378217
33764.44,ROW-min-ED(FPS),397,397,654571,0,geod_dist_to_target,34,0.0
33764.44,ROW-min-ED(FPS),397,7308,654571,0,geod_dist_to_target,36,0.4308840532721227
33764.44,ROW-min-ED(FPS),397,7308,654571,0,geod_dist_to_target,38,0.4308840532721227
33764.44,ROW-min-ED(FPS),397,7308,654571,0,geod_dist_to_target,40,0.4308840532721227
33764.44,ROW-min-ED(FPS),397,7308,654571,0,geod_dist_to_target,42,0.4308840532721227
33764.44,ROW-min-ED(FPS),397,7308,654571,0,geod_dist_to_target,44,0.4308840532721227
33764.44,ROW-min-ED(FPS),397,7308,654571,0,geod_dist_to_target,46,0.4308840532721227
33764.44,ROW-min-ED(FPS),397,7308,654571,0,geod_dist_to_target,48,0.4308840532721227
33764.44,ROW-min-ED(FPS),397,7308,654571,0,geod_dist_to_target,50,0.4308840532721227
33764.44,ROW-min-ED(FPS),397,397,654571,0,geod_dist_to_target,55,0.0
33764.44,ROW-min-ED(FPS),397,397,654571,0,geod_dist_to_target,60,0.0
33764.44,ROW-min-ED(FPS),397,397,654571,0,geod_dist_to_target,65,0.0
33764.44,ROW-min-ED(FPS),397,397,654571,0,geod_dist_to_target,70,0.0
33764.44,ROW-min-ED(FPS),397,397,654571,0,geod_dist_to_target,75,0.0
33764.44,ROW-min-ED(FPS),397,397,654571,0,geod_dist_to_target,80,0.0
33764.44,ROW-min-ED(FPS),397,397,654571,0,geod_dist_to_target,85,0.0
33764.44,ROW-min-ED(FPS),397,1416,654571,0,geod_dist_to_target,90,0.351149464224456
33764.44,ROW-min-ED(FPS),397,1416,654571,0,geod_dist_to_target,95,0.351149464224456
33764.44,ROW-min-ED(FPS),397,1416,654571,0,geod_dist_to_target,100,0.351149464224456
33764.44,ROW-min-ED(FPS),397,128,438878,0,geod_dist_to_target,5,0.8067405351312805
33764.44,ROW-min-ED(FPS),397,11312,438878,0,geod_dist_to_target,6,30.619718202761444
33764.44,ROW-min-ED(FPS),397,6508,438878,0,geod_dist_to_target,7,7.301729650215656
33764.44,ROW-min-ED(FPS),397,5898,438878,0,geod_dist_to_target,8,25.377527274303745
33764.44,ROW-min-ED(FPS),397,12237,438878,0,geod_dist_to_target,9,6.57062101011677
33764.44,ROW-min-ED(FPS),397,7320,438878,0,geod_dist_to_target,10,0.8244644267609091
33764.44,ROW-min-ED(FPS),397,7320,438878,0,geod_dist_to_target,11,0.8244644267609091
33764.44,ROW-min-ED(FPS),397,7320,438878,0,geod_dist_to_target,12,0.8244644267609091
33764.44,ROW-min-ED(FPS),397,7320,438878,0,geod_dist_to_target,13,0.8244644267609091
33764.44,ROW-min-ED(FPS),397,7140,438878,0,geod_dist_to_target,14,0.6709622571610145
33764.44,ROW-min-ED(FPS),397,7140,438878,0,geod_dist_to_target,15,0.6709622571610145
33764.44,ROW-min-ED(FPS),397,7310,438878,0,geod_dist_to_target,16,0.6633170880691671
33764.44,ROW-min-ED(FPS),397,53,438878,0,geod_dist_to_target,17,0.9173818524657898
33764.44,ROW-min-ED(FPS),397,53,438878,0,geod_dist_to_target,18,0.9173818524657898
33764.44,ROW-min-ED(FPS),397,53,438878,0,geod_dist_to_target,19,0.9173818524657898
33764.44,ROW-min-ED(FPS),397,53,438878,0,geod_dist_to_target,20,0.9173818524657898
33764.44,ROW-min-ED(FPS),397,53,438878,0,geod_dist_to_target,22,0.9173818524657898
33764.44,ROW-min-ED(FPS),397,7320,438878,0,geod_dist_to_target,24,0.8244644267609091
33764.44,ROW-min-ED(FPS),397,7320,438878,0,geod_dist_to_target,26,0.8244644267609091
33764.44,ROW-min-ED(FPS),397,53,438878,0,geod_dist_to_target,28,0.9173818524657898
33764.44,ROW-min-ED(FPS),397,9669,438878,0,geod_dist_to_target,30,1.6244055937733262
33764.44,ROW-min-ED(FPS),397,9669,438878,0,geod_dist_to_target,32,1.6244055937733262
33764.44,ROW-min-ED(FPS),397,7308,438878,0,geod_dist_to_target,34,0.4308840532721227
33764.44,ROW-min-ED(FPS),397,7308,438878,0,geod_dist_to_target,36,0.4308840532721227
33764.44,ROW-min-ED(FPS),397,7308,438878,0,geod_dist_to_target,38,0.4308840532721227
33764.44,ROW-min-ED(FPS),397,53,438878,0,geod_dist_to_target,40,0.9173818524657898
33764.44,ROW-min-ED(FPS),397,53,438878,0,geod_dist_to_target,42,0.9173818524657898
33764.44,ROW-min-ED(FPS),397,53,438878,0,geod_dist_to_target,44,0.9173818524657898
33764.44,ROW-min-ED(FPS),397,10355,438878,0,geod_dist_to_target,46,2.386924937642826
33764.44,ROW-min-ED(FPS),397,10355,438878,0,geod_dist_to_target,48,2.386924937642826
33764.44,ROW-min-ED(FPS),397,10355,438878,0,geod_dist_to_target,50,2.386924937642826
33764.44,ROW-min-ED(FPS),397,10355,438878,0,geod_dist_to_target,55,2.386924937642826
33764.44,ROW-min-ED(FPS),397,10355,438878,0,geod_dist_to_target,60,2.386924937642826
33764.44,ROW-min-ED(FPS),397,7297,438878,0,geod_dist_to_target,65,0.5673239166111407
33764.44,ROW-min-ED(FPS),397,7297,438878,0,geod_dist_to_target,70,0.5673239166111407
33764.44,ROW-min-ED(FPS),397,7297,438878,0,geod_dist_to_target,75,0.5673239166111407
33764.44,ROW-min-ED(FPS),397,7297,438878,0,geod_dist_to_target,80,0.5673239166111407
33764.44,ROW-min-ED(FPS),397,397,438878,0,geod_dist_to_target,85,0.0
33764.44,ROW-min-ED(FPS),397,7308,438878,0,geod_dist_to_target,90,0.4308840532721227
33764.44,ROW-min-ED(FPS),397,7308,438878,0,geod_dist_to_target,95,0.4308840532721227
33764.44,ROW-min-ED(FPS),397,7308,438878,0,geod_dist_to_target,100,0.4308840532721227
33764.44,ROW-min-ED(FPS),397,6954,433015,0,geod_dist_to_target,5,0.5369293938455116
33764.44,ROW-min-ED(FPS),397,2612,433015,0,geod_dist_to_target,6,5.831996365808014
33764.44,ROW-min-ED(FPS),397,6990,433015,0,geod_dist_to_target,7,6.585209539454844
33764.44,ROW-min-ED(FPS),397,11715,433015,0,geod_dist_to_target,8,3.2127338995261803
33764.44,ROW-min-ED(FPS),397,11715,433015,0,geod_dist_to_target,9,3.2127338995261803
33764.44,ROW-min-ED(FPS),397,1103,433015,0,geod_dist_to_target,10,1.362453161382825
33764.44,ROW-min-ED(FPS),397,1103,433015,0,geod_dist_to_target,11,1.362453161382825
33764.44,ROW-min-ED(FPS),397,11715,433015,0,geod_dist_to_target,12,3.2127338995261803
33764.44,ROW-min-ED(FPS),397,1103,433015,0,geod_dist_to_target,13,1.362453161382825
33764.44,ROW-min-ED(FPS),397,11168,433015,0,geod_dist_to_target,14,2.4598453850346824
33764.44,ROW-min-ED(FPS),397,11173,433015,0,geod_dist_to_target,15,1.7632765931537098
33764.44,ROW-min-ED(FPS),397,1103,433015,0,geod_dist_to_target,16,1.362453161382825
33764.44,ROW-min-ED(FPS),397,11168,433015,0,geod_dist_to_target,17,2.4598453850346824
33764.44,ROW-min-ED(FPS),397,11168,433015,0,geod_dist_to_target,18,2.4598453850346824
33764.44,ROW-min-ED(FPS),397,11173,433015,0,geod_dist_to_target,19,1.7632765931537098
33764.44,ROW-min-ED(FPS),397,11173,433015,0,geod_dist_to_target,20,1.7632765931537098
33764.44,ROW-min-ED(FPS),397,6953,433015,0,geod_dist_to_target,22,0.7017060632010518
33764.44,ROW-min-ED(FPS),397,6954,433015,0,geod_dist_to_target,24,0.5369293938455116
33764.44,ROW-min-ED(FPS),397,6954,433015,0,geod_dist_to_target,26,0.5369293938455116
33764.44,ROW-min-ED(FPS),397,6954,433015,0,geod_dist_to_target,28,0.5369293938455116
33764.44,ROW-min-ED(FPS),397,6954,433015,0,geod_dist_to_target,30,0.5369293938455116
33764.44,ROW-min-ED(FPS),397,397,433015,0,geod_dist_to_target,32,0.0
33764.44,ROW-min-ED(FPS),397,1416,433015,0,geod_dist_to_target,34,0.351149464224456
33764.44,ROW-min-ED(FPS),397,6953,433015,0,geod_dist_to_target,36,0.7017060632010518
33764.44,ROW-min-ED(FPS),397,6953,433015,0,geod_dist_to_target,38,0.7017060632010518
33764.44,ROW-min-ED(FPS),397,6953,433015,0,geod_dist_to_target,40,0.7017060632010518
33764.44,ROW-min-ED(FPS),397,6953,433015,0,geod_dist_to_target,42,0.7017060632010518
33764.44,ROW-min-ED(FPS),397,6953,433015,0,geod_dist_to_target,44,0.7017060632010518
33764.44,ROW-min-ED(FPS),397,1416,433015,0,geod_dist_to_target,46,0.351149464224456
33764.44,ROW-min-ED(FPS),397,1416,433015,0,geod_dist_to_target,48,0.351149464224456
33764.44,ROW-min-ED(FPS),397,1416,433015,0,geod_dist_to_target,50,0.351149464224456
33764.44,ROW-min-ED(FPS),397,1416,433015,0,geod_dist_to_target,55,0.351149464224456
33764.44,ROW-min-ED(FPS),397,7154,433015,0,geod_dist_to_target,60,2.0113030673105974
33764.44,ROW-min-ED(FPS),397,397,433015,0,geod_dist_to_target,65,0.0
33764.44,ROW-min-ED(FPS),397,397,433015,0,geod_dist_to_target,70,0.0
33764.44,ROW-min-ED(FPS),397,397,433015,0,geod_dist_to_target,75,0.0
33764.44,ROW-min-ED(FPS),397,397,433015,0,geod_dist_to_target,80,0.0
33764.44,ROW-min-ED(FPS),397,397,433015,0,geod_dist_to_target,85,0.0
33764.44,ROW-min-ED(FPS),397,397,433015,0,geod_dist_to_target,90,0.0
33764.44,ROW-min-ED(FPS),397,397,433015,0,geod_dist_to_target,95,0.0
33764.44,ROW-min-ED(FPS),397,397,433015,0,geod_dist_to_target,100,0.0
33764.44,ROW-min-ED(FPS),397,8635,858597,0,geod_dist_to_target,5,21.549768686724292
33764.44,ROW-min-ED(FPS),397,9106,858597,0,geod_dist_to_target,6,29.53321456610638
33764.44,ROW-min-ED(FPS),397,8900,858597,0,geod_dist_to_target,7,23.397089159669985
33764.44,ROW-min-ED(FPS),397,12125,858597,0,geod_dist_to_target,8,42.75257911666218
33764.44,ROW-min-ED(FPS),397,10848,858597,0,geod_dist_to_target,9,20.208538775345446
33764.44,ROW-min-ED(FPS),397,11303,858597,0,geod_dist_to_target,10,6.450311418211787
33764.44,ROW-min-ED(FPS),397,11303,858597,0,geod_dist_to_target,11,6.450311418211787
33764.44,ROW-min-ED(FPS),397,12066,858597,0,geod_dist_to_target,12,6.055001333448011
33764.44,ROW-min-ED(FPS),397,630,858597,0,geod_dist_to_target,13,7.71638908808744
33764.44,ROW-min-ED(FPS),397,630,858597,0,geod_dist_to_target,14,7.71638908808744
33764.44,ROW-min-ED(FPS),397,630,858597,0,geod_dist_to_target,15,7.71638908808744
33764.44,ROW-min-ED(FPS),397,11007,858597,0,geod_dist_to_target,16,6.907129113662857
33764.44,ROW-min-ED(FPS),397,6445,858597,0,geod_dist_to_target,17,6.06643707989137
33764.44,ROW-min-ED(FPS),397,11007,858597,0,geod_dist_to_target,18,6.907129113662857
33764.44,ROW-min-ED(FPS),397,11007,858597,0,geod_dist_to_target,19,6.907129113662857
33764.44,ROW-min-ED(FPS),397,6445,858597,0,geod_dist_to_target,20,6.06643707989137
33764.44,ROW-min-ED(FPS),397,10870,858597,0,geod_dist_to_target,22,5.247585917480245
33764.44,ROW-min-ED(FPS),397,7154,858597,0,geod_dist_to_target,24,2.0113030673105974
33764.44,ROW-min-ED(FPS),397,2105,858597,0,geod_dist_to_target,26,2.422963314045468
33764.44,ROW-min-ED(FPS),397,2105,858597,0,geod_dist_to_target,28,2.422963314045468
33764.44,ROW-min-ED(FPS),397,7154,858597,0,geod_dist_to_target,30,2.0113030673105974
33764.44,ROW-min-ED(FPS),397,7154,858597,0,geod_dist_to_target,32,2.0113030673105974
33764.44,ROW-min-ED(FPS),397,7154,858597,0,geod_dist_to_target,34,2.0113030673105974
33764.44,ROW-min-ED(FPS),397,7154,858597,0,geod_dist_to_target,36,2.0113030673105974
33764.44,ROW-min-ED(FPS),397,7154,858597,0,geod_dist_to_target,38,2.0113030673105974
33764.44,ROW-min-ED(FPS),397,2105,858597,0,geod_dist_to_target,40,2.422963314045468
33764.44,ROW-min-ED(FPS),397,7154,858597,0,geod_dist_to_target,42,2.0113030673105974
33764.44,ROW-min-ED(FPS),397,7154,858597,0,geod_dist_to_target,44,2.0113030673105974
33764.44,ROW-min-ED(FPS),397,11715,858597,0,geod_dist_to_target,46,3.2127338995261803
33764.44,ROW-min-ED(FPS),397,7154,858597,0,geod_dist_to_target,48,2.0113030673105974
33764.44,ROW-min-ED(FPS),397,11715,858597,0,geod_dist_to_target,50,3.2127338995261803
33764.44,ROW-min-ED(FPS),397,6457,858597,0,geod_dist_to_target,55,6.5473238647469145
33764.44,ROW-min-ED(FPS),397,10355,858597,0,geod_dist_to_target,60,2.386924937642826
33764.44,ROW-min-ED(FPS),397,397,858597,0,geod_dist_to_target,65,0.0
33764.44,ROW-min-ED(FPS),397,397,858597,0,geod_dist_to_target,70,0.0
33764.44,ROW-min-ED(FPS),397,397,858597,0,geod_dist_to_target,75,0.0
33764.44,ROW-min-ED(FPS),397,397,858597,0,geod_dist_to_target,80,0.0
33764.44,ROW-min-ED(FPS),397,397,858597,0,geod_dist_to_target,85,0.0
33764.44,ROW-min-ED(FPS),397,397,858597,0,geod_dist_to_target,90,0.0
33764.44,ROW-min-ED(FPS),397,397,858597,0,geod_dist_to_target,95,0.0
33764.44,ROW-min-ED(FPS),397,397,858597,0,geod_dist_to_target,100,0.0
33764.44,ROW-min-ED(FPS),397,11594,85945,0,geod_dist_to_target,5,11.031813056326294
33764.44,ROW-min-ED(FPS),397,1237,85945,0,geod_dist_to_target,6,7.28550696598345
33764.44,ROW-min-ED(FPS),397,9013,85945,0,geod_dist_to_target,7,29.776027602729698
33764.44,ROW-min-ED(FPS),397,9098,85945,0,geod_dist_to_target,8,29.715694539111905
33764.44,ROW-min-ED(FPS),397,9098,85945,0,geod_dist_to_target,9,29.715694539111905
33764.44,ROW-min-ED(FPS),397,1049,85945,0,geod_dist_to_target,10,18.71435874425394
33764.44,ROW-min-ED(FPS),397,1049,85945,0,geod_dist_to_target,11,18.71435874425394
33764.44,ROW-min-ED(FPS),397,1049,85945,0,geod_dist_to_target,12,18.71435874425394
33764.44,ROW-min-ED(FPS),397,1049,85945,0,geod_dist_to_target,13,18.71435874425394
33764.44,ROW-min-ED(FPS),397,9967,85945,0,geod_dist_to_target,14,0.31516748911608633
33764.44,ROW-min-ED(FPS),397,10762,85945,0,geod_dist_to_target,15,1.016774986961489
33764.44,ROW-min-ED(FPS),397,7297,85945,0,geod_dist_to_target,16,0.5673239166111407
33764.44,ROW-min-ED(FPS),397,7297,85945,0,geod_dist_to_target,17,0.5673239166111407
33764.44,ROW-min-ED(FPS),397,7297,85945,0,geod_dist_to_target,18,0.5673239166111407
33764.44,ROW-min-ED(FPS),397,7297,85945,0,geod_dist_to_target,19,0.5673239166111407
33764.44,ROW-min-ED(FPS),397,7308,85945,0,geod_dist_to_target,20,0.4308840532721227
33764.44,ROW-min-ED(FPS),397,7308,85945,0,geod_dist_to_target,22,0.4308840532721227
33764.44,ROW-min-ED(FPS),397,7308,85945,0,geod_dist_to_target,24,0.4308840532721227
33764.44,ROW-min-ED(FPS),397,7308,85945,0,geod_dist_to_target,26,0.4308840532721227
33764.44,ROW-min-ED(FPS),397,7308,85945,0,geod_dist_to_target,28,0.4308840532721227
33764.44,ROW-min-ED(FPS),397,7308,85945,0,geod_dist_to_target,30,0.4308840532721227
33764.44,ROW-min-ED(FPS),397,7308,85945,0,geod_dist_to_target,32,0.4308840532721227
33764.44,ROW-min-ED(FPS),397,7308,85945,0,geod_dist_to_target,34,0.4308840532721227
33764.44,ROW-min-ED(FPS),397,7154,85945,0,geod_dist_to_target,36,2.0113030673105974
33764.44,ROW-min-ED(FPS),397,7154,85945,0,geod_dist_to_target,38,2.0113030673105974
33764.44,ROW-min-ED(FPS),397,7154,85945,0,geod_dist_to_target,40,2.0113030673105974
33764.44,ROW-min-ED(FPS),397,7154,85945,0,geod_dist_to_target,42,2.0113030673105974
33764.44,ROW-min-ED(FPS),397,7139,85945,0,geod_dist_to_target,44,0.2016504061378217
33764.44,ROW-min-ED(FPS),397,10355,85945,0,geod_dist_to_target,46,2.386924937642826
33764.44,ROW-min-ED(FPS),397,10355,85945,0,geod_dist_to_target,48,2.386924937642826
33764.44,ROW-min-ED(FPS),397,10355,85945,0,geod_dist_to_target,50,2.386924937642826
33764.44,ROW-min-ED(FPS),397,7308,85945,0,geod_dist_to_target,55,0.4308840532721227
33764.44,ROW-min-ED(FPS),397,397,85945,0,geod_dist_to_target,60,0.0
33764.44,ROW-min-ED(FPS),397,397,85945,0,geod_dist_to_target,65,0.0
33764.44,ROW-min-ED(FPS),397,397,85945,0,geod_dist_to_target,70,0.0
33764.44,ROW-min-ED(FPS),397,397,85945,0,geod_dist_to_target,75,0.0
33764.44,ROW-min-ED(FPS),397,397,85945,0,geod_dist_to_target,80,0.0
33764.44,ROW-min-ED(FPS),397,397,85945,0,geod_dist_to_target,85,0.0
33764.44,ROW-min-ED(FPS),397,397,85945,0,geod_dist_to_target,90,0.0
33764.44,ROW-min-ED(FPS),397,7139,85945,0,geod_dist_to_target,95,0.2016504061378217
33764.44,ROW-min-ED(FPS),397,10355,85945,0,geod_dist_to_target,100,2.386924937642826
33764.44,ROW-min-ED(FPS),397,6088,697368,0,geod_dist_to_target,5,24.627110713904358
33764.44,ROW-min-ED(FPS),397,9121,697368,0,geod_dist_to_target,6,30.529500451452392
33764.44,ROW-min-ED(FPS),397,12067,697368,0,geod_dist_to_target,7,5.631996253145313
33764.44,ROW-min-ED(FPS),397,10668,697368,0,geod_dist_to_target,8,5.0136486229480335
33764.44,ROW-min-ED(FPS),397,6800,697368,0,geod_dist_to_target,9,6.618430649948036
33764.44,ROW-min-ED(FPS),397,2220,697368,0,geod_dist_to_target,10,6.208154629632856
33764.44,ROW-min-ED(FPS),397,2220,697368,0,geod_dist_to_target,11,6.208154629632856
33764.44,ROW-min-ED(FPS),397,8995,697368,0,geod_dist_to_target,12,6.068885189398947
33764.44,ROW-min-ED(FPS),397,6954,697368,0,geod_dist_to_target,13,0.5369293938455116
33764.44,ROW-min-ED(FPS),397,397,697368,0,geod_dist_to_target,14,0.0
33764.44,ROW-min-ED(FPS),397,6953,697368,0,geod_dist_to_target,15,0.7017060632010518
33764.44,ROW-min-ED(FPS),397,1416,697368,0,geod_dist_to_target,16,0.351149464224456
33764.44,ROW-min-ED(FPS),397,1416,697368,0,geod_dist_to_target,17,0.351149464224456
33764.44,ROW-min-ED(FPS),397,1416,697368,0,geod_dist_to_target,18,0.351149464224456
33764.44,ROW-min-ED(FPS),397,1416,697368,0,geod_dist_to_target,19,0.351149464224456
33764.44,ROW-min-ED(FPS),397,1416,697368,0,geod_dist_to_target,20,0.351149464224456
33764.44,ROW-min-ED(FPS),397,397,697368,0,geod_dist_to_target,22,0.0
33764.44,ROW-min-ED(FPS),397,397,697368,0,geod_dist_to_target,24,0.0
33764.44,ROW-min-ED(FPS),397,397,697368,0,geod_dist_to_target,26,0.0
33764.44,ROW-min-ED(FPS),397,397,697368,0,geod_dist_to_target,28,0.0
33764.44,ROW-min-ED(FPS),397,397,697368,0,geod_dist_to_target,30,0.0
33764.44,ROW-min-ED(FPS),397,397,697368,0,geod_dist_to_target,32,0.0
33764.44,ROW-min-ED(FPS),397,397,697368,0,geod_dist_to_target,34,0.0
33764.44,ROW-min-ED(FPS),397,397,697368,0,geod_dist_to_target,36,0.0
33764.44,ROW-min-ED(FPS),397,397,697368,0,geod_dist_to_target,38,0.0
33764.44,ROW-min-ED(FPS),397,397,697368,0,geod_dist_to_target,40,0.0
33764.44,ROW-min-ED(FPS),397,397,697368,0,geod_dist_to_target,42,0.0
33764.44,ROW-min-ED(FPS),397,397,697368,0,geod_dist_to_target,44,0.0
33764.44,ROW-min-ED(FPS),397,9967,697368,0,geod_dist_to_target,46,0.31516748911608633
33764.44,ROW-min-ED(FPS),397,9967,697368,0,geod_dist_to_target,48,0.31516748911608633
33764.44,ROW-min-ED(FPS),397,9967,697368,0,geod_dist_to_target,50,0.31516748911608633
33764.44,ROW-min-ED(FPS),397,9967,697368,0,geod_dist_to_target,55,0.31516748911608633
33764.44,ROW-min-ED(FPS),397,9967,697368,0,geod_dist_to_target,60,0.31516748911608633
33764.44,ROW-min-ED(FPS),397,11715,697368,0,geod_dist_to_target,65,3.2127338995261803
33764.44,ROW-min-ED(FPS),397,9967,697368,0,geod_dist_to_target,70,0.31516748911608633
33764.44,ROW-min-ED(FPS),397,11715,697368,0,geod_dist_to_target,75,3.2127338995261803
33764.44,ROW-min-ED(FPS),397,9967,697368,0,geod_dist_to_target,80,0.31516748911608633
33764.44,ROW-min-ED(FPS),397,9967,697368,0,geod_dist_to_target,85,0.31516748911608633
33764.44,ROW-min-ED(FPS),397,9967,697368,0,geod_dist_to_target,90,0.31516748911608633
33764.44,ROW-min-ED(FPS),397,397,697368,0,geod_dist_to_target,95,0.0
33764.44,ROW-min-ED(FPS),397,11715,697368,0,geod_dist_to_target,100,3.2127338995261803
33764.44,ROW-min-ED(FPS),397,3852,201469,0,geod_dist_to_target,5,20.822138614154998
33764.44,ROW-min-ED(FPS),397,11255,201469,0,geod_dist_to_target,6,6.261999753112665
33764.44,ROW-min-ED(FPS),397,2220,201469,0,geod_dist_to_target,7,6.208154629632856
33764.44,ROW-min-ED(FPS),397,8995,201469,0,geod_dist_to_target,8,6.068885189398947
33764.44,ROW-min-ED(FPS),397,1288,201469,0,geod_dist_to_target,9,6.839623805588694
33764.44,ROW-min-ED(FPS),397,1416,201469,0,geod_dist_to_target,10,0.351149464224456
33764.44,ROW-min-ED(FPS),397,1416,201469,0,geod_dist_to_target,11,0.351149464224456
33764.44,ROW-min-ED(FPS),397,1416,201469,0,geod_dist_to_target,12,0.351149464224456
33764.44,ROW-min-ED(FPS),397,1416,201469,0,geod_dist_to_target,13,0.351149464224456
33764.44,ROW-min-ED(FPS),397,1416,201469,0,geod_dist_to_target,14,0.351149464224456
33764.44,ROW-min-ED(FPS),397,1416,201469,0,geod_dist_to_target,15,0.351149464224456
33764.44,ROW-min-ED(FPS),397,1416,201469,0,geod_dist_to_target,16,0.351149464224456
33764.44,ROW-min-ED(FPS),397,397,201469,0,geod_dist_to_target,17,0.0
33764.44,ROW-min-ED(FPS),397,397,201469,0,geod_dist_to_target,18,0.0
33764.44,ROW-min-ED(FPS),397,397,201469,0,geod_dist_to_target,19,0.0
33764.44,ROW-min-ED(FPS),397,397,201469,0,geod_dist_to_target,20,0.0
33764.44,ROW-min-ED(FPS),397,397,201469,0,geod_dist_to_target,22,0.0
33764.44,ROW-min-ED(FPS),397,397,201469,0,geod_dist_to_target,24,0.0
33764.44,ROW-min-ED(FPS),397,397,201469,0,geod_dist_to_target,26,0.0
33764.44,ROW-min-ED(FPS),397,397,201469,0,geod_dist_to_target,28,0.0
33764.44,ROW-min-ED(FPS),397,397,201469,0,geod_dist_to_target,30,0.0
33764.44,ROW-min-ED(FPS),397,397,201469,0,geod_dist_to_target,32,0.0
33764.44,ROW-min-ED(FPS),397,397,201469,0,geod_dist_to_target,34,0.0
33764.44,ROW-min-ED(FPS),397,397,201469,0,geod_dist_to_target,36,0.0
33764.44,ROW-min-ED(FPS),397,397,201469,0,geod_dist_to_target,38,0.0
33764.44,ROW-min-ED(FPS),397,7139,201469,0,geod_dist_to_target,40,0.2016504061378217
33764.44,ROW-min-ED(FPS),397,7139,201469,0,geod_dist_to_target,42,0.2016504061378217
33764.44,ROW-min-ED(FPS),397,7139,201469,0,geod_dist_to_target,44,0.2016504061378217
33764.44,ROW-min-ED(FPS),397,397,201469,0,geod_dist_to_target,46,0.0
33764.44,ROW-min-ED(FPS),397,397,201469,0,geod_dist_to_target,48,0.0
33764.44,ROW-min-ED(FPS),397,397,201469,0,geod_dist_to_target,50,0.0
33764.44,ROW-min-ED(FPS),397,397,201469,0,geod_dist_to_target,55,0.0
33764.44,ROW-min-ED(FPS),397,7308,201469,0,geod_dist_to_target,60,0.4308840532721227
33764.44,ROW-min-ED(FPS),397,7297,201469,0,geod_dist_to_target,65,0.5673239166111407
33764.44,ROW-min-ED(FPS),397,7297,201469,0,geod_dist_to_target,70,0.5673239166111407
33764.44,ROW-min-ED(FPS),397,7297,201469,0,geod_dist_to_target,75,0.5673239166111407
33764.44,ROW-min-ED(FPS),397,7297,201469,0,geod_dist_to_target,80,0.5673239166111407
33764.44,ROW-min-ED(FPS),397,7297,201469,0,geod_dist_to_target,85,0.5673239166111407
33764.44,ROW-min-ED(FPS),397,7297,201469,0,geod_dist_to_target,90,0.5673239166111407
33764.44,ROW-min-ED(FPS),397,7297,201469,0,geod_dist_to_target,95,0.5673239166111407
33764.44,ROW-min-ED(FPS),397,7297,201469,0,geod_dist_to_target,100,0.5673239166111407
33764.44,ROW-min-ED(FPS),397,2830,94177,0,geod_dist_to_target,5,22.759135362246127
33764.44,ROW-min-ED(FPS),397,7308,94177,0,geod_dist_to_target,6,0.4308840532721227
33764.44,ROW-min-ED(FPS),397,10762,94177,0,geod_dist_to_target,7,1.016774986961489
33764.44,ROW-min-ED(FPS),397,2511,94177,0,geod_dist_to_target,8,5.967047530426515
33764.44,ROW-min-ED(FPS),397,7295,94177,0,geod_dist_to_target,9,1.764894843054666
33764.44,ROW-min-ED(FPS),397,7296,94177,0,geod_dist_to_target,10,1.3715240017554562
33764.44,ROW-min-ED(FPS),397,7296,94177,0,geod_dist_to_target,11,1.3715240017554562
33764.44,ROW-min-ED(FPS),397,7296,94177,0,geod_dist_to_target,12,1.3715240017554562
33764.44,ROW-min-ED(FPS),397,7296,94177,0,geod_dist_to_target,13,1.3715240017554562
33764.44,ROW-min-ED(FPS),397,7297,94177,0,geod_dist_to_target,14,0.5673239166111407
33764.44,ROW-min-ED(FPS),397,9967,94177,0,geod_dist_to_target,15,0.31516748911608633
33764.44,ROW-min-ED(FPS),397,397,94177,0,geod_dist_to_target,16,0.0
33764.44,ROW-min-ED(FPS),397,397,94177,0,geod_dist_to_target,17,0.0
33764.44,ROW-min-ED(FPS),397,397,94177,0,geod_dist_to_target,18,0.0
33764.44,ROW-min-ED(FPS),397,397,94177,0,geod_dist_to_target,19,0.0
33764.44,ROW-min-ED(FPS),397,7139,94177,0,geod_dist_to_target,20,0.2016504061378217
33764.44,ROW-min-ED(FPS),397,7139,94177,0,geod_dist_to_target,22,0.2016504061378217
33764.44,ROW-min-ED(FPS),397,7139,94177,0,geod_dist_to_target,24,0.2016504061378217
33764.44,ROW-min-ED(FPS),397,7139,94177,0,geod_dist_to_target,26,0.2016504061378217
33764.44,ROW-min-ED(FPS),397,7139,94177,0,geod_dist_to_target,28,0.2016504061378217
33764.44,ROW-min-ED(FPS),397,7139,94177,0,geod_dist_to_target,30,0.2016504061378217
33764.44,ROW-min-ED(FPS),397,7139,94177,0,geod_dist_to_target,32,0.2016504061378217
33764.44,ROW-min-ED(FPS),397,7139,94177,0,geod_dist_to_target,34,0.2016504061378217
33764.44,ROW-min-ED(FPS),397,7139,94177,0,geod_dist_to_target,36,0.2016504061378217
33764.44,ROW-min-ED(FPS),397,7139,94177,0,geod_dist_to_target,38,0.2016504061378217
33764.44,ROW-min-ED(FPS),397,7139,94177,0,geod_dist_to_target,40,0.2016504061378217
33764.44,ROW-min-ED(FPS),397,7139,94177,0,geod_dist_to_target,42,0.2016504061378217
33764.44,ROW-min-ED(FPS),397,7139,94177,0,geod_dist_to_target,44,0.2016504061378217
33764.44,ROW-min-ED(FPS),397,397,94177,0,geod_dist_to_target,46,0.0
33764.44,ROW-min-ED(FPS),397,397,94177,0,geod_dist_to_target,48,0.0
33764.44,ROW-min-ED(FPS),397,397,94177,0,geod_dist_to_target,50,0.0
33764.44,ROW-min-ED(FPS),397,7139,94177,0,geod_dist_to_target,55,0.2016504061378217
33764.44,ROW-min-ED(FPS),397,7139,94177,0,geod_dist_to_target,60,0.2016504061378217
33764.44,ROW-min-ED(FPS),397,7308,94177,0,geod_dist_to_target,65,0.4308840532721227
33764.44,ROW-min-ED(FPS),397,7308,94177,0,geod_dist_to_target,70,0.4308840532721227
33764.44,ROW-min-ED(FPS),397,7308,94177,0,geod_dist_to_target,75,0.4308840532721227
33764.44,ROW-min-ED(FPS),397,7308,94177,0,geod_dist_to_target,80,0.4308840532721227
33764.44,ROW-min-ED(FPS),397,7308,94177,0,geod_dist_to_target,85,0.4308840532721227
33764.44,ROW-min-ED(FPS),397,7308,94177,0,geod_dist_to_target,90,0.4308840532721227
33764.44,ROW-min-ED(FPS),397,7308,94177,0,geod_dist_to_target,95,0.4308840532721227
33764.44,ROW-min-ED(FPS),397,7308,94177,0,geod_dist_to_target,100,0.4308840532721227
33764.44,COL-mean-ED,397,2644,89250,0,geod_dist_to_target,5,32.89416306148423
33764.44,COL-mean-ED,397,10280,89250,0,geod_dist_to_target,6,44.68346510645525
33764.44,COL-mean-ED,397,397,89250,0,geod_dist_to_target,7,0.0
33764.44,COL-mean-ED,397,5416,89250,0,geod_dist_to_target,8,44.31770788218565
33764.44,COL-mean-ED,397,5416,89250,0,geod_dist_to_target,9,44.31770788218565
33764.44,COL-mean-ED,397,5416,89250,0,geod_dist_to_target,10,44.31770788218565
33764.44,COL-mean-ED,397,1481,89250,0,geod_dist_to_target,11,37.85106989887076
33764.44,COL-mean-ED,397,1481,89250,0,geod_dist_to_target,12,37.85106989887076
33764.44,COL-mean-ED,397,9723,89250,0,geod_dist_to_target,13,44.721157452336776
33764.44,COL-mean-ED,397,9723,89250,0,geod_dist_to_target,14,44.721157452336776
33764.44,COL-mean-ED,397,359,89250,0,geod_dist_to_target,15,45.39868635216036
33764.44,COL-mean-ED,397,359,89250,0,geod_dist_to_target,16,45.39868635216036
33764.44,COL-mean-ED,397,359,89250,0,geod_dist_to_target,17,45.39868635216036
33764.44,COL-mean-ED,397,359,89250,0,geod_dist_to_target,18,45.39868635216036
33764.44,COL-mean-ED,397,359,89250,0,geod_dist_to_target,19,45.39868635216036
33764.44,COL-mean-ED,397,9723,89250,0,geod_dist_to_target,20,44.721157452336776
33764.44,COL-mean-ED,397,359,89250,0,geod_dist_to_target,22,45.39868635216036
33764.44,COL-mean-ED,397,359,89250,0,geod_dist_to_target,24,45.39868635216036
33764.44,COL-mean-ED,397,359,89250,0,geod_dist_to_target,26,45.39868635216036
33764.44,COL-mean-ED,397,7848,89250,0,geod_dist_to_target,28,45.21427740676186
33764.44,COL-mean-ED,397,7848,89250,0,geod_dist_to_target,30,45.21427740676186
33764.44,COL-mean-ED,397,7848,89250,0,geod_dist_to_target,32,45.21427740676186
33764.44,COL-mean-ED,397,7848,89250,0,geod_dist_to_target,34,45.21427740676186
33764.44,COL-mean-ED,397,7848,89250,0,geod_dist_to_target,36,45.21427740676186
33764.44,COL-mean-ED,397,7848,89250,0,geod_dist_to_target,38,45.21427740676186
33764.44,COL-mean-ED,397,7848,89250,0,geod_dist_to_target,40,45.21427740676186
33764.44,COL-mean-ED,397,7848,89250,0,geod_dist_to_target,42,45.21427740676186
33764.44,COL-mean-ED,397,7848,89250,0,geod_dist_to_target,44,45.21427740676186
33764.44,COL-mean-ED,397,7848,89250,0,geod_dist_to_target,46,45.21427740676186
33764.44,COL-mean-ED,397,7848,89250,0,geod_dist_to_target,48,45.21427740676186
33764.44,COL-mean-ED,397,5169,89250,0,geod_dist_to_target,50,45.23561142779275
33764.44,COL-mean-ED,397,5169,89250,0,geod_dist_to_target,55,45.23561142779275
33764.44,COL-mean-ED,397,1102,89250,0,geod_dist_to_target,60,48.60991480365391
33764.44,COL-mean-ED,397,2701,89250,0,geod_dist_to_target,65,45.157558803078025
33764.44,COL-mean-ED,397,5169,89250,0,geod_dist_to_target,70,45.23561142779275
33764.44,COL-mean-ED,397,9619,89250,0,geod_dist_to_target,75,44.65626868425281
33764.44,COL-mean-ED,397,5169,89250,0,geod_dist_to_target,80,45.23561142779275
33764.44,COL-mean-ED,397,9030,89250,0,geod_dist_to_target,85,44.86264553693843
33764.44,COL-mean-ED,397,472,89250,0,geod_dist_to_target,90,48.906396340605035
33764.44,COL-mean-ED,397,472,89250,0,geod_dist_to_target,95,48.906396340605035
33764.44,COL-mean-ED,397,472,89250,0,geod_dist_to_target,100,48.906396340605035
33764.44,COL-mean-ED,397,9815,773956,0,geod_dist_to_target,5,47.201520423705574
33764.44,COL-mean-ED,397,8978,773956,0,geod_dist_to_target,6,27.848144677064152
33764.44,COL-mean-ED,397,7320,773956,0,geod_dist_to_target,7,0.8244644267609091
33764.44,COL-mean-ED,397,968,773956,0,geod_dist_to_target,8,43.75851023618237
33764.44,COL-mean-ED,397,968,773956,0,geod_dist_to_target,9,43.75851023618237
33764.44,COL-mean-ED,397,11057,773956,0,geod_dist_to_target,10,37.25265316998355
33764.44,COL-mean-ED,397,797,773956,0,geod_dist_to_target,11,47.6609767896629
33764.44,COL-mean-ED,397,5742,773956,0,geod_dist_to_target,12,27.953141138756212
33764.44,COL-mean-ED,397,5742,773956,0,geod_dist_to_target,13,27.953141138756212
33764.44,COL-mean-ED,397,5742,773956,0,geod_dist_to_target,14,27.953141138756212
33764.44,COL-mean-ED,397,5742,773956,0,geod_dist_to_target,15,27.953141138756212
33764.44,COL-mean-ED,397,11057,773956,0,geod_dist_to_target,16,37.25265316998355
33764.44,COL-mean-ED,397,11057,773956,0,geod_dist_to_target,17,37.25265316998355
33764.44,COL-mean-ED,397,11057,773956,0,geod_dist_to_target,18,37.25265316998355
33764.44,COL-mean-ED,397,797,773956,0,geod_dist_to_target,19,47.6609767896629
33764.44,COL-mean-ED,397,10732,773956,0,geod_dist_to_target,20,46.87542475856983
33764.44,COL-mean-ED,397,797,773956,0,geod_dist_to_target,22,47.6609767896629
33764.44,COL-mean-ED,397,797,773956,0,geod_dist_to_target,24,47.6609767896629
33764.44,COL-mean-ED,397,797,773956,0,geod_dist_to_target,26,47.6609767896629
33764.44,COL-mean-ED,397,797,773956,0,geod_dist_to_target,28,47.6609767896629
33764.44,COL-mean-ED,397,778,773956,0,geod_dist_to_target,30,47.28129430194085
33764.44,COL-mean-ED,397,10732,773956,0,geod_dist_to_target,32,46.87542475856983
33764.44,COL-mean-ED,397,797,773956,0,geod_dist_to_target,34,47.6609767896629
33764.44,COL-mean-ED,397,797,773956,0,geod_dist_to_target,36,47.6609767896629
33764.44,COL-mean-ED,397,10646,773956,0,geod_dist_to_target,38,48.34073945808475
33764.44,COL-mean-ED,397,474,773956,0,geod_dist_to_target,40,34.92954682276597
33764.44,COL-mean-ED,397,1983,773956,0,geod_dist_to_target,42,33.058685766173866
33764.44,COL-mean-ED,397,1983,773956,0,geod_dist_to_target,44,33.058685766173866
33764.44,COL-mean-ED,397,1983,773956,0,geod_dist_to_target,46,33.058685766173866
33764.44,COL-mean-ED,397,474,773956,0,geod_dist_to_target,48,34.92954682276597
33764.44,COL-mean-ED,397,474,773956,0,geod_dist_to_target,50,34.92954682276597
33764.44,COL-mean-ED,397,10646,773956,0,geod_dist_to_target,55,48.34073945808475
33764.44,COL-mean-ED,397,474,773956,0,geod_dist_to_target,60,34.92954682276597
33764.44,COL-mean-ED,397,696,773956,0,geod_dist_to_target,65,22.51401394924554
33764.44,COL-mean-ED,397,696,773956,0,geod_dist_to_target,70,22.51401394924554
33764.44,COL-mean-ED,397,696,773956,0,geod_dist_to_target,75,22.51401394924554
33764.44,COL-mean-ED,397,4301,773956,0,geod_dist_to_target,80,22.78831303007807
33764.44,COL-mean-ED,397,4301,773956,0,geod_dist_to_target,85,22.78831303007807
33764.44,COL-mean-ED,397,4301,773956,0,geod_dist_to_target,90,22.78831303007807
33764.44,COL-mean-ED,397,4301,773956,0,geod_dist_to_target,95,22.78831303007807
33764.44,COL-mean-ED,397,4301,773956,0,geod_dist_to_target,100,22.78831303007807
33764.44,COL-mean-ED,397,11711,654571,0,geod_dist_to_target,5,21.86368072779632
33764.44,COL-mean-ED,397,11576,654571,0,geod_dist_to_target,6,25.117084352536597
33764.44,COL-mean-ED,397,11576,654571,0,geod_dist_to_target,7,25.117084352536597
33764.44,COL-mean-ED,397,10342,654571,0,geod_dist_to_target,8,42.468708984563484
33764.44,COL-mean-ED,397,4302,654571,0,geod_dist_to_target,9,40.77847969355571
33764.44,COL-mean-ED,397,8963,654571,0,geod_dist_to_target,10,29.27839590307171
33764.44,COL-mean-ED,397,3499,654571,0,geod_dist_to_target,11,32.39218805240133
33764.44,COL-mean-ED,397,3499,654571,0,geod_dist_to_target,12,32.39218805240133
33764.44,COL-mean-ED,397,4667,654571,0,geod_dist_to_target,13,43.14339829737184
33764.44,COL-mean-ED,397,3499,654571,0,geod_dist_to_target,14,32.39218805240133
33764.44,COL-mean-ED,397,10732,654571,0,geod_dist_to_target,15,46.87542475856983
33764.44,COL-mean-ED,397,8832,654571,0,geod_dist_to_target,16,27.414791322640117
33764.44,COL-mean-ED,397,8832,654571,0,geod_dist_to_target,17,27.414791322640117
33764.44,COL-mean-ED,397,8832,654571,0,geod_dist_to_target,18,27.414791322640117
33764.44,COL-mean-ED,397,8832,654571,0,geod_dist_to_target,19,27.414791322640117
33764.44,COL-mean-ED,397,8832,654571,0,geod_dist_to_target,20,27.414791322640117
33764.44,COL-mean-ED,397,8832,654571,0,geod_dist_to_target,22,27.414791322640117
33764.44,COL-mean-ED,397,8832,654571,0,geod_dist_to_target,24,27.414791322640117
33764.44,COL-mean-ED,397,8832,654571,0,geod_dist_to_target,26,27.414791322640117
33764.44,COL-mean-ED,397,2707,654571,0,geod_dist_to_target,28,7.299653846066495
33764.44,COL-mean-ED,397,2707,654571,0,geod_dist_to_target,30,7.299653846066495
33764.44,COL-mean-ED,397,6112,654571,0,geod_dist_to_target,32,27.48525837967342
33764.44,COL-mean-ED,397,6112,654571,0,geod_dist_to_target,34,27.48525837967342
33764.44,COL-mean-ED,397,7320,654571,0,geod_dist_to_target,36,0.8244644267609091
33764.44,COL-mean-ED,397,6297,654571,0,geod_dist_to_target,38,19.279633825114253
33764.44,COL-mean-ED,397,6297,654571,0,geod_dist_to_target,40,19.279633825114253
33764.44,COL-mean-ED,397,6269,654571,0,geod_dist_to_target,42,9.826099124621726
33764.44,COL-mean-ED,397,6269,654571,0,geod_dist_to_target,44,9.826099124621726
33764.44,COL-mean-ED,397,6269,654571,0,geod_dist_to_target,46,9.826099124621726
33764.44,COL-mean-ED,397,6297,654571,0,geod_dist_to_target,48,19.279633825114253
33764.44,COL-mean-ED,397,7310,654571,0,geod_dist_to_target,50,0.6633170880691671
33764.44,COL-mean-ED,397,7319,654571,0,geod_dist_to_target,55,1.1951117575392998
33764.44,COL-mean-ED,397,7319,654571,0,geod_dist_to_target,60,1.1951117575392998
33764.44,COL-mean-ED,397,10856,654571,0,geod_dist_to_target,65,46.277648802327995
33764.44,COL-mean-ED,397,10856,654571,0,geod_dist_to_target,70,46.277648802327995
33764.44,COL-mean-ED,397,10856,654571,0,geod_dist_to_target,75,46.277648802327995
33764.44,COL-mean-ED,397,10856,654571,0,geod_dist_to_target,80,46.277648802327995
33764.44,COL-mean-ED,397,10856,654571,0,geod_dist_to_target,85,46.277648802327995
33764.44,COL-mean-ED,397,10856,654571,0,geod_dist_to_target,90,46.277648802327995
33764.44,COL-mean-ED,397,7320,654571,0,geod_dist_to_target,95,0.8244644267609091
33764.44,COL-mean-ED,397,7320,654571,0,geod_dist_to_target,100,0.8244644267609091
33764.44,COL-mean-ED,397,5913,438878,0,geod_dist_to_target,5,20.660824949499094
33764.44,COL-mean-ED,397,10086,438878,0,geod_dist_to_target,6,24.96178838020329
33764.44,COL-mean-ED,397,10086,438878,0,geod_dist_to_target,7,24.96178838020329
33764.44,COL-mean-ED,397,250,438878,0,geod_dist_to_target,8,44.02979990793452
33764.44,COL-mean-ED,397,250,438878,0,geod_dist_to_target,9,44.02979990793452
33764.44,COL-mean-ED,397,10446,438878,0,geod_dist_to_target,10,18.866627981089838
33764.44,COL-mean-ED,397,12105,438878,0,geod_dist_to_target,11,40.21882689438788
33764.44,COL-mean-ED,397,7686,438878,0,geod_dist_to_target,12,22.620595453879957
33764.44,COL-mean-ED,397,1840,438878,0,geod_dist_to_target,13,23.20253525114298
33764.44,COL-mean-ED,397,7686,438878,0,geod_dist_to_target,14,22.620595453879957
33764.44,COL-mean-ED,397,136,438878,0,geod_dist_to_target,15,23.17890408678744
33764.44,COL-mean-ED,397,6193,438878,0,geod_dist_to_target,16,34.25778404427453
33764.44,COL-mean-ED,397,4177,438878,0,geod_dist_to_target,17,24.920388298339066
33764.44,COL-mean-ED,397,204,438878,0,geod_dist_to_target,18,23.027655602984936
33764.44,COL-mean-ED,397,204,438878,0,geod_dist_to_target,19,23.027655602984936
33764.44,COL-mean-ED,397,9505,438878,0,geod_dist_to_target,20,nan
33764.44,COL-mean-ED,397,10148,438878,0,geod_dist_to_target,22,46.648540533450124
33764.44,COL-mean-ED,397,10148,438878,0,geod_dist_to_target,24,46.648540533450124
33764.44,COL-mean-ED,397,10148,438878,0,geod_dist_to_target,26,46.648540533450124
33764.44,COL-mean-ED,397,10150,438878,0,geod_dist_to_target,28,47.08281954113382
33764.44,COL-mean-ED,397,10150,438878,0,geod_dist_to_target,30,47.08281954113382
33764.44,COL-mean-ED,397,10050,438878,0,geod_dist_to_target,32,47.484634656054595
33764.44,COL-mean-ED,397,10050,438878,0,geod_dist_to_target,34,47.484634656054595
33764.44,COL-mean-ED,397,10161,438878,0,geod_dist_to_target,36,48.14566119355889
33764.44,COL-mean-ED,397,10150,438878,0,geod_dist_to_target,38,47.08281954113382
33764.44,COL-mean-ED,397,10150,438878,0,geod_dist_to_target,40,47.08281954113382
33764.44,COL-mean-ED,397,1708,438878,0,geod_dist_to_target,42,2.347123022552554
33764.44,COL-mean-ED,397,1708,438878,0,geod_dist_to_target,44,2.347123022552554
33764.44,COL-mean-ED,397,1708,438878,0,geod_dist_to_target,46,2.347123022552554
33764.44,COL-mean-ED,397,10050,438878,0,geod_dist_to_target,48,47.484634656054595
33764.44,COL-mean-ED,397,10159,438878,0,geod_dist_to_target,50,48.00170195909891
33764.44,COL-mean-ED,397,10050,438878,0,geod_dist_to_target,55,47.484634656054595
33764.44,COL-mean-ED,397,2713,438878,0,geod_dist_to_target,60,48.85486832823653
33764.44,COL-mean-ED,397,10164,438878,0,geod_dist_to_target,65,49.27709962277377
33764.44,COL-mean-ED,397,6765,438878,0,geod_dist_to_target,70,2.7616698301651113
33764.44,COL-mean-ED,397,6765,438878,0,geod_dist_to_target,75,2.7616698301651113
33764.44,COL-mean-ED,397,6765,438878,0,geod_dist_to_target,80,2.7616698301651113
33764.44,COL-mean-ED,397,5696,438878,0,geod_dist_to_target,85,28.630666267973258
33764.44,COL-mean-ED,397,5696,438878,0,geod_dist_to_target,90,28.630666267973258
33764.44,COL-mean-ED,397,1416,438878,0,geod_dist_to_target,95,0.351149464224456
33764.44,COL-mean-ED,397,1416,438878,0,geod_dist_to_target,100,0.351149464224456
33764.44,COL-mean-ED,397,12583,433015,0,geod_dist_to_target,5,3.213181136297273
33764.44,COL-mean-ED,397,10243,433015,0,geod_dist_to_target,6,50.008431596375345
33764.44,COL-mean-ED,397,9983,433015,0,geod_dist_to_target,7,50.227212752808875
33764.44,COL-mean-ED,397,9983,433015,0,geod_dist_to_target,8,50.227212752808875
33764.44,COL-mean-ED,397,9983,433015,0,geod_dist_to_target,9,50.227212752808875
33764.44,COL-mean-ED,397,4535,433015,0,geod_dist_to_target,10,47.63214150752668
33764.44,COL-mean-ED,397,4535,433015,0,geod_dist_to_target,11,47.63214150752668
33764.44,COL-mean-ED,397,4535,433015,0,geod_dist_to_target,12,47.63214150752668
33764.44,COL-mean-ED,397,9700,433015,0,geod_dist_to_target,13,47.45559179096383
33764.44,COL-mean-ED,397,9700,433015,0,geod_dist_to_target,14,47.45559179096383
33764.44,COL-mean-ED,397,9700,433015,0,geod_dist_to_target,15,47.45559179096383
33764.44,COL-mean-ED,397,5894,433015,0,geod_dist_to_target,16,29.890926259033332
33764.44,COL-mean-ED,397,5894,433015,0,geod_dist_to_target,17,29.890926259033332
33764.44,COL-mean-ED,397,5894,433015,0,geod_dist_to_target,18,29.890926259033332
33764.44,COL-mean-ED,397,5894,433015,0,geod_dist_to_target,19,29.890926259033332
33764.44,COL-mean-ED,397,5894,433015,0,geod_dist_to_target,20,29.890926259033332
33764.44,COL-mean-ED,397,5894,433015,0,geod_dist_to_target,22,29.890926259033332
33764.44,COL-mean-ED,397,5894,433015,0,geod_dist_to_target,24,29.890926259033332
33764.44,COL-mean-ED,397,9926,433015,0,geod_dist_to_target,26,48.72445732562722
33764.44,COL-mean-ED,397,5169,433015,0,geod_dist_to_target,28,45.23561142779275
33764.44,COL-mean-ED,397,5169,433015,0,geod_dist_to_target,30,45.23561142779275
33764.44,COL-mean-ED,397,1102,433015,0,geod_dist_to_target,32,48.60991480365391
33764.44,COL-mean-ED,397,1102,433015,0,geod_dist_to_target,34,48.60991480365391
33764.44,COL-mean-ED,397,10070,433015,0,geod_dist_to_target,36,50.62889013871902
33764.44,COL-mean-ED,397,472,433015,0,geod_dist_to_target,38,48.906396340605035
33764.44,COL-mean-ED,397,472,433015,0,geod_dist_to_target,40,48.906396340605035
33764.44,COL-mean-ED,397,9030,433015,0,geod_dist_to_target,42,44.86264553693843
33764.44,COL-mean-ED,397,9030,433015,0,geod_dist_to_target,44,44.86264553693843
33764.44,COL-mean-ED,397,9619,433015,0,geod_dist_to_target,46,44.65626868425281
33764.44,COL-mean-ED,397,9030,433015,0,geod_dist_to_target,48,44.86264553693843
33764.44,COL-mean-ED,397,10070,433015,0,geod_dist_to_target,50,50.62889013871902
33764.44,COL-mean-ED,397,1272,433015,0,geod_dist_to_target,55,44.85210294538145
33764.44,COL-mean-ED,397,1272,433015,0,geod_dist_to_target,60,44.85210294538145
33764.44,COL-mean-ED,397,1272,433015,0,geod_dist_to_target,65,44.85210294538145
33764.44,COL-mean-ED,397,6114,433015,0,geod_dist_to_target,70,48.10711108488175
33764.44,COL-mean-ED,397,877,433015,0,geod_dist_to_target,75,47.078544060282354
33764.44,COL-mean-ED,397,877,433015,0,geod_dist_to_target,80,47.078544060282354
33764.44,COL-mean-ED,397,6114,433015,0,geod_dist_to_target,85,48.10711108488175
33764.44,COL-mean-ED,397,877,433015,0,geod_dist_to_target,90,47.078544060282354
33764.44,COL-mean-ED,397,2299,433015,0,geod_dist_to_target,95,45.81422888775257
33764.44,COL-mean-ED,397,2299,433015,0,geod_dist_to_target,100,45.81422888775257
33764.44,COL-mean-ED,397,5272,858597,0,geod_dist_to_target,5,27.28064133625792
33764.44,COL-mean-ED,397,200,858597,0,geod_dist_to_target,6,33.709967314901554
33764.44,COL-mean-ED,397,4978,858597,0,geod_dist_to_target,7,26.382720171204586
33764.44,COL-mean-ED,397,10433,858597,0,geod_dist_to_target,8,20.690626681150533
33764.44,COL-mean-ED,397,9569,858597,0,geod_dist_to_target,9,36.29522025526794
33764.44,COL-mean-ED,397,1693,858597,0,geod_dist_to_target,10,27.106388268325343
33764.44,COL-mean-ED,397,1693,858597,0,geod_dist_to_target,11,27.106388268325343
33764.44,COL-mean-ED,397,1693,858597,0,geod_dist_to_target,12,27.106388268325343
33764.44,COL-mean-ED,397,10840,858597,0,geod_dist_to_target,13,7.075607036621453
33764.44,COL-mean-ED,397,1102,858597,0,geod_dist_to_target,14,48.60991480365391
33764.44,COL-mean-ED,397,7525,858597,0,geod_dist_to_target,15,28.127541926392947
33764.44,COL-mean-ED,397,1102,858597,0,geod_dist_to_target,16,48.60991480365391
33764.44,COL-mean-ED,397,4535,858597,0,geod_dist_to_target,17,47.63214150752668
33764.44,COL-mean-ED,397,4535,858597,0,geod_dist_to_target,18,47.63214150752668
33764.44,COL-mean-ED,397,4535,858597,0,geod_dist_to_target,19,47.63214150752668
33764.44,COL-mean-ED,397,7525,858597,0,geod_dist_to_target,20,28.127541926392947
33764.44,COL-mean-ED,397,6111,858597,0,geod_dist_to_target,22,27.98171629721249
33764.44,COL-mean-ED,397,6111,858597,0,geod_dist_to_target,24,27.98171629721249
33764.44,COL-mean-ED,397,11158,858597,0,geod_dist_to_target,26,28.405717834539512
33764.44,COL-mean-ED,397,4981,858597,0,geod_dist_to_target,28,6.8490266329278136
33764.44,COL-mean-ED,397,4981,858597,0,geod_dist_to_target,30,6.8490266329278136
33764.44,COL-mean-ED,397,4981,858597,0,geod_dist_to_target,32,6.8490266329278136
33764.44,COL-mean-ED,397,4981,858597,0,geod_dist_to_target,34,6.8490266329278136
33764.44,COL-mean-ED,397,4981,858597,0,geod_dist_to_target,36,6.8490266329278136
33764.44,COL-mean-ED,397,9255,858597,0,geod_dist_to_target,38,19.743164466881026
33764.44,COL-mean-ED,397,9255,858597,0,geod_dist_to_target,40,19.743164466881026
33764.44,COL-mean-ED,397,9255,858597,0,geod_dist_to_target,42,19.743164466881026
33764.44,COL-mean-ED,397,9255,858597,0,geod_dist_to_target,44,19.743164466881026
33764.44,COL-mean-ED,397,9255,858597,0,geod_dist_to_target,46,19.743164466881026
33764.44,COL-mean-ED,397,9255,858597,0,geod_dist_to_target,48,19.743164466881026
33764.44,COL-mean-ED,397,9255,858597,0,geod_dist_to_target,50,19.743164466881026
33764.44,COL-mean-ED,397,9255,858597,0,geod_dist_to_target,55,19.743164466881026
33764.44,COL-mean-ED,397,9255,858597,0,geod_dist_to_target,60,19.743164466881026
33764.44,COL-mean-ED,397,9255,858597,0,geod_dist_to_target,65,19.743164466881026
33764.44,COL-mean-ED,397,11171,858597,0,geod_dist_to_target,70,15.318544144397118
33764.44,COL-mean-ED,397,2847,858597,0,geod_dist_to_target,75,14.040819230667843
33764.44,COL-mean-ED,397,2847,858597,0,geod_dist_to_target,80,14.040819230667843
33764.44,COL-mean-ED,397,11135,858597,0,geod_dist_to_target,85,5.366105743528365
33764.44,COL-mean-ED,397,97,858597,0,geod_dist_to_target,90,6.053337063063698
33764.44,COL-mean-ED,397,11135,858597,0,geod_dist_to_target,95,5.366105743528365
33764.44,COL-mean-ED,397,397,858597,0,geod_dist_to_target,100,0.0
33764.44,COL-mean-ED,397,5272,85945,0,geod_dist_to_target,5,27.28064133625792
33764.44,COL-mean-ED,397,1818,85945,0,geod_dist_to_target,6,43.85768092162683
33764.44,COL-mean-ED,397,1818,85945,0,geod_dist_to_target,7,43.85768092162683
33764.44,COL-mean-ED,397,12476,85945,0,geod_dist_to_target,8,44.706282496686015
33764.44,COL-mean-ED,397,12476,85945,0,geod_dist_to_target,9,44.706282496686015
33764.44,COL-mean-ED,397,12476,85945,0,geod_dist_to_target,10,44.706282496686015
33764.44,COL-mean-ED,397,11321,85945,0,geod_dist_to_target,11,37.622902717087726
33764.44,COL-mean-ED,397,11321,85945,0,geod_dist_to_target,12,37.622902717087726
33764.44,COL-mean-ED,397,11321,85945,0,geod_dist_to_target,13,37.622902717087726
33764.44,COL-mean-ED,397,4981,85945,0,geod_dist_to_target,14,6.8490266329278136
33764.44,COL-mean-ED,397,4981,85945,0,geod_dist_to_target,15,6.8490266329278136
33764.44,COL-mean-ED,397,4981,85945,0,geod_dist_to_target,16,6.8490266329278136
33764.44,COL-mean-ED,397,4981,85945,0,geod_dist_to_target,17,6.8490266329278136
33764.44,COL-mean-ED,397,4981,85945,0,geod_dist_to_target,18,6.8490266329278136
33764.44,COL-mean-ED,397,4981,85945,0,geod_dist_to_target,19,6.8490266329278136
33764.44,COL-mean-ED,397,1248,85945,0,geod_dist_to_target,20,6.875465506535175
33764.44,COL-mean-ED,397,4981,85945,0,geod_dist_to_target,22,6.8490266329278136
33764.44,COL-mean-ED,397,11321,85945,0,geod_dist_to_target,24,37.622902717087726
33764.44,COL-mean-ED,397,11321,85945,0,geod_dist_to_target,26,37.622902717087726
33764.44,COL-mean-ED,397,8862,85945,0,geod_dist_to_target,28,27.941022816414772
33764.44,COL-mean-ED,397,2707,85945,0,geod_dist_to_target,30,7.299653846066495
33764.44,COL-mean-ED,397,9255,85945,0,geod_dist_to_target,32,19.743164466881026
33764.44,COL-mean-ED,397,9255,85945,0,geod_dist_to_target,34,19.743164466881026
33764.44,COL-mean-ED,397,9255,85945,0,geod_dist_to_target,36,19.743164466881026
33764.44,COL-mean-ED,397,9255,85945,0,geod_dist_to_target,38,19.743164466881026
33764.44,COL-mean-ED,397,9255,85945,0,geod_dist_to_target,40,19.743164466881026
33764.44,COL-mean-ED,397,9255,85945,0,geod_dist_to_target,42,19.743164466881026
33764.44,COL-mean-ED,397,9255,85945,0,geod_dist_to_target,44,19.743164466881026
33764.44,COL-mean-ED,397,9255,85945,0,geod_dist_to_target,46,19.743164466881026
33764.44,COL-mean-ED,397,9255,85945,0,geod_dist_to_target,48,19.743164466881026
33764.44,COL-mean-ED,397,7309,85945,0,geod_dist_to_target,50,0.38037803191489017
33764.44,COL-mean-ED,397,7320,85945,0,geod_dist_to_target,55,0.8244644267609091
33764.44,COL-mean-ED,397,7320,85945,0,geod_dist_to_target,60,0.8244644267609091
33764.44,COL-mean-ED,397,9669,85945,0,geod_dist_to_target,65,1.6244055937733262
33764.44,COL-mean-ED,397,9255,85945,0,geod_dist_to_target,70,19.743164466881026
33764.44,COL-mean-ED,397,9669,85945,0,geod_dist_to_target,75,1.6244055937733262
33764.44,COL-mean-ED,397,9669,85945,0,geod_dist_to_target,80,1.6244055937733262
33764.44,COL-mean-ED,397,9669,85945,0,geod_dist_to_target,85,1.6244055937733262
33764.44,COL-mean-ED,397,9669,85945,0,geod_dist_to_target,90,1.6244055937733262
33764.44,COL-mean-ED,397,7309,85945,0,geod_dist_to_target,95,0.38037803191489017
33764.44,COL-mean-ED,397,7309,85945,0,geod_dist_to_target,100,0.38037803191489017
33764.44,COL-mean-ED,397,2105,697368,0,geod_dist_to_target,5,2.422963314045468
33764.44,COL-mean-ED,397,11446,697368,0,geod_dist_to_target,6,23.98523091407732
33764.44,COL-mean-ED,397,11446,697368,0,geod_dist_to_target,7,23.98523091407732
33764.44,COL-mean-ED,397,7439,697368,0,geod_dist_to_target,8,25.484402640887144
33764.44,COL-mean-ED,397,3618,697368,0,geod_dist_to_target,9,34.52214134687346
33764.44,COL-mean-ED,397,7686,697368,0,geod_dist_to_target,10,22.620595453879957
33764.44,COL-mean-ED,397,3597,697368,0,geod_dist_to_target,11,20.70132113884718
33764.44,COL-mean-ED,397,7686,697368,0,geod_dist_to_target,12,22.620595453879957
33764.44,COL-mean-ED,397,7042,697368,0,geod_dist_to_target,13,21.86259718777222
33764.44,COL-mean-ED,397,7042,697368,0,geod_dist_to_target,14,21.86259718777222
33764.44,COL-mean-ED,397,4054,697368,0,geod_dist_to_target,15,36.3495850518017
33764.44,COL-mean-ED,397,3687,697368,0,geod_dist_to_target,16,26.11307240867613
33764.44,COL-mean-ED,397,3687,697368,0,geod_dist_to_target,17,26.11307240867613
33764.44,COL-mean-ED,397,7042,697368,0,geod_dist_to_target,18,21.86259718777222
33764.44,COL-mean-ED,397,7042,697368,0,geod_dist_to_target,19,21.86259718777222
33764.44,COL-mean-ED,397,3687,697368,0,geod_dist_to_target,20,26.11307240867613
33764.44,COL-mean-ED,397,3618,697368,0,geod_dist_to_target,22,34.52214134687346
33764.44,COL-mean-ED,397,5713,697368,0,geod_dist_to_target,24,24.476895523025178
33764.44,COL-mean-ED,397,3687,697368,0,geod_dist_to_target,26,26.11307240867613
33764.44,COL-mean-ED,397,5713,697368,0,geod_dist_to_target,28,24.476895523025178
33764.44,COL-mean-ED,397,6650,697368,0,geod_dist_to_target,30,23.635706453821395
33764.44,COL-mean-ED,397,6650,697368,0,geod_dist_to_target,32,23.635706453821395
33764.44,COL-mean-ED,397,6650,697368,0,geod_dist_to_target,34,23.635706453821395
33764.44,COL-mean-ED,397,6650,697368,0,geod_dist_to_target,36,23.635706453821395
33764.44,COL-mean-ED,397,7409,697368,0,geod_dist_to_target,38,50.11576594938094
33764.44,COL-mean-ED,397,7409,697368,0,geod_dist_to_target,40,50.11576594938094
33764.44,COL-mean-ED,397,4494,697368,0,geod_dist_to_target,42,22.700677578596867
33764.44,COL-mean-ED,397,4494,697368,0,geod_dist_to_target,44,22.700677578596867
33764.44,COL-mean-ED,397,4494,697368,0,geod_dist_to_target,46,22.700677578596867
33764.44,COL-mean-ED,397,4494,697368,0,geod_dist_to_target,48,22.700677578596867
33764.44,COL-mean-ED,397,4494,697368,0,geod_dist_to_target,50,22.700677578596867
33764.44,COL-mean-ED,397,11566,697368,0,geod_dist_to_target,55,30.86924591790773
33764.44,COL-mean-ED,397,10288,697368,0,geod_dist_to_target,60,3.5483986054040915
33764.44,COL-mean-ED,397,4494,697368,0,geod_dist_to_target,65,22.700677578596867
33764.44,COL-mean-ED,397,11566,697368,0,geod_dist_to_target,70,30.86924591790773
33764.44,COL-mean-ED,397,10857,697368,0,geod_dist_to_target,75,30.94685917784329
33764.44,COL-mean-ED,397,11566,697368,0,geod_dist_to_target,80,30.86924591790773
33764.44,COL-mean-ED,397,6765,697368,0,geod_dist_to_target,85,2.7616698301651113
33764.44,COL-mean-ED,397,10857,697368,0,geod_dist_to_target,90,30.94685917784329
33764.44,COL-mean-ED,397,10539,697368,0,geod_dist_to_target,95,5.623140651553776
33764.44,COL-mean-ED,397,10857,697368,0,geod_dist_to_target,100,30.94685917784329
33764.44,COL-mean-ED,397,10240,201469,0,geod_dist_to_target,5,51.3762635955689
33764.44,COL-mean-ED,397,8486,201469,0,geod_dist_to_target,6,22.588569048005297
33764.44,COL-mean-ED,397,8486,201469,0,geod_dist_to_target,7,22.588569048005297
33764.44,COL-mean-ED,397,11067,201469,0,geod_dist_to_target,8,nan
33764.44,COL-mean-ED,397,11067,201469,0,geod_dist_to_target,9,nan
33764.44,COL-mean-ED,397,935,201469,0,geod_dist_to_target,10,31.16741459277416
33764.44,COL-mean-ED,397,935,201469,0,geod_dist_to_target,11,31.16741459277416
33764.44,COL-mean-ED,397,935,201469,0,geod_dist_to_target,12,31.16741459277416
33764.44,COL-mean-ED,397,830,201469,0,geod_dist_to_target,13,31.59039397966627
33764.44,COL-mean-ED,397,830,201469,0,geod_dist_to_target,14,31.59039397966627
33764.44,COL-mean-ED,397,830,201469,0,geod_dist_to_target,15,31.59039397966627
33764.44,COL-mean-ED,397,830,201469,0,geod_dist_to_target,16,31.59039397966627
33764.44,COL-mean-ED,397,935,201469,0,geod_dist_to_target,17,31.16741459277416
33764.44,COL-mean-ED,397,935,201469,0,geod_dist_to_target,18,31.16741459277416
33764.44,COL-mean-ED,397,935,201469,0,geod_dist_to_target,19,31.16741459277416
33764.44,COL-mean-ED,397,830,201469,0,geod_dist_to_target,20,31.59039397966627
33764.44,COL-mean-ED,397,935,201469,0,geod_dist_to_target,22,31.16741459277416
33764.44,COL-mean-ED,397,3958,201469,0,geod_dist_to_target,24,31.193241096535207
33764.44,COL-mean-ED,397,3958,201469,0,geod_dist_to_target,26,31.193241096535207
33764.44,COL-mean-ED,397,12086,201469,0,geod_dist_to_target,28,23.943067071281547
33764.44,COL-mean-ED,397,12086,201469,0,geod_dist_to_target,30,23.943067071281547
33764.44,COL-mean-ED,397,3953,201469,0,geod_dist_to_target,32,31.321918597706713
33764.44,COL-mean-ED,397,3953,201469,0,geod_dist_to_target,34,31.321918597706713
33764.44,COL-mean-ED,397,9573,201469,0,geod_dist_to_target,36,4.7409361797688225
33764.44,COL-mean-ED,397,9573,201469,0,geod_dist_to_target,38,4.7409361797688225
33764.44,COL-mean-ED,397,9573,201469,0,geod_dist_to_target,40,4.7409361797688225
33764.44,COL-mean-ED,397,9573,201469,0,geod_dist_to_target,42,4.7409361797688225
33764.44,COL-mean-ED,397,9573,201469,0,geod_dist_to_target,44,4.7409361797688225
33764.44,COL-mean-ED,397,9573,201469,0,geod_dist_to_target,46,4.7409361797688225
33764.44,COL-mean-ED,397,9573,201469,0,geod_dist_to_target,48,4.7409361797688225
33764.44,COL-mean-ED,397,9573,201469,0,geod_dist_to_target,50,4.7409361797688225
33764.44,COL-mean-ED,397,9573,201469,0,geod_dist_to_target,55,4.7409361797688225
33764.44,COL-mean-ED,397,9573,201469,0,geod_dist_to_target,60,4.7409361797688225
33764.44,COL-mean-ED,397,10263,201469,0,geod_dist_to_target,65,4.16292367670745
33764.44,COL-mean-ED,397,10263,201469,0,geod_dist_to_target,70,4.16292367670745
33764.44,COL-mean-ED,397,10263,201469,0,geod_dist_to_target,75,4.16292367670745
33764.44,COL-mean-ED,397,3557,201469,0,geod_dist_to_target,80,4.624811996317486
33764.44,COL-mean-ED,397,3557,201469,0,geod_dist_to_target,85,4.624811996317486
33764.44,COL-mean-ED,397,3557,201469,0,geod_dist_to_target,90,4.624811996317486
33764.44,COL-mean-ED,397,3557,201469,0,geod_dist_to_target,95,4.624811996317486
33764.44,COL-mean-ED,397,3536,201469,0,geod_dist_to_target,100,3.5081601042306136
33764.44,COL-mean-ED,397,9962,94177,0,geod_dist_to_target,5,47.33016712282748
33764.44,COL-mean-ED,397,8799,94177,0,geod_dist_to_target,6,24.59777838823419
33764.44,COL-mean-ED,397,8620,94177,0,geod_dist_to_target,7,24.65359375887718
33764.44,COL-mean-ED,397,8620,94177,0,geod_dist_to_target,8,24.65359375887718
33764.44,COL-mean-ED,397,8620,94177,0,geod_dist_to_target,9,24.65359375887718
33764.44,COL-mean-ED,397,9535,94177,0,geod_dist_to_target,10,43.74735123046023
33764.44,COL-mean-ED,397,9842,94177,0,geod_dist_to_target,11,47.51560374767263
33764.44,COL-mean-ED,397,9842,94177,0,geod_dist_to_target,12,47.51560374767263
33764.44,COL-mean-ED,397,9234,94177,0,geod_dist_to_target,13,25.061767776053987
33764.44,COL-mean-ED,397,2398,94177,0,geod_dist_to_target,14,32.406388552576686
33764.44,COL-mean-ED,397,2398,94177,0,geod_dist_to_target,15,32.406388552576686
33764.44,COL-mean-ED,397,2398,94177,0,geod_dist_to_target,16,32.406388552576686
33764.44,COL-mean-ED,397,2398,94177,0,geod_dist_to_target,17,32.406388552576686
33764.44,COL-mean-ED,397,2398,94177,0,geod_dist_to_target,18,32.406388552576686
33764.44,COL-mean-ED,397,2398,94177,0,geod_dist_to_target,19,32.406388552576686
33764.44,COL-mean-ED,397,2398,94177,0,geod_dist_to_target,20,32.406388552576686
33764.44,COL-mean-ED,397,2398,94177,0,geod_dist_to_target,22,32.406388552576686
33764.44,COL-mean-ED,397,2398,94177,0,geod_dist_to_target,24,32.406388552576686
33764.44,COL-mean-ED,397,2398,94177,0,geod_dist_to_target,26,32.406388552576686
33764.44,COL-mean-ED,397,1638,94177,0,geod_dist_to_target,28,23.581945263910985
33764.44,COL-mean-ED,397,1638,94177,0,geod_dist_to_target,30,23.581945263910985
33764.44,COL-mean-ED,397,1416,94177,0,geod_dist_to_target,32,0.351149464224456
33764.44,COL-mean-ED,397,1416,94177,0,geod_dist_to_target,34,0.351149464224456
33764.44,COL-mean-ED,397,1416,94177,0,geod_dist_to_target,36,0.351149464224456
33764.44,COL-mean-ED,397,1416,94177,0,geod_dist_to_target,38,0.351149464224456
33764.44,COL-mean-ED,397,1416,94177,0,geod_dist_to_target,40,0.351149464224456
33764.44,COL-mean-ED,397,1416,94177,0,geod_dist_to_target,42,0.351149464224456
33764.44,COL-mean-ED,397,1416,94177,0,geod_dist_to_target,44,0.351149464224456
33764.44,COL-mean-ED,397,1416,94177,0,geod_dist_to_target,46,0.351149464224456
33764.44,COL-mean-ED,397,696,94177,0,geod_dist_to_target,48,22.51401394924554
33764.44,COL-mean-ED,397,696,94177,0,geod_dist_to_target,50,22.51401394924554
33764.44,COL-mean-ED,397,696,94177,0,geod_dist_to_target,55,22.51401394924554
33764.44,COL-mean-ED,397,397,94177,0,geod_dist_to_target,60,0.0
33764.44,COL-mean-ED,397,397,94177,0,geod_dist_to_target,65,0.0
33764.44,COL-mean-ED,397,1103,94177,0,geod_dist_to_target,70,1.362453161382825
33764.44,COL-mean-ED,397,6953,94177,0,geod_dist_to_target,75,0.7017060632010518
33764.44,COL-mean-ED,397,6953,94177,0,geod_dist_to_target,80,0.7017060632010518
33764.44,COL-mean-ED,397,6953,94177,0,geod_dist_to_target,85,0.7017060632010518
33764.44,COL-mean-ED,397,6953,94177,0,geod_dist_to_target,90,0.7017060632010518
33764.44,COL-mean-ED,397,6953,94177,0,geod_dist_to_target,95,0.7017060632010518
33764.44,COL-mean-ED,397,1103,94177,0,geod_dist_to_target,100,1.362453161382825
33764.44,COL-min-ED,397,12283,89250,0,geod_dist_to_target,5,3.633591798426425
33764.44,COL-min-ED,397,6639,89250,0,geod_dist_to_target,6,32.685955050126715
33764.44,COL-min-ED,397,6639,89250,0,geod_dist_to_target,7,32.685955050126715
33764.44,COL-min-ED,397,4208,89250,0,geod_dist_to_target,8,39.86162296552453
33764.44,COL-min-ED,397,4057,89250,0,geod_dist_to_target,9,37.12828223696318
33764.44,COL-min-ED,397,4057,89250,0,geod_dist_to_target,10,37.12828223696318
33764.44,COL-min-ED,397,4057,89250,0,geod_dist_to_target,11,37.12828223696318
33764.44,COL-min-ED,397,4190,89250,0,geod_dist_to_target,12,36.49017078577234
33764.44,COL-min-ED,397,4190,89250,0,geod_dist_to_target,13,36.49017078577234
33764.44,COL-min-ED,397,4190,89250,0,geod_dist_to_target,14,36.49017078577234
33764.44,COL-min-ED,397,4688,89250,0,geod_dist_to_target,15,24.70593504808821
33764.44,COL-min-ED,397,2388,89250,0,geod_dist_to_target,16,26.123866315399287
33764.44,COL-min-ED,397,11015,89250,0,geod_dist_to_target,17,28.781530411695915
33764.44,COL-min-ED,397,5719,89250,0,geod_dist_to_target,18,32.11191083690844
33764.44,COL-min-ED,397,5719,89250,0,geod_dist_to_target,19,32.11191083690844
33764.44,COL-min-ED,397,5719,89250,0,geod_dist_to_target,20,32.11191083690844
33764.44,COL-min-ED,397,5719,89250,0,geod_dist_to_target,22,32.11191083690844
33764.44,COL-min-ED,397,10874,89250,0,geod_dist_to_target,24,29.804615267935162
33764.44,COL-min-ED,397,10874,89250,0,geod_dist_to_target,26,29.804615267935162
33764.44,COL-min-ED,397,10874,89250,0,geod_dist_to_target,28,29.804615267935162
33764.44,COL-min-ED,397,11999,89250,0,geod_dist_to_target,30,6.169168280986388
33764.44,COL-min-ED,397,7132,89250,0,geod_dist_to_target,32,0.5843784874771326
33764.44,COL-min-ED,397,7132,89250,0,geod_dist_to_target,34,0.5843784874771326
33764.44,COL-min-ED,397,7132,89250,0,geod_dist_to_target,36,0.5843784874771326
33764.44,COL-min-ED,397,11999,89250,0,geod_dist_to_target,38,6.169168280986388
33764.44,COL-min-ED,397,12577,89250,0,geod_dist_to_target,40,10.390359606037945
33764.44,COL-min-ED,397,1244,89250,0,geod_dist_to_target,42,12.67158279810419
33764.44,COL-min-ED,397,11999,89250,0,geod_dist_to_target,44,6.169168280986388
33764.44,COL-min-ED,397,12577,89250,0,geod_dist_to_target,46,10.390359606037945
33764.44,COL-min-ED,397,1244,89250,0,geod_dist_to_target,48,12.67158279810419
33764.44,COL-min-ED,397,1244,89250,0,geod_dist_to_target,50,12.67158279810419
33764.44,COL-min-ED,397,1244,89250,0,geod_dist_to_target,55,12.67158279810419
33764.44,COL-min-ED,397,1244,89250,0,geod_dist_to_target,60,12.67158279810419
33764.44,COL-min-ED,397,12577,89250,0,geod_dist_to_target,65,10.390359606037945
33764.44,COL-min-ED,397,11572,89250,0,geod_dist_to_target,70,9.642593780321194
33764.44,COL-min-ED,397,11572,89250,0,geod_dist_to_target,75,9.642593780321194
33764.44,COL-min-ED,397,11572,89250,0,geod_dist_to_target,80,9.642593780321194
33764.44,COL-min-ED,397,11572,89250,0,geod_dist_to_target,85,9.642593780321194
33764.44,COL-min-ED,397,11572,89250,0,geod_dist_to_target,90,9.642593780321194
33764.44,COL-min-ED,397,11572,89250,0,geod_dist_to_target,95,9.642593780321194
33764.44,COL-min-ED,397,11572,89250,0,geod_dist_to_target,100,9.642593780321194
33764.44,COL-min-ED,397,7236,773956,0,geod_dist_to_target,5,23.691972421469163
33764.44,COL-min-ED,397,12339,773956,0,geod_dist_to_target,6,3.3540760487291172
33764.44,COL-min-ED,397,1396,773956,0,geod_dist_to_target,7,22.264672030000174
33764.44,COL-min-ED,397,7194,773956,0,geod_dist_to_target,8,10.792403671046793
33764.44,COL-min-ED,397,7194,773956,0,geod_dist_to_target,9,10.792403671046793
33764.44,COL-min-ED,397,2774,773956,0,geod_dist_to_target,10,10.860293027394716
33764.44,COL-min-ED,397,2774,773956,0,geod_dist_to_target,11,10.860293027394716
33764.44,COL-min-ED,397,552,773956,0,geod_dist_to_target,12,8.560677550045655
33764.44,COL-min-ED,397,552,773956,0,geod_dist_to_target,13,8.560677550045655
33764.44,COL-min-ED,397,552,773956,0,geod_dist_to_target,14,8.560677550045655
33764.44,COL-min-ED,397,7181,773956,0,geod_dist_to_target,15,9.017735993843262
33764.44,COL-min-ED,397,7181,773956,0,geod_dist_to_target,16,9.017735993843262
33764.44,COL-min-ED,397,3966,773956,0,geod_dist_to_target,17,45.559704346039176
33764.44,COL-min-ED,397,3966,773956,0,geod_dist_to_target,18,45.559704346039176
33764.44,COL-min-ED,397,3966,773956,0,geod_dist_to_target,19,45.559704346039176
33764.44,COL-min-ED,397,3966,773956,0,geod_dist_to_target,20,45.559704346039176
33764.44,COL-min-ED,397,12373,773956,0,geod_dist_to_target,22,31.272411725783815
33764.44,COL-min-ED,397,12373,773956,0,geod_dist_to_target,24,31.272411725783815
33764.44,COL-min-ED,397,12373,773956,0,geod_dist_to_target,26,31.272411725783815
33764.44,COL-min-ED,397,12373,773956,0,geod_dist_to_target,28,31.272411725783815
33764.44,COL-min-ED,397,12372,773956,0,geod_dist_to_target,30,31.563994151500378
33764.44,COL-min-ED,397,11420,773956,0,geod_dist_to_target,32,13.195357464144125
33764.44,COL-min-ED,397,6988,773956,0,geod_dist_to_target,34,5.577072430540568
33764.44,COL-min-ED,397,11420,773956,0,geod_dist_to_target,36,13.195357464144125
33764.44,COL-min-ED,397,945,773956,0,geod_dist_to_target,38,10.051448686851279
33764.44,COL-min-ED,397,945,773956,0,geod_dist_to_target,40,10.051448686851279
33764.44,COL-min-ED,397,945,773956,0,geod_dist_to_target,42,10.051448686851279
33764.44,COL-min-ED,397,945,773956,0,geod_dist_to_target,44,10.051448686851279
33764.44,COL-min-ED,397,945,773956,0,geod_dist_to_target,46,10.051448686851279
33764.44,COL-min-ED,397,723,773956,0,geod_dist_to_target,48,9.807985904113849
33764.44,COL-min-ED,397,723,773956,0,geod_dist_to_target,50,9.807985904113849
33764.44,COL-min-ED,397,723,773956,0,geod_dist_to_target,55,9.807985904113849
33764.44,COL-min-ED,397,723,773956,0,geod_dist_to_target,60,9.807985904113849
33764.44,COL-min-ED,397,397,773956,0,geod_dist_to_target,65,0.0
33764.44,COL-min-ED,397,397,773956,0,geod_dist_to_target,70,0.0
33764.44,COL-min-ED,397,397,773956,0,geod_dist_to_target,75,0.0
33764.44,COL-min-ED,397,397,773956,0,geod_dist_to_target,80,0.0
33764.44,COL-min-ED,397,397,773956,0,geod_dist_to_target,85,0.0
33764.44,COL-min-ED,397,397,773956,0,geod_dist_to_target,90,0.0
33764.44,COL-min-ED,397,7139,773956,0,geod_dist_to_target,95,0.2016504061378217
33764.44,COL-min-ED,397,539,773956,0,geod_dist_to_target,100,0.38802320100673754
33764.44,COL-min-ED,397,7445,654571,0,geod_dist_to_target,5,1.7096608747848963
33764.44,COL-min-ED,397,7281,654571,0,geod_dist_to_target,6,5.991190025019414
33764.44,COL-min-ED,397,10799,654571,0,geod_dist_to_target,7,17.85347179926249
33764.44,COL-min-ED,397,7340,654571,0,geod_dist_to_target,8,6.250234520417771
33764.44,COL-min-ED,397,7340,654571,0,geod_dist_to_target,9,6.250234520417771
33764.44,COL-min-ED,397,7340,654571,0,geod_dist_to_target,10,6.250234520417771
33764.44,COL-min-ED,397,7340,654571,0,geod_dist_to_target,11,6.250234520417771
33764.44,COL-min-ED,397,7340,654571,0,geod_dist_to_target,12,6.250234520417771
33764.44,COL-min-ED,397,7340,654571,0,geod_dist_to_target,13,6.250234520417771
33764.44,COL-min-ED,397,7340,654571,0,geod_dist_to_target,14,6.250234520417771
33764.44,COL-min-ED,397,2146,654571,0,geod_dist_to_target,15,10.224131249658681
33764.44,COL-min-ED,397,2146,654571,0,geod_dist_to_target,16,10.224131249658681
33764.44,COL-min-ED,397,2146,654571,0,geod_dist_to_target,17,10.224131249658681
33764.44,COL-min-ED,397,2146,654571,0,geod_dist_to_target,18,10.224131249658681
33764.44,COL-min-ED,397,1516,654571,0,geod_dist_to_target,19,10.701204775965175
33764.44,COL-min-ED,397,1494,654571,0,geod_dist_to_target,20,10.417252226541093
33764.44,COL-min-ED,397,2146,654571,0,geod_dist_to_target,22,10.224131249658681
33764.44,COL-min-ED,397,7117,654571,0,geod_dist_to_target,24,1.0645707065278656
33764.44,COL-min-ED,397,7117,654571,0,geod_dist_to_target,26,1.0645707065278656
33764.44,COL-min-ED,397,7117,654571,0,geod_dist_to_target,28,1.0645707065278656
33764.44,COL-min-ED,397,1131,654571,0,geod_dist_to_target,30,17.76757686856805
33764.44,COL-min-ED,397,7117,654571,0,geod_dist_to_target,32,1.0645707065278656
33764.44,COL-min-ED,397,7117,654571,0,geod_dist_to_target,34,1.0645707065278656
33764.44,COL-min-ED,397,7117,654571,0,geod_dist_to_target,36,1.0645707065278656
33764.44,COL-min-ED,397,10549,654571,0,geod_dist_to_target,38,9.703073038410933
33764.44,COL-min-ED,397,7117,654571,0,geod_dist_to_target,40,1.0645707065278656
33764.44,COL-min-ED,397,7117,654571,0,geod_dist_to_target,42,1.0645707065278656
33764.44,COL-min-ED,397,7117,654571,0,geod_dist_to_target,44,1.0645707065278656
33764.44,COL-min-ED,397,10549,654571,0,geod_dist_to_target,46,9.703073038410933
33764.44,COL-min-ED,397,3238,654571,0,geod_dist_to_target,48,9.89362422284025
33764.44,COL-min-ED,397,3238,654571,0,geod_dist_to_target,50,9.89362422284025
33764.44,COL-min-ED,397,7131,654571,0,geod_dist_to_target,55,0.6167848007875151
33764.44,COL-min-ED,397,7131,654571,0,geod_dist_to_target,60,0.6167848007875151
33764.44,COL-min-ED,397,7117,654571,0,geod_dist_to_target,65,1.0645707065278656
33764.44,COL-min-ED,397,7117,654571,0,geod_dist_to_target,70,1.0645707065278656
33764.44,COL-min-ED,397,7132,654571,0,geod_dist_to_target,75,0.5843784874771326
33764.44,COL-min-ED,397,7132,654571,0,geod_dist_to_target,80,0.5843784874771326
33764.44,COL-min-ED,397,9967,654571,0,geod_dist_to_target,85,0.31516748911608633
33764.44,COL-min-ED,397,9967,654571,0,geod_dist_to_target,90,0.31516748911608633
33764.44,COL-min-ED,397,9967,654571,0,geod_dist_to_target,95,0.31516748911608633
33764.44,COL-min-ED,397,12258,654571,0,geod_dist_to_target,100,11.781165503885987
33764.44,COL-min-ED,397,2007,438878,0,geod_dist_to_target,5,20.567094569474065
33764.44,COL-min-ED,397,7017,438878,0,geod_dist_to_target,6,19.185796816198362
33764.44,COL-min-ED,397,7018,438878,0,geod_dist_to_target,7,18.797627521133517
33764.44,COL-min-ED,397,7341,438878,0,geod_dist_to_target,8,5.6547567726541175
33764.44,COL-min-ED,397,10799,438878,0,geod_dist_to_target,9,17.85347179926249
33764.44,COL-min-ED,397,10799,438878,0,geod_dist_to_target,10,17.85347179926249
33764.44,COL-min-ED,397,10799,438878,0,geod_dist_to_target,11,17.85347179926249
33764.44,COL-min-ED,397,137,438878,0,geod_dist_to_target,12,16.196764723893416
33764.44,COL-min-ED,397,137,438878,0,geod_dist_to_target,13,16.196764723893416
33764.44,COL-min-ED,397,137,438878,0,geod_dist_to_target,14,16.196764723893416
33764.44,COL-min-ED,397,5785,438878,0,geod_dist_to_target,15,16.301987713691556
33764.44,COL-min-ED,397,5785,438878,0,geod_dist_to_target,16,16.301987713691556
33764.44,COL-min-ED,397,5785,438878,0,geod_dist_to_target,17,16.301987713691556
33764.44,COL-min-ED,397,5785,438878,0,geod_dist_to_target,18,16.301987713691556
33764.44,COL-min-ED,397,6293,438878,0,geod_dist_to_target,19,17.118075697570305
33764.44,COL-min-ED,397,7217,438878,0,geod_dist_to_target,20,14.446373386729844
33764.44,COL-min-ED,397,5342,438878,0,geod_dist_to_target,22,40.941668852424044
33764.44,COL-min-ED,397,7217,438878,0,geod_dist_to_target,24,14.446373386729844
33764.44,COL-min-ED,397,7217,438878,0,geod_dist_to_target,26,14.446373386729844
33764.44,COL-min-ED,397,7217,438878,0,geod_dist_to_target,28,14.446373386729844
33764.44,COL-min-ED,397,7217,438878,0,geod_dist_to_target,30,14.446373386729844
33764.44,COL-min-ED,397,7217,438878,0,geod_dist_to_target,32,14.446373386729844
33764.44,COL-min-ED,397,2049,438878,0,geod_dist_to_target,34,2.208456955446009
33764.44,COL-min-ED,397,2049,438878,0,geod_dist_to_target,36,2.208456955446009
33764.44,COL-min-ED,397,2049,438878,0,geod_dist_to_target,38,2.208456955446009
33764.44,COL-min-ED,397,128,438878,0,geod_dist_to_target,40,0.8067405351312805
33764.44,COL-min-ED,397,7297,438878,0,geod_dist_to_target,42,0.5673239166111407
33764.44,COL-min-ED,397,7322,438878,0,geod_dist_to_target,44,1.715945768102592
33764.44,COL-min-ED,397,128,438878,0,geod_dist_to_target,46,0.8067405351312805
33764.44,COL-min-ED,397,7322,438878,0,geod_dist_to_target,48,1.715945768102592
33764.44,COL-min-ED,397,7322,438878,0,geod_dist_to_target,50,1.715945768102592
33764.44,COL-min-ED,397,7322,438878,0,geod_dist_to_target,55,1.715945768102592
33764.44,COL-min-ED,397,7321,438878,0,geod_dist_to_target,60,1.3795693575734465
33764.44,COL-min-ED,397,7308,438878,0,geod_dist_to_target,65,0.4308840532721227
33764.44,COL-min-ED,397,128,438878,0,geod_dist_to_target,70,0.8067405351312805
33764.44,COL-min-ED,397,7297,438878,0,geod_dist_to_target,75,0.5673239166111407
33764.44,COL-min-ED,397,7297,438878,0,geod_dist_to_target,80,0.5673239166111407
33764.44,COL-min-ED,397,7297,438878,0,geod_dist_to_target,85,0.5673239166111407
33764.44,COL-min-ED,397,7297,438878,0,geod_dist_to_target,90,0.5673239166111407
33764.44,COL-min-ED,397,7297,438878,0,geod_dist_to_target,95,0.5673239166111407
33764.44,COL-min-ED,397,9967,438878,0,geod_dist_to_target,100,0.31516748911608633
33764.44,COL-min-ED,397,490,433015,0,geod_dist_to_target,5,6.585990313163623
33764.44,COL-min-ED,397,1512,433015,0,geod_dist_to_target,6,2.3454882461861164
33764.44,COL-min-ED,397,6827,433015,0,geod_dist_to_target,7,20.92875523576607
33764.44,COL-min-ED,397,7341,433015,0,geod_dist_to_target,8,5.6547567726541175
33764.44,COL-min-ED,397,7688,433015,0,geod_dist_to_target,9,9.59598046089439
33764.44,COL-min-ED,397,7688,433015,0,geod_dist_to_target,10,9.59598046089439
33764.44,COL-min-ED,397,7688,433015,0,geod_dist_to_target,11,9.59598046089439
33764.44,COL-min-ED,397,10686,433015,0,geod_dist_to_target,12,9.533214206142
33764.44,COL-min-ED,397,10686,433015,0,geod_dist_to_target,13,9.533214206142
33764.44,COL-min-ED,397,4117,433015,0,geod_dist_to_target,14,48.003192443327485
33764.44,COL-min-ED,397,211,433015,0,geod_dist_to_target,15,25.76735824890525
33764.44,COL-min-ED,397,211,433015,0,geod_dist_to_target,16,25.76735824890525
33764.44,COL-min-ED,397,1103,433015,0,geod_dist_to_target,17,1.362453161382825
33764.44,COL-min-ED,397,2105,433015,0,geod_dist_to_target,18,2.422963314045468
33764.44,COL-min-ED,397,3536,433015,0,geod_dist_to_target,19,3.5081601042306136
33764.44,COL-min-ED,397,3536,433015,0,geod_dist_to_target,20,3.5081601042306136
33764.44,COL-min-ED,397,11139,433015,0,geod_dist_to_target,22,5.186061233257726
33764.44,COL-min-ED,397,7154,433015,0,geod_dist_to_target,24,2.0113030673105974
33764.44,COL-min-ED,397,7154,433015,0,geod_dist_to_target,26,2.0113030673105974
33764.44,COL-min-ED,397,7154,433015,0,geod_dist_to_target,28,2.0113030673105974
33764.44,COL-min-ED,397,7154,433015,0,geod_dist_to_target,30,2.0113030673105974
33764.44,COL-min-ED,397,12067,433015,0,geod_dist_to_target,32,5.631996253145313
33764.44,COL-min-ED,397,12067,433015,0,geod_dist_to_target,34,5.631996253145313
33764.44,COL-min-ED,397,12067,433015,0,geod_dist_to_target,36,5.631996253145313
33764.44,COL-min-ED,397,12067,433015,0,geod_dist_to_target,38,5.631996253145313
33764.44,COL-min-ED,397,12067,433015,0,geod_dist_to_target,40,5.631996253145313
33764.44,COL-min-ED,397,12067,433015,0,geod_dist_to_target,42,5.631996253145313
33764.44,COL-min-ED,397,12067,433015,0,geod_dist_to_target,44,5.631996253145313
33764.44,COL-min-ED,397,12067,433015,0,geod_dist_to_target,46,5.631996253145313
33764.44,COL-min-ED,397,12067,433015,0,geod_dist_to_target,48,5.631996253145313
33764.44,COL-min-ED,397,12067,433015,0,geod_dist_to_target,50,5.631996253145313
33764.44,COL-min-ED,397,11135,433015,0,geod_dist_to_target,55,5.366105743528365
33764.44,COL-min-ED,397,12067,433015,0,geod_dist_to_target,60,5.631996253145313
33764.44,COL-min-ED,397,12067,433015,0,geod_dist_to_target,65,5.631996253145313
33764.44,COL-min-ED,397,11715,433015,0,geod_dist_to_target,70,3.2127338995261803
33764.44,COL-min-ED,397,7154,433015,0,geod_dist_to_target,75,2.0113030673105974
33764.44,COL-min-ED,397,7154,433015,0,geod_dist_to_target,80,2.0113030673105974
33764.44,COL-min-ED,397,11715,433015,0,geod_dist_to_target,85,3.2127338995261803
33764.44,COL-min-ED,397,7154,433015,0,geod_dist_to_target,90,2.0113030673105974
33764.44,COL-min-ED,397,7154,433015,0,geod_dist_to_target,95,2.0113030673105974
33764.44,COL-min-ED,397,7139,433015,0,geod_dist_to_target,100,0.2016504061378217
33764.44,COL-min-ED,397,6817,858597,0,geod_dist_to_target,5,7.241246683366602
33764.44,COL-min-ED,397,6817,858597,0,geod_dist_to_target,6,7.241246683366602
33764.44,COL-min-ED,397,7117,858597,0,geod_dist_to_target,7,1.0645707065278656
33764.44,COL-min-ED,397,7117,858597,0,geod_dist_to_target,8,1.0645707065278656
33764.44,COL-min-ED,397,7131,858597,0,geod_dist_to_target,9,0.6167848007875151
33764.44,COL-min-ED,397,4494,858597,0,geod_dist_to_target,10,22.700677578596867
33764.44,COL-min-ED,397,2705,858597,0,geod_dist_to_target,11,46.562354899579326
33764.44,COL-min-ED,397,4100,858597,0,geod_dist_to_target,12,46.186149287497095
33764.44,COL-min-ED,397,4100,858597,0,geod_dist_to_target,13,46.186149287497095
33764.44,COL-min-ED,397,4100,858597,0,geod_dist_to_target,14,46.186149287497095
33764.44,COL-min-ED,397,5682,858597,0,geod_dist_to_target,15,13.895509401488388
33764.44,COL-min-ED,397,6858,858597,0,geod_dist_to_target,16,12.232905803241005
33764.44,COL-min-ED,397,6962,858597,0,geod_dist_to_target,17,0.9395444059483343
33764.44,COL-min-ED,397,6953,858597,0,geod_dist_to_target,18,0.7017060632010518
33764.44,COL-min-ED,397,7658,858597,0,geod_dist_to_target,19,6.985532909420818
33764.44,COL-min-ED,397,7658,858597,0,geod_dist_to_target,20,6.985532909420818
33764.44,COL-min-ED,397,10276,858597,0,geod_dist_to_target,22,1.4829840067939084
33764.44,COL-min-ED,397,7146,858597,0,geod_dist_to_target,24,1.2963527005078648
33764.44,COL-min-ED,397,7146,858597,0,geod_dist_to_target,26,1.2963527005078648
33764.44,COL-min-ED,397,7146,858597,0,geod_dist_to_target,28,1.2963527005078648
33764.44,COL-min-ED,397,7146,858597,0,geod_dist_to_target,30,1.2963527005078648
33764.44,COL-min-ED,397,6445,858597,0,geod_dist_to_target,32,6.06643707989137
33764.44,COL-min-ED,397,2612,858597,0,geod_dist_to_target,34,5.831996365808014
33764.44,COL-min-ED,397,6445,858597,0,geod_dist_to_target,36,6.06643707989137
33764.44,COL-min-ED,397,7146,858597,0,geod_dist_to_target,38,1.2963527005078648
33764.44,COL-min-ED,397,6962,858597,0,geod_dist_to_target,40,0.9395444059483343
33764.44,COL-min-ED,397,7146,858597,0,geod_dist_to_target,42,1.2963527005078648
33764.44,COL-min-ED,397,7146,858597,0,geod_dist_to_target,44,1.2963527005078648
33764.44,COL-min-ED,397,7146,858597,0,geod_dist_to_target,46,1.2963527005078648
33764.44,COL-min-ED,397,7146,858597,0,geod_dist_to_target,48,1.2963527005078648
33764.44,COL-min-ED,397,7146,858597,0,geod_dist_to_target,50,1.2963527005078648
33764.44,COL-min-ED,397,7146,858597,0,geod_dist_to_target,55,1.2963527005078648
33764.44,COL-min-ED,397,7146,858597,0,geod_dist_to_target,60,1.2963527005078648
33764.44,COL-min-ED,397,539,858597,0,geod_dist_to_target,65,0.38802320100673754
33764.44,COL-min-ED,397,539,858597,0,geod_dist_to_target,70,0.38802320100673754
33764.44,COL-min-ED,397,397,858597,0,geod_dist_to_target,75,0.0
33764.44,COL-min-ED,397,397,858597,0,geod_dist_to_target,80,0.0
33764.44,COL-min-ED,397,397,858597,0,geod_dist_to_target,85,0.0
33764.44,COL-min-ED,397,397,858597,0,geod_dist_to_target,90,0.0
33764.44,COL-min-ED,397,10355,858597,0,geod_dist_to_target,95,2.386924937642826
33764.44,COL-min-ED,397,10355,858597,0,geod_dist_to_target,100,2.386924937642826
33764.44,COL-min-ED,397,7388,85945,0,geod_dist_to_target,5,22.354973371796785
33764.44,COL-min-ED,397,252,85945,0,geod_dist_to_target,6,9.567767130023235
33764.44,COL-min-ED,397,2308,85945,0,geod_dist_to_target,7,3.002323404656621
33764.44,COL-min-ED,397,7106,85945,0,geod_dist_to_target,8,2.2890436586847502
33764.44,COL-min-ED,397,7106,85945,0,geod_dist_to_target,9,2.2890436586847502
33764.44,COL-min-ED,397,7129,85945,0,geod_dist_to_target,10,1.490512303557231
33764.44,COL-min-ED,397,7129,85945,0,geod_dist_to_target,11,1.490512303557231
33764.44,COL-min-ED,397,11999,85945,0,geod_dist_to_target,12,6.169168280986388
33764.44,COL-min-ED,397,11999,85945,0,geod_dist_to_target,13,6.169168280986388
33764.44,COL-min-ED,397,5872,85945,0,geod_dist_to_target,14,2.5715475108677333
33764.44,COL-min-ED,397,4501,85945,0,geod_dist_to_target,15,3.969842637457441
33764.44,COL-min-ED,397,4501,85945,0,geod_dist_to_target,16,3.969842637457441
33764.44,COL-min-ED,397,11999,85945,0,geod_dist_to_target,17,6.169168280986388
33764.44,COL-min-ED,397,11999,85945,0,geod_dist_to_target,18,6.169168280986388
33764.44,COL-min-ED,397,6797,85945,0,geod_dist_to_target,19,6.680005717082703
33764.44,COL-min-ED,397,6797,85945,0,geod_dist_to_target,20,6.680005717082703
33764.44,COL-min-ED,397,11840,85945,0,geod_dist_to_target,22,10.73986970045087
33764.44,COL-min-ED,397,11840,85945,0,geod_dist_to_target,24,10.73986970045087
33764.44,COL-min-ED,397,11999,85945,0,geod_dist_to_target,26,6.169168280986388
33764.44,COL-min-ED,397,11840,85945,0,geod_dist_to_target,28,10.73986970045087
33764.44,COL-min-ED,397,11999,85945,0,geod_dist_to_target,30,6.169168280986388
33764.44,COL-min-ED,397,11999,85945,0,geod_dist_to_target,32,6.169168280986388
33764.44,COL-min-ED,397,11999,85945,0,geod_dist_to_target,34,6.169168280986388
33764.44,COL-min-ED,397,3709,85945,0,geod_dist_to_target,36,9.308934090250116
33764.44,COL-min-ED,397,2707,85945,0,geod_dist_to_target,38,7.299653846066495
33764.44,COL-min-ED,397,2707,85945,0,geod_dist_to_target,40,7.299653846066495
33764.44,COL-min-ED,397,2707,85945,0,geod_dist_to_target,42,7.299653846066495
33764.44,COL-min-ED,397,2707,85945,0,geod_dist_to_target,44,7.299653846066495
33764.44,COL-min-ED,397,11999,85945,0,geod_dist_to_target,46,6.169168280986388
33764.44,COL-min-ED,397,3263,85945,0,geod_dist_to_target,48,6.422208274220114
33764.44,COL-min-ED,397,3263,85945,0,geod_dist_to_target,50,6.422208274220114
33764.44,COL-min-ED,397,10717,85945,0,geod_dist_to_target,55,4.749669070609379
33764.44,COL-min-ED,397,3263,85945,0,geod_dist_to_target,60,6.422208274220114
33764.44,COL-min-ED,397,97,85945,0,geod_dist_to_target,65,6.053337063063698
33764.44,COL-min-ED,397,5205,85945,0,geod_dist_to_target,70,7.484234283972462
33764.44,COL-min-ED,397,6493,85945,0,geod_dist_to_target,75,6.477418417447602
33764.44,COL-min-ED,397,7147,85945,0,geod_dist_to_target,80,0.7957785580363
33764.44,COL-min-ED,397,2839,85945,0,geod_dist_to_target,85,1.1587807197228432
33764.44,COL-min-ED,397,7154,85945,0,geod_dist_to_target,90,2.0113030673105974
33764.44,COL-min-ED,397,7154,85945,0,geod_dist_to_target,95,2.0113030673105974
33764.44,COL-min-ED,397,7154,85945,0,geod_dist_to_target,100,2.0113030673105974
33764.44,COL-min-ED,397,6627,697368,0,geod_dist_to_target,5,20.42506950027736
33764.44,COL-min-ED,397,11910,697368,0,geod_dist_to_target,6,29.29504794358132
33764.44,COL-min-ED,397,11303,697368,0,geod_dist_to_target,7,6.450311418211787
33764.44,COL-min-ED,397,11303,697368,0,geod_dist_to_target,8,6.450311418211787
33764.44,COL-min-ED,397,11303,697368,0,geod_dist_to_target,9,6.450311418211787
33764.44,COL-min-ED,397,7197,697368,0,geod_dist_to_target,10,10.013853367541605
33764.44,COL-min-ED,397,7547,697368,0,geod_dist_to_target,11,10.108060006848826
33764.44,COL-min-ED,397,7197,697368,0,geod_dist_to_target,12,10.013853367541605
33764.44,COL-min-ED,397,7197,697368,0,geod_dist_to_target,13,10.013853367541605
33764.44,COL-min-ED,397,7197,697368,0,geod_dist_to_target,14,10.013853367541605
33764.44,COL-min-ED,397,7328,697368,0,geod_dist_to_target,15,2.5608304430029976
33764.44,COL-min-ED,397,7328,697368,0,geod_dist_to_target,16,2.5608304430029976
33764.44,COL-min-ED,397,7328,697368,0,geod_dist_to_target,17,2.5608304430029976
33764.44,COL-min-ED,397,7328,697368,0,geod_dist_to_target,18,2.5608304430029976
33764.44,COL-min-ED,397,7197,697368,0,geod_dist_to_target,19,10.013853367541605
33764.44,COL-min-ED,397,7197,697368,0,geod_dist_to_target,20,10.013853367541605
33764.44,COL-min-ED,397,945,697368,0,geod_dist_to_target,22,10.051448686851279
33764.44,COL-min-ED,397,7212,697368,0,geod_dist_to_target,24,10.421516558794677
33764.44,COL-min-ED,397,6991,697368,0,geod_dist_to_target,26,7.863623149702042
33764.44,COL-min-ED,397,6991,697368,0,geod_dist_to_target,28,7.863623149702042
33764.44,COL-min-ED,397,6991,697368,0,geod_dist_to_target,30,7.863623149702042
33764.44,COL-min-ED,397,7212,697368,0,geod_dist_to_target,32,10.421516558794677
33764.44,COL-min-ED,397,7212,697368,0,geod_dist_to_target,34,10.421516558794677
33764.44,COL-min-ED,397,945,697368,0,geod_dist_to_target,36,10.051448686851279
33764.44,COL-min-ED,397,7321,697368,0,geod_dist_to_target,38,1.3795693575734465
33764.44,COL-min-ED,397,7321,697368,0,geod_dist_to_target,40,1.3795693575734465
33764.44,COL-min-ED,397,7321,697368,0,geod_dist_to_target,42,1.3795693575734465
33764.44,COL-min-ED,397,7321,697368,0,geod_dist_to_target,44,1.3795693575734465
33764.44,COL-min-ED,397,7321,697368,0,geod_dist_to_target,46,1.3795693575734465
33764.44,COL-min-ED,397,7321,697368,0,geod_dist_to_target,48,1.3795693575734465
33764.44,COL-min-ED,397,7321,697368,0,geod_dist_to_target,50,1.3795693575734465
33764.44,COL-min-ED,397,7321,697368,0,geod_dist_to_target,55,1.3795693575734465
33764.44,COL-min-ED,397,7321,697368,0,geod_dist_to_target,60,1.3795693575734465
33764.44,COL-min-ED,397,7321,697368,0,geod_dist_to_target,65,1.3795693575734465
33764.44,COL-min-ED,397,7321,697368,0,geod_dist_to_target,70,1.3795693575734465
33764.44,COL-min-ED,397,7321,697368,0,geod_dist_to_target,75,1.3795693575734465
33764.44,COL-min-ED,397,7321,697368,0,geod_dist_to_target,80,1.3795693575734465
33764.44,COL-min-ED,397,7321,697368,0,geod_dist_to_target,85,1.3795693575734465
33764.44,COL-min-ED,397,7321,697368,0,geod_dist_to_target,90,1.3795693575734465
33764.44,COL-min-ED,397,53,697368,0,geod_dist_to_target,95,0.9173818524657898
33764.44,COL-min-ED,397,7308,697368,0,geod_dist_to_target,100,0.4308840532721227
33764.44,COL-min-ED,397,7619,201469,0,geod_dist_to_target,5,25.40562884022199
33764.44,COL-min-ED,397,6868,201469,0,geod_dist_to_target,6,23.515208702493755
33764.44,COL-min-ED,397,2007,201469,0,geod_dist_to_target,7,20.567094569474065
33764.44,COL-min-ED,397,5593,201469,0,geod_dist_to_target,8,19.90595797762337
33764.44,COL-min-ED,397,5593,201469,0,geod_dist_to_target,9,19.90595797762337
33764.44,COL-min-ED,397,2007,201469,0,geod_dist_to_target,10,20.567094569474065
33764.44,COL-min-ED,397,2007,201469,0,geod_dist_to_target,11,20.567094569474065
33764.44,COL-min-ED,397,1237,201469,0,geod_dist_to_target,12,7.28550696598345
33764.44,COL-min-ED,397,1237,201469,0,geod_dist_to_target,13,7.28550696598345
33764.44,COL-min-ED,397,1237,201469,0,geod_dist_to_target,14,7.28550696598345
33764.44,COL-min-ED,397,9967,201469,0,geod_dist_to_target,15,0.31516748911608633
33764.44,COL-min-ED,397,9967,201469,0,geod_dist_to_target,16,0.31516748911608633
33764.44,COL-min-ED,397,618,201469,0,geod_dist_to_target,17,4.06735061633974
33764.44,COL-min-ED,397,618,201469,0,geod_dist_to_target,18,4.06735061633974
33764.44,COL-min-ED,397,6951,201469,0,geod_dist_to_target,19,1.4170568960083465
33764.44,COL-min-ED,397,6951,201469,0,geod_dist_to_target,20,1.4170568960083465
33764.44,COL-min-ED,397,6951,201469,0,geod_dist_to_target,22,1.4170568960083465
33764.44,COL-min-ED,397,1416,201469,0,geod_dist_to_target,24,0.351149464224456
33764.44,COL-min-ED,397,1416,201469,0,geod_dist_to_target,26,0.351149464224456
33764.44,COL-min-ED,397,1416,201469,0,geod_dist_to_target,28,0.351149464224456
33764.44,COL-min-ED,397,1416,201469,0,geod_dist_to_target,30,0.351149464224456
33764.44,COL-min-ED,397,1416,201469,0,geod_dist_to_target,32,0.351149464224456
33764.44,COL-min-ED,397,1416,201469,0,geod_dist_to_target,34,0.351149464224456
33764.44,COL-min-ED,397,1416,201469,0,geod_dist_to_target,36,0.351149464224456
33764.44,COL-min-ED,397,1416,201469,0,geod_dist_to_target,38,0.351149464224456
33764.44,COL-min-ED,397,6953,201469,0,geod_dist_to_target,40,0.7017060632010518
33764.44,COL-min-ED,397,6953,201469,0,geod_dist_to_target,42,0.7017060632010518
33764.44,COL-min-ED,397,1416,201469,0,geod_dist_to_target,44,0.351149464224456
33764.44,COL-min-ED,397,6953,201469,0,geod_dist_to_target,46,0.7017060632010518
33764.44,COL-min-ED,397,6953,201469,0,geod_dist_to_target,48,0.7017060632010518
33764.44,COL-min-ED,397,6953,201469,0,geod_dist_to_target,50,0.7017060632010518
33764.44,COL-min-ED,397,6953,201469,0,geod_dist_to_target,55,0.7017060632010518
33764.44,COL-min-ED,397,6954,201469,0,geod_dist_to_target,60,0.5369293938455116
33764.44,COL-min-ED,397,6954,201469,0,geod_dist_to_target,65,0.5369293938455116
33764.44,COL-min-ED,397,6954,201469,0,geod_dist_to_target,70,0.5369293938455116
33764.44,COL-min-ED,397,6954,201469,0,geod_dist_to_target,75,0.5369293938455116
33764.44,COL-min-ED,397,6954,201469,0,geod_dist_to_target,80,0.5369293938455116
33764.44,COL-min-ED,397,7154,201469,0,geod_dist_to_target,85,2.0113030673105974
33764.44,COL-min-ED,397,7154,201469,0,geod_dist_to_target,90,2.0113030673105974
33764.44,COL-min-ED,397,7154,201469,0,geod_dist_to_target,95,2.0113030673105974
33764.44,COL-min-ED,397,7154,201469,0,geod_dist_to_target,100,2.0113030673105974
33764.44,COL-min-ED,397,2669,94177,0,geod_dist_to_target,5,24.85408696409986
33764.44,COL-min-ED,397,11676,94177,0,geod_dist_to_target,6,1.786134437191486
33764.44,COL-min-ED,397,4501,94177,0,geod_dist_to_target,7,3.969842637457441
33764.44,COL-min-ED,397,4501,94177,0,geod_dist_to_target,8,3.969842637457441
33764.44,COL-min-ED,397,4501,94177,0,geod_dist_to_target,9,3.969842637457441
33764.44,COL-min-ED,397,4501,94177,0,geod_dist_to_target,10,3.969842637457441
33764.44,COL-min-ED,397,4501,94177,0,geod_dist_to_target,11,3.969842637457441
33764.44,COL-min-ED,397,618,94177,0,geod_dist_to_target,12,4.06735061633974
33764.44,COL-min-ED,397,618,94177,0,geod_dist_to_target,13,4.06735061633974
33764.44,COL-min-ED,397,618,94177,0,geod_dist_to_target,14,4.06735061633974
33764.44,COL-min-ED,397,618,94177,0,geod_dist_to_target,15,4.06735061633974
33764.44,COL-min-ED,397,618,94177,0,geod_dist_to_target,16,4.06735061633974
33764.44,COL-min-ED,397,618,94177,0,geod_dist_to_target,17,4.06735061633974
33764.44,COL-min-ED,397,618,94177,0,geod_dist_to_target,18,4.06735061633974
33764.44,COL-min-ED,397,618,94177,0,geod_dist_to_target,19,4.06735061633974
33764.44,COL-min-ED,397,618,94177,0,geod_dist_to_target,20,4.06735061633974
33764.44,COL-min-ED,397,5872,94177,0,geod_dist_to_target,22,2.5715475108677333
33764.44,COL-min-ED,397,618,94177,0,geod_dist_to_target,24,4.06735061633974
33764.44,COL-min-ED,397,618,94177,0,geod_dist_to_target,26,4.06735061633974
33764.44,COL-min-ED,397,618,94177,0,geod_dist_to_target,28,4.06735061633974
33764.44,COL-min-ED,397,618,94177,0,geod_dist_to_target,30,4.06735061633974
33764.44,COL-min-ED,397,618,94177,0,geod_dist_to_target,32,4.06735061633974
33764.44,COL-min-ED,397,618,94177,0,geod_dist_to_target,34,4.06735061633974
33764.44,COL-min-ED,397,618,94177,0,geod_dist_to_target,36,4.06735061633974
33764.44,COL-min-ED,397,618,94177,0,geod_dist_to_target,38,4.06735061633974
33764.44,COL-min-ED,397,618,94177,0,geod_dist_to_target,40,4.06735061633974
33764.44,COL-min-ED,397,618,94177,0,geod_dist_to_target,42,4.06735061633974
33764.44,COL-min-ED,397,618,94177,0,geod_dist_to_target,44,4.06735061633974
33764.44,COL-min-ED,397,618,94177,0,geod_dist_to_target,46,4.06735061633974
33764.44,COL-min-ED,397,618,94177,0,geod_dist_to_target,48,4.06735061633974
33764.44,COL-min-ED,397,618,94177,0,geod_dist_to_target,50,4.06735061633974
33764.44,COL-min-ED,397,618,94177,0,geod_dist_to_target,55,4.06735061633974
33764.44,COL-min-ED,397,618,94177,0,geod_dist_to_target,60,4.06735061633974
33764.44,COL-min-ED,397,6951,94177,0,geod_dist_to_target,65,1.4170568960083465
33764.44,COL-min-ED,397,6951,94177,0,geod_dist_to_target,70,1.4170568960083465
33764.44,COL-min-ED,397,4512,94177,0,geod_dist_to_target,75,0.7844783127633351
33764.44,COL-min-ED,397,6951,94177,0,geod_dist_to_target,80,1.4170568960083465
33764.44,COL-min-ED,397,6951,94177,0,geod_dist_to_target,85,1.4170568960083465
33764.44,COL-min-ED,397,4512,94177,0,geod_dist_to_target,90,0.7844783127633351
33764.44,COL-min-ED,397,4512,94177,0,geod_dist_to_target,95,0.7844783127633351
33764.44,COL-min-ED,397,4512,94177,0,geod_dist_to_target,100,0.7844783127633351
33764.44,KDPP,397,11609,89250,0,geod_dist_to_target,5,20.945118361071696
33764.44,KDPP,397,9406,89250,0,geod_dist_to_target,6,9.183437153551415
33764.44,KDPP,397,7458,89250,0,geod_dist_to_target,7,1.7287573494738266
33764.44,KDPP,397,7321,89250,0,geod_dist_to_target,8,1.3795693575734465
33764.44,KDPP,397,7310,89250,0,geod_dist_to_target,9,0.6633170880691671
33764.44,KDPP,397,7458,89250,0,geod_dist_to_target,10,1.7287573494738266
33764.44,KDPP,397,7458,89250,0,geod_dist_to_target,11,1.7287573494738266
33764.44,KDPP,397,1722,89250,0,geod_dist_to_target,12,19.711613012781644
33764.44,KDPP,397,7321,89250,0,geod_dist_to_target,13,1.3795693575734465
33764.44,KDPP,397,7321,89250,0,geod_dist_to_target,14,1.3795693575734465
33764.44,KDPP,397,7310,89250,0,geod_dist_to_target,15,0.6633170880691671
33764.44,KDPP,397,7321,89250,0,geod_dist_to_target,16,1.3795693575734465
33764.44,KDPP,397,7321,89250,0,geod_dist_to_target,17,1.3795693575734465
33764.44,KDPP,397,7310,89250,0,geod_dist_to_target,18,0.6633170880691671
33764.44,KDPP,397,7310,89250,0,geod_dist_to_target,19,0.6633170880691671
33764.44,KDPP,397,7310,89250,0,geod_dist_to_target,20,0.6633170880691671
33764.44,KDPP,397,128,89250,0,geod_dist_to_target,22,0.8067405351312805
33764.44,KDPP,397,7310,89250,0,geod_dist_to_target,24,0.6633170880691671
33764.44,KDPP,397,7310,89250,0,geod_dist_to_target,26,0.6633170880691671
33764.44,KDPP,397,7310,89250,0,geod_dist_to_target,28,0.6633170880691671
33764.44,KDPP,397,7310,89250,0,geod_dist_to_target,30,0.6633170880691671
33764.44,KDPP,397,7310,89250,0,geod_dist_to_target,32,0.6633170880691671
33764.44,KDPP,397,7320,89250,0,geod_dist_to_target,34,0.8244644267609091
33764.44,KDPP,397,7320,89250,0,geod_dist_to_target,36,0.8244644267609091
33764.44,KDPP,397,7309,89250,0,geod_dist_to_target,38,0.38037803191489017
33764.44,KDPP,397,7309,89250,0,geod_dist_to_target,40,0.38037803191489017
33764.44,KDPP,397,53,89250,0,geod_dist_to_target,42,0.9173818524657898
33764.44,KDPP,397,53,89250,0,geod_dist_to_target,44,0.9173818524657898
33764.44,KDPP,397,53,89250,0,geod_dist_to_target,46,0.9173818524657898
33764.44,KDPP,397,53,89250,0,geod_dist_to_target,48,0.9173818524657898
33764.44,KDPP,397,7308,89250,0,geod_dist_to_target,50,0.4308840532721227
33764.44,KDPP,397,7308,89250,0,geod_dist_to_target,55,0.4308840532721227
33764.44,KDPP,397,7308,89250,0,geod_dist_to_target,60,0.4308840532721227
33764.44,KDPP,397,7308,89250,0,geod_dist_to_target,65,0.4308840532721227
33764.44,KDPP,397,7308,89250,0,geod_dist_to_target,70,0.4308840532721227
33764.44,KDPP,397,397,89250,0,geod_dist_to_target,75,0.0
33764.44,KDPP,397,397,89250,0,geod_dist_to_target,80,0.0
33764.44,KDPP,397,397,89250,0,geod_dist_to_target,85,0.0
33764.44,KDPP,397,397,89250,0,geod_dist_to_target,90,0.0
33764.44,KDPP,397,397,89250,0,geod_dist_to_target,95,0.0
33764.44,KDPP,397,7308,89250,0,geod_dist_to_target,100,0.4308840532721227
33764.44,KDPP,397,12081,773956,0,geod_dist_to_target,5,14.974757683439437
33764.44,KDPP,397,12081,773956,0,geod_dist_to_target,6,14.974757683439437
33764.44,KDPP,397,6623,773956,0,geod_dist_to_target,7,16.086507542899493
33764.44,KDPP,397,6772,773956,0,geod_dist_to_target,8,13.655293256670225
33764.44,KDPP,397,2924,773956,0,geod_dist_to_target,9,1.1796843833734636
33764.44,KDPP,397,7458,773956,0,geod_dist_to_target,10,1.7287573494738266
33764.44,KDPP,397,11482,773956,0,geod_dist_to_target,11,1.6395136926083536
33764.44,KDPP,397,11482,773956,0,geod_dist_to_target,12,1.6395136926083536
33764.44,KDPP,397,11482,773956,0,geod_dist_to_target,13,1.6395136926083536
33764.44,KDPP,397,11482,773956,0,geod_dist_to_target,14,1.6395136926083536
33764.44,KDPP,397,11482,773956,0,geod_dist_to_target,15,1.6395136926083536
33764.44,KDPP,397,11482,773956,0,geod_dist_to_target,16,1.6395136926083536
33764.44,KDPP,397,11482,773956,0,geod_dist_to_target,17,1.6395136926083536
33764.44,KDPP,397,10762,773956,0,geod_dist_to_target,18,1.016774986961489
33764.44,KDPP,397,10762,773956,0,geod_dist_to_target,19,1.016774986961489
33764.44,KDPP,397,10762,773956,0,geod_dist_to_target,20,1.016774986961489
33764.44,KDPP,397,10762,773956,0,geod_dist_to_target,22,1.016774986961489
33764.44,KDPP,397,9967,773956,0,geod_dist_to_target,24,0.31516748911608633
33764.44,KDPP,397,9967,773956,0,geod_dist_to_target,26,0.31516748911608633
33764.44,KDPP,397,9967,773956,0,geod_dist_to_target,28,0.31516748911608633
33764.44,KDPP,397,9967,773956,0,geod_dist_to_target,30,0.31516748911608633
33764.44,KDPP,397,9967,773956,0,geod_dist_to_target,32,0.31516748911608633
33764.44,KDPP,397,9967,773956,0,geod_dist_to_target,34,0.31516748911608633
33764.44,KDPP,397,9967,773956,0,geod_dist_to_target,36,0.31516748911608633
33764.44,KDPP,397,9967,773956,0,geod_dist_to_target,38,0.31516748911608633
33764.44,KDPP,397,9967,773956,0,geod_dist_to_target,40,0.31516748911608633
33764.44,KDPP,397,9967,773956,0,geod_dist_to_target,42,0.31516748911608633
33764.44,KDPP,397,9967,773956,0,geod_dist_to_target,44,0.31516748911608633
33764.44,KDPP,397,9967,773956,0,geod_dist_to_target,46,0.31516748911608633
33764.44,KDPP,397,9967,773956,0,geod_dist_to_target,48,0.31516748911608633
33764.44,KDPP,397,9967,773956,0,geod_dist_to_target,50,0.31516748911608633
33764.44,KDPP,397,9967,773956,0,geod_dist_to_target,55,0.31516748911608633
33764.44,KDPP,397,1416,773956,0,geod_dist_to_target,60,0.351149464224456
33764.44,KDPP,397,1416,773956,0,geod_dist_to_target,65,0.351149464224456
33764.44,KDPP,397,1416,773956,0,geod_dist_to_target,70,0.351149464224456
33764.44,KDPP,397,1416,773956,0,geod_dist_to_target,75,0.351149464224456
33764.44,KDPP,397,1416,773956,0,geod_dist_to_target,80,0.351149464224456
33764.44,KDPP,397,1416,773956,0,geod_dist_to_target,85,0.351149464224456
33764.44,KDPP,397,1416,773956,0,geod_dist_to_target,90,0.351149464224456
33764.44,KDPP,397,1416,773956,0,geod_dist_to_target,95,0.351149464224456
33764.44,KDPP,397,397,773956,0,geod_dist_to_target,100,0.0
33764.44,KDPP,397,221,654571,0,geod_dist_to_target,5,33.68670192554483
33764.44,KDPP,397,1012,654571,0,geod_dist_to_target,6,4.8203941793520615
33764.44,KDPP,397,11639,654571,0,geod_dist_to_target,7,3.711907887796992
33764.44,KDPP,397,2707,654571,0,geod_dist_to_target,8,7.299653846066495
33764.44,KDPP,397,2105,654571,0,geod_dist_to_target,9,2.422963314045468
33764.44,KDPP,397,2105,654571,0,geod_dist_to_target,10,2.422963314045468
33764.44,KDPP,397,6442,654571,0,geod_dist_to_target,11,5.8858727686320185
33764.44,KDPP,397,2105,654571,0,geod_dist_to_target,12,2.422963314045468
33764.44,KDPP,397,6442,654571,0,geod_dist_to_target,13,5.8858727686320185
33764.44,KDPP,397,10870,654571,0,geod_dist_to_target,14,5.247585917480245
33764.44,KDPP,397,2105,654571,0,geod_dist_to_target,15,2.422963314045468
33764.44,KDPP,397,2105,654571,0,geod_dist_to_target,16,2.422963314045468
33764.44,KDPP,397,2105,654571,0,geod_dist_to_target,17,2.422963314045468
33764.44,KDPP,397,2105,654571,0,geod_dist_to_target,18,2.422963314045468
33764.44,KDPP,397,2105,654571,0,geod_dist_to_target,19,2.422963314045468
33764.44,KDPP,397,2105,654571,0,geod_dist_to_target,20,2.422963314045468
33764.44,KDPP,397,2105,654571,0,geod_dist_to_target,22,2.422963314045468
33764.44,KDPP,397,10355,654571,0,geod_dist_to_target,24,2.386924937642826
33764.44,KDPP,397,10355,654571,0,geod_dist_to_target,26,2.386924937642826
33764.44,KDPP,397,10355,654571,0,geod_dist_to_target,28,2.386924937642826
33764.44,KDPP,397,397,654571,0,geod_dist_to_target,30,0.0
33764.44,KDPP,397,397,654571,0,geod_dist_to_target,32,0.0
33764.44,KDPP,397,9967,654571,0,geod_dist_to_target,34,0.31516748911608633
33764.44,KDPP,397,9967,654571,0,geod_dist_to_target,36,0.31516748911608633
33764.44,KDPP,397,397,654571,0,geod_dist_to_target,38,0.0
33764.44,KDPP,397,397,654571,0,geod_dist_to_target,40,0.0
33764.44,KDPP,397,397,654571,0,geod_dist_to_target,42,0.0
33764.44,KDPP,397,397,654571,0,geod_dist_to_target,44,0.0
33764.44,KDPP,397,397,654571,0,geod_dist_to_target,46,0.0
33764.44,KDPP,397,397,654571,0,geod_dist_to_target,48,0.0
33764.44,KDPP,397,397,654571,0,geod_dist_to_target,50,0.0
33764.44,KDPP,397,397,654571,0,geod_dist_to_target,55,0.0
33764.44,KDPP,397,397,654571,0,geod_dist_to_target,60,0.0
33764.44,KDPP,397,397,654571,0,geod_dist_to_target,65,0.0
33764.44,KDPP,397,397,654571,0,geod_dist_to_target,70,0.0
33764.44,KDPP,397,397,654571,0,geod_dist_to_target,75,0.0
33764.44,KDPP,397,397,654571,0,geod_dist_to_target,80,0.0
33764.44,KDPP,397,397,654571,0,geod_dist_to_target,85,0.0
33764.44,KDPP,397,397,654571,0,geod_dist_to_target,90,0.0
33764.44,KDPP,397,397,654571,0,geod_dist_to_target,95,0.0
33764.44,KDPP,397,397,654571,0,geod_dist_to_target,100,0.0
33764.44,KDPP,397,9429,438878,0,geod_dist_to_target,5,19.90291989466689
33764.44,KDPP,397,4685,438878,0,geod_dist_to_target,6,19.54090633140252
33764.44,KDPP,397,4685,438878,0,geod_dist_to_target,7,19.54090633140252
33764.44,KDPP,397,2434,438878,0,geod_dist_to_target,8,8.360997709220138
33764.44,KDPP,397,6951,438878,0,geod_dist_to_target,9,1.4170568960083465
33764.44,KDPP,397,2049,438878,0,geod_dist_to_target,10,2.208456955446009
33764.44,KDPP,397,2049,438878,0,geod_dist_to_target,11,2.208456955446009
33764.44,KDPP,397,2049,438878,0,geod_dist_to_target,12,2.208456955446009
33764.44,KDPP,397,2049,438878,0,geod_dist_to_target,13,2.208456955446009
33764.44,KDPP,397,2049,438878,0,geod_dist_to_target,14,2.208456955446009
33764.44,KDPP,397,2049,438878,0,geod_dist_to_target,15,2.208456955446009
33764.44,KDPP,397,2049,438878,0,geod_dist_to_target,16,2.208456955446009
33764.44,KDPP,397,2049,438878,0,geod_dist_to_target,17,2.208456955446009
33764.44,KDPP,397,2049,438878,0,geod_dist_to_target,18,2.208456955446009
33764.44,KDPP,397,9669,438878,0,geod_dist_to_target,19,1.6244055937733262
33764.44,KDPP,397,7139,438878,0,geod_dist_to_target,20,0.2016504061378217
33764.44,KDPP,397,397,438878,0,geod_dist_to_target,22,0.0
33764.44,KDPP,397,397,438878,0,geod_dist_to_target,24,0.0
33764.44,KDPP,397,397,438878,0,geod_dist_to_target,26,0.0
33764.44,KDPP,397,7139,438878,0,geod_dist_to_target,28,0.2016504061378217
33764.44,KDPP,397,7139,438878,0,geod_dist_to_target,30,0.2016504061378217
33764.44,KDPP,397,7139,438878,0,geod_dist_to_target,32,0.2016504061378217
33764.44,KDPP,397,397,438878,0,geod_dist_to_target,34,0.0
33764.44,KDPP,397,397,438878,0,geod_dist_to_target,36,0.0
33764.44,KDPP,397,397,438878,0,geod_dist_to_target,38,0.0
33764.44,KDPP,397,7308,438878,0,geod_dist_to_target,40,0.4308840532721227
33764.44,KDPP,397,7308,438878,0,geod_dist_to_target,42,0.4308840532721227
33764.44,KDPP,397,7297,438878,0,geod_dist_to_target,44,0.5673239166111407
33764.44,KDPP,397,7297,438878,0,geod_dist_to_target,46,0.5673239166111407
33764.44,KDPP,397,7297,438878,0,geod_dist_to_target,48,0.5673239166111407
33764.44,KDPP,397,7297,438878,0,geod_dist_to_target,50,0.5673239166111407
33764.44,KDPP,397,10355,438878,0,geod_dist_to_target,55,2.386924937642826
33764.44,KDPP,397,10355,438878,0,geod_dist_to_target,60,2.386924937642826
33764.44,KDPP,397,10355,438878,0,geod_dist_to_target,65,2.386924937642826
33764.44,KDPP,397,7308,438878,0,geod_dist_to_target,70,0.4308840532721227
33764.44,KDPP,397,7308,438878,0,geod_dist_to_target,75,0.4308840532721227
33764.44,KDPP,397,7308,438878,0,geod_dist_to_target,80,0.4308840532721227
33764.44,KDPP,397,7297,438878,0,geod_dist_to_target,85,0.5673239166111407
33764.44,KDPP,397,7297,438878,0,geod_dist_to_target,90,0.5673239166111407
33764.44,KDPP,397,7297,438878,0,geod_dist_to_target,95,0.5673239166111407
33764.44,KDPP,397,7297,438878,0,geod_dist_to_target,100,0.5673239166111407
33764.44,KDPP,397,1090,433015,0,geod_dist_to_target,5,28.33325870516001
33764.44,KDPP,397,4663,433015,0,geod_dist_to_target,6,10.017466716035734
33764.44,KDPP,397,11896,433015,0,geod_dist_to_target,7,24.058992543100164
33764.44,KDPP,397,11896,433015,0,geod_dist_to_target,8,24.058992543100164
33764.44,KDPP,397,7773,433015,0,geod_dist_to_target,9,22.309934503742756
33764.44,KDPP,397,4028,433015,0,geod_dist_to_target,10,8.201781458470672
33764.44,KDPP,397,2631,433015,0,geod_dist_to_target,11,28.812088920164438
33764.44,KDPP,397,2631,433015,0,geod_dist_to_target,12,28.812088920164438
33764.44,KDPP,397,2631,433015,0,geod_dist_to_target,13,28.812088920164438
33764.44,KDPP,397,2631,433015,0,geod_dist_to_target,14,28.812088920164438
33764.44,KDPP,397,2631,433015,0,geod_dist_to_target,15,28.812088920164438
33764.44,KDPP,397,7904,433015,0,geod_dist_to_target,16,27.96266626195606
33764.44,KDPP,397,7904,433015,0,geod_dist_to_target,17,27.96266626195606
33764.44,KDPP,397,7904,433015,0,geod_dist_to_target,18,27.96266626195606
33764.44,KDPP,397,7147,433015,0,geod_dist_to_target,19,0.7957785580363
33764.44,KDPP,397,7147,433015,0,geod_dist_to_target,20,0.7957785580363
33764.44,KDPP,397,2839,433015,0,geod_dist_to_target,22,1.1587807197228432
33764.44,KDPP,397,7319,433015,0,geod_dist_to_target,24,1.1951117575392998
33764.44,KDPP,397,7151,433015,0,geod_dist_to_target,26,1.4470688997385839
33764.44,KDPP,397,7151,433015,0,geod_dist_to_target,28,1.4470688997385839
33764.44,KDPP,397,7154,433015,0,geod_dist_to_target,30,2.0113030673105974
33764.44,KDPP,397,7154,433015,0,geod_dist_to_target,32,2.0113030673105974
33764.44,KDPP,397,7154,433015,0,geod_dist_to_target,34,2.0113030673105974
33764.44,KDPP,397,7154,433015,0,geod_dist_to_target,36,2.0113030673105974
33764.44,KDPP,397,7154,433015,0,geod_dist_to_target,38,2.0113030673105974
33764.44,KDPP,397,7154,433015,0,geod_dist_to_target,40,2.0113030673105974
33764.44,KDPP,397,7154,433015,0,geod_dist_to_target,42,2.0113030673105974
33764.44,KDPP,397,7154,433015,0,geod_dist_to_target,44,2.0113030673105974
33764.44,KDPP,397,7154,433015,0,geod_dist_to_target,46,2.0113030673105974
33764.44,KDPP,397,7154,433015,0,geod_dist_to_target,48,2.0113030673105974
33764.44,KDPP,397,7154,433015,0,geod_dist_to_target,50,2.0113030673105974
33764.44,KDPP,397,7139,433015,0,geod_dist_to_target,55,0.2016504061378217
33764.44,KDPP,397,7139,433015,0,geod_dist_to_target,60,0.2016504061378217
33764.44,KDPP,397,7139,433015,0,geod_dist_to_target,65,0.2016504061378217
33764.44,KDPP,397,7139,433015,0,geod_dist_to_target,70,0.2016504061378217
33764.44,KDPP,397,7139,433015,0,geod_dist_to_target,75,0.2016504061378217
33764.44,KDPP,397,7139,433015,0,geod_dist_to_target,80,0.2016504061378217
33764.44,KDPP,397,7139,433015,0,geod_dist_to_target,85,0.2016504061378217
33764.44,KDPP,397,7139,433015,0,geod_dist_to_target,90,0.2016504061378217
33764.44,KDPP,397,6953,433015,0,geod_dist_to_target,95,0.7017060632010518
33764.44,KDPP,397,6953,433015,0,geod_dist_to_target,100,0.7017060632010518
33764.44,KDPP,397,12445,858597,0,geod_dist_to_target,5,22.08465551658224
33764.44,KDPP,397,11162,858597,0,geod_dist_to_target,6,12.531821160144046
33764.44,KDPP,397,11360,858597,0,geod_dist_to_target,7,9.305659137723936
33764.44,KDPP,397,223,858597,0,geod_dist_to_target,8,19.44161388921219
33764.44,KDPP,397,6782,858597,0,geod_dist_to_target,9,13.978204524567838
33764.44,KDPP,397,53,858597,0,geod_dist_to_target,10,0.9173818524657898
33764.44,KDPP,397,53,858597,0,geod_dist_to_target,11,0.9173818524657898
33764.44,KDPP,397,53,858597,0,geod_dist_to_target,12,0.9173818524657898
33764.44,KDPP,397,53,858597,0,geod_dist_to_target,13,0.9173818524657898
33764.44,KDPP,397,128,858597,0,geod_dist_to_target,14,0.8067405351312805
33764.44,KDPP,397,128,858597,0,geod_dist_to_target,15,0.8067405351312805
33764.44,KDPP,397,128,858597,0,geod_dist_to_target,16,0.8067405351312805
33764.44,KDPP,397,128,858597,0,geod_dist_to_target,17,0.8067405351312805
33764.44,KDPP,397,128,858597,0,geod_dist_to_target,18,0.8067405351312805
33764.44,KDPP,397,128,858597,0,geod_dist_to_target,19,0.8067405351312805
33764.44,KDPP,397,128,858597,0,geod_dist_to_target,20,0.8067405351312805
33764.44,KDPP,397,7320,858597,0,geod_dist_to_target,22,0.8244644267609091
33764.44,KDPP,397,128,858597,0,geod_dist_to_target,24,0.8067405351312805
33764.44,KDPP,397,128,858597,0,geod_dist_to_target,26,0.8067405351312805
33764.44,KDPP,397,128,858597,0,geod_dist_to_target,28,0.8067405351312805
33764.44,KDPP,397,128,858597,0,geod_dist_to_target,30,0.8067405351312805
33764.44,KDPP,397,128,858597,0,geod_dist_to_target,32,0.8067405351312805
33764.44,KDPP,397,7308,858597,0,geod_dist_to_target,34,0.4308840532721227
33764.44,KDPP,397,7308,858597,0,geod_dist_to_target,36,0.4308840532721227
33764.44,KDPP,397,7308,858597,0,geod_dist_to_target,38,0.4308840532721227
33764.44,KDPP,397,7309,858597,0,geod_dist_to_target,40,0.38037803191489017
33764.44,KDPP,397,7309,858597,0,geod_dist_to_target,42,0.38037803191489017
33764.44,KDPP,397,7139,858597,0,geod_dist_to_target,44,0.2016504061378217
33764.44,KDPP,397,7309,858597,0,geod_dist_to_target,46,0.38037803191489017
33764.44,KDPP,397,7139,858597,0,geod_dist_to_target,48,0.2016504061378217
33764.44,KDPP,397,7139,858597,0,geod_dist_to_target,50,0.2016504061378217
33764.44,KDPP,397,7309,858597,0,geod_dist_to_target,55,0.38037803191489017
33764.44,KDPP,397,7309,858597,0,geod_dist_to_target,60,0.38037803191489017
33764.44,KDPP,397,7139,858597,0,geod_dist_to_target,65,0.2016504061378217
33764.44,KDPP,397,7139,858597,0,geod_dist_to_target,70,0.2016504061378217
33764.44,KDPP,397,7139,858597,0,geod_dist_to_target,75,0.2016504061378217
33764.44,KDPP,397,539,858597,0,geod_dist_to_target,80,0.38802320100673754
33764.44,KDPP,397,7139,858597,0,geod_dist_to_target,85,0.2016504061378217
33764.44,KDPP,397,7139,858597,0,geod_dist_to_target,90,0.2016504061378217
33764.44,KDPP,397,7139,858597,0,geod_dist_to_target,95,0.2016504061378217
33764.44,KDPP,397,7139,858597,0,geod_dist_to_target,100,0.2016504061378217
33764.44,KDPP,397,9793,85945,0,geod_dist_to_target,5,21.763893425726053
33764.44,KDPP,397,5799,85945,0,geod_dist_to_target,6,11.455234245507176
33764.44,KDPP,397,7145,85945,0,geod_dist_to_target,7,0.9154545139848457
33764.44,KDPP,397,7310,85945,0,geod_dist_to_target,8,0.6633170880691671
33764.44,KDPP,397,7310,85945,0,geod_dist_to_target,9,0.6633170880691671
33764.44,KDPP,397,7310,85945,0,geod_dist_to_target,10,0.6633170880691671
33764.44,KDPP,397,7310,85945,0,geod_dist_to_target,11,0.6633170880691671
33764.44,KDPP,397,8034,85945,0,geod_dist_to_target,12,27.696320368644507
33764.44,KDPP,397,10477,85945,0,geod_dist_to_target,13,32.79265011082118
33764.44,KDPP,397,9145,85945,0,geod_dist_to_target,14,30.691460344132448
33764.44,KDPP,397,9145,85945,0,geod_dist_to_target,15,30.691460344132448
33764.44,KDPP,397,7903,85945,0,geod_dist_to_target,16,29.207661728980494
33764.44,KDPP,397,1358,85945,0,geod_dist_to_target,17,29.683050412781878
33764.44,KDPP,397,7310,85945,0,geod_dist_to_target,18,0.6633170880691671
33764.44,KDPP,397,7140,85945,0,geod_dist_to_target,19,0.6709622571610145
33764.44,KDPP,397,7310,85945,0,geod_dist_to_target,20,0.6633170880691671
33764.44,KDPP,397,53,85945,0,geod_dist_to_target,22,0.9173818524657898
33764.44,KDPP,397,7320,85945,0,geod_dist_to_target,24,0.8244644267609091
33764.44,KDPP,397,128,85945,0,geod_dist_to_target,26,0.8067405351312805
33764.44,KDPP,397,53,85945,0,geod_dist_to_target,28,0.9173818524657898
33764.44,KDPP,397,128,85945,0,geod_dist_to_target,30,0.8067405351312805
33764.44,KDPP,397,53,85945,0,geod_dist_to_target,32,0.9173818524657898
33764.44,KDPP,397,7320,85945,0,geod_dist_to_target,34,0.8244644267609091
33764.44,KDPP,397,7320,85945,0,geod_dist_to_target,36,0.8244644267609091
33764.44,KDPP,397,7309,85945,0,geod_dist_to_target,38,0.38037803191489017
33764.44,KDPP,397,7320,85945,0,geod_dist_to_target,40,0.8244644267609091
33764.44,KDPP,397,53,85945,0,geod_dist_to_target,42,0.9173818524657898
33764.44,KDPP,397,7320,85945,0,geod_dist_to_target,44,0.8244644267609091
33764.44,KDPP,397,53,85945,0,geod_dist_to_target,46,0.9173818524657898
33764.44,KDPP,397,7320,85945,0,geod_dist_to_target,48,0.8244644267609091
33764.44,KDPP,397,7320,85945,0,geod_dist_to_target,50,0.8244644267609091
33764.44,KDPP,397,7320,85945,0,geod_dist_to_target,55,0.8244644267609091
33764.44,KDPP,397,7309,85945,0,geod_dist_to_target,60,0.38037803191489017
33764.44,KDPP,397,7320,85945,0,geod_dist_to_target,65,0.8244644267609091
33764.44,KDPP,397,7139,85945,0,geod_dist_to_target,70,0.2016504061378217
33764.44,KDPP,397,7139,85945,0,geod_dist_to_target,75,0.2016504061378217
33764.44,KDPP,397,7309,85945,0,geod_dist_to_target,80,0.38037803191489017
33764.44,KDPP,397,7139,85945,0,geod_dist_to_target,85,0.2016504061378217
33764.44,KDPP,397,7139,85945,0,geod_dist_to_target,90,0.2016504061378217
33764.44,KDPP,397,7139,85945,0,geod_dist_to_target,95,0.2016504061378217
33764.44,KDPP,397,7139,85945,0,geod_dist_to_target,100,0.2016504061378217
33764.44,KDPP,397,6493,697368,0,geod_dist_to_target,5,6.477418417447602
33764.44,KDPP,397,6493,697368,0,geod_dist_to_target,6,6.477418417447602
33764.44,KDPP,397,10717,697368,0,geod_dist_to_target,7,4.749669070609379
33764.44,KDPP,397,11139,697368,0,geod_dist_to_target,8,5.186061233257726
33764.44,KDPP,397,7018,697368,0,geod_dist_to_target,9,18.797627521133517
33764.44,KDPP,397,10355,697368,0,geod_dist_to_target,10,2.386924937642826
33764.44,KDPP,397,4512,697368,0,geod_dist_to_target,11,0.7844783127633351
33764.44,KDPP,397,6951,697368,0,geod_dist_to_target,12,1.4170568960083465
33764.44,KDPP,397,6951,697368,0,geod_dist_to_target,13,1.4170568960083465
33764.44,KDPP,397,4512,697368,0,geod_dist_to_target,14,0.7844783127633351
33764.44,KDPP,397,4512,697368,0,geod_dist_to_target,15,0.7844783127633351
33764.44,KDPP,397,4512,697368,0,geod_dist_to_target,16,0.7844783127633351
33764.44,KDPP,397,4512,697368,0,geod_dist_to_target,17,0.7844783127633351
33764.44,KDPP,397,1416,697368,0,geod_dist_to_target,18,0.351149464224456
33764.44,KDPP,397,7297,697368,0,geod_dist_to_target,19,0.5673239166111407
33764.44,KDPP,397,7297,697368,0,geod_dist_to_target,20,0.5673239166111407
33764.44,KDPP,397,9967,697368,0,geod_dist_to_target,22,0.31516748911608633
33764.44,KDPP,397,10762,697368,0,geod_dist_to_target,24,1.016774986961489
33764.44,KDPP,397,10762,697368,0,geod_dist_to_target,26,1.016774986961489
33764.44,KDPP,397,10762,697368,0,geod_dist_to_target,28,1.016774986961489
33764.44,KDPP,397,10762,697368,0,geod_dist_to_target,30,1.016774986961489
33764.44,KDPP,397,7132,697368,0,geod_dist_to_target,32,0.5843784874771326
33764.44,KDPP,397,7297,697368,0,geod_dist_to_target,34,0.5673239166111407
33764.44,KDPP,397,7297,697368,0,geod_dist_to_target,36,0.5673239166111407
33764.44,KDPP,397,7297,697368,0,geod_dist_to_target,38,0.5673239166111407
33764.44,KDPP,397,7297,697368,0,geod_dist_to_target,40,0.5673239166111407
33764.44,KDPP,397,7297,697368,0,geod_dist_to_target,42,0.5673239166111407
33764.44,KDPP,397,7297,697368,0,geod_dist_to_target,44,0.5673239166111407
33764.44,KDPP,397,7297,697368,0,geod_dist_to_target,46,0.5673239166111407
33764.44,KDPP,397,7297,697368,0,geod_dist_to_target,48,0.5673239166111407
33764.44,KDPP,397,7308,697368,0,geod_dist_to_target,50,0.4308840532721227
33764.44,KDPP,397,7308,697368,0,geod_dist_to_target,55,0.4308840532721227
33764.44,KDPP,397,7297,697368,0,geod_dist_to_target,60,0.5673239166111407
33764.44,KDPP,397,7297,697368,0,geod_dist_to_target,65,0.5673239166111407
33764.44,KDPP,397,397,697368,0,geod_dist_to_target,70,0.0
33764.44,KDPP,397,7308,697368,0,geod_dist_to_target,75,0.4308840532721227
33764.44,KDPP,397,397,697368,0,geod_dist_to_target,80,0.0
33764.44,KDPP,397,397,697368,0,geod_dist_to_target,85,0.0
33764.44,KDPP,397,397,697368,0,geod_dist_to_target,90,0.0
33764.44,KDPP,397,397,697368,0,geod_dist_to_target,95,0.0
33764.44,KDPP,397,397,697368,0,geod_dist_to_target,100,0.0
33764.44,KDPP,397,6790,201469,0,geod_dist_to_target,5,4.440593171813696
33764.44,KDPP,397,6069,201469,0,geod_dist_to_target,6,4.872837304787834
33764.44,KDPP,397,97,201469,0,geod_dist_to_target,7,6.053337063063698
33764.44,KDPP,397,1682,201469,0,geod_dist_to_target,8,6.99641708081099
33764.44,KDPP,397,6789,201469,0,geod_dist_to_target,9,4.313802358437813
33764.44,KDPP,397,12067,201469,0,geod_dist_to_target,10,5.631996253145313
33764.44,KDPP,397,6445,201469,0,geod_dist_to_target,11,6.06643707989137
33764.44,KDPP,397,6445,201469,0,geod_dist_to_target,12,6.06643707989137
33764.44,KDPP,397,7117,201469,0,geod_dist_to_target,13,1.0645707065278656
33764.44,KDPP,397,7117,201469,0,geod_dist_to_target,14,1.0645707065278656
33764.44,KDPP,397,11715,201469,0,geod_dist_to_target,15,3.2127338995261803
33764.44,KDPP,397,11715,201469,0,geod_dist_to_target,16,3.2127338995261803
33764.44,KDPP,397,11715,201469,0,geod_dist_to_target,17,3.2127338995261803
33764.44,KDPP,397,7287,201469,0,geod_dist_to_target,18,1.4022651504558408
33764.44,KDPP,397,7132,201469,0,geod_dist_to_target,19,0.5843784874771326
33764.44,KDPP,397,2105,201469,0,geod_dist_to_target,20,2.422963314045468
33764.44,KDPP,397,4512,201469,0,geod_dist_to_target,22,0.7844783127633351
33764.44,KDPP,397,11715,201469,0,geod_dist_to_target,24,3.2127338995261803
33764.44,KDPP,397,11715,201469,0,geod_dist_to_target,26,3.2127338995261803
33764.44,KDPP,397,11715,201469,0,geod_dist_to_target,28,3.2127338995261803
33764.44,KDPP,397,11715,201469,0,geod_dist_to_target,30,3.2127338995261803
33764.44,KDPP,397,11715,201469,0,geod_dist_to_target,32,3.2127338995261803
33764.44,KDPP,397,11715,201469,0,geod_dist_to_target,34,3.2127338995261803
33764.44,KDPP,397,11715,201469,0,geod_dist_to_target,36,3.2127338995261803
33764.44,KDPP,397,11715,201469,0,geod_dist_to_target,38,3.2127338995261803
33764.44,KDPP,397,11715,201469,0,geod_dist_to_target,40,3.2127338995261803
33764.44,KDPP,397,11715,201469,0,geod_dist_to_target,42,3.2127338995261803
33764.44,KDPP,397,11715,201469,0,geod_dist_to_target,44,3.2127338995261803
33764.44,KDPP,397,6457,201469,0,geod_dist_to_target,46,6.5473238647469145
33764.44,KDPP,397,6457,201469,0,geod_dist_to_target,48,6.5473238647469145
33764.44,KDPP,397,5205,201469,0,geod_dist_to_target,50,7.484234283972462
33764.44,KDPP,397,10355,201469,0,geod_dist_to_target,55,2.386924937642826
33764.44,KDPP,397,11715,201469,0,geod_dist_to_target,60,3.2127338995261803
33764.44,KDPP,397,11715,201469,0,geod_dist_to_target,65,3.2127338995261803
33764.44,KDPP,397,11715,201469,0,geod_dist_to_target,70,3.2127338995261803
33764.44,KDPP,397,10355,201469,0,geod_dist_to_target,75,2.386924937642826
33764.44,KDPP,397,10355,201469,0,geod_dist_to_target,80,2.386924937642826
33764.44,KDPP,397,10355,201469,0,geod_dist_to_target,85,2.386924937642826
33764.44,KDPP,397,10355,201469,0,geod_dist_to_target,90,2.386924937642826
33764.44,KDPP,397,10355,201469,0,geod_dist_to_target,95,2.386924937642826
33764.44,KDPP,397,10355,201469,0,geod_dist_to_target,100,2.386924937642826
33764.44,KDPP,397,6329,94177,0,geod_dist_to_target,5,13.626299724568135
33764.44,KDPP,397,5794,94177,0,geod_dist_to_target,6,9.51911644489991
33764.44,KDPP,397,5794,94177,0,geod_dist_to_target,7,9.51911644489991
33764.44,KDPP,397,6991,94177,0,geod_dist_to_target,8,7.863623149702042
33764.44,KDPP,397,7321,94177,0,geod_dist_to_target,9,1.3795693575734465
33764.44,KDPP,397,5785,94177,0,geod_dist_to_target,10,16.301987713691556
33764.44,KDPP,397,7309,94177,0,geod_dist_to_target,11,0.38037803191489017
33764.44,KDPP,397,7309,94177,0,geod_dist_to_target,12,0.38037803191489017
33764.44,KDPP,397,9669,94177,0,geod_dist_to_target,13,1.6244055937733262
33764.44,KDPP,397,9669,94177,0,geod_dist_to_target,14,1.6244055937733262
33764.44,KDPP,397,7309,94177,0,geod_dist_to_target,15,0.38037803191489017
33764.44,KDPP,397,7310,94177,0,geod_dist_to_target,16,0.6633170880691671
33764.44,KDPP,397,7310,94177,0,geod_dist_to_target,17,0.6633170880691671
33764.44,KDPP,397,7139,94177,0,geod_dist_to_target,18,0.2016504061378217
33764.44,KDPP,397,6954,94177,0,geod_dist_to_target,19,0.5369293938455116
33764.44,KDPP,397,6954,94177,0,geod_dist_to_target,20,0.5369293938455116
33764.44,KDPP,397,6954,94177,0,geod_dist_to_target,22,0.5369293938455116
33764.44,KDPP,397,6954,94177,0,geod_dist_to_target,24,0.5369293938455116
33764.44,KDPP,397,7139,94177,0,geod_dist_to_target,26,0.2016504061378217
33764.44,KDPP,397,397,94177,0,geod_dist_to_target,28,0.0
33764.44,KDPP,397,397,94177,0,geod_dist_to_target,30,0.0
33764.44,KDPP,397,397,94177,0,geod_dist_to_target,32,0.0
33764.44,KDPP,397,397,94177,0,geod_dist_to_target,34,0.0
33764.44,KDPP,397,397,94177,0,geod_dist_to_target,36,0.0
33764.44,KDPP,397,397,94177,0,geod_dist_to_target,38,0.0
33764.44,KDPP,397,397,94177,0,geod_dist_to_target,40,0.0
33764.44,KDPP,397,397,94177,0,geod_dist_to_target,42,0.0
33764.44,KDPP,397,397,94177,0,geod_dist_to_target,44,0.0
33764.44,KDPP,397,397,94177,0,geod_dist_to_target,46,0.0
33764.44,KDPP,397,397,94177,0,geod_dist_to_target,48,0.0
33764.44,KDPP,397,397,94177,0,geod_dist_to_target,50,0.0
33764.44,KDPP,397,7139,94177,0,geod_dist_to_target,55,0.2016504061378217
33764.44,KDPP,397,7139,94177,0,geod_dist_to_target,60,0.2016504061378217
33764.44,KDPP,397,7139,94177,0,geod_dist_to_target,65,0.2016504061378217
33764.44,KDPP,397,397,94177,0,geod_dist_to_target,70,0.0
33764.44,KDPP,397,397,94177,0,geod_dist_to_target,75,0.0
33764.44,KDPP,397,397,94177,0,geod_dist_to_target,80,0.0
33764.44,KDPP,397,397,94177,0,geod_dist_to_target,85,0.0
33764.44,KDPP,397,6953,94177,0,geod_dist_to_target,90,0.7017060632010518
33764.44,KDPP,397,7139,94177,0,geod_dist_to_target,95,0.2016504061378217
33764.44,KDPP,397,7139,94177,0,geod_dist_to_target,100,0.2016504061378217
33764.44,KDPP-Norm,397,1708,89250,0,geod_dist_to_target,5,2.347123022552554
33764.44,KDPP-Norm,397,6953,89250,0,geod_dist_to_target,6,0.7017060632010518
33764.44,KDPP-Norm,397,6789,89250,0,geod_dist_to_target,7,4.313802358437813
33764.44,KDPP-Norm,397,9979,89250,0,geod_dist_to_target,8,6.014952935772747
33764.44,KDPP-Norm,397,6275,89250,0,geod_dist_to_target,9,11.217800524681143
33764.44,KDPP-Norm,397,5205,89250,0,geod_dist_to_target,10,7.484234283972462
33764.44,KDPP-Norm,397,10248,89250,0,geod_dist_to_target,11,8.41509862091718
33764.44,KDPP-Norm,397,10248,89250,0,geod_dist_to_target,12,8.41509862091718
33764.44,KDPP-Norm,397,10248,89250,0,geod_dist_to_target,13,8.41509862091718
33764.44,KDPP-Norm,397,6493,89250,0,geod_dist_to_target,14,6.477418417447602
33764.44,KDPP-Norm,397,10248,89250,0,geod_dist_to_target,15,8.41509862091718
33764.44,KDPP-Norm,397,6493,89250,0,geod_dist_to_target,16,6.477418417447602
33764.44,KDPP-Norm,397,6493,89250,0,geod_dist_to_target,17,6.477418417447602
33764.44,KDPP-Norm,397,6493,89250,0,geod_dist_to_target,18,6.477418417447602
33764.44,KDPP-Norm,397,6493,89250,0,geod_dist_to_target,19,6.477418417447602
33764.44,KDPP-Norm,397,6493,89250,0,geod_dist_to_target,20,6.477418417447602
33764.44,KDPP-Norm,397,6493,89250,0,geod_dist_to_target,22,6.477418417447602
33764.44,KDPP-Norm,397,630,89250,0,geod_dist_to_target,24,7.71638908808744
33764.44,KDPP-Norm,397,6445,89250,0,geod_dist_to_target,26,6.06643707989137
33764.44,KDPP-Norm,397,6445,89250,0,geod_dist_to_target,28,6.06643707989137
33764.44,KDPP-Norm,397,6445,89250,0,geod_dist_to_target,30,6.06643707989137
33764.44,KDPP-Norm,397,6493,89250,0,geod_dist_to_target,32,6.477418417447602
33764.44,KDPP-Norm,397,6493,89250,0,geod_dist_to_target,34,6.477418417447602
33764.44,KDPP-Norm,397,6493,89250,0,geod_dist_to_target,36,6.477418417447602
33764.44,KDPP-Norm,397,6493,89250,0,geod_dist_to_target,38,6.477418417447602
33764.44,KDPP-Norm,397,6493,89250,0,geod_dist_to_target,40,6.477418417447602
33764.44,KDPP-Norm,397,6493,89250,0,geod_dist_to_target,42,6.477418417447602
33764.44,KDPP-Norm,397,6493,89250,0,geod_dist_to_target,44,6.477418417447602
33764.44,KDPP-Norm,397,6493,89250,0,geod_dist_to_target,46,6.477418417447602
33764.44,KDPP-Norm,397,6493,89250,0,geod_dist_to_target,48,6.477418417447602
33764.44,KDPP-Norm,397,6493,89250,0,geod_dist_to_target,50,6.477418417447602
33764.44,KDPP-Norm,397,6457,89250,0,geod_dist_to_target,55,6.5473238647469145
33764.44,KDPP-Norm,397,6493,89250,0,geod_dist_to_target,60,6.477418417447602
33764.44,KDPP-Norm,397,6493,89250,0,geod_dist_to_target,65,6.477418417447602
33764.44,KDPP-Norm,397,6493,89250,0,geod_dist_to_target,70,6.477418417447602
33764.44,KDPP-Norm,397,6457,89250,0,geod_dist_to_target,75,6.5473238647469145
33764.44,KDPP-Norm,397,6493,89250,0,geod_dist_to_target,80,6.477418417447602
33764.44,KDPP-Norm,397,6457,89250,0,geod_dist_to_target,85,6.5473238647469145
33764.44,KDPP-Norm,397,6457,89250,0,geod_dist_to_target,90,6.5473238647469145
33764.44,KDPP-Norm,397,6457,89250,0,geod_dist_to_target,95,6.5473238647469145
33764.44,KDPP-Norm,397,6457,89250,0,geod_dist_to_target,100,6.5473238647469145
33764.44,KDPP-Norm,397,10755,773956,0,geod_dist_to_target,5,2.833363352819481
33764.44,KDPP-Norm,397,7492,773956,0,geod_dist_to_target,6,5.625772700201132
33764.44,KDPP-Norm,397,10914,773956,0,geod_dist_to_target,7,4.963732065531015
33764.44,KDPP-Norm,397,12067,773956,0,geod_dist_to_target,8,5.631996253145313
33764.44,KDPP-Norm,397,6493,773956,0,geod_dist_to_target,9,6.477418417447602
33764.44,KDPP-Norm,397,3640,773956,0,geod_dist_to_target,10,6.6051159608917756
33764.44,KDPP-Norm,397,6954,773956,0,geod_dist_to_target,11,0.5369293938455116
33764.44,KDPP-Norm,397,6954,773956,0,geod_dist_to_target,12,0.5369293938455116
33764.44,KDPP-Norm,397,7139,773956,0,geod_dist_to_target,13,0.2016504061378217
33764.44,KDPP-Norm,397,7154,773956,0,geod_dist_to_target,14,2.0113030673105974
33764.44,KDPP-Norm,397,6954,773956,0,geod_dist_to_target,15,0.5369293938455116
33764.44,KDPP-Norm,397,6954,773956,0,geod_dist_to_target,16,0.5369293938455116
33764.44,KDPP-Norm,397,6954,773956,0,geod_dist_to_target,17,0.5369293938455116
33764.44,KDPP-Norm,397,539,773956,0,geod_dist_to_target,18,0.38802320100673754
33764.44,KDPP-Norm,397,6954,773956,0,geod_dist_to_target,19,0.5369293938455116
33764.44,KDPP-Norm,397,6954,773956,0,geod_dist_to_target,20,0.5369293938455116
33764.44,KDPP-Norm,397,6954,773956,0,geod_dist_to_target,22,0.5369293938455116
33764.44,KDPP-Norm,397,6953,773956,0,geod_dist_to_target,24,0.7017060632010518
33764.44,KDPP-Norm,397,397,773956,0,geod_dist_to_target,26,0.0
33764.44,KDPP-Norm,397,12306,773956,0,geod_dist_to_target,28,13.545473840814614
33764.44,KDPP-Norm,397,12306,773956,0,geod_dist_to_target,30,13.545473840814614
33764.44,KDPP-Norm,397,6453,773956,0,geod_dist_to_target,32,7.961122152645068
33764.44,KDPP-Norm,397,6453,773956,0,geod_dist_to_target,34,7.961122152645068
33764.44,KDPP-Norm,397,6453,773956,0,geod_dist_to_target,36,7.961122152645068
33764.44,KDPP-Norm,397,6453,773956,0,geod_dist_to_target,38,7.961122152645068
33764.44,KDPP-Norm,397,6453,773956,0,geod_dist_to_target,40,7.961122152645068
33764.44,KDPP-Norm,397,5205,773956,0,geod_dist_to_target,42,7.484234283972462
33764.44,KDPP-Norm,397,12306,773956,0,geod_dist_to_target,44,13.545473840814614
33764.44,KDPP-Norm,397,12306,773956,0,geod_dist_to_target,46,13.545473840814614
33764.44,KDPP-Norm,397,12306,773956,0,geod_dist_to_target,48,13.545473840814614
33764.44,KDPP-Norm,397,12306,773956,0,geod_dist_to_target,50,13.545473840814614
33764.44,KDPP-Norm,397,5205,773956,0,geod_dist_to_target,55,7.484234283972462
33764.44,KDPP-Norm,397,397,773956,0,geod_dist_to_target,60,0.0
33764.44,KDPP-Norm,397,397,773956,0,geod_dist_to_target,65,0.0
33764.44,KDPP-Norm,397,397,773956,0,geod_dist_to_target,70,0.0
33764.44,KDPP-Norm,397,397,773956,0,geod_dist_to_target,75,0.0
33764.44,KDPP-Norm,397,397,773956,0,geod_dist_to_target,80,0.0
33764.44,KDPP-Norm,397,397,773956,0,geod_dist_to_target,85,0.0
33764.44,KDPP-Norm,397,397,773956,0,geod_dist_to_target,90,0.0
33764.44,KDPP-Norm,397,397,773956,0,geod_dist_to_target,95,0.0
33764.44,KDPP-Norm,397,397,773956,0,geod_dist_to_target,100,0.0
33764.44,KDPP-Norm,397,1708,654571,0,geod_dist_to_target,5,2.347123022552554
33764.44,KDPP-Norm,397,1708,654571,0,geod_dist_to_target,6,2.347123022552554
33764.44,KDPP-Norm,397,6964,654571,0,geod_dist_to_target,7,1.6996983892092474
33764.44,KDPP-Norm,397,6964,654571,0,geod_dist_to_target,8,1.6996983892092474
33764.44,KDPP-Norm,397,5880,654571,0,geod_dist_to_target,9,5.577470160647241
33764.44,KDPP-Norm,397,11410,654571,0,geod_dist_to_target,10,4.327316173746874
33764.44,KDPP-Norm,397,11166,654571,0,geod_dist_to_target,11,3.371273656329395
33764.44,KDPP-Norm,397,6776,654571,0,geod_dist_to_target,12,3.842887626263861
33764.44,KDPP-Norm,397,6776,654571,0,geod_dist_to_target,13,3.842887626263861
33764.44,KDPP-Norm,397,12067,654571,0,geod_dist_to_target,14,5.631996253145313
33764.44,KDPP-Norm,397,10870,654571,0,geod_dist_to_target,15,5.247585917480245
33764.44,KDPP-Norm,397,10870,654571,0,geod_dist_to_target,16,5.247585917480245
33764.44,KDPP-Norm,397,630,654571,0,geod_dist_to_target,17,7.71638908808744
33764.44,KDPP-Norm,397,12067,654571,0,geod_dist_to_target,18,5.631996253145313
33764.44,KDPP-Norm,397,6954,654571,0,geod_dist_to_target,19,0.5369293938455116
33764.44,KDPP-Norm,397,6954,654571,0,geod_dist_to_target,20,0.5369293938455116
33764.44,KDPP-Norm,397,6954,654571,0,geod_dist_to_target,22,0.5369293938455116
33764.44,KDPP-Norm,397,7139,654571,0,geod_dist_to_target,24,0.2016504061378217
33764.44,KDPP-Norm,397,7309,654571,0,geod_dist_to_target,26,0.38037803191489017
33764.44,KDPP-Norm,397,7309,654571,0,geod_dist_to_target,28,0.38037803191489017
33764.44,KDPP-Norm,397,7309,654571,0,geod_dist_to_target,30,0.38037803191489017
33764.44,KDPP-Norm,397,7309,654571,0,geod_dist_to_target,32,0.38037803191489017
33764.44,KDPP-Norm,397,7139,654571,0,geod_dist_to_target,34,0.2016504061378217
33764.44,KDPP-Norm,397,7309,654571,0,geod_dist_to_target,36,0.38037803191489017
33764.44,KDPP-Norm,397,7309,654571,0,geod_dist_to_target,38,0.38037803191489017
33764.44,KDPP-Norm,397,7309,654571,0,geod_dist_to_target,40,0.38037803191489017
33764.44,KDPP-Norm,397,7309,654571,0,geod_dist_to_target,42,0.38037803191489017
33764.44,KDPP-Norm,397,7309,654571,0,geod_dist_to_target,44,0.38037803191489017
33764.44,KDPP-Norm,397,7309,654571,0,geod_dist_to_target,46,0.38037803191489017
33764.44,KDPP-Norm,397,53,654571,0,geod_dist_to_target,48,0.9173818524657898
33764.44,KDPP-Norm,397,7309,654571,0,geod_dist_to_target,50,0.38037803191489017
33764.44,KDPP-Norm,397,7308,654571,0,geod_dist_to_target,55,0.4308840532721227
33764.44,KDPP-Norm,397,7139,654571,0,geod_dist_to_target,60,0.2016504061378217
33764.44,KDPP-Norm,397,7139,654571,0,geod_dist_to_target,65,0.2016504061378217
33764.44,KDPP-Norm,397,7139,654571,0,geod_dist_to_target,70,0.2016504061378217
33764.44,KDPP-Norm,397,7139,654571,0,geod_dist_to_target,75,0.2016504061378217
33764.44,KDPP-Norm,397,7139,654571,0,geod_dist_to_target,80,0.2016504061378217
33764.44,KDPP-Norm,397,7139,654571,0,geod_dist_to_target,85,0.2016504061378217
33764.44,KDPP-Norm,397,7308,654571,0,geod_dist_to_target,90,0.4308840532721227
33764.44,KDPP-Norm,397,7139,654571,0,geod_dist_to_target,95,0.2016504061378217
33764.44,KDPP-Norm,397,7139,654571,0,geod_dist_to_target,100,0.2016504061378217
33764.44,KDPP-Norm,397,4981,438878,0,geod_dist_to_target,5,6.8490266329278136
33764.44,KDPP-Norm,397,1248,438878,0,geod_dist_to_target,6,6.875465506535175
33764.44,KDPP-Norm,397,10444,438878,0,geod_dist_to_target,7,3.5172514132446877
33764.44,KDPP-Norm,397,7458,438878,0,geod_dist_to_target,8,1.7287573494738266
33764.44,KDPP-Norm,397,7322,438878,0,geod_dist_to_target,9,1.715945768102592
33764.44,KDPP-Norm,397,10762,438878,0,geod_dist_to_target,10,1.016774986961489
33764.44,KDPP-Norm,397,2049,438878,0,geod_dist_to_target,11,2.208456955446009
33764.44,KDPP-Norm,397,2049,438878,0,geod_dist_to_target,12,2.208456955446009
33764.44,KDPP-Norm,397,2049,438878,0,geod_dist_to_target,13,2.208456955446009
33764.44,KDPP-Norm,397,6445,438878,0,geod_dist_to_target,14,6.06643707989137
33764.44,KDPP-Norm,397,6445,438878,0,geod_dist_to_target,15,6.06643707989137
33764.44,KDPP-Norm,397,2049,438878,0,geod_dist_to_target,16,2.208456955446009
33764.44,KDPP-Norm,397,2049,438878,0,geod_dist_to_target,17,2.208456955446009
33764.44,KDPP-Norm,397,10355,438878,0,geod_dist_to_target,18,2.386924937642826
33764.44,KDPP-Norm,397,2049,438878,0,geod_dist_to_target,19,2.208456955446009
33764.44,KDPP-Norm,397,9669,438878,0,geod_dist_to_target,20,1.6244055937733262
33764.44,KDPP-Norm,397,2049,438878,0,geod_dist_to_target,22,2.208456955446009
33764.44,KDPP-Norm,397,2049,438878,0,geod_dist_to_target,24,2.208456955446009
33764.44,KDPP-Norm,397,7308,438878,0,geod_dist_to_target,26,0.4308840532721227
33764.44,KDPP-Norm,397,7308,438878,0,geod_dist_to_target,28,0.4308840532721227
33764.44,KDPP-Norm,397,7308,438878,0,geod_dist_to_target,30,0.4308840532721227
33764.44,KDPP-Norm,397,7308,438878,0,geod_dist_to_target,32,0.4308840532721227
33764.44,KDPP-Norm,397,7308,438878,0,geod_dist_to_target,34,0.4308840532721227
33764.44,KDPP-Norm,397,7308,438878,0,geod_dist_to_target,36,0.4308840532721227
33764.44,KDPP-Norm,397,53,438878,0,geod_dist_to_target,38,0.9173818524657898
33764.44,KDPP-Norm,397,7320,438878,0,geod_dist_to_target,40,0.8244644267609091
33764.44,KDPP-Norm,397,7320,438878,0,geod_dist_to_target,42,0.8244644267609091
33764.44,KDPP-Norm,397,7309,438878,0,geod_dist_to_target,44,0.38037803191489017
33764.44,KDPP-Norm,397,7309,438878,0,geod_dist_to_target,46,0.38037803191489017
33764.44,KDPP-Norm,397,7139,438878,0,geod_dist_to_target,48,0.2016504061378217
33764.44,KDPP-Norm,397,7139,438878,0,geod_dist_to_target,50,0.2016504061378217
33764.44,KDPP-Norm,397,7139,438878,0,geod_dist_to_target,55,0.2016504061378217
33764.44,KDPP-Norm,397,7308,438878,0,geod_dist_to_target,60,0.4308840532721227
33764.44,KDPP-Norm,397,7139,438878,0,geod_dist_to_target,65,0.2016504061378217
33764.44,KDPP-Norm,397,7154,438878,0,geod_dist_to_target,70,2.0113030673105974
33764.44,KDPP-Norm,397,7154,438878,0,geod_dist_to_target,75,2.0113030673105974
33764.44,KDPP-Norm,397,7139,438878,0,geod_dist_to_target,80,0.2016504061378217
33764.44,KDPP-Norm,397,7139,438878,0,geod_dist_to_target,85,0.2016504061378217
33764.44,KDPP-Norm,397,397,438878,0,geod_dist_to_target,90,0.0
33764.44,KDPP-Norm,397,397,438878,0,geod_dist_to_target,95,0.0
33764.44,KDPP-Norm,397,397,438878,0,geod_dist_to_target,100,0.0
33764.44,KDPP-Norm,397,3238,433015,0,geod_dist_to_target,5,9.89362422284025
33764.44,KDPP-Norm,397,12576,433015,0,geod_dist_to_target,6,9.948181014612766
33764.44,KDPP-Norm,397,7320,433015,0,geod_dist_to_target,7,0.8244644267609091
33764.44,KDPP-Norm,397,7320,433015,0,geod_dist_to_target,8,0.8244644267609091
33764.44,KDPP-Norm,397,7320,433015,0,geod_dist_to_target,9,0.8244644267609091
33764.44,KDPP-Norm,397,7309,433015,0,geod_dist_to_target,10,0.38037803191489017
33764.44,KDPP-Norm,397,7309,433015,0,geod_dist_to_target,11,0.38037803191489017
33764.44,KDPP-Norm,397,7309,433015,0,geod_dist_to_target,12,0.38037803191489017
33764.44,KDPP-Norm,397,7309,433015,0,geod_dist_to_target,13,0.38037803191489017
33764.44,KDPP-Norm,397,7139,433015,0,geod_dist_to_target,14,0.2016504061378217
33764.44,KDPP-Norm,397,7139,433015,0,geod_dist_to_target,15,0.2016504061378217
33764.44,KDPP-Norm,397,539,433015,0,geod_dist_to_target,16,0.38802320100673754
33764.44,KDPP-Norm,397,539,433015,0,geod_dist_to_target,17,0.38802320100673754
33764.44,KDPP-Norm,397,539,433015,0,geod_dist_to_target,18,0.38802320100673754
33764.44,KDPP-Norm,397,539,433015,0,geod_dist_to_target,19,0.38802320100673754
33764.44,KDPP-Norm,397,539,433015,0,geod_dist_to_target,20,0.38802320100673754
33764.44,KDPP-Norm,397,7310,433015,0,geod_dist_to_target,22,0.6633170880691671
33764.44,KDPP-Norm,397,7310,433015,0,geod_dist_to_target,24,0.6633170880691671
33764.44,KDPP-Norm,397,7140,433015,0,geod_dist_to_target,26,0.6709622571610145
33764.44,KDPP-Norm,397,7319,433015,0,geod_dist_to_target,28,1.1951117575392998
33764.44,KDPP-Norm,397,7319,433015,0,geod_dist_to_target,30,1.1951117575392998
33764.44,KDPP-Norm,397,7139,433015,0,geod_dist_to_target,32,0.2016504061378217
33764.44,KDPP-Norm,397,7154,433015,0,geod_dist_to_target,34,2.0113030673105974
33764.44,KDPP-Norm,397,7154,433015,0,geod_dist_to_target,36,2.0113030673105974
33764.44,KDPP-Norm,397,397,433015,0,geod_dist_to_target,38,0.0
33764.44,KDPP-Norm,397,397,433015,0,geod_dist_to_target,40,0.0
33764.44,KDPP-Norm,397,397,433015,0,geod_dist_to_target,42,0.0
33764.44,KDPP-Norm,397,7139,433015,0,geod_dist_to_target,44,0.2016504061378217
33764.44,KDPP-Norm,397,7139,433015,0,geod_dist_to_target,46,0.2016504061378217
33764.44,KDPP-Norm,397,7139,433015,0,geod_dist_to_target,48,0.2016504061378217
33764.44,KDPP-Norm,397,7139,433015,0,geod_dist_to_target,50,0.2016504061378217
33764.44,KDPP-Norm,397,7139,433015,0,geod_dist_to_target,55,0.2016504061378217
33764.44,KDPP-Norm,397,7139,433015,0,geod_dist_to_target,60,0.2016504061378217
33764.44,KDPP-Norm,397,7139,433015,0,geod_dist_to_target,65,0.2016504061378217
33764.44,KDPP-Norm,397,7139,433015,0,geod_dist_to_target,70,0.2016504061378217
33764.44,KDPP-Norm,397,7139,433015,0,geod_dist_to_target,75,0.2016504061378217
33764.44,KDPP-Norm,397,7139,433015,0,geod_dist_to_target,80,0.2016504061378217
33764.44,KDPP-Norm,397,7139,433015,0,geod_dist_to_target,85,0.2016504061378217
33764.44,KDPP-Norm,397,7139,433015,0,geod_dist_to_target,90,0.2016504061378217
33764.44,KDPP-Norm,397,7139,433015,0,geod_dist_to_target,95,0.2016504061378217
33764.44,KDPP-Norm,397,7139,433015,0,geod_dist_to_target,100,0.2016504061378217
33764.44,KDPP-Norm,397,6986,858597,0,geod_dist_to_target,5,6.060974108151359
33764.44,KDPP-Norm,397,11171,858597,0,geod_dist_to_target,6,15.318544144397118
33764.44,KDPP-Norm,397,8035,858597,0,geod_dist_to_target,7,27.621832607170248
33764.44,KDPP-Norm,397,9779,858597,0,geod_dist_to_target,8,5.652883048322214
33764.44,KDPP-Norm,397,3263,858597,0,geod_dist_to_target,9,6.422208274220114
33764.44,KDPP-Norm,397,10355,858597,0,geod_dist_to_target,10,2.386924937642826
33764.44,KDPP-Norm,397,3263,858597,0,geod_dist_to_target,11,6.422208274220114
33764.44,KDPP-Norm,397,3263,858597,0,geod_dist_to_target,12,6.422208274220114
33764.44,KDPP-Norm,397,3263,858597,0,geod_dist_to_target,13,6.422208274220114
33764.44,KDPP-Norm,397,630,858597,0,geod_dist_to_target,14,7.71638908808744
33764.44,KDPP-Norm,397,630,858597,0,geod_dist_to_target,15,7.71638908808744
33764.44,KDPP-Norm,397,630,858597,0,geod_dist_to_target,16,7.71638908808744
33764.44,KDPP-Norm,397,630,858597,0,geod_dist_to_target,17,7.71638908808744
33764.44,KDPP-Norm,397,630,858597,0,geod_dist_to_target,18,7.71638908808744
33764.44,KDPP-Norm,397,11030,858597,0,geod_dist_to_target,19,12.081090163353103
33764.44,KDPP-Norm,397,11030,858597,0,geod_dist_to_target,20,12.081090163353103
33764.44,KDPP-Norm,397,11030,858597,0,geod_dist_to_target,22,12.081090163353103
33764.44,KDPP-Norm,397,9669,858597,0,geod_dist_to_target,24,1.6244055937733262
33764.44,KDPP-Norm,397,6472,858597,0,geod_dist_to_target,26,8.295573699758405
33764.44,KDPP-Norm,397,9669,858597,0,geod_dist_to_target,28,1.6244055937733262
33764.44,KDPP-Norm,397,97,858597,0,geod_dist_to_target,30,6.053337063063698
33764.44,KDPP-Norm,397,10355,858597,0,geod_dist_to_target,32,2.386924937642826
33764.44,KDPP-Norm,397,10355,858597,0,geod_dist_to_target,34,2.386924937642826
33764.44,KDPP-Norm,397,10355,858597,0,geod_dist_to_target,36,2.386924937642826
33764.44,KDPP-Norm,397,10355,858597,0,geod_dist_to_target,38,2.386924937642826
33764.44,KDPP-Norm,397,10355,858597,0,geod_dist_to_target,40,2.386924937642826
33764.44,KDPP-Norm,397,10355,858597,0,geod_dist_to_target,42,2.386924937642826
33764.44,KDPP-Norm,397,10355,858597,0,geod_dist_to_target,44,2.386924937642826
33764.44,KDPP-Norm,397,10355,858597,0,geod_dist_to_target,46,2.386924937642826
33764.44,KDPP-Norm,397,10355,858597,0,geod_dist_to_target,48,2.386924937642826
33764.44,KDPP-Norm,397,10355,858597,0,geod_dist_to_target,50,2.386924937642826
33764.44,KDPP-Norm,397,7309,858597,0,geod_dist_to_target,55,0.38037803191489017
33764.44,KDPP-Norm,397,7139,858597,0,geod_dist_to_target,60,0.2016504061378217
33764.44,KDPP-Norm,397,7309,858597,0,geod_dist_to_target,65,0.38037803191489017
33764.44,KDPP-Norm,397,7309,858597,0,geod_dist_to_target,70,0.38037803191489017
33764.44,KDPP-Norm,397,7309,858597,0,geod_dist_to_target,75,0.38037803191489017
33764.44,KDPP-Norm,397,7139,858597,0,geod_dist_to_target,80,0.2016504061378217
33764.44,KDPP-Norm,397,7139,858597,0,geod_dist_to_target,85,0.2016504061378217
33764.44,KDPP-Norm,397,7139,858597,0,geod_dist_to_target,90,0.2016504061378217
33764.44,KDPP-Norm,397,7139,858597,0,geod_dist_to_target,95,0.2016504061378217
33764.44,KDPP-Norm,397,7309,858597,0,geod_dist_to_target,100,0.38037803191489017
33764.44,KDPP-Norm,397,12328,85945,0,geod_dist_to_target,5,6.066672808705252
33764.44,KDPP-Norm,397,4026,85945,0,geod_dist_to_target,6,15.70545722944253
33764.44,KDPP-Norm,397,4911,85945,0,geod_dist_to_target,7,7.9288887832472845
33764.44,KDPP-Norm,397,4911,85945,0,geod_dist_to_target,8,7.9288887832472845
33764.44,KDPP-Norm,397,7132,85945,0,geod_dist_to_target,9,0.5843784874771326
33764.44,KDPP-Norm,397,1600,85945,0,geod_dist_to_target,10,3.4777611046329153
33764.44,KDPP-Norm,397,1600,85945,0,geod_dist_to_target,11,3.4777611046329153
33764.44,KDPP-Norm,397,1600,85945,0,geod_dist_to_target,12,3.4777611046329153
33764.44,KDPP-Norm,397,1600,85945,0,geod_dist_to_target,13,3.4777611046329153
33764.44,KDPP-Norm,397,1600,85945,0,geod_dist_to_target,14,3.4777611046329153
33764.44,KDPP-Norm,397,1600,85945,0,geod_dist_to_target,15,3.4777611046329153
33764.44,KDPP-Norm,397,1600,85945,0,geod_dist_to_target,16,3.4777611046329153
33764.44,KDPP-Norm,397,1600,85945,0,geod_dist_to_target,17,3.4777611046329153
33764.44,KDPP-Norm,397,9967,85945,0,geod_dist_to_target,18,0.31516748911608633
33764.44,KDPP-Norm,397,9967,85945,0,geod_dist_to_target,19,0.31516748911608633
33764.44,KDPP-Norm,397,397,85945,0,geod_dist_to_target,20,0.0
33764.44,KDPP-Norm,397,397,85945,0,geod_dist_to_target,22,0.0
33764.44,KDPP-Norm,397,1416,85945,0,geod_dist_to_target,24,0.351149464224456
33764.44,KDPP-Norm,397,1416,85945,0,geod_dist_to_target,26,0.351149464224456
33764.44,KDPP-Norm,397,1416,85945,0,geod_dist_to_target,28,0.351149464224456
33764.44,KDPP-Norm,397,397,85945,0,geod_dist_to_target,30,0.0
33764.44,KDPP-Norm,397,397,85945,0,geod_dist_to_target,32,0.0
33764.44,KDPP-Norm,397,397,85945,0,geod_dist_to_target,34,0.0
33764.44,KDPP-Norm,397,397,85945,0,geod_dist_to_target,36,0.0
33764.44,KDPP-Norm,397,397,85945,0,geod_dist_to_target,38,0.0
33764.44,KDPP-Norm,397,397,85945,0,geod_dist_to_target,40,0.0
33764.44,KDPP-Norm,397,397,85945,0,geod_dist_to_target,42,0.0
33764.44,KDPP-Norm,397,397,85945,0,geod_dist_to_target,44,0.0
33764.44,KDPP-Norm,397,397,85945,0,geod_dist_to_target,46,0.0
33764.44,KDPP-Norm,397,1416,85945,0,geod_dist_to_target,48,0.351149464224456
33764.44,KDPP-Norm,397,1416,85945,0,geod_dist_to_target,50,0.351149464224456
33764.44,KDPP-Norm,397,1416,85945,0,geod_dist_to_target,55,0.351149464224456
33764.44,KDPP-Norm,397,1416,85945,0,geod_dist_to_target,60,0.351149464224456
33764.44,KDPP-Norm,397,397,85945,0,geod_dist_to_target,65,0.0
33764.44,KDPP-Norm,397,397,85945,0,geod_dist_to_target,70,0.0
33764.44,KDPP-Norm,397,397,85945,0,geod_dist_to_target,75,0.0
33764.44,KDPP-Norm,397,397,85945,0,geod_dist_to_target,80,0.0
33764.44,KDPP-Norm,397,397,85945,0,geod_dist_to_target,85,0.0
33764.44,KDPP-Norm,397,397,85945,0,geod_dist_to_target,90,0.0
33764.44,KDPP-Norm,397,397,85945,0,geod_dist_to_target,95,0.0
33764.44,KDPP-Norm,397,397,85945,0,geod_dist_to_target,100,0.0
33764.44,KDPP-Norm,397,7140,697368,0,geod_dist_to_target,5,0.6709622571610145
33764.44,KDPP-Norm,397,9967,697368,0,geod_dist_to_target,6,0.31516748911608633
33764.44,KDPP-Norm,397,2812,697368,0,geod_dist_to_target,7,17.765931606051225
33764.44,KDPP-Norm,397,2812,697368,0,geod_dist_to_target,8,17.765931606051225
33764.44,KDPP-Norm,397,7904,697368,0,geod_dist_to_target,9,27.96266626195606
33764.44,KDPP-Norm,397,4693,697368,0,geod_dist_to_target,10,24.919952022350504
33764.44,KDPP-Norm,397,53,697368,0,geod_dist_to_target,11,0.9173818524657898
33764.44,KDPP-Norm,397,53,697368,0,geod_dist_to_target,12,0.9173818524657898
33764.44,KDPP-Norm,397,128,697368,0,geod_dist_to_target,13,0.8067405351312805
33764.44,KDPP-Norm,397,2924,697368,0,geod_dist_to_target,14,1.1796843833734636
33764.44,KDPP-Norm,397,2924,697368,0,geod_dist_to_target,15,1.1796843833734636
33764.44,KDPP-Norm,397,7321,697368,0,geod_dist_to_target,16,1.3795693575734465
33764.44,KDPP-Norm,397,128,697368,0,geod_dist_to_target,17,0.8067405351312805
33764.44,KDPP-Norm,397,7321,697368,0,geod_dist_to_target,18,1.3795693575734465
33764.44,KDPP-Norm,397,7321,697368,0,geod_dist_to_target,19,1.3795693575734465
33764.44,KDPP-Norm,397,2924,697368,0,geod_dist_to_target,20,1.1796843833734636
33764.44,KDPP-Norm,397,2924,697368,0,geod_dist_to_target,22,1.1796843833734636
33764.44,KDPP-Norm,397,128,697368,0,geod_dist_to_target,24,0.8067405351312805
33764.44,KDPP-Norm,397,2924,697368,0,geod_dist_to_target,26,1.1796843833734636
33764.44,KDPP-Norm,397,2924,697368,0,geod_dist_to_target,28,1.1796843833734636
33764.44,KDPP-Norm,397,2924,697368,0,geod_dist_to_target,30,1.1796843833734636
33764.44,KDPP-Norm,397,128,697368,0,geod_dist_to_target,32,0.8067405351312805
33764.44,KDPP-Norm,397,128,697368,0,geod_dist_to_target,34,0.8067405351312805
33764.44,KDPP-Norm,397,128,697368,0,geod_dist_to_target,36,0.8067405351312805
33764.44,KDPP-Norm,397,2924,697368,0,geod_dist_to_target,38,1.1796843833734636
33764.44,KDPP-Norm,397,2924,697368,0,geod_dist_to_target,40,1.1796843833734636
33764.44,KDPP-Norm,397,2924,697368,0,geod_dist_to_target,42,1.1796843833734636
33764.44,KDPP-Norm,397,2924,697368,0,geod_dist_to_target,44,1.1796843833734636
33764.44,KDPP-Norm,397,2924,697368,0,geod_dist_to_target,46,1.1796843833734636
33764.44,KDPP-Norm,397,7297,697368,0,geod_dist_to_target,48,0.5673239166111407
33764.44,KDPP-Norm,397,7297,697368,0,geod_dist_to_target,50,0.5673239166111407
33764.44,KDPP-Norm,397,7297,697368,0,geod_dist_to_target,55,0.5673239166111407
33764.44,KDPP-Norm,397,7297,697368,0,geod_dist_to_target,60,0.5673239166111407
33764.44,KDPP-Norm,397,7297,697368,0,geod_dist_to_target,65,0.5673239166111407
33764.44,KDPP-Norm,397,9967,697368,0,geod_dist_to_target,70,0.31516748911608633
33764.44,KDPP-Norm,397,397,697368,0,geod_dist_to_target,75,0.0
33764.44,KDPP-Norm,397,7297,697368,0,geod_dist_to_target,80,0.5673239166111407
33764.44,KDPP-Norm,397,397,697368,0,geod_dist_to_target,85,0.0
33764.44,KDPP-Norm,397,397,697368,0,geod_dist_to_target,90,0.0
33764.44,KDPP-Norm,397,397,697368,0,geod_dist_to_target,95,0.0
33764.44,KDPP-Norm,397,397,697368,0,geod_dist_to_target,100,0.0
33764.44,KDPP-Norm,397,1708,201469,0,geod_dist_to_target,5,2.347123022552554
33764.44,KDPP-Norm,397,9219,201469,0,geod_dist_to_target,6,6.46867794601118
33764.44,KDPP-Norm,397,6783,201469,0,geod_dist_to_target,7,14.181516252781458
33764.44,KDPP-Norm,397,6782,201469,0,geod_dist_to_target,8,13.978204524567838
33764.44,KDPP-Norm,397,6782,201469,0,geod_dist_to_target,9,13.978204524567838
33764.44,KDPP-Norm,397,7319,201469,0,geod_dist_to_target,10,1.1951117575392998
33764.44,KDPP-Norm,397,7319,201469,0,geod_dist_to_target,11,1.1951117575392998
33764.44,KDPP-Norm,397,7319,201469,0,geod_dist_to_target,12,1.1951117575392998
33764.44,KDPP-Norm,397,7319,201469,0,geod_dist_to_target,13,1.1951117575392998
33764.44,KDPP-Norm,397,2839,201469,0,geod_dist_to_target,14,1.1587807197228432
33764.44,KDPP-Norm,397,2839,201469,0,geod_dist_to_target,15,1.1587807197228432
33764.44,KDPP-Norm,397,7319,201469,0,geod_dist_to_target,16,1.1951117575392998
33764.44,KDPP-Norm,397,7319,201469,0,geod_dist_to_target,17,1.1951117575392998
33764.44,KDPP-Norm,397,539,201469,0,geod_dist_to_target,18,0.38802320100673754
33764.44,KDPP-Norm,397,7140,201469,0,geod_dist_to_target,19,0.6709622571610145
33764.44,KDPP-Norm,397,7140,201469,0,geod_dist_to_target,20,0.6709622571610145
33764.44,KDPP-Norm,397,7140,201469,0,geod_dist_to_target,22,0.6709622571610145
33764.44,KDPP-Norm,397,7140,201469,0,geod_dist_to_target,24,0.6709622571610145
33764.44,KDPP-Norm,397,539,201469,0,geod_dist_to_target,26,0.38802320100673754
33764.44,KDPP-Norm,397,539,201469,0,geod_dist_to_target,28,0.38802320100673754
33764.44,KDPP-Norm,397,539,201469,0,geod_dist_to_target,30,0.38802320100673754
33764.44,KDPP-Norm,397,7139,201469,0,geod_dist_to_target,32,0.2016504061378217
33764.44,KDPP-Norm,397,397,201469,0,geod_dist_to_target,34,0.0
33764.44,KDPP-Norm,397,397,201469,0,geod_dist_to_target,36,0.0
33764.44,KDPP-Norm,397,397,201469,0,geod_dist_to_target,38,0.0
33764.44,KDPP-Norm,397,397,201469,0,geod_dist_to_target,40,0.0
33764.44,KDPP-Norm,397,1416,201469,0,geod_dist_to_target,42,0.351149464224456
33764.44,KDPP-Norm,397,1416,201469,0,geod_dist_to_target,44,0.351149464224456
33764.44,KDPP-Norm,397,1416,201469,0,geod_dist_to_target,46,0.351149464224456
33764.44,KDPP-Norm,397,1416,201469,0,geod_dist_to_target,48,0.351149464224456
33764.44,KDPP-Norm,397,1416,201469,0,geod_dist_to_target,50,0.351149464224456
33764.44,KDPP-Norm,397,1416,201469,0,geod_dist_to_target,55,0.351149464224456
33764.44,KDPP-Norm,397,1416,201469,0,geod_dist_to_target,60,0.351149464224456
33764.44,KDPP-Norm,397,1416,201469,0,geod_dist_to_target,65,0.351149464224456
33764.44,KDPP-Norm,397,1416,201469,0,geod_dist_to_target,70,0.351149464224456
33764.44,KDPP-Norm,397,1416,201469,0,geod_dist_to_target,75,0.351149464224456
33764.44,KDPP-Norm,397,1416,201469,0,geod_dist_to_target,80,0.351149464224456
33764.44,KDPP-Norm,397,1416,201469,0,geod_dist_to_target,85,0.351149464224456
33764.44,KDPP-Norm,397,1416,201469,0,geod_dist_to_target,90,0.351149464224456
33764.44,KDPP-Norm,397,1416,201469,0,geod_dist_to_target,95,0.351149464224456
33764.44,KDPP-Norm,397,397,201469,0,geod_dist_to_target,100,0.0
33764.44,KDPP-Norm,397,6444,94177,0,geod_dist_to_target,5,6.1417083223115165
33764.44,KDPP-Norm,397,6790,94177,0,geod_dist_to_target,6,4.440593171813696
33764.44,KDPP-Norm,397,2033,94177,0,geod_dist_to_target,7,6.763130111317591
33764.44,KDPP-Norm,397,2033,94177,0,geod_dist_to_target,8,6.763130111317591
33764.44,KDPP-Norm,397,10355,94177,0,geod_dist_to_target,9,2.386924937642826
33764.44,KDPP-Norm,397,11715,94177,0,geod_dist_to_target,10,3.2127338995261803
33764.44,KDPP-Norm,397,11715,94177,0,geod_dist_to_target,11,3.2127338995261803
33764.44,KDPP-Norm,397,11715,94177,0,geod_dist_to_target,12,3.2127338995261803
33764.44,KDPP-Norm,397,11715,94177,0,geod_dist_to_target,13,3.2127338995261803
33764.44,KDPP-Norm,397,10870,94177,0,geod_dist_to_target,14,5.247585917480245
33764.44,KDPP-Norm,397,10870,94177,0,geod_dist_to_target,15,5.247585917480245
33764.44,KDPP-Norm,397,10870,94177,0,geod_dist_to_target,16,5.247585917480245
33764.44,KDPP-Norm,397,10870,94177,0,geod_dist_to_target,17,5.247585917480245
33764.44,KDPP-Norm,397,10870,94177,0,geod_dist_to_target,18,5.247585917480245
33764.44,KDPP-Norm,397,10870,94177,0,geod_dist_to_target,19,5.247585917480245
33764.44,KDPP-Norm,397,10870,94177,0,geod_dist_to_target,20,5.247585917480245
33764.44,KDPP-Norm,397,10870,94177,0,geod_dist_to_target,22,5.247585917480245
33764.44,KDPP-Norm,397,1416,94177,0,geod_dist_to_target,24,0.351149464224456
33764.44,KDPP-Norm,397,1416,94177,0,geod_dist_to_target,26,0.351149464224456
33764.44,KDPP-Norm,397,1416,94177,0,geod_dist_to_target,28,0.351149464224456
33764.44,KDPP-Norm,397,1416,94177,0,geod_dist_to_target,30,0.351149464224456
33764.44,KDPP-Norm,397,1416,94177,0,geod_dist_to_target,32,0.351149464224456
33764.44,KDPP-Norm,397,1416,94177,0,geod_dist_to_target,34,0.351149464224456
33764.44,KDPP-Norm,397,1416,94177,0,geod_dist_to_target,36,0.351149464224456
33764.44,KDPP-Norm,397,1416,94177,0,geod_dist_to_target,38,0.351149464224456
33764.44,KDPP-Norm,397,1416,94177,0,geod_dist_to_target,40,0.351149464224456
33764.44,KDPP-Norm,397,1416,94177,0,geod_dist_to_target,42,0.351149464224456
33764.44,KDPP-Norm,397,1416,94177,0,geod_dist_to_target,44,0.351149464224456
33764.44,KDPP-Norm,397,1416,94177,0,geod_dist_to_target,46,0.351149464224456
33764.44,KDPP-Norm,397,11715,94177,0,geod_dist_to_target,48,3.2127338995261803
33764.44,KDPP-Norm,397,11715,94177,0,geod_dist_to_target,50,3.2127338995261803
33764.44,KDPP-Norm,397,1416,94177,0,geod_dist_to_target,55,0.351149464224456
33764.44,KDPP-Norm,397,1416,94177,0,geod_dist_to_target,60,0.351149464224456
33764.44,KDPP-Norm,397,1416,94177,0,geod_dist_to_target,65,0.351149464224456
33764.44,KDPP-Norm,397,1416,94177,0,geod_dist_to_target,70,0.351149464224456
33764.44,KDPP-Norm,397,1416,94177,0,geod_dist_to_target,75,0.351149464224456
33764.44,KDPP-Norm,397,1416,94177,0,geod_dist_to_target,80,0.351149464224456
33764.44,KDPP-Norm,397,1416,94177,0,geod_dist_to_target,85,0.351149464224456
33764.44,KDPP-Norm,397,1416,94177,0,geod_dist_to_target,90,0.351149464224456
33764.44,KDPP-Norm,397,1416,94177,0,geod_dist_to_target,95,0.351149464224456
33764.44,KDPP-Norm,397,1416,94177,0,geod_dist_to_target,100,0.351149464224456
