subject_id,experiment_name,hotspot_idx,current_hotspot_idx,realization_id,sequence_idx,score_type,sequence_length,score
33764.44,RANDOM,1703,7065,89250,0,geod_dist_to_target,5,35.8074159025912
33764.44,RANDOM,1703,4817,89250,0,geod_dist_to_target,6,16.6769489261819
33764.44,RANDOM,1703,4816,89250,0,geod_dist_to_target,7,16.995293176374556
33764.44,RANDOM,1703,9879,89250,0,geod_dist_to_target,8,17.2372846592943
33764.44,RANDOM,1703,11115,89250,0,geod_dist_to_target,9,7.45643047545125
33764.44,RANDOM,1703,11115,89250,0,geod_dist_to_target,10,7.45643047545125
33764.44,RANDOM,1703,11115,89250,0,geod_dist_to_target,11,7.45643047545125
33764.44,RANDOM,1703,11115,89250,0,geod_dist_to_target,12,7.45643047545125
33764.44,RANDOM,1703,11115,89250,0,geod_dist_to_target,13,7.45643047545125
33764.44,RANDOM,1703,11115,89250,0,geod_dist_to_target,14,7.45643047545125
33764.44,RANDOM,1703,11115,89250,0,geod_dist_to_target,15,7.45643047545125
33764.44,RANDOM,1703,11115,89250,0,geod_dist_to_target,16,7.45643047545125
33764.44,RANDOM,1703,11115,89250,0,geod_dist_to_target,17,7.45643047545125
33764.44,RANDOM,1703,8591,89250,0,geod_dist_to_target,18,8.615994165149518
33764.44,RANDOM,1703,8591,89250,0,geod_dist_to_target,19,8.615994165149518
33764.44,RANDOM,1703,1383,89250,0,geod_dist_to_target,20,10.097408616017342
33764.44,RANDOM,1703,1383,89250,0,geod_dist_to_target,22,10.097408616017342
33764.44,RANDOM,1703,1383,89250,0,geod_dist_to_target,24,10.097408616017342
33764.44,RANDOM,1703,1383,89250,0,geod_dist_to_target,26,10.097408616017342
33764.44,RANDOM,1703,11115,89250,0,geod_dist_to_target,28,7.45643047545125
33764.44,RANDOM,1703,11115,89250,0,geod_dist_to_target,30,7.45643047545125
33764.44,RANDOM,1703,11115,89250,0,geod_dist_to_target,32,7.45643047545125
33764.44,RANDOM,1703,11115,89250,0,geod_dist_to_target,34,7.45643047545125
33764.44,RANDOM,1703,11115,89250,0,geod_dist_to_target,36,7.45643047545125
33764.44,RANDOM,1703,2097,89250,0,geod_dist_to_target,38,1.2191724290331893
33764.44,RANDOM,1703,2097,89250,0,geod_dist_to_target,40,1.2191724290331893
33764.44,RANDOM,1703,2097,89250,0,geod_dist_to_target,42,1.2191724290331893
33764.44,RANDOM,1703,2097,89250,0,geod_dist_to_target,44,1.2191724290331893
33764.44,RANDOM,1703,2097,89250,0,geod_dist_to_target,46,1.2191724290331893
33764.44,RANDOM,1703,2097,89250,0,geod_dist_to_target,48,1.2191724290331893
33764.44,RANDOM,1703,2097,89250,0,geod_dist_to_target,50,1.2191724290331893
33764.44,RANDOM,1703,501,89250,0,geod_dist_to_target,55,1.7639502055891951
33764.44,RANDOM,1703,2097,89250,0,geod_dist_to_target,60,1.2191724290331893
33764.44,RANDOM,1703,348,89250,0,geod_dist_to_target,65,0.5119390166909262
33764.44,RANDOM,1703,4377,89250,0,geod_dist_to_target,70,0.46831042591843214
33764.44,RANDOM,1703,348,89250,0,geod_dist_to_target,75,0.5119390166909262
33764.44,RANDOM,1703,4377,89250,0,geod_dist_to_target,80,0.46831042591843214
33764.44,RANDOM,1703,4377,89250,0,geod_dist_to_target,85,0.46831042591843214
33764.44,RANDOM,1703,348,89250,0,geod_dist_to_target,90,0.5119390166909262
33764.44,RANDOM,1703,4377,89250,0,geod_dist_to_target,95,0.46831042591843214
33764.44,RANDOM,1703,4377,89250,0,geod_dist_to_target,100,0.46831042591843214
33764.44,RANDOM,1703,11324,773956,0,geod_dist_to_target,5,2.685808351051307
33764.44,RANDOM,1703,1257,773956,0,geod_dist_to_target,6,6.17343849583008
33764.44,RANDOM,1703,375,773956,0,geod_dist_to_target,7,18.098709254019777
33764.44,RANDOM,1703,1257,773956,0,geod_dist_to_target,8,6.17343849583008
33764.44,RANDOM,1703,6513,773956,0,geod_dist_to_target,9,7.508721002037653
33764.44,RANDOM,1703,2435,773956,0,geod_dist_to_target,10,14.71405192278389
33764.44,RANDOM,1703,216,773956,0,geod_dist_to_target,11,15.190654235182178
33764.44,RANDOM,1703,216,773956,0,geod_dist_to_target,12,15.190654235182178
33764.44,RANDOM,1703,216,773956,0,geod_dist_to_target,13,15.190654235182178
33764.44,RANDOM,1703,216,773956,0,geod_dist_to_target,14,15.190654235182178
33764.44,RANDOM,1703,6358,773956,0,geod_dist_to_target,15,12.800354093076685
33764.44,RANDOM,1703,6358,773956,0,geod_dist_to_target,16,12.800354093076685
33764.44,RANDOM,1703,6358,773956,0,geod_dist_to_target,17,12.800354093076685
33764.44,RANDOM,1703,3017,773956,0,geod_dist_to_target,18,15.399056206155848
33764.44,RANDOM,1703,3017,773956,0,geod_dist_to_target,19,15.399056206155848
33764.44,RANDOM,1703,3017,773956,0,geod_dist_to_target,20,15.399056206155848
33764.44,RANDOM,1703,9980,773956,0,geod_dist_to_target,22,9.940486497857153
33764.44,RANDOM,1703,12091,773956,0,geod_dist_to_target,24,9.470606450831097
33764.44,RANDOM,1703,4367,773956,0,geod_dist_to_target,26,1.6172242492586573
33764.44,RANDOM,1703,4367,773956,0,geod_dist_to_target,28,1.6172242492586573
33764.44,RANDOM,1703,4367,773956,0,geod_dist_to_target,30,1.6172242492586573
33764.44,RANDOM,1703,4367,773956,0,geod_dist_to_target,32,1.6172242492586573
33764.44,RANDOM,1703,4367,773956,0,geod_dist_to_target,34,1.6172242492586573
33764.44,RANDOM,1703,1005,773956,0,geod_dist_to_target,36,0.884314496638899
33764.44,RANDOM,1703,4367,773956,0,geod_dist_to_target,38,1.6172242492586573
33764.44,RANDOM,1703,4367,773956,0,geod_dist_to_target,40,1.6172242492586573
33764.44,RANDOM,1703,4367,773956,0,geod_dist_to_target,42,1.6172242492586573
33764.44,RANDOM,1703,4378,773956,0,geod_dist_to_target,44,0.9962662417445457
33764.44,RANDOM,1703,4378,773956,0,geod_dist_to_target,46,0.9962662417445457
33764.44,RANDOM,1703,4378,773956,0,geod_dist_to_target,48,0.9962662417445457
33764.44,RANDOM,1703,1005,773956,0,geod_dist_to_target,50,0.884314496638899
33764.44,RANDOM,1703,4378,773956,0,geod_dist_to_target,55,0.9962662417445457
33764.44,RANDOM,1703,4378,773956,0,geod_dist_to_target,60,0.9962662417445457
33764.44,RANDOM,1703,4201,773956,0,geod_dist_to_target,65,0.22467978116970785
33764.44,RANDOM,1703,4200,773956,0,geod_dist_to_target,70,0.49102418320330976
33764.44,RANDOM,1703,4201,773956,0,geod_dist_to_target,75,0.22467978116970785
33764.44,RANDOM,1703,4202,773956,0,geod_dist_to_target,80,0.24838691691917922
33764.44,RANDOM,1703,4202,773956,0,geod_dist_to_target,85,0.24838691691917922
33764.44,RANDOM,1703,4202,773956,0,geod_dist_to_target,90,0.24838691691917922
33764.44,RANDOM,1703,4202,773956,0,geod_dist_to_target,95,0.24838691691917922
33764.44,RANDOM,1703,2071,773956,0,geod_dist_to_target,100,1.0152557721994404
33764.44,RANDOM,1703,11004,654571,0,geod_dist_to_target,5,11.40410903945329
33764.44,RANDOM,1703,11004,654571,0,geod_dist_to_target,6,11.40410903945329
33764.44,RANDOM,1703,11004,654571,0,geod_dist_to_target,7,11.40410903945329
33764.44,RANDOM,1703,11004,654571,0,geod_dist_to_target,8,11.40410903945329
33764.44,RANDOM,1703,209,654571,0,geod_dist_to_target,9,8.333719542888105
33764.44,RANDOM,1703,8878,654571,0,geod_dist_to_target,10,48.79372616396261
33764.44,RANDOM,1703,8878,654571,0,geod_dist_to_target,11,48.79372616396261
33764.44,RANDOM,1703,8878,654571,0,geod_dist_to_target,12,48.79372616396261
33764.44,RANDOM,1703,4154,654571,0,geod_dist_to_target,13,36.83152095846966
33764.44,RANDOM,1703,7226,654571,0,geod_dist_to_target,14,48.58311541598665
33764.44,RANDOM,1703,12091,654571,0,geod_dist_to_target,15,9.470606450831097
33764.44,RANDOM,1703,2435,654571,0,geod_dist_to_target,16,14.71405192278389
33764.44,RANDOM,1703,2435,654571,0,geod_dist_to_target,17,14.71405192278389
33764.44,RANDOM,1703,2435,654571,0,geod_dist_to_target,18,14.71405192278389
33764.44,RANDOM,1703,2435,654571,0,geod_dist_to_target,19,14.71405192278389
33764.44,RANDOM,1703,2435,654571,0,geod_dist_to_target,20,14.71405192278389
33764.44,RANDOM,1703,2481,654571,0,geod_dist_to_target,22,14.478554833898341
33764.44,RANDOM,1703,2481,654571,0,geod_dist_to_target,24,14.478554833898341
33764.44,RANDOM,1703,2481,654571,0,geod_dist_to_target,26,14.478554833898341
33764.44,RANDOM,1703,4634,654571,0,geod_dist_to_target,28,13.787123985702694
33764.44,RANDOM,1703,2845,654571,0,geod_dist_to_target,30,13.998957132278525
33764.44,RANDOM,1703,2845,654571,0,geod_dist_to_target,32,13.998957132278525
33764.44,RANDOM,1703,4632,654571,0,geod_dist_to_target,34,14.583563270601017
33764.44,RANDOM,1703,4632,654571,0,geod_dist_to_target,36,14.583563270601017
33764.44,RANDOM,1703,2845,654571,0,geod_dist_to_target,38,13.998957132278525
33764.44,RANDOM,1703,2845,654571,0,geod_dist_to_target,40,13.998957132278525
33764.44,RANDOM,1703,2845,654571,0,geod_dist_to_target,42,13.998957132278525
33764.44,RANDOM,1703,4632,654571,0,geod_dist_to_target,44,14.583563270601017
33764.44,RANDOM,1703,4632,654571,0,geod_dist_to_target,46,14.583563270601017
33764.44,RANDOM,1703,4632,654571,0,geod_dist_to_target,48,14.583563270601017
33764.44,RANDOM,1703,4632,654571,0,geod_dist_to_target,50,14.583563270601017
33764.44,RANDOM,1703,2481,654571,0,geod_dist_to_target,55,14.478554833898341
33764.44,RANDOM,1703,2481,654571,0,geod_dist_to_target,60,14.478554833898341
33764.44,RANDOM,1703,2481,654571,0,geod_dist_to_target,65,14.478554833898341
33764.44,RANDOM,1703,4624,654571,0,geod_dist_to_target,70,15.044612843332578
33764.44,RANDOM,1703,2481,654571,0,geod_dist_to_target,75,14.478554833898341
33764.44,RANDOM,1703,2481,654571,0,geod_dist_to_target,80,14.478554833898341
33764.44,RANDOM,1703,2481,654571,0,geod_dist_to_target,85,14.478554833898341
33764.44,RANDOM,1703,2481,654571,0,geod_dist_to_target,90,14.478554833898341
33764.44,RANDOM,1703,2481,654571,0,geod_dist_to_target,95,14.478554833898341
33764.44,RANDOM,1703,4624,654571,0,geod_dist_to_target,100,15.044612843332578
33764.44,RANDOM,1703,4422,438878,0,geod_dist_to_target,5,16.505688886219783
33764.44,RANDOM,1703,9365,438878,0,geod_dist_to_target,6,49.66940612521961
33764.44,RANDOM,1703,9365,438878,0,geod_dist_to_target,7,49.66940612521961
33764.44,RANDOM,1703,7255,438878,0,geod_dist_to_target,8,6.190167573152839
33764.44,RANDOM,1703,7255,438878,0,geod_dist_to_target,9,6.190167573152839
33764.44,RANDOM,1703,3660,438878,0,geod_dist_to_target,10,17.23671616767594
33764.44,RANDOM,1703,7899,438878,0,geod_dist_to_target,11,16.923787607976443
33764.44,RANDOM,1703,7899,438878,0,geod_dist_to_target,12,16.923787607976443
33764.44,RANDOM,1703,7899,438878,0,geod_dist_to_target,13,16.923787607976443
33764.44,RANDOM,1703,7899,438878,0,geod_dist_to_target,14,16.923787607976443
33764.44,RANDOM,1703,4421,438878,0,geod_dist_to_target,15,16.901134517916315
33764.44,RANDOM,1703,4421,438878,0,geod_dist_to_target,16,16.901134517916315
33764.44,RANDOM,1703,4421,438878,0,geod_dist_to_target,17,16.901134517916315
33764.44,RANDOM,1703,4412,438878,0,geod_dist_to_target,18,17.518567839136495
33764.44,RANDOM,1703,4412,438878,0,geod_dist_to_target,19,17.518567839136495
33764.44,RANDOM,1703,4412,438878,0,geod_dist_to_target,20,17.518567839136495
33764.44,RANDOM,1703,4421,438878,0,geod_dist_to_target,22,16.901134517916315
33764.44,RANDOM,1703,4421,438878,0,geod_dist_to_target,24,16.901134517916315
33764.44,RANDOM,1703,4421,438878,0,geod_dist_to_target,26,16.901134517916315
33764.44,RANDOM,1703,4412,438878,0,geod_dist_to_target,28,17.518567839136495
33764.44,RANDOM,1703,4412,438878,0,geod_dist_to_target,30,17.518567839136495
33764.44,RANDOM,1703,10371,438878,0,geod_dist_to_target,32,16.318764571561825
33764.44,RANDOM,1703,10371,438878,0,geod_dist_to_target,34,16.318764571561825
33764.44,RANDOM,1703,4231,438878,0,geod_dist_to_target,36,3.5538722266913028
33764.44,RANDOM,1703,328,438878,0,geod_dist_to_target,38,4.232228516064516
33764.44,RANDOM,1703,328,438878,0,geod_dist_to_target,40,4.232228516064516
33764.44,RANDOM,1703,328,438878,0,geod_dist_to_target,42,4.232228516064516
33764.44,RANDOM,1703,328,438878,0,geod_dist_to_target,44,4.232228516064516
33764.44,RANDOM,1703,328,438878,0,geod_dist_to_target,46,4.232228516064516
33764.44,RANDOM,1703,328,438878,0,geod_dist_to_target,48,4.232228516064516
33764.44,RANDOM,1703,328,438878,0,geod_dist_to_target,50,4.232228516064516
33764.44,RANDOM,1703,328,438878,0,geod_dist_to_target,55,4.232228516064516
33764.44,RANDOM,1703,299,438878,0,geod_dist_to_target,60,16.001542624856878
33764.44,RANDOM,1703,299,438878,0,geod_dist_to_target,65,16.001542624856878
33764.44,RANDOM,1703,4725,438878,0,geod_dist_to_target,70,2.767412195609948
33764.44,RANDOM,1703,4222,438878,0,geod_dist_to_target,75,1.861108835383731
33764.44,RANDOM,1703,4222,438878,0,geod_dist_to_target,80,1.861108835383731
33764.44,RANDOM,1703,4222,438878,0,geod_dist_to_target,85,1.861108835383731
33764.44,RANDOM,1703,4222,438878,0,geod_dist_to_target,90,1.861108835383731
33764.44,RANDOM,1703,4222,438878,0,geod_dist_to_target,95,1.861108835383731
33764.44,RANDOM,1703,4222,438878,0,geod_dist_to_target,100,1.861108835383731
33764.44,RANDOM,1703,9954,433015,0,geod_dist_to_target,5,17.400812452456865
33764.44,RANDOM,1703,2063,433015,0,geod_dist_to_target,6,8.586408573499481
33764.44,RANDOM,1703,11078,433015,0,geod_dist_to_target,7,8.255506876892243
33764.44,RANDOM,1703,12444,433015,0,geod_dist_to_target,8,8.790185567598622
33764.44,RANDOM,1703,5338,433015,0,geod_dist_to_target,9,9.525286067874154
33764.44,RANDOM,1703,4372,433015,0,geod_dist_to_target,10,2.7473578421062013
33764.44,RANDOM,1703,10422,433015,0,geod_dist_to_target,11,2.5107204078732726
33764.44,RANDOM,1703,10422,433015,0,geod_dist_to_target,12,2.5107204078732726
33764.44,RANDOM,1703,10422,433015,0,geod_dist_to_target,13,2.5107204078732726
33764.44,RANDOM,1703,10422,433015,0,geod_dist_to_target,14,2.5107204078732726
33764.44,RANDOM,1703,10422,433015,0,geod_dist_to_target,15,2.5107204078732726
33764.44,RANDOM,1703,10422,433015,0,geod_dist_to_target,16,2.5107204078732726
33764.44,RANDOM,1703,10422,433015,0,geod_dist_to_target,17,2.5107204078732726
33764.44,RANDOM,1703,3322,433015,0,geod_dist_to_target,18,1.2205611344106198
33764.44,RANDOM,1703,3322,433015,0,geod_dist_to_target,19,1.2205611344106198
33764.44,RANDOM,1703,3322,433015,0,geod_dist_to_target,20,1.2205611344106198
33764.44,RANDOM,1703,1192,433015,0,geod_dist_to_target,22,0.855520712031352
33764.44,RANDOM,1703,1360,433015,0,geod_dist_to_target,24,0.9366242518951514
33764.44,RANDOM,1703,1424,433015,0,geod_dist_to_target,26,1.1100273457715135
33764.44,RANDOM,1703,4377,433015,0,geod_dist_to_target,28,0.46831042591843214
33764.44,RANDOM,1703,1703,433015,0,geod_dist_to_target,30,0.0
33764.44,RANDOM,1703,4377,433015,0,geod_dist_to_target,32,0.46831042591843214
33764.44,RANDOM,1703,1703,433015,0,geod_dist_to_target,34,0.0
33764.44,RANDOM,1703,4211,433015,0,geod_dist_to_target,36,0.5322247347903476
33764.44,RANDOM,1703,7548,433015,0,geod_dist_to_target,38,1.3661127631445547
33764.44,RANDOM,1703,7548,433015,0,geod_dist_to_target,40,1.3661127631445547
33764.44,RANDOM,1703,7548,433015,0,geod_dist_to_target,42,1.3661127631445547
33764.44,RANDOM,1703,7548,433015,0,geod_dist_to_target,44,1.3661127631445547
33764.44,RANDOM,1703,7548,433015,0,geod_dist_to_target,46,1.3661127631445547
33764.44,RANDOM,1703,7548,433015,0,geod_dist_to_target,48,1.3661127631445547
33764.44,RANDOM,1703,7548,433015,0,geod_dist_to_target,50,1.3661127631445547
33764.44,RANDOM,1703,4211,433015,0,geod_dist_to_target,55,0.5322247347903476
33764.44,RANDOM,1703,4202,433015,0,geod_dist_to_target,60,0.24838691691917922
33764.44,RANDOM,1703,2071,433015,0,geod_dist_to_target,65,1.0152557721994404
33764.44,RANDOM,1703,4222,433015,0,geod_dist_to_target,70,1.861108835383731
33764.44,RANDOM,1703,7548,433015,0,geod_dist_to_target,75,1.3661127631445547
33764.44,RANDOM,1703,7548,433015,0,geod_dist_to_target,80,1.3661127631445547
33764.44,RANDOM,1703,4725,433015,0,geod_dist_to_target,85,2.767412195609948
33764.44,RANDOM,1703,4725,433015,0,geod_dist_to_target,90,2.767412195609948
33764.44,RANDOM,1703,7548,433015,0,geod_dist_to_target,95,1.3661127631445547
33764.44,RANDOM,1703,7548,433015,0,geod_dist_to_target,100,1.3661127631445547
33764.44,RANDOM,1703,11926,858597,0,geod_dist_to_target,5,3.622209153567514
33764.44,RANDOM,1703,11926,858597,0,geod_dist_to_target,6,3.622209153567514
33764.44,RANDOM,1703,11926,858597,0,geod_dist_to_target,7,3.622209153567514
33764.44,RANDOM,1703,10115,858597,0,geod_dist_to_target,8,57.00950344248562
33764.44,RANDOM,1703,4750,858597,0,geod_dist_to_target,9,4.398199345131812
33764.44,RANDOM,1703,5159,858597,0,geod_dist_to_target,10,15.510362323557722
33764.44,RANDOM,1703,5159,858597,0,geod_dist_to_target,11,15.510362323557722
33764.44,RANDOM,1703,5159,858597,0,geod_dist_to_target,12,15.510362323557722
33764.44,RANDOM,1703,5159,858597,0,geod_dist_to_target,13,15.510362323557722
33764.44,RANDOM,1703,5159,858597,0,geod_dist_to_target,14,15.510362323557722
33764.44,RANDOM,1703,2127,858597,0,geod_dist_to_target,15,0.5178958072914037
33764.44,RANDOM,1703,2127,858597,0,geod_dist_to_target,16,0.5178958072914037
33764.44,RANDOM,1703,2127,858597,0,geod_dist_to_target,17,0.5178958072914037
33764.44,RANDOM,1703,4725,858597,0,geod_dist_to_target,18,2.767412195609948
33764.44,RANDOM,1703,4725,858597,0,geod_dist_to_target,19,2.767412195609948
33764.44,RANDOM,1703,4725,858597,0,geod_dist_to_target,20,2.767412195609948
33764.44,RANDOM,1703,299,858597,0,geod_dist_to_target,22,16.001542624856878
33764.44,RANDOM,1703,4725,858597,0,geod_dist_to_target,24,2.767412195609948
33764.44,RANDOM,1703,4725,858597,0,geod_dist_to_target,26,2.767412195609948
33764.44,RANDOM,1703,11612,858597,0,geod_dist_to_target,28,2.9051170545815608
33764.44,RANDOM,1703,2439,858597,0,geod_dist_to_target,30,2.0114983175549903
33764.44,RANDOM,1703,11612,858597,0,geod_dist_to_target,32,2.9051170545815608
33764.44,RANDOM,1703,4222,858597,0,geod_dist_to_target,34,1.861108835383731
33764.44,RANDOM,1703,4222,858597,0,geod_dist_to_target,36,1.861108835383731
33764.44,RANDOM,1703,11612,858597,0,geod_dist_to_target,38,2.9051170545815608
33764.44,RANDOM,1703,11612,858597,0,geod_dist_to_target,40,2.9051170545815608
33764.44,RANDOM,1703,11612,858597,0,geod_dist_to_target,42,2.9051170545815608
33764.44,RANDOM,1703,11612,858597,0,geod_dist_to_target,44,2.9051170545815608
33764.44,RANDOM,1703,11612,858597,0,geod_dist_to_target,46,2.9051170545815608
33764.44,RANDOM,1703,4222,858597,0,geod_dist_to_target,48,1.861108835383731
33764.44,RANDOM,1703,4222,858597,0,geod_dist_to_target,50,1.861108835383731
33764.44,RANDOM,1703,4222,858597,0,geod_dist_to_target,55,1.861108835383731
33764.44,RANDOM,1703,4222,858597,0,geod_dist_to_target,60,1.861108835383731
33764.44,RANDOM,1703,4222,858597,0,geod_dist_to_target,65,1.861108835383731
33764.44,RANDOM,1703,4222,858597,0,geod_dist_to_target,70,1.861108835383731
33764.44,RANDOM,1703,4222,858597,0,geod_dist_to_target,75,1.861108835383731
33764.44,RANDOM,1703,4222,858597,0,geod_dist_to_target,80,1.861108835383731
33764.44,RANDOM,1703,4222,858597,0,geod_dist_to_target,85,1.861108835383731
33764.44,RANDOM,1703,4222,858597,0,geod_dist_to_target,90,1.861108835383731
33764.44,RANDOM,1703,4202,858597,0,geod_dist_to_target,95,0.24838691691917922
33764.44,RANDOM,1703,4202,858597,0,geod_dist_to_target,100,0.24838691691917922
33764.44,RANDOM,1703,12363,85945,0,geod_dist_to_target,5,10.321745181667433
33764.44,RANDOM,1703,5355,85945,0,geod_dist_to_target,6,14.776989411618615
33764.44,RANDOM,1703,5506,85945,0,geod_dist_to_target,7,7.496371200454341
33764.44,RANDOM,1703,4967,85945,0,geod_dist_to_target,8,6.596270271415366
33764.44,RANDOM,1703,2650,85945,0,geod_dist_to_target,9,9.27591845386713
33764.44,RANDOM,1703,1076,85945,0,geod_dist_to_target,10,13.35266111705486
33764.44,RANDOM,1703,1116,85945,0,geod_dist_to_target,11,11.0847824618503
33764.44,RANDOM,1703,1116,85945,0,geod_dist_to_target,12,11.0847824618503
33764.44,RANDOM,1703,1116,85945,0,geod_dist_to_target,13,11.0847824618503
33764.44,RANDOM,1703,1116,85945,0,geod_dist_to_target,14,11.0847824618503
33764.44,RANDOM,1703,9437,85945,0,geod_dist_to_target,15,50.79960451914406
33764.44,RANDOM,1703,12054,85945,0,geod_dist_to_target,16,58.58245829944817
33764.44,RANDOM,1703,12054,85945,0,geod_dist_to_target,17,58.58245829944817
33764.44,RANDOM,1703,373,85945,0,geod_dist_to_target,18,17.03194659183418
33764.44,RANDOM,1703,373,85945,0,geod_dist_to_target,19,17.03194659183418
33764.44,RANDOM,1703,373,85945,0,geod_dist_to_target,20,17.03194659183418
33764.44,RANDOM,1703,373,85945,0,geod_dist_to_target,22,17.03194659183418
33764.44,RANDOM,1703,121,85945,0,geod_dist_to_target,24,16.0388707588612
33764.44,RANDOM,1703,121,85945,0,geod_dist_to_target,26,16.0388707588612
33764.44,RANDOM,1703,5504,85945,0,geod_dist_to_target,28,16.792820985802333
33764.44,RANDOM,1703,5504,85945,0,geod_dist_to_target,30,16.792820985802333
33764.44,RANDOM,1703,5504,85945,0,geod_dist_to_target,32,16.792820985802333
33764.44,RANDOM,1703,5504,85945,0,geod_dist_to_target,34,16.792820985802333
33764.44,RANDOM,1703,11729,85945,0,geod_dist_to_target,36,16.249766508013888
33764.44,RANDOM,1703,123,85945,0,geod_dist_to_target,38,15.99885119361278
33764.44,RANDOM,1703,123,85945,0,geod_dist_to_target,40,15.99885119361278
33764.44,RANDOM,1703,123,85945,0,geod_dist_to_target,42,15.99885119361278
33764.44,RANDOM,1703,123,85945,0,geod_dist_to_target,44,15.99885119361278
33764.44,RANDOM,1703,11729,85945,0,geod_dist_to_target,46,16.249766508013888
33764.44,RANDOM,1703,11729,85945,0,geod_dist_to_target,48,16.249766508013888
33764.44,RANDOM,1703,2071,85945,0,geod_dist_to_target,50,1.0152557721994404
33764.44,RANDOM,1703,7548,85945,0,geod_dist_to_target,55,1.3661127631445547
33764.44,RANDOM,1703,7548,85945,0,geod_dist_to_target,60,1.3661127631445547
33764.44,RANDOM,1703,7548,85945,0,geod_dist_to_target,65,1.3661127631445547
33764.44,RANDOM,1703,7548,85945,0,geod_dist_to_target,70,1.3661127631445547
33764.44,RANDOM,1703,9328,85945,0,geod_dist_to_target,75,2.2596473411975073
33764.44,RANDOM,1703,9328,85945,0,geod_dist_to_target,80,2.2596473411975073
33764.44,RANDOM,1703,9328,85945,0,geod_dist_to_target,85,2.2596473411975073
33764.44,RANDOM,1703,9328,85945,0,geod_dist_to_target,90,2.2596473411975073
33764.44,RANDOM,1703,7548,85945,0,geod_dist_to_target,95,1.3661127631445547
33764.44,RANDOM,1703,7548,85945,0,geod_dist_to_target,100,1.3661127631445547
33764.44,RANDOM,1703,373,697368,0,geod_dist_to_target,5,17.03194659183418
33764.44,RANDOM,1703,10345,697368,0,geod_dist_to_target,6,5.856523337259397
33764.44,RANDOM,1703,10345,697368,0,geod_dist_to_target,7,5.856523337259397
33764.44,RANDOM,1703,5164,697368,0,geod_dist_to_target,8,52.938199258637134
33764.44,RANDOM,1703,4245,697368,0,geod_dist_to_target,9,4.346201606592824
33764.44,RANDOM,1703,5504,697368,0,geod_dist_to_target,10,16.792820985802333
33764.44,RANDOM,1703,4406,697368,0,geod_dist_to_target,11,2.146463518664509
33764.44,RANDOM,1703,4406,697368,0,geod_dist_to_target,12,2.146463518664509
33764.44,RANDOM,1703,5504,697368,0,geod_dist_to_target,13,16.792820985802333
33764.44,RANDOM,1703,5504,697368,0,geod_dist_to_target,14,16.792820985802333
33764.44,RANDOM,1703,5159,697368,0,geod_dist_to_target,15,15.510362323557722
33764.44,RANDOM,1703,5159,697368,0,geod_dist_to_target,16,15.510362323557722
33764.44,RANDOM,1703,5159,697368,0,geod_dist_to_target,17,15.510362323557722
33764.44,RANDOM,1703,11729,697368,0,geod_dist_to_target,18,16.249766508013888
33764.44,RANDOM,1703,11729,697368,0,geod_dist_to_target,19,16.249766508013888
33764.44,RANDOM,1703,11729,697368,0,geod_dist_to_target,20,16.249766508013888
33764.44,RANDOM,1703,299,697368,0,geod_dist_to_target,22,16.001542624856878
33764.44,RANDOM,1703,4624,697368,0,geod_dist_to_target,24,15.044612843332578
33764.44,RANDOM,1703,4624,697368,0,geod_dist_to_target,26,15.044612843332578
33764.44,RANDOM,1703,4624,697368,0,geod_dist_to_target,28,15.044612843332578
33764.44,RANDOM,1703,4624,697368,0,geod_dist_to_target,30,15.044612843332578
33764.44,RANDOM,1703,5397,697368,0,geod_dist_to_target,32,8.275038014853878
33764.44,RANDOM,1703,5397,697368,0,geod_dist_to_target,34,8.275038014853878
33764.44,RANDOM,1703,5397,697368,0,geod_dist_to_target,36,8.275038014853878
33764.44,RANDOM,1703,5397,697368,0,geod_dist_to_target,38,8.275038014853878
33764.44,RANDOM,1703,5397,697368,0,geod_dist_to_target,40,8.275038014853878
33764.44,RANDOM,1703,4175,697368,0,geod_dist_to_target,42,9.355139976160926
33764.44,RANDOM,1703,4175,697368,0,geod_dist_to_target,44,9.355139976160926
33764.44,RANDOM,1703,4175,697368,0,geod_dist_to_target,46,9.355139976160926
33764.44,RANDOM,1703,5397,697368,0,geod_dist_to_target,48,8.275038014853878
33764.44,RANDOM,1703,5397,697368,0,geod_dist_to_target,50,8.275038014853878
33764.44,RANDOM,1703,4624,697368,0,geod_dist_to_target,55,15.044612843332578
33764.44,RANDOM,1703,5397,697368,0,geod_dist_to_target,60,8.275038014853878
33764.44,RANDOM,1703,4175,697368,0,geod_dist_to_target,65,9.355139976160926
33764.44,RANDOM,1703,2685,697368,0,geod_dist_to_target,70,0.6035267716223693
33764.44,RANDOM,1703,2685,697368,0,geod_dist_to_target,75,0.6035267716223693
33764.44,RANDOM,1703,4624,697368,0,geod_dist_to_target,80,15.044612843332578
33764.44,RANDOM,1703,4624,697368,0,geod_dist_to_target,85,15.044612843332578
33764.44,RANDOM,1703,4624,697368,0,geod_dist_to_target,90,15.044612843332578
33764.44,RANDOM,1703,4624,697368,0,geod_dist_to_target,95,15.044612843332578
33764.44,RANDOM,1703,4624,697368,0,geod_dist_to_target,100,15.044612843332578
33764.44,RANDOM,1703,749,201469,0,geod_dist_to_target,5,49.5669395637125
33764.44,RANDOM,1703,6060,201469,0,geod_dist_to_target,6,38.6995350846968
33764.44,RANDOM,1703,6060,201469,0,geod_dist_to_target,7,38.6995350846968
33764.44,RANDOM,1703,3997,201469,0,geod_dist_to_target,8,8.536337414376765
33764.44,RANDOM,1703,12091,201469,0,geod_dist_to_target,9,9.470606450831097
33764.44,RANDOM,1703,12091,201469,0,geod_dist_to_target,10,9.470606450831097
33764.44,RANDOM,1703,4807,201469,0,geod_dist_to_target,11,8.40580671844633
33764.44,RANDOM,1703,4807,201469,0,geod_dist_to_target,12,8.40580671844633
33764.44,RANDOM,1703,4807,201469,0,geod_dist_to_target,13,8.40580671844633
33764.44,RANDOM,1703,4807,201469,0,geod_dist_to_target,14,8.40580671844633
33764.44,RANDOM,1703,12091,201469,0,geod_dist_to_target,15,9.470606450831097
33764.44,RANDOM,1703,4807,201469,0,geod_dist_to_target,16,8.40580671844633
33764.44,RANDOM,1703,4807,201469,0,geod_dist_to_target,17,8.40580671844633
33764.44,RANDOM,1703,11649,201469,0,geod_dist_to_target,18,1.571380057710929
33764.44,RANDOM,1703,12363,201469,0,geod_dist_to_target,19,10.321745181667433
33764.44,RANDOM,1703,12363,201469,0,geod_dist_to_target,20,10.321745181667433
33764.44,RANDOM,1703,12363,201469,0,geod_dist_to_target,22,10.321745181667433
33764.44,RANDOM,1703,4378,201469,0,geod_dist_to_target,24,0.9962662417445457
33764.44,RANDOM,1703,4378,201469,0,geod_dist_to_target,26,0.9962662417445457
33764.44,RANDOM,1703,4367,201469,0,geod_dist_to_target,28,1.6172242492586573
33764.44,RANDOM,1703,4378,201469,0,geod_dist_to_target,30,0.9962662417445457
33764.44,RANDOM,1703,4200,201469,0,geod_dist_to_target,32,0.49102418320330976
33764.44,RANDOM,1703,4200,201469,0,geod_dist_to_target,34,0.49102418320330976
33764.44,RANDOM,1703,4200,201469,0,geod_dist_to_target,36,0.49102418320330976
33764.44,RANDOM,1703,4200,201469,0,geod_dist_to_target,38,0.49102418320330976
33764.44,RANDOM,1703,4200,201469,0,geod_dist_to_target,40,0.49102418320330976
33764.44,RANDOM,1703,4200,201469,0,geod_dist_to_target,42,0.49102418320330976
33764.44,RANDOM,1703,4200,201469,0,geod_dist_to_target,44,0.49102418320330976
33764.44,RANDOM,1703,4200,201469,0,geod_dist_to_target,46,0.49102418320330976
33764.44,RANDOM,1703,4200,201469,0,geod_dist_to_target,48,0.49102418320330976
33764.44,RANDOM,1703,4200,201469,0,geod_dist_to_target,50,0.49102418320330976
33764.44,RANDOM,1703,4200,201469,0,geod_dist_to_target,55,0.49102418320330976
33764.44,RANDOM,1703,4202,201469,0,geod_dist_to_target,60,0.24838691691917922
33764.44,RANDOM,1703,4201,201469,0,geod_dist_to_target,65,0.22467978116970785
33764.44,RANDOM,1703,4200,201469,0,geod_dist_to_target,70,0.49102418320330976
33764.44,RANDOM,1703,4201,201469,0,geod_dist_to_target,75,0.22467978116970785
33764.44,RANDOM,1703,4201,201469,0,geod_dist_to_target,80,0.22467978116970785
33764.44,RANDOM,1703,4200,201469,0,geod_dist_to_target,85,0.49102418320330976
33764.44,RANDOM,1703,4201,201469,0,geod_dist_to_target,90,0.22467978116970785
33764.44,RANDOM,1703,4200,201469,0,geod_dist_to_target,95,0.49102418320330976
33764.44,RANDOM,1703,4200,201469,0,geod_dist_to_target,100,0.49102418320330976
33764.44,RANDOM,1703,4752,94177,0,geod_dist_to_target,5,5.894812361870503
33764.44,RANDOM,1703,4993,94177,0,geod_dist_to_target,6,6.4049487618340555
33764.44,RANDOM,1703,4993,94177,0,geod_dist_to_target,7,6.4049487618340555
33764.44,RANDOM,1703,3849,94177,0,geod_dist_to_target,8,52.30868474237054
33764.44,RANDOM,1703,5164,94177,0,geod_dist_to_target,9,52.938199258637134
33764.44,RANDOM,1703,4393,94177,0,geod_dist_to_target,10,2.3379189743049107
33764.44,RANDOM,1703,1314,94177,0,geod_dist_to_target,11,6.9130016615709815
33764.44,RANDOM,1703,1314,94177,0,geod_dist_to_target,12,6.9130016615709815
33764.44,RANDOM,1703,1314,94177,0,geod_dist_to_target,13,6.9130016615709815
33764.44,RANDOM,1703,1314,94177,0,geod_dist_to_target,14,6.9130016615709815
33764.44,RANDOM,1703,1314,94177,0,geod_dist_to_target,15,6.9130016615709815
33764.44,RANDOM,1703,1314,94177,0,geod_dist_to_target,16,6.9130016615709815
33764.44,RANDOM,1703,1314,94177,0,geod_dist_to_target,17,6.9130016615709815
33764.44,RANDOM,1703,9499,94177,0,geod_dist_to_target,18,6.115087849643733
33764.44,RANDOM,1703,9499,94177,0,geod_dist_to_target,19,6.115087849643733
33764.44,RANDOM,1703,9499,94177,0,geod_dist_to_target,20,6.115087849643733
33764.44,RANDOM,1703,1314,94177,0,geod_dist_to_target,22,6.9130016615709815
33764.44,RANDOM,1703,328,94177,0,geod_dist_to_target,24,4.232228516064516
33764.44,RANDOM,1703,328,94177,0,geod_dist_to_target,26,4.232228516064516
33764.44,RANDOM,1703,2439,94177,0,geod_dist_to_target,28,2.0114983175549903
33764.44,RANDOM,1703,2439,94177,0,geod_dist_to_target,30,2.0114983175549903
33764.44,RANDOM,1703,10951,94177,0,geod_dist_to_target,32,1.1033157119550998
33764.44,RANDOM,1703,2071,94177,0,geod_dist_to_target,34,1.0152557721994404
33764.44,RANDOM,1703,2071,94177,0,geod_dist_to_target,36,1.0152557721994404
33764.44,RANDOM,1703,2071,94177,0,geod_dist_to_target,38,1.0152557721994404
33764.44,RANDOM,1703,2071,94177,0,geod_dist_to_target,40,1.0152557721994404
33764.44,RANDOM,1703,2071,94177,0,geod_dist_to_target,42,1.0152557721994404
33764.44,RANDOM,1703,4222,94177,0,geod_dist_to_target,44,1.861108835383731
33764.44,RANDOM,1703,2071,94177,0,geod_dist_to_target,46,1.0152557721994404
33764.44,RANDOM,1703,4202,94177,0,geod_dist_to_target,48,0.24838691691917922
33764.44,RANDOM,1703,2071,94177,0,geod_dist_to_target,50,1.0152557721994404
33764.44,RANDOM,1703,2071,94177,0,geod_dist_to_target,55,1.0152557721994404
33764.44,RANDOM,1703,2071,94177,0,geod_dist_to_target,60,1.0152557721994404
33764.44,RANDOM,1703,4202,94177,0,geod_dist_to_target,65,0.24838691691917922
33764.44,RANDOM,1703,2071,94177,0,geod_dist_to_target,70,1.0152557721994404
33764.44,RANDOM,1703,4211,94177,0,geod_dist_to_target,75,0.5322247347903476
33764.44,RANDOM,1703,4202,94177,0,geod_dist_to_target,80,0.24838691691917922
33764.44,RANDOM,1703,1703,94177,0,geod_dist_to_target,85,0.0
33764.44,RANDOM,1703,1703,94177,0,geod_dist_to_target,90,0.0
33764.44,RANDOM,1703,4202,94177,0,geod_dist_to_target,95,0.24838691691917922
33764.44,RANDOM,1703,1703,94177,0,geod_dist_to_target,100,0.0
33764.44,ROW-mean-Corr,1703,10951,89250,0,geod_dist_to_target,5,1.1033157119550998
33764.44,ROW-mean-Corr,1703,4922,89250,0,geod_dist_to_target,6,41.07171284056573
33764.44,ROW-mean-Corr,1703,4922,89250,0,geod_dist_to_target,7,41.07171284056573
33764.44,ROW-mean-Corr,1703,4560,89250,0,geod_dist_to_target,8,3.1011106827510235
33764.44,ROW-mean-Corr,1703,4361,89250,0,geod_dist_to_target,9,2.3633758159397624
33764.44,ROW-mean-Corr,1703,2097,89250,0,geod_dist_to_target,10,1.2191724290331893
33764.44,ROW-mean-Corr,1703,2097,89250,0,geod_dist_to_target,11,1.2191724290331893
33764.44,ROW-mean-Corr,1703,183,89250,0,geod_dist_to_target,12,1.0040826129057305
33764.44,ROW-mean-Corr,1703,183,89250,0,geod_dist_to_target,13,1.0040826129057305
33764.44,ROW-mean-Corr,1703,183,89250,0,geod_dist_to_target,14,1.0040826129057305
33764.44,ROW-mean-Corr,1703,415,89250,0,geod_dist_to_target,15,1.682511435418417
33764.44,ROW-mean-Corr,1703,415,89250,0,geod_dist_to_target,16,1.682511435418417
33764.44,ROW-mean-Corr,1703,415,89250,0,geod_dist_to_target,17,1.682511435418417
33764.44,ROW-mean-Corr,1703,1703,89250,0,geod_dist_to_target,18,0.0
33764.44,ROW-mean-Corr,1703,6644,89250,0,geod_dist_to_target,19,1.905545592367454
33764.44,ROW-mean-Corr,1703,6644,89250,0,geod_dist_to_target,20,1.905545592367454
33764.44,ROW-mean-Corr,1703,5592,89250,0,geod_dist_to_target,22,1.950932989842432
33764.44,ROW-mean-Corr,1703,4361,89250,0,geod_dist_to_target,24,2.3633758159397624
33764.44,ROW-mean-Corr,1703,748,89250,0,geod_dist_to_target,26,5.283474685498661
33764.44,ROW-mean-Corr,1703,415,89250,0,geod_dist_to_target,28,1.682511435418417
33764.44,ROW-mean-Corr,1703,5592,89250,0,geod_dist_to_target,30,1.950932989842432
33764.44,ROW-mean-Corr,1703,1703,89250,0,geod_dist_to_target,32,0.0
33764.44,ROW-mean-Corr,1703,1703,89250,0,geod_dist_to_target,34,0.0
33764.44,ROW-mean-Corr,1703,1703,89250,0,geod_dist_to_target,36,0.0
33764.44,ROW-mean-Corr,1703,2071,89250,0,geod_dist_to_target,38,1.0152557721994404
33764.44,ROW-mean-Corr,1703,4211,89250,0,geod_dist_to_target,40,0.5322247347903476
33764.44,ROW-mean-Corr,1703,4149,89250,0,geod_dist_to_target,42,2.5949320835827105
33764.44,ROW-mean-Corr,1703,4149,89250,0,geod_dist_to_target,44,2.5949320835827105
33764.44,ROW-mean-Corr,1703,4149,89250,0,geod_dist_to_target,46,2.5949320835827105
33764.44,ROW-mean-Corr,1703,4149,89250,0,geod_dist_to_target,48,2.5949320835827105
33764.44,ROW-mean-Corr,1703,4149,89250,0,geod_dist_to_target,50,2.5949320835827105
33764.44,ROW-mean-Corr,1703,8233,89250,0,geod_dist_to_target,55,2.4055234144344175
33764.44,ROW-mean-Corr,1703,4149,89250,0,geod_dist_to_target,60,2.5949320835827105
33764.44,ROW-mean-Corr,1703,4149,89250,0,geod_dist_to_target,65,2.5949320835827105
33764.44,ROW-mean-Corr,1703,4149,89250,0,geod_dist_to_target,70,2.5949320835827105
33764.44,ROW-mean-Corr,1703,4361,89250,0,geod_dist_to_target,75,2.3633758159397624
33764.44,ROW-mean-Corr,1703,1703,89250,0,geod_dist_to_target,80,0.0
33764.44,ROW-mean-Corr,1703,1703,89250,0,geod_dist_to_target,85,0.0
33764.44,ROW-mean-Corr,1703,1703,89250,0,geod_dist_to_target,90,0.0
33764.44,ROW-mean-Corr,1703,4377,89250,0,geod_dist_to_target,95,0.46831042591843214
33764.44,ROW-mean-Corr,1703,4377,89250,0,geod_dist_to_target,100,0.46831042591843214
33764.44,ROW-mean-Corr,1703,5888,773956,0,geod_dist_to_target,5,15.27917791625199
33764.44,ROW-mean-Corr,1703,5888,773956,0,geod_dist_to_target,6,15.27917791625199
33764.44,ROW-mean-Corr,1703,5888,773956,0,geod_dist_to_target,7,15.27917791625199
33764.44,ROW-mean-Corr,1703,4331,773956,0,geod_dist_to_target,8,15.82050628158457
33764.44,ROW-mean-Corr,1703,348,773956,0,geod_dist_to_target,9,0.5119390166909262
33764.44,ROW-mean-Corr,1703,348,773956,0,geod_dist_to_target,10,0.5119390166909262
33764.44,ROW-mean-Corr,1703,4202,773956,0,geod_dist_to_target,11,0.24838691691917922
33764.44,ROW-mean-Corr,1703,4202,773956,0,geod_dist_to_target,12,0.24838691691917922
33764.44,ROW-mean-Corr,1703,4202,773956,0,geod_dist_to_target,13,0.24838691691917922
33764.44,ROW-mean-Corr,1703,4202,773956,0,geod_dist_to_target,14,0.24838691691917922
33764.44,ROW-mean-Corr,1703,4631,773956,0,geod_dist_to_target,15,15.371350913222114
33764.44,ROW-mean-Corr,1703,4631,773956,0,geod_dist_to_target,16,15.371350913222114
33764.44,ROW-mean-Corr,1703,216,773956,0,geod_dist_to_target,17,15.190654235182178
33764.44,ROW-mean-Corr,1703,1686,773956,0,geod_dist_to_target,18,13.092136205852588
33764.44,ROW-mean-Corr,1703,1686,773956,0,geod_dist_to_target,19,13.092136205852588
33764.44,ROW-mean-Corr,1703,1686,773956,0,geod_dist_to_target,20,13.092136205852588
33764.44,ROW-mean-Corr,1703,4560,773956,0,geod_dist_to_target,22,3.1011106827510235
33764.44,ROW-mean-Corr,1703,4360,773956,0,geod_dist_to_target,24,2.621084676538944
33764.44,ROW-mean-Corr,1703,4360,773956,0,geod_dist_to_target,26,2.621084676538944
33764.44,ROW-mean-Corr,1703,4360,773956,0,geod_dist_to_target,28,2.621084676538944
33764.44,ROW-mean-Corr,1703,4360,773956,0,geod_dist_to_target,30,2.621084676538944
33764.44,ROW-mean-Corr,1703,6644,773956,0,geod_dist_to_target,32,1.905545592367454
33764.44,ROW-mean-Corr,1703,2845,773956,0,geod_dist_to_target,34,13.998957132278525
33764.44,ROW-mean-Corr,1703,1686,773956,0,geod_dist_to_target,36,13.092136205852588
33764.44,ROW-mean-Corr,1703,2845,773956,0,geod_dist_to_target,38,13.998957132278525
33764.44,ROW-mean-Corr,1703,2845,773956,0,geod_dist_to_target,40,13.998957132278525
33764.44,ROW-mean-Corr,1703,4361,773956,0,geod_dist_to_target,42,2.3633758159397624
33764.44,ROW-mean-Corr,1703,4361,773956,0,geod_dist_to_target,44,2.3633758159397624
33764.44,ROW-mean-Corr,1703,4560,773956,0,geod_dist_to_target,46,3.1011106827510235
33764.44,ROW-mean-Corr,1703,4361,773956,0,geod_dist_to_target,48,2.3633758159397624
33764.44,ROW-mean-Corr,1703,4361,773956,0,geod_dist_to_target,50,2.3633758159397624
33764.44,ROW-mean-Corr,1703,6644,773956,0,geod_dist_to_target,55,1.905545592367454
33764.44,ROW-mean-Corr,1703,4361,773956,0,geod_dist_to_target,60,2.3633758159397624
33764.44,ROW-mean-Corr,1703,4361,773956,0,geod_dist_to_target,65,2.3633758159397624
33764.44,ROW-mean-Corr,1703,4149,773956,0,geod_dist_to_target,70,2.5949320835827105
33764.44,ROW-mean-Corr,1703,4361,773956,0,geod_dist_to_target,75,2.3633758159397624
33764.44,ROW-mean-Corr,1703,4361,773956,0,geod_dist_to_target,80,2.3633758159397624
33764.44,ROW-mean-Corr,1703,1703,773956,0,geod_dist_to_target,85,0.0
33764.44,ROW-mean-Corr,1703,2097,773956,0,geod_dist_to_target,90,1.2191724290331893
33764.44,ROW-mean-Corr,1703,4361,773956,0,geod_dist_to_target,95,2.3633758159397624
33764.44,ROW-mean-Corr,1703,4361,773956,0,geod_dist_to_target,100,2.3633758159397624
33764.44,ROW-mean-Corr,1703,11774,654571,0,geod_dist_to_target,5,14.69226170448412
33764.44,ROW-mean-Corr,1703,4922,654571,0,geod_dist_to_target,6,41.07171284056573
33764.44,ROW-mean-Corr,1703,2351,654571,0,geod_dist_to_target,7,4.44124165008854
33764.44,ROW-mean-Corr,1703,2351,654571,0,geod_dist_to_target,8,4.44124165008854
33764.44,ROW-mean-Corr,1703,11926,654571,0,geod_dist_to_target,9,3.622209153567514
33764.44,ROW-mean-Corr,1703,11926,654571,0,geod_dist_to_target,10,3.622209153567514
33764.44,ROW-mean-Corr,1703,2351,654571,0,geod_dist_to_target,11,4.44124165008854
33764.44,ROW-mean-Corr,1703,5033,654571,0,geod_dist_to_target,12,14.174902716123286
33764.44,ROW-mean-Corr,1703,5331,654571,0,geod_dist_to_target,13,12.662439680119727
33764.44,ROW-mean-Corr,1703,5331,654571,0,geod_dist_to_target,14,12.662439680119727
33764.44,ROW-mean-Corr,1703,2657,654571,0,geod_dist_to_target,15,31.234030394016106
33764.44,ROW-mean-Corr,1703,2985,654571,0,geod_dist_to_target,16,31.798410658358097
33764.44,ROW-mean-Corr,1703,2985,654571,0,geod_dist_to_target,17,31.798410658358097
33764.44,ROW-mean-Corr,1703,2985,654571,0,geod_dist_to_target,18,31.798410658358097
33764.44,ROW-mean-Corr,1703,2985,654571,0,geod_dist_to_target,19,31.798410658358097
33764.44,ROW-mean-Corr,1703,2985,654571,0,geod_dist_to_target,20,31.798410658358097
33764.44,ROW-mean-Corr,1703,2985,654571,0,geod_dist_to_target,22,31.798410658358097
33764.44,ROW-mean-Corr,1703,2985,654571,0,geod_dist_to_target,24,31.798410658358097
33764.44,ROW-mean-Corr,1703,2985,654571,0,geod_dist_to_target,26,31.798410658358097
33764.44,ROW-mean-Corr,1703,10951,654571,0,geod_dist_to_target,28,1.1033157119550998
33764.44,ROW-mean-Corr,1703,2071,654571,0,geod_dist_to_target,30,1.0152557721994404
33764.44,ROW-mean-Corr,1703,2439,654571,0,geod_dist_to_target,32,2.0114983175549903
33764.44,ROW-mean-Corr,1703,4202,654571,0,geod_dist_to_target,34,0.24838691691917922
33764.44,ROW-mean-Corr,1703,4377,654571,0,geod_dist_to_target,36,0.46831042591843214
33764.44,ROW-mean-Corr,1703,2097,654571,0,geod_dist_to_target,38,1.2191724290331893
33764.44,ROW-mean-Corr,1703,2097,654571,0,geod_dist_to_target,40,1.2191724290331893
33764.44,ROW-mean-Corr,1703,2097,654571,0,geod_dist_to_target,42,1.2191724290331893
33764.44,ROW-mean-Corr,1703,348,654571,0,geod_dist_to_target,44,0.5119390166909262
33764.44,ROW-mean-Corr,1703,348,654571,0,geod_dist_to_target,46,0.5119390166909262
33764.44,ROW-mean-Corr,1703,2685,654571,0,geod_dist_to_target,48,0.6035267716223693
33764.44,ROW-mean-Corr,1703,4212,654571,0,geod_dist_to_target,50,1.4134501853295454
33764.44,ROW-mean-Corr,1703,4212,654571,0,geod_dist_to_target,55,1.4134501853295454
33764.44,ROW-mean-Corr,1703,7548,654571,0,geod_dist_to_target,60,1.3661127631445547
33764.44,ROW-mean-Corr,1703,2071,654571,0,geod_dist_to_target,65,1.0152557721994404
33764.44,ROW-mean-Corr,1703,1005,654571,0,geod_dist_to_target,70,0.884314496638899
33764.44,ROW-mean-Corr,1703,4377,654571,0,geod_dist_to_target,75,0.46831042591843214
33764.44,ROW-mean-Corr,1703,6644,654571,0,geod_dist_to_target,80,1.905545592367454
33764.44,ROW-mean-Corr,1703,4377,654571,0,geod_dist_to_target,85,0.46831042591843214
33764.44,ROW-mean-Corr,1703,4377,654571,0,geod_dist_to_target,90,0.46831042591843214
33764.44,ROW-mean-Corr,1703,4211,654571,0,geod_dist_to_target,95,0.5322247347903476
33764.44,ROW-mean-Corr,1703,4211,654571,0,geod_dist_to_target,100,0.5322247347903476
33764.44,ROW-mean-Corr,1703,10643,438878,0,geod_dist_to_target,5,39.225773598247315
33764.44,ROW-mean-Corr,1703,4377,438878,0,geod_dist_to_target,6,0.46831042591843214
33764.44,ROW-mean-Corr,1703,4236,438878,0,geod_dist_to_target,7,2.642635746845964
33764.44,ROW-mean-Corr,1703,3804,438878,0,geod_dist_to_target,8,12.59338545688464
33764.44,ROW-mean-Corr,1703,3804,438878,0,geod_dist_to_target,9,12.59338545688464
33764.44,ROW-mean-Corr,1703,2097,438878,0,geod_dist_to_target,10,1.2191724290331893
33764.44,ROW-mean-Corr,1703,4236,438878,0,geod_dist_to_target,11,2.642635746845964
33764.44,ROW-mean-Corr,1703,4922,438878,0,geod_dist_to_target,12,41.07171284056573
33764.44,ROW-mean-Corr,1703,4922,438878,0,geod_dist_to_target,13,41.07171284056573
33764.44,ROW-mean-Corr,1703,4922,438878,0,geod_dist_to_target,14,41.07171284056573
33764.44,ROW-mean-Corr,1703,4922,438878,0,geod_dist_to_target,15,41.07171284056573
33764.44,ROW-mean-Corr,1703,4922,438878,0,geod_dist_to_target,16,41.07171284056573
33764.44,ROW-mean-Corr,1703,3320,438878,0,geod_dist_to_target,17,5.276309737277153
33764.44,ROW-mean-Corr,1703,3320,438878,0,geod_dist_to_target,18,5.276309737277153
33764.44,ROW-mean-Corr,1703,6859,438878,0,geod_dist_to_target,19,4.437469416447119
33764.44,ROW-mean-Corr,1703,6859,438878,0,geod_dist_to_target,20,4.437469416447119
33764.44,ROW-mean-Corr,1703,6859,438878,0,geod_dist_to_target,22,4.437469416447119
33764.44,ROW-mean-Corr,1703,4214,438878,0,geod_dist_to_target,24,1.4693953054773505
33764.44,ROW-mean-Corr,1703,10643,438878,0,geod_dist_to_target,26,39.225773598247315
33764.44,ROW-mean-Corr,1703,10643,438878,0,geod_dist_to_target,28,39.225773598247315
33764.44,ROW-mean-Corr,1703,10643,438878,0,geod_dist_to_target,30,39.225773598247315
33764.44,ROW-mean-Corr,1703,10643,438878,0,geod_dist_to_target,32,39.225773598247315
33764.44,ROW-mean-Corr,1703,10643,438878,0,geod_dist_to_target,34,39.225773598247315
33764.44,ROW-mean-Corr,1703,10643,438878,0,geod_dist_to_target,36,39.225773598247315
33764.44,ROW-mean-Corr,1703,10643,438878,0,geod_dist_to_target,38,39.225773598247315
33764.44,ROW-mean-Corr,1703,10643,438878,0,geod_dist_to_target,40,39.225773598247315
33764.44,ROW-mean-Corr,1703,216,438878,0,geod_dist_to_target,42,15.190654235182178
33764.44,ROW-mean-Corr,1703,4214,438878,0,geod_dist_to_target,44,1.4693953054773505
33764.44,ROW-mean-Corr,1703,4214,438878,0,geod_dist_to_target,46,1.4693953054773505
33764.44,ROW-mean-Corr,1703,4214,438878,0,geod_dist_to_target,48,1.4693953054773505
33764.44,ROW-mean-Corr,1703,4214,438878,0,geod_dist_to_target,50,1.4693953054773505
33764.44,ROW-mean-Corr,1703,4213,438878,0,geod_dist_to_target,55,0.8629219408301374
33764.44,ROW-mean-Corr,1703,4200,438878,0,geod_dist_to_target,60,0.49102418320330976
33764.44,ROW-mean-Corr,1703,4213,438878,0,geod_dist_to_target,65,0.8629219408301374
33764.44,ROW-mean-Corr,1703,2127,438878,0,geod_dist_to_target,70,0.5178958072914037
33764.44,ROW-mean-Corr,1703,1914,438878,0,geod_dist_to_target,75,0.49993832217698103
33764.44,ROW-mean-Corr,1703,4200,438878,0,geod_dist_to_target,80,0.49102418320330976
33764.44,ROW-mean-Corr,1703,4201,438878,0,geod_dist_to_target,85,0.22467978116970785
33764.44,ROW-mean-Corr,1703,4201,438878,0,geod_dist_to_target,90,0.22467978116970785
33764.44,ROW-mean-Corr,1703,9891,438878,0,geod_dist_to_target,95,1.4647765231458205
33764.44,ROW-mean-Corr,1703,4200,438878,0,geod_dist_to_target,100,0.49102418320330976
33764.44,ROW-mean-Corr,1703,11621,433015,0,geod_dist_to_target,5,5.743686689666949
33764.44,ROW-mean-Corr,1703,11621,433015,0,geod_dist_to_target,6,5.743686689666949
33764.44,ROW-mean-Corr,1703,3196,433015,0,geod_dist_to_target,7,4.382990464154223
33764.44,ROW-mean-Corr,1703,12443,433015,0,geod_dist_to_target,8,5.3026041204513055
33764.44,ROW-mean-Corr,1703,4277,433015,0,geod_dist_to_target,9,6.919228388021685
33764.44,ROW-mean-Corr,1703,751,433015,0,geod_dist_to_target,10,3.637337142267821
33764.44,ROW-mean-Corr,1703,3320,433015,0,geod_dist_to_target,11,5.276309737277153
33764.44,ROW-mean-Corr,1703,1796,433015,0,geod_dist_to_target,12,2.9966457104920017
33764.44,ROW-mean-Corr,1703,1796,433015,0,geod_dist_to_target,13,2.9966457104920017
33764.44,ROW-mean-Corr,1703,4247,433015,0,geod_dist_to_target,14,3.4317275134833327
33764.44,ROW-mean-Corr,1703,12049,433015,0,geod_dist_to_target,15,3.7274226980687533
33764.44,ROW-mean-Corr,1703,12049,433015,0,geod_dist_to_target,16,3.7274226980687533
33764.44,ROW-mean-Corr,1703,12049,433015,0,geod_dist_to_target,17,3.7274226980687533
33764.44,ROW-mean-Corr,1703,12049,433015,0,geod_dist_to_target,18,3.7274226980687533
33764.44,ROW-mean-Corr,1703,12049,433015,0,geod_dist_to_target,19,3.7274226980687533
33764.44,ROW-mean-Corr,1703,11507,433015,0,geod_dist_to_target,20,2.836194875976816
33764.44,ROW-mean-Corr,1703,11507,433015,0,geod_dist_to_target,22,2.836194875976816
33764.44,ROW-mean-Corr,1703,11507,433015,0,geod_dist_to_target,24,2.836194875976816
33764.44,ROW-mean-Corr,1703,1374,433015,0,geod_dist_to_target,26,2.3470180327366568
33764.44,ROW-mean-Corr,1703,1374,433015,0,geod_dist_to_target,28,2.3470180327366568
33764.44,ROW-mean-Corr,1703,1374,433015,0,geod_dist_to_target,30,2.3470180327366568
33764.44,ROW-mean-Corr,1703,1374,433015,0,geod_dist_to_target,32,2.3470180327366568
33764.44,ROW-mean-Corr,1703,1374,433015,0,geod_dist_to_target,34,2.3470180327366568
33764.44,ROW-mean-Corr,1703,807,433015,0,geod_dist_to_target,36,2.237827855092912
33764.44,ROW-mean-Corr,1703,1796,433015,0,geod_dist_to_target,38,2.9966457104920017
33764.44,ROW-mean-Corr,1703,807,433015,0,geod_dist_to_target,40,2.237827855092912
33764.44,ROW-mean-Corr,1703,807,433015,0,geod_dist_to_target,42,2.237827855092912
33764.44,ROW-mean-Corr,1703,807,433015,0,geod_dist_to_target,44,2.237827855092912
33764.44,ROW-mean-Corr,1703,4236,433015,0,geod_dist_to_target,46,2.642635746845964
33764.44,ROW-mean-Corr,1703,4236,433015,0,geod_dist_to_target,48,2.642635746845964
33764.44,ROW-mean-Corr,1703,751,433015,0,geod_dist_to_target,50,3.637337142267821
33764.44,ROW-mean-Corr,1703,751,433015,0,geod_dist_to_target,55,3.637337142267821
33764.44,ROW-mean-Corr,1703,751,433015,0,geod_dist_to_target,60,3.637337142267821
33764.44,ROW-mean-Corr,1703,751,433015,0,geod_dist_to_target,65,3.637337142267821
33764.44,ROW-mean-Corr,1703,751,433015,0,geod_dist_to_target,70,3.637337142267821
33764.44,ROW-mean-Corr,1703,2481,433015,0,geod_dist_to_target,75,14.478554833898341
33764.44,ROW-mean-Corr,1703,4444,433015,0,geod_dist_to_target,80,15.483669374867446
33764.44,ROW-mean-Corr,1703,4444,433015,0,geod_dist_to_target,85,15.483669374867446
33764.44,ROW-mean-Corr,1703,2481,433015,0,geod_dist_to_target,90,14.478554833898341
33764.44,ROW-mean-Corr,1703,2481,433015,0,geod_dist_to_target,95,14.478554833898341
33764.44,ROW-mean-Corr,1703,10951,433015,0,geod_dist_to_target,100,1.1033157119550998
33764.44,ROW-mean-Corr,1703,1374,858597,0,geod_dist_to_target,5,2.3470180327366568
33764.44,ROW-mean-Corr,1703,1794,858597,0,geod_dist_to_target,6,40.368519007166135
33764.44,ROW-mean-Corr,1703,1564,858597,0,geod_dist_to_target,7,12.431744881921134
33764.44,ROW-mean-Corr,1703,4982,858597,0,geod_dist_to_target,8,5.789028026698298
33764.44,ROW-mean-Corr,1703,4982,858597,0,geod_dist_to_target,9,5.789028026698298
33764.44,ROW-mean-Corr,1703,2351,858597,0,geod_dist_to_target,10,4.44124165008854
33764.44,ROW-mean-Corr,1703,5196,858597,0,geod_dist_to_target,11,2.002300452664038
33764.44,ROW-mean-Corr,1703,4226,858597,0,geod_dist_to_target,12,2.420189317297932
33764.44,ROW-mean-Corr,1703,4226,858597,0,geod_dist_to_target,13,2.420189317297932
33764.44,ROW-mean-Corr,1703,1360,858597,0,geod_dist_to_target,14,0.9366242518951514
33764.44,ROW-mean-Corr,1703,4200,858597,0,geod_dist_to_target,15,0.49102418320330976
33764.44,ROW-mean-Corr,1703,4200,858597,0,geod_dist_to_target,16,0.49102418320330976
33764.44,ROW-mean-Corr,1703,1914,858597,0,geod_dist_to_target,17,0.49993832217698103
33764.44,ROW-mean-Corr,1703,4213,858597,0,geod_dist_to_target,18,0.8629219408301374
33764.44,ROW-mean-Corr,1703,4213,858597,0,geod_dist_to_target,19,0.8629219408301374
33764.44,ROW-mean-Corr,1703,1005,858597,0,geod_dist_to_target,20,0.884314496638899
33764.44,ROW-mean-Corr,1703,1914,858597,0,geod_dist_to_target,22,0.49993832217698103
33764.44,ROW-mean-Corr,1703,4200,858597,0,geod_dist_to_target,24,0.49102418320330976
33764.44,ROW-mean-Corr,1703,1005,858597,0,geod_dist_to_target,26,0.884314496638899
33764.44,ROW-mean-Corr,1703,4378,858597,0,geod_dist_to_target,28,0.9962662417445457
33764.44,ROW-mean-Corr,1703,6218,858597,0,geod_dist_to_target,30,1.2911165333828027
33764.44,ROW-mean-Corr,1703,6218,858597,0,geod_dist_to_target,32,1.2911165333828027
33764.44,ROW-mean-Corr,1703,1192,858597,0,geod_dist_to_target,34,0.855520712031352
33764.44,ROW-mean-Corr,1703,1192,858597,0,geod_dist_to_target,36,0.855520712031352
33764.44,ROW-mean-Corr,1703,4378,858597,0,geod_dist_to_target,38,0.9962662417445457
33764.44,ROW-mean-Corr,1703,1192,858597,0,geod_dist_to_target,40,0.855520712031352
33764.44,ROW-mean-Corr,1703,6218,858597,0,geod_dist_to_target,42,1.2911165333828027
33764.44,ROW-mean-Corr,1703,4367,858597,0,geod_dist_to_target,44,1.6172242492586573
33764.44,ROW-mean-Corr,1703,4367,858597,0,geod_dist_to_target,46,1.6172242492586573
33764.44,ROW-mean-Corr,1703,4367,858597,0,geod_dist_to_target,48,1.6172242492586573
33764.44,ROW-mean-Corr,1703,4378,858597,0,geod_dist_to_target,50,0.9962662417445457
33764.44,ROW-mean-Corr,1703,1005,858597,0,geod_dist_to_target,55,0.884314496638899
33764.44,ROW-mean-Corr,1703,1005,858597,0,geod_dist_to_target,60,0.884314496638899
33764.44,ROW-mean-Corr,1703,1005,858597,0,geod_dist_to_target,65,0.884314496638899
33764.44,ROW-mean-Corr,1703,1005,858597,0,geod_dist_to_target,70,0.884314496638899
33764.44,ROW-mean-Corr,1703,4378,858597,0,geod_dist_to_target,75,0.9962662417445457
33764.44,ROW-mean-Corr,1703,4378,858597,0,geod_dist_to_target,80,0.9962662417445457
33764.44,ROW-mean-Corr,1703,1914,858597,0,geod_dist_to_target,85,0.49993832217698103
33764.44,ROW-mean-Corr,1703,1914,858597,0,geod_dist_to_target,90,0.49993832217698103
33764.44,ROW-mean-Corr,1703,4200,858597,0,geod_dist_to_target,95,0.49102418320330976
33764.44,ROW-mean-Corr,1703,4378,858597,0,geod_dist_to_target,100,0.9962662417445457
33764.44,ROW-mean-Corr,1703,4246,85945,0,geod_dist_to_target,5,3.435536146937294
33764.44,ROW-mean-Corr,1703,4632,85945,0,geod_dist_to_target,6,14.583563270601017
33764.44,ROW-mean-Corr,1703,9916,85945,0,geod_dist_to_target,7,21.764318329309237
33764.44,ROW-mean-Corr,1703,11521,85945,0,geod_dist_to_target,8,38.367527313387775
33764.44,ROW-mean-Corr,1703,9314,85945,0,geod_dist_to_target,9,39.79474592308994
33764.44,ROW-mean-Corr,1703,4632,85945,0,geod_dist_to_target,10,14.583563270601017
33764.44,ROW-mean-Corr,1703,4632,85945,0,geod_dist_to_target,11,14.583563270601017
33764.44,ROW-mean-Corr,1703,4406,85945,0,geod_dist_to_target,12,2.146463518664509
33764.44,ROW-mean-Corr,1703,4406,85945,0,geod_dist_to_target,13,2.146463518664509
33764.44,ROW-mean-Corr,1703,4406,85945,0,geod_dist_to_target,14,2.146463518664509
33764.44,ROW-mean-Corr,1703,6846,85945,0,geod_dist_to_target,15,3.539884365402822
33764.44,ROW-mean-Corr,1703,6846,85945,0,geod_dist_to_target,16,3.539884365402822
33764.44,ROW-mean-Corr,1703,4245,85945,0,geod_dist_to_target,17,4.346201606592824
33764.44,ROW-mean-Corr,1703,4405,85945,0,geod_dist_to_target,18,2.9742091669193997
33764.44,ROW-mean-Corr,1703,7813,85945,0,geod_dist_to_target,19,3.143280887605428
33764.44,ROW-mean-Corr,1703,1665,85945,0,geod_dist_to_target,20,2.7462012636066078
33764.44,ROW-mean-Corr,1703,1665,85945,0,geod_dist_to_target,22,2.7462012636066078
33764.44,ROW-mean-Corr,1703,3804,85945,0,geod_dist_to_target,24,12.59338545688464
33764.44,ROW-mean-Corr,1703,4588,85945,0,geod_dist_to_target,26,3.776232353919196
33764.44,ROW-mean-Corr,1703,4588,85945,0,geod_dist_to_target,28,3.776232353919196
33764.44,ROW-mean-Corr,1703,7,85945,0,geod_dist_to_target,30,4.320540951921838
33764.44,ROW-mean-Corr,1703,3804,85945,0,geod_dist_to_target,32,12.59338545688464
33764.44,ROW-mean-Corr,1703,3804,85945,0,geod_dist_to_target,34,12.59338545688464
33764.44,ROW-mean-Corr,1703,1867,85945,0,geod_dist_to_target,36,4.705877522671565
33764.44,ROW-mean-Corr,1703,1867,85945,0,geod_dist_to_target,38,4.705877522671565
33764.44,ROW-mean-Corr,1703,1867,85945,0,geod_dist_to_target,40,4.705877522671565
33764.44,ROW-mean-Corr,1703,1867,85945,0,geod_dist_to_target,42,4.705877522671565
33764.44,ROW-mean-Corr,1703,183,85945,0,geod_dist_to_target,44,1.0040826129057305
33764.44,ROW-mean-Corr,1703,183,85945,0,geod_dist_to_target,46,1.0040826129057305
33764.44,ROW-mean-Corr,1703,415,85945,0,geod_dist_to_target,48,1.682511435418417
33764.44,ROW-mean-Corr,1703,415,85945,0,geod_dist_to_target,50,1.682511435418417
33764.44,ROW-mean-Corr,1703,4361,85945,0,geod_dist_to_target,55,2.3633758159397624
33764.44,ROW-mean-Corr,1703,6644,85945,0,geod_dist_to_target,60,1.905545592367454
33764.44,ROW-mean-Corr,1703,6644,85945,0,geod_dist_to_target,65,1.905545592367454
33764.44,ROW-mean-Corr,1703,415,85945,0,geod_dist_to_target,70,1.682511435418417
33764.44,ROW-mean-Corr,1703,1703,85945,0,geod_dist_to_target,75,0.0
33764.44,ROW-mean-Corr,1703,2097,85945,0,geod_dist_to_target,80,1.2191724290331893
33764.44,ROW-mean-Corr,1703,1703,85945,0,geod_dist_to_target,85,0.0
33764.44,ROW-mean-Corr,1703,4211,85945,0,geod_dist_to_target,90,0.5322247347903476
33764.44,ROW-mean-Corr,1703,1703,85945,0,geod_dist_to_target,95,0.0
33764.44,ROW-mean-Corr,1703,4211,85945,0,geod_dist_to_target,100,0.5322247347903476
33764.44,ROW-mean-Corr,1703,4247,697368,0,geod_dist_to_target,5,3.4317275134833327
33764.44,ROW-mean-Corr,1703,4814,697368,0,geod_dist_to_target,6,13.321330194403942
33764.44,ROW-mean-Corr,1703,4814,697368,0,geod_dist_to_target,7,13.321330194403942
33764.44,ROW-mean-Corr,1703,1686,697368,0,geod_dist_to_target,8,13.092136205852588
33764.44,ROW-mean-Corr,1703,4814,697368,0,geod_dist_to_target,9,13.321330194403942
33764.44,ROW-mean-Corr,1703,501,697368,0,geod_dist_to_target,10,1.7639502055891951
33764.44,ROW-mean-Corr,1703,9891,697368,0,geod_dist_to_target,11,1.4647765231458205
33764.44,ROW-mean-Corr,1703,1686,697368,0,geod_dist_to_target,12,13.092136205852588
33764.44,ROW-mean-Corr,1703,1686,697368,0,geod_dist_to_target,13,13.092136205852588
33764.44,ROW-mean-Corr,1703,1686,697368,0,geod_dist_to_target,14,13.092136205852588
33764.44,ROW-mean-Corr,1703,4201,697368,0,geod_dist_to_target,15,0.22467978116970785
33764.44,ROW-mean-Corr,1703,4201,697368,0,geod_dist_to_target,16,0.22467978116970785
33764.44,ROW-mean-Corr,1703,4201,697368,0,geod_dist_to_target,17,0.22467978116970785
33764.44,ROW-mean-Corr,1703,4200,697368,0,geod_dist_to_target,18,0.49102418320330976
33764.44,ROW-mean-Corr,1703,1686,697368,0,geod_dist_to_target,19,13.092136205852588
33764.44,ROW-mean-Corr,1703,4367,697368,0,geod_dist_to_target,20,1.6172242492586573
33764.44,ROW-mean-Corr,1703,1686,697368,0,geod_dist_to_target,22,13.092136205852588
33764.44,ROW-mean-Corr,1703,1686,697368,0,geod_dist_to_target,24,13.092136205852588
33764.44,ROW-mean-Corr,1703,501,697368,0,geod_dist_to_target,26,1.7639502055891951
33764.44,ROW-mean-Corr,1703,1686,697368,0,geod_dist_to_target,28,13.092136205852588
33764.44,ROW-mean-Corr,1703,1703,697368,0,geod_dist_to_target,30,0.0
33764.44,ROW-mean-Corr,1703,4201,697368,0,geod_dist_to_target,32,0.22467978116970785
33764.44,ROW-mean-Corr,1703,4201,697368,0,geod_dist_to_target,34,0.22467978116970785
33764.44,ROW-mean-Corr,1703,4201,697368,0,geod_dist_to_target,36,0.22467978116970785
33764.44,ROW-mean-Corr,1703,4201,697368,0,geod_dist_to_target,38,0.22467978116970785
33764.44,ROW-mean-Corr,1703,4201,697368,0,geod_dist_to_target,40,0.22467978116970785
33764.44,ROW-mean-Corr,1703,4201,697368,0,geod_dist_to_target,42,0.22467978116970785
33764.44,ROW-mean-Corr,1703,4377,697368,0,geod_dist_to_target,44,0.46831042591843214
33764.44,ROW-mean-Corr,1703,4377,697368,0,geod_dist_to_target,46,0.46831042591843214
33764.44,ROW-mean-Corr,1703,4377,697368,0,geod_dist_to_target,48,0.46831042591843214
33764.44,ROW-mean-Corr,1703,1703,697368,0,geod_dist_to_target,50,0.0
33764.44,ROW-mean-Corr,1703,4201,697368,0,geod_dist_to_target,55,0.22467978116970785
33764.44,ROW-mean-Corr,1703,4201,697368,0,geod_dist_to_target,60,0.22467978116970785
33764.44,ROW-mean-Corr,1703,4377,697368,0,geod_dist_to_target,65,0.46831042591843214
33764.44,ROW-mean-Corr,1703,9891,697368,0,geod_dist_to_target,70,1.4647765231458205
33764.44,ROW-mean-Corr,1703,680,697368,0,geod_dist_to_target,75,1.1430329035388518
33764.44,ROW-mean-Corr,1703,680,697368,0,geod_dist_to_target,80,1.1430329035388518
33764.44,ROW-mean-Corr,1703,4201,697368,0,geod_dist_to_target,85,0.22467978116970785
33764.44,ROW-mean-Corr,1703,680,697368,0,geod_dist_to_target,90,1.1430329035388518
33764.44,ROW-mean-Corr,1703,680,697368,0,geod_dist_to_target,95,1.1430329035388518
33764.44,ROW-mean-Corr,1703,680,697368,0,geod_dist_to_target,100,1.1430329035388518
33764.44,ROW-mean-Corr,1703,5086,201469,0,geod_dist_to_target,5,12.270895281621344
33764.44,ROW-mean-Corr,1703,5086,201469,0,geod_dist_to_target,6,12.270895281621344
33764.44,ROW-mean-Corr,1703,2541,201469,0,geod_dist_to_target,7,5.559694271389596
33764.44,ROW-mean-Corr,1703,4790,201469,0,geod_dist_to_target,8,7.105152247585778
33764.44,ROW-mean-Corr,1703,3151,201469,0,geod_dist_to_target,9,5.296928015020734
33764.44,ROW-mean-Corr,1703,3151,201469,0,geod_dist_to_target,10,5.296928015020734
33764.44,ROW-mean-Corr,1703,3151,201469,0,geod_dist_to_target,11,5.296928015020734
33764.44,ROW-mean-Corr,1703,8057,201469,0,geod_dist_to_target,12,8.722029206927802
33764.44,ROW-mean-Corr,1703,8057,201469,0,geod_dist_to_target,13,8.722029206927802
33764.44,ROW-mean-Corr,1703,8057,201469,0,geod_dist_to_target,14,8.722029206927802
33764.44,ROW-mean-Corr,1703,8057,201469,0,geod_dist_to_target,15,8.722029206927802
33764.44,ROW-mean-Corr,1703,8057,201469,0,geod_dist_to_target,16,8.722029206927802
33764.44,ROW-mean-Corr,1703,8057,201469,0,geod_dist_to_target,17,8.722029206927802
33764.44,ROW-mean-Corr,1703,8057,201469,0,geod_dist_to_target,18,8.722029206927802
33764.44,ROW-mean-Corr,1703,8057,201469,0,geod_dist_to_target,19,8.722029206927802
33764.44,ROW-mean-Corr,1703,5786,201469,0,geod_dist_to_target,20,15.210086567540145
33764.44,ROW-mean-Corr,1703,5092,201469,0,geod_dist_to_target,22,13.718418991341784
33764.44,ROW-mean-Corr,1703,5092,201469,0,geod_dist_to_target,24,13.718418991341784
33764.44,ROW-mean-Corr,1703,717,201469,0,geod_dist_to_target,26,9.301426721119986
33764.44,ROW-mean-Corr,1703,4403,201469,0,geod_dist_to_target,28,3.2579186276905285
33764.44,ROW-mean-Corr,1703,4403,201469,0,geod_dist_to_target,30,3.2579186276905285
33764.44,ROW-mean-Corr,1703,5846,201469,0,geod_dist_to_target,32,3.1678255194588587
33764.44,ROW-mean-Corr,1703,496,201469,0,geod_dist_to_target,34,11.551047634314125
33764.44,ROW-mean-Corr,1703,4381,201469,0,geod_dist_to_target,36,2.2473859874531583
33764.44,ROW-mean-Corr,1703,4827,201469,0,geod_dist_to_target,38,12.046143605074072
33764.44,ROW-mean-Corr,1703,4827,201469,0,geod_dist_to_target,40,12.046143605074072
33764.44,ROW-mean-Corr,1703,4992,201469,0,geod_dist_to_target,42,6.035634916694948
33764.44,ROW-mean-Corr,1703,4992,201469,0,geod_dist_to_target,44,6.035634916694948
33764.44,ROW-mean-Corr,1703,4992,201469,0,geod_dist_to_target,46,6.035634916694948
33764.44,ROW-mean-Corr,1703,4781,201469,0,geod_dist_to_target,48,6.323834245747823
33764.44,ROW-mean-Corr,1703,4781,201469,0,geod_dist_to_target,50,6.323834245747823
33764.44,ROW-mean-Corr,1703,4992,201469,0,geod_dist_to_target,55,6.035634916694948
33764.44,ROW-mean-Corr,1703,4781,201469,0,geod_dist_to_target,60,6.323834245747823
33764.44,ROW-mean-Corr,1703,4367,201469,0,geod_dist_to_target,65,1.6172242492586573
33764.44,ROW-mean-Corr,1703,2541,201469,0,geod_dist_to_target,70,5.559694271389596
33764.44,ROW-mean-Corr,1703,2541,201469,0,geod_dist_to_target,75,5.559694271389596
33764.44,ROW-mean-Corr,1703,4367,201469,0,geod_dist_to_target,80,1.6172242492586573
33764.44,ROW-mean-Corr,1703,6218,201469,0,geod_dist_to_target,85,1.2911165333828027
33764.44,ROW-mean-Corr,1703,4367,201469,0,geod_dist_to_target,90,1.6172242492586573
33764.44,ROW-mean-Corr,1703,4367,201469,0,geod_dist_to_target,95,1.6172242492586573
33764.44,ROW-mean-Corr,1703,9891,201469,0,geod_dist_to_target,100,1.4647765231458205
33764.44,ROW-mean-Corr,1703,4222,94177,0,geod_dist_to_target,5,1.861108835383731
33764.44,ROW-mean-Corr,1703,4222,94177,0,geod_dist_to_target,6,1.861108835383731
33764.44,ROW-mean-Corr,1703,9568,94177,0,geod_dist_to_target,7,37.896263026244526
33764.44,ROW-mean-Corr,1703,2439,94177,0,geod_dist_to_target,8,2.0114983175549903
33764.44,ROW-mean-Corr,1703,49,94177,0,geod_dist_to_target,9,2.5477416823403796
33764.44,ROW-mean-Corr,1703,3320,94177,0,geod_dist_to_target,10,5.276309737277153
33764.44,ROW-mean-Corr,1703,1646,94177,0,geod_dist_to_target,11,4.214102573166316
33764.44,ROW-mean-Corr,1703,9801,94177,0,geod_dist_to_target,12,41.53753536244975
33764.44,ROW-mean-Corr,1703,9801,94177,0,geod_dist_to_target,13,41.53753536244975
33764.44,ROW-mean-Corr,1703,1646,94177,0,geod_dist_to_target,14,4.214102573166316
33764.44,ROW-mean-Corr,1703,3320,94177,0,geod_dist_to_target,15,5.276309737277153
33764.44,ROW-mean-Corr,1703,3320,94177,0,geod_dist_to_target,16,5.276309737277153
33764.44,ROW-mean-Corr,1703,1410,94177,0,geod_dist_to_target,17,6.040431143073007
33764.44,ROW-mean-Corr,1703,216,94177,0,geod_dist_to_target,18,15.190654235182178
33764.44,ROW-mean-Corr,1703,4631,94177,0,geod_dist_to_target,19,15.371350913222114
33764.44,ROW-mean-Corr,1703,4631,94177,0,geod_dist_to_target,20,15.371350913222114
33764.44,ROW-mean-Corr,1703,1914,94177,0,geod_dist_to_target,22,0.49993832217698103
33764.44,ROW-mean-Corr,1703,1914,94177,0,geod_dist_to_target,24,0.49993832217698103
33764.44,ROW-mean-Corr,1703,1686,94177,0,geod_dist_to_target,26,13.092136205852588
33764.44,ROW-mean-Corr,1703,1192,94177,0,geod_dist_to_target,28,0.855520712031352
33764.44,ROW-mean-Corr,1703,1192,94177,0,geod_dist_to_target,30,0.855520712031352
33764.44,ROW-mean-Corr,1703,2127,94177,0,geod_dist_to_target,32,0.5178958072914037
33764.44,ROW-mean-Corr,1703,2127,94177,0,geod_dist_to_target,34,0.5178958072914037
33764.44,ROW-mean-Corr,1703,2127,94177,0,geod_dist_to_target,36,0.5178958072914037
33764.44,ROW-mean-Corr,1703,1914,94177,0,geod_dist_to_target,38,0.49993832217698103
33764.44,ROW-mean-Corr,1703,2127,94177,0,geod_dist_to_target,40,0.5178958072914037
33764.44,ROW-mean-Corr,1703,2127,94177,0,geod_dist_to_target,42,0.5178958072914037
33764.44,ROW-mean-Corr,1703,10702,94177,0,geod_dist_to_target,44,1.0748810896941874
33764.44,ROW-mean-Corr,1703,10702,94177,0,geod_dist_to_target,46,1.0748810896941874
33764.44,ROW-mean-Corr,1703,4214,94177,0,geod_dist_to_target,48,1.4693953054773505
33764.44,ROW-mean-Corr,1703,4214,94177,0,geod_dist_to_target,50,1.4693953054773505
33764.44,ROW-mean-Corr,1703,4214,94177,0,geod_dist_to_target,55,1.4693953054773505
33764.44,ROW-mean-Corr,1703,4213,94177,0,geod_dist_to_target,60,0.8629219408301374
33764.44,ROW-mean-Corr,1703,4201,94177,0,geod_dist_to_target,65,0.22467978116970785
33764.44,ROW-mean-Corr,1703,4201,94177,0,geod_dist_to_target,70,0.22467978116970785
33764.44,ROW-mean-Corr,1703,10951,94177,0,geod_dist_to_target,75,1.1033157119550998
33764.44,ROW-mean-Corr,1703,2071,94177,0,geod_dist_to_target,80,1.0152557721994404
33764.44,ROW-mean-Corr,1703,2071,94177,0,geod_dist_to_target,85,1.0152557721994404
33764.44,ROW-mean-Corr,1703,10951,94177,0,geod_dist_to_target,90,1.1033157119550998
33764.44,ROW-mean-Corr,1703,2071,94177,0,geod_dist_to_target,95,1.0152557721994404
33764.44,ROW-mean-Corr,1703,10951,94177,0,geod_dist_to_target,100,1.1033157119550998
33764.44,ROW-max-Corr,1703,6330,89250,0,geod_dist_to_target,5,35.36779232142289
33764.44,ROW-max-Corr,1703,2112,89250,0,geod_dist_to_target,6,39.41401001537587
33764.44,ROW-max-Corr,1703,2112,89250,0,geod_dist_to_target,7,39.41401001537587
33764.44,ROW-max-Corr,1703,10997,89250,0,geod_dist_to_target,8,3.116570747415171
33764.44,ROW-max-Corr,1703,10728,89250,0,geod_dist_to_target,9,2.8256289884771566
33764.44,ROW-max-Corr,1703,10728,89250,0,geod_dist_to_target,10,2.8256289884771566
33764.44,ROW-max-Corr,1703,10728,89250,0,geod_dist_to_target,11,2.8256289884771566
33764.44,ROW-max-Corr,1703,8152,89250,0,geod_dist_to_target,12,5.983529829500854
33764.44,ROW-max-Corr,1703,8152,89250,0,geod_dist_to_target,13,5.983529829500854
33764.44,ROW-max-Corr,1703,10728,89250,0,geod_dist_to_target,14,2.8256289884771566
33764.44,ROW-max-Corr,1703,8152,89250,0,geod_dist_to_target,15,5.983529829500854
33764.44,ROW-max-Corr,1703,8152,89250,0,geod_dist_to_target,16,5.983529829500854
33764.44,ROW-max-Corr,1703,8152,89250,0,geod_dist_to_target,17,5.983529829500854
33764.44,ROW-max-Corr,1703,8152,89250,0,geod_dist_to_target,18,5.983529829500854
33764.44,ROW-max-Corr,1703,9328,89250,0,geod_dist_to_target,19,2.2596473411975073
33764.44,ROW-max-Corr,1703,4202,89250,0,geod_dist_to_target,20,0.24838691691917922
33764.44,ROW-max-Corr,1703,1703,89250,0,geod_dist_to_target,22,0.0
33764.44,ROW-max-Corr,1703,1703,89250,0,geod_dist_to_target,24,0.0
33764.44,ROW-max-Corr,1703,4211,89250,0,geod_dist_to_target,26,0.5322247347903476
33764.44,ROW-max-Corr,1703,1703,89250,0,geod_dist_to_target,28,0.0
33764.44,ROW-max-Corr,1703,2097,89250,0,geod_dist_to_target,30,1.2191724290331893
33764.44,ROW-max-Corr,1703,2097,89250,0,geod_dist_to_target,32,1.2191724290331893
33764.44,ROW-max-Corr,1703,2097,89250,0,geod_dist_to_target,34,1.2191724290331893
33764.44,ROW-max-Corr,1703,2097,89250,0,geod_dist_to_target,36,1.2191724290331893
33764.44,ROW-max-Corr,1703,2097,89250,0,geod_dist_to_target,38,1.2191724290331893
33764.44,ROW-max-Corr,1703,680,89250,0,geod_dist_to_target,40,1.1430329035388518
33764.44,ROW-max-Corr,1703,680,89250,0,geod_dist_to_target,42,1.1430329035388518
33764.44,ROW-max-Corr,1703,680,89250,0,geod_dist_to_target,44,1.1430329035388518
33764.44,ROW-max-Corr,1703,680,89250,0,geod_dist_to_target,46,1.1430329035388518
33764.44,ROW-max-Corr,1703,2097,89250,0,geod_dist_to_target,48,1.2191724290331893
33764.44,ROW-max-Corr,1703,2097,89250,0,geod_dist_to_target,50,1.2191724290331893
33764.44,ROW-max-Corr,1703,680,89250,0,geod_dist_to_target,55,1.1430329035388518
33764.44,ROW-max-Corr,1703,680,89250,0,geod_dist_to_target,60,1.1430329035388518
33764.44,ROW-max-Corr,1703,680,89250,0,geod_dist_to_target,65,1.1430329035388518
33764.44,ROW-max-Corr,1703,4377,89250,0,geod_dist_to_target,70,0.46831042591843214
33764.44,ROW-max-Corr,1703,4377,89250,0,geod_dist_to_target,75,0.46831042591843214
33764.44,ROW-max-Corr,1703,4377,89250,0,geod_dist_to_target,80,0.46831042591843214
33764.44,ROW-max-Corr,1703,4377,89250,0,geod_dist_to_target,85,0.46831042591843214
33764.44,ROW-max-Corr,1703,4377,89250,0,geod_dist_to_target,90,0.46831042591843214
33764.44,ROW-max-Corr,1703,4377,89250,0,geod_dist_to_target,95,0.46831042591843214
33764.44,ROW-max-Corr,1703,1703,89250,0,geod_dist_to_target,100,0.0
33764.44,ROW-max-Corr,1703,11395,773956,0,geod_dist_to_target,5,23.955063641210675
33764.44,ROW-max-Corr,1703,7925,773956,0,geod_dist_to_target,6,53.957343663681534
33764.44,ROW-max-Corr,1703,7816,773956,0,geod_dist_to_target,7,24.884717719091896
33764.44,ROW-max-Corr,1703,7816,773956,0,geod_dist_to_target,8,24.884717719091896
33764.44,ROW-max-Corr,1703,4637,773956,0,geod_dist_to_target,9,8.20777006091444
33764.44,ROW-max-Corr,1703,4637,773956,0,geod_dist_to_target,10,8.20777006091444
33764.44,ROW-max-Corr,1703,5564,773956,0,geod_dist_to_target,11,17.67463198644823
33764.44,ROW-max-Corr,1703,12465,773956,0,geod_dist_to_target,12,6.794389242800379
33764.44,ROW-max-Corr,1703,12465,773956,0,geod_dist_to_target,13,6.794389242800379
33764.44,ROW-max-Corr,1703,2685,773956,0,geod_dist_to_target,14,0.6035267716223693
33764.44,ROW-max-Corr,1703,6340,773956,0,geod_dist_to_target,15,0.24956215135320794
33764.44,ROW-max-Corr,1703,6340,773956,0,geod_dist_to_target,16,0.24956215135320794
33764.44,ROW-max-Corr,1703,2685,773956,0,geod_dist_to_target,17,0.6035267716223693
33764.44,ROW-max-Corr,1703,4625,773956,0,geod_dist_to_target,18,7.367603303238813
33764.44,ROW-max-Corr,1703,9044,773956,0,geod_dist_to_target,19,6.269383870410482
33764.44,ROW-max-Corr,1703,1651,773956,0,geod_dist_to_target,20,5.002515826138893
33764.44,ROW-max-Corr,1703,1651,773956,0,geod_dist_to_target,22,5.002515826138893
33764.44,ROW-max-Corr,1703,1651,773956,0,geod_dist_to_target,24,5.002515826138893
33764.44,ROW-max-Corr,1703,4376,773956,0,geod_dist_to_target,26,0.5178705232954098
33764.44,ROW-max-Corr,1703,4376,773956,0,geod_dist_to_target,28,0.5178705232954098
33764.44,ROW-max-Corr,1703,6340,773956,0,geod_dist_to_target,30,0.24956215135320794
33764.44,ROW-max-Corr,1703,348,773956,0,geod_dist_to_target,32,0.5119390166909262
33764.44,ROW-max-Corr,1703,348,773956,0,geod_dist_to_target,34,0.5119390166909262
33764.44,ROW-max-Corr,1703,348,773956,0,geod_dist_to_target,36,0.5119390166909262
33764.44,ROW-max-Corr,1703,348,773956,0,geod_dist_to_target,38,0.5119390166909262
33764.44,ROW-max-Corr,1703,6340,773956,0,geod_dist_to_target,40,0.24956215135320794
33764.44,ROW-max-Corr,1703,348,773956,0,geod_dist_to_target,42,0.5119390166909262
33764.44,ROW-max-Corr,1703,348,773956,0,geod_dist_to_target,44,0.5119390166909262
33764.44,ROW-max-Corr,1703,348,773956,0,geod_dist_to_target,46,0.5119390166909262
33764.44,ROW-max-Corr,1703,348,773956,0,geod_dist_to_target,48,0.5119390166909262
33764.44,ROW-max-Corr,1703,348,773956,0,geod_dist_to_target,50,0.5119390166909262
33764.44,ROW-max-Corr,1703,348,773956,0,geod_dist_to_target,55,0.5119390166909262
33764.44,ROW-max-Corr,1703,6340,773956,0,geod_dist_to_target,60,0.24956215135320794
33764.44,ROW-max-Corr,1703,6340,773956,0,geod_dist_to_target,65,0.24956215135320794
33764.44,ROW-max-Corr,1703,6340,773956,0,geod_dist_to_target,70,0.24956215135320794
33764.44,ROW-max-Corr,1703,4211,773956,0,geod_dist_to_target,75,0.5322247347903476
33764.44,ROW-max-Corr,1703,6340,773956,0,geod_dist_to_target,80,0.24956215135320794
33764.44,ROW-max-Corr,1703,4211,773956,0,geod_dist_to_target,85,0.5322247347903476
33764.44,ROW-max-Corr,1703,1703,773956,0,geod_dist_to_target,90,0.0
33764.44,ROW-max-Corr,1703,348,773956,0,geod_dist_to_target,95,0.5119390166909262
33764.44,ROW-max-Corr,1703,4377,773956,0,geod_dist_to_target,100,0.46831042591843214
33764.44,ROW-max-Corr,1703,10902,654571,0,geod_dist_to_target,5,2.2850443906887175
33764.44,ROW-max-Corr,1703,5362,654571,0,geod_dist_to_target,6,16.279155639351835
33764.44,ROW-max-Corr,1703,4412,654571,0,geod_dist_to_target,7,17.518567839136495
33764.44,ROW-max-Corr,1703,5384,654571,0,geod_dist_to_target,8,19.727931295883682
33764.44,ROW-max-Corr,1703,9954,654571,0,geod_dist_to_target,9,17.400812452456865
33764.44,ROW-max-Corr,1703,9954,654571,0,geod_dist_to_target,10,17.400812452456865
33764.44,ROW-max-Corr,1703,4560,654571,0,geod_dist_to_target,11,3.1011106827510235
33764.44,ROW-max-Corr,1703,2554,654571,0,geod_dist_to_target,12,3.8093353423213205
33764.44,ROW-max-Corr,1703,2554,654571,0,geod_dist_to_target,13,3.8093353423213205
33764.44,ROW-max-Corr,1703,2554,654571,0,geod_dist_to_target,14,3.8093353423213205
33764.44,ROW-max-Corr,1703,2554,654571,0,geod_dist_to_target,15,3.8093353423213205
33764.44,ROW-max-Corr,1703,2421,654571,0,geod_dist_to_target,16,4.099045177152173
33764.44,ROW-max-Corr,1703,4725,654571,0,geod_dist_to_target,17,2.767412195609948
33764.44,ROW-max-Corr,1703,4222,654571,0,geod_dist_to_target,18,1.861108835383731
33764.44,ROW-max-Corr,1703,4222,654571,0,geod_dist_to_target,19,1.861108835383731
33764.44,ROW-max-Corr,1703,4563,654571,0,geod_dist_to_target,20,2.640378588712746
33764.44,ROW-max-Corr,1703,1914,654571,0,geod_dist_to_target,22,0.49993832217698103
33764.44,ROW-max-Corr,1703,1914,654571,0,geod_dist_to_target,24,0.49993832217698103
33764.44,ROW-max-Corr,1703,4200,654571,0,geod_dist_to_target,26,0.49102418320330976
33764.44,ROW-max-Corr,1703,1914,654571,0,geod_dist_to_target,28,0.49993832217698103
33764.44,ROW-max-Corr,1703,9891,654571,0,geod_dist_to_target,30,1.4647765231458205
33764.44,ROW-max-Corr,1703,1005,654571,0,geod_dist_to_target,32,0.884314496638899
33764.44,ROW-max-Corr,1703,1005,654571,0,geod_dist_to_target,34,0.884314496638899
33764.44,ROW-max-Corr,1703,4378,654571,0,geod_dist_to_target,36,0.9962662417445457
33764.44,ROW-max-Corr,1703,4378,654571,0,geod_dist_to_target,38,0.9962662417445457
33764.44,ROW-max-Corr,1703,4378,654571,0,geod_dist_to_target,40,0.9962662417445457
33764.44,ROW-max-Corr,1703,1005,654571,0,geod_dist_to_target,42,0.884314496638899
33764.44,ROW-max-Corr,1703,4200,654571,0,geod_dist_to_target,44,0.49102418320330976
33764.44,ROW-max-Corr,1703,4200,654571,0,geod_dist_to_target,46,0.49102418320330976
33764.44,ROW-max-Corr,1703,4200,654571,0,geod_dist_to_target,48,0.49102418320330976
33764.44,ROW-max-Corr,1703,4200,654571,0,geod_dist_to_target,50,0.49102418320330976
33764.44,ROW-max-Corr,1703,4201,654571,0,geod_dist_to_target,55,0.22467978116970785
33764.44,ROW-max-Corr,1703,4201,654571,0,geod_dist_to_target,60,0.22467978116970785
33764.44,ROW-max-Corr,1703,4201,654571,0,geod_dist_to_target,65,0.22467978116970785
33764.44,ROW-max-Corr,1703,4201,654571,0,geod_dist_to_target,70,0.22467978116970785
33764.44,ROW-max-Corr,1703,4202,654571,0,geod_dist_to_target,75,0.24838691691917922
33764.44,ROW-max-Corr,1703,4377,654571,0,geod_dist_to_target,80,0.46831042591843214
33764.44,ROW-max-Corr,1703,4377,654571,0,geod_dist_to_target,85,0.46831042591843214
33764.44,ROW-max-Corr,1703,680,654571,0,geod_dist_to_target,90,1.1430329035388518
33764.44,ROW-max-Corr,1703,680,654571,0,geod_dist_to_target,95,1.1430329035388518
33764.44,ROW-max-Corr,1703,4377,654571,0,geod_dist_to_target,100,0.46831042591843214
33764.44,ROW-max-Corr,1703,1981,438878,0,geod_dist_to_target,5,38.931705138953944
33764.44,ROW-max-Corr,1703,12241,438878,0,geod_dist_to_target,6,33.82618970540812
33764.44,ROW-max-Corr,1703,12243,438878,0,geod_dist_to_target,7,38.94788525597112
33764.44,ROW-max-Corr,1703,496,438878,0,geod_dist_to_target,8,11.551047634314125
33764.44,ROW-max-Corr,1703,2127,438878,0,geod_dist_to_target,9,0.5178958072914037
33764.44,ROW-max-Corr,1703,2127,438878,0,geod_dist_to_target,10,0.5178958072914037
33764.44,ROW-max-Corr,1703,2127,438878,0,geod_dist_to_target,11,0.5178958072914037
33764.44,ROW-max-Corr,1703,4378,438878,0,geod_dist_to_target,12,0.9962662417445457
33764.44,ROW-max-Corr,1703,11649,438878,0,geod_dist_to_target,13,1.571380057710929
33764.44,ROW-max-Corr,1703,4367,438878,0,geod_dist_to_target,14,1.6172242492586573
33764.44,ROW-max-Corr,1703,1914,438878,0,geod_dist_to_target,15,0.49993832217698103
33764.44,ROW-max-Corr,1703,1914,438878,0,geod_dist_to_target,16,0.49993832217698103
33764.44,ROW-max-Corr,1703,4378,438878,0,geod_dist_to_target,17,0.9962662417445457
33764.44,ROW-max-Corr,1703,1005,438878,0,geod_dist_to_target,18,0.884314496638899
33764.44,ROW-max-Corr,1703,1005,438878,0,geod_dist_to_target,19,0.884314496638899
33764.44,ROW-max-Corr,1703,4201,438878,0,geod_dist_to_target,20,0.22467978116970785
33764.44,ROW-max-Corr,1703,11612,438878,0,geod_dist_to_target,22,2.9051170545815608
33764.44,ROW-max-Corr,1703,11612,438878,0,geod_dist_to_target,24,2.9051170545815608
33764.44,ROW-max-Corr,1703,11612,438878,0,geod_dist_to_target,26,2.9051170545815608
33764.44,ROW-max-Corr,1703,12315,438878,0,geod_dist_to_target,28,5.42705199446555
33764.44,ROW-max-Corr,1703,12100,438878,0,geod_dist_to_target,30,3.7766964248272505
33764.44,ROW-max-Corr,1703,2439,438878,0,geod_dist_to_target,32,2.0114983175549903
33764.44,ROW-max-Corr,1703,2439,438878,0,geod_dist_to_target,34,2.0114983175549903
33764.44,ROW-max-Corr,1703,2439,438878,0,geod_dist_to_target,36,2.0114983175549903
33764.44,ROW-max-Corr,1703,2439,438878,0,geod_dist_to_target,38,2.0114983175549903
33764.44,ROW-max-Corr,1703,2439,438878,0,geod_dist_to_target,40,2.0114983175549903
33764.44,ROW-max-Corr,1703,4222,438878,0,geod_dist_to_target,42,1.861108835383731
33764.44,ROW-max-Corr,1703,4222,438878,0,geod_dist_to_target,44,1.861108835383731
33764.44,ROW-max-Corr,1703,4222,438878,0,geod_dist_to_target,46,1.861108835383731
33764.44,ROW-max-Corr,1703,2071,438878,0,geod_dist_to_target,48,1.0152557721994404
33764.44,ROW-max-Corr,1703,2071,438878,0,geod_dist_to_target,50,1.0152557721994404
33764.44,ROW-max-Corr,1703,2071,438878,0,geod_dist_to_target,55,1.0152557721994404
33764.44,ROW-max-Corr,1703,2071,438878,0,geod_dist_to_target,60,1.0152557721994404
33764.44,ROW-max-Corr,1703,2071,438878,0,geod_dist_to_target,65,1.0152557721994404
33764.44,ROW-max-Corr,1703,2071,438878,0,geod_dist_to_target,70,1.0152557721994404
33764.44,ROW-max-Corr,1703,2071,438878,0,geod_dist_to_target,75,1.0152557721994404
33764.44,ROW-max-Corr,1703,2071,438878,0,geod_dist_to_target,80,1.0152557721994404
33764.44,ROW-max-Corr,1703,7548,438878,0,geod_dist_to_target,85,1.3661127631445547
33764.44,ROW-max-Corr,1703,4211,438878,0,geod_dist_to_target,90,0.5322247347903476
33764.44,ROW-max-Corr,1703,2071,438878,0,geod_dist_to_target,95,1.0152557721994404
33764.44,ROW-max-Corr,1703,2071,438878,0,geod_dist_to_target,100,1.0152557721994404
33764.44,ROW-max-Corr,1703,10879,433015,0,geod_dist_to_target,5,24.499087170538118
33764.44,ROW-max-Corr,1703,123,433015,0,geod_dist_to_target,6,15.99885119361278
33764.44,ROW-max-Corr,1703,4254,433015,0,geod_dist_to_target,7,5.374252781913622
33764.44,ROW-max-Corr,1703,328,433015,0,geod_dist_to_target,8,4.232228516064516
33764.44,ROW-max-Corr,1703,2439,433015,0,geod_dist_to_target,9,2.0114983175549903
33764.44,ROW-max-Corr,1703,12100,433015,0,geod_dist_to_target,10,3.7766964248272505
33764.44,ROW-max-Corr,1703,415,433015,0,geod_dist_to_target,11,1.682511435418417
33764.44,ROW-max-Corr,1703,2071,433015,0,geod_dist_to_target,12,1.0152557721994404
33764.44,ROW-max-Corr,1703,415,433015,0,geod_dist_to_target,13,1.682511435418417
33764.44,ROW-max-Corr,1703,3804,433015,0,geod_dist_to_target,14,12.59338545688464
33764.44,ROW-max-Corr,1703,3804,433015,0,geod_dist_to_target,15,12.59338545688464
33764.44,ROW-max-Corr,1703,889,433015,0,geod_dist_to_target,16,3.786314464860174
33764.44,ROW-max-Corr,1703,1867,433015,0,geod_dist_to_target,17,4.705877522671565
33764.44,ROW-max-Corr,1703,4149,433015,0,geod_dist_to_target,18,2.5949320835827105
33764.44,ROW-max-Corr,1703,4361,433015,0,geod_dist_to_target,19,2.3633758159397624
33764.44,ROW-max-Corr,1703,1314,433015,0,geod_dist_to_target,20,6.9130016615709815
33764.44,ROW-max-Corr,1703,1314,433015,0,geod_dist_to_target,22,6.9130016615709815
33764.44,ROW-max-Corr,1703,6931,433015,0,geod_dist_to_target,24,6.487006656998179
33764.44,ROW-max-Corr,1703,6931,433015,0,geod_dist_to_target,26,6.487006656998179
33764.44,ROW-max-Corr,1703,6931,433015,0,geod_dist_to_target,28,6.487006656998179
33764.44,ROW-max-Corr,1703,4361,433015,0,geod_dist_to_target,30,2.3633758159397624
33764.44,ROW-max-Corr,1703,680,433015,0,geod_dist_to_target,32,1.1430329035388518
33764.44,ROW-max-Corr,1703,1005,433015,0,geod_dist_to_target,34,0.884314496638899
33764.44,ROW-max-Corr,1703,1005,433015,0,geod_dist_to_target,36,0.884314496638899
33764.44,ROW-max-Corr,1703,1005,433015,0,geod_dist_to_target,38,0.884314496638899
33764.44,ROW-max-Corr,1703,1005,433015,0,geod_dist_to_target,40,0.884314496638899
33764.44,ROW-max-Corr,1703,1005,433015,0,geod_dist_to_target,42,0.884314496638899
33764.44,ROW-max-Corr,1703,1005,433015,0,geod_dist_to_target,44,0.884314496638899
33764.44,ROW-max-Corr,1703,1005,433015,0,geod_dist_to_target,46,0.884314496638899
33764.44,ROW-max-Corr,1703,1005,433015,0,geod_dist_to_target,48,0.884314496638899
33764.44,ROW-max-Corr,1703,1005,433015,0,geod_dist_to_target,50,0.884314496638899
33764.44,ROW-max-Corr,1703,1005,433015,0,geod_dist_to_target,55,0.884314496638899
33764.44,ROW-max-Corr,1703,2071,433015,0,geod_dist_to_target,60,1.0152557721994404
33764.44,ROW-max-Corr,1703,4222,433015,0,geod_dist_to_target,65,1.861108835383731
33764.44,ROW-max-Corr,1703,4222,433015,0,geod_dist_to_target,70,1.861108835383731
33764.44,ROW-max-Corr,1703,4222,433015,0,geod_dist_to_target,75,1.861108835383731
33764.44,ROW-max-Corr,1703,4222,433015,0,geod_dist_to_target,80,1.861108835383731
33764.44,ROW-max-Corr,1703,11612,433015,0,geod_dist_to_target,85,2.9051170545815608
33764.44,ROW-max-Corr,1703,10951,433015,0,geod_dist_to_target,90,1.1033157119550998
33764.44,ROW-max-Corr,1703,4201,433015,0,geod_dist_to_target,95,0.22467978116970785
33764.44,ROW-max-Corr,1703,1005,433015,0,geod_dist_to_target,100,0.884314496638899
33764.44,ROW-max-Corr,1703,8335,858597,0,geod_dist_to_target,5,35.77623807111045
33764.44,ROW-max-Corr,1703,12241,858597,0,geod_dist_to_target,6,33.82618970540812
33764.44,ROW-max-Corr,1703,9456,858597,0,geod_dist_to_target,7,10.676599694740142
33764.44,ROW-max-Corr,1703,496,858597,0,geod_dist_to_target,8,11.551047634314125
33764.44,ROW-max-Corr,1703,11115,858597,0,geod_dist_to_target,9,7.45643047545125
33764.44,ROW-max-Corr,1703,5397,858597,0,geod_dist_to_target,10,8.275038014853878
33764.44,ROW-max-Corr,1703,11115,858597,0,geod_dist_to_target,11,7.45643047545125
33764.44,ROW-max-Corr,1703,11115,858597,0,geod_dist_to_target,12,7.45643047545125
33764.44,ROW-max-Corr,1703,4362,858597,0,geod_dist_to_target,13,2.0454466661615407
33764.44,ROW-max-Corr,1703,4362,858597,0,geod_dist_to_target,14,2.0454466661615407
33764.44,ROW-max-Corr,1703,4362,858597,0,geod_dist_to_target,15,2.0454466661615407
33764.44,ROW-max-Corr,1703,4362,858597,0,geod_dist_to_target,16,2.0454466661615407
33764.44,ROW-max-Corr,1703,4444,858597,0,geod_dist_to_target,17,15.483669374867446
33764.44,ROW-max-Corr,1703,4444,858597,0,geod_dist_to_target,18,15.483669374867446
33764.44,ROW-max-Corr,1703,2481,858597,0,geod_dist_to_target,19,14.478554833898341
33764.44,ROW-max-Corr,1703,2481,858597,0,geod_dist_to_target,20,14.478554833898341
33764.44,ROW-max-Corr,1703,2481,858597,0,geod_dist_to_target,22,14.478554833898341
33764.44,ROW-max-Corr,1703,2481,858597,0,geod_dist_to_target,24,14.478554833898341
33764.44,ROW-max-Corr,1703,2481,858597,0,geod_dist_to_target,26,14.478554833898341
33764.44,ROW-max-Corr,1703,2435,858597,0,geod_dist_to_target,28,14.71405192278389
33764.44,ROW-max-Corr,1703,4444,858597,0,geod_dist_to_target,30,15.483669374867446
33764.44,ROW-max-Corr,1703,4444,858597,0,geod_dist_to_target,32,15.483669374867446
33764.44,ROW-max-Corr,1703,4444,858597,0,geod_dist_to_target,34,15.483669374867446
33764.44,ROW-max-Corr,1703,4444,858597,0,geod_dist_to_target,36,15.483669374867446
33764.44,ROW-max-Corr,1703,4444,858597,0,geod_dist_to_target,38,15.483669374867446
33764.44,ROW-max-Corr,1703,4444,858597,0,geod_dist_to_target,40,15.483669374867446
33764.44,ROW-max-Corr,1703,4444,858597,0,geod_dist_to_target,42,15.483669374867446
33764.44,ROW-max-Corr,1703,4444,858597,0,geod_dist_to_target,44,15.483669374867446
33764.44,ROW-max-Corr,1703,4444,858597,0,geod_dist_to_target,46,15.483669374867446
33764.44,ROW-max-Corr,1703,4201,858597,0,geod_dist_to_target,48,0.22467978116970785
33764.44,ROW-max-Corr,1703,4201,858597,0,geod_dist_to_target,50,0.22467978116970785
33764.44,ROW-max-Corr,1703,4202,858597,0,geod_dist_to_target,55,0.24838691691917922
33764.44,ROW-max-Corr,1703,2071,858597,0,geod_dist_to_target,60,1.0152557721994404
33764.44,ROW-max-Corr,1703,2071,858597,0,geod_dist_to_target,65,1.0152557721994404
33764.44,ROW-max-Corr,1703,2071,858597,0,geod_dist_to_target,70,1.0152557721994404
33764.44,ROW-max-Corr,1703,2071,858597,0,geod_dist_to_target,75,1.0152557721994404
33764.44,ROW-max-Corr,1703,2071,858597,0,geod_dist_to_target,80,1.0152557721994404
33764.44,ROW-max-Corr,1703,4200,858597,0,geod_dist_to_target,85,0.49102418320330976
33764.44,ROW-max-Corr,1703,4200,858597,0,geod_dist_to_target,90,0.49102418320330976
33764.44,ROW-max-Corr,1703,4200,858597,0,geod_dist_to_target,95,0.49102418320330976
33764.44,ROW-max-Corr,1703,4200,858597,0,geod_dist_to_target,100,0.49102418320330976
33764.44,ROW-max-Corr,1703,10195,85945,0,geod_dist_to_target,5,36.05520835583794
33764.44,ROW-max-Corr,1703,3017,85945,0,geod_dist_to_target,6,15.399056206155848
33764.44,ROW-max-Corr,1703,4254,85945,0,geod_dist_to_target,7,5.374252781913622
33764.44,ROW-max-Corr,1703,4254,85945,0,geod_dist_to_target,8,5.374252781913622
33764.44,ROW-max-Corr,1703,4254,85945,0,geod_dist_to_target,9,5.374252781913622
33764.44,ROW-max-Corr,1703,889,85945,0,geod_dist_to_target,10,3.786314464860174
33764.44,ROW-max-Corr,1703,4725,85945,0,geod_dist_to_target,11,2.767412195609948
33764.44,ROW-max-Corr,1703,4725,85945,0,geod_dist_to_target,12,2.767412195609948
33764.44,ROW-max-Corr,1703,4725,85945,0,geod_dist_to_target,13,2.767412195609948
33764.44,ROW-max-Corr,1703,4222,85945,0,geod_dist_to_target,14,1.861108835383731
33764.44,ROW-max-Corr,1703,4222,85945,0,geod_dist_to_target,15,1.861108835383731
33764.44,ROW-max-Corr,1703,4222,85945,0,geod_dist_to_target,16,1.861108835383731
33764.44,ROW-max-Corr,1703,9499,85945,0,geod_dist_to_target,17,6.115087849643733
33764.44,ROW-max-Corr,1703,9499,85945,0,geod_dist_to_target,18,6.115087849643733
33764.44,ROW-max-Corr,1703,1005,85945,0,geod_dist_to_target,19,0.884314496638899
33764.44,ROW-max-Corr,1703,4377,85945,0,geod_dist_to_target,20,0.46831042591843214
33764.44,ROW-max-Corr,1703,11866,85945,0,geod_dist_to_target,22,4.813973620049435
33764.44,ROW-max-Corr,1703,11866,85945,0,geod_dist_to_target,24,4.813973620049435
33764.44,ROW-max-Corr,1703,6318,85945,0,geod_dist_to_target,26,4.4659894977988
33764.44,ROW-max-Corr,1703,12100,85945,0,geod_dist_to_target,28,3.7766964248272505
33764.44,ROW-max-Corr,1703,6644,85945,0,geod_dist_to_target,30,1.905545592367454
33764.44,ROW-max-Corr,1703,2097,85945,0,geod_dist_to_target,32,1.2191724290331893
33764.44,ROW-max-Corr,1703,4377,85945,0,geod_dist_to_target,34,0.46831042591843214
33764.44,ROW-max-Corr,1703,4377,85945,0,geod_dist_to_target,36,0.46831042591843214
33764.44,ROW-max-Corr,1703,4377,85945,0,geod_dist_to_target,38,0.46831042591843214
33764.44,ROW-max-Corr,1703,4377,85945,0,geod_dist_to_target,40,0.46831042591843214
33764.44,ROW-max-Corr,1703,4377,85945,0,geod_dist_to_target,42,0.46831042591843214
33764.44,ROW-max-Corr,1703,4377,85945,0,geod_dist_to_target,44,0.46831042591843214
33764.44,ROW-max-Corr,1703,4377,85945,0,geod_dist_to_target,46,0.46831042591843214
33764.44,ROW-max-Corr,1703,348,85945,0,geod_dist_to_target,48,0.5119390166909262
33764.44,ROW-max-Corr,1703,348,85945,0,geod_dist_to_target,50,0.5119390166909262
33764.44,ROW-max-Corr,1703,348,85945,0,geod_dist_to_target,55,0.5119390166909262
33764.44,ROW-max-Corr,1703,1703,85945,0,geod_dist_to_target,60,0.0
33764.44,ROW-max-Corr,1703,348,85945,0,geod_dist_to_target,65,0.5119390166909262
33764.44,ROW-max-Corr,1703,6340,85945,0,geod_dist_to_target,70,0.24956215135320794
33764.44,ROW-max-Corr,1703,4211,85945,0,geod_dist_to_target,75,0.5322247347903476
33764.44,ROW-max-Corr,1703,4211,85945,0,geod_dist_to_target,80,0.5322247347903476
33764.44,ROW-max-Corr,1703,4211,85945,0,geod_dist_to_target,85,0.5322247347903476
33764.44,ROW-max-Corr,1703,7548,85945,0,geod_dist_to_target,90,1.3661127631445547
33764.44,ROW-max-Corr,1703,4211,85945,0,geod_dist_to_target,95,0.5322247347903476
33764.44,ROW-max-Corr,1703,7548,85945,0,geod_dist_to_target,100,1.3661127631445547
33764.44,ROW-max-Corr,1703,2792,697368,0,geod_dist_to_target,5,40.86122996081057
33764.44,ROW-max-Corr,1703,8281,697368,0,geod_dist_to_target,6,38.81633994571431
33764.44,ROW-max-Corr,1703,10588,697368,0,geod_dist_to_target,7,53.62581668019866
33764.44,ROW-max-Corr,1703,3199,697368,0,geod_dist_to_target,8,25.012349197868076
33764.44,ROW-max-Corr,1703,6846,697368,0,geod_dist_to_target,9,3.539884365402822
33764.44,ROW-max-Corr,1703,4233,697368,0,geod_dist_to_target,10,3.01365275648481
33764.44,ROW-max-Corr,1703,6846,697368,0,geod_dist_to_target,11,3.539884365402822
33764.44,ROW-max-Corr,1703,6846,697368,0,geod_dist_to_target,12,3.539884365402822
33764.44,ROW-max-Corr,1703,4233,697368,0,geod_dist_to_target,13,3.01365275648481
33764.44,ROW-max-Corr,1703,4407,697368,0,geod_dist_to_target,14,2.6856883703009475
33764.44,ROW-max-Corr,1703,4407,697368,0,geod_dist_to_target,15,2.6856883703009475
33764.44,ROW-max-Corr,1703,4407,697368,0,geod_dist_to_target,16,2.6856883703009475
33764.44,ROW-max-Corr,1703,1325,697368,0,geod_dist_to_target,17,1.3024532729094707
33764.44,ROW-max-Corr,1703,4364,697368,0,geod_dist_to_target,18,1.2950533998310991
33764.44,ROW-max-Corr,1703,4364,697368,0,geod_dist_to_target,19,1.2950533998310991
33764.44,ROW-max-Corr,1703,4364,697368,0,geod_dist_to_target,20,1.2950533998310991
33764.44,ROW-max-Corr,1703,4364,697368,0,geod_dist_to_target,22,1.2950533998310991
33764.44,ROW-max-Corr,1703,183,697368,0,geod_dist_to_target,24,1.0040826129057305
33764.44,ROW-max-Corr,1703,183,697368,0,geod_dist_to_target,26,1.0040826129057305
33764.44,ROW-max-Corr,1703,183,697368,0,geod_dist_to_target,28,1.0040826129057305
33764.44,ROW-max-Corr,1703,6340,697368,0,geod_dist_to_target,30,0.24956215135320794
33764.44,ROW-max-Corr,1703,183,697368,0,geod_dist_to_target,32,1.0040826129057305
33764.44,ROW-max-Corr,1703,348,697368,0,geod_dist_to_target,34,0.5119390166909262
33764.44,ROW-max-Corr,1703,348,697368,0,geod_dist_to_target,36,0.5119390166909262
33764.44,ROW-max-Corr,1703,348,697368,0,geod_dist_to_target,38,0.5119390166909262
33764.44,ROW-max-Corr,1703,348,697368,0,geod_dist_to_target,40,0.5119390166909262
33764.44,ROW-max-Corr,1703,348,697368,0,geod_dist_to_target,42,0.5119390166909262
33764.44,ROW-max-Corr,1703,348,697368,0,geod_dist_to_target,44,0.5119390166909262
33764.44,ROW-max-Corr,1703,348,697368,0,geod_dist_to_target,46,0.5119390166909262
33764.44,ROW-max-Corr,1703,348,697368,0,geod_dist_to_target,48,0.5119390166909262
33764.44,ROW-max-Corr,1703,348,697368,0,geod_dist_to_target,50,0.5119390166909262
33764.44,ROW-max-Corr,1703,348,697368,0,geod_dist_to_target,55,0.5119390166909262
33764.44,ROW-max-Corr,1703,2097,697368,0,geod_dist_to_target,60,1.2191724290331893
33764.44,ROW-max-Corr,1703,2097,697368,0,geod_dist_to_target,65,1.2191724290331893
33764.44,ROW-max-Corr,1703,2097,697368,0,geod_dist_to_target,70,1.2191724290331893
33764.44,ROW-max-Corr,1703,4377,697368,0,geod_dist_to_target,75,0.46831042591843214
33764.44,ROW-max-Corr,1703,4377,697368,0,geod_dist_to_target,80,0.46831042591843214
33764.44,ROW-max-Corr,1703,4377,697368,0,geod_dist_to_target,85,0.46831042591843214
33764.44,ROW-max-Corr,1703,4377,697368,0,geod_dist_to_target,90,0.46831042591843214
33764.44,ROW-max-Corr,1703,4377,697368,0,geod_dist_to_target,95,0.46831042591843214
33764.44,ROW-max-Corr,1703,4377,697368,0,geod_dist_to_target,100,0.46831042591843214
33764.44,ROW-max-Corr,1703,8281,201469,0,geod_dist_to_target,5,38.81633994571431
33764.44,ROW-max-Corr,1703,11946,201469,0,geod_dist_to_target,6,33.68623004454358
33764.44,ROW-max-Corr,1703,10879,201469,0,geod_dist_to_target,7,24.499087170538118
33764.44,ROW-max-Corr,1703,10879,201469,0,geod_dist_to_target,8,24.499087170538118
33764.44,ROW-max-Corr,1703,5860,201469,0,geod_dist_to_target,9,24.747894118226156
33764.44,ROW-max-Corr,1703,5086,201469,0,geod_dist_to_target,10,12.270895281621344
33764.44,ROW-max-Corr,1703,5086,201469,0,geod_dist_to_target,11,12.270895281621344
33764.44,ROW-max-Corr,1703,5086,201469,0,geod_dist_to_target,12,12.270895281621344
33764.44,ROW-max-Corr,1703,5086,201469,0,geod_dist_to_target,13,12.270895281621344
33764.44,ROW-max-Corr,1703,5086,201469,0,geod_dist_to_target,14,12.270895281621344
33764.44,ROW-max-Corr,1703,5086,201469,0,geod_dist_to_target,15,12.270895281621344
33764.44,ROW-max-Corr,1703,5086,201469,0,geod_dist_to_target,16,12.270895281621344
33764.44,ROW-max-Corr,1703,5086,201469,0,geod_dist_to_target,17,12.270895281621344
33764.44,ROW-max-Corr,1703,5086,201469,0,geod_dist_to_target,18,12.270895281621344
33764.44,ROW-max-Corr,1703,8735,201469,0,geod_dist_to_target,19,11.610220716168195
33764.44,ROW-max-Corr,1703,8735,201469,0,geod_dist_to_target,20,11.610220716168195
33764.44,ROW-max-Corr,1703,8735,201469,0,geod_dist_to_target,22,11.610220716168195
33764.44,ROW-max-Corr,1703,10614,201469,0,geod_dist_to_target,24,11.145975090257304
33764.44,ROW-max-Corr,1703,10614,201469,0,geod_dist_to_target,26,11.145975090257304
33764.44,ROW-max-Corr,1703,10614,201469,0,geod_dist_to_target,28,11.145975090257304
33764.44,ROW-max-Corr,1703,10614,201469,0,geod_dist_to_target,30,11.145975090257304
33764.44,ROW-max-Corr,1703,10614,201469,0,geod_dist_to_target,32,11.145975090257304
33764.44,ROW-max-Corr,1703,10614,201469,0,geod_dist_to_target,34,11.145975090257304
33764.44,ROW-max-Corr,1703,10614,201469,0,geod_dist_to_target,36,11.145975090257304
33764.44,ROW-max-Corr,1703,10614,201469,0,geod_dist_to_target,38,11.145975090257304
33764.44,ROW-max-Corr,1703,10614,201469,0,geod_dist_to_target,40,11.145975090257304
33764.44,ROW-max-Corr,1703,10614,201469,0,geod_dist_to_target,42,11.145975090257304
33764.44,ROW-max-Corr,1703,10614,201469,0,geod_dist_to_target,44,11.145975090257304
33764.44,ROW-max-Corr,1703,10614,201469,0,geod_dist_to_target,46,11.145975090257304
33764.44,ROW-max-Corr,1703,11115,201469,0,geod_dist_to_target,48,7.45643047545125
33764.44,ROW-max-Corr,1703,11115,201469,0,geod_dist_to_target,50,7.45643047545125
33764.44,ROW-max-Corr,1703,1703,201469,0,geod_dist_to_target,55,0.0
33764.44,ROW-max-Corr,1703,4211,201469,0,geod_dist_to_target,60,0.5322247347903476
33764.44,ROW-max-Corr,1703,4211,201469,0,geod_dist_to_target,65,0.5322247347903476
33764.44,ROW-max-Corr,1703,7548,201469,0,geod_dist_to_target,70,1.3661127631445547
33764.44,ROW-max-Corr,1703,7548,201469,0,geod_dist_to_target,75,1.3661127631445547
33764.44,ROW-max-Corr,1703,4211,201469,0,geod_dist_to_target,80,0.5322247347903476
33764.44,ROW-max-Corr,1703,4211,201469,0,geod_dist_to_target,85,0.5322247347903476
33764.44,ROW-max-Corr,1703,4211,201469,0,geod_dist_to_target,90,0.5322247347903476
33764.44,ROW-max-Corr,1703,4211,201469,0,geod_dist_to_target,95,0.5322247347903476
33764.44,ROW-max-Corr,1703,4211,201469,0,geod_dist_to_target,100,0.5322247347903476
33764.44,ROW-max-Corr,1703,5373,94177,0,geod_dist_to_target,5,35.25932117960508
33764.44,ROW-max-Corr,1703,520,94177,0,geod_dist_to_target,6,34.711788433066296
33764.44,ROW-max-Corr,1703,4380,94177,0,geod_dist_to_target,7,1.6825620280111513
33764.44,ROW-max-Corr,1703,4370,94177,0,geod_dist_to_target,8,1.9551309150550484
33764.44,ROW-max-Corr,1703,11649,94177,0,geod_dist_to_target,9,1.571380057710929
33764.44,ROW-max-Corr,1703,4368,94177,0,geod_dist_to_target,10,1.9661148271801965
33764.44,ROW-max-Corr,1703,239,94177,0,geod_dist_to_target,11,2.4447509135389818
33764.44,ROW-max-Corr,1703,4360,94177,0,geod_dist_to_target,12,2.621084676538944
33764.44,ROW-max-Corr,1703,501,94177,0,geod_dist_to_target,13,1.7639502055891951
33764.44,ROW-max-Corr,1703,501,94177,0,geod_dist_to_target,14,1.7639502055891951
33764.44,ROW-max-Corr,1703,501,94177,0,geod_dist_to_target,15,1.7639502055891951
33764.44,ROW-max-Corr,1703,501,94177,0,geod_dist_to_target,16,1.7639502055891951
33764.44,ROW-max-Corr,1703,4201,94177,0,geod_dist_to_target,17,0.22467978116970785
33764.44,ROW-max-Corr,1703,1703,94177,0,geod_dist_to_target,18,0.0
33764.44,ROW-max-Corr,1703,1703,94177,0,geod_dist_to_target,19,0.0
33764.44,ROW-max-Corr,1703,4211,94177,0,geod_dist_to_target,20,0.5322247347903476
33764.44,ROW-max-Corr,1703,4211,94177,0,geod_dist_to_target,22,0.5322247347903476
33764.44,ROW-max-Corr,1703,4211,94177,0,geod_dist_to_target,24,0.5322247347903476
33764.44,ROW-max-Corr,1703,4211,94177,0,geod_dist_to_target,26,0.5322247347903476
33764.44,ROW-max-Corr,1703,2071,94177,0,geod_dist_to_target,28,1.0152557721994404
33764.44,ROW-max-Corr,1703,2071,94177,0,geod_dist_to_target,30,1.0152557721994404
33764.44,ROW-max-Corr,1703,2071,94177,0,geod_dist_to_target,32,1.0152557721994404
33764.44,ROW-max-Corr,1703,4211,94177,0,geod_dist_to_target,34,0.5322247347903476
33764.44,ROW-max-Corr,1703,4211,94177,0,geod_dist_to_target,36,0.5322247347903476
33764.44,ROW-max-Corr,1703,4211,94177,0,geod_dist_to_target,38,0.5322247347903476
33764.44,ROW-max-Corr,1703,4211,94177,0,geod_dist_to_target,40,0.5322247347903476
33764.44,ROW-max-Corr,1703,1703,94177,0,geod_dist_to_target,42,0.0
33764.44,ROW-max-Corr,1703,1703,94177,0,geod_dist_to_target,44,0.0
33764.44,ROW-max-Corr,1703,1703,94177,0,geod_dist_to_target,46,0.0
33764.44,ROW-max-Corr,1703,1703,94177,0,geod_dist_to_target,48,0.0
33764.44,ROW-max-Corr,1703,1703,94177,0,geod_dist_to_target,50,0.0
33764.44,ROW-max-Corr,1703,1703,94177,0,geod_dist_to_target,55,0.0
33764.44,ROW-max-Corr,1703,4202,94177,0,geod_dist_to_target,60,0.24838691691917922
33764.44,ROW-max-Corr,1703,4202,94177,0,geod_dist_to_target,65,0.24838691691917922
33764.44,ROW-max-Corr,1703,4202,94177,0,geod_dist_to_target,70,0.24838691691917922
33764.44,ROW-max-Corr,1703,4202,94177,0,geod_dist_to_target,75,0.24838691691917922
33764.44,ROW-max-Corr,1703,4202,94177,0,geod_dist_to_target,80,0.24838691691917922
33764.44,ROW-max-Corr,1703,4202,94177,0,geod_dist_to_target,85,0.24838691691917922
33764.44,ROW-max-Corr,1703,4202,94177,0,geod_dist_to_target,90,0.24838691691917922
33764.44,ROW-max-Corr,1703,4202,94177,0,geod_dist_to_target,95,0.24838691691917922
33764.44,ROW-max-Corr,1703,4202,94177,0,geod_dist_to_target,100,0.24838691691917922
33764.44,COL-mean-Corr(Ben),1703,4557,89250,0,geod_dist_to_target,5,4.15638507407455
33764.44,COL-mean-Corr(Ben),1703,531,89250,0,geod_dist_to_target,6,5.4616972080402775
33764.44,COL-mean-Corr(Ben),1703,10406,89250,0,geod_dist_to_target,7,14.047004664366236
33764.44,COL-mean-Corr(Ben),1703,10406,89250,0,geod_dist_to_target,8,14.047004664366236
33764.44,COL-mean-Corr(Ben),1703,1383,89250,0,geod_dist_to_target,9,10.097408616017342
33764.44,COL-mean-Corr(Ben),1703,1383,89250,0,geod_dist_to_target,10,10.097408616017342
33764.44,COL-mean-Corr(Ben),1703,4175,89250,0,geod_dist_to_target,11,9.355139976160926
33764.44,COL-mean-Corr(Ben),1703,1383,89250,0,geod_dist_to_target,12,10.097408616017342
33764.44,COL-mean-Corr(Ben),1703,5349,89250,0,geod_dist_to_target,13,11.03435200536478
33764.44,COL-mean-Corr(Ben),1703,5349,89250,0,geod_dist_to_target,14,11.03435200536478
33764.44,COL-mean-Corr(Ben),1703,8735,89250,0,geod_dist_to_target,15,11.610220716168195
33764.44,COL-mean-Corr(Ben),1703,5086,89250,0,geod_dist_to_target,16,12.270895281621344
33764.44,COL-mean-Corr(Ben),1703,1939,89250,0,geod_dist_to_target,17,13.174620238502747
33764.44,COL-mean-Corr(Ben),1703,1939,89250,0,geod_dist_to_target,18,13.174620238502747
33764.44,COL-mean-Corr(Ben),1703,1939,89250,0,geod_dist_to_target,19,13.174620238502747
33764.44,COL-mean-Corr(Ben),1703,1939,89250,0,geod_dist_to_target,20,13.174620238502747
33764.44,COL-mean-Corr(Ben),1703,1939,89250,0,geod_dist_to_target,22,13.174620238502747
33764.44,COL-mean-Corr(Ben),1703,1939,89250,0,geod_dist_to_target,24,13.174620238502747
33764.44,COL-mean-Corr(Ben),1703,1939,89250,0,geod_dist_to_target,26,13.174620238502747
33764.44,COL-mean-Corr(Ben),1703,1939,89250,0,geod_dist_to_target,28,13.174620238502747
33764.44,COL-mean-Corr(Ben),1703,45,89250,0,geod_dist_to_target,30,13.636169460370153
33764.44,COL-mean-Corr(Ben),1703,2071,89250,0,geod_dist_to_target,32,1.0152557721994404
33764.44,COL-mean-Corr(Ben),1703,4222,89250,0,geod_dist_to_target,34,1.861108835383731
33764.44,COL-mean-Corr(Ben),1703,4444,89250,0,geod_dist_to_target,36,15.483669374867446
33764.44,COL-mean-Corr(Ben),1703,4444,89250,0,geod_dist_to_target,38,15.483669374867446
33764.44,COL-mean-Corr(Ben),1703,4444,89250,0,geod_dist_to_target,40,15.483669374867446
33764.44,COL-mean-Corr(Ben),1703,7548,89250,0,geod_dist_to_target,42,1.3661127631445547
33764.44,COL-mean-Corr(Ben),1703,7548,89250,0,geod_dist_to_target,44,1.3661127631445547
33764.44,COL-mean-Corr(Ben),1703,7548,89250,0,geod_dist_to_target,46,1.3661127631445547
33764.44,COL-mean-Corr(Ben),1703,7548,89250,0,geod_dist_to_target,48,1.3661127631445547
33764.44,COL-mean-Corr(Ben),1703,7548,89250,0,geod_dist_to_target,50,1.3661127631445547
33764.44,COL-mean-Corr(Ben),1703,7548,89250,0,geod_dist_to_target,55,1.3661127631445547
33764.44,COL-mean-Corr(Ben),1703,7548,89250,0,geod_dist_to_target,60,1.3661127631445547
33764.44,COL-mean-Corr(Ben),1703,2071,89250,0,geod_dist_to_target,65,1.0152557721994404
33764.44,COL-mean-Corr(Ben),1703,4202,89250,0,geod_dist_to_target,70,0.24838691691917922
33764.44,COL-mean-Corr(Ben),1703,2071,89250,0,geod_dist_to_target,75,1.0152557721994404
33764.44,COL-mean-Corr(Ben),1703,2071,89250,0,geod_dist_to_target,80,1.0152557721994404
33764.44,COL-mean-Corr(Ben),1703,1703,89250,0,geod_dist_to_target,85,0.0
33764.44,COL-mean-Corr(Ben),1703,2071,89250,0,geod_dist_to_target,90,1.0152557721994404
33764.44,COL-mean-Corr(Ben),1703,2071,89250,0,geod_dist_to_target,95,1.0152557721994404
33764.44,COL-mean-Corr(Ben),1703,2071,89250,0,geod_dist_to_target,100,1.0152557721994404
33764.44,COL-mean-Corr(Ben),1703,4594,773956,0,geod_dist_to_target,5,4.629272124060096
33764.44,COL-mean-Corr(Ben),1703,11731,773956,0,geod_dist_to_target,6,23.337197698018684
33764.44,COL-mean-Corr(Ben),1703,8061,773956,0,geod_dist_to_target,7,33.876076563671916
33764.44,COL-mean-Corr(Ben),1703,8061,773956,0,geod_dist_to_target,8,33.876076563671916
33764.44,COL-mean-Corr(Ben),1703,8061,773956,0,geod_dist_to_target,9,33.876076563671916
33764.44,COL-mean-Corr(Ben),1703,8061,773956,0,geod_dist_to_target,10,33.876076563671916
33764.44,COL-mean-Corr(Ben),1703,11731,773956,0,geod_dist_to_target,11,23.337197698018684
33764.44,COL-mean-Corr(Ben),1703,8595,773956,0,geod_dist_to_target,12,16.071328341379154
33764.44,COL-mean-Corr(Ben),1703,8595,773956,0,geod_dist_to_target,13,16.071328341379154
33764.44,COL-mean-Corr(Ben),1703,348,773956,0,geod_dist_to_target,14,0.5119390166909262
33764.44,COL-mean-Corr(Ben),1703,8595,773956,0,geod_dist_to_target,15,16.071328341379154
33764.44,COL-mean-Corr(Ben),1703,10721,773956,0,geod_dist_to_target,16,15.882320785179301
33764.44,COL-mean-Corr(Ben),1703,10721,773956,0,geod_dist_to_target,17,15.882320785179301
33764.44,COL-mean-Corr(Ben),1703,4444,773956,0,geod_dist_to_target,18,15.483669374867446
33764.44,COL-mean-Corr(Ben),1703,4444,773956,0,geod_dist_to_target,19,15.483669374867446
33764.44,COL-mean-Corr(Ben),1703,4444,773956,0,geod_dist_to_target,20,15.483669374867446
33764.44,COL-mean-Corr(Ben),1703,4444,773956,0,geod_dist_to_target,22,15.483669374867446
33764.44,COL-mean-Corr(Ben),1703,4444,773956,0,geod_dist_to_target,24,15.483669374867446
33764.44,COL-mean-Corr(Ben),1703,328,773956,0,geod_dist_to_target,26,4.232228516064516
33764.44,COL-mean-Corr(Ben),1703,328,773956,0,geod_dist_to_target,28,4.232228516064516
33764.44,COL-mean-Corr(Ben),1703,4444,773956,0,geod_dist_to_target,30,15.483669374867446
33764.44,COL-mean-Corr(Ben),1703,328,773956,0,geod_dist_to_target,32,4.232228516064516
33764.44,COL-mean-Corr(Ben),1703,4254,773956,0,geod_dist_to_target,34,5.374252781913622
33764.44,COL-mean-Corr(Ben),1703,4254,773956,0,geod_dist_to_target,36,5.374252781913622
33764.44,COL-mean-Corr(Ben),1703,4254,773956,0,geod_dist_to_target,38,5.374252781913622
33764.44,COL-mean-Corr(Ben),1703,4444,773956,0,geod_dist_to_target,40,15.483669374867446
33764.44,COL-mean-Corr(Ben),1703,4725,773956,0,geod_dist_to_target,42,2.767412195609948
33764.44,COL-mean-Corr(Ben),1703,4725,773956,0,geod_dist_to_target,44,2.767412195609948
33764.44,COL-mean-Corr(Ben),1703,4725,773956,0,geod_dist_to_target,46,2.767412195609948
33764.44,COL-mean-Corr(Ben),1703,889,773956,0,geod_dist_to_target,48,3.786314464860174
33764.44,COL-mean-Corr(Ben),1703,7548,773956,0,geod_dist_to_target,50,1.3661127631445547
33764.44,COL-mean-Corr(Ben),1703,7548,773956,0,geod_dist_to_target,55,1.3661127631445547
33764.44,COL-mean-Corr(Ben),1703,9328,773956,0,geod_dist_to_target,60,2.2596473411975073
33764.44,COL-mean-Corr(Ben),1703,7548,773956,0,geod_dist_to_target,65,1.3661127631445547
33764.44,COL-mean-Corr(Ben),1703,7548,773956,0,geod_dist_to_target,70,1.3661127631445547
33764.44,COL-mean-Corr(Ben),1703,7548,773956,0,geod_dist_to_target,75,1.3661127631445547
33764.44,COL-mean-Corr(Ben),1703,2071,773956,0,geod_dist_to_target,80,1.0152557721994404
33764.44,COL-mean-Corr(Ben),1703,2071,773956,0,geod_dist_to_target,85,1.0152557721994404
33764.44,COL-mean-Corr(Ben),1703,2071,773956,0,geod_dist_to_target,90,1.0152557721994404
33764.44,COL-mean-Corr(Ben),1703,4202,773956,0,geod_dist_to_target,95,0.24838691691917922
33764.44,COL-mean-Corr(Ben),1703,1703,773956,0,geod_dist_to_target,100,0.0
33764.44,COL-mean-Corr(Ben),1703,6614,654571,0,geod_dist_to_target,5,10.40064593143079
33764.44,COL-mean-Corr(Ben),1703,6614,654571,0,geod_dist_to_target,6,10.40064593143079
33764.44,COL-mean-Corr(Ben),1703,10433,654571,0,geod_dist_to_target,7,4.802000762378179
33764.44,COL-mean-Corr(Ben),1703,6946,654571,0,geod_dist_to_target,8,5.527917347761581
33764.44,COL-mean-Corr(Ben),1703,10433,654571,0,geod_dist_to_target,9,4.802000762378179
33764.44,COL-mean-Corr(Ben),1703,6614,654571,0,geod_dist_to_target,10,10.40064593143079
33764.44,COL-mean-Corr(Ben),1703,6614,654571,0,geod_dist_to_target,11,10.40064593143079
33764.44,COL-mean-Corr(Ben),1703,6614,654571,0,geod_dist_to_target,12,10.40064593143079
33764.44,COL-mean-Corr(Ben),1703,9698,654571,0,geod_dist_to_target,13,10.13658122677195
33764.44,COL-mean-Corr(Ben),1703,9698,654571,0,geod_dist_to_target,14,10.13658122677195
33764.44,COL-mean-Corr(Ben),1703,11866,654571,0,geod_dist_to_target,15,4.813973620049435
33764.44,COL-mean-Corr(Ben),1703,5911,654571,0,geod_dist_to_target,16,5.067445999015121
33764.44,COL-mean-Corr(Ben),1703,6340,654571,0,geod_dist_to_target,17,0.24956215135320794
33764.44,COL-mean-Corr(Ben),1703,348,654571,0,geod_dist_to_target,18,0.5119390166909262
33764.44,COL-mean-Corr(Ben),1703,348,654571,0,geod_dist_to_target,19,0.5119390166909262
33764.44,COL-mean-Corr(Ben),1703,348,654571,0,geod_dist_to_target,20,0.5119390166909262
33764.44,COL-mean-Corr(Ben),1703,4377,654571,0,geod_dist_to_target,22,0.46831042591843214
33764.44,COL-mean-Corr(Ben),1703,4377,654571,0,geod_dist_to_target,24,0.46831042591843214
33764.44,COL-mean-Corr(Ben),1703,501,654571,0,geod_dist_to_target,26,1.7639502055891951
33764.44,COL-mean-Corr(Ben),1703,5159,654571,0,geod_dist_to_target,28,15.510362323557722
33764.44,COL-mean-Corr(Ben),1703,501,654571,0,geod_dist_to_target,30,1.7639502055891951
33764.44,COL-mean-Corr(Ben),1703,1005,654571,0,geod_dist_to_target,32,0.884314496638899
33764.44,COL-mean-Corr(Ben),1703,1005,654571,0,geod_dist_to_target,34,0.884314496638899
33764.44,COL-mean-Corr(Ben),1703,1005,654571,0,geod_dist_to_target,36,0.884314496638899
33764.44,COL-mean-Corr(Ben),1703,1005,654571,0,geod_dist_to_target,38,0.884314496638899
33764.44,COL-mean-Corr(Ben),1703,1005,654571,0,geod_dist_to_target,40,0.884314496638899
33764.44,COL-mean-Corr(Ben),1703,1005,654571,0,geod_dist_to_target,42,0.884314496638899
33764.44,COL-mean-Corr(Ben),1703,1005,654571,0,geod_dist_to_target,44,0.884314496638899
33764.44,COL-mean-Corr(Ben),1703,1005,654571,0,geod_dist_to_target,46,0.884314496638899
33764.44,COL-mean-Corr(Ben),1703,1005,654571,0,geod_dist_to_target,48,0.884314496638899
33764.44,COL-mean-Corr(Ben),1703,1005,654571,0,geod_dist_to_target,50,0.884314496638899
33764.44,COL-mean-Corr(Ben),1703,9891,654571,0,geod_dist_to_target,55,1.4647765231458205
33764.44,COL-mean-Corr(Ben),1703,4201,654571,0,geod_dist_to_target,60,0.22467978116970785
33764.44,COL-mean-Corr(Ben),1703,10721,654571,0,geod_dist_to_target,65,15.882320785179301
33764.44,COL-mean-Corr(Ben),1703,2227,654571,0,geod_dist_to_target,70,7.651937326862378
33764.44,COL-mean-Corr(Ben),1703,1703,654571,0,geod_dist_to_target,75,0.0
33764.44,COL-mean-Corr(Ben),1703,1703,654571,0,geod_dist_to_target,80,0.0
33764.44,COL-mean-Corr(Ben),1703,10721,654571,0,geod_dist_to_target,85,15.882320785179301
33764.44,COL-mean-Corr(Ben),1703,10721,654571,0,geod_dist_to_target,90,15.882320785179301
33764.44,COL-mean-Corr(Ben),1703,1703,654571,0,geod_dist_to_target,95,0.0
33764.44,COL-mean-Corr(Ben),1703,1703,654571,0,geod_dist_to_target,100,0.0
33764.44,COL-mean-Corr(Ben),1703,9307,438878,0,geod_dist_to_target,5,12.997140052000082
33764.44,COL-mean-Corr(Ben),1703,8742,438878,0,geod_dist_to_target,6,21.012107321046965
33764.44,COL-mean-Corr(Ben),1703,5683,438878,0,geod_dist_to_target,7,43.64659484778358
33764.44,COL-mean-Corr(Ben),1703,5683,438878,0,geod_dist_to_target,8,43.64659484778358
33764.44,COL-mean-Corr(Ben),1703,3630,438878,0,geod_dist_to_target,9,43.74737220704791
33764.44,COL-mean-Corr(Ben),1703,3630,438878,0,geod_dist_to_target,10,43.74737220704791
33764.44,COL-mean-Corr(Ben),1703,10406,438878,0,geod_dist_to_target,11,14.047004664366236
33764.44,COL-mean-Corr(Ben),1703,9259,438878,0,geod_dist_to_target,12,9.825286330995961
33764.44,COL-mean-Corr(Ben),1703,4813,438878,0,geod_dist_to_target,13,14.465011061517899
33764.44,COL-mean-Corr(Ben),1703,4813,438878,0,geod_dist_to_target,14,14.465011061517899
33764.44,COL-mean-Corr(Ben),1703,6318,438878,0,geod_dist_to_target,15,4.4659894977988
33764.44,COL-mean-Corr(Ben),1703,6318,438878,0,geod_dist_to_target,16,4.4659894977988
33764.44,COL-mean-Corr(Ben),1703,2237,438878,0,geod_dist_to_target,17,22.128898025326762
33764.44,COL-mean-Corr(Ben),1703,2237,438878,0,geod_dist_to_target,18,22.128898025326762
33764.44,COL-mean-Corr(Ben),1703,10645,438878,0,geod_dist_to_target,19,21.933490819342797
33764.44,COL-mean-Corr(Ben),1703,10645,438878,0,geod_dist_to_target,20,21.933490819342797
33764.44,COL-mean-Corr(Ben),1703,10645,438878,0,geod_dist_to_target,22,21.933490819342797
33764.44,COL-mean-Corr(Ben),1703,4145,438878,0,geod_dist_to_target,24,21.447176533508536
33764.44,COL-mean-Corr(Ben),1703,10645,438878,0,geod_dist_to_target,26,21.933490819342797
33764.44,COL-mean-Corr(Ben),1703,10645,438878,0,geod_dist_to_target,28,21.933490819342797
33764.44,COL-mean-Corr(Ben),1703,3580,438878,0,geod_dist_to_target,30,21.84635409353126
33764.44,COL-mean-Corr(Ben),1703,2738,438878,0,geod_dist_to_target,32,1.133895231216453
33764.44,COL-mean-Corr(Ben),1703,4145,438878,0,geod_dist_to_target,34,21.447176533508536
33764.44,COL-mean-Corr(Ben),1703,4223,438878,0,geod_dist_to_target,36,2.2968804544258825
33764.44,COL-mean-Corr(Ben),1703,10997,438878,0,geod_dist_to_target,38,3.116570747415171
33764.44,COL-mean-Corr(Ben),1703,10997,438878,0,geod_dist_to_target,40,3.116570747415171
33764.44,COL-mean-Corr(Ben),1703,9328,438878,0,geod_dist_to_target,42,2.2596473411975073
33764.44,COL-mean-Corr(Ben),1703,9328,438878,0,geod_dist_to_target,44,2.2596473411975073
33764.44,COL-mean-Corr(Ben),1703,9328,438878,0,geod_dist_to_target,46,2.2596473411975073
33764.44,COL-mean-Corr(Ben),1703,9328,438878,0,geod_dist_to_target,48,2.2596473411975073
33764.44,COL-mean-Corr(Ben),1703,7548,438878,0,geod_dist_to_target,50,1.3661127631445547
33764.44,COL-mean-Corr(Ben),1703,7548,438878,0,geod_dist_to_target,55,1.3661127631445547
33764.44,COL-mean-Corr(Ben),1703,7548,438878,0,geod_dist_to_target,60,1.3661127631445547
33764.44,COL-mean-Corr(Ben),1703,7548,438878,0,geod_dist_to_target,65,1.3661127631445547
33764.44,COL-mean-Corr(Ben),1703,4725,438878,0,geod_dist_to_target,70,2.767412195609948
33764.44,COL-mean-Corr(Ben),1703,1703,438878,0,geod_dist_to_target,75,0.0
33764.44,COL-mean-Corr(Ben),1703,4222,438878,0,geod_dist_to_target,80,1.861108835383731
33764.44,COL-mean-Corr(Ben),1703,4222,438878,0,geod_dist_to_target,85,1.861108835383731
33764.44,COL-mean-Corr(Ben),1703,1703,438878,0,geod_dist_to_target,90,0.0
33764.44,COL-mean-Corr(Ben),1703,1703,438878,0,geod_dist_to_target,95,0.0
33764.44,COL-mean-Corr(Ben),1703,4211,438878,0,geod_dist_to_target,100,0.5322247347903476
33764.44,COL-mean-Corr(Ben),1703,3919,433015,0,geod_dist_to_target,5,22.908887346998124
33764.44,COL-mean-Corr(Ben),1703,2886,433015,0,geod_dist_to_target,6,34.74283522929367
33764.44,COL-mean-Corr(Ben),1703,2886,433015,0,geod_dist_to_target,7,34.74283522929367
33764.44,COL-mean-Corr(Ben),1703,2886,433015,0,geod_dist_to_target,8,34.74283522929367
33764.44,COL-mean-Corr(Ben),1703,2886,433015,0,geod_dist_to_target,9,34.74283522929367
33764.44,COL-mean-Corr(Ben),1703,2886,433015,0,geod_dist_to_target,10,34.74283522929367
33764.44,COL-mean-Corr(Ben),1703,11731,433015,0,geod_dist_to_target,11,23.337197698018684
33764.44,COL-mean-Corr(Ben),1703,11731,433015,0,geod_dist_to_target,12,23.337197698018684
33764.44,COL-mean-Corr(Ben),1703,2495,433015,0,geod_dist_to_target,13,12.676786244255394
33764.44,COL-mean-Corr(Ben),1703,11731,433015,0,geod_dist_to_target,14,23.337197698018684
33764.44,COL-mean-Corr(Ben),1703,4149,433015,0,geod_dist_to_target,15,2.5949320835827105
33764.44,COL-mean-Corr(Ben),1703,4149,433015,0,geod_dist_to_target,16,2.5949320835827105
33764.44,COL-mean-Corr(Ben),1703,4149,433015,0,geod_dist_to_target,17,2.5949320835827105
33764.44,COL-mean-Corr(Ben),1703,4149,433015,0,geod_dist_to_target,18,2.5949320835827105
33764.44,COL-mean-Corr(Ben),1703,4149,433015,0,geod_dist_to_target,19,2.5949320835827105
33764.44,COL-mean-Corr(Ben),1703,4149,433015,0,geod_dist_to_target,20,2.5949320835827105
33764.44,COL-mean-Corr(Ben),1703,4149,433015,0,geod_dist_to_target,22,2.5949320835827105
33764.44,COL-mean-Corr(Ben),1703,4149,433015,0,geod_dist_to_target,24,2.5949320835827105
33764.44,COL-mean-Corr(Ben),1703,4982,433015,0,geod_dist_to_target,26,5.789028026698298
33764.44,COL-mean-Corr(Ben),1703,4149,433015,0,geod_dist_to_target,28,2.5949320835827105
33764.44,COL-mean-Corr(Ben),1703,4149,433015,0,geod_dist_to_target,30,2.5949320835827105
33764.44,COL-mean-Corr(Ben),1703,4982,433015,0,geod_dist_to_target,32,5.789028026698298
33764.44,COL-mean-Corr(Ben),1703,4982,433015,0,geod_dist_to_target,34,5.789028026698298
33764.44,COL-mean-Corr(Ben),1703,4982,433015,0,geod_dist_to_target,36,5.789028026698298
33764.44,COL-mean-Corr(Ben),1703,4982,433015,0,geod_dist_to_target,38,5.789028026698298
33764.44,COL-mean-Corr(Ben),1703,4982,433015,0,geod_dist_to_target,40,5.789028026698298
33764.44,COL-mean-Corr(Ben),1703,4982,433015,0,geod_dist_to_target,42,5.789028026698298
33764.44,COL-mean-Corr(Ben),1703,4982,433015,0,geod_dist_to_target,44,5.789028026698298
33764.44,COL-mean-Corr(Ben),1703,4982,433015,0,geod_dist_to_target,46,5.789028026698298
33764.44,COL-mean-Corr(Ben),1703,4982,433015,0,geod_dist_to_target,48,5.789028026698298
33764.44,COL-mean-Corr(Ben),1703,4149,433015,0,geod_dist_to_target,50,2.5949320835827105
33764.44,COL-mean-Corr(Ben),1703,4149,433015,0,geod_dist_to_target,55,2.5949320835827105
33764.44,COL-mean-Corr(Ben),1703,8595,433015,0,geod_dist_to_target,60,16.071328341379154
33764.44,COL-mean-Corr(Ben),1703,8595,433015,0,geod_dist_to_target,65,16.071328341379154
33764.44,COL-mean-Corr(Ben),1703,415,433015,0,geod_dist_to_target,70,1.682511435418417
33764.44,COL-mean-Corr(Ben),1703,8595,433015,0,geod_dist_to_target,75,16.071328341379154
33764.44,COL-mean-Corr(Ben),1703,8595,433015,0,geod_dist_to_target,80,16.071328341379154
33764.44,COL-mean-Corr(Ben),1703,8595,433015,0,geod_dist_to_target,85,16.071328341379154
33764.44,COL-mean-Corr(Ben),1703,8595,433015,0,geod_dist_to_target,90,16.071328341379154
33764.44,COL-mean-Corr(Ben),1703,8595,433015,0,geod_dist_to_target,95,16.071328341379154
33764.44,COL-mean-Corr(Ben),1703,8595,433015,0,geod_dist_to_target,100,16.071328341379154
33764.44,COL-mean-Corr(Ben),1703,368,858597,0,geod_dist_to_target,5,16.090614214631582
33764.44,COL-mean-Corr(Ben),1703,2081,858597,0,geod_dist_to_target,6,33.73765584083568
33764.44,COL-mean-Corr(Ben),1703,255,858597,0,geod_dist_to_target,7,17.54538152497361
33764.44,COL-mean-Corr(Ben),1703,4526,858597,0,geod_dist_to_target,8,10.450970008242985
33764.44,COL-mean-Corr(Ben),1703,2557,858597,0,geod_dist_to_target,9,21.414514980657714
33764.44,COL-mean-Corr(Ben),1703,6725,858597,0,geod_dist_to_target,10,20.980173990711034
33764.44,COL-mean-Corr(Ben),1703,10412,858597,0,geod_dist_to_target,11,7.658220524982428
33764.44,COL-mean-Corr(Ben),1703,1383,858597,0,geod_dist_to_target,12,10.097408616017342
33764.44,COL-mean-Corr(Ben),1703,12100,858597,0,geod_dist_to_target,13,3.7766964248272505
33764.44,COL-mean-Corr(Ben),1703,12100,858597,0,geod_dist_to_target,14,3.7766964248272505
33764.44,COL-mean-Corr(Ben),1703,4201,858597,0,geod_dist_to_target,15,0.22467978116970785
33764.44,COL-mean-Corr(Ben),1703,4202,858597,0,geod_dist_to_target,16,0.24838691691917922
33764.44,COL-mean-Corr(Ben),1703,348,858597,0,geod_dist_to_target,17,0.5119390166909262
33764.44,COL-mean-Corr(Ben),1703,183,858597,0,geod_dist_to_target,18,1.0040826129057305
33764.44,COL-mean-Corr(Ben),1703,183,858597,0,geod_dist_to_target,19,1.0040826129057305
33764.44,COL-mean-Corr(Ben),1703,183,858597,0,geod_dist_to_target,20,1.0040826129057305
33764.44,COL-mean-Corr(Ben),1703,348,858597,0,geod_dist_to_target,22,0.5119390166909262
33764.44,COL-mean-Corr(Ben),1703,4211,858597,0,geod_dist_to_target,24,0.5322247347903476
33764.44,COL-mean-Corr(Ben),1703,1703,858597,0,geod_dist_to_target,26,0.0
33764.44,COL-mean-Corr(Ben),1703,1703,858597,0,geod_dist_to_target,28,0.0
33764.44,COL-mean-Corr(Ben),1703,1005,858597,0,geod_dist_to_target,30,0.884314496638899
33764.44,COL-mean-Corr(Ben),1703,1005,858597,0,geod_dist_to_target,32,0.884314496638899
33764.44,COL-mean-Corr(Ben),1703,1005,858597,0,geod_dist_to_target,34,0.884314496638899
33764.44,COL-mean-Corr(Ben),1703,4201,858597,0,geod_dist_to_target,36,0.22467978116970785
33764.44,COL-mean-Corr(Ben),1703,4202,858597,0,geod_dist_to_target,38,0.24838691691917922
33764.44,COL-mean-Corr(Ben),1703,4377,858597,0,geod_dist_to_target,40,0.46831042591843214
33764.44,COL-mean-Corr(Ben),1703,4377,858597,0,geod_dist_to_target,42,0.46831042591843214
33764.44,COL-mean-Corr(Ben),1703,4201,858597,0,geod_dist_to_target,44,0.22467978116970785
33764.44,COL-mean-Corr(Ben),1703,4201,858597,0,geod_dist_to_target,46,0.22467978116970785
33764.44,COL-mean-Corr(Ben),1703,4201,858597,0,geod_dist_to_target,48,0.22467978116970785
33764.44,COL-mean-Corr(Ben),1703,4201,858597,0,geod_dist_to_target,50,0.22467978116970785
33764.44,COL-mean-Corr(Ben),1703,4201,858597,0,geod_dist_to_target,55,0.22467978116970785
33764.44,COL-mean-Corr(Ben),1703,4202,858597,0,geod_dist_to_target,60,0.24838691691917922
33764.44,COL-mean-Corr(Ben),1703,4202,858597,0,geod_dist_to_target,65,0.24838691691917922
33764.44,COL-mean-Corr(Ben),1703,4377,858597,0,geod_dist_to_target,70,0.46831042591843214
33764.44,COL-mean-Corr(Ben),1703,4201,858597,0,geod_dist_to_target,75,0.22467978116970785
33764.44,COL-mean-Corr(Ben),1703,4377,858597,0,geod_dist_to_target,80,0.46831042591843214
33764.44,COL-mean-Corr(Ben),1703,4377,858597,0,geod_dist_to_target,85,0.46831042591843214
33764.44,COL-mean-Corr(Ben),1703,4377,858597,0,geod_dist_to_target,90,0.46831042591843214
33764.44,COL-mean-Corr(Ben),1703,4377,858597,0,geod_dist_to_target,95,0.46831042591843214
33764.44,COL-mean-Corr(Ben),1703,4377,858597,0,geod_dist_to_target,100,0.46831042591843214
33764.44,COL-mean-Corr(Ben),1703,8233,85945,0,geod_dist_to_target,5,2.4055234144344175
33764.44,COL-mean-Corr(Ben),1703,8233,85945,0,geod_dist_to_target,6,2.4055234144344175
33764.44,COL-mean-Corr(Ben),1703,10433,85945,0,geod_dist_to_target,7,4.802000762378179
33764.44,COL-mean-Corr(Ben),1703,9075,85945,0,geod_dist_to_target,8,49.09039424047495
33764.44,COL-mean-Corr(Ben),1703,681,85945,0,geod_dist_to_target,9,4.539675522039093
33764.44,COL-mean-Corr(Ben),1703,9075,85945,0,geod_dist_to_target,10,49.09039424047495
33764.44,COL-mean-Corr(Ben),1703,4559,85945,0,geod_dist_to_target,11,4.053431004560727
33764.44,COL-mean-Corr(Ben),1703,4559,85945,0,geod_dist_to_target,12,4.053431004560727
33764.44,COL-mean-Corr(Ben),1703,4559,85945,0,geod_dist_to_target,13,4.053431004560727
33764.44,COL-mean-Corr(Ben),1703,4559,85945,0,geod_dist_to_target,14,4.053431004560727
33764.44,COL-mean-Corr(Ben),1703,4559,85945,0,geod_dist_to_target,15,4.053431004560727
33764.44,COL-mean-Corr(Ben),1703,4149,85945,0,geod_dist_to_target,16,2.5949320835827105
33764.44,COL-mean-Corr(Ben),1703,4149,85945,0,geod_dist_to_target,17,2.5949320835827105
33764.44,COL-mean-Corr(Ben),1703,5592,85945,0,geod_dist_to_target,18,1.950932989842432
33764.44,COL-mean-Corr(Ben),1703,4149,85945,0,geod_dist_to_target,19,2.5949320835827105
33764.44,COL-mean-Corr(Ben),1703,4149,85945,0,geod_dist_to_target,20,2.5949320835827105
33764.44,COL-mean-Corr(Ben),1703,7187,85945,0,geod_dist_to_target,22,16.870760965654835
33764.44,COL-mean-Corr(Ben),1703,7187,85945,0,geod_dist_to_target,24,16.870760965654835
33764.44,COL-mean-Corr(Ben),1703,7187,85945,0,geod_dist_to_target,26,16.870760965654835
33764.44,COL-mean-Corr(Ben),1703,7187,85945,0,geod_dist_to_target,28,16.870760965654835
33764.44,COL-mean-Corr(Ben),1703,7187,85945,0,geod_dist_to_target,30,16.870760965654835
33764.44,COL-mean-Corr(Ben),1703,4211,85945,0,geod_dist_to_target,32,0.5322247347903476
33764.44,COL-mean-Corr(Ben),1703,4211,85945,0,geod_dist_to_target,34,0.5322247347903476
33764.44,COL-mean-Corr(Ben),1703,1703,85945,0,geod_dist_to_target,36,0.0
33764.44,COL-mean-Corr(Ben),1703,1703,85945,0,geod_dist_to_target,38,0.0
33764.44,COL-mean-Corr(Ben),1703,1703,85945,0,geod_dist_to_target,40,0.0
33764.44,COL-mean-Corr(Ben),1703,1703,85945,0,geod_dist_to_target,42,0.0
33764.44,COL-mean-Corr(Ben),1703,1703,85945,0,geod_dist_to_target,44,0.0
33764.44,COL-mean-Corr(Ben),1703,1703,85945,0,geod_dist_to_target,46,0.0
33764.44,COL-mean-Corr(Ben),1703,1703,85945,0,geod_dist_to_target,48,0.0
33764.44,COL-mean-Corr(Ben),1703,4211,85945,0,geod_dist_to_target,50,0.5322247347903476
33764.44,COL-mean-Corr(Ben),1703,4377,85945,0,geod_dist_to_target,55,0.46831042591843214
33764.44,COL-mean-Corr(Ben),1703,4377,85945,0,geod_dist_to_target,60,0.46831042591843214
33764.44,COL-mean-Corr(Ben),1703,4377,85945,0,geod_dist_to_target,65,0.46831042591843214
33764.44,COL-mean-Corr(Ben),1703,4377,85945,0,geod_dist_to_target,70,0.46831042591843214
33764.44,COL-mean-Corr(Ben),1703,1703,85945,0,geod_dist_to_target,75,0.0
33764.44,COL-mean-Corr(Ben),1703,1703,85945,0,geod_dist_to_target,80,0.0
33764.44,COL-mean-Corr(Ben),1703,1703,85945,0,geod_dist_to_target,85,0.0
33764.44,COL-mean-Corr(Ben),1703,1703,85945,0,geod_dist_to_target,90,0.0
33764.44,COL-mean-Corr(Ben),1703,4211,85945,0,geod_dist_to_target,95,0.5322247347903476
33764.44,COL-mean-Corr(Ben),1703,4377,85945,0,geod_dist_to_target,100,0.46831042591843214
33764.44,COL-mean-Corr(Ben),1703,5532,697368,0,geod_dist_to_target,5,24.4372324542634
33764.44,COL-mean-Corr(Ben),1703,2218,697368,0,geod_dist_to_target,6,17.67743217511661
33764.44,COL-mean-Corr(Ben),1703,2218,697368,0,geod_dist_to_target,7,17.67743217511661
33764.44,COL-mean-Corr(Ben),1703,2218,697368,0,geod_dist_to_target,8,17.67743217511661
33764.44,COL-mean-Corr(Ben),1703,2218,697368,0,geod_dist_to_target,9,17.67743217511661
33764.44,COL-mean-Corr(Ben),1703,495,697368,0,geod_dist_to_target,10,16.845975057915165
33764.44,COL-mean-Corr(Ben),1703,3156,697368,0,geod_dist_to_target,11,8.105552757552532
33764.44,COL-mean-Corr(Ben),1703,5093,697368,0,geod_dist_to_target,12,16.02175465187882
33764.44,COL-mean-Corr(Ben),1703,6547,697368,0,geod_dist_to_target,13,17.94162522803938
33764.44,COL-mean-Corr(Ben),1703,6547,697368,0,geod_dist_to_target,14,17.94162522803938
33764.44,COL-mean-Corr(Ben),1703,4361,697368,0,geod_dist_to_target,15,2.3633758159397624
33764.44,COL-mean-Corr(Ben),1703,6644,697368,0,geod_dist_to_target,16,1.905545592367454
33764.44,COL-mean-Corr(Ben),1703,6644,697368,0,geod_dist_to_target,17,1.905545592367454
33764.44,COL-mean-Corr(Ben),1703,4781,697368,0,geod_dist_to_target,18,6.323834245747823
33764.44,COL-mean-Corr(Ben),1703,4781,697368,0,geod_dist_to_target,19,6.323834245747823
33764.44,COL-mean-Corr(Ben),1703,4781,697368,0,geod_dist_to_target,20,6.323834245747823
33764.44,COL-mean-Corr(Ben),1703,4361,697368,0,geod_dist_to_target,22,2.3633758159397624
33764.44,COL-mean-Corr(Ben),1703,6644,697368,0,geod_dist_to_target,24,1.905545592367454
33764.44,COL-mean-Corr(Ben),1703,6644,697368,0,geod_dist_to_target,26,1.905545592367454
33764.44,COL-mean-Corr(Ben),1703,4361,697368,0,geod_dist_to_target,28,2.3633758159397624
33764.44,COL-mean-Corr(Ben),1703,2097,697368,0,geod_dist_to_target,30,1.2191724290331893
33764.44,COL-mean-Corr(Ben),1703,4211,697368,0,geod_dist_to_target,32,0.5322247347903476
33764.44,COL-mean-Corr(Ben),1703,2097,697368,0,geod_dist_to_target,34,1.2191724290331893
33764.44,COL-mean-Corr(Ben),1703,4361,697368,0,geod_dist_to_target,36,2.3633758159397624
33764.44,COL-mean-Corr(Ben),1703,1703,697368,0,geod_dist_to_target,38,0.0
33764.44,COL-mean-Corr(Ben),1703,1703,697368,0,geod_dist_to_target,40,0.0
33764.44,COL-mean-Corr(Ben),1703,1703,697368,0,geod_dist_to_target,42,0.0
33764.44,COL-mean-Corr(Ben),1703,1703,697368,0,geod_dist_to_target,44,0.0
33764.44,COL-mean-Corr(Ben),1703,1703,697368,0,geod_dist_to_target,46,0.0
33764.44,COL-mean-Corr(Ben),1703,1703,697368,0,geod_dist_to_target,48,0.0
33764.44,COL-mean-Corr(Ben),1703,1703,697368,0,geod_dist_to_target,50,0.0
33764.44,COL-mean-Corr(Ben),1703,4211,697368,0,geod_dist_to_target,55,0.5322247347903476
33764.44,COL-mean-Corr(Ben),1703,4361,697368,0,geod_dist_to_target,60,2.3633758159397624
33764.44,COL-mean-Corr(Ben),1703,2097,697368,0,geod_dist_to_target,65,1.2191724290331893
33764.44,COL-mean-Corr(Ben),1703,4211,697368,0,geod_dist_to_target,70,0.5322247347903476
33764.44,COL-mean-Corr(Ben),1703,2097,697368,0,geod_dist_to_target,75,1.2191724290331893
33764.44,COL-mean-Corr(Ben),1703,4211,697368,0,geod_dist_to_target,80,0.5322247347903476
33764.44,COL-mean-Corr(Ben),1703,4211,697368,0,geod_dist_to_target,85,0.5322247347903476
33764.44,COL-mean-Corr(Ben),1703,4211,697368,0,geod_dist_to_target,90,0.5322247347903476
33764.44,COL-mean-Corr(Ben),1703,4211,697368,0,geod_dist_to_target,95,0.5322247347903476
33764.44,COL-mean-Corr(Ben),1703,4361,697368,0,geod_dist_to_target,100,2.3633758159397624
33764.44,COL-mean-Corr(Ben),1703,235,201469,0,geod_dist_to_target,5,21.355031440050897
33764.44,COL-mean-Corr(Ben),1703,6666,201469,0,geod_dist_to_target,6,44.10491080656044
33764.44,COL-mean-Corr(Ben),1703,6666,201469,0,geod_dist_to_target,7,44.10491080656044
33764.44,COL-mean-Corr(Ben),1703,8688,201469,0,geod_dist_to_target,8,42.95543262682683
33764.44,COL-mean-Corr(Ben),1703,443,201469,0,geod_dist_to_target,9,19.041729672859052
33764.44,COL-mean-Corr(Ben),1703,443,201469,0,geod_dist_to_target,10,19.041729672859052
33764.44,COL-mean-Corr(Ben),1703,11900,201469,0,geod_dist_to_target,11,21.339234814985403
33764.44,COL-mean-Corr(Ben),1703,2520,201469,0,geod_dist_to_target,12,16.470452029937523
33764.44,COL-mean-Corr(Ben),1703,680,201469,0,geod_dist_to_target,13,1.1430329035388518
33764.44,COL-mean-Corr(Ben),1703,680,201469,0,geod_dist_to_target,14,1.1430329035388518
33764.44,COL-mean-Corr(Ben),1703,680,201469,0,geod_dist_to_target,15,1.1430329035388518
33764.44,COL-mean-Corr(Ben),1703,4631,201469,0,geod_dist_to_target,16,15.371350913222114
33764.44,COL-mean-Corr(Ben),1703,4631,201469,0,geod_dist_to_target,17,15.371350913222114
33764.44,COL-mean-Corr(Ben),1703,5159,201469,0,geod_dist_to_target,18,15.510362323557722
33764.44,COL-mean-Corr(Ben),1703,5159,201469,0,geod_dist_to_target,19,15.510362323557722
33764.44,COL-mean-Corr(Ben),1703,12537,201469,0,geod_dist_to_target,20,43.85758081062878
33764.44,COL-mean-Corr(Ben),1703,9066,201469,0,geod_dist_to_target,22,50.72223493908549
33764.44,COL-mean-Corr(Ben),1703,9066,201469,0,geod_dist_to_target,24,50.72223493908549
33764.44,COL-mean-Corr(Ben),1703,5159,201469,0,geod_dist_to_target,26,15.510362323557722
33764.44,COL-mean-Corr(Ben),1703,5159,201469,0,geod_dist_to_target,28,15.510362323557722
33764.44,COL-mean-Corr(Ben),1703,273,201469,0,geod_dist_to_target,30,7.816992735062513
33764.44,COL-mean-Corr(Ben),1703,273,201469,0,geod_dist_to_target,32,7.816992735062513
33764.44,COL-mean-Corr(Ben),1703,273,201469,0,geod_dist_to_target,34,7.816992735062513
33764.44,COL-mean-Corr(Ben),1703,273,201469,0,geod_dist_to_target,36,7.816992735062513
33764.44,COL-mean-Corr(Ben),1703,216,201469,0,geod_dist_to_target,38,15.190654235182178
33764.44,COL-mean-Corr(Ben),1703,8591,201469,0,geod_dist_to_target,40,8.615994165149518
33764.44,COL-mean-Corr(Ben),1703,2071,201469,0,geod_dist_to_target,42,1.0152557721994404
33764.44,COL-mean-Corr(Ben),1703,2071,201469,0,geod_dist_to_target,44,1.0152557721994404
33764.44,COL-mean-Corr(Ben),1703,2071,201469,0,geod_dist_to_target,46,1.0152557721994404
33764.44,COL-mean-Corr(Ben),1703,2071,201469,0,geod_dist_to_target,48,1.0152557721994404
33764.44,COL-mean-Corr(Ben),1703,2071,201469,0,geod_dist_to_target,50,1.0152557721994404
33764.44,COL-mean-Corr(Ben),1703,11782,201469,0,geod_dist_to_target,55,11.767172090990712
33764.44,COL-mean-Corr(Ben),1703,11782,201469,0,geod_dist_to_target,60,11.767172090990712
33764.44,COL-mean-Corr(Ben),1703,11782,201469,0,geod_dist_to_target,65,11.767172090990712
33764.44,COL-mean-Corr(Ben),1703,11782,201469,0,geod_dist_to_target,70,11.767172090990712
33764.44,COL-mean-Corr(Ben),1703,8591,201469,0,geod_dist_to_target,75,8.615994165149518
33764.44,COL-mean-Corr(Ben),1703,1703,201469,0,geod_dist_to_target,80,0.0
33764.44,COL-mean-Corr(Ben),1703,1703,201469,0,geod_dist_to_target,85,0.0
33764.44,COL-mean-Corr(Ben),1703,2071,201469,0,geod_dist_to_target,90,1.0152557721994404
33764.44,COL-mean-Corr(Ben),1703,1703,201469,0,geod_dist_to_target,95,0.0
33764.44,COL-mean-Corr(Ben),1703,2071,201469,0,geod_dist_to_target,100,1.0152557721994404
33764.44,COL-mean-Corr(Ben),1703,4779,94177,0,geod_dist_to_target,5,5.880432203880012
33764.44,COL-mean-Corr(Ben),1703,2243,94177,0,geod_dist_to_target,6,17.420089621086966
33764.44,COL-mean-Corr(Ben),1703,2890,94177,0,geod_dist_to_target,7,35.05513100970207
33764.44,COL-mean-Corr(Ben),1703,2890,94177,0,geod_dist_to_target,8,35.05513100970207
33764.44,COL-mean-Corr(Ben),1703,2890,94177,0,geod_dist_to_target,9,35.05513100970207
33764.44,COL-mean-Corr(Ben),1703,2890,94177,0,geod_dist_to_target,10,35.05513100970207
33764.44,COL-mean-Corr(Ben),1703,1777,94177,0,geod_dist_to_target,11,5.27020171142244
33764.44,COL-mean-Corr(Ben),1703,4211,94177,0,geod_dist_to_target,12,0.5322247347903476
33764.44,COL-mean-Corr(Ben),1703,2097,94177,0,geod_dist_to_target,13,1.2191724290331893
33764.44,COL-mean-Corr(Ben),1703,2097,94177,0,geod_dist_to_target,14,1.2191724290331893
33764.44,COL-mean-Corr(Ben),1703,9499,94177,0,geod_dist_to_target,15,6.115087849643733
33764.44,COL-mean-Corr(Ben),1703,6318,94177,0,geod_dist_to_target,16,4.4659894977988
33764.44,COL-mean-Corr(Ben),1703,6318,94177,0,geod_dist_to_target,17,4.4659894977988
33764.44,COL-mean-Corr(Ben),1703,889,94177,0,geod_dist_to_target,18,3.786314464860174
33764.44,COL-mean-Corr(Ben),1703,889,94177,0,geod_dist_to_target,19,3.786314464860174
33764.44,COL-mean-Corr(Ben),1703,889,94177,0,geod_dist_to_target,20,3.786314464860174
33764.44,COL-mean-Corr(Ben),1703,889,94177,0,geod_dist_to_target,22,3.786314464860174
33764.44,COL-mean-Corr(Ben),1703,9499,94177,0,geod_dist_to_target,24,6.115087849643733
33764.44,COL-mean-Corr(Ben),1703,10721,94177,0,geod_dist_to_target,26,15.882320785179301
33764.44,COL-mean-Corr(Ben),1703,10721,94177,0,geod_dist_to_target,28,15.882320785179301
33764.44,COL-mean-Corr(Ben),1703,7187,94177,0,geod_dist_to_target,30,16.870760965654835
33764.44,COL-mean-Corr(Ben),1703,7187,94177,0,geod_dist_to_target,32,16.870760965654835
33764.44,COL-mean-Corr(Ben),1703,7187,94177,0,geod_dist_to_target,34,16.870760965654835
33764.44,COL-mean-Corr(Ben),1703,7187,94177,0,geod_dist_to_target,36,16.870760965654835
33764.44,COL-mean-Corr(Ben),1703,7187,94177,0,geod_dist_to_target,38,16.870760965654835
33764.44,COL-mean-Corr(Ben),1703,7187,94177,0,geod_dist_to_target,40,16.870760965654835
33764.44,COL-mean-Corr(Ben),1703,12387,94177,0,geod_dist_to_target,42,18.268604620431223
33764.44,COL-mean-Corr(Ben),1703,12387,94177,0,geod_dist_to_target,44,18.268604620431223
33764.44,COL-mean-Corr(Ben),1703,12387,94177,0,geod_dist_to_target,46,18.268604620431223
33764.44,COL-mean-Corr(Ben),1703,12387,94177,0,geod_dist_to_target,48,18.268604620431223
33764.44,COL-mean-Corr(Ben),1703,12387,94177,0,geod_dist_to_target,50,18.268604620431223
33764.44,COL-mean-Corr(Ben),1703,12387,94177,0,geod_dist_to_target,55,18.268604620431223
33764.44,COL-mean-Corr(Ben),1703,12387,94177,0,geod_dist_to_target,60,18.268604620431223
33764.44,COL-mean-Corr(Ben),1703,4222,94177,0,geod_dist_to_target,65,1.861108835383731
33764.44,COL-mean-Corr(Ben),1703,4222,94177,0,geod_dist_to_target,70,1.861108835383731
33764.44,COL-mean-Corr(Ben),1703,4377,94177,0,geod_dist_to_target,75,0.46831042591843214
33764.44,COL-mean-Corr(Ben),1703,10721,94177,0,geod_dist_to_target,80,15.882320785179301
33764.44,COL-mean-Corr(Ben),1703,10721,94177,0,geod_dist_to_target,85,15.882320785179301
33764.44,COL-mean-Corr(Ben),1703,10721,94177,0,geod_dist_to_target,90,15.882320785179301
33764.44,COL-mean-Corr(Ben),1703,10721,94177,0,geod_dist_to_target,95,15.882320785179301
33764.44,COL-mean-Corr(Ben),1703,501,94177,0,geod_dist_to_target,100,1.7639502055891951
33764.44,COL-max-Corr,1703,8426,89250,0,geod_dist_to_target,5,22.75811503658171
33764.44,COL-max-Corr,1703,1908,89250,0,geod_dist_to_target,6,21.009808963270228
33764.44,COL-max-Corr,1703,432,89250,0,geod_dist_to_target,7,20.00626492116514
33764.44,COL-max-Corr,1703,5366,89250,0,geod_dist_to_target,8,17.272497450436678
33764.44,COL-max-Corr,1703,5657,89250,0,geod_dist_to_target,9,10.407678678032871
33764.44,COL-max-Corr,1703,5657,89250,0,geod_dist_to_target,10,10.407678678032871
33764.44,COL-max-Corr,1703,5657,89250,0,geod_dist_to_target,11,10.407678678032871
33764.44,COL-max-Corr,1703,10885,89250,0,geod_dist_to_target,12,16.397482015486265
33764.44,COL-max-Corr,1703,7812,89250,0,geod_dist_to_target,13,16.886937265483052
33764.44,COL-max-Corr,1703,10885,89250,0,geod_dist_to_target,14,16.397482015486265
33764.44,COL-max-Corr,1703,10885,89250,0,geod_dist_to_target,15,16.397482015486265
33764.44,COL-max-Corr,1703,4243,89250,0,geod_dist_to_target,16,4.703009526368643
33764.44,COL-max-Corr,1703,9328,89250,0,geod_dist_to_target,17,2.2596473411975073
33764.44,COL-max-Corr,1703,9328,89250,0,geod_dist_to_target,18,2.2596473411975073
33764.44,COL-max-Corr,1703,9328,89250,0,geod_dist_to_target,19,2.2596473411975073
33764.44,COL-max-Corr,1703,9328,89250,0,geod_dist_to_target,20,2.2596473411975073
33764.44,COL-max-Corr,1703,10997,89250,0,geod_dist_to_target,22,3.116570747415171
33764.44,COL-max-Corr,1703,10997,89250,0,geod_dist_to_target,24,3.116570747415171
33764.44,COL-max-Corr,1703,4212,89250,0,geod_dist_to_target,26,1.4134501853295454
33764.44,COL-max-Corr,1703,4211,89250,0,geod_dist_to_target,28,0.5322247347903476
33764.44,COL-max-Corr,1703,4212,89250,0,geod_dist_to_target,30,1.4134501853295454
33764.44,COL-max-Corr,1703,4211,89250,0,geod_dist_to_target,32,0.5322247347903476
33764.44,COL-max-Corr,1703,4211,89250,0,geod_dist_to_target,34,0.5322247347903476
33764.44,COL-max-Corr,1703,1703,89250,0,geod_dist_to_target,36,0.0
33764.44,COL-max-Corr,1703,4202,89250,0,geod_dist_to_target,38,0.24838691691917922
33764.44,COL-max-Corr,1703,4202,89250,0,geod_dist_to_target,40,0.24838691691917922
33764.44,COL-max-Corr,1703,1703,89250,0,geod_dist_to_target,42,0.0
33764.44,COL-max-Corr,1703,4211,89250,0,geod_dist_to_target,44,0.5322247347903476
33764.44,COL-max-Corr,1703,4211,89250,0,geod_dist_to_target,46,0.5322247347903476
33764.44,COL-max-Corr,1703,7548,89250,0,geod_dist_to_target,48,1.3661127631445547
33764.44,COL-max-Corr,1703,4211,89250,0,geod_dist_to_target,50,0.5322247347903476
33764.44,COL-max-Corr,1703,4211,89250,0,geod_dist_to_target,55,0.5322247347903476
33764.44,COL-max-Corr,1703,7548,89250,0,geod_dist_to_target,60,1.3661127631445547
33764.44,COL-max-Corr,1703,4211,89250,0,geod_dist_to_target,65,0.5322247347903476
33764.44,COL-max-Corr,1703,4211,89250,0,geod_dist_to_target,70,0.5322247347903476
33764.44,COL-max-Corr,1703,7548,89250,0,geod_dist_to_target,75,1.3661127631445547
33764.44,COL-max-Corr,1703,4211,89250,0,geod_dist_to_target,80,0.5322247347903476
33764.44,COL-max-Corr,1703,7548,89250,0,geod_dist_to_target,85,1.3661127631445547
33764.44,COL-max-Corr,1703,7548,89250,0,geod_dist_to_target,90,1.3661127631445547
33764.44,COL-max-Corr,1703,7548,89250,0,geod_dist_to_target,95,1.3661127631445547
33764.44,COL-max-Corr,1703,4202,89250,0,geod_dist_to_target,100,0.24838691691917922
33764.44,COL-max-Corr,1703,2118,773956,0,geod_dist_to_target,5,22.967291270123667
33764.44,COL-max-Corr,1703,11115,773956,0,geod_dist_to_target,6,7.45643047545125
33764.44,COL-max-Corr,1703,9328,773956,0,geod_dist_to_target,7,2.2596473411975073
33764.44,COL-max-Corr,1703,4212,773956,0,geod_dist_to_target,8,1.4134501853295454
33764.44,COL-max-Corr,1703,183,773956,0,geod_dist_to_target,9,1.0040826129057305
33764.44,COL-max-Corr,1703,6340,773956,0,geod_dist_to_target,10,0.24956215135320794
33764.44,COL-max-Corr,1703,9205,773956,0,geod_dist_to_target,11,47.82634817133633
33764.44,COL-max-Corr,1703,7226,773956,0,geod_dist_to_target,12,48.58311541598665
33764.44,COL-max-Corr,1703,9205,773956,0,geod_dist_to_target,13,47.82634817133633
33764.44,COL-max-Corr,1703,7226,773956,0,geod_dist_to_target,14,48.58311541598665
33764.44,COL-max-Corr,1703,2989,773956,0,geod_dist_to_target,15,49.465287037829
33764.44,COL-max-Corr,1703,5086,773956,0,geod_dist_to_target,16,12.270895281621344
33764.44,COL-max-Corr,1703,5086,773956,0,geod_dist_to_target,17,12.270895281621344
33764.44,COL-max-Corr,1703,5086,773956,0,geod_dist_to_target,18,12.270895281621344
33764.44,COL-max-Corr,1703,5086,773956,0,geod_dist_to_target,19,12.270895281621344
33764.44,COL-max-Corr,1703,5086,773956,0,geod_dist_to_target,20,12.270895281621344
33764.44,COL-max-Corr,1703,8735,773956,0,geod_dist_to_target,22,11.610220716168195
33764.44,COL-max-Corr,1703,8735,773956,0,geod_dist_to_target,24,11.610220716168195
33764.44,COL-max-Corr,1703,5086,773956,0,geod_dist_to_target,26,12.270895281621344
33764.44,COL-max-Corr,1703,5086,773956,0,geod_dist_to_target,28,12.270895281621344
33764.44,COL-max-Corr,1703,5086,773956,0,geod_dist_to_target,30,12.270895281621344
33764.44,COL-max-Corr,1703,5086,773956,0,geod_dist_to_target,32,12.270895281621344
33764.44,COL-max-Corr,1703,5086,773956,0,geod_dist_to_target,34,12.270895281621344
33764.44,COL-max-Corr,1703,5086,773956,0,geod_dist_to_target,36,12.270895281621344
33764.44,COL-max-Corr,1703,5086,773956,0,geod_dist_to_target,38,12.270895281621344
33764.44,COL-max-Corr,1703,5086,773956,0,geod_dist_to_target,40,12.270895281621344
33764.44,COL-max-Corr,1703,5086,773956,0,geod_dist_to_target,42,12.270895281621344
33764.44,COL-max-Corr,1703,5086,773956,0,geod_dist_to_target,44,12.270895281621344
33764.44,COL-max-Corr,1703,5086,773956,0,geod_dist_to_target,46,12.270895281621344
33764.44,COL-max-Corr,1703,5086,773956,0,geod_dist_to_target,48,12.270895281621344
33764.44,COL-max-Corr,1703,1939,773956,0,geod_dist_to_target,50,13.174620238502747
33764.44,COL-max-Corr,1703,11782,773956,0,geod_dist_to_target,55,11.767172090990712
33764.44,COL-max-Corr,1703,1939,773956,0,geod_dist_to_target,60,13.174620238502747
33764.44,COL-max-Corr,1703,11782,773956,0,geod_dist_to_target,65,11.767172090990712
33764.44,COL-max-Corr,1703,4222,773956,0,geod_dist_to_target,70,1.861108835383731
33764.44,COL-max-Corr,1703,4222,773956,0,geod_dist_to_target,75,1.861108835383731
33764.44,COL-max-Corr,1703,4222,773956,0,geod_dist_to_target,80,1.861108835383731
33764.44,COL-max-Corr,1703,2071,773956,0,geod_dist_to_target,85,1.0152557721994404
33764.44,COL-max-Corr,1703,2071,773956,0,geod_dist_to_target,90,1.0152557721994404
33764.44,COL-max-Corr,1703,4222,773956,0,geod_dist_to_target,95,1.861108835383731
33764.44,COL-max-Corr,1703,2071,773956,0,geod_dist_to_target,100,1.0152557721994404
33764.44,COL-max-Corr,1703,1519,654571,0,geod_dist_to_target,5,22.160467272376362
33764.44,COL-max-Corr,1703,1519,654571,0,geod_dist_to_target,6,22.160467272376362
33764.44,COL-max-Corr,1703,5555,654571,0,geod_dist_to_target,7,14.811558717350529
33764.44,COL-max-Corr,1703,8595,654571,0,geod_dist_to_target,8,16.071328341379154
33764.44,COL-max-Corr,1703,11449,654571,0,geod_dist_to_target,9,39.9242294691467
33764.44,COL-max-Corr,1703,3308,654571,0,geod_dist_to_target,10,46.12586928509728
33764.44,COL-max-Corr,1703,4251,654571,0,geod_dist_to_target,11,16.781768995319954
33764.44,COL-max-Corr,1703,2520,654571,0,geod_dist_to_target,12,16.470452029937523
33764.44,COL-max-Corr,1703,2520,654571,0,geod_dist_to_target,13,16.470452029937523
33764.44,COL-max-Corr,1703,4251,654571,0,geod_dist_to_target,14,16.781768995319954
33764.44,COL-max-Corr,1703,4251,654571,0,geod_dist_to_target,15,16.781768995319954
33764.44,COL-max-Corr,1703,7187,654571,0,geod_dist_to_target,16,16.870760965654835
33764.44,COL-max-Corr,1703,2520,654571,0,geod_dist_to_target,17,16.470452029937523
33764.44,COL-max-Corr,1703,2520,654571,0,geod_dist_to_target,18,16.470452029937523
33764.44,COL-max-Corr,1703,2520,654571,0,geod_dist_to_target,19,16.470452029937523
33764.44,COL-max-Corr,1703,2520,654571,0,geod_dist_to_target,20,16.470452029937523
33764.44,COL-max-Corr,1703,1790,654571,0,geod_dist_to_target,22,16.216670328157722
33764.44,COL-max-Corr,1703,1790,654571,0,geod_dist_to_target,24,16.216670328157722
33764.44,COL-max-Corr,1703,4213,654571,0,geod_dist_to_target,26,0.8629219408301374
33764.44,COL-max-Corr,1703,6931,654571,0,geod_dist_to_target,28,6.487006656998179
33764.44,COL-max-Corr,1703,2722,654571,0,geod_dist_to_target,30,7.285237431375069
33764.44,COL-max-Corr,1703,10210,654571,0,geod_dist_to_target,32,1.8471309378860754
33764.44,COL-max-Corr,1703,10210,654571,0,geod_dist_to_target,34,1.8471309378860754
33764.44,COL-max-Corr,1703,10210,654571,0,geod_dist_to_target,36,1.8471309378860754
33764.44,COL-max-Corr,1703,10210,654571,0,geod_dist_to_target,38,1.8471309378860754
33764.44,COL-max-Corr,1703,4214,654571,0,geod_dist_to_target,40,1.4693953054773505
33764.44,COL-max-Corr,1703,4213,654571,0,geod_dist_to_target,42,0.8629219408301374
33764.44,COL-max-Corr,1703,4378,654571,0,geod_dist_to_target,44,0.9962662417445457
33764.44,COL-max-Corr,1703,4378,654571,0,geod_dist_to_target,46,0.9962662417445457
33764.44,COL-max-Corr,1703,1914,654571,0,geod_dist_to_target,48,0.49993832217698103
33764.44,COL-max-Corr,1703,4378,654571,0,geod_dist_to_target,50,0.9962662417445457
33764.44,COL-max-Corr,1703,4378,654571,0,geod_dist_to_target,55,0.9962662417445457
33764.44,COL-max-Corr,1703,1005,654571,0,geod_dist_to_target,60,0.884314496638899
33764.44,COL-max-Corr,1703,1005,654571,0,geod_dist_to_target,65,0.884314496638899
33764.44,COL-max-Corr,1703,10951,654571,0,geod_dist_to_target,70,1.1033157119550998
33764.44,COL-max-Corr,1703,10951,654571,0,geod_dist_to_target,75,1.1033157119550998
33764.44,COL-max-Corr,1703,1005,654571,0,geod_dist_to_target,80,0.884314496638899
33764.44,COL-max-Corr,1703,10951,654571,0,geod_dist_to_target,85,1.1033157119550998
33764.44,COL-max-Corr,1703,10951,654571,0,geod_dist_to_target,90,1.1033157119550998
33764.44,COL-max-Corr,1703,10951,654571,0,geod_dist_to_target,95,1.1033157119550998
33764.44,COL-max-Corr,1703,4201,654571,0,geod_dist_to_target,100,0.22467978116970785
33764.44,COL-max-Corr,1703,2481,438878,0,geod_dist_to_target,5,14.478554833898341
33764.44,COL-max-Corr,1703,6197,438878,0,geod_dist_to_target,6,20.84961869531716
33764.44,COL-max-Corr,1703,11633,438878,0,geod_dist_to_target,7,49.578655246788365
33764.44,COL-max-Corr,1703,7748,438878,0,geod_dist_to_target,8,39.30489942115043
33764.44,COL-max-Corr,1703,6616,438878,0,geod_dist_to_target,9,19.058388365704825
33764.44,COL-max-Corr,1703,6197,438878,0,geod_dist_to_target,10,20.84961869531716
33764.44,COL-max-Corr,1703,6616,438878,0,geod_dist_to_target,11,19.058388365704825
33764.44,COL-max-Corr,1703,2685,438878,0,geod_dist_to_target,12,0.6035267716223693
33764.44,COL-max-Corr,1703,2685,438878,0,geod_dist_to_target,13,0.6035267716223693
33764.44,COL-max-Corr,1703,4223,438878,0,geod_dist_to_target,14,2.2968804544258825
33764.44,COL-max-Corr,1703,4223,438878,0,geod_dist_to_target,15,2.2968804544258825
33764.44,COL-max-Corr,1703,216,438878,0,geod_dist_to_target,16,15.190654235182178
33764.44,COL-max-Corr,1703,216,438878,0,geod_dist_to_target,17,15.190654235182178
33764.44,COL-max-Corr,1703,216,438878,0,geod_dist_to_target,18,15.190654235182178
33764.44,COL-max-Corr,1703,216,438878,0,geod_dist_to_target,19,15.190654235182178
33764.44,COL-max-Corr,1703,216,438878,0,geod_dist_to_target,20,15.190654235182178
33764.44,COL-max-Corr,1703,216,438878,0,geod_dist_to_target,22,15.190654235182178
33764.44,COL-max-Corr,1703,216,438878,0,geod_dist_to_target,24,15.190654235182178
33764.44,COL-max-Corr,1703,10951,438878,0,geod_dist_to_target,26,1.1033157119550998
33764.44,COL-max-Corr,1703,11612,438878,0,geod_dist_to_target,28,2.9051170545815608
33764.44,COL-max-Corr,1703,4222,438878,0,geod_dist_to_target,30,1.861108835383731
33764.44,COL-max-Corr,1703,4222,438878,0,geod_dist_to_target,32,1.861108835383731
33764.44,COL-max-Corr,1703,4222,438878,0,geod_dist_to_target,34,1.861108835383731
33764.44,COL-max-Corr,1703,4222,438878,0,geod_dist_to_target,36,1.861108835383731
33764.44,COL-max-Corr,1703,4202,438878,0,geod_dist_to_target,38,0.24838691691917922
33764.44,COL-max-Corr,1703,4222,438878,0,geod_dist_to_target,40,1.861108835383731
33764.44,COL-max-Corr,1703,4222,438878,0,geod_dist_to_target,42,1.861108835383731
33764.44,COL-max-Corr,1703,4201,438878,0,geod_dist_to_target,44,0.22467978116970785
33764.44,COL-max-Corr,1703,4201,438878,0,geod_dist_to_target,46,0.22467978116970785
33764.44,COL-max-Corr,1703,2071,438878,0,geod_dist_to_target,48,1.0152557721994404
33764.44,COL-max-Corr,1703,4222,438878,0,geod_dist_to_target,50,1.861108835383731
33764.44,COL-max-Corr,1703,4201,438878,0,geod_dist_to_target,55,0.22467978116970785
33764.44,COL-max-Corr,1703,4202,438878,0,geod_dist_to_target,60,0.24838691691917922
33764.44,COL-max-Corr,1703,4202,438878,0,geod_dist_to_target,65,0.24838691691917922
33764.44,COL-max-Corr,1703,4202,438878,0,geod_dist_to_target,70,0.24838691691917922
33764.44,COL-max-Corr,1703,8595,438878,0,geod_dist_to_target,75,16.071328341379154
33764.44,COL-max-Corr,1703,8595,438878,0,geod_dist_to_target,80,16.071328341379154
33764.44,COL-max-Corr,1703,8595,438878,0,geod_dist_to_target,85,16.071328341379154
33764.44,COL-max-Corr,1703,2071,438878,0,geod_dist_to_target,90,1.0152557721994404
33764.44,COL-max-Corr,1703,8595,438878,0,geod_dist_to_target,95,16.071328341379154
33764.44,COL-max-Corr,1703,8595,438878,0,geod_dist_to_target,100,16.071328341379154
33764.44,COL-max-Corr,1703,5087,433015,0,geod_dist_to_target,5,16.300115995865976
33764.44,COL-max-Corr,1703,9167,433015,0,geod_dist_to_target,6,53.114086252171326
33764.44,COL-max-Corr,1703,10749,433015,0,geod_dist_to_target,7,38.471822687012434
33764.44,COL-max-Corr,1703,1374,433015,0,geod_dist_to_target,8,2.3470180327366568
33764.44,COL-max-Corr,1703,1374,433015,0,geod_dist_to_target,9,2.3470180327366568
33764.44,COL-max-Corr,1703,1796,433015,0,geod_dist_to_target,10,2.9966457104920017
33764.44,COL-max-Corr,1703,8884,433015,0,geod_dist_to_target,11,52.722137528051604
33764.44,COL-max-Corr,1703,2027,433015,0,geod_dist_to_target,12,37.12345460130185
33764.44,COL-max-Corr,1703,2027,433015,0,geod_dist_to_target,13,37.12345460130185
33764.44,COL-max-Corr,1703,1968,433015,0,geod_dist_to_target,14,48.88217765322088
33764.44,COL-max-Corr,1703,2781,433015,0,geod_dist_to_target,15,49.294251291276005
33764.44,COL-max-Corr,1703,6218,433015,0,geod_dist_to_target,16,1.2911165333828027
33764.44,COL-max-Corr,1703,1192,433015,0,geod_dist_to_target,17,0.855520712031352
33764.44,COL-max-Corr,1703,1192,433015,0,geod_dist_to_target,18,0.855520712031352
33764.44,COL-max-Corr,1703,1192,433015,0,geod_dist_to_target,19,0.855520712031352
33764.44,COL-max-Corr,1703,1192,433015,0,geod_dist_to_target,20,0.855520712031352
33764.44,COL-max-Corr,1703,4360,433015,0,geod_dist_to_target,22,2.621084676538944
33764.44,COL-max-Corr,1703,4360,433015,0,geod_dist_to_target,24,2.621084676538944
33764.44,COL-max-Corr,1703,216,433015,0,geod_dist_to_target,26,15.190654235182178
33764.44,COL-max-Corr,1703,216,433015,0,geod_dist_to_target,28,15.190654235182178
33764.44,COL-max-Corr,1703,4807,433015,0,geod_dist_to_target,30,8.40580671844633
33764.44,COL-max-Corr,1703,216,433015,0,geod_dist_to_target,32,15.190654235182178
33764.44,COL-max-Corr,1703,216,433015,0,geod_dist_to_target,34,15.190654235182178
33764.44,COL-max-Corr,1703,2439,433015,0,geod_dist_to_target,36,2.0114983175549903
33764.44,COL-max-Corr,1703,680,433015,0,geod_dist_to_target,38,1.1430329035388518
33764.44,COL-max-Corr,1703,216,433015,0,geod_dist_to_target,40,15.190654235182178
33764.44,COL-max-Corr,1703,680,433015,0,geod_dist_to_target,42,1.1430329035388518
33764.44,COL-max-Corr,1703,11866,433015,0,geod_dist_to_target,44,4.813973620049435
33764.44,COL-max-Corr,1703,11866,433015,0,geod_dist_to_target,46,4.813973620049435
33764.44,COL-max-Corr,1703,6318,433015,0,geod_dist_to_target,48,4.4659894977988
33764.44,COL-max-Corr,1703,11866,433015,0,geod_dist_to_target,50,4.813973620049435
33764.44,COL-max-Corr,1703,11866,433015,0,geod_dist_to_target,55,4.813973620049435
33764.44,COL-max-Corr,1703,11866,433015,0,geod_dist_to_target,60,4.813973620049435
33764.44,COL-max-Corr,1703,6318,433015,0,geod_dist_to_target,65,4.4659894977988
33764.44,COL-max-Corr,1703,4222,433015,0,geod_dist_to_target,70,1.861108835383731
33764.44,COL-max-Corr,1703,12100,433015,0,geod_dist_to_target,75,3.7766964248272505
33764.44,COL-max-Corr,1703,12100,433015,0,geod_dist_to_target,80,3.7766964248272505
33764.44,COL-max-Corr,1703,12100,433015,0,geod_dist_to_target,85,3.7766964248272505
33764.44,COL-max-Corr,1703,12315,433015,0,geod_dist_to_target,90,5.42705199446555
33764.44,COL-max-Corr,1703,12100,433015,0,geod_dist_to_target,95,3.7766964248272505
33764.44,COL-max-Corr,1703,12100,433015,0,geod_dist_to_target,100,3.7766964248272505
33764.44,COL-max-Corr,1703,5625,858597,0,geod_dist_to_target,5,14.968525587549186
33764.44,COL-max-Corr,1703,11753,858597,0,geod_dist_to_target,6,4.593458382968855
33764.44,COL-max-Corr,1703,11087,858597,0,geod_dist_to_target,7,39.851217016180755
33764.44,COL-max-Corr,1703,2762,858597,0,geod_dist_to_target,8,3.9391545253123574
33764.44,COL-max-Corr,1703,4560,858597,0,geod_dist_to_target,9,3.1011106827510235
33764.44,COL-max-Corr,1703,4560,858597,0,geod_dist_to_target,10,3.1011106827510235
33764.44,COL-max-Corr,1703,4560,858597,0,geod_dist_to_target,11,3.1011106827510235
33764.44,COL-max-Corr,1703,4560,858597,0,geod_dist_to_target,12,3.1011106827510235
33764.44,COL-max-Corr,1703,4560,858597,0,geod_dist_to_target,13,3.1011106827510235
33764.44,COL-max-Corr,1703,265,858597,0,geod_dist_to_target,14,3.4297529431211173
33764.44,COL-max-Corr,1703,265,858597,0,geod_dist_to_target,15,3.4297529431211173
33764.44,COL-max-Corr,1703,265,858597,0,geod_dist_to_target,16,3.4297529431211173
33764.44,COL-max-Corr,1703,4560,858597,0,geod_dist_to_target,17,3.1011106827510235
33764.44,COL-max-Corr,1703,4560,858597,0,geod_dist_to_target,18,3.1011106827510235
33764.44,COL-max-Corr,1703,4560,858597,0,geod_dist_to_target,19,3.1011106827510235
33764.44,COL-max-Corr,1703,501,858597,0,geod_dist_to_target,20,1.7639502055891951
33764.44,COL-max-Corr,1703,501,858597,0,geod_dist_to_target,22,1.7639502055891951
33764.44,COL-max-Corr,1703,501,858597,0,geod_dist_to_target,24,1.7639502055891951
33764.44,COL-max-Corr,1703,4251,858597,0,geod_dist_to_target,26,16.781768995319954
33764.44,COL-max-Corr,1703,2520,858597,0,geod_dist_to_target,28,16.470452029937523
33764.44,COL-max-Corr,1703,1914,858597,0,geod_dist_to_target,30,0.49993832217698103
33764.44,COL-max-Corr,1703,4378,858597,0,geod_dist_to_target,32,0.9962662417445457
33764.44,COL-max-Corr,1703,4378,858597,0,geod_dist_to_target,34,0.9962662417445457
33764.44,COL-max-Corr,1703,4362,858597,0,geod_dist_to_target,36,2.0454466661615407
33764.44,COL-max-Corr,1703,4360,858597,0,geod_dist_to_target,38,2.621084676538944
33764.44,COL-max-Corr,1703,4360,858597,0,geod_dist_to_target,40,2.621084676538944
33764.44,COL-max-Corr,1703,4360,858597,0,geod_dist_to_target,42,2.621084676538944
33764.44,COL-max-Corr,1703,4560,858597,0,geod_dist_to_target,44,3.1011106827510235
33764.44,COL-max-Corr,1703,4560,858597,0,geod_dist_to_target,46,3.1011106827510235
33764.44,COL-max-Corr,1703,4560,858597,0,geod_dist_to_target,48,3.1011106827510235
33764.44,COL-max-Corr,1703,501,858597,0,geod_dist_to_target,50,1.7639502055891951
33764.44,COL-max-Corr,1703,4362,858597,0,geod_dist_to_target,55,2.0454466661615407
33764.44,COL-max-Corr,1703,239,858597,0,geod_dist_to_target,60,2.4447509135389818
33764.44,COL-max-Corr,1703,4362,858597,0,geod_dist_to_target,65,2.0454466661615407
33764.44,COL-max-Corr,1703,501,858597,0,geod_dist_to_target,70,1.7639502055891951
33764.44,COL-max-Corr,1703,9891,858597,0,geod_dist_to_target,75,1.4647765231458205
33764.44,COL-max-Corr,1703,501,858597,0,geod_dist_to_target,80,1.7639502055891951
33764.44,COL-max-Corr,1703,501,858597,0,geod_dist_to_target,85,1.7639502055891951
33764.44,COL-max-Corr,1703,501,858597,0,geod_dist_to_target,90,1.7639502055891951
33764.44,COL-max-Corr,1703,501,858597,0,geod_dist_to_target,95,1.7639502055891951
33764.44,COL-max-Corr,1703,501,858597,0,geod_dist_to_target,100,1.7639502055891951
33764.44,COL-max-Corr,1703,4175,85945,0,geod_dist_to_target,5,9.355139976160926
33764.44,COL-max-Corr,1703,2118,85945,0,geod_dist_to_target,6,22.967291270123667
33764.44,COL-max-Corr,1703,5397,85945,0,geod_dist_to_target,7,8.275038014853878
33764.44,COL-max-Corr,1703,8437,85945,0,geod_dist_to_target,8,51.94917639924595
33764.44,COL-max-Corr,1703,10983,85945,0,geod_dist_to_target,9,34.53862422877058
33764.44,COL-max-Corr,1703,8435,85945,0,geod_dist_to_target,10,33.902085773510684
33764.44,COL-max-Corr,1703,12387,85945,0,geod_dist_to_target,11,18.268604620431223
33764.44,COL-max-Corr,1703,12387,85945,0,geod_dist_to_target,12,18.268604620431223
33764.44,COL-max-Corr,1703,12387,85945,0,geod_dist_to_target,13,18.268604620431223
33764.44,COL-max-Corr,1703,12387,85945,0,geod_dist_to_target,14,18.268604620431223
33764.44,COL-max-Corr,1703,12387,85945,0,geod_dist_to_target,15,18.268604620431223
33764.44,COL-max-Corr,1703,12387,85945,0,geod_dist_to_target,16,18.268604620431223
33764.44,COL-max-Corr,1703,2520,85945,0,geod_dist_to_target,17,16.470452029937523
33764.44,COL-max-Corr,1703,2520,85945,0,geod_dist_to_target,18,16.470452029937523
33764.44,COL-max-Corr,1703,2520,85945,0,geod_dist_to_target,19,16.470452029937523
33764.44,COL-max-Corr,1703,2520,85945,0,geod_dist_to_target,20,16.470452029937523
33764.44,COL-max-Corr,1703,10721,85945,0,geod_dist_to_target,22,15.882320785179301
33764.44,COL-max-Corr,1703,2520,85945,0,geod_dist_to_target,24,16.470452029937523
33764.44,COL-max-Corr,1703,2439,85945,0,geod_dist_to_target,26,2.0114983175549903
33764.44,COL-max-Corr,1703,8595,85945,0,geod_dist_to_target,28,16.071328341379154
33764.44,COL-max-Corr,1703,2439,85945,0,geod_dist_to_target,30,2.0114983175549903
33764.44,COL-max-Corr,1703,8595,85945,0,geod_dist_to_target,32,16.071328341379154
33764.44,COL-max-Corr,1703,8595,85945,0,geod_dist_to_target,34,16.071328341379154
33764.44,COL-max-Corr,1703,4222,85945,0,geod_dist_to_target,36,1.861108835383731
33764.44,COL-max-Corr,1703,4222,85945,0,geod_dist_to_target,38,1.861108835383731
33764.44,COL-max-Corr,1703,2071,85945,0,geod_dist_to_target,40,1.0152557721994404
33764.44,COL-max-Corr,1703,4222,85945,0,geod_dist_to_target,42,1.861108835383731
33764.44,COL-max-Corr,1703,2071,85945,0,geod_dist_to_target,44,1.0152557721994404
33764.44,COL-max-Corr,1703,2071,85945,0,geod_dist_to_target,46,1.0152557721994404
33764.44,COL-max-Corr,1703,4222,85945,0,geod_dist_to_target,48,1.861108835383731
33764.44,COL-max-Corr,1703,4222,85945,0,geod_dist_to_target,50,1.861108835383731
33764.44,COL-max-Corr,1703,4222,85945,0,geod_dist_to_target,55,1.861108835383731
33764.44,COL-max-Corr,1703,4222,85945,0,geod_dist_to_target,60,1.861108835383731
33764.44,COL-max-Corr,1703,4222,85945,0,geod_dist_to_target,65,1.861108835383731
33764.44,COL-max-Corr,1703,4222,85945,0,geod_dist_to_target,70,1.861108835383731
33764.44,COL-max-Corr,1703,4222,85945,0,geod_dist_to_target,75,1.861108835383731
33764.44,COL-max-Corr,1703,4222,85945,0,geod_dist_to_target,80,1.861108835383731
33764.44,COL-max-Corr,1703,4222,85945,0,geod_dist_to_target,85,1.861108835383731
33764.44,COL-max-Corr,1703,4222,85945,0,geod_dist_to_target,90,1.861108835383731
33764.44,COL-max-Corr,1703,4222,85945,0,geod_dist_to_target,95,1.861108835383731
33764.44,COL-max-Corr,1703,4222,85945,0,geod_dist_to_target,100,1.861108835383731
33764.44,COL-max-Corr,1703,5564,697368,0,geod_dist_to_target,5,17.67463198644823
33764.44,COL-max-Corr,1703,6340,697368,0,geod_dist_to_target,6,0.24956215135320794
33764.44,COL-max-Corr,1703,5358,697368,0,geod_dist_to_target,7,15.959917754101225
33764.44,COL-max-Corr,1703,5364,697368,0,geod_dist_to_target,8,16.5885728627719
33764.44,COL-max-Corr,1703,6012,697368,0,geod_dist_to_target,9,20.606385831115162
33764.44,COL-max-Corr,1703,6012,697368,0,geod_dist_to_target,10,20.606385831115162
33764.44,COL-max-Corr,1703,6012,697368,0,geod_dist_to_target,11,20.606385831115162
33764.44,COL-max-Corr,1703,2296,697368,0,geod_dist_to_target,12,8.337522811961987
33764.44,COL-max-Corr,1703,2296,697368,0,geod_dist_to_target,13,8.337522811961987
33764.44,COL-max-Corr,1703,1525,697368,0,geod_dist_to_target,14,5.950665849617772
33764.44,COL-max-Corr,1703,1525,697368,0,geod_dist_to_target,15,5.950665849617772
33764.44,COL-max-Corr,1703,2541,697368,0,geod_dist_to_target,16,5.559694271389596
33764.44,COL-max-Corr,1703,681,697368,0,geod_dist_to_target,17,4.539675522039093
33764.44,COL-max-Corr,1703,681,697368,0,geod_dist_to_target,18,4.539675522039093
33764.44,COL-max-Corr,1703,681,697368,0,geod_dist_to_target,19,4.539675522039093
33764.44,COL-max-Corr,1703,2541,697368,0,geod_dist_to_target,20,5.559694271389596
33764.44,COL-max-Corr,1703,2541,697368,0,geod_dist_to_target,22,5.559694271389596
33764.44,COL-max-Corr,1703,3156,697368,0,geod_dist_to_target,24,8.105552757552532
33764.44,COL-max-Corr,1703,3156,697368,0,geod_dist_to_target,26,8.105552757552532
33764.44,COL-max-Corr,1703,3156,697368,0,geod_dist_to_target,28,8.105552757552532
33764.44,COL-max-Corr,1703,2541,697368,0,geod_dist_to_target,30,5.559694271389596
33764.44,COL-max-Corr,1703,4789,697368,0,geod_dist_to_target,32,7.147795284850349
33764.44,COL-max-Corr,1703,4789,697368,0,geod_dist_to_target,34,7.147795284850349
33764.44,COL-max-Corr,1703,4789,697368,0,geod_dist_to_target,36,7.147795284850349
33764.44,COL-max-Corr,1703,4789,697368,0,geod_dist_to_target,38,7.147795284850349
33764.44,COL-max-Corr,1703,4789,697368,0,geod_dist_to_target,40,7.147795284850349
33764.44,COL-max-Corr,1703,4789,697368,0,geod_dist_to_target,42,7.147795284850349
33764.44,COL-max-Corr,1703,4789,697368,0,geod_dist_to_target,44,7.147795284850349
33764.44,COL-max-Corr,1703,4789,697368,0,geod_dist_to_target,46,7.147795284850349
33764.44,COL-max-Corr,1703,4789,697368,0,geod_dist_to_target,48,7.147795284850349
33764.44,COL-max-Corr,1703,4377,697368,0,geod_dist_to_target,50,0.46831042591843214
33764.44,COL-max-Corr,1703,4377,697368,0,geod_dist_to_target,55,0.46831042591843214
33764.44,COL-max-Corr,1703,4377,697368,0,geod_dist_to_target,60,0.46831042591843214
33764.44,COL-max-Corr,1703,4377,697368,0,geod_dist_to_target,65,0.46831042591843214
33764.44,COL-max-Corr,1703,4789,697368,0,geod_dist_to_target,70,7.147795284850349
33764.44,COL-max-Corr,1703,4789,697368,0,geod_dist_to_target,75,7.147795284850349
33764.44,COL-max-Corr,1703,4377,697368,0,geod_dist_to_target,80,0.46831042591843214
33764.44,COL-max-Corr,1703,4377,697368,0,geod_dist_to_target,85,0.46831042591843214
33764.44,COL-max-Corr,1703,4377,697368,0,geod_dist_to_target,90,0.46831042591843214
33764.44,COL-max-Corr,1703,4789,697368,0,geod_dist_to_target,95,7.147795284850349
33764.44,COL-max-Corr,1703,6644,697368,0,geod_dist_to_target,100,1.905545592367454
33764.44,COL-max-Corr,1703,4223,201469,0,geod_dist_to_target,5,2.2968804544258825
33764.44,COL-max-Corr,1703,12315,201469,0,geod_dist_to_target,6,5.42705199446555
33764.44,COL-max-Corr,1703,2439,201469,0,geod_dist_to_target,7,2.0114983175549903
33764.44,COL-max-Corr,1703,4789,201469,0,geod_dist_to_target,8,7.147795284850349
33764.44,COL-max-Corr,1703,10997,201469,0,geod_dist_to_target,9,3.116570747415171
33764.44,COL-max-Corr,1703,10997,201469,0,geod_dist_to_target,10,3.116570747415171
33764.44,COL-max-Corr,1703,3245,201469,0,geod_dist_to_target,11,11.79211483695339
33764.44,COL-max-Corr,1703,10997,201469,0,geod_dist_to_target,12,3.116570747415171
33764.44,COL-max-Corr,1703,10997,201469,0,geod_dist_to_target,13,3.116570747415171
33764.44,COL-max-Corr,1703,8735,201469,0,geod_dist_to_target,14,11.610220716168195
33764.44,COL-max-Corr,1703,8735,201469,0,geod_dist_to_target,15,11.610220716168195
33764.44,COL-max-Corr,1703,8735,201469,0,geod_dist_to_target,16,11.610220716168195
33764.44,COL-max-Corr,1703,11782,201469,0,geod_dist_to_target,17,11.767172090990712
33764.44,COL-max-Corr,1703,11782,201469,0,geod_dist_to_target,18,11.767172090990712
33764.44,COL-max-Corr,1703,11782,201469,0,geod_dist_to_target,19,11.767172090990712
33764.44,COL-max-Corr,1703,11782,201469,0,geod_dist_to_target,20,11.767172090990712
33764.44,COL-max-Corr,1703,4202,201469,0,geod_dist_to_target,22,0.24838691691917922
33764.44,COL-max-Corr,1703,4202,201469,0,geod_dist_to_target,24,0.24838691691917922
33764.44,COL-max-Corr,1703,1703,201469,0,geod_dist_to_target,26,0.0
33764.44,COL-max-Corr,1703,4202,201469,0,geod_dist_to_target,28,0.24838691691917922
33764.44,COL-max-Corr,1703,4377,201469,0,geod_dist_to_target,30,0.46831042591843214
33764.44,COL-max-Corr,1703,4377,201469,0,geod_dist_to_target,32,0.46831042591843214
33764.44,COL-max-Corr,1703,4377,201469,0,geod_dist_to_target,34,0.46831042591843214
33764.44,COL-max-Corr,1703,4201,201469,0,geod_dist_to_target,36,0.22467978116970785
33764.44,COL-max-Corr,1703,4201,201469,0,geod_dist_to_target,38,0.22467978116970785
33764.44,COL-max-Corr,1703,4201,201469,0,geod_dist_to_target,40,0.22467978116970785
33764.44,COL-max-Corr,1703,4377,201469,0,geod_dist_to_target,42,0.46831042591843214
33764.44,COL-max-Corr,1703,4377,201469,0,geod_dist_to_target,44,0.46831042591843214
33764.44,COL-max-Corr,1703,4377,201469,0,geod_dist_to_target,46,0.46831042591843214
33764.44,COL-max-Corr,1703,1703,201469,0,geod_dist_to_target,48,0.0
33764.44,COL-max-Corr,1703,4202,201469,0,geod_dist_to_target,50,0.24838691691917922
33764.44,COL-max-Corr,1703,10614,201469,0,geod_dist_to_target,55,11.145975090257304
33764.44,COL-max-Corr,1703,4202,201469,0,geod_dist_to_target,60,0.24838691691917922
33764.44,COL-max-Corr,1703,1703,201469,0,geod_dist_to_target,65,0.0
33764.44,COL-max-Corr,1703,4201,201469,0,geod_dist_to_target,70,0.22467978116970785
33764.44,COL-max-Corr,1703,4201,201469,0,geod_dist_to_target,75,0.22467978116970785
33764.44,COL-max-Corr,1703,4202,201469,0,geod_dist_to_target,80,0.24838691691917922
33764.44,COL-max-Corr,1703,1703,201469,0,geod_dist_to_target,85,0.0
33764.44,COL-max-Corr,1703,1703,201469,0,geod_dist_to_target,90,0.0
33764.44,COL-max-Corr,1703,1703,201469,0,geod_dist_to_target,95,0.0
33764.44,COL-max-Corr,1703,4201,201469,0,geod_dist_to_target,100,0.22467978116970785
33764.44,COL-max-Corr,1703,3462,94177,0,geod_dist_to_target,5,11.2795367275546
33764.44,COL-max-Corr,1703,415,94177,0,geod_dist_to_target,6,1.682511435418417
33764.44,COL-max-Corr,1703,415,94177,0,geod_dist_to_target,7,1.682511435418417
33764.44,COL-max-Corr,1703,2097,94177,0,geod_dist_to_target,8,1.2191724290331893
33764.44,COL-max-Corr,1703,4361,94177,0,geod_dist_to_target,9,2.3633758159397624
33764.44,COL-max-Corr,1703,9670,94177,0,geod_dist_to_target,10,3.3208024301114114
33764.44,COL-max-Corr,1703,9437,94177,0,geod_dist_to_target,11,50.79960451914406
33764.44,COL-max-Corr,1703,9670,94177,0,geod_dist_to_target,12,3.3208024301114114
33764.44,COL-max-Corr,1703,9670,94177,0,geod_dist_to_target,13,3.3208024301114114
33764.44,COL-max-Corr,1703,9670,94177,0,geod_dist_to_target,14,3.3208024301114114
33764.44,COL-max-Corr,1703,9670,94177,0,geod_dist_to_target,15,3.3208024301114114
33764.44,COL-max-Corr,1703,9670,94177,0,geod_dist_to_target,16,3.3208024301114114
33764.44,COL-max-Corr,1703,239,94177,0,geod_dist_to_target,17,2.4447509135389818
33764.44,COL-max-Corr,1703,4360,94177,0,geod_dist_to_target,18,2.621084676538944
33764.44,COL-max-Corr,1703,4360,94177,0,geod_dist_to_target,19,2.621084676538944
33764.44,COL-max-Corr,1703,4362,94177,0,geod_dist_to_target,20,2.0454466661615407
33764.44,COL-max-Corr,1703,4360,94177,0,geod_dist_to_target,22,2.621084676538944
33764.44,COL-max-Corr,1703,4360,94177,0,geod_dist_to_target,24,2.621084676538944
33764.44,COL-max-Corr,1703,239,94177,0,geod_dist_to_target,26,2.4447509135389818
33764.44,COL-max-Corr,1703,239,94177,0,geod_dist_to_target,28,2.4447509135389818
33764.44,COL-max-Corr,1703,4360,94177,0,geod_dist_to_target,30,2.621084676538944
33764.44,COL-max-Corr,1703,4360,94177,0,geod_dist_to_target,32,2.621084676538944
33764.44,COL-max-Corr,1703,4360,94177,0,geod_dist_to_target,34,2.621084676538944
33764.44,COL-max-Corr,1703,4360,94177,0,geod_dist_to_target,36,2.621084676538944
33764.44,COL-max-Corr,1703,9670,94177,0,geod_dist_to_target,38,3.3208024301114114
33764.44,COL-max-Corr,1703,9670,94177,0,geod_dist_to_target,40,3.3208024301114114
33764.44,COL-max-Corr,1703,9670,94177,0,geod_dist_to_target,42,3.3208024301114114
33764.44,COL-max-Corr,1703,4361,94177,0,geod_dist_to_target,44,2.3633758159397624
33764.44,COL-max-Corr,1703,4361,94177,0,geod_dist_to_target,46,2.3633758159397624
33764.44,COL-max-Corr,1703,4361,94177,0,geod_dist_to_target,48,2.3633758159397624
33764.44,COL-max-Corr,1703,4361,94177,0,geod_dist_to_target,50,2.3633758159397624
33764.44,COL-max-Corr,1703,4361,94177,0,geod_dist_to_target,55,2.3633758159397624
33764.44,COL-max-Corr,1703,4361,94177,0,geod_dist_to_target,60,2.3633758159397624
33764.44,COL-max-Corr,1703,4360,94177,0,geod_dist_to_target,65,2.621084676538944
33764.44,COL-max-Corr,1703,4361,94177,0,geod_dist_to_target,70,2.3633758159397624
33764.44,COL-max-Corr,1703,4361,94177,0,geod_dist_to_target,75,2.3633758159397624
33764.44,COL-max-Corr,1703,6644,94177,0,geod_dist_to_target,80,1.905545592367454
33764.44,COL-max-Corr,1703,6644,94177,0,geod_dist_to_target,85,1.905545592367454
33764.44,COL-max-Corr,1703,6644,94177,0,geod_dist_to_target,90,1.905545592367454
33764.44,COL-max-Corr,1703,4361,94177,0,geod_dist_to_target,95,2.3633758159397624
33764.44,COL-max-Corr,1703,6644,94177,0,geod_dist_to_target,100,1.905545592367454
33764.44,ROW-mean-ED,1703,2439,89250,0,geod_dist_to_target,5,2.0114983175549903
33764.44,ROW-mean-ED,1703,1243,89250,0,geod_dist_to_target,6,6.791735206133976
33764.44,ROW-mean-ED,1703,1243,89250,0,geod_dist_to_target,7,6.791735206133976
33764.44,ROW-mean-ED,1703,9784,89250,0,geod_dist_to_target,8,9.576561757356275
33764.44,ROW-mean-ED,1703,5086,89250,0,geod_dist_to_target,9,12.270895281621344
33764.44,ROW-mean-ED,1703,10406,89250,0,geod_dist_to_target,10,14.047004664366236
33764.44,ROW-mean-ED,1703,1334,89250,0,geod_dist_to_target,11,10.773353554015237
33764.44,ROW-mean-ED,1703,1334,89250,0,geod_dist_to_target,12,10.773353554015237
33764.44,ROW-mean-ED,1703,1334,89250,0,geod_dist_to_target,13,10.773353554015237
33764.44,ROW-mean-ED,1703,1334,89250,0,geod_dist_to_target,14,10.773353554015237
33764.44,ROW-mean-ED,1703,2435,89250,0,geod_dist_to_target,15,14.71405192278389
33764.44,ROW-mean-ED,1703,2435,89250,0,geod_dist_to_target,16,14.71405192278389
33764.44,ROW-mean-ED,1703,2845,89250,0,geod_dist_to_target,17,13.998957132278525
33764.44,ROW-mean-ED,1703,2845,89250,0,geod_dist_to_target,18,13.998957132278525
33764.44,ROW-mean-ED,1703,2435,89250,0,geod_dist_to_target,19,14.71405192278389
33764.44,ROW-mean-ED,1703,2435,89250,0,geod_dist_to_target,20,14.71405192278389
33764.44,ROW-mean-ED,1703,4377,89250,0,geod_dist_to_target,22,0.46831042591843214
33764.44,ROW-mean-ED,1703,4201,89250,0,geod_dist_to_target,24,0.22467978116970785
33764.44,ROW-mean-ED,1703,4201,89250,0,geod_dist_to_target,26,0.22467978116970785
33764.44,ROW-mean-ED,1703,4201,89250,0,geod_dist_to_target,28,0.22467978116970785
33764.44,ROW-mean-ED,1703,4201,89250,0,geod_dist_to_target,30,0.22467978116970785
33764.44,ROW-mean-ED,1703,4201,89250,0,geod_dist_to_target,32,0.22467978116970785
33764.44,ROW-mean-ED,1703,4201,89250,0,geod_dist_to_target,34,0.22467978116970785
33764.44,ROW-mean-ED,1703,1005,89250,0,geod_dist_to_target,36,0.884314496638899
33764.44,ROW-mean-ED,1703,4377,89250,0,geod_dist_to_target,38,0.46831042591843214
33764.44,ROW-mean-ED,1703,4201,89250,0,geod_dist_to_target,40,0.22467978116970785
33764.44,ROW-mean-ED,1703,4377,89250,0,geod_dist_to_target,42,0.46831042591843214
33764.44,ROW-mean-ED,1703,4377,89250,0,geod_dist_to_target,44,0.46831042591843214
33764.44,ROW-mean-ED,1703,4377,89250,0,geod_dist_to_target,46,0.46831042591843214
33764.44,ROW-mean-ED,1703,4201,89250,0,geod_dist_to_target,48,0.22467978116970785
33764.44,ROW-mean-ED,1703,4201,89250,0,geod_dist_to_target,50,0.22467978116970785
33764.44,ROW-mean-ED,1703,4377,89250,0,geod_dist_to_target,55,0.46831042591843214
33764.44,ROW-mean-ED,1703,4201,89250,0,geod_dist_to_target,60,0.22467978116970785
33764.44,ROW-mean-ED,1703,4201,89250,0,geod_dist_to_target,65,0.22467978116970785
33764.44,ROW-mean-ED,1703,4377,89250,0,geod_dist_to_target,70,0.46831042591843214
33764.44,ROW-mean-ED,1703,4377,89250,0,geod_dist_to_target,75,0.46831042591843214
33764.44,ROW-mean-ED,1703,4377,89250,0,geod_dist_to_target,80,0.46831042591843214
33764.44,ROW-mean-ED,1703,4201,89250,0,geod_dist_to_target,85,0.22467978116970785
33764.44,ROW-mean-ED,1703,4201,89250,0,geod_dist_to_target,90,0.22467978116970785
33764.44,ROW-mean-ED,1703,4201,89250,0,geod_dist_to_target,95,0.22467978116970785
33764.44,ROW-mean-ED,1703,1703,89250,0,geod_dist_to_target,100,0.0
33764.44,ROW-mean-ED,1703,10406,773956,0,geod_dist_to_target,5,14.047004664366236
33764.44,ROW-mean-ED,1703,1914,773956,0,geod_dist_to_target,6,0.49993832217698103
33764.44,ROW-mean-ED,1703,4202,773956,0,geod_dist_to_target,7,0.24838691691917922
33764.44,ROW-mean-ED,1703,4202,773956,0,geod_dist_to_target,8,0.24838691691917922
33764.44,ROW-mean-ED,1703,4202,773956,0,geod_dist_to_target,9,0.24838691691917922
33764.44,ROW-mean-ED,1703,4200,773956,0,geod_dist_to_target,10,0.49102418320330976
33764.44,ROW-mean-ED,1703,1914,773956,0,geod_dist_to_target,11,0.49993832217698103
33764.44,ROW-mean-ED,1703,1914,773956,0,geod_dist_to_target,12,0.49993832217698103
33764.44,ROW-mean-ED,1703,1914,773956,0,geod_dist_to_target,13,0.49993832217698103
33764.44,ROW-mean-ED,1703,1914,773956,0,geod_dist_to_target,14,0.49993832217698103
33764.44,ROW-mean-ED,1703,1914,773956,0,geod_dist_to_target,15,0.49993832217698103
33764.44,ROW-mean-ED,1703,1914,773956,0,geod_dist_to_target,16,0.49993832217698103
33764.44,ROW-mean-ED,1703,4201,773956,0,geod_dist_to_target,17,0.22467978116970785
33764.44,ROW-mean-ED,1703,4201,773956,0,geod_dist_to_target,18,0.22467978116970785
33764.44,ROW-mean-ED,1703,2738,773956,0,geod_dist_to_target,19,1.133895231216453
33764.44,ROW-mean-ED,1703,4186,773956,0,geod_dist_to_target,20,1.9220377999461757
33764.44,ROW-mean-ED,1703,271,773956,0,geod_dist_to_target,22,1.4416986979656716
33764.44,ROW-mean-ED,1703,4392,773956,0,geod_dist_to_target,24,0.5692511051044088
33764.44,ROW-mean-ED,1703,4392,773956,0,geod_dist_to_target,26,0.5692511051044088
33764.44,ROW-mean-ED,1703,4392,773956,0,geod_dist_to_target,28,0.5692511051044088
33764.44,ROW-mean-ED,1703,2481,773956,0,geod_dist_to_target,30,14.478554833898341
33764.44,ROW-mean-ED,1703,2481,773956,0,geod_dist_to_target,32,14.478554833898341
33764.44,ROW-mean-ED,1703,2481,773956,0,geod_dist_to_target,34,14.478554833898341
33764.44,ROW-mean-ED,1703,2481,773956,0,geod_dist_to_target,36,14.478554833898341
33764.44,ROW-mean-ED,1703,2481,773956,0,geod_dist_to_target,38,14.478554833898341
33764.44,ROW-mean-ED,1703,2481,773956,0,geod_dist_to_target,40,14.478554833898341
33764.44,ROW-mean-ED,1703,2481,773956,0,geod_dist_to_target,42,14.478554833898341
33764.44,ROW-mean-ED,1703,2481,773956,0,geod_dist_to_target,44,14.478554833898341
33764.44,ROW-mean-ED,1703,2481,773956,0,geod_dist_to_target,46,14.478554833898341
33764.44,ROW-mean-ED,1703,4211,773956,0,geod_dist_to_target,48,0.5322247347903476
33764.44,ROW-mean-ED,1703,7548,773956,0,geod_dist_to_target,50,1.3661127631445547
33764.44,ROW-mean-ED,1703,4211,773956,0,geod_dist_to_target,55,0.5322247347903476
33764.44,ROW-mean-ED,1703,7548,773956,0,geod_dist_to_target,60,1.3661127631445547
33764.44,ROW-mean-ED,1703,7548,773956,0,geod_dist_to_target,65,1.3661127631445547
33764.44,ROW-mean-ED,1703,4211,773956,0,geod_dist_to_target,70,0.5322247347903476
33764.44,ROW-mean-ED,1703,1703,773956,0,geod_dist_to_target,75,0.0
33764.44,ROW-mean-ED,1703,1703,773956,0,geod_dist_to_target,80,0.0
33764.44,ROW-mean-ED,1703,1703,773956,0,geod_dist_to_target,85,0.0
33764.44,ROW-mean-ED,1703,1703,773956,0,geod_dist_to_target,90,0.0
33764.44,ROW-mean-ED,1703,1703,773956,0,geod_dist_to_target,95,0.0
33764.44,ROW-mean-ED,1703,1703,773956,0,geod_dist_to_target,100,0.0
33764.44,ROW-mean-ED,1703,373,654571,0,geod_dist_to_target,5,17.03194659183418
33764.44,ROW-mean-ED,1703,373,654571,0,geod_dist_to_target,6,17.03194659183418
33764.44,ROW-mean-ED,1703,4638,654571,0,geod_dist_to_target,7,9.059888037637194
33764.44,ROW-mean-ED,1703,4638,654571,0,geod_dist_to_target,8,9.059888037637194
33764.44,ROW-mean-ED,1703,4638,654571,0,geod_dist_to_target,9,9.059888037637194
33764.44,ROW-mean-ED,1703,4638,654571,0,geod_dist_to_target,10,9.059888037637194
33764.44,ROW-mean-ED,1703,4638,654571,0,geod_dist_to_target,11,9.059888037637194
33764.44,ROW-mean-ED,1703,4212,654571,0,geod_dist_to_target,12,1.4134501853295454
33764.44,ROW-mean-ED,1703,4212,654571,0,geod_dist_to_target,13,1.4134501853295454
33764.44,ROW-mean-ED,1703,4211,654571,0,geod_dist_to_target,14,0.5322247347903476
33764.44,ROW-mean-ED,1703,7548,654571,0,geod_dist_to_target,15,1.3661127631445547
33764.44,ROW-mean-ED,1703,7548,654571,0,geod_dist_to_target,16,1.3661127631445547
33764.44,ROW-mean-ED,1703,10997,654571,0,geod_dist_to_target,17,3.116570747415171
33764.44,ROW-mean-ED,1703,9328,654571,0,geod_dist_to_target,18,2.2596473411975073
33764.44,ROW-mean-ED,1703,10807,654571,0,geod_dist_to_target,19,4.222319666783803
33764.44,ROW-mean-ED,1703,10210,654571,0,geod_dist_to_target,20,1.8471309378860754
33764.44,ROW-mean-ED,1703,4214,654571,0,geod_dist_to_target,22,1.4693953054773505
33764.44,ROW-mean-ED,1703,10210,654571,0,geod_dist_to_target,24,1.8471309378860754
33764.44,ROW-mean-ED,1703,10210,654571,0,geod_dist_to_target,26,1.8471309378860754
33764.44,ROW-mean-ED,1703,4214,654571,0,geod_dist_to_target,28,1.4693953054773505
33764.44,ROW-mean-ED,1703,4213,654571,0,geod_dist_to_target,30,0.8629219408301374
33764.44,ROW-mean-ED,1703,10702,654571,0,geod_dist_to_target,32,1.0748810896941874
33764.44,ROW-mean-ED,1703,10210,654571,0,geod_dist_to_target,34,1.8471309378860754
33764.44,ROW-mean-ED,1703,1914,654571,0,geod_dist_to_target,36,0.49993832217698103
33764.44,ROW-mean-ED,1703,1914,654571,0,geod_dist_to_target,38,0.49993832217698103
33764.44,ROW-mean-ED,1703,1914,654571,0,geod_dist_to_target,40,0.49993832217698103
33764.44,ROW-mean-ED,1703,1914,654571,0,geod_dist_to_target,42,0.49993832217698103
33764.44,ROW-mean-ED,1703,4200,654571,0,geod_dist_to_target,44,0.49102418320330976
33764.44,ROW-mean-ED,1703,4200,654571,0,geod_dist_to_target,46,0.49102418320330976
33764.44,ROW-mean-ED,1703,4202,654571,0,geod_dist_to_target,48,0.24838691691917922
33764.44,ROW-mean-ED,1703,4211,654571,0,geod_dist_to_target,50,0.5322247347903476
33764.44,ROW-mean-ED,1703,4211,654571,0,geod_dist_to_target,55,0.5322247347903476
33764.44,ROW-mean-ED,1703,4212,654571,0,geod_dist_to_target,60,1.4134501853295454
33764.44,ROW-mean-ED,1703,4224,654571,0,geod_dist_to_target,65,1.945679370797097
33764.44,ROW-mean-ED,1703,2738,654571,0,geod_dist_to_target,70,1.133895231216453
33764.44,ROW-mean-ED,1703,4224,654571,0,geod_dist_to_target,75,1.945679370797097
33764.44,ROW-mean-ED,1703,4224,654571,0,geod_dist_to_target,80,1.945679370797097
33764.44,ROW-mean-ED,1703,4223,654571,0,geod_dist_to_target,85,2.2968804544258825
33764.44,ROW-mean-ED,1703,2836,654571,0,geod_dist_to_target,90,5.020894449462422
33764.44,ROW-mean-ED,1703,4212,654571,0,geod_dist_to_target,95,1.4134501853295454
33764.44,ROW-mean-ED,1703,4212,654571,0,geod_dist_to_target,100,1.4134501853295454
33764.44,ROW-mean-ED,1703,216,438878,0,geod_dist_to_target,5,15.190654235182178
33764.44,ROW-mean-ED,1703,5361,438878,0,geod_dist_to_target,6,15.787955444460088
33764.44,ROW-mean-ED,1703,5361,438878,0,geod_dist_to_target,7,15.787955444460088
33764.44,ROW-mean-ED,1703,5361,438878,0,geod_dist_to_target,8,15.787955444460088
33764.44,ROW-mean-ED,1703,10406,438878,0,geod_dist_to_target,9,14.047004664366236
33764.44,ROW-mean-ED,1703,10406,438878,0,geod_dist_to_target,10,14.047004664366236
33764.44,ROW-mean-ED,1703,1334,438878,0,geod_dist_to_target,11,10.773353554015237
33764.44,ROW-mean-ED,1703,2476,438878,0,geod_dist_to_target,12,11.13394554147836
33764.44,ROW-mean-ED,1703,2476,438878,0,geod_dist_to_target,13,11.13394554147836
33764.44,ROW-mean-ED,1703,2476,438878,0,geod_dist_to_target,14,11.13394554147836
33764.44,ROW-mean-ED,1703,2845,438878,0,geod_dist_to_target,15,13.998957132278525
33764.44,ROW-mean-ED,1703,2845,438878,0,geod_dist_to_target,16,13.998957132278525
33764.44,ROW-mean-ED,1703,2845,438878,0,geod_dist_to_target,17,13.998957132278525
33764.44,ROW-mean-ED,1703,2845,438878,0,geod_dist_to_target,18,13.998957132278525
33764.44,ROW-mean-ED,1703,2845,438878,0,geod_dist_to_target,19,13.998957132278525
33764.44,ROW-mean-ED,1703,2845,438878,0,geod_dist_to_target,20,13.998957132278525
33764.44,ROW-mean-ED,1703,2845,438878,0,geod_dist_to_target,22,13.998957132278525
33764.44,ROW-mean-ED,1703,183,438878,0,geod_dist_to_target,24,1.0040826129057305
33764.44,ROW-mean-ED,1703,183,438878,0,geod_dist_to_target,26,1.0040826129057305
33764.44,ROW-mean-ED,1703,2845,438878,0,geod_dist_to_target,28,13.998957132278525
33764.44,ROW-mean-ED,1703,2435,438878,0,geod_dist_to_target,30,14.71405192278389
33764.44,ROW-mean-ED,1703,2481,438878,0,geod_dist_to_target,32,14.478554833898341
33764.44,ROW-mean-ED,1703,2481,438878,0,geod_dist_to_target,34,14.478554833898341
33764.44,ROW-mean-ED,1703,2481,438878,0,geod_dist_to_target,36,14.478554833898341
33764.44,ROW-mean-ED,1703,2481,438878,0,geod_dist_to_target,38,14.478554833898341
33764.44,ROW-mean-ED,1703,2481,438878,0,geod_dist_to_target,40,14.478554833898341
33764.44,ROW-mean-ED,1703,2481,438878,0,geod_dist_to_target,42,14.478554833898341
33764.44,ROW-mean-ED,1703,2481,438878,0,geod_dist_to_target,44,14.478554833898341
33764.44,ROW-mean-ED,1703,1703,438878,0,geod_dist_to_target,46,0.0
33764.44,ROW-mean-ED,1703,1703,438878,0,geod_dist_to_target,48,0.0
33764.44,ROW-mean-ED,1703,1703,438878,0,geod_dist_to_target,50,0.0
33764.44,ROW-mean-ED,1703,1703,438878,0,geod_dist_to_target,55,0.0
33764.44,ROW-mean-ED,1703,1703,438878,0,geod_dist_to_target,60,0.0
33764.44,ROW-mean-ED,1703,1703,438878,0,geod_dist_to_target,65,0.0
33764.44,ROW-mean-ED,1703,1703,438878,0,geod_dist_to_target,70,0.0
33764.44,ROW-mean-ED,1703,1703,438878,0,geod_dist_to_target,75,0.0
33764.44,ROW-mean-ED,1703,4201,438878,0,geod_dist_to_target,80,0.22467978116970785
33764.44,ROW-mean-ED,1703,1703,438878,0,geod_dist_to_target,85,0.0
33764.44,ROW-mean-ED,1703,1703,438878,0,geod_dist_to_target,90,0.0
33764.44,ROW-mean-ED,1703,1703,438878,0,geod_dist_to_target,95,0.0
33764.44,ROW-mean-ED,1703,1703,438878,0,geod_dist_to_target,100,0.0
33764.44,ROW-mean-ED,1703,5086,433015,0,geod_dist_to_target,5,12.270895281621344
33764.44,ROW-mean-ED,1703,4222,433015,0,geod_dist_to_target,6,1.861108835383731
33764.44,ROW-mean-ED,1703,4222,433015,0,geod_dist_to_target,7,1.861108835383731
33764.44,ROW-mean-ED,1703,4349,433015,0,geod_dist_to_target,8,1.7365346112094897
33764.44,ROW-mean-ED,1703,4200,433015,0,geod_dist_to_target,9,0.49102418320330976
33764.44,ROW-mean-ED,1703,4200,433015,0,geod_dist_to_target,10,0.49102418320330976
33764.44,ROW-mean-ED,1703,2435,433015,0,geod_dist_to_target,11,14.71405192278389
33764.44,ROW-mean-ED,1703,4378,433015,0,geod_dist_to_target,12,0.9962662417445457
33764.44,ROW-mean-ED,1703,2481,433015,0,geod_dist_to_target,13,14.478554833898341
33764.44,ROW-mean-ED,1703,2481,433015,0,geod_dist_to_target,14,14.478554833898341
33764.44,ROW-mean-ED,1703,4632,433015,0,geod_dist_to_target,15,14.583563270601017
33764.44,ROW-mean-ED,1703,2481,433015,0,geod_dist_to_target,16,14.478554833898341
33764.44,ROW-mean-ED,1703,889,433015,0,geod_dist_to_target,17,3.786314464860174
33764.44,ROW-mean-ED,1703,4725,433015,0,geod_dist_to_target,18,2.767412195609948
33764.44,ROW-mean-ED,1703,10997,433015,0,geod_dist_to_target,19,3.116570747415171
33764.44,ROW-mean-ED,1703,4624,433015,0,geod_dist_to_target,20,15.044612843332578
33764.44,ROW-mean-ED,1703,4211,433015,0,geod_dist_to_target,22,0.5322247347903476
33764.44,ROW-mean-ED,1703,2071,433015,0,geod_dist_to_target,24,1.0152557721994404
33764.44,ROW-mean-ED,1703,2071,433015,0,geod_dist_to_target,26,1.0152557721994404
33764.44,ROW-mean-ED,1703,2071,433015,0,geod_dist_to_target,28,1.0152557721994404
33764.44,ROW-mean-ED,1703,10951,433015,0,geod_dist_to_target,30,1.1033157119550998
33764.44,ROW-mean-ED,1703,4200,433015,0,geod_dist_to_target,32,0.49102418320330976
33764.44,ROW-mean-ED,1703,2071,433015,0,geod_dist_to_target,34,1.0152557721994404
33764.44,ROW-mean-ED,1703,2071,433015,0,geod_dist_to_target,36,1.0152557721994404
33764.44,ROW-mean-ED,1703,10951,433015,0,geod_dist_to_target,38,1.1033157119550998
33764.44,ROW-mean-ED,1703,10951,433015,0,geod_dist_to_target,40,1.1033157119550998
33764.44,ROW-mean-ED,1703,10951,433015,0,geod_dist_to_target,42,1.1033157119550998
33764.44,ROW-mean-ED,1703,10951,433015,0,geod_dist_to_target,44,1.1033157119550998
33764.44,ROW-mean-ED,1703,4444,433015,0,geod_dist_to_target,46,15.483669374867446
33764.44,ROW-mean-ED,1703,10951,433015,0,geod_dist_to_target,48,1.1033157119550998
33764.44,ROW-mean-ED,1703,10951,433015,0,geod_dist_to_target,50,1.1033157119550998
33764.44,ROW-mean-ED,1703,10951,433015,0,geod_dist_to_target,55,1.1033157119550998
33764.44,ROW-mean-ED,1703,4444,433015,0,geod_dist_to_target,60,15.483669374867446
33764.44,ROW-mean-ED,1703,4444,433015,0,geod_dist_to_target,65,15.483669374867446
33764.44,ROW-mean-ED,1703,4444,433015,0,geod_dist_to_target,70,15.483669374867446
33764.44,ROW-mean-ED,1703,4444,433015,0,geod_dist_to_target,75,15.483669374867446
33764.44,ROW-mean-ED,1703,4444,433015,0,geod_dist_to_target,80,15.483669374867446
33764.44,ROW-mean-ED,1703,4444,433015,0,geod_dist_to_target,85,15.483669374867446
33764.44,ROW-mean-ED,1703,4444,433015,0,geod_dist_to_target,90,15.483669374867446
33764.44,ROW-mean-ED,1703,4444,433015,0,geod_dist_to_target,95,15.483669374867446
33764.44,ROW-mean-ED,1703,4444,433015,0,geod_dist_to_target,100,15.483669374867446
33764.44,ROW-mean-ED,1703,4807,858597,0,geod_dist_to_target,5,8.40580671844633
33764.44,ROW-mean-ED,1703,5057,858597,0,geod_dist_to_target,6,9.868134815859637
33764.44,ROW-mean-ED,1703,5057,858597,0,geod_dist_to_target,7,9.868134815859637
33764.44,ROW-mean-ED,1703,1184,858597,0,geod_dist_to_target,8,16.343824929437087
33764.44,ROW-mean-ED,1703,8591,858597,0,geod_dist_to_target,9,8.615994165149518
33764.44,ROW-mean-ED,1703,1383,858597,0,geod_dist_to_target,10,10.097408616017342
33764.44,ROW-mean-ED,1703,8591,858597,0,geod_dist_to_target,11,8.615994165149518
33764.44,ROW-mean-ED,1703,4807,858597,0,geod_dist_to_target,12,8.40580671844633
33764.44,ROW-mean-ED,1703,4807,858597,0,geod_dist_to_target,13,8.40580671844633
33764.44,ROW-mean-ED,1703,4807,858597,0,geod_dist_to_target,14,8.40580671844633
33764.44,ROW-mean-ED,1703,4807,858597,0,geod_dist_to_target,15,8.40580671844633
33764.44,ROW-mean-ED,1703,4807,858597,0,geod_dist_to_target,16,8.40580671844633
33764.44,ROW-mean-ED,1703,4807,858597,0,geod_dist_to_target,17,8.40580671844633
33764.44,ROW-mean-ED,1703,4807,858597,0,geod_dist_to_target,18,8.40580671844633
33764.44,ROW-mean-ED,1703,1005,858597,0,geod_dist_to_target,19,0.884314496638899
33764.44,ROW-mean-ED,1703,1914,858597,0,geod_dist_to_target,20,0.49993832217698103
33764.44,ROW-mean-ED,1703,1914,858597,0,geod_dist_to_target,22,0.49993832217698103
33764.44,ROW-mean-ED,1703,1005,858597,0,geod_dist_to_target,24,0.884314496638899
33764.44,ROW-mean-ED,1703,1005,858597,0,geod_dist_to_target,26,0.884314496638899
33764.44,ROW-mean-ED,1703,680,858597,0,geod_dist_to_target,28,1.1430329035388518
33764.44,ROW-mean-ED,1703,9891,858597,0,geod_dist_to_target,30,1.4647765231458205
33764.44,ROW-mean-ED,1703,680,858597,0,geod_dist_to_target,32,1.1430329035388518
33764.44,ROW-mean-ED,1703,2097,858597,0,geod_dist_to_target,34,1.2191724290331893
33764.44,ROW-mean-ED,1703,680,858597,0,geod_dist_to_target,36,1.1430329035388518
33764.44,ROW-mean-ED,1703,680,858597,0,geod_dist_to_target,38,1.1430329035388518
33764.44,ROW-mean-ED,1703,680,858597,0,geod_dist_to_target,40,1.1430329035388518
33764.44,ROW-mean-ED,1703,1005,858597,0,geod_dist_to_target,42,0.884314496638899
33764.44,ROW-mean-ED,1703,1005,858597,0,geod_dist_to_target,44,0.884314496638899
33764.44,ROW-mean-ED,1703,1005,858597,0,geod_dist_to_target,46,0.884314496638899
33764.44,ROW-mean-ED,1703,1005,858597,0,geod_dist_to_target,48,0.884314496638899
33764.44,ROW-mean-ED,1703,1005,858597,0,geod_dist_to_target,50,0.884314496638899
33764.44,ROW-mean-ED,1703,4378,858597,0,geod_dist_to_target,55,0.9962662417445457
33764.44,ROW-mean-ED,1703,4378,858597,0,geod_dist_to_target,60,0.9962662417445457
33764.44,ROW-mean-ED,1703,4378,858597,0,geod_dist_to_target,65,0.9962662417445457
33764.44,ROW-mean-ED,1703,1914,858597,0,geod_dist_to_target,70,0.49993832217698103
33764.44,ROW-mean-ED,1703,1914,858597,0,geod_dist_to_target,75,0.49993832217698103
33764.44,ROW-mean-ED,1703,1914,858597,0,geod_dist_to_target,80,0.49993832217698103
33764.44,ROW-mean-ED,1703,1914,858597,0,geod_dist_to_target,85,0.49993832217698103
33764.44,ROW-mean-ED,1703,1914,858597,0,geod_dist_to_target,90,0.49993832217698103
33764.44,ROW-mean-ED,1703,1914,858597,0,geod_dist_to_target,95,0.49993832217698103
33764.44,ROW-mean-ED,1703,1914,858597,0,geod_dist_to_target,100,0.49993832217698103
33764.44,ROW-mean-ED,1703,8735,85945,0,geod_dist_to_target,5,11.610220716168195
33764.44,ROW-mean-ED,1703,2844,85945,0,geod_dist_to_target,6,14.117495640338511
33764.44,ROW-mean-ED,1703,4634,85945,0,geod_dist_to_target,7,13.787123985702694
33764.44,ROW-mean-ED,1703,4634,85945,0,geod_dist_to_target,8,13.787123985702694
33764.44,ROW-mean-ED,1703,4634,85945,0,geod_dist_to_target,9,13.787123985702694
33764.44,ROW-mean-ED,1703,4634,85945,0,geod_dist_to_target,10,13.787123985702694
33764.44,ROW-mean-ED,1703,4377,85945,0,geod_dist_to_target,11,0.46831042591843214
33764.44,ROW-mean-ED,1703,4377,85945,0,geod_dist_to_target,12,0.46831042591843214
33764.44,ROW-mean-ED,1703,6340,85945,0,geod_dist_to_target,13,0.24956215135320794
33764.44,ROW-mean-ED,1703,6340,85945,0,geod_dist_to_target,14,0.24956215135320794
33764.44,ROW-mean-ED,1703,4392,85945,0,geod_dist_to_target,15,0.5692511051044088
33764.44,ROW-mean-ED,1703,4392,85945,0,geod_dist_to_target,16,0.5692511051044088
33764.44,ROW-mean-ED,1703,4392,85945,0,geod_dist_to_target,17,0.5692511051044088
33764.44,ROW-mean-ED,1703,4392,85945,0,geod_dist_to_target,18,0.5692511051044088
33764.44,ROW-mean-ED,1703,6340,85945,0,geod_dist_to_target,19,0.24956215135320794
33764.44,ROW-mean-ED,1703,1703,85945,0,geod_dist_to_target,20,0.0
33764.44,ROW-mean-ED,1703,4211,85945,0,geod_dist_to_target,22,0.5322247347903476
33764.44,ROW-mean-ED,1703,2481,85945,0,geod_dist_to_target,24,14.478554833898341
33764.44,ROW-mean-ED,1703,2481,85945,0,geod_dist_to_target,26,14.478554833898341
33764.44,ROW-mean-ED,1703,6340,85945,0,geod_dist_to_target,28,0.24956215135320794
33764.44,ROW-mean-ED,1703,4376,85945,0,geod_dist_to_target,30,0.5178705232954098
33764.44,ROW-mean-ED,1703,4376,85945,0,geod_dist_to_target,32,0.5178705232954098
33764.44,ROW-mean-ED,1703,4376,85945,0,geod_dist_to_target,34,0.5178705232954098
33764.44,ROW-mean-ED,1703,6340,85945,0,geod_dist_to_target,36,0.24956215135320794
33764.44,ROW-mean-ED,1703,4253,85945,0,geod_dist_to_target,38,5.3853490880628
33764.44,ROW-mean-ED,1703,4253,85945,0,geod_dist_to_target,40,5.3853490880628
33764.44,ROW-mean-ED,1703,271,85945,0,geod_dist_to_target,42,1.4416986979656716
33764.44,ROW-mean-ED,1703,11285,85945,0,geod_dist_to_target,44,0.956871564398167
33764.44,ROW-mean-ED,1703,11285,85945,0,geod_dist_to_target,46,0.956871564398167
33764.44,ROW-mean-ED,1703,11285,85945,0,geod_dist_to_target,48,0.956871564398167
33764.44,ROW-mean-ED,1703,11285,85945,0,geod_dist_to_target,50,0.956871564398167
33764.44,ROW-mean-ED,1703,4392,85945,0,geod_dist_to_target,55,0.5692511051044088
33764.44,ROW-mean-ED,1703,6340,85945,0,geod_dist_to_target,60,0.24956215135320794
33764.44,ROW-mean-ED,1703,6340,85945,0,geod_dist_to_target,65,0.24956215135320794
33764.44,ROW-mean-ED,1703,6340,85945,0,geod_dist_to_target,70,0.24956215135320794
33764.44,ROW-mean-ED,1703,4212,85945,0,geod_dist_to_target,75,1.4134501853295454
33764.44,ROW-mean-ED,1703,4212,85945,0,geod_dist_to_target,80,1.4134501853295454
33764.44,ROW-mean-ED,1703,4212,85945,0,geod_dist_to_target,85,1.4134501853295454
33764.44,ROW-mean-ED,1703,4212,85945,0,geod_dist_to_target,90,1.4134501853295454
33764.44,ROW-mean-ED,1703,4212,85945,0,geod_dist_to_target,95,1.4134501853295454
33764.44,ROW-mean-ED,1703,4212,85945,0,geod_dist_to_target,100,1.4134501853295454
33764.44,ROW-mean-ED,1703,10615,697368,0,geod_dist_to_target,5,35.55971844283823
33764.44,ROW-mean-ED,1703,4206,697368,0,geod_dist_to_target,6,1.921987743209094
33764.44,ROW-mean-ED,1703,4206,697368,0,geod_dist_to_target,7,1.921987743209094
33764.44,ROW-mean-ED,1703,3199,697368,0,geod_dist_to_target,8,25.012349197868076
33764.44,ROW-mean-ED,1703,7691,697368,0,geod_dist_to_target,9,16.596988417535552
33764.44,ROW-mean-ED,1703,5362,697368,0,geod_dist_to_target,10,16.279155639351835
33764.44,ROW-mean-ED,1703,7691,697368,0,geod_dist_to_target,11,16.596988417535552
33764.44,ROW-mean-ED,1703,7691,697368,0,geod_dist_to_target,12,16.596988417535552
33764.44,ROW-mean-ED,1703,12289,697368,0,geod_dist_to_target,13,4.955067029773025
33764.44,ROW-mean-ED,1703,12289,697368,0,geod_dist_to_target,14,4.955067029773025
33764.44,ROW-mean-ED,1703,10702,697368,0,geod_dist_to_target,15,1.0748810896941874
33764.44,ROW-mean-ED,1703,10702,697368,0,geod_dist_to_target,16,1.0748810896941874
33764.44,ROW-mean-ED,1703,10702,697368,0,geod_dist_to_target,17,1.0748810896941874
33764.44,ROW-mean-ED,1703,10702,697368,0,geod_dist_to_target,18,1.0748810896941874
33764.44,ROW-mean-ED,1703,4212,697368,0,geod_dist_to_target,19,1.4134501853295454
33764.44,ROW-mean-ED,1703,4211,697368,0,geod_dist_to_target,20,0.5322247347903476
33764.44,ROW-mean-ED,1703,7548,697368,0,geod_dist_to_target,22,1.3661127631445547
33764.44,ROW-mean-ED,1703,4211,697368,0,geod_dist_to_target,24,0.5322247347903476
33764.44,ROW-mean-ED,1703,4212,697368,0,geod_dist_to_target,26,1.4134501853295454
33764.44,ROW-mean-ED,1703,4212,697368,0,geod_dist_to_target,28,1.4134501853295454
33764.44,ROW-mean-ED,1703,4211,697368,0,geod_dist_to_target,30,0.5322247347903476
33764.44,ROW-mean-ED,1703,2685,697368,0,geod_dist_to_target,32,0.6035267716223693
33764.44,ROW-mean-ED,1703,2685,697368,0,geod_dist_to_target,34,0.6035267716223693
33764.44,ROW-mean-ED,1703,4212,697368,0,geod_dist_to_target,36,1.4134501853295454
33764.44,ROW-mean-ED,1703,4211,697368,0,geod_dist_to_target,38,0.5322247347903476
33764.44,ROW-mean-ED,1703,7548,697368,0,geod_dist_to_target,40,1.3661127631445547
33764.44,ROW-mean-ED,1703,4211,697368,0,geod_dist_to_target,42,0.5322247347903476
33764.44,ROW-mean-ED,1703,4211,697368,0,geod_dist_to_target,44,0.5322247347903476
33764.44,ROW-mean-ED,1703,4211,697368,0,geod_dist_to_target,46,0.5322247347903476
33764.44,ROW-mean-ED,1703,4211,697368,0,geod_dist_to_target,48,0.5322247347903476
33764.44,ROW-mean-ED,1703,4211,697368,0,geod_dist_to_target,50,0.5322247347903476
33764.44,ROW-mean-ED,1703,4211,697368,0,geod_dist_to_target,55,0.5322247347903476
33764.44,ROW-mean-ED,1703,4202,697368,0,geod_dist_to_target,60,0.24838691691917922
33764.44,ROW-mean-ED,1703,4211,697368,0,geod_dist_to_target,65,0.5322247347903476
33764.44,ROW-mean-ED,1703,4202,697368,0,geod_dist_to_target,70,0.24838691691917922
33764.44,ROW-mean-ED,1703,4202,697368,0,geod_dist_to_target,75,0.24838691691917922
33764.44,ROW-mean-ED,1703,4202,697368,0,geod_dist_to_target,80,0.24838691691917922
33764.44,ROW-mean-ED,1703,4202,697368,0,geod_dist_to_target,85,0.24838691691917922
33764.44,ROW-mean-ED,1703,4202,697368,0,geod_dist_to_target,90,0.24838691691917922
33764.44,ROW-mean-ED,1703,1703,697368,0,geod_dist_to_target,95,0.0
33764.44,ROW-mean-ED,1703,4202,697368,0,geod_dist_to_target,100,0.24838691691917922
33764.44,ROW-mean-ED,1703,10633,201469,0,geod_dist_to_target,5,2.2453625142608686
33764.44,ROW-mean-ED,1703,5076,201469,0,geod_dist_to_target,6,9.697393151386215
33764.44,ROW-mean-ED,1703,5076,201469,0,geod_dist_to_target,7,9.697393151386215
33764.44,ROW-mean-ED,1703,5086,201469,0,geod_dist_to_target,8,12.270895281621344
33764.44,ROW-mean-ED,1703,5086,201469,0,geod_dist_to_target,9,12.270895281621344
33764.44,ROW-mean-ED,1703,5086,201469,0,geod_dist_to_target,10,12.270895281621344
33764.44,ROW-mean-ED,1703,1334,201469,0,geod_dist_to_target,11,10.773353554015237
33764.44,ROW-mean-ED,1703,1383,201469,0,geod_dist_to_target,12,10.097408616017342
33764.44,ROW-mean-ED,1703,5397,201469,0,geod_dist_to_target,13,8.275038014853878
33764.44,ROW-mean-ED,1703,5397,201469,0,geod_dist_to_target,14,8.275038014853878
33764.44,ROW-mean-ED,1703,5397,201469,0,geod_dist_to_target,15,8.275038014853878
33764.44,ROW-mean-ED,1703,5397,201469,0,geod_dist_to_target,16,8.275038014853878
33764.44,ROW-mean-ED,1703,4806,201469,0,geod_dist_to_target,17,7.704288308539428
33764.44,ROW-mean-ED,1703,4806,201469,0,geod_dist_to_target,18,7.704288308539428
33764.44,ROW-mean-ED,1703,4806,201469,0,geod_dist_to_target,19,7.704288308539428
33764.44,ROW-mean-ED,1703,4806,201469,0,geod_dist_to_target,20,7.704288308539428
33764.44,ROW-mean-ED,1703,4806,201469,0,geod_dist_to_target,22,7.704288308539428
33764.44,ROW-mean-ED,1703,4806,201469,0,geod_dist_to_target,24,7.704288308539428
33764.44,ROW-mean-ED,1703,4806,201469,0,geod_dist_to_target,26,7.704288308539428
33764.44,ROW-mean-ED,1703,4806,201469,0,geod_dist_to_target,28,7.704288308539428
33764.44,ROW-mean-ED,1703,5397,201469,0,geod_dist_to_target,30,8.275038014853878
33764.44,ROW-mean-ED,1703,4175,201469,0,geod_dist_to_target,32,9.355139976160926
33764.44,ROW-mean-ED,1703,4175,201469,0,geod_dist_to_target,34,9.355139976160926
33764.44,ROW-mean-ED,1703,4175,201469,0,geod_dist_to_target,36,9.355139976160926
33764.44,ROW-mean-ED,1703,4175,201469,0,geod_dist_to_target,38,9.355139976160926
33764.44,ROW-mean-ED,1703,4175,201469,0,geod_dist_to_target,40,9.355139976160926
33764.44,ROW-mean-ED,1703,4175,201469,0,geod_dist_to_target,42,9.355139976160926
33764.44,ROW-mean-ED,1703,5397,201469,0,geod_dist_to_target,44,8.275038014853878
33764.44,ROW-mean-ED,1703,5397,201469,0,geod_dist_to_target,46,8.275038014853878
33764.44,ROW-mean-ED,1703,5397,201469,0,geod_dist_to_target,48,8.275038014853878
33764.44,ROW-mean-ED,1703,5397,201469,0,geod_dist_to_target,50,8.275038014853878
33764.44,ROW-mean-ED,1703,4806,201469,0,geod_dist_to_target,55,7.704288308539428
33764.44,ROW-mean-ED,1703,1914,201469,0,geod_dist_to_target,60,0.49993832217698103
33764.44,ROW-mean-ED,1703,4378,201469,0,geod_dist_to_target,65,0.9962662417445457
33764.44,ROW-mean-ED,1703,1914,201469,0,geod_dist_to_target,70,0.49993832217698103
33764.44,ROW-mean-ED,1703,1914,201469,0,geod_dist_to_target,75,0.49993832217698103
33764.44,ROW-mean-ED,1703,4201,201469,0,geod_dist_to_target,80,0.22467978116970785
33764.44,ROW-mean-ED,1703,4201,201469,0,geod_dist_to_target,85,0.22467978116970785
33764.44,ROW-mean-ED,1703,4201,201469,0,geod_dist_to_target,90,0.22467978116970785
33764.44,ROW-mean-ED,1703,4201,201469,0,geod_dist_to_target,95,0.22467978116970785
33764.44,ROW-mean-ED,1703,4201,201469,0,geod_dist_to_target,100,0.22467978116970785
33764.44,ROW-mean-ED,1703,1383,94177,0,geod_dist_to_target,5,10.097408616017342
33764.44,ROW-mean-ED,1703,4762,94177,0,geod_dist_to_target,6,4.166951835934584
33764.44,ROW-mean-ED,1703,4762,94177,0,geod_dist_to_target,7,4.166951835934584
33764.44,ROW-mean-ED,1703,2476,94177,0,geod_dist_to_target,8,11.13394554147836
33764.44,ROW-mean-ED,1703,12363,94177,0,geod_dist_to_target,9,10.321745181667433
33764.44,ROW-mean-ED,1703,12363,94177,0,geod_dist_to_target,10,10.321745181667433
33764.44,ROW-mean-ED,1703,12363,94177,0,geod_dist_to_target,11,10.321745181667433
33764.44,ROW-mean-ED,1703,12363,94177,0,geod_dist_to_target,12,10.321745181667433
33764.44,ROW-mean-ED,1703,1703,94177,0,geod_dist_to_target,13,0.0
33764.44,ROW-mean-ED,1703,1703,94177,0,geod_dist_to_target,14,0.0
33764.44,ROW-mean-ED,1703,11866,94177,0,geod_dist_to_target,15,4.813973620049435
33764.44,ROW-mean-ED,1703,11866,94177,0,geod_dist_to_target,16,4.813973620049435
33764.44,ROW-mean-ED,1703,11866,94177,0,geod_dist_to_target,17,4.813973620049435
33764.44,ROW-mean-ED,1703,11866,94177,0,geod_dist_to_target,18,4.813973620049435
33764.44,ROW-mean-ED,1703,889,94177,0,geod_dist_to_target,19,3.786314464860174
33764.44,ROW-mean-ED,1703,6318,94177,0,geod_dist_to_target,20,4.4659894977988
33764.44,ROW-mean-ED,1703,1703,94177,0,geod_dist_to_target,22,0.0
33764.44,ROW-mean-ED,1703,4377,94177,0,geod_dist_to_target,24,0.46831042591843214
33764.44,ROW-mean-ED,1703,4377,94177,0,geod_dist_to_target,26,0.46831042591843214
33764.44,ROW-mean-ED,1703,4377,94177,0,geod_dist_to_target,28,0.46831042591843214
33764.44,ROW-mean-ED,1703,4201,94177,0,geod_dist_to_target,30,0.22467978116970785
33764.44,ROW-mean-ED,1703,4201,94177,0,geod_dist_to_target,32,0.22467978116970785
33764.44,ROW-mean-ED,1703,4201,94177,0,geod_dist_to_target,34,0.22467978116970785
33764.44,ROW-mean-ED,1703,4201,94177,0,geod_dist_to_target,36,0.22467978116970785
33764.44,ROW-mean-ED,1703,1703,94177,0,geod_dist_to_target,38,0.0
33764.44,ROW-mean-ED,1703,1703,94177,0,geod_dist_to_target,40,0.0
33764.44,ROW-mean-ED,1703,5397,94177,0,geod_dist_to_target,42,8.275038014853878
33764.44,ROW-mean-ED,1703,5397,94177,0,geod_dist_to_target,44,8.275038014853878
33764.44,ROW-mean-ED,1703,4201,94177,0,geod_dist_to_target,46,0.22467978116970785
33764.44,ROW-mean-ED,1703,4201,94177,0,geod_dist_to_target,48,0.22467978116970785
33764.44,ROW-mean-ED,1703,4201,94177,0,geod_dist_to_target,50,0.22467978116970785
33764.44,ROW-mean-ED,1703,4201,94177,0,geod_dist_to_target,55,0.22467978116970785
33764.44,ROW-mean-ED,1703,1703,94177,0,geod_dist_to_target,60,0.0
33764.44,ROW-mean-ED,1703,1703,94177,0,geod_dist_to_target,65,0.0
33764.44,ROW-mean-ED,1703,4201,94177,0,geod_dist_to_target,70,0.22467978116970785
33764.44,ROW-mean-ED,1703,4201,94177,0,geod_dist_to_target,75,0.22467978116970785
33764.44,ROW-mean-ED,1703,4201,94177,0,geod_dist_to_target,80,0.22467978116970785
33764.44,ROW-mean-ED,1703,4201,94177,0,geod_dist_to_target,85,0.22467978116970785
33764.44,ROW-mean-ED,1703,4201,94177,0,geod_dist_to_target,90,0.22467978116970785
33764.44,ROW-mean-ED,1703,4201,94177,0,geod_dist_to_target,95,0.22467978116970785
33764.44,ROW-mean-ED,1703,4201,94177,0,geod_dist_to_target,100,0.22467978116970785
33764.44,ROW-min-ED(FPS),1703,6859,89250,0,geod_dist_to_target,5,4.437469416447119
33764.44,ROW-min-ED(FPS),1703,6859,89250,0,geod_dist_to_target,6,4.437469416447119
33764.44,ROW-min-ED(FPS),1703,1334,89250,0,geod_dist_to_target,7,10.773353554015237
33764.44,ROW-min-ED(FPS),1703,1334,89250,0,geod_dist_to_target,8,10.773353554015237
33764.44,ROW-min-ED(FPS),1703,5100,89250,0,geod_dist_to_target,9,14.130763302589619
33764.44,ROW-min-ED(FPS),1703,5100,89250,0,geod_dist_to_target,10,14.130763302589619
33764.44,ROW-min-ED(FPS),1703,292,89250,0,geod_dist_to_target,11,9.157382214156252
33764.44,ROW-min-ED(FPS),1703,292,89250,0,geod_dist_to_target,12,9.157382214156252
33764.44,ROW-min-ED(FPS),1703,292,89250,0,geod_dist_to_target,13,9.157382214156252
33764.44,ROW-min-ED(FPS),1703,292,89250,0,geod_dist_to_target,14,9.157382214156252
33764.44,ROW-min-ED(FPS),1703,292,89250,0,geod_dist_to_target,15,9.157382214156252
33764.44,ROW-min-ED(FPS),1703,292,89250,0,geod_dist_to_target,16,9.157382214156252
33764.44,ROW-min-ED(FPS),1703,11782,89250,0,geod_dist_to_target,17,11.767172090990712
33764.44,ROW-min-ED(FPS),1703,11782,89250,0,geod_dist_to_target,18,11.767172090990712
33764.44,ROW-min-ED(FPS),1703,11782,89250,0,geod_dist_to_target,19,11.767172090990712
33764.44,ROW-min-ED(FPS),1703,4200,89250,0,geod_dist_to_target,20,0.49102418320330976
33764.44,ROW-min-ED(FPS),1703,11782,89250,0,geod_dist_to_target,22,11.767172090990712
33764.44,ROW-min-ED(FPS),1703,11782,89250,0,geod_dist_to_target,24,11.767172090990712
33764.44,ROW-min-ED(FPS),1703,7548,89250,0,geod_dist_to_target,26,1.3661127631445547
33764.44,ROW-min-ED(FPS),1703,4211,89250,0,geod_dist_to_target,28,0.5322247347903476
33764.44,ROW-min-ED(FPS),1703,4211,89250,0,geod_dist_to_target,30,0.5322247347903476
33764.44,ROW-min-ED(FPS),1703,4212,89250,0,geod_dist_to_target,32,1.4134501853295454
33764.44,ROW-min-ED(FPS),1703,9328,89250,0,geod_dist_to_target,34,2.2596473411975073
33764.44,ROW-min-ED(FPS),1703,9328,89250,0,geod_dist_to_target,36,2.2596473411975073
33764.44,ROW-min-ED(FPS),1703,7548,89250,0,geod_dist_to_target,38,1.3661127631445547
33764.44,ROW-min-ED(FPS),1703,7548,89250,0,geod_dist_to_target,40,1.3661127631445547
33764.44,ROW-min-ED(FPS),1703,7548,89250,0,geod_dist_to_target,42,1.3661127631445547
33764.44,ROW-min-ED(FPS),1703,7548,89250,0,geod_dist_to_target,44,1.3661127631445547
33764.44,ROW-min-ED(FPS),1703,9328,89250,0,geod_dist_to_target,46,2.2596473411975073
33764.44,ROW-min-ED(FPS),1703,9328,89250,0,geod_dist_to_target,48,2.2596473411975073
33764.44,ROW-min-ED(FPS),1703,9328,89250,0,geod_dist_to_target,50,2.2596473411975073
33764.44,ROW-min-ED(FPS),1703,10997,89250,0,geod_dist_to_target,55,3.116570747415171
33764.44,ROW-min-ED(FPS),1703,9328,89250,0,geod_dist_to_target,60,2.2596473411975073
33764.44,ROW-min-ED(FPS),1703,10997,89250,0,geod_dist_to_target,65,3.116570747415171
33764.44,ROW-min-ED(FPS),1703,328,89250,0,geod_dist_to_target,70,4.232228516064516
33764.44,ROW-min-ED(FPS),1703,10997,89250,0,geod_dist_to_target,75,3.116570747415171
33764.44,ROW-min-ED(FPS),1703,9328,89250,0,geod_dist_to_target,80,2.2596473411975073
33764.44,ROW-min-ED(FPS),1703,4211,89250,0,geod_dist_to_target,85,0.5322247347903476
33764.44,ROW-min-ED(FPS),1703,1703,89250,0,geod_dist_to_target,90,0.0
33764.44,ROW-min-ED(FPS),1703,4211,89250,0,geod_dist_to_target,95,0.5322247347903476
33764.44,ROW-min-ED(FPS),1703,4211,89250,0,geod_dist_to_target,100,0.5322247347903476
33764.44,ROW-min-ED(FPS),1703,4838,773956,0,geod_dist_to_target,5,11.16440592217612
33764.44,ROW-min-ED(FPS),1703,4838,773956,0,geod_dist_to_target,6,11.16440592217612
33764.44,ROW-min-ED(FPS),1703,1005,773956,0,geod_dist_to_target,7,0.884314496638899
33764.44,ROW-min-ED(FPS),1703,1005,773956,0,geod_dist_to_target,8,0.884314496638899
33764.44,ROW-min-ED(FPS),1703,1005,773956,0,geod_dist_to_target,9,0.884314496638899
33764.44,ROW-min-ED(FPS),1703,1005,773956,0,geod_dist_to_target,10,0.884314496638899
33764.44,ROW-min-ED(FPS),1703,1703,773956,0,geod_dist_to_target,11,0.0
33764.44,ROW-min-ED(FPS),1703,1703,773956,0,geod_dist_to_target,12,0.0
33764.44,ROW-min-ED(FPS),1703,1703,773956,0,geod_dist_to_target,13,0.0
33764.44,ROW-min-ED(FPS),1703,4201,773956,0,geod_dist_to_target,14,0.22467978116970785
33764.44,ROW-min-ED(FPS),1703,4201,773956,0,geod_dist_to_target,15,0.22467978116970785
33764.44,ROW-min-ED(FPS),1703,4201,773956,0,geod_dist_to_target,16,0.22467978116970785
33764.44,ROW-min-ED(FPS),1703,6318,773956,0,geod_dist_to_target,17,4.4659894977988
33764.44,ROW-min-ED(FPS),1703,2071,773956,0,geod_dist_to_target,18,1.0152557721994404
33764.44,ROW-min-ED(FPS),1703,4725,773956,0,geod_dist_to_target,19,2.767412195609948
33764.44,ROW-min-ED(FPS),1703,4222,773956,0,geod_dist_to_target,20,1.861108835383731
33764.44,ROW-min-ED(FPS),1703,4222,773956,0,geod_dist_to_target,22,1.861108835383731
33764.44,ROW-min-ED(FPS),1703,4725,773956,0,geod_dist_to_target,24,2.767412195609948
33764.44,ROW-min-ED(FPS),1703,4222,773956,0,geod_dist_to_target,26,1.861108835383731
33764.44,ROW-min-ED(FPS),1703,7548,773956,0,geod_dist_to_target,28,1.3661127631445547
33764.44,ROW-min-ED(FPS),1703,2071,773956,0,geod_dist_to_target,30,1.0152557721994404
33764.44,ROW-min-ED(FPS),1703,4202,773956,0,geod_dist_to_target,32,0.24838691691917922
33764.44,ROW-min-ED(FPS),1703,4202,773956,0,geod_dist_to_target,34,0.24838691691917922
33764.44,ROW-min-ED(FPS),1703,1703,773956,0,geod_dist_to_target,36,0.0
33764.44,ROW-min-ED(FPS),1703,348,773956,0,geod_dist_to_target,38,0.5119390166909262
33764.44,ROW-min-ED(FPS),1703,4377,773956,0,geod_dist_to_target,40,0.46831042591843214
33764.44,ROW-min-ED(FPS),1703,4377,773956,0,geod_dist_to_target,42,0.46831042591843214
33764.44,ROW-min-ED(FPS),1703,4377,773956,0,geod_dist_to_target,44,0.46831042591843214
33764.44,ROW-min-ED(FPS),1703,4377,773956,0,geod_dist_to_target,46,0.46831042591843214
33764.44,ROW-min-ED(FPS),1703,4377,773956,0,geod_dist_to_target,48,0.46831042591843214
33764.44,ROW-min-ED(FPS),1703,4377,773956,0,geod_dist_to_target,50,0.46831042591843214
33764.44,ROW-min-ED(FPS),1703,4377,773956,0,geod_dist_to_target,55,0.46831042591843214
33764.44,ROW-min-ED(FPS),1703,348,773956,0,geod_dist_to_target,60,0.5119390166909262
33764.44,ROW-min-ED(FPS),1703,2097,773956,0,geod_dist_to_target,65,1.2191724290331893
33764.44,ROW-min-ED(FPS),1703,2097,773956,0,geod_dist_to_target,70,1.2191724290331893
33764.44,ROW-min-ED(FPS),1703,348,773956,0,geod_dist_to_target,75,0.5119390166909262
33764.44,ROW-min-ED(FPS),1703,348,773956,0,geod_dist_to_target,80,0.5119390166909262
33764.44,ROW-min-ED(FPS),1703,348,773956,0,geod_dist_to_target,85,0.5119390166909262
33764.44,ROW-min-ED(FPS),1703,348,773956,0,geod_dist_to_target,90,0.5119390166909262
33764.44,ROW-min-ED(FPS),1703,348,773956,0,geod_dist_to_target,95,0.5119390166909262
33764.44,ROW-min-ED(FPS),1703,348,773956,0,geod_dist_to_target,100,0.5119390166909262
33764.44,ROW-min-ED(FPS),1703,5366,654571,0,geod_dist_to_target,5,17.272497450436678
33764.44,ROW-min-ED(FPS),1703,3193,654571,0,geod_dist_to_target,6,24.709649698974147
33764.44,ROW-min-ED(FPS),1703,3193,654571,0,geod_dist_to_target,7,24.709649698974147
33764.44,ROW-min-ED(FPS),1703,7629,654571,0,geod_dist_to_target,8,6.483869696511995
33764.44,ROW-min-ED(FPS),1703,7629,654571,0,geod_dist_to_target,9,6.483869696511995
33764.44,ROW-min-ED(FPS),1703,7629,654571,0,geod_dist_to_target,10,6.483869696511995
33764.44,ROW-min-ED(FPS),1703,4437,654571,0,geod_dist_to_target,11,6.768066604930257
33764.44,ROW-min-ED(FPS),1703,4437,654571,0,geod_dist_to_target,12,6.768066604930257
33764.44,ROW-min-ED(FPS),1703,4437,654571,0,geod_dist_to_target,13,6.768066604930257
33764.44,ROW-min-ED(FPS),1703,11731,654571,0,geod_dist_to_target,14,23.337197698018684
33764.44,ROW-min-ED(FPS),1703,4211,654571,0,geod_dist_to_target,15,0.5322247347903476
33764.44,ROW-min-ED(FPS),1703,4211,654571,0,geod_dist_to_target,16,0.5322247347903476
33764.44,ROW-min-ED(FPS),1703,2685,654571,0,geod_dist_to_target,17,0.6035267716223693
33764.44,ROW-min-ED(FPS),1703,4211,654571,0,geod_dist_to_target,18,0.5322247347903476
33764.44,ROW-min-ED(FPS),1703,4211,654571,0,geod_dist_to_target,19,0.5322247347903476
33764.44,ROW-min-ED(FPS),1703,4211,654571,0,geod_dist_to_target,20,0.5322247347903476
33764.44,ROW-min-ED(FPS),1703,1703,654571,0,geod_dist_to_target,22,0.0
33764.44,ROW-min-ED(FPS),1703,4211,654571,0,geod_dist_to_target,24,0.5322247347903476
33764.44,ROW-min-ED(FPS),1703,4211,654571,0,geod_dist_to_target,26,0.5322247347903476
33764.44,ROW-min-ED(FPS),1703,2071,654571,0,geod_dist_to_target,28,1.0152557721994404
33764.44,ROW-min-ED(FPS),1703,2071,654571,0,geod_dist_to_target,30,1.0152557721994404
33764.44,ROW-min-ED(FPS),1703,2071,654571,0,geod_dist_to_target,32,1.0152557721994404
33764.44,ROW-min-ED(FPS),1703,2071,654571,0,geod_dist_to_target,34,1.0152557721994404
33764.44,ROW-min-ED(FPS),1703,2071,654571,0,geod_dist_to_target,36,1.0152557721994404
33764.44,ROW-min-ED(FPS),1703,4202,654571,0,geod_dist_to_target,38,0.24838691691917922
33764.44,ROW-min-ED(FPS),1703,2071,654571,0,geod_dist_to_target,40,1.0152557721994404
33764.44,ROW-min-ED(FPS),1703,4202,654571,0,geod_dist_to_target,42,0.24838691691917922
33764.44,ROW-min-ED(FPS),1703,4202,654571,0,geod_dist_to_target,44,0.24838691691917922
33764.44,ROW-min-ED(FPS),1703,4202,654571,0,geod_dist_to_target,46,0.24838691691917922
33764.44,ROW-min-ED(FPS),1703,4202,654571,0,geod_dist_to_target,48,0.24838691691917922
33764.44,ROW-min-ED(FPS),1703,4202,654571,0,geod_dist_to_target,50,0.24838691691917922
33764.44,ROW-min-ED(FPS),1703,4202,654571,0,geod_dist_to_target,55,0.24838691691917922
33764.44,ROW-min-ED(FPS),1703,4202,654571,0,geod_dist_to_target,60,0.24838691691917922
33764.44,ROW-min-ED(FPS),1703,2071,654571,0,geod_dist_to_target,65,1.0152557721994404
33764.44,ROW-min-ED(FPS),1703,2071,654571,0,geod_dist_to_target,70,1.0152557721994404
33764.44,ROW-min-ED(FPS),1703,2071,654571,0,geod_dist_to_target,75,1.0152557721994404
33764.44,ROW-min-ED(FPS),1703,4222,654571,0,geod_dist_to_target,80,1.861108835383731
33764.44,ROW-min-ED(FPS),1703,4222,654571,0,geod_dist_to_target,85,1.861108835383731
33764.44,ROW-min-ED(FPS),1703,10951,654571,0,geod_dist_to_target,90,1.1033157119550998
33764.44,ROW-min-ED(FPS),1703,10951,654571,0,geod_dist_to_target,95,1.1033157119550998
33764.44,ROW-min-ED(FPS),1703,10951,654571,0,geod_dist_to_target,100,1.1033157119550998
33764.44,ROW-min-ED(FPS),1703,2071,438878,0,geod_dist_to_target,5,1.0152557721994404
33764.44,ROW-min-ED(FPS),1703,2071,438878,0,geod_dist_to_target,6,1.0152557721994404
33764.44,ROW-min-ED(FPS),1703,6340,438878,0,geod_dist_to_target,7,0.24956215135320794
33764.44,ROW-min-ED(FPS),1703,3017,438878,0,geod_dist_to_target,8,15.399056206155848
33764.44,ROW-min-ED(FPS),1703,3017,438878,0,geod_dist_to_target,9,15.399056206155848
33764.44,ROW-min-ED(FPS),1703,3017,438878,0,geod_dist_to_target,10,15.399056206155848
33764.44,ROW-min-ED(FPS),1703,10406,438878,0,geod_dist_to_target,11,14.047004664366236
33764.44,ROW-min-ED(FPS),1703,4175,438878,0,geod_dist_to_target,12,9.355139976160926
33764.44,ROW-min-ED(FPS),1703,4175,438878,0,geod_dist_to_target,13,9.355139976160926
33764.44,ROW-min-ED(FPS),1703,292,438878,0,geod_dist_to_target,14,9.157382214156252
33764.44,ROW-min-ED(FPS),1703,292,438878,0,geod_dist_to_target,15,9.157382214156252
33764.44,ROW-min-ED(FPS),1703,292,438878,0,geod_dist_to_target,16,9.157382214156252
33764.44,ROW-min-ED(FPS),1703,373,438878,0,geod_dist_to_target,17,17.03194659183418
33764.44,ROW-min-ED(FPS),1703,373,438878,0,geod_dist_to_target,18,17.03194659183418
33764.44,ROW-min-ED(FPS),1703,373,438878,0,geod_dist_to_target,19,17.03194659183418
33764.44,ROW-min-ED(FPS),1703,373,438878,0,geod_dist_to_target,20,17.03194659183418
33764.44,ROW-min-ED(FPS),1703,373,438878,0,geod_dist_to_target,22,17.03194659183418
33764.44,ROW-min-ED(FPS),1703,373,438878,0,geod_dist_to_target,24,17.03194659183418
33764.44,ROW-min-ED(FPS),1703,4222,438878,0,geod_dist_to_target,26,1.861108835383731
33764.44,ROW-min-ED(FPS),1703,1557,438878,0,geod_dist_to_target,28,18.79092529236595
33764.44,ROW-min-ED(FPS),1703,9328,438878,0,geod_dist_to_target,30,2.2596473411975073
33764.44,ROW-min-ED(FPS),1703,9328,438878,0,geod_dist_to_target,32,2.2596473411975073
33764.44,ROW-min-ED(FPS),1703,10997,438878,0,geod_dist_to_target,34,3.116570747415171
33764.44,ROW-min-ED(FPS),1703,9328,438878,0,geod_dist_to_target,36,2.2596473411975073
33764.44,ROW-min-ED(FPS),1703,9328,438878,0,geod_dist_to_target,38,2.2596473411975073
33764.44,ROW-min-ED(FPS),1703,9328,438878,0,geod_dist_to_target,40,2.2596473411975073
33764.44,ROW-min-ED(FPS),1703,9328,438878,0,geod_dist_to_target,42,2.2596473411975073
33764.44,ROW-min-ED(FPS),1703,4725,438878,0,geod_dist_to_target,44,2.767412195609948
33764.44,ROW-min-ED(FPS),1703,4725,438878,0,geod_dist_to_target,46,2.767412195609948
33764.44,ROW-min-ED(FPS),1703,4725,438878,0,geod_dist_to_target,48,2.767412195609948
33764.44,ROW-min-ED(FPS),1703,4254,438878,0,geod_dist_to_target,50,5.374252781913622
33764.44,ROW-min-ED(FPS),1703,4725,438878,0,geod_dist_to_target,55,2.767412195609948
33764.44,ROW-min-ED(FPS),1703,9328,438878,0,geod_dist_to_target,60,2.2596473411975073
33764.44,ROW-min-ED(FPS),1703,9328,438878,0,geod_dist_to_target,65,2.2596473411975073
33764.44,ROW-min-ED(FPS),1703,4725,438878,0,geod_dist_to_target,70,2.767412195609948
33764.44,ROW-min-ED(FPS),1703,4725,438878,0,geod_dist_to_target,75,2.767412195609948
33764.44,ROW-min-ED(FPS),1703,4725,438878,0,geod_dist_to_target,80,2.767412195609948
33764.44,ROW-min-ED(FPS),1703,4222,438878,0,geod_dist_to_target,85,1.861108835383731
33764.44,ROW-min-ED(FPS),1703,4222,438878,0,geod_dist_to_target,90,1.861108835383731
33764.44,ROW-min-ED(FPS),1703,7548,438878,0,geod_dist_to_target,95,1.3661127631445547
33764.44,ROW-min-ED(FPS),1703,7548,438878,0,geod_dist_to_target,100,1.3661127631445547
33764.44,ROW-min-ED(FPS),1703,9259,433015,0,geod_dist_to_target,5,9.825286330995961
33764.44,ROW-min-ED(FPS),1703,4244,433015,0,geod_dist_to_target,6,4.718278650422605
33764.44,ROW-min-ED(FPS),1703,5362,433015,0,geod_dist_to_target,7,16.279155639351835
33764.44,ROW-min-ED(FPS),1703,10807,433015,0,geod_dist_to_target,8,4.222319666783803
33764.44,ROW-min-ED(FPS),1703,10807,433015,0,geod_dist_to_target,9,4.222319666783803
33764.44,ROW-min-ED(FPS),1703,10807,433015,0,geod_dist_to_target,10,4.222319666783803
33764.44,ROW-min-ED(FPS),1703,1005,433015,0,geod_dist_to_target,11,0.884314496638899
33764.44,ROW-min-ED(FPS),1703,4201,433015,0,geod_dist_to_target,12,0.22467978116970785
33764.44,ROW-min-ED(FPS),1703,4201,433015,0,geod_dist_to_target,13,0.22467978116970785
33764.44,ROW-min-ED(FPS),1703,1914,433015,0,geod_dist_to_target,14,0.49993832217698103
33764.44,ROW-min-ED(FPS),1703,1914,433015,0,geod_dist_to_target,15,0.49993832217698103
33764.44,ROW-min-ED(FPS),1703,1914,433015,0,geod_dist_to_target,16,0.49993832217698103
33764.44,ROW-min-ED(FPS),1703,4367,433015,0,geod_dist_to_target,17,1.6172242492586573
33764.44,ROW-min-ED(FPS),1703,4367,433015,0,geod_dist_to_target,18,1.6172242492586573
33764.44,ROW-min-ED(FPS),1703,4367,433015,0,geod_dist_to_target,19,1.6172242492586573
33764.44,ROW-min-ED(FPS),1703,4378,433015,0,geod_dist_to_target,20,0.9962662417445457
33764.44,ROW-min-ED(FPS),1703,4378,433015,0,geod_dist_to_target,22,0.9962662417445457
33764.44,ROW-min-ED(FPS),1703,1914,433015,0,geod_dist_to_target,24,0.49993832217698103
33764.44,ROW-min-ED(FPS),1703,4378,433015,0,geod_dist_to_target,26,0.9962662417445457
33764.44,ROW-min-ED(FPS),1703,4378,433015,0,geod_dist_to_target,28,0.9962662417445457
33764.44,ROW-min-ED(FPS),1703,4367,433015,0,geod_dist_to_target,30,1.6172242492586573
33764.44,ROW-min-ED(FPS),1703,1005,433015,0,geod_dist_to_target,32,0.884314496638899
33764.44,ROW-min-ED(FPS),1703,1005,433015,0,geod_dist_to_target,34,0.884314496638899
33764.44,ROW-min-ED(FPS),1703,1005,433015,0,geod_dist_to_target,36,0.884314496638899
33764.44,ROW-min-ED(FPS),1703,9891,433015,0,geod_dist_to_target,38,1.4647765231458205
33764.44,ROW-min-ED(FPS),1703,9891,433015,0,geod_dist_to_target,40,1.4647765231458205
33764.44,ROW-min-ED(FPS),1703,9891,433015,0,geod_dist_to_target,42,1.4647765231458205
33764.44,ROW-min-ED(FPS),1703,9891,433015,0,geod_dist_to_target,44,1.4647765231458205
33764.44,ROW-min-ED(FPS),1703,9891,433015,0,geod_dist_to_target,46,1.4647765231458205
33764.44,ROW-min-ED(FPS),1703,9891,433015,0,geod_dist_to_target,48,1.4647765231458205
33764.44,ROW-min-ED(FPS),1703,9891,433015,0,geod_dist_to_target,50,1.4647765231458205
33764.44,ROW-min-ED(FPS),1703,680,433015,0,geod_dist_to_target,55,1.1430329035388518
33764.44,ROW-min-ED(FPS),1703,501,433015,0,geod_dist_to_target,60,1.7639502055891951
33764.44,ROW-min-ED(FPS),1703,680,433015,0,geod_dist_to_target,65,1.1430329035388518
33764.44,ROW-min-ED(FPS),1703,680,433015,0,geod_dist_to_target,70,1.1430329035388518
33764.44,ROW-min-ED(FPS),1703,680,433015,0,geod_dist_to_target,75,1.1430329035388518
33764.44,ROW-min-ED(FPS),1703,4201,433015,0,geod_dist_to_target,80,0.22467978116970785
33764.44,ROW-min-ED(FPS),1703,4201,433015,0,geod_dist_to_target,85,0.22467978116970785
33764.44,ROW-min-ED(FPS),1703,4202,433015,0,geod_dist_to_target,90,0.24838691691917922
33764.44,ROW-min-ED(FPS),1703,4202,433015,0,geod_dist_to_target,95,0.24838691691917922
33764.44,ROW-min-ED(FPS),1703,4202,433015,0,geod_dist_to_target,100,0.24838691691917922
33764.44,ROW-min-ED(FPS),1703,2127,858597,0,geod_dist_to_target,5,0.5178958072914037
33764.44,ROW-min-ED(FPS),1703,2127,858597,0,geod_dist_to_target,6,0.5178958072914037
33764.44,ROW-min-ED(FPS),1703,4376,858597,0,geod_dist_to_target,7,0.5178705232954098
33764.44,ROW-min-ED(FPS),1703,6340,858597,0,geod_dist_to_target,8,0.24956215135320794
33764.44,ROW-min-ED(FPS),1703,6340,858597,0,geod_dist_to_target,9,0.24956215135320794
33764.44,ROW-min-ED(FPS),1703,6340,858597,0,geod_dist_to_target,10,0.24956215135320794
33764.44,ROW-min-ED(FPS),1703,1163,858597,0,geod_dist_to_target,11,5.854486948613775
33764.44,ROW-min-ED(FPS),1703,4266,858597,0,geod_dist_to_target,12,6.233827109000292
33764.44,ROW-min-ED(FPS),1703,727,858597,0,geod_dist_to_target,13,3.521738618624056
33764.44,ROW-min-ED(FPS),1703,4405,858597,0,geod_dist_to_target,14,2.9742091669193997
33764.44,ROW-min-ED(FPS),1703,4407,858597,0,geod_dist_to_target,15,2.6856883703009475
33764.44,ROW-min-ED(FPS),1703,4407,858597,0,geod_dist_to_target,16,2.6856883703009475
33764.44,ROW-min-ED(FPS),1703,4405,858597,0,geod_dist_to_target,17,2.9742091669193997
33764.44,ROW-min-ED(FPS),1703,4405,858597,0,geod_dist_to_target,18,2.9742091669193997
33764.44,ROW-min-ED(FPS),1703,4405,858597,0,geod_dist_to_target,19,2.9742091669193997
33764.44,ROW-min-ED(FPS),1703,4186,858597,0,geod_dist_to_target,20,1.9220377999461757
33764.44,ROW-min-ED(FPS),1703,4364,858597,0,geod_dist_to_target,22,1.2950533998310991
33764.44,ROW-min-ED(FPS),1703,4364,858597,0,geod_dist_to_target,24,1.2950533998310991
33764.44,ROW-min-ED(FPS),1703,183,858597,0,geod_dist_to_target,26,1.0040826129057305
33764.44,ROW-min-ED(FPS),1703,183,858597,0,geod_dist_to_target,28,1.0040826129057305
33764.44,ROW-min-ED(FPS),1703,4376,858597,0,geod_dist_to_target,30,0.5178705232954098
33764.44,ROW-min-ED(FPS),1703,183,858597,0,geod_dist_to_target,32,1.0040826129057305
33764.44,ROW-min-ED(FPS),1703,183,858597,0,geod_dist_to_target,34,1.0040826129057305
33764.44,ROW-min-ED(FPS),1703,183,858597,0,geod_dist_to_target,36,1.0040826129057305
33764.44,ROW-min-ED(FPS),1703,348,858597,0,geod_dist_to_target,38,0.5119390166909262
33764.44,ROW-min-ED(FPS),1703,2097,858597,0,geod_dist_to_target,40,1.2191724290331893
33764.44,ROW-min-ED(FPS),1703,2097,858597,0,geod_dist_to_target,42,1.2191724290331893
33764.44,ROW-min-ED(FPS),1703,2097,858597,0,geod_dist_to_target,44,1.2191724290331893
33764.44,ROW-min-ED(FPS),1703,2097,858597,0,geod_dist_to_target,46,1.2191724290331893
33764.44,ROW-min-ED(FPS),1703,348,858597,0,geod_dist_to_target,48,0.5119390166909262
33764.44,ROW-min-ED(FPS),1703,348,858597,0,geod_dist_to_target,50,0.5119390166909262
33764.44,ROW-min-ED(FPS),1703,2097,858597,0,geod_dist_to_target,55,1.2191724290331893
33764.44,ROW-min-ED(FPS),1703,4377,858597,0,geod_dist_to_target,60,0.46831042591843214
33764.44,ROW-min-ED(FPS),1703,4377,858597,0,geod_dist_to_target,65,0.46831042591843214
33764.44,ROW-min-ED(FPS),1703,4377,858597,0,geod_dist_to_target,70,0.46831042591843214
33764.44,ROW-min-ED(FPS),1703,680,858597,0,geod_dist_to_target,75,1.1430329035388518
33764.44,ROW-min-ED(FPS),1703,680,858597,0,geod_dist_to_target,80,1.1430329035388518
33764.44,ROW-min-ED(FPS),1703,680,858597,0,geod_dist_to_target,85,1.1430329035388518
33764.44,ROW-min-ED(FPS),1703,680,858597,0,geod_dist_to_target,90,1.1430329035388518
33764.44,ROW-min-ED(FPS),1703,1005,858597,0,geod_dist_to_target,95,0.884314496638899
33764.44,ROW-min-ED(FPS),1703,1005,858597,0,geod_dist_to_target,100,0.884314496638899
33764.44,ROW-min-ED(FPS),1703,727,85945,0,geod_dist_to_target,5,3.521738618624056
33764.44,ROW-min-ED(FPS),1703,2840,85945,0,geod_dist_to_target,6,4.95003260248711
33764.44,ROW-min-ED(FPS),1703,12133,85945,0,geod_dist_to_target,7,35.91034636579974
33764.44,ROW-min-ED(FPS),1703,3347,85945,0,geod_dist_to_target,8,1.4587605227024563
33764.44,ROW-min-ED(FPS),1703,3347,85945,0,geod_dist_to_target,9,1.4587605227024563
33764.44,ROW-min-ED(FPS),1703,3347,85945,0,geod_dist_to_target,10,1.4587605227024563
33764.44,ROW-min-ED(FPS),1703,2481,85945,0,geod_dist_to_target,11,14.478554833898341
33764.44,ROW-min-ED(FPS),1703,2481,85945,0,geod_dist_to_target,12,14.478554833898341
33764.44,ROW-min-ED(FPS),1703,2481,85945,0,geod_dist_to_target,13,14.478554833898341
33764.44,ROW-min-ED(FPS),1703,2481,85945,0,geod_dist_to_target,14,14.478554833898341
33764.44,ROW-min-ED(FPS),1703,12465,85945,0,geod_dist_to_target,15,6.794389242800379
33764.44,ROW-min-ED(FPS),1703,12465,85945,0,geod_dist_to_target,16,6.794389242800379
33764.44,ROW-min-ED(FPS),1703,12465,85945,0,geod_dist_to_target,17,6.794389242800379
33764.44,ROW-min-ED(FPS),1703,12465,85945,0,geod_dist_to_target,18,6.794389242800379
33764.44,ROW-min-ED(FPS),1703,12465,85945,0,geod_dist_to_target,19,6.794389242800379
33764.44,ROW-min-ED(FPS),1703,4806,85945,0,geod_dist_to_target,20,7.704288308539428
33764.44,ROW-min-ED(FPS),1703,10888,85945,0,geod_dist_to_target,22,11.67701926850379
33764.44,ROW-min-ED(FPS),1703,5397,85945,0,geod_dist_to_target,24,8.275038014853878
33764.44,ROW-min-ED(FPS),1703,11115,85945,0,geod_dist_to_target,26,7.45643047545125
33764.44,ROW-min-ED(FPS),1703,11115,85945,0,geod_dist_to_target,28,7.45643047545125
33764.44,ROW-min-ED(FPS),1703,1703,85945,0,geod_dist_to_target,30,0.0
33764.44,ROW-min-ED(FPS),1703,1703,85945,0,geod_dist_to_target,32,0.0
33764.44,ROW-min-ED(FPS),1703,1703,85945,0,geod_dist_to_target,34,0.0
33764.44,ROW-min-ED(FPS),1703,4202,85945,0,geod_dist_to_target,36,0.24838691691917922
33764.44,ROW-min-ED(FPS),1703,1703,85945,0,geod_dist_to_target,38,0.0
33764.44,ROW-min-ED(FPS),1703,4201,85945,0,geod_dist_to_target,40,0.22467978116970785
33764.44,ROW-min-ED(FPS),1703,4201,85945,0,geod_dist_to_target,42,0.22467978116970785
33764.44,ROW-min-ED(FPS),1703,1703,85945,0,geod_dist_to_target,44,0.0
33764.44,ROW-min-ED(FPS),1703,1703,85945,0,geod_dist_to_target,46,0.0
33764.44,ROW-min-ED(FPS),1703,1703,85945,0,geod_dist_to_target,48,0.0
33764.44,ROW-min-ED(FPS),1703,1703,85945,0,geod_dist_to_target,50,0.0
33764.44,ROW-min-ED(FPS),1703,1703,85945,0,geod_dist_to_target,55,0.0
33764.44,ROW-min-ED(FPS),1703,1703,85945,0,geod_dist_to_target,60,0.0
33764.44,ROW-min-ED(FPS),1703,4202,85945,0,geod_dist_to_target,65,0.24838691691917922
33764.44,ROW-min-ED(FPS),1703,1703,85945,0,geod_dist_to_target,70,0.0
33764.44,ROW-min-ED(FPS),1703,1703,85945,0,geod_dist_to_target,75,0.0
33764.44,ROW-min-ED(FPS),1703,1703,85945,0,geod_dist_to_target,80,0.0
33764.44,ROW-min-ED(FPS),1703,4202,85945,0,geod_dist_to_target,85,0.24838691691917922
33764.44,ROW-min-ED(FPS),1703,7548,85945,0,geod_dist_to_target,90,1.3661127631445547
33764.44,ROW-min-ED(FPS),1703,7548,85945,0,geod_dist_to_target,95,1.3661127631445547
33764.44,ROW-min-ED(FPS),1703,2071,85945,0,geod_dist_to_target,100,1.0152557721994404
33764.44,ROW-min-ED(FPS),1703,1170,697368,0,geod_dist_to_target,5,2.135012113105558
33764.44,ROW-min-ED(FPS),1703,4843,697368,0,geod_dist_to_target,6,12.539336361325851
33764.44,ROW-min-ED(FPS),1703,4378,697368,0,geod_dist_to_target,7,0.9962662417445457
33764.44,ROW-min-ED(FPS),1703,1914,697368,0,geod_dist_to_target,8,0.49993832217698103
33764.44,ROW-min-ED(FPS),1703,6358,697368,0,geod_dist_to_target,9,12.800354093076685
33764.44,ROW-min-ED(FPS),1703,6358,697368,0,geod_dist_to_target,10,12.800354093076685
33764.44,ROW-min-ED(FPS),1703,12238,697368,0,geod_dist_to_target,11,12.372930097251462
33764.44,ROW-min-ED(FPS),1703,12238,697368,0,geod_dist_to_target,12,12.372930097251462
33764.44,ROW-min-ED(FPS),1703,12238,697368,0,geod_dist_to_target,13,12.372930097251462
33764.44,ROW-min-ED(FPS),1703,11782,697368,0,geod_dist_to_target,14,11.767172090990712
33764.44,ROW-min-ED(FPS),1703,2127,697368,0,geod_dist_to_target,15,0.5178958072914037
33764.44,ROW-min-ED(FPS),1703,2127,697368,0,geod_dist_to_target,16,0.5178958072914037
33764.44,ROW-min-ED(FPS),1703,4214,697368,0,geod_dist_to_target,17,1.4693953054773505
33764.44,ROW-min-ED(FPS),1703,4200,697368,0,geod_dist_to_target,18,0.49102418320330976
33764.44,ROW-min-ED(FPS),1703,4200,697368,0,geod_dist_to_target,19,0.49102418320330976
33764.44,ROW-min-ED(FPS),1703,4200,697368,0,geod_dist_to_target,20,0.49102418320330976
33764.44,ROW-min-ED(FPS),1703,2071,697368,0,geod_dist_to_target,22,1.0152557721994404
33764.44,ROW-min-ED(FPS),1703,2071,697368,0,geod_dist_to_target,24,1.0152557721994404
33764.44,ROW-min-ED(FPS),1703,4222,697368,0,geod_dist_to_target,26,1.861108835383731
33764.44,ROW-min-ED(FPS),1703,7548,697368,0,geod_dist_to_target,28,1.3661127631445547
33764.44,ROW-min-ED(FPS),1703,2071,697368,0,geod_dist_to_target,30,1.0152557721994404
33764.44,ROW-min-ED(FPS),1703,4222,697368,0,geod_dist_to_target,32,1.861108835383731
33764.44,ROW-min-ED(FPS),1703,4222,697368,0,geod_dist_to_target,34,1.861108835383731
33764.44,ROW-min-ED(FPS),1703,4222,697368,0,geod_dist_to_target,36,1.861108835383731
33764.44,ROW-min-ED(FPS),1703,2071,697368,0,geod_dist_to_target,38,1.0152557721994404
33764.44,ROW-min-ED(FPS),1703,2071,697368,0,geod_dist_to_target,40,1.0152557721994404
33764.44,ROW-min-ED(FPS),1703,2071,697368,0,geod_dist_to_target,42,1.0152557721994404
33764.44,ROW-min-ED(FPS),1703,2071,697368,0,geod_dist_to_target,44,1.0152557721994404
33764.44,ROW-min-ED(FPS),1703,2071,697368,0,geod_dist_to_target,46,1.0152557721994404
33764.44,ROW-min-ED(FPS),1703,2071,697368,0,geod_dist_to_target,48,1.0152557721994404
33764.44,ROW-min-ED(FPS),1703,2071,697368,0,geod_dist_to_target,50,1.0152557721994404
33764.44,ROW-min-ED(FPS),1703,7548,697368,0,geod_dist_to_target,55,1.3661127631445547
33764.44,ROW-min-ED(FPS),1703,7548,697368,0,geod_dist_to_target,60,1.3661127631445547
33764.44,ROW-min-ED(FPS),1703,4211,697368,0,geod_dist_to_target,65,0.5322247347903476
33764.44,ROW-min-ED(FPS),1703,4211,697368,0,geod_dist_to_target,70,0.5322247347903476
33764.44,ROW-min-ED(FPS),1703,7548,697368,0,geod_dist_to_target,75,1.3661127631445547
33764.44,ROW-min-ED(FPS),1703,4211,697368,0,geod_dist_to_target,80,0.5322247347903476
33764.44,ROW-min-ED(FPS),1703,4211,697368,0,geod_dist_to_target,85,0.5322247347903476
33764.44,ROW-min-ED(FPS),1703,4211,697368,0,geod_dist_to_target,90,0.5322247347903476
33764.44,ROW-min-ED(FPS),1703,7548,697368,0,geod_dist_to_target,95,1.3661127631445547
33764.44,ROW-min-ED(FPS),1703,7548,697368,0,geod_dist_to_target,100,1.3661127631445547
33764.44,ROW-min-ED(FPS),1703,6859,201469,0,geod_dist_to_target,5,4.437469416447119
33764.44,ROW-min-ED(FPS),1703,1695,201469,0,geod_dist_to_target,6,11.714818701654579
33764.44,ROW-min-ED(FPS),1703,348,201469,0,geod_dist_to_target,7,0.5119390166909262
33764.44,ROW-min-ED(FPS),1703,1005,201469,0,geod_dist_to_target,8,0.884314496638899
33764.44,ROW-min-ED(FPS),1703,4201,201469,0,geod_dist_to_target,9,0.22467978116970785
33764.44,ROW-min-ED(FPS),1703,2071,201469,0,geod_dist_to_target,10,1.0152557721994404
33764.44,ROW-min-ED(FPS),1703,4392,201469,0,geod_dist_to_target,11,0.5692511051044088
33764.44,ROW-min-ED(FPS),1703,4392,201469,0,geod_dist_to_target,12,0.5692511051044088
33764.44,ROW-min-ED(FPS),1703,4392,201469,0,geod_dist_to_target,13,0.5692511051044088
33764.44,ROW-min-ED(FPS),1703,6340,201469,0,geod_dist_to_target,14,0.24956215135320794
33764.44,ROW-min-ED(FPS),1703,6340,201469,0,geod_dist_to_target,15,0.24956215135320794
33764.44,ROW-min-ED(FPS),1703,6340,201469,0,geod_dist_to_target,16,0.24956215135320794
33764.44,ROW-min-ED(FPS),1703,348,201469,0,geod_dist_to_target,17,0.5119390166909262
33764.44,ROW-min-ED(FPS),1703,183,201469,0,geod_dist_to_target,18,1.0040826129057305
33764.44,ROW-min-ED(FPS),1703,183,201469,0,geod_dist_to_target,19,1.0040826129057305
33764.44,ROW-min-ED(FPS),1703,348,201469,0,geod_dist_to_target,20,0.5119390166909262
33764.44,ROW-min-ED(FPS),1703,2097,201469,0,geod_dist_to_target,22,1.2191724290331893
33764.44,ROW-min-ED(FPS),1703,2097,201469,0,geod_dist_to_target,24,1.2191724290331893
33764.44,ROW-min-ED(FPS),1703,2097,201469,0,geod_dist_to_target,26,1.2191724290331893
33764.44,ROW-min-ED(FPS),1703,680,201469,0,geod_dist_to_target,28,1.1430329035388518
33764.44,ROW-min-ED(FPS),1703,680,201469,0,geod_dist_to_target,30,1.1430329035388518
33764.44,ROW-min-ED(FPS),1703,680,201469,0,geod_dist_to_target,32,1.1430329035388518
33764.44,ROW-min-ED(FPS),1703,680,201469,0,geod_dist_to_target,34,1.1430329035388518
33764.44,ROW-min-ED(FPS),1703,680,201469,0,geod_dist_to_target,36,1.1430329035388518
33764.44,ROW-min-ED(FPS),1703,680,201469,0,geod_dist_to_target,38,1.1430329035388518
33764.44,ROW-min-ED(FPS),1703,680,201469,0,geod_dist_to_target,40,1.1430329035388518
33764.44,ROW-min-ED(FPS),1703,680,201469,0,geod_dist_to_target,42,1.1430329035388518
33764.44,ROW-min-ED(FPS),1703,680,201469,0,geod_dist_to_target,44,1.1430329035388518
33764.44,ROW-min-ED(FPS),1703,680,201469,0,geod_dist_to_target,46,1.1430329035388518
33764.44,ROW-min-ED(FPS),1703,680,201469,0,geod_dist_to_target,48,1.1430329035388518
33764.44,ROW-min-ED(FPS),1703,4201,201469,0,geod_dist_to_target,50,0.22467978116970785
33764.44,ROW-min-ED(FPS),1703,1703,201469,0,geod_dist_to_target,55,0.0
33764.44,ROW-min-ED(FPS),1703,1703,201469,0,geod_dist_to_target,60,0.0
33764.44,ROW-min-ED(FPS),1703,1703,201469,0,geod_dist_to_target,65,0.0
33764.44,ROW-min-ED(FPS),1703,4377,201469,0,geod_dist_to_target,70,0.46831042591843214
33764.44,ROW-min-ED(FPS),1703,1703,201469,0,geod_dist_to_target,75,0.0
33764.44,ROW-min-ED(FPS),1703,1703,201469,0,geod_dist_to_target,80,0.0
33764.44,ROW-min-ED(FPS),1703,1703,201469,0,geod_dist_to_target,85,0.0
33764.44,ROW-min-ED(FPS),1703,1703,201469,0,geod_dist_to_target,90,0.0
33764.44,ROW-min-ED(FPS),1703,1703,201469,0,geod_dist_to_target,95,0.0
33764.44,ROW-min-ED(FPS),1703,4211,201469,0,geod_dist_to_target,100,0.5322247347903476
33764.44,ROW-min-ED(FPS),1703,183,94177,0,geod_dist_to_target,5,1.0040826129057305
33764.44,ROW-min-ED(FPS),1703,183,94177,0,geod_dist_to_target,6,1.0040826129057305
33764.44,ROW-min-ED(FPS),1703,2097,94177,0,geod_dist_to_target,7,1.2191724290331893
33764.44,ROW-min-ED(FPS),1703,2097,94177,0,geod_dist_to_target,8,1.2191724290331893
33764.44,ROW-min-ED(FPS),1703,415,94177,0,geod_dist_to_target,9,1.682511435418417
33764.44,ROW-min-ED(FPS),1703,415,94177,0,geod_dist_to_target,10,1.682511435418417
33764.44,ROW-min-ED(FPS),1703,501,94177,0,geod_dist_to_target,11,1.7639502055891951
33764.44,ROW-min-ED(FPS),1703,501,94177,0,geod_dist_to_target,12,1.7639502055891951
33764.44,ROW-min-ED(FPS),1703,2097,94177,0,geod_dist_to_target,13,1.2191724290331893
33764.44,ROW-min-ED(FPS),1703,501,94177,0,geod_dist_to_target,14,1.7639502055891951
33764.44,ROW-min-ED(FPS),1703,501,94177,0,geod_dist_to_target,15,1.7639502055891951
33764.44,ROW-min-ED(FPS),1703,501,94177,0,geod_dist_to_target,16,1.7639502055891951
33764.44,ROW-min-ED(FPS),1703,501,94177,0,geod_dist_to_target,17,1.7639502055891951
33764.44,ROW-min-ED(FPS),1703,4362,94177,0,geod_dist_to_target,18,2.0454466661615407
33764.44,ROW-min-ED(FPS),1703,4362,94177,0,geod_dist_to_target,19,2.0454466661615407
33764.44,ROW-min-ED(FPS),1703,10902,94177,0,geod_dist_to_target,20,2.2850443906887175
33764.44,ROW-min-ED(FPS),1703,1005,94177,0,geod_dist_to_target,22,0.884314496638899
33764.44,ROW-min-ED(FPS),1703,1005,94177,0,geod_dist_to_target,24,0.884314496638899
33764.44,ROW-min-ED(FPS),1703,1005,94177,0,geod_dist_to_target,26,0.884314496638899
33764.44,ROW-min-ED(FPS),1703,4378,94177,0,geod_dist_to_target,28,0.9962662417445457
33764.44,ROW-min-ED(FPS),1703,4378,94177,0,geod_dist_to_target,30,0.9962662417445457
33764.44,ROW-min-ED(FPS),1703,1914,94177,0,geod_dist_to_target,32,0.49993832217698103
33764.44,ROW-min-ED(FPS),1703,1005,94177,0,geod_dist_to_target,34,0.884314496638899
33764.44,ROW-min-ED(FPS),1703,4200,94177,0,geod_dist_to_target,36,0.49102418320330976
33764.44,ROW-min-ED(FPS),1703,10951,94177,0,geod_dist_to_target,38,1.1033157119550998
33764.44,ROW-min-ED(FPS),1703,10951,94177,0,geod_dist_to_target,40,1.1033157119550998
33764.44,ROW-min-ED(FPS),1703,10951,94177,0,geod_dist_to_target,42,1.1033157119550998
33764.44,ROW-min-ED(FPS),1703,12100,94177,0,geod_dist_to_target,44,3.7766964248272505
33764.44,ROW-min-ED(FPS),1703,6318,94177,0,geod_dist_to_target,46,4.4659894977988
33764.44,ROW-min-ED(FPS),1703,6318,94177,0,geod_dist_to_target,48,4.4659894977988
33764.44,ROW-min-ED(FPS),1703,6318,94177,0,geod_dist_to_target,50,4.4659894977988
33764.44,ROW-min-ED(FPS),1703,12100,94177,0,geod_dist_to_target,55,3.7766964248272505
33764.44,ROW-min-ED(FPS),1703,2071,94177,0,geod_dist_to_target,60,1.0152557721994404
33764.44,ROW-min-ED(FPS),1703,2071,94177,0,geod_dist_to_target,65,1.0152557721994404
33764.44,ROW-min-ED(FPS),1703,2071,94177,0,geod_dist_to_target,70,1.0152557721994404
33764.44,ROW-min-ED(FPS),1703,889,94177,0,geod_dist_to_target,75,3.786314464860174
33764.44,ROW-min-ED(FPS),1703,889,94177,0,geod_dist_to_target,80,3.786314464860174
33764.44,ROW-min-ED(FPS),1703,4222,94177,0,geod_dist_to_target,85,1.861108835383731
33764.44,ROW-min-ED(FPS),1703,2071,94177,0,geod_dist_to_target,90,1.0152557721994404
33764.44,ROW-min-ED(FPS),1703,2071,94177,0,geod_dist_to_target,95,1.0152557721994404
33764.44,ROW-min-ED(FPS),1703,2071,94177,0,geod_dist_to_target,100,1.0152557721994404
33764.44,COL-mean-ED,1703,2154,89250,0,geod_dist_to_target,5,27.157562533659462
33764.44,COL-mean-ED,1703,6594,89250,0,geod_dist_to_target,6,28.38993250231343
33764.44,COL-mean-ED,1703,3524,89250,0,geod_dist_to_target,7,15.81007772914297
33764.44,COL-mean-ED,1703,3655,89250,0,geod_dist_to_target,8,14.772500167595135
33764.44,COL-mean-ED,1703,11759,89250,0,geod_dist_to_target,9,15.531787336714428
33764.44,COL-mean-ED,1703,3525,89250,0,geod_dist_to_target,10,16.270663839843916
33764.44,COL-mean-ED,1703,3525,89250,0,geod_dist_to_target,11,16.270663839843916
33764.44,COL-mean-ED,1703,989,89250,0,geod_dist_to_target,12,22.323714906912485
33764.44,COL-mean-ED,1703,989,89250,0,geod_dist_to_target,13,22.323714906912485
33764.44,COL-mean-ED,1703,989,89250,0,geod_dist_to_target,14,22.323714906912485
33764.44,COL-mean-ED,1703,989,89250,0,geod_dist_to_target,15,22.323714906912485
33764.44,COL-mean-ED,1703,989,89250,0,geod_dist_to_target,16,22.323714906912485
33764.44,COL-mean-ED,1703,989,89250,0,geod_dist_to_target,17,22.323714906912485
33764.44,COL-mean-ED,1703,6818,89250,0,geod_dist_to_target,18,26.694406797079363
33764.44,COL-mean-ED,1703,12179,89250,0,geod_dist_to_target,19,49.764689033321226
33764.44,COL-mean-ED,1703,12179,89250,0,geod_dist_to_target,20,49.764689033321226
33764.44,COL-mean-ED,1703,12179,89250,0,geod_dist_to_target,22,49.764689033321226
33764.44,COL-mean-ED,1703,3764,89250,0,geod_dist_to_target,24,19.258519153277163
33764.44,COL-mean-ED,1703,3764,89250,0,geod_dist_to_target,26,19.258519153277163
33764.44,COL-mean-ED,1703,11476,89250,0,geod_dist_to_target,28,12.522420060101561
33764.44,COL-mean-ED,1703,2256,89250,0,geod_dist_to_target,30,51.51666404327525
33764.44,COL-mean-ED,1703,12565,89250,0,geod_dist_to_target,32,52.005784603223645
33764.44,COL-mean-ED,1703,12565,89250,0,geod_dist_to_target,34,52.005784603223645
33764.44,COL-mean-ED,1703,12565,89250,0,geod_dist_to_target,36,52.005784603223645
33764.44,COL-mean-ED,1703,2256,89250,0,geod_dist_to_target,38,51.51666404327525
33764.44,COL-mean-ED,1703,11589,89250,0,geod_dist_to_target,40,15.7294208826492
33764.44,COL-mean-ED,1703,6997,89250,0,geod_dist_to_target,42,27.21050392294461
33764.44,COL-mean-ED,1703,11589,89250,0,geod_dist_to_target,44,15.7294208826492
33764.44,COL-mean-ED,1703,11589,89250,0,geod_dist_to_target,46,15.7294208826492
33764.44,COL-mean-ED,1703,11589,89250,0,geod_dist_to_target,48,15.7294208826492
33764.44,COL-mean-ED,1703,2481,89250,0,geod_dist_to_target,50,14.478554833898341
33764.44,COL-mean-ED,1703,6613,89250,0,geod_dist_to_target,55,15.580055872789343
33764.44,COL-mean-ED,1703,2548,89250,0,geod_dist_to_target,60,10.49949851064863
33764.44,COL-mean-ED,1703,2548,89250,0,geod_dist_to_target,65,10.49949851064863
33764.44,COL-mean-ED,1703,6470,89250,0,geod_dist_to_target,70,16.514067902077716
33764.44,COL-mean-ED,1703,12460,89250,0,geod_dist_to_target,75,12.420557482215123
33764.44,COL-mean-ED,1703,12460,89250,0,geod_dist_to_target,80,12.420557482215123
33764.44,COL-mean-ED,1703,12460,89250,0,geod_dist_to_target,85,12.420557482215123
33764.44,COL-mean-ED,1703,12460,89250,0,geod_dist_to_target,90,12.420557482215123
33764.44,COL-mean-ED,1703,12460,89250,0,geod_dist_to_target,95,12.420557482215123
33764.44,COL-mean-ED,1703,7817,89250,0,geod_dist_to_target,100,9.646439299881468
33764.44,COL-mean-ED,1703,6233,773956,0,geod_dist_to_target,5,27.91726516571911
33764.44,COL-mean-ED,1703,6062,773956,0,geod_dist_to_target,6,27.56178318821372
33764.44,COL-mean-ED,1703,6062,773956,0,geod_dist_to_target,7,27.56178318821372
33764.44,COL-mean-ED,1703,6594,773956,0,geod_dist_to_target,8,28.38993250231343
33764.44,COL-mean-ED,1703,2183,773956,0,geod_dist_to_target,9,27.05410306840666
33764.44,COL-mean-ED,1703,9883,773956,0,geod_dist_to_target,10,28.995360995001544
33764.44,COL-mean-ED,1703,11200,773956,0,geod_dist_to_target,11,48.81514748491162
33764.44,COL-mean-ED,1703,10092,773956,0,geod_dist_to_target,12,6.131554119546217
33764.44,COL-mean-ED,1703,10092,773956,0,geod_dist_to_target,13,6.131554119546217
33764.44,COL-mean-ED,1703,10092,773956,0,geod_dist_to_target,14,6.131554119546217
33764.44,COL-mean-ED,1703,10092,773956,0,geod_dist_to_target,15,6.131554119546217
33764.44,COL-mean-ED,1703,10092,773956,0,geod_dist_to_target,16,6.131554119546217
33764.44,COL-mean-ED,1703,10092,773956,0,geod_dist_to_target,17,6.131554119546217
33764.44,COL-mean-ED,1703,8924,773956,0,geod_dist_to_target,18,25.25764360397886
33764.44,COL-mean-ED,1703,8924,773956,0,geod_dist_to_target,19,25.25764360397886
33764.44,COL-mean-ED,1703,8924,773956,0,geod_dist_to_target,20,25.25764360397886
33764.44,COL-mean-ED,1703,8924,773956,0,geod_dist_to_target,22,25.25764360397886
33764.44,COL-mean-ED,1703,216,773956,0,geod_dist_to_target,24,15.190654235182178
33764.44,COL-mean-ED,1703,4813,773956,0,geod_dist_to_target,26,14.465011061517899
33764.44,COL-mean-ED,1703,2435,773956,0,geod_dist_to_target,28,14.71405192278389
33764.44,COL-mean-ED,1703,216,773956,0,geod_dist_to_target,30,15.190654235182178
33764.44,COL-mean-ED,1703,10951,773956,0,geod_dist_to_target,32,1.1033157119550998
33764.44,COL-mean-ED,1703,4444,773956,0,geod_dist_to_target,34,15.483669374867446
33764.44,COL-mean-ED,1703,4444,773956,0,geod_dist_to_target,36,15.483669374867446
33764.44,COL-mean-ED,1703,4444,773956,0,geod_dist_to_target,38,15.483669374867446
33764.44,COL-mean-ED,1703,2435,773956,0,geod_dist_to_target,40,14.71405192278389
33764.44,COL-mean-ED,1703,4444,773956,0,geod_dist_to_target,42,15.483669374867446
33764.44,COL-mean-ED,1703,4444,773956,0,geod_dist_to_target,44,15.483669374867446
33764.44,COL-mean-ED,1703,4444,773956,0,geod_dist_to_target,46,15.483669374867446
33764.44,COL-mean-ED,1703,4444,773956,0,geod_dist_to_target,48,15.483669374867446
33764.44,COL-mean-ED,1703,4444,773956,0,geod_dist_to_target,50,15.483669374867446
33764.44,COL-mean-ED,1703,4444,773956,0,geod_dist_to_target,55,15.483669374867446
33764.44,COL-mean-ED,1703,8595,773956,0,geod_dist_to_target,60,16.071328341379154
33764.44,COL-mean-ED,1703,2435,773956,0,geod_dist_to_target,65,14.71405192278389
33764.44,COL-mean-ED,1703,2435,773956,0,geod_dist_to_target,70,14.71405192278389
33764.44,COL-mean-ED,1703,2481,773956,0,geod_dist_to_target,75,14.478554833898341
33764.44,COL-mean-ED,1703,2481,773956,0,geod_dist_to_target,80,14.478554833898341
33764.44,COL-mean-ED,1703,2481,773956,0,geod_dist_to_target,85,14.478554833898341
33764.44,COL-mean-ED,1703,2481,773956,0,geod_dist_to_target,90,14.478554833898341
33764.44,COL-mean-ED,1703,2481,773956,0,geod_dist_to_target,95,14.478554833898341
33764.44,COL-mean-ED,1703,2481,773956,0,geod_dist_to_target,100,14.478554833898341
33764.44,COL-mean-ED,1703,4956,654571,0,geod_dist_to_target,5,6.132070153013266
33764.44,COL-mean-ED,1703,8586,654571,0,geod_dist_to_target,6,30.782894794556636
33764.44,COL-mean-ED,1703,8586,654571,0,geod_dist_to_target,7,30.782894794556636
33764.44,COL-mean-ED,1703,12468,654571,0,geod_dist_to_target,8,9.587242080857818
33764.44,COL-mean-ED,1703,12468,654571,0,geod_dist_to_target,9,9.587242080857818
33764.44,COL-mean-ED,1703,12468,654571,0,geod_dist_to_target,10,9.587242080857818
33764.44,COL-mean-ED,1703,11987,654571,0,geod_dist_to_target,11,10.751506121589962
33764.44,COL-mean-ED,1703,6435,654571,0,geod_dist_to_target,12,29.227755814237753
33764.44,COL-mean-ED,1703,6435,654571,0,geod_dist_to_target,13,29.227755814237753
33764.44,COL-mean-ED,1703,6435,654571,0,geod_dist_to_target,14,29.227755814237753
33764.44,COL-mean-ED,1703,6435,654571,0,geod_dist_to_target,15,29.227755814237753
33764.44,COL-mean-ED,1703,6435,654571,0,geod_dist_to_target,16,29.227755814237753
33764.44,COL-mean-ED,1703,6435,654571,0,geod_dist_to_target,17,29.227755814237753
33764.44,COL-mean-ED,1703,6435,654571,0,geod_dist_to_target,18,29.227755814237753
33764.44,COL-mean-ED,1703,8756,654571,0,geod_dist_to_target,19,18.228983686329702
33764.44,COL-mean-ED,1703,5863,654571,0,geod_dist_to_target,20,24.195879450994074
33764.44,COL-mean-ED,1703,5040,654571,0,geod_dist_to_target,22,20.21869971642309
33764.44,COL-mean-ED,1703,5862,654571,0,geod_dist_to_target,24,23.521975410231178
33764.44,COL-mean-ED,1703,5548,654571,0,geod_dist_to_target,26,9.303611535614003
33764.44,COL-mean-ED,1703,5548,654571,0,geod_dist_to_target,28,9.303611535614003
33764.44,COL-mean-ED,1703,5548,654571,0,geod_dist_to_target,30,9.303611535614003
33764.44,COL-mean-ED,1703,5548,654571,0,geod_dist_to_target,32,9.303611535614003
33764.44,COL-mean-ED,1703,5548,654571,0,geod_dist_to_target,34,9.303611535614003
33764.44,COL-mean-ED,1703,5548,654571,0,geod_dist_to_target,36,9.303611535614003
33764.44,COL-mean-ED,1703,5548,654571,0,geod_dist_to_target,38,9.303611535614003
33764.44,COL-mean-ED,1703,5548,654571,0,geod_dist_to_target,40,9.303611535614003
33764.44,COL-mean-ED,1703,5548,654571,0,geod_dist_to_target,42,9.303611535614003
33764.44,COL-mean-ED,1703,5548,654571,0,geod_dist_to_target,44,9.303611535614003
33764.44,COL-mean-ED,1703,5548,654571,0,geod_dist_to_target,46,9.303611535614003
33764.44,COL-mean-ED,1703,5548,654571,0,geod_dist_to_target,48,9.303611535614003
33764.44,COL-mean-ED,1703,5548,654571,0,geod_dist_to_target,50,9.303611535614003
33764.44,COL-mean-ED,1703,3150,654571,0,geod_dist_to_target,55,9.728819942102541
33764.44,COL-mean-ED,1703,8238,654571,0,geod_dist_to_target,60,55.976974054725225
33764.44,COL-mean-ED,1703,697,654571,0,geod_dist_to_target,65,24.166781321844102
33764.44,COL-mean-ED,1703,4501,654571,0,geod_dist_to_target,70,17.464244649677866
33764.44,COL-mean-ED,1703,10434,654571,0,geod_dist_to_target,75,30.02579357869838
33764.44,COL-mean-ED,1703,9499,654571,0,geod_dist_to_target,80,6.115087849643733
33764.44,COL-mean-ED,1703,4254,654571,0,geod_dist_to_target,85,5.374252781913622
33764.44,COL-mean-ED,1703,4254,654571,0,geod_dist_to_target,90,5.374252781913622
33764.44,COL-mean-ED,1703,4254,654571,0,geod_dist_to_target,95,5.374252781913622
33764.44,COL-mean-ED,1703,9499,654571,0,geod_dist_to_target,100,6.115087849643733
33764.44,COL-mean-ED,1703,3588,438878,0,geod_dist_to_target,5,9.139357399964256
33764.44,COL-mean-ED,1703,9238,438878,0,geod_dist_to_target,6,13.14468460327859
33764.44,COL-mean-ED,1703,9238,438878,0,geod_dist_to_target,7,13.14468460327859
33764.44,COL-mean-ED,1703,9238,438878,0,geod_dist_to_target,8,13.14468460327859
33764.44,COL-mean-ED,1703,12612,438878,0,geod_dist_to_target,9,31.026904596703673
33764.44,COL-mean-ED,1703,6301,438878,0,geod_dist_to_target,10,31.995278394147345
33764.44,COL-mean-ED,1703,12315,438878,0,geod_dist_to_target,11,5.42705199446555
33764.44,COL-mean-ED,1703,12315,438878,0,geod_dist_to_target,12,5.42705199446555
33764.44,COL-mean-ED,1703,12315,438878,0,geod_dist_to_target,13,5.42705199446555
33764.44,COL-mean-ED,1703,12315,438878,0,geod_dist_to_target,14,5.42705199446555
33764.44,COL-mean-ED,1703,4782,438878,0,geod_dist_to_target,15,6.68186887121144
33764.44,COL-mean-ED,1703,4782,438878,0,geod_dist_to_target,16,6.68186887121144
33764.44,COL-mean-ED,1703,4782,438878,0,geod_dist_to_target,17,6.68186887121144
33764.44,COL-mean-ED,1703,1051,438878,0,geod_dist_to_target,18,17.699749945621864
33764.44,COL-mean-ED,1703,1051,438878,0,geod_dist_to_target,19,17.699749945621864
33764.44,COL-mean-ED,1703,1051,438878,0,geod_dist_to_target,20,17.699749945621864
33764.44,COL-mean-ED,1703,2762,438878,0,geod_dist_to_target,22,3.9391545253123574
33764.44,COL-mean-ED,1703,2762,438878,0,geod_dist_to_target,24,3.9391545253123574
33764.44,COL-mean-ED,1703,2762,438878,0,geod_dist_to_target,26,3.9391545253123574
33764.44,COL-mean-ED,1703,11753,438878,0,geod_dist_to_target,28,4.593458382968855
33764.44,COL-mean-ED,1703,11753,438878,0,geod_dist_to_target,30,4.593458382968855
33764.44,COL-mean-ED,1703,11753,438878,0,geod_dist_to_target,32,4.593458382968855
33764.44,COL-mean-ED,1703,11753,438878,0,geod_dist_to_target,34,4.593458382968855
33764.44,COL-mean-ED,1703,11753,438878,0,geod_dist_to_target,36,4.593458382968855
33764.44,COL-mean-ED,1703,2421,438878,0,geod_dist_to_target,38,4.099045177152173
33764.44,COL-mean-ED,1703,2421,438878,0,geod_dist_to_target,40,4.099045177152173
33764.44,COL-mean-ED,1703,1992,438878,0,geod_dist_to_target,42,21.837272762453534
33764.44,COL-mean-ED,1703,3744,438878,0,geod_dist_to_target,44,22.181631716835287
33764.44,COL-mean-ED,1703,265,438878,0,geod_dist_to_target,46,3.4297529431211173
33764.44,COL-mean-ED,1703,3744,438878,0,geod_dist_to_target,48,22.181631716835287
33764.44,COL-mean-ED,1703,3744,438878,0,geod_dist_to_target,50,22.181631716835287
33764.44,COL-mean-ED,1703,3744,438878,0,geod_dist_to_target,55,22.181631716835287
33764.44,COL-mean-ED,1703,2421,438878,0,geod_dist_to_target,60,4.099045177152173
33764.44,COL-mean-ED,1703,3744,438878,0,geod_dist_to_target,65,22.181631716835287
33764.44,COL-mean-ED,1703,2421,438878,0,geod_dist_to_target,70,4.099045177152173
33764.44,COL-mean-ED,1703,2421,438878,0,geod_dist_to_target,75,4.099045177152173
33764.44,COL-mean-ED,1703,2421,438878,0,geod_dist_to_target,80,4.099045177152173
33764.44,COL-mean-ED,1703,11753,438878,0,geod_dist_to_target,85,4.593458382968855
33764.44,COL-mean-ED,1703,11753,438878,0,geod_dist_to_target,90,4.593458382968855
33764.44,COL-mean-ED,1703,3229,438878,0,geod_dist_to_target,95,19.813645340707634
33764.44,COL-mean-ED,1703,3229,438878,0,geod_dist_to_target,100,19.813645340707634
33764.44,COL-mean-ED,1703,3036,433015,0,geod_dist_to_target,5,5.3620374191828155
33764.44,COL-mean-ED,1703,2586,433015,0,geod_dist_to_target,6,8.744776634045605
33764.44,COL-mean-ED,1703,7712,433015,0,geod_dist_to_target,7,32.23689760229129
33764.44,COL-mean-ED,1703,11527,433015,0,geod_dist_to_target,8,11.338461046885273
33764.44,COL-mean-ED,1703,5697,433015,0,geod_dist_to_target,9,20.293441557944472
33764.44,COL-mean-ED,1703,2497,433015,0,geod_dist_to_target,10,20.6580073829001
33764.44,COL-mean-ED,1703,10653,433015,0,geod_dist_to_target,11,24.646503575614517
33764.44,COL-mean-ED,1703,1013,433015,0,geod_dist_to_target,12,22.143324584660274
33764.44,COL-mean-ED,1703,1013,433015,0,geod_dist_to_target,13,22.143324584660274
33764.44,COL-mean-ED,1703,10653,433015,0,geod_dist_to_target,14,24.646503575614517
33764.44,COL-mean-ED,1703,10653,433015,0,geod_dist_to_target,15,24.646503575614517
33764.44,COL-mean-ED,1703,10653,433015,0,geod_dist_to_target,16,24.646503575614517
33764.44,COL-mean-ED,1703,5389,433015,0,geod_dist_to_target,17,24.221973409989264
33764.44,COL-mean-ED,1703,5389,433015,0,geod_dist_to_target,18,24.221973409989264
33764.44,COL-mean-ED,1703,5389,433015,0,geod_dist_to_target,19,24.221973409989264
33764.44,COL-mean-ED,1703,5389,433015,0,geod_dist_to_target,20,24.221973409989264
33764.44,COL-mean-ED,1703,5697,433015,0,geod_dist_to_target,22,20.293441557944472
33764.44,COL-mean-ED,1703,5697,433015,0,geod_dist_to_target,24,20.293441557944472
33764.44,COL-mean-ED,1703,5308,433015,0,geod_dist_to_target,26,23.703460228322957
33764.44,COL-mean-ED,1703,4444,433015,0,geod_dist_to_target,28,15.483669374867446
33764.44,COL-mean-ED,1703,10951,433015,0,geod_dist_to_target,30,1.1033157119550998
33764.44,COL-mean-ED,1703,2439,433015,0,geod_dist_to_target,32,2.0114983175549903
33764.44,COL-mean-ED,1703,10951,433015,0,geod_dist_to_target,34,1.1033157119550998
33764.44,COL-mean-ED,1703,4444,433015,0,geod_dist_to_target,36,15.483669374867446
33764.44,COL-mean-ED,1703,4444,433015,0,geod_dist_to_target,38,15.483669374867446
33764.44,COL-mean-ED,1703,2435,433015,0,geod_dist_to_target,40,14.71405192278389
33764.44,COL-mean-ED,1703,4246,433015,0,geod_dist_to_target,42,3.435536146937294
33764.44,COL-mean-ED,1703,4444,433015,0,geod_dist_to_target,44,15.483669374867446
33764.44,COL-mean-ED,1703,4444,433015,0,geod_dist_to_target,46,15.483669374867446
33764.44,COL-mean-ED,1703,2435,433015,0,geod_dist_to_target,48,14.71405192278389
33764.44,COL-mean-ED,1703,4444,433015,0,geod_dist_to_target,50,15.483669374867446
33764.44,COL-mean-ED,1703,2435,433015,0,geod_dist_to_target,55,14.71405192278389
33764.44,COL-mean-ED,1703,11866,433015,0,geod_dist_to_target,60,4.813973620049435
33764.44,COL-mean-ED,1703,11866,433015,0,geod_dist_to_target,65,4.813973620049435
33764.44,COL-mean-ED,1703,3804,433015,0,geod_dist_to_target,70,12.59338545688464
33764.44,COL-mean-ED,1703,1581,433015,0,geod_dist_to_target,75,6.182542356894248
33764.44,COL-mean-ED,1703,1581,433015,0,geod_dist_to_target,80,6.182542356894248
33764.44,COL-mean-ED,1703,1581,433015,0,geod_dist_to_target,85,6.182542356894248
33764.44,COL-mean-ED,1703,1581,433015,0,geod_dist_to_target,90,6.182542356894248
33764.44,COL-mean-ED,1703,11316,433015,0,geod_dist_to_target,95,16.52134116449543
33764.44,COL-mean-ED,1703,11316,433015,0,geod_dist_to_target,100,16.52134116449543
33764.44,COL-mean-ED,1703,2014,858597,0,geod_dist_to_target,5,29.019165149697894
33764.44,COL-mean-ED,1703,9883,858597,0,geod_dist_to_target,6,28.995360995001544
33764.44,COL-mean-ED,1703,11937,858597,0,geod_dist_to_target,7,28.145775350277972
33764.44,COL-mean-ED,1703,225,858597,0,geod_dist_to_target,8,33.10548761769972
33764.44,COL-mean-ED,1703,6939,858597,0,geod_dist_to_target,9,34.243480487999925
33764.44,COL-mean-ED,1703,1002,858597,0,geod_dist_to_target,10,34.02033027692775
33764.44,COL-mean-ED,1703,10826,858597,0,geod_dist_to_target,11,12.514006544143237
33764.44,COL-mean-ED,1703,9832,858597,0,geod_dist_to_target,12,54.55719474705533
33764.44,COL-mean-ED,1703,4188,858597,0,geod_dist_to_target,13,55.074051318801274
33764.44,COL-mean-ED,1703,3097,858597,0,geod_dist_to_target,14,29.260924812482642
33764.44,COL-mean-ED,1703,284,858597,0,geod_dist_to_target,15,17.284322557043378
33764.44,COL-mean-ED,1703,284,858597,0,geod_dist_to_target,16,17.284322557043378
33764.44,COL-mean-ED,1703,2211,858597,0,geod_dist_to_target,17,8.467491122057076
33764.44,COL-mean-ED,1703,3818,858597,0,geod_dist_to_target,18,10.12188784711302
33764.44,COL-mean-ED,1703,3818,858597,0,geod_dist_to_target,19,10.12188784711302
33764.44,COL-mean-ED,1703,3818,858597,0,geod_dist_to_target,20,10.12188784711302
33764.44,COL-mean-ED,1703,3818,858597,0,geod_dist_to_target,22,10.12188784711302
33764.44,COL-mean-ED,1703,3688,858597,0,geod_dist_to_target,24,10.819624202342311
33764.44,COL-mean-ED,1703,3688,858597,0,geod_dist_to_target,26,10.819624202342311
33764.44,COL-mean-ED,1703,8065,858597,0,geod_dist_to_target,28,21.7675772833454
33764.44,COL-mean-ED,1703,2806,858597,0,geod_dist_to_target,30,11.427003634133989
33764.44,COL-mean-ED,1703,5555,858597,0,geod_dist_to_target,32,14.811558717350529
33764.44,COL-mean-ED,1703,5567,858597,0,geod_dist_to_target,34,18.252488256992184
33764.44,COL-mean-ED,1703,5567,858597,0,geod_dist_to_target,36,18.252488256992184
33764.44,COL-mean-ED,1703,261,858597,0,geod_dist_to_target,38,17.60876596522963
33764.44,COL-mean-ED,1703,5559,858597,0,geod_dist_to_target,40,15.871921231296582
33764.44,COL-mean-ED,1703,12307,858597,0,geod_dist_to_target,42,17.806116469032556
33764.44,COL-mean-ED,1703,5059,858597,0,geod_dist_to_target,44,19.337676901603068
33764.44,COL-mean-ED,1703,5059,858597,0,geod_dist_to_target,46,19.337676901603068
33764.44,COL-mean-ED,1703,5059,858597,0,geod_dist_to_target,48,19.337676901603068
33764.44,COL-mean-ED,1703,5059,858597,0,geod_dist_to_target,50,19.337676901603068
33764.44,COL-mean-ED,1703,1383,858597,0,geod_dist_to_target,55,10.097408616017342
33764.44,COL-mean-ED,1703,5086,858597,0,geod_dist_to_target,60,12.270895281621344
33764.44,COL-mean-ED,1703,1383,858597,0,geod_dist_to_target,65,10.097408616017342
33764.44,COL-mean-ED,1703,5086,858597,0,geod_dist_to_target,70,12.270895281621344
33764.44,COL-mean-ED,1703,5086,858597,0,geod_dist_to_target,75,12.270895281621344
33764.44,COL-mean-ED,1703,11866,858597,0,geod_dist_to_target,80,4.813973620049435
33764.44,COL-mean-ED,1703,6931,858597,0,geod_dist_to_target,85,6.487006656998179
33764.44,COL-mean-ED,1703,11866,858597,0,geod_dist_to_target,90,4.813973620049435
33764.44,COL-mean-ED,1703,9499,858597,0,geod_dist_to_target,95,6.115087849643733
33764.44,COL-mean-ED,1703,9499,858597,0,geod_dist_to_target,100,6.115087849643733
33764.44,COL-mean-ED,1703,5723,85945,0,geod_dist_to_target,5,27.45648036038858
33764.44,COL-mean-ED,1703,2261,85945,0,geod_dist_to_target,6,27.880340345637176
33764.44,COL-mean-ED,1703,3293,85945,0,geod_dist_to_target,7,31.482770587228686
33764.44,COL-mean-ED,1703,5697,85945,0,geod_dist_to_target,8,20.293441557944472
33764.44,COL-mean-ED,1703,1919,85945,0,geod_dist_to_target,9,7.0858411705529845
33764.44,COL-mean-ED,1703,1919,85945,0,geod_dist_to_target,10,7.0858411705529845
33764.44,COL-mean-ED,1703,5581,85945,0,geod_dist_to_target,11,21.25666434661003
33764.44,COL-mean-ED,1703,5369,85945,0,geod_dist_to_target,12,18.675801311420773
33764.44,COL-mean-ED,1703,5581,85945,0,geod_dist_to_target,13,21.25666434661003
33764.44,COL-mean-ED,1703,11537,85945,0,geod_dist_to_target,14,25.136932184230886
33764.44,COL-mean-ED,1703,482,85945,0,geod_dist_to_target,15,13.390075135135257
33764.44,COL-mean-ED,1703,482,85945,0,geod_dist_to_target,16,13.390075135135257
33764.44,COL-mean-ED,1703,482,85945,0,geod_dist_to_target,17,13.390075135135257
33764.44,COL-mean-ED,1703,1783,85945,0,geod_dist_to_target,18,24.450911766268007
33764.44,COL-mean-ED,1703,482,85945,0,geod_dist_to_target,19,13.390075135135257
33764.44,COL-mean-ED,1703,1783,85945,0,geod_dist_to_target,20,24.450911766268007
33764.44,COL-mean-ED,1703,11537,85945,0,geod_dist_to_target,22,25.136932184230886
33764.44,COL-mean-ED,1703,11537,85945,0,geod_dist_to_target,24,25.136932184230886
33764.44,COL-mean-ED,1703,11537,85945,0,geod_dist_to_target,26,25.136932184230886
33764.44,COL-mean-ED,1703,1100,85945,0,geod_dist_to_target,28,25.50851158068563
33764.44,COL-mean-ED,1703,1100,85945,0,geod_dist_to_target,30,25.50851158068563
33764.44,COL-mean-ED,1703,1100,85945,0,geod_dist_to_target,32,25.50851158068563
33764.44,COL-mean-ED,1703,1100,85945,0,geod_dist_to_target,34,25.50851158068563
33764.44,COL-mean-ED,1703,11537,85945,0,geod_dist_to_target,36,25.136932184230886
33764.44,COL-mean-ED,1703,7082,85945,0,geod_dist_to_target,38,25.03038289651657
33764.44,COL-mean-ED,1703,7082,85945,0,geod_dist_to_target,40,25.03038289651657
33764.44,COL-mean-ED,1703,482,85945,0,geod_dist_to_target,42,13.390075135135257
33764.44,COL-mean-ED,1703,482,85945,0,geod_dist_to_target,44,13.390075135135257
33764.44,COL-mean-ED,1703,482,85945,0,geod_dist_to_target,46,13.390075135135257
33764.44,COL-mean-ED,1703,482,85945,0,geod_dist_to_target,48,13.390075135135257
33764.44,COL-mean-ED,1703,482,85945,0,geod_dist_to_target,50,13.390075135135257
33764.44,COL-mean-ED,1703,482,85945,0,geod_dist_to_target,55,13.390075135135257
33764.44,COL-mean-ED,1703,4781,85945,0,geod_dist_to_target,60,6.323834245747823
33764.44,COL-mean-ED,1703,1525,85945,0,geod_dist_to_target,65,5.950665849617772
33764.44,COL-mean-ED,1703,11824,85945,0,geod_dist_to_target,70,21.55786423297526
33764.44,COL-mean-ED,1703,11824,85945,0,geod_dist_to_target,75,21.55786423297526
33764.44,COL-mean-ED,1703,3760,85945,0,geod_dist_to_target,80,21.03133290503375
33764.44,COL-mean-ED,1703,1525,85945,0,geod_dist_to_target,85,5.950665849617772
33764.44,COL-mean-ED,1703,4781,85945,0,geod_dist_to_target,90,6.323834245747823
33764.44,COL-mean-ED,1703,4982,85945,0,geod_dist_to_target,95,5.789028026698298
33764.44,COL-mean-ED,1703,4222,85945,0,geod_dist_to_target,100,1.861108835383731
33764.44,COL-mean-ED,1703,5294,697368,0,geod_dist_to_target,5,8.71909116391246
33764.44,COL-mean-ED,1703,5294,697368,0,geod_dist_to_target,6,8.71909116391246
33764.44,COL-mean-ED,1703,5294,697368,0,geod_dist_to_target,7,8.71909116391246
33764.44,COL-mean-ED,1703,5530,697368,0,geod_dist_to_target,8,8.58988598796457
33764.44,COL-mean-ED,1703,5530,697368,0,geod_dist_to_target,9,8.58988598796457
33764.44,COL-mean-ED,1703,5549,697368,0,geod_dist_to_target,10,9.430872726777508
33764.44,COL-mean-ED,1703,5548,697368,0,geod_dist_to_target,11,9.303611535614003
33764.44,COL-mean-ED,1703,5548,697368,0,geod_dist_to_target,12,9.303611535614003
33764.44,COL-mean-ED,1703,5548,697368,0,geod_dist_to_target,13,9.303611535614003
33764.44,COL-mean-ED,1703,5700,697368,0,geod_dist_to_target,14,21.458764480665433
33764.44,COL-mean-ED,1703,6120,697368,0,geod_dist_to_target,15,25.99351716661887
33764.44,COL-mean-ED,1703,6120,697368,0,geod_dist_to_target,16,25.99351716661887
33764.44,COL-mean-ED,1703,10653,697368,0,geod_dist_to_target,17,24.646503575614517
33764.44,COL-mean-ED,1703,10653,697368,0,geod_dist_to_target,18,24.646503575614517
33764.44,COL-mean-ED,1703,10653,697368,0,geod_dist_to_target,19,24.646503575614517
33764.44,COL-mean-ED,1703,10653,697368,0,geod_dist_to_target,20,24.646503575614517
33764.44,COL-mean-ED,1703,5369,697368,0,geod_dist_to_target,22,18.675801311420773
33764.44,COL-mean-ED,1703,5369,697368,0,geod_dist_to_target,24,18.675801311420773
33764.44,COL-mean-ED,1703,6120,697368,0,geod_dist_to_target,26,25.99351716661887
33764.44,COL-mean-ED,1703,11316,697368,0,geod_dist_to_target,28,16.52134116449543
33764.44,COL-mean-ED,1703,12511,697368,0,geod_dist_to_target,30,16.163673825179668
33764.44,COL-mean-ED,1703,2897,697368,0,geod_dist_to_target,32,36.149644457712164
33764.44,COL-mean-ED,1703,5134,697368,0,geod_dist_to_target,34,18.25700083976774
33764.44,COL-mean-ED,1703,6310,697368,0,geod_dist_to_target,36,24.735225942530935
33764.44,COL-mean-ED,1703,3617,697368,0,geod_dist_to_target,38,20.788567224754402
33764.44,COL-mean-ED,1703,3617,697368,0,geod_dist_to_target,40,20.788567224754402
33764.44,COL-mean-ED,1703,3617,697368,0,geod_dist_to_target,42,20.788567224754402
33764.44,COL-mean-ED,1703,3594,697368,0,geod_dist_to_target,44,22.56125786852032
33764.44,COL-mean-ED,1703,3594,697368,0,geod_dist_to_target,46,22.56125786852032
33764.44,COL-mean-ED,1703,3617,697368,0,geod_dist_to_target,48,20.788567224754402
33764.44,COL-mean-ED,1703,11488,697368,0,geod_dist_to_target,50,38.95190258077207
33764.44,COL-mean-ED,1703,1706,697368,0,geod_dist_to_target,55,42.8892438779302
33764.44,COL-mean-ED,1703,1706,697368,0,geod_dist_to_target,60,42.8892438779302
33764.44,COL-mean-ED,1703,7723,697368,0,geod_dist_to_target,65,18.0949600429842
33764.44,COL-mean-ED,1703,1706,697368,0,geod_dist_to_target,70,42.8892438779302
33764.44,COL-mean-ED,1703,2384,697368,0,geod_dist_to_target,75,16.507318693716158
33764.44,COL-mean-ED,1703,2384,697368,0,geod_dist_to_target,80,16.507318693716158
33764.44,COL-mean-ED,1703,443,697368,0,geod_dist_to_target,85,19.041729672859052
33764.44,COL-mean-ED,1703,443,697368,0,geod_dist_to_target,90,19.041729672859052
33764.44,COL-mean-ED,1703,3764,697368,0,geod_dist_to_target,95,19.258519153277163
33764.44,COL-mean-ED,1703,11316,697368,0,geod_dist_to_target,100,16.52134116449543
33764.44,COL-mean-ED,1703,12272,201469,0,geod_dist_to_target,5,18.732075445685947
33764.44,COL-mean-ED,1703,5857,201469,0,geod_dist_to_target,6,24.27045839988192
33764.44,COL-mean-ED,1703,10125,201469,0,geod_dist_to_target,7,60.13370802470204
33764.44,COL-mean-ED,1703,614,201469,0,geod_dist_to_target,8,10.00102492337836
33764.44,COL-mean-ED,1703,8583,201469,0,geod_dist_to_target,9,9.328666259601718
33764.44,COL-mean-ED,1703,11048,201469,0,geod_dist_to_target,10,22.56546783367331
33764.44,COL-mean-ED,1703,5240,201469,0,geod_dist_to_target,11,7.62109753512853
33764.44,COL-mean-ED,1703,5240,201469,0,geod_dist_to_target,12,7.62109753512853
33764.44,COL-mean-ED,1703,5320,201469,0,geod_dist_to_target,13,8.954884271584705
33764.44,COL-mean-ED,1703,6895,201469,0,geod_dist_to_target,14,25.86725639877982
33764.44,COL-mean-ED,1703,6895,201469,0,geod_dist_to_target,15,25.86725639877982
33764.44,COL-mean-ED,1703,6895,201469,0,geod_dist_to_target,16,25.86725639877982
33764.44,COL-mean-ED,1703,6895,201469,0,geod_dist_to_target,17,25.86725639877982
33764.44,COL-mean-ED,1703,3358,201469,0,geod_dist_to_target,18,28.86395037542494
33764.44,COL-mean-ED,1703,7089,201469,0,geod_dist_to_target,19,27.32802410716728
33764.44,COL-mean-ED,1703,3358,201469,0,geod_dist_to_target,20,28.86395037542494
33764.44,COL-mean-ED,1703,6895,201469,0,geod_dist_to_target,22,25.86725639877982
33764.44,COL-mean-ED,1703,11476,201469,0,geod_dist_to_target,24,12.522420060101561
33764.44,COL-mean-ED,1703,5697,201469,0,geod_dist_to_target,26,20.293441557944472
33764.44,COL-mean-ED,1703,5697,201469,0,geod_dist_to_target,28,20.293441557944472
33764.44,COL-mean-ED,1703,5698,201469,0,geod_dist_to_target,30,20.816614778322485
33764.44,COL-mean-ED,1703,5698,201469,0,geod_dist_to_target,32,20.816614778322485
33764.44,COL-mean-ED,1703,5970,201469,0,geod_dist_to_target,34,21.647559579843634
33764.44,COL-mean-ED,1703,5970,201469,0,geod_dist_to_target,36,21.647559579843634
33764.44,COL-mean-ED,1703,11674,201469,0,geod_dist_to_target,38,21.193342521097655
33764.44,COL-mean-ED,1703,5970,201469,0,geod_dist_to_target,40,21.647559579843634
33764.44,COL-mean-ED,1703,5970,201469,0,geod_dist_to_target,42,21.647559579843634
33764.44,COL-mean-ED,1703,5970,201469,0,geod_dist_to_target,44,21.647559579843634
33764.44,COL-mean-ED,1703,5970,201469,0,geod_dist_to_target,46,21.647559579843634
33764.44,COL-mean-ED,1703,5970,201469,0,geod_dist_to_target,48,21.647559579843634
33764.44,COL-mean-ED,1703,5970,201469,0,geod_dist_to_target,50,21.647559579843634
33764.44,COL-mean-ED,1703,11674,201469,0,geod_dist_to_target,55,21.193342521097655
33764.44,COL-mean-ED,1703,11674,201469,0,geod_dist_to_target,60,21.193342521097655
33764.44,COL-mean-ED,1703,11674,201469,0,geod_dist_to_target,65,21.193342521097655
33764.44,COL-mean-ED,1703,10411,201469,0,geod_dist_to_target,70,20.673400927253073
33764.44,COL-mean-ED,1703,10411,201469,0,geod_dist_to_target,75,20.673400927253073
33764.44,COL-mean-ED,1703,10411,201469,0,geod_dist_to_target,80,20.673400927253073
33764.44,COL-mean-ED,1703,10411,201469,0,geod_dist_to_target,85,20.673400927253073
33764.44,COL-mean-ED,1703,10411,201469,0,geod_dist_to_target,90,20.673400927253073
33764.44,COL-mean-ED,1703,9526,201469,0,geod_dist_to_target,95,21.267837426091855
33764.44,COL-mean-ED,1703,8889,201469,0,geod_dist_to_target,100,49.31430795439591
33764.44,COL-mean-ED,1703,1663,94177,0,geod_dist_to_target,5,21.714563099359925
33764.44,COL-mean-ED,1703,11674,94177,0,geod_dist_to_target,6,21.193342521097655
33764.44,COL-mean-ED,1703,11674,94177,0,geod_dist_to_target,7,21.193342521097655
33764.44,COL-mean-ED,1703,4068,94177,0,geod_dist_to_target,8,20.228452712022932
33764.44,COL-mean-ED,1703,1446,94177,0,geod_dist_to_target,9,14.073355464268262
33764.44,COL-mean-ED,1703,3509,94177,0,geod_dist_to_target,10,17.394967305414635
33764.44,COL-mean-ED,1703,11110,94177,0,geod_dist_to_target,11,12.373603530944726
33764.44,COL-mean-ED,1703,197,94177,0,geod_dist_to_target,12,22.627774641688386
33764.44,COL-mean-ED,1703,197,94177,0,geod_dist_to_target,13,22.627774641688386
33764.44,COL-mean-ED,1703,4025,94177,0,geod_dist_to_target,14,10.742721481821969
33764.44,COL-mean-ED,1703,10913,94177,0,geod_dist_to_target,15,14.824394658221047
33764.44,COL-mean-ED,1703,10913,94177,0,geod_dist_to_target,16,14.824394658221047
33764.44,COL-mean-ED,1703,10913,94177,0,geod_dist_to_target,17,14.824394658221047
33764.44,COL-mean-ED,1703,10913,94177,0,geod_dist_to_target,18,14.824394658221047
33764.44,COL-mean-ED,1703,10913,94177,0,geod_dist_to_target,19,14.824394658221047
33764.44,COL-mean-ED,1703,10913,94177,0,geod_dist_to_target,20,14.824394658221047
33764.44,COL-mean-ED,1703,12276,94177,0,geod_dist_to_target,22,12.921825825977926
33764.44,COL-mean-ED,1703,12276,94177,0,geod_dist_to_target,24,12.921825825977926
33764.44,COL-mean-ED,1703,12276,94177,0,geod_dist_to_target,26,12.921825825977926
33764.44,COL-mean-ED,1703,12276,94177,0,geod_dist_to_target,28,12.921825825977926
33764.44,COL-mean-ED,1703,482,94177,0,geod_dist_to_target,30,13.390075135135257
33764.44,COL-mean-ED,1703,482,94177,0,geod_dist_to_target,32,13.390075135135257
33764.44,COL-mean-ED,1703,12276,94177,0,geod_dist_to_target,34,12.921825825977926
33764.44,COL-mean-ED,1703,482,94177,0,geod_dist_to_target,36,13.390075135135257
33764.44,COL-mean-ED,1703,11279,94177,0,geod_dist_to_target,38,10.513509529124844
33764.44,COL-mean-ED,1703,11279,94177,0,geod_dist_to_target,40,10.513509529124844
33764.44,COL-mean-ED,1703,11279,94177,0,geod_dist_to_target,42,10.513509529124844
33764.44,COL-mean-ED,1703,11115,94177,0,geod_dist_to_target,44,7.45643047545125
33764.44,COL-mean-ED,1703,775,94177,0,geod_dist_to_target,46,9.781482416433482
33764.44,COL-mean-ED,1703,775,94177,0,geod_dist_to_target,48,9.781482416433482
33764.44,COL-mean-ED,1703,2796,94177,0,geod_dist_to_target,50,9.15969181574433
33764.44,COL-mean-ED,1703,482,94177,0,geod_dist_to_target,55,13.390075135135257
33764.44,COL-mean-ED,1703,2846,94177,0,geod_dist_to_target,60,36.532413766847945
33764.44,COL-mean-ED,1703,2199,94177,0,geod_dist_to_target,65,26.822478584559946
33764.44,COL-mean-ED,1703,5400,94177,0,geod_dist_to_target,70,26.285299984413694
33764.44,COL-mean-ED,1703,5400,94177,0,geod_dist_to_target,75,26.285299984413694
33764.44,COL-mean-ED,1703,5602,94177,0,geod_dist_to_target,80,30.495818014318257
33764.44,COL-mean-ED,1703,5602,94177,0,geod_dist_to_target,85,30.495818014318257
33764.44,COL-mean-ED,1703,5602,94177,0,geod_dist_to_target,90,30.495818014318257
33764.44,COL-mean-ED,1703,5602,94177,0,geod_dist_to_target,95,30.495818014318257
33764.44,COL-mean-ED,1703,2199,94177,0,geod_dist_to_target,100,26.822478584559946
33764.44,COL-min-ED,1703,9328,89250,0,geod_dist_to_target,5,2.2596473411975073
33764.44,COL-min-ED,1703,7227,89250,0,geod_dist_to_target,6,22.151257645407295
33764.44,COL-min-ED,1703,7042,89250,0,geod_dist_to_target,7,23.134965993399447
33764.44,COL-min-ED,1703,10623,89250,0,geod_dist_to_target,8,18.063647097085212
33764.44,COL-min-ED,1703,5026,89250,0,geod_dist_to_target,9,18.625174336284157
33764.44,COL-min-ED,1703,5026,89250,0,geod_dist_to_target,10,18.625174336284157
33764.44,COL-min-ED,1703,11890,89250,0,geod_dist_to_target,11,19.09993297645831
33764.44,COL-min-ED,1703,5321,89250,0,geod_dist_to_target,12,19.185853919550425
33764.44,COL-min-ED,1703,2549,89250,0,geod_dist_to_target,13,44.63694557166457
33764.44,COL-min-ED,1703,2549,89250,0,geod_dist_to_target,14,44.63694557166457
33764.44,COL-min-ED,1703,16,89250,0,geod_dist_to_target,15,44.39222255575305
33764.44,COL-min-ED,1703,16,89250,0,geod_dist_to_target,16,44.39222255575305
33764.44,COL-min-ED,1703,3002,89250,0,geod_dist_to_target,17,5.0149375957109825
33764.44,COL-min-ED,1703,4254,89250,0,geod_dist_to_target,18,5.374252781913622
33764.44,COL-min-ED,1703,3002,89250,0,geod_dist_to_target,19,5.0149375957109825
33764.44,COL-min-ED,1703,3002,89250,0,geod_dist_to_target,20,5.0149375957109825
33764.44,COL-min-ED,1703,4254,89250,0,geod_dist_to_target,22,5.374252781913622
33764.44,COL-min-ED,1703,4254,89250,0,geod_dist_to_target,24,5.374252781913622
33764.44,COL-min-ED,1703,9499,89250,0,geod_dist_to_target,26,6.115087849643733
33764.44,COL-min-ED,1703,9499,89250,0,geod_dist_to_target,28,6.115087849643733
33764.44,COL-min-ED,1703,9499,89250,0,geod_dist_to_target,30,6.115087849643733
33764.44,COL-min-ED,1703,9499,89250,0,geod_dist_to_target,32,6.115087849643733
33764.44,COL-min-ED,1703,9499,89250,0,geod_dist_to_target,34,6.115087849643733
33764.44,COL-min-ED,1703,9499,89250,0,geod_dist_to_target,36,6.115087849643733
33764.44,COL-min-ED,1703,9499,89250,0,geod_dist_to_target,38,6.115087849643733
33764.44,COL-min-ED,1703,9499,89250,0,geod_dist_to_target,40,6.115087849643733
33764.44,COL-min-ED,1703,9499,89250,0,geod_dist_to_target,42,6.115087849643733
33764.44,COL-min-ED,1703,9499,89250,0,geod_dist_to_target,44,6.115087849643733
33764.44,COL-min-ED,1703,9499,89250,0,geod_dist_to_target,46,6.115087849643733
33764.44,COL-min-ED,1703,9499,89250,0,geod_dist_to_target,48,6.115087849643733
33764.44,COL-min-ED,1703,9499,89250,0,geod_dist_to_target,50,6.115087849643733
33764.44,COL-min-ED,1703,9499,89250,0,geod_dist_to_target,55,6.115087849643733
33764.44,COL-min-ED,1703,9499,89250,0,geod_dist_to_target,60,6.115087849643733
33764.44,COL-min-ED,1703,9499,89250,0,geod_dist_to_target,65,6.115087849643733
33764.44,COL-min-ED,1703,9499,89250,0,geod_dist_to_target,70,6.115087849643733
33764.44,COL-min-ED,1703,9499,89250,0,geod_dist_to_target,75,6.115087849643733
33764.44,COL-min-ED,1703,9499,89250,0,geod_dist_to_target,80,6.115087849643733
33764.44,COL-min-ED,1703,9499,89250,0,geod_dist_to_target,85,6.115087849643733
33764.44,COL-min-ED,1703,1314,89250,0,geod_dist_to_target,90,6.9130016615709815
33764.44,COL-min-ED,1703,889,89250,0,geod_dist_to_target,95,3.786314464860174
33764.44,COL-min-ED,1703,889,89250,0,geod_dist_to_target,100,3.786314464860174
33764.44,COL-min-ED,1703,5050,773956,0,geod_dist_to_target,5,13.344641707479111
33764.44,COL-min-ED,1703,3819,773956,0,geod_dist_to_target,6,9.748992464863576
33764.44,COL-min-ED,1703,11149,773956,0,geod_dist_to_target,7,47.81267379778788
33764.44,COL-min-ED,1703,3320,773956,0,geod_dist_to_target,8,5.276309737277153
33764.44,COL-min-ED,1703,12289,773956,0,geod_dist_to_target,9,4.955067029773025
33764.44,COL-min-ED,1703,10513,773956,0,geod_dist_to_target,10,49.83729761355852
33764.44,COL-min-ED,1703,10333,773956,0,geod_dist_to_target,11,38.62072864939457
33764.44,COL-min-ED,1703,10333,773956,0,geod_dist_to_target,12,38.62072864939457
33764.44,COL-min-ED,1703,7042,773956,0,geod_dist_to_target,13,23.134965993399447
33764.44,COL-min-ED,1703,8249,773956,0,geod_dist_to_target,14,44.595872098968016
33764.44,COL-min-ED,1703,8249,773956,0,geod_dist_to_target,15,44.595872098968016
33764.44,COL-min-ED,1703,10571,773956,0,geod_dist_to_target,16,45.09108253281632
33764.44,COL-min-ED,1703,10997,773956,0,geod_dist_to_target,17,3.116570747415171
33764.44,COL-min-ED,1703,10997,773956,0,geod_dist_to_target,18,3.116570747415171
33764.44,COL-min-ED,1703,10997,773956,0,geod_dist_to_target,19,3.116570747415171
33764.44,COL-min-ED,1703,10997,773956,0,geod_dist_to_target,20,3.116570747415171
33764.44,COL-min-ED,1703,10997,773956,0,geod_dist_to_target,22,3.116570747415171
33764.44,COL-min-ED,1703,4254,773956,0,geod_dist_to_target,24,5.374252781913622
33764.44,COL-min-ED,1703,4725,773956,0,geod_dist_to_target,26,2.767412195609948
33764.44,COL-min-ED,1703,9499,773956,0,geod_dist_to_target,28,6.115087849643733
33764.44,COL-min-ED,1703,9499,773956,0,geod_dist_to_target,30,6.115087849643733
33764.44,COL-min-ED,1703,9499,773956,0,geod_dist_to_target,32,6.115087849643733
33764.44,COL-min-ED,1703,9499,773956,0,geod_dist_to_target,34,6.115087849643733
33764.44,COL-min-ED,1703,9499,773956,0,geod_dist_to_target,36,6.115087849643733
33764.44,COL-min-ED,1703,4254,773956,0,geod_dist_to_target,38,5.374252781913622
33764.44,COL-min-ED,1703,4725,773956,0,geod_dist_to_target,40,2.767412195609948
33764.44,COL-min-ED,1703,4725,773956,0,geod_dist_to_target,42,2.767412195609948
33764.44,COL-min-ED,1703,4725,773956,0,geod_dist_to_target,44,2.767412195609948
33764.44,COL-min-ED,1703,4725,773956,0,geod_dist_to_target,46,2.767412195609948
33764.44,COL-min-ED,1703,4725,773956,0,geod_dist_to_target,48,2.767412195609948
33764.44,COL-min-ED,1703,4725,773956,0,geod_dist_to_target,50,2.767412195609948
33764.44,COL-min-ED,1703,4725,773956,0,geod_dist_to_target,55,2.767412195609948
33764.44,COL-min-ED,1703,4725,773956,0,geod_dist_to_target,60,2.767412195609948
33764.44,COL-min-ED,1703,4725,773956,0,geod_dist_to_target,65,2.767412195609948
33764.44,COL-min-ED,1703,4725,773956,0,geod_dist_to_target,70,2.767412195609948
33764.44,COL-min-ED,1703,4725,773956,0,geod_dist_to_target,75,2.767412195609948
33764.44,COL-min-ED,1703,4725,773956,0,geod_dist_to_target,80,2.767412195609948
33764.44,COL-min-ED,1703,4725,773956,0,geod_dist_to_target,85,2.767412195609948
33764.44,COL-min-ED,1703,4725,773956,0,geod_dist_to_target,90,2.767412195609948
33764.44,COL-min-ED,1703,4725,773956,0,geod_dist_to_target,95,2.767412195609948
33764.44,COL-min-ED,1703,4725,773956,0,geod_dist_to_target,100,2.767412195609948
33764.44,COL-min-ED,1703,4557,654571,0,geod_dist_to_target,5,4.15638507407455
33764.44,COL-min-ED,1703,4634,654571,0,geod_dist_to_target,6,13.787123985702694
33764.44,COL-min-ED,1703,4557,654571,0,geod_dist_to_target,7,4.15638507407455
33764.44,COL-min-ED,1703,523,654571,0,geod_dist_to_target,8,3.045171030862105
33764.44,COL-min-ED,1703,526,654571,0,geod_dist_to_target,9,2.610743918649268
33764.44,COL-min-ED,1703,526,654571,0,geod_dist_to_target,10,2.610743918649268
33764.44,COL-min-ED,1703,4379,654571,0,geod_dist_to_target,11,1.3542988775722051
33764.44,COL-min-ED,1703,4379,654571,0,geod_dist_to_target,12,1.3542988775722051
33764.44,COL-min-ED,1703,4379,654571,0,geod_dist_to_target,13,1.3542988775722051
33764.44,COL-min-ED,1703,4379,654571,0,geod_dist_to_target,14,1.3542988775722051
33764.44,COL-min-ED,1703,4379,654571,0,geod_dist_to_target,15,1.3542988775722051
33764.44,COL-min-ED,1703,2054,654571,0,geod_dist_to_target,16,16.825843790629545
33764.44,COL-min-ED,1703,2054,654571,0,geod_dist_to_target,17,16.825843790629545
33764.44,COL-min-ED,1703,2054,654571,0,geod_dist_to_target,18,16.825843790629545
33764.44,COL-min-ED,1703,2054,654571,0,geod_dist_to_target,19,16.825843790629545
33764.44,COL-min-ED,1703,2054,654571,0,geod_dist_to_target,20,16.825843790629545
33764.44,COL-min-ED,1703,2054,654571,0,geod_dist_to_target,22,16.825843790629545
33764.44,COL-min-ED,1703,2054,654571,0,geod_dist_to_target,24,16.825843790629545
33764.44,COL-min-ED,1703,2054,654571,0,geod_dist_to_target,26,16.825843790629545
33764.44,COL-min-ED,1703,2054,654571,0,geod_dist_to_target,28,16.825843790629545
33764.44,COL-min-ED,1703,2054,654571,0,geod_dist_to_target,30,16.825843790629545
33764.44,COL-min-ED,1703,2054,654571,0,geod_dist_to_target,32,16.825843790629545
33764.44,COL-min-ED,1703,2054,654571,0,geod_dist_to_target,34,16.825843790629545
33764.44,COL-min-ED,1703,2054,654571,0,geod_dist_to_target,36,16.825843790629545
33764.44,COL-min-ED,1703,2054,654571,0,geod_dist_to_target,38,16.825843790629545
33764.44,COL-min-ED,1703,2054,654571,0,geod_dist_to_target,40,16.825843790629545
33764.44,COL-min-ED,1703,2054,654571,0,geod_dist_to_target,42,16.825843790629545
33764.44,COL-min-ED,1703,2054,654571,0,geod_dist_to_target,44,16.825843790629545
33764.44,COL-min-ED,1703,6340,654571,0,geod_dist_to_target,46,0.24956215135320794
33764.44,COL-min-ED,1703,6340,654571,0,geod_dist_to_target,48,0.24956215135320794
33764.44,COL-min-ED,1703,6340,654571,0,geod_dist_to_target,50,0.24956215135320794
33764.44,COL-min-ED,1703,6340,654571,0,geod_dist_to_target,55,0.24956215135320794
33764.44,COL-min-ED,1703,6340,654571,0,geod_dist_to_target,60,0.24956215135320794
33764.44,COL-min-ED,1703,6340,654571,0,geod_dist_to_target,65,0.24956215135320794
33764.44,COL-min-ED,1703,6340,654571,0,geod_dist_to_target,70,0.24956215135320794
33764.44,COL-min-ED,1703,6340,654571,0,geod_dist_to_target,75,0.24956215135320794
33764.44,COL-min-ED,1703,6340,654571,0,geod_dist_to_target,80,0.24956215135320794
33764.44,COL-min-ED,1703,348,654571,0,geod_dist_to_target,85,0.5119390166909262
33764.44,COL-min-ED,1703,348,654571,0,geod_dist_to_target,90,0.5119390166909262
33764.44,COL-min-ED,1703,7548,654571,0,geod_dist_to_target,95,1.3661127631445547
33764.44,COL-min-ED,1703,7548,654571,0,geod_dist_to_target,100,1.3661127631445547
33764.44,COL-min-ED,1703,7298,438878,0,geod_dist_to_target,5,12.739703247110763
33764.44,COL-min-ED,1703,4734,438878,0,geod_dist_to_target,6,5.419618696469996
33764.44,COL-min-ED,1703,4734,438878,0,geod_dist_to_target,7,5.419618696469996
33764.44,COL-min-ED,1703,3926,438878,0,geod_dist_to_target,8,21.72509341119564
33764.44,COL-min-ED,1703,4211,438878,0,geod_dist_to_target,9,0.5322247347903476
33764.44,COL-min-ED,1703,4211,438878,0,geod_dist_to_target,10,0.5322247347903476
33764.44,COL-min-ED,1703,4211,438878,0,geod_dist_to_target,11,0.5322247347903476
33764.44,COL-min-ED,1703,4211,438878,0,geod_dist_to_target,12,0.5322247347903476
33764.44,COL-min-ED,1703,4202,438878,0,geod_dist_to_target,13,0.24838691691917922
33764.44,COL-min-ED,1703,10951,438878,0,geod_dist_to_target,14,1.1033157119550998
33764.44,COL-min-ED,1703,10951,438878,0,geod_dist_to_target,15,1.1033157119550998
33764.44,COL-min-ED,1703,4200,438878,0,geod_dist_to_target,16,0.49102418320330976
33764.44,COL-min-ED,1703,4200,438878,0,geod_dist_to_target,17,0.49102418320330976
33764.44,COL-min-ED,1703,4200,438878,0,geod_dist_to_target,18,0.49102418320330976
33764.44,COL-min-ED,1703,4200,438878,0,geod_dist_to_target,19,0.49102418320330976
33764.44,COL-min-ED,1703,4200,438878,0,geod_dist_to_target,20,0.49102418320330976
33764.44,COL-min-ED,1703,4200,438878,0,geod_dist_to_target,22,0.49102418320330976
33764.44,COL-min-ED,1703,1557,438878,0,geod_dist_to_target,24,18.79092529236595
33764.44,COL-min-ED,1703,1557,438878,0,geod_dist_to_target,26,18.79092529236595
33764.44,COL-min-ED,1703,1557,438878,0,geod_dist_to_target,28,18.79092529236595
33764.44,COL-min-ED,1703,1557,438878,0,geod_dist_to_target,30,18.79092529236595
33764.44,COL-min-ED,1703,1557,438878,0,geod_dist_to_target,32,18.79092529236595
33764.44,COL-min-ED,1703,1557,438878,0,geod_dist_to_target,34,18.79092529236595
33764.44,COL-min-ED,1703,1557,438878,0,geod_dist_to_target,36,18.79092529236595
33764.44,COL-min-ED,1703,1557,438878,0,geod_dist_to_target,38,18.79092529236595
33764.44,COL-min-ED,1703,1557,438878,0,geod_dist_to_target,40,18.79092529236595
33764.44,COL-min-ED,1703,1557,438878,0,geod_dist_to_target,42,18.79092529236595
33764.44,COL-min-ED,1703,1557,438878,0,geod_dist_to_target,44,18.79092529236595
33764.44,COL-min-ED,1703,5062,438878,0,geod_dist_to_target,46,18.52495935745581
33764.44,COL-min-ED,1703,6547,438878,0,geod_dist_to_target,48,17.94162522803938
33764.44,COL-min-ED,1703,4202,438878,0,geod_dist_to_target,50,0.24838691691917922
33764.44,COL-min-ED,1703,5062,438878,0,geod_dist_to_target,55,18.52495935745581
33764.44,COL-min-ED,1703,4202,438878,0,geod_dist_to_target,60,0.24838691691917922
33764.44,COL-min-ED,1703,4202,438878,0,geod_dist_to_target,65,0.24838691691917922
33764.44,COL-min-ED,1703,4201,438878,0,geod_dist_to_target,70,0.22467978116970785
33764.44,COL-min-ED,1703,10951,438878,0,geod_dist_to_target,75,1.1033157119550998
33764.44,COL-min-ED,1703,4201,438878,0,geod_dist_to_target,80,0.22467978116970785
33764.44,COL-min-ED,1703,4202,438878,0,geod_dist_to_target,85,0.24838691691917922
33764.44,COL-min-ED,1703,4202,438878,0,geod_dist_to_target,90,0.24838691691917922
33764.44,COL-min-ED,1703,5366,438878,0,geod_dist_to_target,95,17.272497450436678
33764.44,COL-min-ED,1703,1703,438878,0,geod_dist_to_target,100,0.0
33764.44,COL-min-ED,1703,1233,433015,0,geod_dist_to_target,5,15.588157368706225
33764.44,COL-min-ED,1703,5323,433015,0,geod_dist_to_target,6,20.51125259486175
33764.44,COL-min-ED,1703,4610,433015,0,geod_dist_to_target,7,18.94806575535104
33764.44,COL-min-ED,1703,5017,433015,0,geod_dist_to_target,8,20.39769134356329
33764.44,COL-min-ED,1703,5041,433015,0,geod_dist_to_target,9,19.516961895145077
33764.44,COL-min-ED,1703,5041,433015,0,geod_dist_to_target,10,19.516961895145077
33764.44,COL-min-ED,1703,5041,433015,0,geod_dist_to_target,11,19.516961895145077
33764.44,COL-min-ED,1703,63,433015,0,geod_dist_to_target,12,20.049330240175163
33764.44,COL-min-ED,1703,63,433015,0,geod_dist_to_target,13,20.049330240175163
33764.44,COL-min-ED,1703,63,433015,0,geod_dist_to_target,14,20.049330240175163
33764.44,COL-min-ED,1703,63,433015,0,geod_dist_to_target,15,20.049330240175163
33764.44,COL-min-ED,1703,1557,433015,0,geod_dist_to_target,16,18.79092529236595
33764.44,COL-min-ED,1703,63,433015,0,geod_dist_to_target,17,20.049330240175163
33764.44,COL-min-ED,1703,63,433015,0,geod_dist_to_target,18,20.049330240175163
33764.44,COL-min-ED,1703,63,433015,0,geod_dist_to_target,19,20.049330240175163
33764.44,COL-min-ED,1703,5041,433015,0,geod_dist_to_target,20,19.516961895145077
33764.44,COL-min-ED,1703,5041,433015,0,geod_dist_to_target,22,19.516961895145077
33764.44,COL-min-ED,1703,4806,433015,0,geod_dist_to_target,24,7.704288308539428
33764.44,COL-min-ED,1703,4806,433015,0,geod_dist_to_target,26,7.704288308539428
33764.44,COL-min-ED,1703,4806,433015,0,geod_dist_to_target,28,7.704288308539428
33764.44,COL-min-ED,1703,5041,433015,0,geod_dist_to_target,30,19.516961895145077
33764.44,COL-min-ED,1703,5041,433015,0,geod_dist_to_target,32,19.516961895145077
33764.44,COL-min-ED,1703,5041,433015,0,geod_dist_to_target,34,19.516961895145077
33764.44,COL-min-ED,1703,5061,433015,0,geod_dist_to_target,36,19.32589703263949
33764.44,COL-min-ED,1703,5061,433015,0,geod_dist_to_target,38,19.32589703263949
33764.44,COL-min-ED,1703,5061,433015,0,geod_dist_to_target,40,19.32589703263949
33764.44,COL-min-ED,1703,5061,433015,0,geod_dist_to_target,42,19.32589703263949
33764.44,COL-min-ED,1703,5041,433015,0,geod_dist_to_target,44,19.516961895145077
33764.44,COL-min-ED,1703,5041,433015,0,geod_dist_to_target,46,19.516961895145077
33764.44,COL-min-ED,1703,5041,433015,0,geod_dist_to_target,48,19.516961895145077
33764.44,COL-min-ED,1703,5041,433015,0,geod_dist_to_target,50,19.516961895145077
33764.44,COL-min-ED,1703,5041,433015,0,geod_dist_to_target,55,19.516961895145077
33764.44,COL-min-ED,1703,5041,433015,0,geod_dist_to_target,60,19.516961895145077
33764.44,COL-min-ED,1703,5041,433015,0,geod_dist_to_target,65,19.516961895145077
33764.44,COL-min-ED,1703,5041,433015,0,geod_dist_to_target,70,19.516961895145077
33764.44,COL-min-ED,1703,5041,433015,0,geod_dist_to_target,75,19.516961895145077
33764.44,COL-min-ED,1703,5041,433015,0,geod_dist_to_target,80,19.516961895145077
33764.44,COL-min-ED,1703,4211,433015,0,geod_dist_to_target,85,0.5322247347903476
33764.44,COL-min-ED,1703,4211,433015,0,geod_dist_to_target,90,0.5322247347903476
33764.44,COL-min-ED,1703,2071,433015,0,geod_dist_to_target,95,1.0152557721994404
33764.44,COL-min-ED,1703,2071,433015,0,geod_dist_to_target,100,1.0152557721994404
33764.44,COL-min-ED,1703,4734,858597,0,geod_dist_to_target,5,5.419618696469996
33764.44,COL-min-ED,1703,3769,858597,0,geod_dist_to_target,6,19.279466281760616
33764.44,COL-min-ED,1703,9789,858597,0,geod_dist_to_target,7,21.055032415846245
33764.44,COL-min-ED,1703,3760,858597,0,geod_dist_to_target,8,21.03133290503375
33764.44,COL-min-ED,1703,9499,858597,0,geod_dist_to_target,9,6.115087849643733
33764.44,COL-min-ED,1703,9499,858597,0,geod_dist_to_target,10,6.115087849643733
33764.44,COL-min-ED,1703,9499,858597,0,geod_dist_to_target,11,6.115087849643733
33764.44,COL-min-ED,1703,9499,858597,0,geod_dist_to_target,12,6.115087849643733
33764.44,COL-min-ED,1703,2481,858597,0,geod_dist_to_target,13,14.478554833898341
33764.44,COL-min-ED,1703,2481,858597,0,geod_dist_to_target,14,14.478554833898341
33764.44,COL-min-ED,1703,2481,858597,0,geod_dist_to_target,15,14.478554833898341
33764.44,COL-min-ED,1703,2435,858597,0,geod_dist_to_target,16,14.71405192278389
33764.44,COL-min-ED,1703,2435,858597,0,geod_dist_to_target,17,14.71405192278389
33764.44,COL-min-ED,1703,2435,858597,0,geod_dist_to_target,18,14.71405192278389
33764.44,COL-min-ED,1703,2435,858597,0,geod_dist_to_target,19,14.71405192278389
33764.44,COL-min-ED,1703,9499,858597,0,geod_dist_to_target,20,6.115087849643733
33764.44,COL-min-ED,1703,9499,858597,0,geod_dist_to_target,22,6.115087849643733
33764.44,COL-min-ED,1703,2435,858597,0,geod_dist_to_target,24,14.71405192278389
33764.44,COL-min-ED,1703,2435,858597,0,geod_dist_to_target,26,14.71405192278389
33764.44,COL-min-ED,1703,328,858597,0,geod_dist_to_target,28,4.232228516064516
33764.44,COL-min-ED,1703,328,858597,0,geod_dist_to_target,30,4.232228516064516
33764.44,COL-min-ED,1703,328,858597,0,geod_dist_to_target,32,4.232228516064516
33764.44,COL-min-ED,1703,328,858597,0,geod_dist_to_target,34,4.232228516064516
33764.44,COL-min-ED,1703,328,858597,0,geod_dist_to_target,36,4.232228516064516
33764.44,COL-min-ED,1703,328,858597,0,geod_dist_to_target,38,4.232228516064516
33764.44,COL-min-ED,1703,4254,858597,0,geod_dist_to_target,40,5.374252781913622
33764.44,COL-min-ED,1703,9499,858597,0,geod_dist_to_target,42,6.115087849643733
33764.44,COL-min-ED,1703,9499,858597,0,geod_dist_to_target,44,6.115087849643733
33764.44,COL-min-ED,1703,9499,858597,0,geod_dist_to_target,46,6.115087849643733
33764.44,COL-min-ED,1703,328,858597,0,geod_dist_to_target,48,4.232228516064516
33764.44,COL-min-ED,1703,328,858597,0,geod_dist_to_target,50,4.232228516064516
33764.44,COL-min-ED,1703,328,858597,0,geod_dist_to_target,55,4.232228516064516
33764.44,COL-min-ED,1703,889,858597,0,geod_dist_to_target,60,3.786314464860174
33764.44,COL-min-ED,1703,328,858597,0,geod_dist_to_target,65,4.232228516064516
33764.44,COL-min-ED,1703,328,858597,0,geod_dist_to_target,70,4.232228516064516
33764.44,COL-min-ED,1703,889,858597,0,geod_dist_to_target,75,3.786314464860174
33764.44,COL-min-ED,1703,889,858597,0,geod_dist_to_target,80,3.786314464860174
33764.44,COL-min-ED,1703,889,858597,0,geod_dist_to_target,85,3.786314464860174
33764.44,COL-min-ED,1703,889,858597,0,geod_dist_to_target,90,3.786314464860174
33764.44,COL-min-ED,1703,4376,858597,0,geod_dist_to_target,95,0.5178705232954098
33764.44,COL-min-ED,1703,183,858597,0,geod_dist_to_target,100,1.0040826129057305
33764.44,COL-min-ED,1703,11476,85945,0,geod_dist_to_target,5,12.522420060101561
33764.44,COL-min-ED,1703,3801,85945,0,geod_dist_to_target,6,13.519606585662501
33764.44,COL-min-ED,1703,3094,85945,0,geod_dist_to_target,7,34.151478541507885
33764.44,COL-min-ED,1703,3094,85945,0,geod_dist_to_target,8,34.151478541507885
33764.44,COL-min-ED,1703,3347,85945,0,geod_dist_to_target,9,1.4587605227024563
33764.44,COL-min-ED,1703,6931,85945,0,geod_dist_to_target,10,6.487006656998179
33764.44,COL-min-ED,1703,1789,85945,0,geod_dist_to_target,11,16.397808989953784
33764.44,COL-min-ED,1703,12467,85945,0,geod_dist_to_target,12,6.743382814550169
33764.44,COL-min-ED,1703,4101,85945,0,geod_dist_to_target,13,6.243948729842946
33764.44,COL-min-ED,1703,4101,85945,0,geod_dist_to_target,14,6.243948729842946
33764.44,COL-min-ED,1703,4101,85945,0,geod_dist_to_target,15,6.243948729842946
33764.44,COL-min-ED,1703,328,85945,0,geod_dist_to_target,16,4.232228516064516
33764.44,COL-min-ED,1703,328,85945,0,geod_dist_to_target,17,4.232228516064516
33764.44,COL-min-ED,1703,328,85945,0,geod_dist_to_target,18,4.232228516064516
33764.44,COL-min-ED,1703,328,85945,0,geod_dist_to_target,19,4.232228516064516
33764.44,COL-min-ED,1703,9499,85945,0,geod_dist_to_target,20,6.115087849643733
33764.44,COL-min-ED,1703,9499,85945,0,geod_dist_to_target,22,6.115087849643733
33764.44,COL-min-ED,1703,9499,85945,0,geod_dist_to_target,24,6.115087849643733
33764.44,COL-min-ED,1703,328,85945,0,geod_dist_to_target,26,4.232228516064516
33764.44,COL-min-ED,1703,328,85945,0,geod_dist_to_target,28,4.232228516064516
33764.44,COL-min-ED,1703,3002,85945,0,geod_dist_to_target,30,5.0149375957109825
33764.44,COL-min-ED,1703,3002,85945,0,geod_dist_to_target,32,5.0149375957109825
33764.44,COL-min-ED,1703,3002,85945,0,geod_dist_to_target,34,5.0149375957109825
33764.44,COL-min-ED,1703,3002,85945,0,geod_dist_to_target,36,5.0149375957109825
33764.44,COL-min-ED,1703,3002,85945,0,geod_dist_to_target,38,5.0149375957109825
33764.44,COL-min-ED,1703,3002,85945,0,geod_dist_to_target,40,5.0149375957109825
33764.44,COL-min-ED,1703,3002,85945,0,geod_dist_to_target,42,5.0149375957109825
33764.44,COL-min-ED,1703,3002,85945,0,geod_dist_to_target,44,5.0149375957109825
33764.44,COL-min-ED,1703,3002,85945,0,geod_dist_to_target,46,5.0149375957109825
33764.44,COL-min-ED,1703,328,85945,0,geod_dist_to_target,48,4.232228516064516
33764.44,COL-min-ED,1703,328,85945,0,geod_dist_to_target,50,4.232228516064516
33764.44,COL-min-ED,1703,328,85945,0,geod_dist_to_target,55,4.232228516064516
33764.44,COL-min-ED,1703,328,85945,0,geod_dist_to_target,60,4.232228516064516
33764.44,COL-min-ED,1703,3002,85945,0,geod_dist_to_target,65,5.0149375957109825
33764.44,COL-min-ED,1703,3002,85945,0,geod_dist_to_target,70,5.0149375957109825
33764.44,COL-min-ED,1703,4254,85945,0,geod_dist_to_target,75,5.374252781913622
33764.44,COL-min-ED,1703,328,85945,0,geod_dist_to_target,80,4.232228516064516
33764.44,COL-min-ED,1703,889,85945,0,geod_dist_to_target,85,3.786314464860174
33764.44,COL-min-ED,1703,889,85945,0,geod_dist_to_target,90,3.786314464860174
33764.44,COL-min-ED,1703,889,85945,0,geod_dist_to_target,95,3.786314464860174
33764.44,COL-min-ED,1703,9328,85945,0,geod_dist_to_target,100,2.2596473411975073
33764.44,COL-min-ED,1703,281,697368,0,geod_dist_to_target,5,6.390855457322904
33764.44,COL-min-ED,1703,9526,697368,0,geod_dist_to_target,6,21.267837426091855
33764.44,COL-min-ED,1703,11181,697368,0,geod_dist_to_target,7,5.437538532804843
33764.44,COL-min-ED,1703,1525,697368,0,geod_dist_to_target,8,5.950665849617772
33764.44,COL-min-ED,1703,4645,697368,0,geod_dist_to_target,9,11.87335128878014
33764.44,COL-min-ED,1703,265,697368,0,geod_dist_to_target,10,3.4297529431211173
33764.44,COL-min-ED,1703,748,697368,0,geod_dist_to_target,11,5.283474685498661
33764.44,COL-min-ED,1703,4645,697368,0,geod_dist_to_target,12,11.87335128878014
33764.44,COL-min-ED,1703,11769,697368,0,geod_dist_to_target,13,10.362326899631112
33764.44,COL-min-ED,1703,11769,697368,0,geod_dist_to_target,14,10.362326899631112
33764.44,COL-min-ED,1703,1777,697368,0,geod_dist_to_target,15,5.27020171142244
33764.44,COL-min-ED,1703,1777,697368,0,geod_dist_to_target,16,5.27020171142244
33764.44,COL-min-ED,1703,1777,697368,0,geod_dist_to_target,17,5.27020171142244
33764.44,COL-min-ED,1703,1777,697368,0,geod_dist_to_target,18,5.27020171142244
33764.44,COL-min-ED,1703,1777,697368,0,geod_dist_to_target,19,5.27020171142244
33764.44,COL-min-ED,1703,1777,697368,0,geod_dist_to_target,20,5.27020171142244
33764.44,COL-min-ED,1703,1777,697368,0,geod_dist_to_target,22,5.27020171142244
33764.44,COL-min-ED,1703,4559,697368,0,geod_dist_to_target,24,4.053431004560727
33764.44,COL-min-ED,1703,4559,697368,0,geod_dist_to_target,26,4.053431004560727
33764.44,COL-min-ED,1703,4559,697368,0,geod_dist_to_target,28,4.053431004560727
33764.44,COL-min-ED,1703,4559,697368,0,geod_dist_to_target,30,4.053431004560727
33764.44,COL-min-ED,1703,4559,697368,0,geod_dist_to_target,32,4.053431004560727
33764.44,COL-min-ED,1703,4559,697368,0,geod_dist_to_target,34,4.053431004560727
33764.44,COL-min-ED,1703,4559,697368,0,geod_dist_to_target,36,4.053431004560727
33764.44,COL-min-ED,1703,4559,697368,0,geod_dist_to_target,38,4.053431004560727
33764.44,COL-min-ED,1703,4559,697368,0,geod_dist_to_target,40,4.053431004560727
33764.44,COL-min-ED,1703,4559,697368,0,geod_dist_to_target,42,4.053431004560727
33764.44,COL-min-ED,1703,4559,697368,0,geod_dist_to_target,44,4.053431004560727
33764.44,COL-min-ED,1703,4559,697368,0,geod_dist_to_target,46,4.053431004560727
33764.44,COL-min-ED,1703,4559,697368,0,geod_dist_to_target,48,4.053431004560727
33764.44,COL-min-ED,1703,4559,697368,0,geod_dist_to_target,50,4.053431004560727
33764.44,COL-min-ED,1703,4559,697368,0,geod_dist_to_target,55,4.053431004560727
33764.44,COL-min-ED,1703,4559,697368,0,geod_dist_to_target,60,4.053431004560727
33764.44,COL-min-ED,1703,4559,697368,0,geod_dist_to_target,65,4.053431004560727
33764.44,COL-min-ED,1703,4559,697368,0,geod_dist_to_target,70,4.053431004560727
33764.44,COL-min-ED,1703,4559,697368,0,geod_dist_to_target,75,4.053431004560727
33764.44,COL-min-ED,1703,4559,697368,0,geod_dist_to_target,80,4.053431004560727
33764.44,COL-min-ED,1703,4149,697368,0,geod_dist_to_target,85,2.5949320835827105
33764.44,COL-min-ED,1703,4149,697368,0,geod_dist_to_target,90,2.5949320835827105
33764.44,COL-min-ED,1703,4149,697368,0,geod_dist_to_target,95,2.5949320835827105
33764.44,COL-min-ED,1703,1913,697368,0,geod_dist_to_target,100,13.78666940274919
33764.44,COL-min-ED,1703,5264,201469,0,geod_dist_to_target,5,7.2510941212709605
33764.44,COL-min-ED,1703,5256,201469,0,geod_dist_to_target,6,7.242660321105478
33764.44,COL-min-ED,1703,4731,201469,0,geod_dist_to_target,7,6.800897639961824
33764.44,COL-min-ED,1703,4731,201469,0,geod_dist_to_target,8,6.800897639961824
33764.44,COL-min-ED,1703,12100,201469,0,geod_dist_to_target,9,3.7766964248272505
33764.44,COL-min-ED,1703,12100,201469,0,geod_dist_to_target,10,3.7766964248272505
33764.44,COL-min-ED,1703,4725,201469,0,geod_dist_to_target,11,2.767412195609948
33764.44,COL-min-ED,1703,4725,201469,0,geod_dist_to_target,12,2.767412195609948
33764.44,COL-min-ED,1703,4222,201469,0,geod_dist_to_target,13,1.861108835383731
33764.44,COL-min-ED,1703,4222,201469,0,geod_dist_to_target,14,1.861108835383731
33764.44,COL-min-ED,1703,4222,201469,0,geod_dist_to_target,15,1.861108835383731
33764.44,COL-min-ED,1703,11612,201469,0,geod_dist_to_target,16,2.9051170545815608
33764.44,COL-min-ED,1703,11612,201469,0,geod_dist_to_target,17,2.9051170545815608
33764.44,COL-min-ED,1703,11612,201469,0,geod_dist_to_target,18,2.9051170545815608
33764.44,COL-min-ED,1703,11612,201469,0,geod_dist_to_target,19,2.9051170545815608
33764.44,COL-min-ED,1703,4222,201469,0,geod_dist_to_target,20,1.861108835383731
33764.44,COL-min-ED,1703,4222,201469,0,geod_dist_to_target,22,1.861108835383731
33764.44,COL-min-ED,1703,4222,201469,0,geod_dist_to_target,24,1.861108835383731
33764.44,COL-min-ED,1703,4222,201469,0,geod_dist_to_target,26,1.861108835383731
33764.44,COL-min-ED,1703,4222,201469,0,geod_dist_to_target,28,1.861108835383731
33764.44,COL-min-ED,1703,2071,201469,0,geod_dist_to_target,30,1.0152557721994404
33764.44,COL-min-ED,1703,2071,201469,0,geod_dist_to_target,32,1.0152557721994404
33764.44,COL-min-ED,1703,2071,201469,0,geod_dist_to_target,34,1.0152557721994404
33764.44,COL-min-ED,1703,2071,201469,0,geod_dist_to_target,36,1.0152557721994404
33764.44,COL-min-ED,1703,2071,201469,0,geod_dist_to_target,38,1.0152557721994404
33764.44,COL-min-ED,1703,2439,201469,0,geod_dist_to_target,40,2.0114983175549903
33764.44,COL-min-ED,1703,2439,201469,0,geod_dist_to_target,42,2.0114983175549903
33764.44,COL-min-ED,1703,2439,201469,0,geod_dist_to_target,44,2.0114983175549903
33764.44,COL-min-ED,1703,2439,201469,0,geod_dist_to_target,46,2.0114983175549903
33764.44,COL-min-ED,1703,2439,201469,0,geod_dist_to_target,48,2.0114983175549903
33764.44,COL-min-ED,1703,2439,201469,0,geod_dist_to_target,50,2.0114983175549903
33764.44,COL-min-ED,1703,2439,201469,0,geod_dist_to_target,55,2.0114983175549903
33764.44,COL-min-ED,1703,2439,201469,0,geod_dist_to_target,60,2.0114983175549903
33764.44,COL-min-ED,1703,4202,201469,0,geod_dist_to_target,65,0.24838691691917922
33764.44,COL-min-ED,1703,2439,201469,0,geod_dist_to_target,70,2.0114983175549903
33764.44,COL-min-ED,1703,4202,201469,0,geod_dist_to_target,75,0.24838691691917922
33764.44,COL-min-ED,1703,4202,201469,0,geod_dist_to_target,80,0.24838691691917922
33764.44,COL-min-ED,1703,4201,201469,0,geod_dist_to_target,85,0.22467978116970785
33764.44,COL-min-ED,1703,4201,201469,0,geod_dist_to_target,90,0.22467978116970785
33764.44,COL-min-ED,1703,4201,201469,0,geod_dist_to_target,95,0.22467978116970785
33764.44,COL-min-ED,1703,4201,201469,0,geod_dist_to_target,100,0.22467978116970785
33764.44,COL-min-ED,1703,3682,94177,0,geod_dist_to_target,5,12.13660965588839
33764.44,COL-min-ED,1703,7298,94177,0,geod_dist_to_target,6,12.739703247110763
33764.44,COL-min-ED,1703,6498,94177,0,geod_dist_to_target,7,20.48744307038099
33764.44,COL-min-ED,1703,6498,94177,0,geod_dist_to_target,8,20.48744307038099
33764.44,COL-min-ED,1703,2722,94177,0,geod_dist_to_target,9,7.285237431375069
33764.44,COL-min-ED,1703,2722,94177,0,geod_dist_to_target,10,7.285237431375069
33764.44,COL-min-ED,1703,6681,94177,0,geod_dist_to_target,11,51.442075893051026
33764.44,COL-min-ED,1703,1631,94177,0,geod_dist_to_target,12,46.29568111146845
33764.44,COL-min-ED,1703,1105,94177,0,geod_dist_to_target,13,45.88560755140612
33764.44,COL-min-ED,1703,9769,94177,0,geod_dist_to_target,14,7.615866098384907
33764.44,COL-min-ED,1703,9769,94177,0,geod_dist_to_target,15,7.615866098384907
33764.44,COL-min-ED,1703,9769,94177,0,geod_dist_to_target,16,7.615866098384907
33764.44,COL-min-ED,1703,9769,94177,0,geod_dist_to_target,17,7.615866098384907
33764.44,COL-min-ED,1703,9769,94177,0,geod_dist_to_target,18,7.615866098384907
33764.44,COL-min-ED,1703,9769,94177,0,geod_dist_to_target,19,7.615866098384907
33764.44,COL-min-ED,1703,9769,94177,0,geod_dist_to_target,20,7.615866098384907
33764.44,COL-min-ED,1703,9769,94177,0,geod_dist_to_target,22,7.615866098384907
33764.44,COL-min-ED,1703,9769,94177,0,geod_dist_to_target,24,7.615866098384907
33764.44,COL-min-ED,1703,2520,94177,0,geod_dist_to_target,26,16.470452029937523
33764.44,COL-min-ED,1703,1314,94177,0,geod_dist_to_target,28,6.9130016615709815
33764.44,COL-min-ED,1703,2520,94177,0,geod_dist_to_target,30,16.470452029937523
33764.44,COL-min-ED,1703,2520,94177,0,geod_dist_to_target,32,16.470452029937523
33764.44,COL-min-ED,1703,2520,94177,0,geod_dist_to_target,34,16.470452029937523
33764.44,COL-min-ED,1703,2520,94177,0,geod_dist_to_target,36,16.470452029937523
33764.44,COL-min-ED,1703,2520,94177,0,geod_dist_to_target,38,16.470452029937523
33764.44,COL-min-ED,1703,2520,94177,0,geod_dist_to_target,40,16.470452029937523
33764.44,COL-min-ED,1703,2520,94177,0,geod_dist_to_target,42,16.470452029937523
33764.44,COL-min-ED,1703,2520,94177,0,geod_dist_to_target,44,16.470452029937523
33764.44,COL-min-ED,1703,2520,94177,0,geod_dist_to_target,46,16.470452029937523
33764.44,COL-min-ED,1703,2520,94177,0,geod_dist_to_target,48,16.470452029937523
33764.44,COL-min-ED,1703,2520,94177,0,geod_dist_to_target,50,16.470452029937523
33764.44,COL-min-ED,1703,2520,94177,0,geod_dist_to_target,55,16.470452029937523
33764.44,COL-min-ED,1703,2520,94177,0,geod_dist_to_target,60,16.470452029937523
33764.44,COL-min-ED,1703,1314,94177,0,geod_dist_to_target,65,6.9130016615709815
33764.44,COL-min-ED,1703,1314,94177,0,geod_dist_to_target,70,6.9130016615709815
33764.44,COL-min-ED,1703,1314,94177,0,geod_dist_to_target,75,6.9130016615709815
33764.44,COL-min-ED,1703,1314,94177,0,geod_dist_to_target,80,6.9130016615709815
33764.44,COL-min-ED,1703,1314,94177,0,geod_dist_to_target,85,6.9130016615709815
33764.44,COL-min-ED,1703,1314,94177,0,geod_dist_to_target,90,6.9130016615709815
33764.44,COL-min-ED,1703,1314,94177,0,geod_dist_to_target,95,6.9130016615709815
33764.44,COL-min-ED,1703,1314,94177,0,geod_dist_to_target,100,6.9130016615709815
33764.44,KDPP,1703,1677,89250,0,geod_dist_to_target,5,14.592183657645927
33764.44,KDPP,1703,2541,89250,0,geod_dist_to_target,6,5.559694271389596
33764.44,KDPP,1703,2541,89250,0,geod_dist_to_target,7,5.559694271389596
33764.44,KDPP,1703,2541,89250,0,geod_dist_to_target,8,5.559694271389596
33764.44,KDPP,1703,2495,89250,0,geod_dist_to_target,9,12.676786244255394
33764.44,KDPP,1703,1564,89250,0,geod_dist_to_target,10,12.431744881921134
33764.44,KDPP,1703,1564,89250,0,geod_dist_to_target,11,12.431744881921134
33764.44,KDPP,1703,1564,89250,0,geod_dist_to_target,12,12.431744881921134
33764.44,KDPP,1703,1564,89250,0,geod_dist_to_target,13,12.431744881921134
33764.44,KDPP,1703,1564,89250,0,geod_dist_to_target,14,12.431744881921134
33764.44,KDPP,1703,1564,89250,0,geod_dist_to_target,15,12.431744881921134
33764.44,KDPP,1703,1564,89250,0,geod_dist_to_target,16,12.431744881921134
33764.44,KDPP,1703,4789,89250,0,geod_dist_to_target,17,7.147795284850349
33764.44,KDPP,1703,4782,89250,0,geod_dist_to_target,18,6.68186887121144
33764.44,KDPP,1703,4789,89250,0,geod_dist_to_target,19,7.147795284850349
33764.44,KDPP,1703,4789,89250,0,geod_dist_to_target,20,7.147795284850349
33764.44,KDPP,1703,4368,89250,0,geod_dist_to_target,22,1.9661148271801965
33764.44,KDPP,1703,4368,89250,0,geod_dist_to_target,24,1.9661148271801965
33764.44,KDPP,1703,273,89250,0,geod_dist_to_target,26,7.816992735062513
33764.44,KDPP,1703,273,89250,0,geod_dist_to_target,28,7.816992735062513
33764.44,KDPP,1703,8591,89250,0,geod_dist_to_target,30,8.615994165149518
33764.44,KDPP,1703,8591,89250,0,geod_dist_to_target,32,8.615994165149518
33764.44,KDPP,1703,8591,89250,0,geod_dist_to_target,34,8.615994165149518
33764.44,KDPP,1703,11782,89250,0,geod_dist_to_target,36,11.767172090990712
33764.44,KDPP,1703,11782,89250,0,geod_dist_to_target,38,11.767172090990712
33764.44,KDPP,1703,9891,89250,0,geod_dist_to_target,40,1.4647765231458205
33764.44,KDPP,1703,9891,89250,0,geod_dist_to_target,42,1.4647765231458205
33764.44,KDPP,1703,9891,89250,0,geod_dist_to_target,44,1.4647765231458205
33764.44,KDPP,1703,9891,89250,0,geod_dist_to_target,46,1.4647765231458205
33764.44,KDPP,1703,680,89250,0,geod_dist_to_target,48,1.1430329035388518
33764.44,KDPP,1703,9891,89250,0,geod_dist_to_target,50,1.4647765231458205
33764.44,KDPP,1703,680,89250,0,geod_dist_to_target,55,1.1430329035388518
33764.44,KDPP,1703,680,89250,0,geod_dist_to_target,60,1.1430329035388518
33764.44,KDPP,1703,4377,89250,0,geod_dist_to_target,65,0.46831042591843214
33764.44,KDPP,1703,680,89250,0,geod_dist_to_target,70,1.1430329035388518
33764.44,KDPP,1703,680,89250,0,geod_dist_to_target,75,1.1430329035388518
33764.44,KDPP,1703,680,89250,0,geod_dist_to_target,80,1.1430329035388518
33764.44,KDPP,1703,680,89250,0,geod_dist_to_target,85,1.1430329035388518
33764.44,KDPP,1703,680,89250,0,geod_dist_to_target,90,1.1430329035388518
33764.44,KDPP,1703,4201,89250,0,geod_dist_to_target,95,0.22467978116970785
33764.44,KDPP,1703,4201,89250,0,geod_dist_to_target,100,0.22467978116970785
33764.44,KDPP,1703,765,773956,0,geod_dist_to_target,5,3.894396019473296
33764.44,KDPP,1703,7691,773956,0,geod_dist_to_target,6,16.596988417535552
33764.44,KDPP,1703,7691,773956,0,geod_dist_to_target,7,16.596988417535552
33764.44,KDPP,1703,7691,773956,0,geod_dist_to_target,8,16.596988417535552
33764.44,KDPP,1703,7691,773956,0,geod_dist_to_target,9,16.596988417535552
33764.44,KDPP,1703,373,773956,0,geod_dist_to_target,10,17.03194659183418
33764.44,KDPP,1703,373,773956,0,geod_dist_to_target,11,17.03194659183418
33764.44,KDPP,1703,11866,773956,0,geod_dist_to_target,12,4.813973620049435
33764.44,KDPP,1703,6318,773956,0,geod_dist_to_target,13,4.4659894977988
33764.44,KDPP,1703,1314,773956,0,geod_dist_to_target,14,6.9130016615709815
33764.44,KDPP,1703,1314,773956,0,geod_dist_to_target,15,6.9130016615709815
33764.44,KDPP,1703,1314,773956,0,geod_dist_to_target,16,6.9130016615709815
33764.44,KDPP,1703,1314,773956,0,geod_dist_to_target,17,6.9130016615709815
33764.44,KDPP,1703,1314,773956,0,geod_dist_to_target,18,6.9130016615709815
33764.44,KDPP,1703,889,773956,0,geod_dist_to_target,19,3.786314464860174
33764.44,KDPP,1703,889,773956,0,geod_dist_to_target,20,3.786314464860174
33764.44,KDPP,1703,889,773956,0,geod_dist_to_target,22,3.786314464860174
33764.44,KDPP,1703,328,773956,0,geod_dist_to_target,24,4.232228516064516
33764.44,KDPP,1703,328,773956,0,geod_dist_to_target,26,4.232228516064516
33764.44,KDPP,1703,4376,773956,0,geod_dist_to_target,28,0.5178705232954098
33764.44,KDPP,1703,889,773956,0,geod_dist_to_target,30,3.786314464860174
33764.44,KDPP,1703,4377,773956,0,geod_dist_to_target,32,0.46831042591843214
33764.44,KDPP,1703,4377,773956,0,geod_dist_to_target,34,0.46831042591843214
33764.44,KDPP,1703,4377,773956,0,geod_dist_to_target,36,0.46831042591843214
33764.44,KDPP,1703,4377,773956,0,geod_dist_to_target,38,0.46831042591843214
33764.44,KDPP,1703,4377,773956,0,geod_dist_to_target,40,0.46831042591843214
33764.44,KDPP,1703,4377,773956,0,geod_dist_to_target,42,0.46831042591843214
33764.44,KDPP,1703,4377,773956,0,geod_dist_to_target,44,0.46831042591843214
33764.44,KDPP,1703,4377,773956,0,geod_dist_to_target,46,0.46831042591843214
33764.44,KDPP,1703,1005,773956,0,geod_dist_to_target,48,0.884314496638899
33764.44,KDPP,1703,1005,773956,0,geod_dist_to_target,50,0.884314496638899
33764.44,KDPP,1703,1005,773956,0,geod_dist_to_target,55,0.884314496638899
33764.44,KDPP,1703,1005,773956,0,geod_dist_to_target,60,0.884314496638899
33764.44,KDPP,1703,1005,773956,0,geod_dist_to_target,65,0.884314496638899
33764.44,KDPP,1703,1005,773956,0,geod_dist_to_target,70,0.884314496638899
33764.44,KDPP,1703,1005,773956,0,geod_dist_to_target,75,0.884314496638899
33764.44,KDPP,1703,1005,773956,0,geod_dist_to_target,80,0.884314496638899
33764.44,KDPP,1703,1005,773956,0,geod_dist_to_target,85,0.884314496638899
33764.44,KDPP,1703,1005,773956,0,geod_dist_to_target,90,0.884314496638899
33764.44,KDPP,1703,1005,773956,0,geod_dist_to_target,95,0.884314496638899
33764.44,KDPP,1703,1005,773956,0,geod_dist_to_target,100,0.884314496638899
33764.44,KDPP,1703,4091,654571,0,geod_dist_to_target,5,16.455036916384497
33764.44,KDPP,1703,9663,654571,0,geod_dist_to_target,6,8.1499855882485
33764.44,KDPP,1703,3359,654571,0,geod_dist_to_target,7,19.61226278673216
33764.44,KDPP,1703,2722,654571,0,geod_dist_to_target,8,7.285237431375069
33764.44,KDPP,1703,2722,654571,0,geod_dist_to_target,9,7.285237431375069
33764.44,KDPP,1703,2722,654571,0,geod_dist_to_target,10,7.285237431375069
33764.44,KDPP,1703,2722,654571,0,geod_dist_to_target,11,7.285237431375069
33764.44,KDPP,1703,2722,654571,0,geod_dist_to_target,12,7.285237431375069
33764.44,KDPP,1703,9769,654571,0,geod_dist_to_target,13,7.615866098384907
33764.44,KDPP,1703,6931,654571,0,geod_dist_to_target,14,6.487006656998179
33764.44,KDPP,1703,11621,654571,0,geod_dist_to_target,15,5.743686689666949
33764.44,KDPP,1703,11621,654571,0,geod_dist_to_target,16,5.743686689666949
33764.44,KDPP,1703,10807,654571,0,geod_dist_to_target,17,4.222319666783803
33764.44,KDPP,1703,10807,654571,0,geod_dist_to_target,18,4.222319666783803
33764.44,KDPP,1703,10807,654571,0,geod_dist_to_target,19,4.222319666783803
33764.44,KDPP,1703,4246,654571,0,geod_dist_to_target,20,3.435536146937294
33764.44,KDPP,1703,4246,654571,0,geod_dist_to_target,22,3.435536146937294
33764.44,KDPP,1703,6931,654571,0,geod_dist_to_target,24,6.487006656998179
33764.44,KDPP,1703,11866,654571,0,geod_dist_to_target,26,4.813973620049435
33764.44,KDPP,1703,11866,654571,0,geod_dist_to_target,28,4.813973620049435
33764.44,KDPP,1703,10807,654571,0,geod_dist_to_target,30,4.222319666783803
33764.44,KDPP,1703,11866,654571,0,geod_dist_to_target,32,4.813973620049435
33764.44,KDPP,1703,12315,654571,0,geod_dist_to_target,34,5.42705199446555
33764.44,KDPP,1703,11866,654571,0,geod_dist_to_target,36,4.813973620049435
33764.44,KDPP,1703,12315,654571,0,geod_dist_to_target,38,5.42705199446555
33764.44,KDPP,1703,12315,654571,0,geod_dist_to_target,40,5.42705199446555
33764.44,KDPP,1703,10807,654571,0,geod_dist_to_target,42,4.222319666783803
33764.44,KDPP,1703,2439,654571,0,geod_dist_to_target,44,2.0114983175549903
33764.44,KDPP,1703,4213,654571,0,geod_dist_to_target,46,0.8629219408301374
33764.44,KDPP,1703,4214,654571,0,geod_dist_to_target,48,1.4693953054773505
33764.44,KDPP,1703,49,654571,0,geod_dist_to_target,50,2.5477416823403796
33764.44,KDPP,1703,10951,654571,0,geod_dist_to_target,55,1.1033157119550998
33764.44,KDPP,1703,10951,654571,0,geod_dist_to_target,60,1.1033157119550998
33764.44,KDPP,1703,2439,654571,0,geod_dist_to_target,65,2.0114983175549903
33764.44,KDPP,1703,11612,654571,0,geod_dist_to_target,70,2.9051170545815608
33764.44,KDPP,1703,11612,654571,0,geod_dist_to_target,75,2.9051170545815608
33764.44,KDPP,1703,4222,654571,0,geod_dist_to_target,80,1.861108835383731
33764.44,KDPP,1703,11612,654571,0,geod_dist_to_target,85,2.9051170545815608
33764.44,KDPP,1703,11612,654571,0,geod_dist_to_target,90,2.9051170545815608
33764.44,KDPP,1703,4222,654571,0,geod_dist_to_target,95,1.861108835383731
33764.44,KDPP,1703,11612,654571,0,geod_dist_to_target,100,2.9051170545815608
33764.44,KDPP,1703,4410,438878,0,geod_dist_to_target,5,3.758631772797395
33764.44,KDPP,1703,7691,438878,0,geod_dist_to_target,6,16.596988417535552
33764.44,KDPP,1703,751,438878,0,geod_dist_to_target,7,3.637337142267821
33764.44,KDPP,1703,3359,438878,0,geod_dist_to_target,8,19.61226278673216
33764.44,KDPP,1703,373,438878,0,geod_dist_to_target,9,17.03194659183418
33764.44,KDPP,1703,373,438878,0,geod_dist_to_target,10,17.03194659183418
33764.44,KDPP,1703,373,438878,0,geod_dist_to_target,11,17.03194659183418
33764.44,KDPP,1703,4246,438878,0,geod_dist_to_target,12,3.435536146937294
33764.44,KDPP,1703,11866,438878,0,geod_dist_to_target,13,4.813973620049435
33764.44,KDPP,1703,11866,438878,0,geod_dist_to_target,14,4.813973620049435
33764.44,KDPP,1703,11866,438878,0,geod_dist_to_target,15,4.813973620049435
33764.44,KDPP,1703,11866,438878,0,geod_dist_to_target,16,4.813973620049435
33764.44,KDPP,1703,6318,438878,0,geod_dist_to_target,17,4.4659894977988
33764.44,KDPP,1703,11866,438878,0,geod_dist_to_target,18,4.813973620049435
33764.44,KDPP,1703,11866,438878,0,geod_dist_to_target,19,4.813973620049435
33764.44,KDPP,1703,6318,438878,0,geod_dist_to_target,20,4.4659894977988
33764.44,KDPP,1703,6318,438878,0,geod_dist_to_target,22,4.4659894977988
33764.44,KDPP,1703,6318,438878,0,geod_dist_to_target,24,4.4659894977988
33764.44,KDPP,1703,11612,438878,0,geod_dist_to_target,26,2.9051170545815608
33764.44,KDPP,1703,11612,438878,0,geod_dist_to_target,28,2.9051170545815608
33764.44,KDPP,1703,4222,438878,0,geod_dist_to_target,30,1.861108835383731
33764.44,KDPP,1703,4222,438878,0,geod_dist_to_target,32,1.861108835383731
33764.44,KDPP,1703,4222,438878,0,geod_dist_to_target,34,1.861108835383731
33764.44,KDPP,1703,4222,438878,0,geod_dist_to_target,36,1.861108835383731
33764.44,KDPP,1703,4725,438878,0,geod_dist_to_target,38,2.767412195609948
33764.44,KDPP,1703,4222,438878,0,geod_dist_to_target,40,1.861108835383731
33764.44,KDPP,1703,2071,438878,0,geod_dist_to_target,42,1.0152557721994404
33764.44,KDPP,1703,7548,438878,0,geod_dist_to_target,44,1.3661127631445547
33764.44,KDPP,1703,2071,438878,0,geod_dist_to_target,46,1.0152557721994404
33764.44,KDPP,1703,2071,438878,0,geod_dist_to_target,48,1.0152557721994404
33764.44,KDPP,1703,7548,438878,0,geod_dist_to_target,50,1.3661127631445547
33764.44,KDPP,1703,4211,438878,0,geod_dist_to_target,55,0.5322247347903476
33764.44,KDPP,1703,4211,438878,0,geod_dist_to_target,60,0.5322247347903476
33764.44,KDPP,1703,4211,438878,0,geod_dist_to_target,65,0.5322247347903476
33764.44,KDPP,1703,7548,438878,0,geod_dist_to_target,70,1.3661127631445547
33764.44,KDPP,1703,4211,438878,0,geod_dist_to_target,75,0.5322247347903476
33764.44,KDPP,1703,4211,438878,0,geod_dist_to_target,80,0.5322247347903476
33764.44,KDPP,1703,4211,438878,0,geod_dist_to_target,85,0.5322247347903476
33764.44,KDPP,1703,4211,438878,0,geod_dist_to_target,90,0.5322247347903476
33764.44,KDPP,1703,4211,438878,0,geod_dist_to_target,95,0.5322247347903476
33764.44,KDPP,1703,4211,438878,0,geod_dist_to_target,100,0.5322247347903476
33764.44,KDPP,1703,5888,433015,0,geod_dist_to_target,5,15.27917791625199
33764.44,KDPP,1703,4364,433015,0,geod_dist_to_target,6,1.2950533998310991
33764.44,KDPP,1703,183,433015,0,geod_dist_to_target,7,1.0040826129057305
33764.44,KDPP,1703,183,433015,0,geod_dist_to_target,8,1.0040826129057305
33764.44,KDPP,1703,2097,433015,0,geod_dist_to_target,9,1.2191724290331893
33764.44,KDPP,1703,1703,433015,0,geod_dist_to_target,10,0.0
33764.44,KDPP,1703,348,433015,0,geod_dist_to_target,11,0.5119390166909262
33764.44,KDPP,1703,2097,433015,0,geod_dist_to_target,12,1.2191724290331893
33764.44,KDPP,1703,183,433015,0,geod_dist_to_target,13,1.0040826129057305
33764.44,KDPP,1703,1703,433015,0,geod_dist_to_target,14,0.0
33764.44,KDPP,1703,1703,433015,0,geod_dist_to_target,15,0.0
33764.44,KDPP,1703,1703,433015,0,geod_dist_to_target,16,0.0
33764.44,KDPP,1703,348,433015,0,geod_dist_to_target,17,0.5119390166909262
33764.44,KDPP,1703,4377,433015,0,geod_dist_to_target,18,0.46831042591843214
33764.44,KDPP,1703,4377,433015,0,geod_dist_to_target,19,0.46831042591843214
33764.44,KDPP,1703,4377,433015,0,geod_dist_to_target,20,0.46831042591843214
33764.44,KDPP,1703,4377,433015,0,geod_dist_to_target,22,0.46831042591843214
33764.44,KDPP,1703,4377,433015,0,geod_dist_to_target,24,0.46831042591843214
33764.44,KDPP,1703,4377,433015,0,geod_dist_to_target,26,0.46831042591843214
33764.44,KDPP,1703,1703,433015,0,geod_dist_to_target,28,0.0
33764.44,KDPP,1703,2071,433015,0,geod_dist_to_target,30,1.0152557721994404
33764.44,KDPP,1703,4211,433015,0,geod_dist_to_target,32,0.5322247347903476
33764.44,KDPP,1703,2071,433015,0,geod_dist_to_target,34,1.0152557721994404
33764.44,KDPP,1703,7548,433015,0,geod_dist_to_target,36,1.3661127631445547
33764.44,KDPP,1703,7548,433015,0,geod_dist_to_target,38,1.3661127631445547
33764.44,KDPP,1703,7548,433015,0,geod_dist_to_target,40,1.3661127631445547
33764.44,KDPP,1703,7548,433015,0,geod_dist_to_target,42,1.3661127631445547
33764.44,KDPP,1703,2071,433015,0,geod_dist_to_target,44,1.0152557721994404
33764.44,KDPP,1703,2071,433015,0,geod_dist_to_target,46,1.0152557721994404
33764.44,KDPP,1703,2071,433015,0,geod_dist_to_target,48,1.0152557721994404
33764.44,KDPP,1703,2071,433015,0,geod_dist_to_target,50,1.0152557721994404
33764.44,KDPP,1703,4201,433015,0,geod_dist_to_target,55,0.22467978116970785
33764.44,KDPP,1703,4201,433015,0,geod_dist_to_target,60,0.22467978116970785
33764.44,KDPP,1703,1005,433015,0,geod_dist_to_target,65,0.884314496638899
33764.44,KDPP,1703,4201,433015,0,geod_dist_to_target,70,0.22467978116970785
33764.44,KDPP,1703,1005,433015,0,geod_dist_to_target,75,0.884314496638899
33764.44,KDPP,1703,4201,433015,0,geod_dist_to_target,80,0.22467978116970785
33764.44,KDPP,1703,4201,433015,0,geod_dist_to_target,85,0.22467978116970785
33764.44,KDPP,1703,4201,433015,0,geod_dist_to_target,90,0.22467978116970785
33764.44,KDPP,1703,4201,433015,0,geod_dist_to_target,95,0.22467978116970785
33764.44,KDPP,1703,4201,433015,0,geod_dist_to_target,100,0.22467978116970785
33764.44,KDPP,1703,1677,858597,0,geod_dist_to_target,5,14.592183657645927
33764.44,KDPP,1703,4779,858597,0,geod_dist_to_target,6,5.880432203880012
33764.44,KDPP,1703,4779,858597,0,geod_dist_to_target,7,5.880432203880012
33764.44,KDPP,1703,1867,858597,0,geod_dist_to_target,8,4.705877522671565
33764.44,KDPP,1703,2845,858597,0,geod_dist_to_target,9,13.998957132278525
33764.44,KDPP,1703,2845,858597,0,geod_dist_to_target,10,13.998957132278525
33764.44,KDPP,1703,2845,858597,0,geod_dist_to_target,11,13.998957132278525
33764.44,KDPP,1703,4558,858597,0,geod_dist_to_target,12,3.0723326915422806
33764.44,KDPP,1703,2845,858597,0,geod_dist_to_target,13,13.998957132278525
33764.44,KDPP,1703,2435,858597,0,geod_dist_to_target,14,14.71405192278389
33764.44,KDPP,1703,2439,858597,0,geod_dist_to_target,15,2.0114983175549903
33764.44,KDPP,1703,2439,858597,0,geod_dist_to_target,16,2.0114983175549903
33764.44,KDPP,1703,2481,858597,0,geod_dist_to_target,17,14.478554833898341
33764.44,KDPP,1703,2097,858597,0,geod_dist_to_target,18,1.2191724290331893
33764.44,KDPP,1703,2097,858597,0,geod_dist_to_target,19,1.2191724290331893
33764.44,KDPP,1703,2097,858597,0,geod_dist_to_target,20,1.2191724290331893
33764.44,KDPP,1703,348,858597,0,geod_dist_to_target,22,0.5119390166909262
33764.44,KDPP,1703,2097,858597,0,geod_dist_to_target,24,1.2191724290331893
33764.44,KDPP,1703,2097,858597,0,geod_dist_to_target,26,1.2191724290331893
33764.44,KDPP,1703,1703,858597,0,geod_dist_to_target,28,0.0
33764.44,KDPP,1703,1703,858597,0,geod_dist_to_target,30,0.0
33764.44,KDPP,1703,4201,858597,0,geod_dist_to_target,32,0.22467978116970785
33764.44,KDPP,1703,2435,858597,0,geod_dist_to_target,34,14.71405192278389
33764.44,KDPP,1703,2435,858597,0,geod_dist_to_target,36,14.71405192278389
33764.44,KDPP,1703,4201,858597,0,geod_dist_to_target,38,0.22467978116970785
33764.44,KDPP,1703,4201,858597,0,geod_dist_to_target,40,0.22467978116970785
33764.44,KDPP,1703,1005,858597,0,geod_dist_to_target,42,0.884314496638899
33764.44,KDPP,1703,1005,858597,0,geod_dist_to_target,44,0.884314496638899
33764.44,KDPP,1703,4201,858597,0,geod_dist_to_target,46,0.22467978116970785
33764.44,KDPP,1703,1914,858597,0,geod_dist_to_target,48,0.49993832217698103
33764.44,KDPP,1703,1914,858597,0,geod_dist_to_target,50,0.49993832217698103
33764.44,KDPP,1703,2435,858597,0,geod_dist_to_target,55,14.71405192278389
33764.44,KDPP,1703,9891,858597,0,geod_dist_to_target,60,1.4647765231458205
33764.44,KDPP,1703,680,858597,0,geod_dist_to_target,65,1.1430329035388518
33764.44,KDPP,1703,9891,858597,0,geod_dist_to_target,70,1.4647765231458205
33764.44,KDPP,1703,9891,858597,0,geod_dist_to_target,75,1.4647765231458205
33764.44,KDPP,1703,1005,858597,0,geod_dist_to_target,80,0.884314496638899
33764.44,KDPP,1703,1005,858597,0,geod_dist_to_target,85,0.884314496638899
33764.44,KDPP,1703,680,858597,0,geod_dist_to_target,90,1.1430329035388518
33764.44,KDPP,1703,4201,858597,0,geod_dist_to_target,95,0.22467978116970785
33764.44,KDPP,1703,1703,858597,0,geod_dist_to_target,100,0.0
33764.44,KDPP,1703,1534,85945,0,geod_dist_to_target,5,27.68605523727886
33764.44,KDPP,1703,4768,85945,0,geod_dist_to_target,6,5.17711828809968
33764.44,KDPP,1703,1564,85945,0,geod_dist_to_target,7,12.431744881921134
33764.44,KDPP,1703,1913,85945,0,geod_dist_to_target,8,13.78666940274919
33764.44,KDPP,1703,4768,85945,0,geod_dist_to_target,9,5.17711828809968
33764.44,KDPP,1703,4768,85945,0,geod_dist_to_target,10,5.17711828809968
33764.44,KDPP,1703,4768,85945,0,geod_dist_to_target,11,5.17711828809968
33764.44,KDPP,1703,10345,85945,0,geod_dist_to_target,12,5.856523337259397
33764.44,KDPP,1703,1564,85945,0,geod_dist_to_target,13,12.431744881921134
33764.44,KDPP,1703,1564,85945,0,geod_dist_to_target,14,12.431744881921134
33764.44,KDPP,1703,1686,85945,0,geod_dist_to_target,15,13.092136205852588
33764.44,KDPP,1703,1686,85945,0,geod_dist_to_target,16,13.092136205852588
33764.44,KDPP,1703,4378,85945,0,geod_dist_to_target,17,0.9962662417445457
33764.44,KDPP,1703,1914,85945,0,geod_dist_to_target,18,0.49993832217698103
33764.44,KDPP,1703,1914,85945,0,geod_dist_to_target,19,0.49993832217698103
33764.44,KDPP,1703,1914,85945,0,geod_dist_to_target,20,0.49993832217698103
33764.44,KDPP,1703,1914,85945,0,geod_dist_to_target,22,0.49993832217698103
33764.44,KDPP,1703,1914,85945,0,geod_dist_to_target,24,0.49993832217698103
33764.44,KDPP,1703,1914,85945,0,geod_dist_to_target,26,0.49993832217698103
33764.44,KDPP,1703,1914,85945,0,geod_dist_to_target,28,0.49993832217698103
33764.44,KDPP,1703,4200,85945,0,geod_dist_to_target,30,0.49102418320330976
33764.44,KDPP,1703,4200,85945,0,geod_dist_to_target,32,0.49102418320330976
33764.44,KDPP,1703,4200,85945,0,geod_dist_to_target,34,0.49102418320330976
33764.44,KDPP,1703,4200,85945,0,geod_dist_to_target,36,0.49102418320330976
33764.44,KDPP,1703,4200,85945,0,geod_dist_to_target,38,0.49102418320330976
33764.44,KDPP,1703,4200,85945,0,geod_dist_to_target,40,0.49102418320330976
33764.44,KDPP,1703,4200,85945,0,geod_dist_to_target,42,0.49102418320330976
33764.44,KDPP,1703,4200,85945,0,geod_dist_to_target,44,0.49102418320330976
33764.44,KDPP,1703,4200,85945,0,geod_dist_to_target,46,0.49102418320330976
33764.44,KDPP,1703,4200,85945,0,geod_dist_to_target,48,0.49102418320330976
33764.44,KDPP,1703,4200,85945,0,geod_dist_to_target,50,0.49102418320330976
33764.44,KDPP,1703,4200,85945,0,geod_dist_to_target,55,0.49102418320330976
33764.44,KDPP,1703,4201,85945,0,geod_dist_to_target,60,0.22467978116970785
33764.44,KDPP,1703,4202,85945,0,geod_dist_to_target,65,0.24838691691917922
33764.44,KDPP,1703,4202,85945,0,geod_dist_to_target,70,0.24838691691917922
33764.44,KDPP,1703,4202,85945,0,geod_dist_to_target,75,0.24838691691917922
33764.44,KDPP,1703,4202,85945,0,geod_dist_to_target,80,0.24838691691917922
33764.44,KDPP,1703,2071,85945,0,geod_dist_to_target,85,1.0152557721994404
33764.44,KDPP,1703,2071,85945,0,geod_dist_to_target,90,1.0152557721994404
33764.44,KDPP,1703,2071,85945,0,geod_dist_to_target,95,1.0152557721994404
33764.44,KDPP,1703,2071,85945,0,geod_dist_to_target,100,1.0152557721994404
33764.44,KDPP,1703,8533,697368,0,geod_dist_to_target,5,42.19941140453764
33764.44,KDPP,1703,5883,697368,0,geod_dist_to_target,6,7.9782116274255594
33764.44,KDPP,1703,11501,697368,0,geod_dist_to_target,7,15.281345612361015
33764.44,KDPP,1703,11501,697368,0,geod_dist_to_target,8,15.281345612361015
33764.44,KDPP,1703,9769,697368,0,geod_dist_to_target,9,7.615866098384907
33764.44,KDPP,1703,9769,697368,0,geod_dist_to_target,10,7.615866098384907
33764.44,KDPP,1703,9769,697368,0,geod_dist_to_target,11,7.615866098384907
33764.44,KDPP,1703,2722,697368,0,geod_dist_to_target,12,7.285237431375069
33764.44,KDPP,1703,9769,697368,0,geod_dist_to_target,13,7.615866098384907
33764.44,KDPP,1703,6931,697368,0,geod_dist_to_target,14,6.487006656998179
33764.44,KDPP,1703,6931,697368,0,geod_dist_to_target,15,6.487006656998179
33764.44,KDPP,1703,9499,697368,0,geod_dist_to_target,16,6.115087849643733
33764.44,KDPP,1703,5222,697368,0,geod_dist_to_target,17,3.3360052568503726
33764.44,KDPP,1703,2845,697368,0,geod_dist_to_target,18,13.998957132278525
33764.44,KDPP,1703,4634,697368,0,geod_dist_to_target,19,13.787123985702694
33764.44,KDPP,1703,4634,697368,0,geod_dist_to_target,20,13.787123985702694
33764.44,KDPP,1703,4634,697368,0,geod_dist_to_target,22,13.787123985702694
33764.44,KDPP,1703,4634,697368,0,geod_dist_to_target,24,13.787123985702694
33764.44,KDPP,1703,4634,697368,0,geod_dist_to_target,26,13.787123985702694
33764.44,KDPP,1703,4634,697368,0,geod_dist_to_target,28,13.787123985702694
33764.44,KDPP,1703,4634,697368,0,geod_dist_to_target,30,13.787123985702694
33764.44,KDPP,1703,2845,697368,0,geod_dist_to_target,32,13.998957132278525
33764.44,KDPP,1703,2845,697368,0,geod_dist_to_target,34,13.998957132278525
33764.44,KDPP,1703,4634,697368,0,geod_dist_to_target,36,13.787123985702694
33764.44,KDPP,1703,2481,697368,0,geod_dist_to_target,38,14.478554833898341
33764.44,KDPP,1703,2481,697368,0,geod_dist_to_target,40,14.478554833898341
33764.44,KDPP,1703,2481,697368,0,geod_dist_to_target,42,14.478554833898341
33764.44,KDPP,1703,2481,697368,0,geod_dist_to_target,44,14.478554833898341
33764.44,KDPP,1703,2845,697368,0,geod_dist_to_target,46,13.998957132278525
33764.44,KDPP,1703,2845,697368,0,geod_dist_to_target,48,13.998957132278525
33764.44,KDPP,1703,2845,697368,0,geod_dist_to_target,50,13.998957132278525
33764.44,KDPP,1703,2481,697368,0,geod_dist_to_target,55,14.478554833898341
33764.44,KDPP,1703,2481,697368,0,geod_dist_to_target,60,14.478554833898341
33764.44,KDPP,1703,2481,697368,0,geod_dist_to_target,65,14.478554833898341
33764.44,KDPP,1703,2481,697368,0,geod_dist_to_target,70,14.478554833898341
33764.44,KDPP,1703,2481,697368,0,geod_dist_to_target,75,14.478554833898341
33764.44,KDPP,1703,2481,697368,0,geod_dist_to_target,80,14.478554833898341
33764.44,KDPP,1703,2481,697368,0,geod_dist_to_target,85,14.478554833898341
33764.44,KDPP,1703,2097,697368,0,geod_dist_to_target,90,1.2191724290331893
33764.44,KDPP,1703,2097,697368,0,geod_dist_to_target,95,1.2191724290331893
33764.44,KDPP,1703,2097,697368,0,geod_dist_to_target,100,1.2191724290331893
33764.44,KDPP,1703,3014,201469,0,geod_dist_to_target,5,18.702849221293693
33764.44,KDPP,1703,4101,201469,0,geod_dist_to_target,6,6.243948729842946
33764.44,KDPP,1703,4101,201469,0,geod_dist_to_target,7,6.243948729842946
33764.44,KDPP,1703,210,201469,0,geod_dist_to_target,8,5.5832114316600014
33764.44,KDPP,1703,210,201469,0,geod_dist_to_target,9,5.5832114316600014
33764.44,KDPP,1703,4231,201469,0,geod_dist_to_target,10,3.5538722266913028
33764.44,KDPP,1703,4231,201469,0,geod_dist_to_target,11,3.5538722266913028
33764.44,KDPP,1703,7548,201469,0,geod_dist_to_target,12,1.3661127631445547
33764.44,KDPP,1703,2071,201469,0,geod_dist_to_target,13,1.0152557721994404
33764.44,KDPP,1703,2071,201469,0,geod_dist_to_target,14,1.0152557721994404
33764.44,KDPP,1703,4222,201469,0,geod_dist_to_target,15,1.861108835383731
33764.44,KDPP,1703,4222,201469,0,geod_dist_to_target,16,1.861108835383731
33764.44,KDPP,1703,12315,201469,0,geod_dist_to_target,17,5.42705199446555
33764.44,KDPP,1703,12315,201469,0,geod_dist_to_target,18,5.42705199446555
33764.44,KDPP,1703,12315,201469,0,geod_dist_to_target,19,5.42705199446555
33764.44,KDPP,1703,12315,201469,0,geod_dist_to_target,20,5.42705199446555
33764.44,KDPP,1703,12315,201469,0,geod_dist_to_target,22,5.42705199446555
33764.44,KDPP,1703,12315,201469,0,geod_dist_to_target,24,5.42705199446555
33764.44,KDPP,1703,12315,201469,0,geod_dist_to_target,26,5.42705199446555
33764.44,KDPP,1703,12100,201469,0,geod_dist_to_target,28,3.7766964248272505
33764.44,KDPP,1703,4246,201469,0,geod_dist_to_target,30,3.435536146937294
33764.44,KDPP,1703,12100,201469,0,geod_dist_to_target,32,3.7766964248272505
33764.44,KDPP,1703,12100,201469,0,geod_dist_to_target,34,3.7766964248272505
33764.44,KDPP,1703,12100,201469,0,geod_dist_to_target,36,3.7766964248272505
33764.44,KDPP,1703,11866,201469,0,geod_dist_to_target,38,4.813973620049435
33764.44,KDPP,1703,12100,201469,0,geod_dist_to_target,40,3.7766964248272505
33764.44,KDPP,1703,12100,201469,0,geod_dist_to_target,42,3.7766964248272505
33764.44,KDPP,1703,12100,201469,0,geod_dist_to_target,44,3.7766964248272505
33764.44,KDPP,1703,12100,201469,0,geod_dist_to_target,46,3.7766964248272505
33764.44,KDPP,1703,12100,201469,0,geod_dist_to_target,48,3.7766964248272505
33764.44,KDPP,1703,12100,201469,0,geod_dist_to_target,50,3.7766964248272505
33764.44,KDPP,1703,11612,201469,0,geod_dist_to_target,55,2.9051170545815608
33764.44,KDPP,1703,12100,201469,0,geod_dist_to_target,60,3.7766964248272505
33764.44,KDPP,1703,12100,201469,0,geod_dist_to_target,65,3.7766964248272505
33764.44,KDPP,1703,12100,201469,0,geod_dist_to_target,70,3.7766964248272505
33764.44,KDPP,1703,12100,201469,0,geod_dist_to_target,75,3.7766964248272505
33764.44,KDPP,1703,12100,201469,0,geod_dist_to_target,80,3.7766964248272505
33764.44,KDPP,1703,12100,201469,0,geod_dist_to_target,85,3.7766964248272505
33764.44,KDPP,1703,12100,201469,0,geod_dist_to_target,90,3.7766964248272505
33764.44,KDPP,1703,12100,201469,0,geod_dist_to_target,95,3.7766964248272505
33764.44,KDPP,1703,12100,201469,0,geod_dist_to_target,100,3.7766964248272505
33764.44,KDPP,1703,5222,94177,0,geod_dist_to_target,5,3.3360052568503726
33764.44,KDPP,1703,817,94177,0,geod_dist_to_target,6,2.6281501425611116
33764.44,KDPP,1703,5592,94177,0,geod_dist_to_target,7,1.950932989842432
33764.44,KDPP,1703,4624,94177,0,geod_dist_to_target,8,15.044612843332578
33764.44,KDPP,1703,4624,94177,0,geod_dist_to_target,9,15.044612843332578
33764.44,KDPP,1703,4624,94177,0,geod_dist_to_target,10,15.044612843332578
33764.44,KDPP,1703,4624,94177,0,geod_dist_to_target,11,15.044612843332578
33764.44,KDPP,1703,2913,94177,0,geod_dist_to_target,12,1.964062017616137
33764.44,KDPP,1703,2913,94177,0,geod_dist_to_target,13,1.964062017616137
33764.44,KDPP,1703,2481,94177,0,geod_dist_to_target,14,14.478554833898341
33764.44,KDPP,1703,2481,94177,0,geod_dist_to_target,15,14.478554833898341
33764.44,KDPP,1703,2481,94177,0,geod_dist_to_target,16,14.478554833898341
33764.44,KDPP,1703,2071,94177,0,geod_dist_to_target,17,1.0152557721994404
33764.44,KDPP,1703,4201,94177,0,geod_dist_to_target,18,0.22467978116970785
33764.44,KDPP,1703,4201,94177,0,geod_dist_to_target,19,0.22467978116970785
33764.44,KDPP,1703,4201,94177,0,geod_dist_to_target,20,0.22467978116970785
33764.44,KDPP,1703,4201,94177,0,geod_dist_to_target,22,0.22467978116970785
33764.44,KDPP,1703,4201,94177,0,geod_dist_to_target,24,0.22467978116970785
33764.44,KDPP,1703,4201,94177,0,geod_dist_to_target,26,0.22467978116970785
33764.44,KDPP,1703,2097,94177,0,geod_dist_to_target,28,1.2191724290331893
33764.44,KDPP,1703,6644,94177,0,geod_dist_to_target,30,1.905545592367454
33764.44,KDPP,1703,2097,94177,0,geod_dist_to_target,32,1.2191724290331893
33764.44,KDPP,1703,2097,94177,0,geod_dist_to_target,34,1.2191724290331893
33764.44,KDPP,1703,2097,94177,0,geod_dist_to_target,36,1.2191724290331893
33764.44,KDPP,1703,2097,94177,0,geod_dist_to_target,38,1.2191724290331893
33764.44,KDPP,1703,2097,94177,0,geod_dist_to_target,40,1.2191724290331893
33764.44,KDPP,1703,2097,94177,0,geod_dist_to_target,42,1.2191724290331893
33764.44,KDPP,1703,2097,94177,0,geod_dist_to_target,44,1.2191724290331893
33764.44,KDPP,1703,2097,94177,0,geod_dist_to_target,46,1.2191724290331893
33764.44,KDPP,1703,6644,94177,0,geod_dist_to_target,48,1.905545592367454
33764.44,KDPP,1703,2097,94177,0,geod_dist_to_target,50,1.2191724290331893
33764.44,KDPP,1703,680,94177,0,geod_dist_to_target,55,1.1430329035388518
33764.44,KDPP,1703,680,94177,0,geod_dist_to_target,60,1.1430329035388518
33764.44,KDPP,1703,4377,94177,0,geod_dist_to_target,65,0.46831042591843214
33764.44,KDPP,1703,680,94177,0,geod_dist_to_target,70,1.1430329035388518
33764.44,KDPP,1703,4377,94177,0,geod_dist_to_target,75,0.46831042591843214
33764.44,KDPP,1703,4377,94177,0,geod_dist_to_target,80,0.46831042591843214
33764.44,KDPP,1703,4377,94177,0,geod_dist_to_target,85,0.46831042591843214
33764.44,KDPP,1703,1703,94177,0,geod_dist_to_target,90,0.0
33764.44,KDPP,1703,1703,94177,0,geod_dist_to_target,95,0.0
33764.44,KDPP,1703,1703,94177,0,geod_dist_to_target,100,0.0
33764.44,KDPP-Norm,1703,830,89250,0,geod_dist_to_target,5,16.71492805701922
33764.44,KDPP-Norm,1703,8591,89250,0,geod_dist_to_target,6,8.615994165149518
33764.44,KDPP-Norm,1703,976,89250,0,geod_dist_to_target,7,3.264523558361134
33764.44,KDPP-Norm,1703,265,89250,0,geod_dist_to_target,8,3.4297529431211173
33764.44,KDPP-Norm,1703,4560,89250,0,geod_dist_to_target,9,3.1011106827510235
33764.44,KDPP-Norm,1703,4560,89250,0,geod_dist_to_target,10,3.1011106827510235
33764.44,KDPP-Norm,1703,4560,89250,0,geod_dist_to_target,11,3.1011106827510235
33764.44,KDPP-Norm,1703,4560,89250,0,geod_dist_to_target,12,3.1011106827510235
33764.44,KDPP-Norm,1703,4560,89250,0,geod_dist_to_target,13,3.1011106827510235
33764.44,KDPP-Norm,1703,4560,89250,0,geod_dist_to_target,14,3.1011106827510235
33764.44,KDPP-Norm,1703,4560,89250,0,geod_dist_to_target,15,3.1011106827510235
33764.44,KDPP-Norm,1703,4560,89250,0,geod_dist_to_target,16,3.1011106827510235
33764.44,KDPP-Norm,1703,4360,89250,0,geod_dist_to_target,17,2.621084676538944
33764.44,KDPP-Norm,1703,4360,89250,0,geod_dist_to_target,18,2.621084676538944
33764.44,KDPP-Norm,1703,6644,89250,0,geod_dist_to_target,19,1.905545592367454
33764.44,KDPP-Norm,1703,6644,89250,0,geod_dist_to_target,20,1.905545592367454
33764.44,KDPP-Norm,1703,680,89250,0,geod_dist_to_target,22,1.1430329035388518
33764.44,KDPP-Norm,1703,348,89250,0,geod_dist_to_target,24,0.5119390166909262
33764.44,KDPP-Norm,1703,348,89250,0,geod_dist_to_target,26,0.5119390166909262
33764.44,KDPP-Norm,1703,348,89250,0,geod_dist_to_target,28,0.5119390166909262
33764.44,KDPP-Norm,1703,348,89250,0,geod_dist_to_target,30,0.5119390166909262
33764.44,KDPP-Norm,1703,348,89250,0,geod_dist_to_target,32,0.5119390166909262
33764.44,KDPP-Norm,1703,348,89250,0,geod_dist_to_target,34,0.5119390166909262
33764.44,KDPP-Norm,1703,348,89250,0,geod_dist_to_target,36,0.5119390166909262
33764.44,KDPP-Norm,1703,348,89250,0,geod_dist_to_target,38,0.5119390166909262
33764.44,KDPP-Norm,1703,348,89250,0,geod_dist_to_target,40,0.5119390166909262
33764.44,KDPP-Norm,1703,348,89250,0,geod_dist_to_target,42,0.5119390166909262
33764.44,KDPP-Norm,1703,348,89250,0,geod_dist_to_target,44,0.5119390166909262
33764.44,KDPP-Norm,1703,348,89250,0,geod_dist_to_target,46,0.5119390166909262
33764.44,KDPP-Norm,1703,348,89250,0,geod_dist_to_target,48,0.5119390166909262
33764.44,KDPP-Norm,1703,348,89250,0,geod_dist_to_target,50,0.5119390166909262
33764.44,KDPP-Norm,1703,6340,89250,0,geod_dist_to_target,55,0.24956215135320794
33764.44,KDPP-Norm,1703,4211,89250,0,geod_dist_to_target,60,0.5322247347903476
33764.44,KDPP-Norm,1703,4211,89250,0,geod_dist_to_target,65,0.5322247347903476
33764.44,KDPP-Norm,1703,4211,89250,0,geod_dist_to_target,70,0.5322247347903476
33764.44,KDPP-Norm,1703,4211,89250,0,geod_dist_to_target,75,0.5322247347903476
33764.44,KDPP-Norm,1703,7548,89250,0,geod_dist_to_target,80,1.3661127631445547
33764.44,KDPP-Norm,1703,7548,89250,0,geod_dist_to_target,85,1.3661127631445547
33764.44,KDPP-Norm,1703,4211,89250,0,geod_dist_to_target,90,0.5322247347903476
33764.44,KDPP-Norm,1703,4211,89250,0,geod_dist_to_target,95,0.5322247347903476
33764.44,KDPP-Norm,1703,4211,89250,0,geod_dist_to_target,100,0.5322247347903476
33764.44,KDPP-Norm,1703,715,773956,0,geod_dist_to_target,5,23.775632860646596
33764.44,KDPP-Norm,1703,4201,773956,0,geod_dist_to_target,6,0.22467978116970785
33764.44,KDPP-Norm,1703,1005,773956,0,geod_dist_to_target,7,0.884314496638899
33764.44,KDPP-Norm,1703,1005,773956,0,geod_dist_to_target,8,0.884314496638899
33764.44,KDPP-Norm,1703,1005,773956,0,geod_dist_to_target,9,0.884314496638899
33764.44,KDPP-Norm,1703,1005,773956,0,geod_dist_to_target,10,0.884314496638899
33764.44,KDPP-Norm,1703,1005,773956,0,geod_dist_to_target,11,0.884314496638899
33764.44,KDPP-Norm,1703,1005,773956,0,geod_dist_to_target,12,0.884314496638899
33764.44,KDPP-Norm,1703,4201,773956,0,geod_dist_to_target,13,0.22467978116970785
33764.44,KDPP-Norm,1703,4201,773956,0,geod_dist_to_target,14,0.22467978116970785
33764.44,KDPP-Norm,1703,4201,773956,0,geod_dist_to_target,15,0.22467978116970785
33764.44,KDPP-Norm,1703,4201,773956,0,geod_dist_to_target,16,0.22467978116970785
33764.44,KDPP-Norm,1703,4201,773956,0,geod_dist_to_target,17,0.22467978116970785
33764.44,KDPP-Norm,1703,4201,773956,0,geod_dist_to_target,18,0.22467978116970785
33764.44,KDPP-Norm,1703,680,773956,0,geod_dist_to_target,19,1.1430329035388518
33764.44,KDPP-Norm,1703,4377,773956,0,geod_dist_to_target,20,0.46831042591843214
33764.44,KDPP-Norm,1703,680,773956,0,geod_dist_to_target,22,1.1430329035388518
33764.44,KDPP-Norm,1703,4362,773956,0,geod_dist_to_target,24,2.0454466661615407
33764.44,KDPP-Norm,1703,9891,773956,0,geod_dist_to_target,26,1.4647765231458205
33764.44,KDPP-Norm,1703,680,773956,0,geod_dist_to_target,28,1.1430329035388518
33764.44,KDPP-Norm,1703,680,773956,0,geod_dist_to_target,30,1.1430329035388518
33764.44,KDPP-Norm,1703,9891,773956,0,geod_dist_to_target,32,1.4647765231458205
33764.44,KDPP-Norm,1703,680,773956,0,geod_dist_to_target,34,1.1430329035388518
33764.44,KDPP-Norm,1703,680,773956,0,geod_dist_to_target,36,1.1430329035388518
33764.44,KDPP-Norm,1703,501,773956,0,geod_dist_to_target,38,1.7639502055891951
33764.44,KDPP-Norm,1703,680,773956,0,geod_dist_to_target,40,1.1430329035388518
33764.44,KDPP-Norm,1703,680,773956,0,geod_dist_to_target,42,1.1430329035388518
33764.44,KDPP-Norm,1703,4201,773956,0,geod_dist_to_target,44,0.22467978116970785
33764.44,KDPP-Norm,1703,4377,773956,0,geod_dist_to_target,46,0.46831042591843214
33764.44,KDPP-Norm,1703,4377,773956,0,geod_dist_to_target,48,0.46831042591843214
33764.44,KDPP-Norm,1703,1005,773956,0,geod_dist_to_target,50,0.884314496638899
33764.44,KDPP-Norm,1703,4377,773956,0,geod_dist_to_target,55,0.46831042591843214
33764.44,KDPP-Norm,1703,4377,773956,0,geod_dist_to_target,60,0.46831042591843214
33764.44,KDPP-Norm,1703,4377,773956,0,geod_dist_to_target,65,0.46831042591843214
33764.44,KDPP-Norm,1703,4377,773956,0,geod_dist_to_target,70,0.46831042591843214
33764.44,KDPP-Norm,1703,1005,773956,0,geod_dist_to_target,75,0.884314496638899
33764.44,KDPP-Norm,1703,4377,773956,0,geod_dist_to_target,80,0.46831042591843214
33764.44,KDPP-Norm,1703,4377,773956,0,geod_dist_to_target,85,0.46831042591843214
33764.44,KDPP-Norm,1703,4377,773956,0,geod_dist_to_target,90,0.46831042591843214
33764.44,KDPP-Norm,1703,4377,773956,0,geod_dist_to_target,95,0.46831042591843214
33764.44,KDPP-Norm,1703,4377,773956,0,geod_dist_to_target,100,0.46831042591843214
33764.44,KDPP-Norm,1703,3743,654571,0,geod_dist_to_target,5,23.890602466906888
33764.44,KDPP-Norm,1703,2541,654571,0,geod_dist_to_target,6,5.559694271389596
33764.44,KDPP-Norm,1703,2541,654571,0,geod_dist_to_target,7,5.559694271389596
33764.44,KDPP-Norm,1703,2541,654571,0,geod_dist_to_target,8,5.559694271389596
33764.44,KDPP-Norm,1703,2421,654571,0,geod_dist_to_target,9,4.099045177152173
33764.44,KDPP-Norm,1703,2541,654571,0,geod_dist_to_target,10,5.559694271389596
33764.44,KDPP-Norm,1703,2541,654571,0,geod_dist_to_target,11,5.559694271389596
33764.44,KDPP-Norm,1703,2541,654571,0,geod_dist_to_target,12,5.559694271389596
33764.44,KDPP-Norm,1703,2541,654571,0,geod_dist_to_target,13,5.559694271389596
33764.44,KDPP-Norm,1703,2541,654571,0,geod_dist_to_target,14,5.559694271389596
33764.44,KDPP-Norm,1703,2421,654571,0,geod_dist_to_target,15,4.099045177152173
33764.44,KDPP-Norm,1703,2421,654571,0,geod_dist_to_target,16,4.099045177152173
33764.44,KDPP-Norm,1703,2421,654571,0,geod_dist_to_target,17,4.099045177152173
33764.44,KDPP-Norm,1703,2435,654571,0,geod_dist_to_target,18,14.71405192278389
33764.44,KDPP-Norm,1703,2435,654571,0,geod_dist_to_target,19,14.71405192278389
33764.44,KDPP-Norm,1703,2435,654571,0,geod_dist_to_target,20,14.71405192278389
33764.44,KDPP-Norm,1703,2435,654571,0,geod_dist_to_target,22,14.71405192278389
33764.44,KDPP-Norm,1703,6644,654571,0,geod_dist_to_target,24,1.905545592367454
33764.44,KDPP-Norm,1703,11115,654571,0,geod_dist_to_target,26,7.45643047545125
33764.44,KDPP-Norm,1703,11115,654571,0,geod_dist_to_target,28,7.45643047545125
33764.44,KDPP-Norm,1703,11115,654571,0,geod_dist_to_target,30,7.45643047545125
33764.44,KDPP-Norm,1703,11115,654571,0,geod_dist_to_target,32,7.45643047545125
33764.44,KDPP-Norm,1703,2435,654571,0,geod_dist_to_target,34,14.71405192278389
33764.44,KDPP-Norm,1703,2435,654571,0,geod_dist_to_target,36,14.71405192278389
33764.44,KDPP-Norm,1703,11115,654571,0,geod_dist_to_target,38,7.45643047545125
33764.44,KDPP-Norm,1703,11115,654571,0,geod_dist_to_target,40,7.45643047545125
33764.44,KDPP-Norm,1703,11115,654571,0,geod_dist_to_target,42,7.45643047545125
33764.44,KDPP-Norm,1703,11115,654571,0,geod_dist_to_target,44,7.45643047545125
33764.44,KDPP-Norm,1703,11115,654571,0,geod_dist_to_target,46,7.45643047545125
33764.44,KDPP-Norm,1703,2097,654571,0,geod_dist_to_target,48,1.2191724290331893
33764.44,KDPP-Norm,1703,2097,654571,0,geod_dist_to_target,50,1.2191724290331893
33764.44,KDPP-Norm,1703,2097,654571,0,geod_dist_to_target,55,1.2191724290331893
33764.44,KDPP-Norm,1703,2097,654571,0,geod_dist_to_target,60,1.2191724290331893
33764.44,KDPP-Norm,1703,4377,654571,0,geod_dist_to_target,65,0.46831042591843214
33764.44,KDPP-Norm,1703,4377,654571,0,geod_dist_to_target,70,0.46831042591843214
33764.44,KDPP-Norm,1703,4377,654571,0,geod_dist_to_target,75,0.46831042591843214
33764.44,KDPP-Norm,1703,4377,654571,0,geod_dist_to_target,80,0.46831042591843214
33764.44,KDPP-Norm,1703,4377,654571,0,geod_dist_to_target,85,0.46831042591843214
33764.44,KDPP-Norm,1703,4377,654571,0,geod_dist_to_target,90,0.46831042591843214
33764.44,KDPP-Norm,1703,4377,654571,0,geod_dist_to_target,95,0.46831042591843214
33764.44,KDPP-Norm,1703,1703,654571,0,geod_dist_to_target,100,0.0
33764.44,KDPP-Norm,1703,4616,438878,0,geod_dist_to_target,5,15.722745619602955
33764.44,KDPP-Norm,1703,8152,438878,0,geod_dist_to_target,6,5.983529829500854
33764.44,KDPP-Norm,1703,8152,438878,0,geod_dist_to_target,7,5.983529829500854
33764.44,KDPP-Norm,1703,4243,438878,0,geod_dist_to_target,8,4.703009526368643
33764.44,KDPP-Norm,1703,4243,438878,0,geod_dist_to_target,9,4.703009526368643
33764.44,KDPP-Norm,1703,8152,438878,0,geod_dist_to_target,10,5.983529829500854
33764.44,KDPP-Norm,1703,8152,438878,0,geod_dist_to_target,11,5.983529829500854
33764.44,KDPP-Norm,1703,8152,438878,0,geod_dist_to_target,12,5.983529829500854
33764.44,KDPP-Norm,1703,4101,438878,0,geod_dist_to_target,13,6.243948729842946
33764.44,KDPP-Norm,1703,4101,438878,0,geod_dist_to_target,14,6.243948729842946
33764.44,KDPP-Norm,1703,4101,438878,0,geod_dist_to_target,15,6.243948729842946
33764.44,KDPP-Norm,1703,4101,438878,0,geod_dist_to_target,16,6.243948729842946
33764.44,KDPP-Norm,1703,4253,438878,0,geod_dist_to_target,17,5.3853490880628
33764.44,KDPP-Norm,1703,4112,438878,0,geod_dist_to_target,18,7.040516938923759
33764.44,KDPP-Norm,1703,4101,438878,0,geod_dist_to_target,19,6.243948729842946
33764.44,KDPP-Norm,1703,4101,438878,0,geod_dist_to_target,20,6.243948729842946
33764.44,KDPP-Norm,1703,210,438878,0,geod_dist_to_target,22,5.5832114316600014
33764.44,KDPP-Norm,1703,4243,438878,0,geod_dist_to_target,24,4.703009526368643
33764.44,KDPP-Norm,1703,4212,438878,0,geod_dist_to_target,26,1.4134501853295454
33764.44,KDPP-Norm,1703,7548,438878,0,geod_dist_to_target,28,1.3661127631445547
33764.44,KDPP-Norm,1703,7548,438878,0,geod_dist_to_target,30,1.3661127631445547
33764.44,KDPP-Norm,1703,7548,438878,0,geod_dist_to_target,32,1.3661127631445547
33764.44,KDPP-Norm,1703,7548,438878,0,geod_dist_to_target,34,1.3661127631445547
33764.44,KDPP-Norm,1703,7548,438878,0,geod_dist_to_target,36,1.3661127631445547
33764.44,KDPP-Norm,1703,7548,438878,0,geod_dist_to_target,38,1.3661127631445547
33764.44,KDPP-Norm,1703,7548,438878,0,geod_dist_to_target,40,1.3661127631445547
33764.44,KDPP-Norm,1703,7548,438878,0,geod_dist_to_target,42,1.3661127631445547
33764.44,KDPP-Norm,1703,7548,438878,0,geod_dist_to_target,44,1.3661127631445547
33764.44,KDPP-Norm,1703,9328,438878,0,geod_dist_to_target,46,2.2596473411975073
33764.44,KDPP-Norm,1703,9328,438878,0,geod_dist_to_target,48,2.2596473411975073
33764.44,KDPP-Norm,1703,9328,438878,0,geod_dist_to_target,50,2.2596473411975073
33764.44,KDPP-Norm,1703,9328,438878,0,geod_dist_to_target,55,2.2596473411975073
33764.44,KDPP-Norm,1703,9328,438878,0,geod_dist_to_target,60,2.2596473411975073
33764.44,KDPP-Norm,1703,9328,438878,0,geod_dist_to_target,65,2.2596473411975073
33764.44,KDPP-Norm,1703,9328,438878,0,geod_dist_to_target,70,2.2596473411975073
33764.44,KDPP-Norm,1703,9328,438878,0,geod_dist_to_target,75,2.2596473411975073
33764.44,KDPP-Norm,1703,9328,438878,0,geod_dist_to_target,80,2.2596473411975073
33764.44,KDPP-Norm,1703,9328,438878,0,geod_dist_to_target,85,2.2596473411975073
33764.44,KDPP-Norm,1703,9328,438878,0,geod_dist_to_target,90,2.2596473411975073
33764.44,KDPP-Norm,1703,9328,438878,0,geod_dist_to_target,95,2.2596473411975073
33764.44,KDPP-Norm,1703,9328,438878,0,geod_dist_to_target,100,2.2596473411975073
33764.44,KDPP-Norm,1703,7424,433015,0,geod_dist_to_target,5,22.233992907785165
33764.44,KDPP-Norm,1703,5504,433015,0,geod_dist_to_target,6,16.792820985802333
33764.44,KDPP-Norm,1703,5504,433015,0,geod_dist_to_target,7,16.792820985802333
33764.44,KDPP-Norm,1703,5504,433015,0,geod_dist_to_target,8,16.792820985802333
33764.44,KDPP-Norm,1703,5504,433015,0,geod_dist_to_target,9,16.792820985802333
33764.44,KDPP-Norm,1703,5504,433015,0,geod_dist_to_target,10,16.792820985802333
33764.44,KDPP-Norm,1703,5504,433015,0,geod_dist_to_target,11,16.792820985802333
33764.44,KDPP-Norm,1703,5504,433015,0,geod_dist_to_target,12,16.792820985802333
33764.44,KDPP-Norm,1703,5504,433015,0,geod_dist_to_target,13,16.792820985802333
33764.44,KDPP-Norm,1703,5504,433015,0,geod_dist_to_target,14,16.792820985802333
33764.44,KDPP-Norm,1703,5504,433015,0,geod_dist_to_target,15,16.792820985802333
33764.44,KDPP-Norm,1703,1491,433015,0,geod_dist_to_target,16,14.461222744622988
33764.44,KDPP-Norm,1703,1491,433015,0,geod_dist_to_target,17,14.461222744622988
33764.44,KDPP-Norm,1703,8591,433015,0,geod_dist_to_target,18,8.615994165149518
33764.44,KDPP-Norm,1703,8591,433015,0,geod_dist_to_target,19,8.615994165149518
33764.44,KDPP-Norm,1703,4200,433015,0,geod_dist_to_target,20,0.49102418320330976
33764.44,KDPP-Norm,1703,4200,433015,0,geod_dist_to_target,22,0.49102418320330976
33764.44,KDPP-Norm,1703,8591,433015,0,geod_dist_to_target,24,8.615994165149518
33764.44,KDPP-Norm,1703,8591,433015,0,geod_dist_to_target,26,8.615994165149518
33764.44,KDPP-Norm,1703,4202,433015,0,geod_dist_to_target,28,0.24838691691917922
33764.44,KDPP-Norm,1703,4202,433015,0,geod_dist_to_target,30,0.24838691691917922
33764.44,KDPP-Norm,1703,4202,433015,0,geod_dist_to_target,32,0.24838691691917922
33764.44,KDPP-Norm,1703,4202,433015,0,geod_dist_to_target,34,0.24838691691917922
33764.44,KDPP-Norm,1703,4202,433015,0,geod_dist_to_target,36,0.24838691691917922
33764.44,KDPP-Norm,1703,4202,433015,0,geod_dist_to_target,38,0.24838691691917922
33764.44,KDPP-Norm,1703,4201,433015,0,geod_dist_to_target,40,0.22467978116970785
33764.44,KDPP-Norm,1703,4202,433015,0,geod_dist_to_target,42,0.24838691691917922
33764.44,KDPP-Norm,1703,4202,433015,0,geod_dist_to_target,44,0.24838691691917922
33764.44,KDPP-Norm,1703,4202,433015,0,geod_dist_to_target,46,0.24838691691917922
33764.44,KDPP-Norm,1703,4202,433015,0,geod_dist_to_target,48,0.24838691691917922
33764.44,KDPP-Norm,1703,4200,433015,0,geod_dist_to_target,50,0.49102418320330976
33764.44,KDPP-Norm,1703,4200,433015,0,geod_dist_to_target,55,0.49102418320330976
33764.44,KDPP-Norm,1703,4200,433015,0,geod_dist_to_target,60,0.49102418320330976
33764.44,KDPP-Norm,1703,4200,433015,0,geod_dist_to_target,65,0.49102418320330976
33764.44,KDPP-Norm,1703,4200,433015,0,geod_dist_to_target,70,0.49102418320330976
33764.44,KDPP-Norm,1703,4200,433015,0,geod_dist_to_target,75,0.49102418320330976
33764.44,KDPP-Norm,1703,4200,433015,0,geod_dist_to_target,80,0.49102418320330976
33764.44,KDPP-Norm,1703,4200,433015,0,geod_dist_to_target,85,0.49102418320330976
33764.44,KDPP-Norm,1703,4200,433015,0,geod_dist_to_target,90,0.49102418320330976
33764.44,KDPP-Norm,1703,4200,433015,0,geod_dist_to_target,95,0.49102418320330976
33764.44,KDPP-Norm,1703,4200,433015,0,geod_dist_to_target,100,0.49102418320330976
33764.44,KDPP-Norm,1703,4548,858597,0,geod_dist_to_target,5,14.277497814740988
33764.44,KDPP-Norm,1703,960,858597,0,geod_dist_to_target,6,15.83080045828705
33764.44,KDPP-Norm,1703,960,858597,0,geod_dist_to_target,7,15.83080045828705
33764.44,KDPP-Norm,1703,960,858597,0,geod_dist_to_target,8,15.83080045828705
33764.44,KDPP-Norm,1703,2722,858597,0,geod_dist_to_target,9,7.285237431375069
33764.44,KDPP-Norm,1703,10702,858597,0,geod_dist_to_target,10,1.0748810896941874
33764.44,KDPP-Norm,1703,10702,858597,0,geod_dist_to_target,11,1.0748810896941874
33764.44,KDPP-Norm,1703,10702,858597,0,geod_dist_to_target,12,1.0748810896941874
33764.44,KDPP-Norm,1703,10702,858597,0,geod_dist_to_target,13,1.0748810896941874
33764.44,KDPP-Norm,1703,10702,858597,0,geod_dist_to_target,14,1.0748810896941874
33764.44,KDPP-Norm,1703,5358,858597,0,geod_dist_to_target,15,15.959917754101225
33764.44,KDPP-Norm,1703,10614,858597,0,geod_dist_to_target,16,11.145975090257304
33764.44,KDPP-Norm,1703,8735,858597,0,geod_dist_to_target,17,11.610220716168195
33764.44,KDPP-Norm,1703,8735,858597,0,geod_dist_to_target,18,11.610220716168195
33764.44,KDPP-Norm,1703,5086,858597,0,geod_dist_to_target,19,12.270895281621344
33764.44,KDPP-Norm,1703,10614,858597,0,geod_dist_to_target,20,11.145975090257304
33764.44,KDPP-Norm,1703,11782,858597,0,geod_dist_to_target,22,11.767172090990712
33764.44,KDPP-Norm,1703,2071,858597,0,geod_dist_to_target,24,1.0152557721994404
33764.44,KDPP-Norm,1703,7548,858597,0,geod_dist_to_target,26,1.3661127631445547
33764.44,KDPP-Norm,1703,7548,858597,0,geod_dist_to_target,28,1.3661127631445547
33764.44,KDPP-Norm,1703,7548,858597,0,geod_dist_to_target,30,1.3661127631445547
33764.44,KDPP-Norm,1703,7548,858597,0,geod_dist_to_target,32,1.3661127631445547
33764.44,KDPP-Norm,1703,7548,858597,0,geod_dist_to_target,34,1.3661127631445547
33764.44,KDPP-Norm,1703,7548,858597,0,geod_dist_to_target,36,1.3661127631445547
33764.44,KDPP-Norm,1703,7548,858597,0,geod_dist_to_target,38,1.3661127631445547
33764.44,KDPP-Norm,1703,7548,858597,0,geod_dist_to_target,40,1.3661127631445547
33764.44,KDPP-Norm,1703,7548,858597,0,geod_dist_to_target,42,1.3661127631445547
33764.44,KDPP-Norm,1703,7548,858597,0,geod_dist_to_target,44,1.3661127631445547
33764.44,KDPP-Norm,1703,2071,858597,0,geod_dist_to_target,46,1.0152557721994404
33764.44,KDPP-Norm,1703,4211,858597,0,geod_dist_to_target,48,0.5322247347903476
33764.44,KDPP-Norm,1703,2071,858597,0,geod_dist_to_target,50,1.0152557721994404
33764.44,KDPP-Norm,1703,4201,858597,0,geod_dist_to_target,55,0.22467978116970785
33764.44,KDPP-Norm,1703,4200,858597,0,geod_dist_to_target,60,0.49102418320330976
33764.44,KDPP-Norm,1703,4201,858597,0,geod_dist_to_target,65,0.22467978116970785
33764.44,KDPP-Norm,1703,4201,858597,0,geod_dist_to_target,70,0.22467978116970785
33764.44,KDPP-Norm,1703,4202,858597,0,geod_dist_to_target,75,0.24838691691917922
33764.44,KDPP-Norm,1703,4202,858597,0,geod_dist_to_target,80,0.24838691691917922
33764.44,KDPP-Norm,1703,4202,858597,0,geod_dist_to_target,85,0.24838691691917922
33764.44,KDPP-Norm,1703,4202,858597,0,geod_dist_to_target,90,0.24838691691917922
33764.44,KDPP-Norm,1703,4202,858597,0,geod_dist_to_target,95,0.24838691691917922
33764.44,KDPP-Norm,1703,4202,858597,0,geod_dist_to_target,100,0.24838691691917922
33764.44,KDPP-Norm,1703,12495,85945,0,geod_dist_to_target,5,18.261394678361423
33764.44,KDPP-Norm,1703,4253,85945,0,geod_dist_to_target,6,5.3853490880628
33764.44,KDPP-Norm,1703,8152,85945,0,geod_dist_to_target,7,5.983529829500854
33764.44,KDPP-Norm,1703,1144,85945,0,geod_dist_to_target,8,16.650551818483116
33764.44,KDPP-Norm,1703,5040,85945,0,geod_dist_to_target,9,20.21869971642309
33764.44,KDPP-Norm,1703,5061,85945,0,geod_dist_to_target,10,19.32589703263949
33764.44,KDPP-Norm,1703,5061,85945,0,geod_dist_to_target,11,19.32589703263949
33764.44,KDPP-Norm,1703,5367,85945,0,geod_dist_to_target,12,17.096421995991932
33764.44,KDPP-Norm,1703,5367,85945,0,geod_dist_to_target,13,17.096421995991932
33764.44,KDPP-Norm,1703,5367,85945,0,geod_dist_to_target,14,17.096421995991932
33764.44,KDPP-Norm,1703,373,85945,0,geod_dist_to_target,15,17.03194659183418
33764.44,KDPP-Norm,1703,11866,85945,0,geod_dist_to_target,16,4.813973620049435
33764.44,KDPP-Norm,1703,6318,85945,0,geod_dist_to_target,17,4.4659894977988
33764.44,KDPP-Norm,1703,4222,85945,0,geod_dist_to_target,18,1.861108835383731
33764.44,KDPP-Norm,1703,11612,85945,0,geod_dist_to_target,19,2.9051170545815608
33764.44,KDPP-Norm,1703,10951,85945,0,geod_dist_to_target,20,1.1033157119550998
33764.44,KDPP-Norm,1703,12100,85945,0,geod_dist_to_target,22,3.7766964248272505
33764.44,KDPP-Norm,1703,10951,85945,0,geod_dist_to_target,24,1.1033157119550998
33764.44,KDPP-Norm,1703,10951,85945,0,geod_dist_to_target,26,1.1033157119550998
33764.44,KDPP-Norm,1703,10951,85945,0,geod_dist_to_target,28,1.1033157119550998
33764.44,KDPP-Norm,1703,10951,85945,0,geod_dist_to_target,30,1.1033157119550998
33764.44,KDPP-Norm,1703,10951,85945,0,geod_dist_to_target,32,1.1033157119550998
33764.44,KDPP-Norm,1703,10951,85945,0,geod_dist_to_target,34,1.1033157119550998
33764.44,KDPP-Norm,1703,10951,85945,0,geod_dist_to_target,36,1.1033157119550998
33764.44,KDPP-Norm,1703,2071,85945,0,geod_dist_to_target,38,1.0152557721994404
33764.44,KDPP-Norm,1703,2071,85945,0,geod_dist_to_target,40,1.0152557721994404
33764.44,KDPP-Norm,1703,4201,85945,0,geod_dist_to_target,42,0.22467978116970785
33764.44,KDPP-Norm,1703,2071,85945,0,geod_dist_to_target,44,1.0152557721994404
33764.44,KDPP-Norm,1703,2071,85945,0,geod_dist_to_target,46,1.0152557721994404
33764.44,KDPP-Norm,1703,12100,85945,0,geod_dist_to_target,48,3.7766964248272505
33764.44,KDPP-Norm,1703,11612,85945,0,geod_dist_to_target,50,2.9051170545815608
33764.44,KDPP-Norm,1703,11612,85945,0,geod_dist_to_target,55,2.9051170545815608
33764.44,KDPP-Norm,1703,11612,85945,0,geod_dist_to_target,60,2.9051170545815608
33764.44,KDPP-Norm,1703,4222,85945,0,geod_dist_to_target,65,1.861108835383731
33764.44,KDPP-Norm,1703,4222,85945,0,geod_dist_to_target,70,1.861108835383731
33764.44,KDPP-Norm,1703,2071,85945,0,geod_dist_to_target,75,1.0152557721994404
33764.44,KDPP-Norm,1703,4222,85945,0,geod_dist_to_target,80,1.861108835383731
33764.44,KDPP-Norm,1703,4444,85945,0,geod_dist_to_target,85,15.483669374867446
33764.44,KDPP-Norm,1703,4444,85945,0,geod_dist_to_target,90,15.483669374867446
33764.44,KDPP-Norm,1703,4202,85945,0,geod_dist_to_target,95,0.24838691691917922
33764.44,KDPP-Norm,1703,4202,85945,0,geod_dist_to_target,100,0.24838691691917922
33764.44,KDPP-Norm,1703,45,697368,0,geod_dist_to_target,5,13.636169460370153
33764.44,KDPP-Norm,1703,45,697368,0,geod_dist_to_target,6,13.636169460370153
33764.44,KDPP-Norm,1703,45,697368,0,geod_dist_to_target,7,13.636169460370153
33764.44,KDPP-Norm,1703,45,697368,0,geod_dist_to_target,8,13.636169460370153
33764.44,KDPP-Norm,1703,45,697368,0,geod_dist_to_target,9,13.636169460370153
33764.44,KDPP-Norm,1703,45,697368,0,geod_dist_to_target,10,13.636169460370153
33764.44,KDPP-Norm,1703,45,697368,0,geod_dist_to_target,11,13.636169460370153
33764.44,KDPP-Norm,1703,8591,697368,0,geod_dist_to_target,12,8.615994165149518
33764.44,KDPP-Norm,1703,216,697368,0,geod_dist_to_target,13,15.190654235182178
33764.44,KDPP-Norm,1703,216,697368,0,geod_dist_to_target,14,15.190654235182178
33764.44,KDPP-Norm,1703,216,697368,0,geod_dist_to_target,15,15.190654235182178
33764.44,KDPP-Norm,1703,216,697368,0,geod_dist_to_target,16,15.190654235182178
33764.44,KDPP-Norm,1703,216,697368,0,geod_dist_to_target,17,15.190654235182178
33764.44,KDPP-Norm,1703,273,697368,0,geod_dist_to_target,18,7.816992735062513
33764.44,KDPP-Norm,1703,273,697368,0,geod_dist_to_target,19,7.816992735062513
33764.44,KDPP-Norm,1703,8591,697368,0,geod_dist_to_target,20,8.615994165149518
33764.44,KDPP-Norm,1703,4377,697368,0,geod_dist_to_target,22,0.46831042591843214
33764.44,KDPP-Norm,1703,273,697368,0,geod_dist_to_target,24,7.816992735062513
33764.44,KDPP-Norm,1703,273,697368,0,geod_dist_to_target,26,7.816992735062513
33764.44,KDPP-Norm,1703,273,697368,0,geod_dist_to_target,28,7.816992735062513
33764.44,KDPP-Norm,1703,680,697368,0,geod_dist_to_target,30,1.1430329035388518
33764.44,KDPP-Norm,1703,4377,697368,0,geod_dist_to_target,32,0.46831042591843214
33764.44,KDPP-Norm,1703,4377,697368,0,geod_dist_to_target,34,0.46831042591843214
33764.44,KDPP-Norm,1703,4377,697368,0,geod_dist_to_target,36,0.46831042591843214
33764.44,KDPP-Norm,1703,4377,697368,0,geod_dist_to_target,38,0.46831042591843214
33764.44,KDPP-Norm,1703,4201,697368,0,geod_dist_to_target,40,0.22467978116970785
33764.44,KDPP-Norm,1703,4201,697368,0,geod_dist_to_target,42,0.22467978116970785
33764.44,KDPP-Norm,1703,4377,697368,0,geod_dist_to_target,44,0.46831042591843214
33764.44,KDPP-Norm,1703,4201,697368,0,geod_dist_to_target,46,0.22467978116970785
33764.44,KDPP-Norm,1703,1005,697368,0,geod_dist_to_target,48,0.884314496638899
33764.44,KDPP-Norm,1703,1005,697368,0,geod_dist_to_target,50,0.884314496638899
33764.44,KDPP-Norm,1703,680,697368,0,geod_dist_to_target,55,1.1430329035388518
33764.44,KDPP-Norm,1703,9891,697368,0,geod_dist_to_target,60,1.4647765231458205
33764.44,KDPP-Norm,1703,501,697368,0,geod_dist_to_target,65,1.7639502055891951
33764.44,KDPP-Norm,1703,680,697368,0,geod_dist_to_target,70,1.1430329035388518
33764.44,KDPP-Norm,1703,9891,697368,0,geod_dist_to_target,75,1.4647765231458205
33764.44,KDPP-Norm,1703,9891,697368,0,geod_dist_to_target,80,1.4647765231458205
33764.44,KDPP-Norm,1703,680,697368,0,geod_dist_to_target,85,1.1430329035388518
33764.44,KDPP-Norm,1703,680,697368,0,geod_dist_to_target,90,1.1430329035388518
33764.44,KDPP-Norm,1703,680,697368,0,geod_dist_to_target,95,1.1430329035388518
33764.44,KDPP-Norm,1703,1005,697368,0,geod_dist_to_target,100,0.884314496638899
33764.44,KDPP-Norm,1703,3684,201469,0,geod_dist_to_target,5,11.01795627663931
33764.44,KDPP-Norm,1703,5356,201469,0,geod_dist_to_target,6,15.124598296869928
33764.44,KDPP-Norm,1703,10614,201469,0,geod_dist_to_target,7,11.145975090257304
33764.44,KDPP-Norm,1703,1383,201469,0,geod_dist_to_target,8,10.097408616017342
33764.44,KDPP-Norm,1703,5356,201469,0,geod_dist_to_target,9,15.124598296869928
33764.44,KDPP-Norm,1703,5356,201469,0,geod_dist_to_target,10,15.124598296869928
33764.44,KDPP-Norm,1703,1383,201469,0,geod_dist_to_target,11,10.097408616017342
33764.44,KDPP-Norm,1703,273,201469,0,geod_dist_to_target,12,7.816992735062513
33764.44,KDPP-Norm,1703,273,201469,0,geod_dist_to_target,13,7.816992735062513
33764.44,KDPP-Norm,1703,273,201469,0,geod_dist_to_target,14,7.816992735062513
33764.44,KDPP-Norm,1703,273,201469,0,geod_dist_to_target,15,7.816992735062513
33764.44,KDPP-Norm,1703,273,201469,0,geod_dist_to_target,16,7.816992735062513
33764.44,KDPP-Norm,1703,273,201469,0,geod_dist_to_target,17,7.816992735062513
33764.44,KDPP-Norm,1703,273,201469,0,geod_dist_to_target,18,7.816992735062513
33764.44,KDPP-Norm,1703,8591,201469,0,geod_dist_to_target,19,8.615994165149518
33764.44,KDPP-Norm,1703,8591,201469,0,geod_dist_to_target,20,8.615994165149518
33764.44,KDPP-Norm,1703,2435,201469,0,geod_dist_to_target,22,14.71405192278389
33764.44,KDPP-Norm,1703,4200,201469,0,geod_dist_to_target,24,0.49102418320330976
33764.44,KDPP-Norm,1703,4200,201469,0,geod_dist_to_target,26,0.49102418320330976
33764.44,KDPP-Norm,1703,4200,201469,0,geod_dist_to_target,28,0.49102418320330976
33764.44,KDPP-Norm,1703,4200,201469,0,geod_dist_to_target,30,0.49102418320330976
33764.44,KDPP-Norm,1703,4200,201469,0,geod_dist_to_target,32,0.49102418320330976
33764.44,KDPP-Norm,1703,4201,201469,0,geod_dist_to_target,34,0.22467978116970785
33764.44,KDPP-Norm,1703,4201,201469,0,geod_dist_to_target,36,0.22467978116970785
33764.44,KDPP-Norm,1703,4201,201469,0,geod_dist_to_target,38,0.22467978116970785
33764.44,KDPP-Norm,1703,1005,201469,0,geod_dist_to_target,40,0.884314496638899
33764.44,KDPP-Norm,1703,1005,201469,0,geod_dist_to_target,42,0.884314496638899
33764.44,KDPP-Norm,1703,1005,201469,0,geod_dist_to_target,44,0.884314496638899
33764.44,KDPP-Norm,1703,1005,201469,0,geod_dist_to_target,46,0.884314496638899
33764.44,KDPP-Norm,1703,1005,201469,0,geod_dist_to_target,48,0.884314496638899
33764.44,KDPP-Norm,1703,1005,201469,0,geod_dist_to_target,50,0.884314496638899
33764.44,KDPP-Norm,1703,1005,201469,0,geod_dist_to_target,55,0.884314496638899
33764.44,KDPP-Norm,1703,1005,201469,0,geod_dist_to_target,60,0.884314496638899
33764.44,KDPP-Norm,1703,4200,201469,0,geod_dist_to_target,65,0.49102418320330976
33764.44,KDPP-Norm,1703,4200,201469,0,geod_dist_to_target,70,0.49102418320330976
33764.44,KDPP-Norm,1703,4201,201469,0,geod_dist_to_target,75,0.22467978116970785
33764.44,KDPP-Norm,1703,4201,201469,0,geod_dist_to_target,80,0.22467978116970785
33764.44,KDPP-Norm,1703,4201,201469,0,geod_dist_to_target,85,0.22467978116970785
33764.44,KDPP-Norm,1703,2071,201469,0,geod_dist_to_target,90,1.0152557721994404
33764.44,KDPP-Norm,1703,2071,201469,0,geod_dist_to_target,95,1.0152557721994404
33764.44,KDPP-Norm,1703,2071,201469,0,geod_dist_to_target,100,1.0152557721994404
33764.44,KDPP-Norm,1703,4223,94177,0,geod_dist_to_target,5,2.2968804544258825
33764.44,KDPP-Norm,1703,4254,94177,0,geod_dist_to_target,6,5.374252781913622
33764.44,KDPP-Norm,1703,4254,94177,0,geod_dist_to_target,7,5.374252781913622
33764.44,KDPP-Norm,1703,4101,94177,0,geod_dist_to_target,8,6.243948729842946
33764.44,KDPP-Norm,1703,4101,94177,0,geod_dist_to_target,9,6.243948729842946
33764.44,KDPP-Norm,1703,4112,94177,0,geod_dist_to_target,10,7.040516938923759
33764.44,KDPP-Norm,1703,1314,94177,0,geod_dist_to_target,11,6.9130016615709815
33764.44,KDPP-Norm,1703,8595,94177,0,geod_dist_to_target,12,16.071328341379154
33764.44,KDPP-Norm,1703,8595,94177,0,geod_dist_to_target,13,16.071328341379154
33764.44,KDPP-Norm,1703,8595,94177,0,geod_dist_to_target,14,16.071328341379154
33764.44,KDPP-Norm,1703,1314,94177,0,geod_dist_to_target,15,6.9130016615709815
33764.44,KDPP-Norm,1703,8595,94177,0,geod_dist_to_target,16,16.071328341379154
33764.44,KDPP-Norm,1703,8595,94177,0,geod_dist_to_target,17,16.071328341379154
33764.44,KDPP-Norm,1703,8595,94177,0,geod_dist_to_target,18,16.071328341379154
33764.44,KDPP-Norm,1703,299,94177,0,geod_dist_to_target,19,16.001542624856878
33764.44,KDPP-Norm,1703,299,94177,0,geod_dist_to_target,20,16.001542624856878
33764.44,KDPP-Norm,1703,299,94177,0,geod_dist_to_target,22,16.001542624856878
33764.44,KDPP-Norm,1703,348,94177,0,geod_dist_to_target,24,0.5119390166909262
33764.44,KDPP-Norm,1703,4377,94177,0,geod_dist_to_target,26,0.46831042591843214
33764.44,KDPP-Norm,1703,4377,94177,0,geod_dist_to_target,28,0.46831042591843214
33764.44,KDPP-Norm,1703,4377,94177,0,geod_dist_to_target,30,0.46831042591843214
33764.44,KDPP-Norm,1703,4377,94177,0,geod_dist_to_target,32,0.46831042591843214
33764.44,KDPP-Norm,1703,4377,94177,0,geod_dist_to_target,34,0.46831042591843214
33764.44,KDPP-Norm,1703,4377,94177,0,geod_dist_to_target,36,0.46831042591843214
33764.44,KDPP-Norm,1703,4377,94177,0,geod_dist_to_target,38,0.46831042591843214
33764.44,KDPP-Norm,1703,4377,94177,0,geod_dist_to_target,40,0.46831042591843214
33764.44,KDPP-Norm,1703,4377,94177,0,geod_dist_to_target,42,0.46831042591843214
33764.44,KDPP-Norm,1703,4377,94177,0,geod_dist_to_target,44,0.46831042591843214
33764.44,KDPP-Norm,1703,4377,94177,0,geod_dist_to_target,46,0.46831042591843214
33764.44,KDPP-Norm,1703,4211,94177,0,geod_dist_to_target,48,0.5322247347903476
33764.44,KDPP-Norm,1703,4377,94177,0,geod_dist_to_target,50,0.46831042591843214
33764.44,KDPP-Norm,1703,4377,94177,0,geod_dist_to_target,55,0.46831042591843214
33764.44,KDPP-Norm,1703,348,94177,0,geod_dist_to_target,60,0.5119390166909262
33764.44,KDPP-Norm,1703,4377,94177,0,geod_dist_to_target,65,0.46831042591843214
33764.44,KDPP-Norm,1703,4377,94177,0,geod_dist_to_target,70,0.46831042591843214
33764.44,KDPP-Norm,1703,4377,94177,0,geod_dist_to_target,75,0.46831042591843214
33764.44,KDPP-Norm,1703,6318,94177,0,geod_dist_to_target,80,4.4659894977988
33764.44,KDPP-Norm,1703,889,94177,0,geod_dist_to_target,85,3.786314464860174
33764.44,KDPP-Norm,1703,889,94177,0,geod_dist_to_target,90,3.786314464860174
33764.44,KDPP-Norm,1703,4222,94177,0,geod_dist_to_target,95,1.861108835383731
33764.44,KDPP-Norm,1703,4222,94177,0,geod_dist_to_target,100,1.861108835383731
