subject_id,experiment_name,hotspot_idx,current_hotspot_idx,realization_id,sequence_idx,score_type,sequence_length,score
33764.44,RANDOM,10346,3435,89250,0,nrmsd_norm,5,0.5499267499330147
33764.44,RANDOM,10346,2649,89250,0,nrmsd_norm,6,0.5779349862633161
33764.44,RANDOM,10346,8587,89250,0,nrmsd_norm,7,0.5084985305925398
33764.44,RANDOM,10346,8587,89250,0,nrmsd_norm,8,0.5665581235535522
33764.44,RANDOM,10346,8587,89250,0,nrmsd_norm,9,0.5518480461734535
33764.44,RANDOM,10346,8587,89250,0,nrmsd_norm,10,0.5426755038417712
33764.44,RANDOM,10346,8587,89250,0,nrmsd_norm,11,0.5535392693885078
33764.44,RANDOM,10346,11456,89250,0,nrmsd_norm,12,0.5491473357886351
33764.44,RANDOM,10346,11456,89250,0,nrmsd_norm,13,0.5592980810401298
33764.44,RANDOM,10346,7790,89250,0,nrmsd_norm,14,0.500830620299288
33764.44,RANDOM,10346,7790,89250,0,nrmsd_norm,15,0.4930995531726158
33764.44,RANDOM,10346,7790,89250,0,nrmsd_norm,16,0.49756309342927946
33764.44,RANDOM,10346,8711,89250,0,nrmsd_norm,17,0.5041709232227951
33764.44,RANDOM,10346,8711,89250,0,nrmsd_norm,18,0.48126576233342677
33764.44,RANDOM,10346,7790,89250,0,nrmsd_norm,19,0.49014366827956507
33764.44,RANDOM,10346,11609,89250,0,nrmsd_norm,20,0.5084815334260622
33764.44,RANDOM,10346,11609,89250,0,nrmsd_norm,22,0.5020174288277157
33764.44,RANDOM,10346,11609,89250,0,nrmsd_norm,24,0.5011951382788705
33764.44,RANDOM,10346,11609,89250,0,nrmsd_norm,26,0.4974067257795253
33764.44,RANDOM,10346,11609,89250,0,nrmsd_norm,28,0.4735496664027171
33764.44,RANDOM,10346,11609,89250,0,nrmsd_norm,30,0.4507365252659406
33764.44,RANDOM,10346,11609,89250,0,nrmsd_norm,32,0.4263228842051023
33764.44,RANDOM,10346,11609,89250,0,nrmsd_norm,34,0.4287080302582065
33764.44,RANDOM,10346,11609,89250,0,nrmsd_norm,36,0.4078293966368208
33764.44,RANDOM,10346,6845,89250,0,nrmsd_norm,38,0.3806062465466799
33764.44,RANDOM,10346,10346,89250,0,nrmsd_norm,40,0.3819868654374391
33764.44,RANDOM,10346,10346,89250,0,nrmsd_norm,42,0.37144622116881953
33764.44,RANDOM,10346,10346,89250,0,nrmsd_norm,44,0.3732919237150541
33764.44,RANDOM,10346,6845,89250,0,nrmsd_norm,46,0.3755846095610023
33764.44,RANDOM,10346,6845,89250,0,nrmsd_norm,48,0.36691071777054635
33764.44,RANDOM,10346,10346,89250,0,nrmsd_norm,50,0.35957251080614255
33764.44,RANDOM,10346,10346,89250,0,nrmsd_norm,55,0.35082899080671787
33764.44,RANDOM,10346,6845,89250,0,nrmsd_norm,60,0.3459329721631835
33764.44,RANDOM,10346,6845,89250,0,nrmsd_norm,65,0.3517174643397075
33764.44,RANDOM,10346,6845,89250,0,nrmsd_norm,70,0.34646231598048965
33764.44,RANDOM,10346,6845,89250,0,nrmsd_norm,75,0.34556210493267614
33764.44,RANDOM,10346,6845,89250,0,nrmsd_norm,80,0.34148104388090145
33764.44,RANDOM,10346,6845,89250,0,nrmsd_norm,85,0.33469603059012987
33764.44,RANDOM,10346,6845,89250,0,nrmsd_norm,90,0.32826811990519794
33764.44,RANDOM,10346,6845,89250,0,nrmsd_norm,95,0.323542602625413
33764.44,RANDOM,10346,12482,89250,0,nrmsd_norm,100,0.32773536948258464
33764.44,RANDOM,10346,2260,773956,0,nrmsd_norm,5,0.5388362217667215
33764.44,RANDOM,10346,8260,773956,0,nrmsd_norm,6,0.5109679762597796
33764.44,RANDOM,10346,2292,773956,0,nrmsd_norm,7,0.5265583148442196
33764.44,RANDOM,10346,2292,773956,0,nrmsd_norm,8,0.5392361559688641
33764.44,RANDOM,10346,2292,773956,0,nrmsd_norm,9,0.527236169029083
33764.44,RANDOM,10346,9490,773956,0,nrmsd_norm,10,0.5334200100187869
33764.44,RANDOM,10346,9490,773956,0,nrmsd_norm,11,0.5447582481590979
33764.44,RANDOM,10346,9490,773956,0,nrmsd_norm,12,0.5494107580694846
33764.44,RANDOM,10346,4120,773956,0,nrmsd_norm,13,0.5682660955087929
33764.44,RANDOM,10346,4120,773956,0,nrmsd_norm,14,0.5410451941762641
33764.44,RANDOM,10346,4120,773956,0,nrmsd_norm,15,0.5404374128775145
33764.44,RANDOM,10346,7260,773956,0,nrmsd_norm,16,0.529656621743476
33764.44,RANDOM,10346,10497,773956,0,nrmsd_norm,17,0.549756257614026
33764.44,RANDOM,10346,10497,773956,0,nrmsd_norm,18,0.5331257239801677
33764.44,RANDOM,10346,10497,773956,0,nrmsd_norm,19,0.5400960144767337
33764.44,RANDOM,10346,10497,773956,0,nrmsd_norm,20,0.5467505408295029
33764.44,RANDOM,10346,3429,773956,0,nrmsd_norm,22,0.5409494123254479
33764.44,RANDOM,10346,1381,773956,0,nrmsd_norm,24,0.539544208827425
33764.44,RANDOM,10346,1381,773956,0,nrmsd_norm,26,0.5367328801128571
33764.44,RANDOM,10346,1381,773956,0,nrmsd_norm,28,0.5043634971927397
33764.44,RANDOM,10346,1381,773956,0,nrmsd_norm,30,0.481712958479649
33764.44,RANDOM,10346,1381,773956,0,nrmsd_norm,32,0.43060398422812146
33764.44,RANDOM,10346,10346,773956,0,nrmsd_norm,34,0.43730327608211145
33764.44,RANDOM,10346,10346,773956,0,nrmsd_norm,36,0.423083738561599
33764.44,RANDOM,10346,10346,773956,0,nrmsd_norm,38,0.38981160609760707
33764.44,RANDOM,10346,10346,773956,0,nrmsd_norm,40,0.39453208828006936
33764.44,RANDOM,10346,10346,773956,0,nrmsd_norm,42,0.3825666530393839
33764.44,RANDOM,10346,10346,773956,0,nrmsd_norm,44,0.3887022950677905
33764.44,RANDOM,10346,1381,773956,0,nrmsd_norm,46,0.3817933706961929
33764.44,RANDOM,10346,10346,773956,0,nrmsd_norm,48,0.371202722935572
33764.44,RANDOM,10346,10346,773956,0,nrmsd_norm,50,0.367953513020005
33764.44,RANDOM,10346,1381,773956,0,nrmsd_norm,55,0.3550328620011691
33764.44,RANDOM,10346,10346,773956,0,nrmsd_norm,60,0.34652021027994007
33764.44,RANDOM,10346,1381,773956,0,nrmsd_norm,65,0.3471904394440524
33764.44,RANDOM,10346,1381,773956,0,nrmsd_norm,70,0.3424621766337405
33764.44,RANDOM,10346,1381,773956,0,nrmsd_norm,75,0.3396809090475566
33764.44,RANDOM,10346,6827,773956,0,nrmsd_norm,80,0.3340535453927391
33764.44,RANDOM,10346,10346,773956,0,nrmsd_norm,85,0.32898067504088363
33764.44,RANDOM,10346,10346,773956,0,nrmsd_norm,90,0.31989883874816116
33764.44,RANDOM,10346,10346,773956,0,nrmsd_norm,95,0.3142988983878646
33764.44,RANDOM,10346,10346,773956,0,nrmsd_norm,100,0.315754787147918
33764.44,RANDOM,10346,8217,654571,0,nrmsd_norm,5,0.4821833744042974
33764.44,RANDOM,10346,6539,654571,0,nrmsd_norm,6,0.5049309585768187
33764.44,RANDOM,10346,1209,654571,0,nrmsd_norm,7,0.4673568369579757
33764.44,RANDOM,10346,1209,654571,0,nrmsd_norm,8,0.49678497060259547
33764.44,RANDOM,10346,1209,654571,0,nrmsd_norm,9,0.4934177075634871
33764.44,RANDOM,10346,1209,654571,0,nrmsd_norm,10,0.5052165659813993
33764.44,RANDOM,10346,1209,654571,0,nrmsd_norm,11,0.5222816131576287
33764.44,RANDOM,10346,9898,654571,0,nrmsd_norm,12,0.5416739236494387
33764.44,RANDOM,10346,9898,654571,0,nrmsd_norm,13,0.5614007215565103
33764.44,RANDOM,10346,11242,654571,0,nrmsd_norm,14,0.5511090122551265
33764.44,RANDOM,10346,11242,654571,0,nrmsd_norm,15,0.550396476528268
33764.44,RANDOM,10346,11242,654571,0,nrmsd_norm,16,0.5458288817454587
33764.44,RANDOM,10346,11242,654571,0,nrmsd_norm,17,0.551267601412107
33764.44,RANDOM,10346,11242,654571,0,nrmsd_norm,18,0.5281232785197788
33764.44,RANDOM,10346,11242,654571,0,nrmsd_norm,19,0.5348470738717289
33764.44,RANDOM,10346,11242,654571,0,nrmsd_norm,20,0.539193005189522
33764.44,RANDOM,10346,11673,654571,0,nrmsd_norm,22,0.53478391193561
33764.44,RANDOM,10346,11673,654571,0,nrmsd_norm,24,0.5310278462130363
33764.44,RANDOM,10346,11673,654571,0,nrmsd_norm,26,0.527423060603369
33764.44,RANDOM,10346,11673,654571,0,nrmsd_norm,28,0.49249116680916555
33764.44,RANDOM,10346,11673,654571,0,nrmsd_norm,30,0.46940279373296695
33764.44,RANDOM,10346,10346,654571,0,nrmsd_norm,32,0.4108320207361747
33764.44,RANDOM,10346,10346,654571,0,nrmsd_norm,34,0.41752286063591104
33764.44,RANDOM,10346,10346,654571,0,nrmsd_norm,36,0.39369264903045303
33764.44,RANDOM,10346,10346,654571,0,nrmsd_norm,38,0.3696295663010627
33764.44,RANDOM,10346,10346,654571,0,nrmsd_norm,40,0.3666316296642531
33764.44,RANDOM,10346,11609,654571,0,nrmsd_norm,42,0.35746476432989127
33764.44,RANDOM,10346,10346,654571,0,nrmsd_norm,44,0.36038130919751576
33764.44,RANDOM,10346,10346,654571,0,nrmsd_norm,46,0.36110170938801167
33764.44,RANDOM,10346,11609,654571,0,nrmsd_norm,48,0.35078763067083935
33764.44,RANDOM,10346,11609,654571,0,nrmsd_norm,50,0.3457678209200165
33764.44,RANDOM,10346,10346,654571,0,nrmsd_norm,55,0.3356584707926877
33764.44,RANDOM,10346,6827,654571,0,nrmsd_norm,60,0.33043790133967726
33764.44,RANDOM,10346,10346,654571,0,nrmsd_norm,65,0.3355684322340583
33764.44,RANDOM,10346,10346,654571,0,nrmsd_norm,70,0.33642464676295286
33764.44,RANDOM,10346,10346,654571,0,nrmsd_norm,75,0.33525352086208254
33764.44,RANDOM,10346,10346,654571,0,nrmsd_norm,80,0.3316914293547117
33764.44,RANDOM,10346,10346,654571,0,nrmsd_norm,85,0.32516406243280543
33764.44,RANDOM,10346,10346,654571,0,nrmsd_norm,90,0.3199908323597296
33764.44,RANDOM,10346,10346,654571,0,nrmsd_norm,95,0.31506425408792776
33764.44,RANDOM,10346,10346,654571,0,nrmsd_norm,100,0.31871645292160866
33764.44,RANDOM,10346,8391,438878,0,nrmsd_norm,5,0.5331397215824353
33764.44,RANDOM,10346,6383,438878,0,nrmsd_norm,6,0.5331711446120588
33764.44,RANDOM,10346,315,438878,0,nrmsd_norm,7,0.5507237558714464
33764.44,RANDOM,10346,4527,438878,0,nrmsd_norm,8,0.5343782563820277
33764.44,RANDOM,10346,3429,438878,0,nrmsd_norm,9,0.5251822474299184
33764.44,RANDOM,10346,3429,438878,0,nrmsd_norm,10,0.5243925739313664
33764.44,RANDOM,10346,3429,438878,0,nrmsd_norm,11,0.5426444665709491
33764.44,RANDOM,10346,11534,438878,0,nrmsd_norm,12,0.5363626023644272
33764.44,RANDOM,10346,11534,438878,0,nrmsd_norm,13,0.5430023320975248
33764.44,RANDOM,10346,6824,438878,0,nrmsd_norm,14,0.49354434034881856
33764.44,RANDOM,10346,6824,438878,0,nrmsd_norm,15,0.4875736372361468
33764.44,RANDOM,10346,6824,438878,0,nrmsd_norm,16,0.49325679759578395
33764.44,RANDOM,10346,6824,438878,0,nrmsd_norm,17,0.5044123588650156
33764.44,RANDOM,10346,6824,438878,0,nrmsd_norm,18,0.4868585338597003
33764.44,RANDOM,10346,6824,438878,0,nrmsd_norm,19,0.4960833037395951
33764.44,RANDOM,10346,6824,438878,0,nrmsd_norm,20,0.5011981762482534
33764.44,RANDOM,10346,6824,438878,0,nrmsd_norm,22,0.4919382862491746
33764.44,RANDOM,10346,6824,438878,0,nrmsd_norm,24,0.49349773791629425
33764.44,RANDOM,10346,1381,438878,0,nrmsd_norm,26,0.49621754428304315
33764.44,RANDOM,10346,1381,438878,0,nrmsd_norm,28,0.4694668679639457
33764.44,RANDOM,10346,1381,438878,0,nrmsd_norm,30,0.45520385134862096
33764.44,RANDOM,10346,12482,438878,0,nrmsd_norm,32,0.4361131116697574
33764.44,RANDOM,10346,10346,438878,0,nrmsd_norm,34,0.4388738686875237
33764.44,RANDOM,10346,12482,438878,0,nrmsd_norm,36,0.4246924767008878
33764.44,RANDOM,10346,6845,438878,0,nrmsd_norm,38,0.3866431898882662
33764.44,RANDOM,10346,10346,438878,0,nrmsd_norm,40,0.38741967027067165
33764.44,RANDOM,10346,10346,438878,0,nrmsd_norm,42,0.37632338129092924
33764.44,RANDOM,10346,10346,438878,0,nrmsd_norm,44,0.37601677693340946
33764.44,RANDOM,10346,10346,438878,0,nrmsd_norm,46,0.3734502032273897
33764.44,RANDOM,10346,10346,438878,0,nrmsd_norm,48,0.3631087522276432
33764.44,RANDOM,10346,10346,438878,0,nrmsd_norm,50,0.35660226613409823
33764.44,RANDOM,10346,10346,438878,0,nrmsd_norm,55,0.344164635471911
33764.44,RANDOM,10346,10346,438878,0,nrmsd_norm,60,0.34353163529161607
33764.44,RANDOM,10346,10346,438878,0,nrmsd_norm,65,0.3460133560100809
33764.44,RANDOM,10346,10346,438878,0,nrmsd_norm,70,0.34091288547329285
33764.44,RANDOM,10346,10346,438878,0,nrmsd_norm,75,0.340175795736086
33764.44,RANDOM,10346,10346,438878,0,nrmsd_norm,80,0.34024005848172756
33764.44,RANDOM,10346,12482,438878,0,nrmsd_norm,85,0.33677345197883857
33764.44,RANDOM,10346,6845,438878,0,nrmsd_norm,90,0.3310560276918168
33764.44,RANDOM,10346,12482,438878,0,nrmsd_norm,95,0.3258077044386351
33764.44,RANDOM,10346,10346,438878,0,nrmsd_norm,100,0.3246651826561428
33764.44,RANDOM,10346,1858,433015,0,nrmsd_norm,5,0.5480611025399451
33764.44,RANDOM,10346,338,433015,0,nrmsd_norm,6,0.5758638293403269
33764.44,RANDOM,10346,9206,433015,0,nrmsd_norm,7,0.5887226389765353
33764.44,RANDOM,10346,4154,433015,0,nrmsd_norm,8,0.6244114102702215
33764.44,RANDOM,10346,6527,433015,0,nrmsd_norm,9,0.5994800467832754
33764.44,RANDOM,10346,7481,433015,0,nrmsd_norm,10,0.5771692027660675
33764.44,RANDOM,10346,7481,433015,0,nrmsd_norm,11,0.5846570084339822
33764.44,RANDOM,10346,9116,433015,0,nrmsd_norm,12,0.6103082244742065
33764.44,RANDOM,10346,7473,433015,0,nrmsd_norm,13,0.6169392536474779
33764.44,RANDOM,10346,11124,433015,0,nrmsd_norm,14,0.5970734207165592
33764.44,RANDOM,10346,11124,433015,0,nrmsd_norm,15,0.5895175360837634
33764.44,RANDOM,10346,337,433015,0,nrmsd_norm,16,0.5724975149838413
33764.44,RANDOM,10346,337,433015,0,nrmsd_norm,17,0.5726920543695913
33764.44,RANDOM,10346,337,433015,0,nrmsd_norm,18,0.5474219836221546
33764.44,RANDOM,10346,337,433015,0,nrmsd_norm,19,0.5435060296770009
33764.44,RANDOM,10346,1299,433015,0,nrmsd_norm,20,0.5502719577343829
33764.44,RANDOM,10346,11124,433015,0,nrmsd_norm,22,0.5409233196816909
33764.44,RANDOM,10346,9116,433015,0,nrmsd_norm,24,0.5502411150395199
33764.44,RANDOM,10346,9116,433015,0,nrmsd_norm,26,0.5462773783531703
33764.44,RANDOM,10346,11124,433015,0,nrmsd_norm,28,0.5135662389109512
33764.44,RANDOM,10346,11124,433015,0,nrmsd_norm,30,0.49217110041659295
33764.44,RANDOM,10346,6527,433015,0,nrmsd_norm,32,0.438930619348191
33764.44,RANDOM,10346,11210,433015,0,nrmsd_norm,34,0.43550465689283163
33764.44,RANDOM,10346,11210,433015,0,nrmsd_norm,36,0.4108754420109104
33764.44,RANDOM,10346,11210,433015,0,nrmsd_norm,38,0.3871760158431956
33764.44,RANDOM,10346,11210,433015,0,nrmsd_norm,40,0.39225594660824353
33764.44,RANDOM,10346,3312,433015,0,nrmsd_norm,42,0.3835133277877722
33764.44,RANDOM,10346,3312,433015,0,nrmsd_norm,44,0.3894002744452573
33764.44,RANDOM,10346,3312,433015,0,nrmsd_norm,46,0.3876545743062658
33764.44,RANDOM,10346,3312,433015,0,nrmsd_norm,48,0.3788567184101656
33764.44,RANDOM,10346,3312,433015,0,nrmsd_norm,50,0.3728300085182157
33764.44,RANDOM,10346,3312,433015,0,nrmsd_norm,55,0.36217774532698715
33764.44,RANDOM,10346,3312,433015,0,nrmsd_norm,60,0.36088494577371505
33764.44,RANDOM,10346,7183,433015,0,nrmsd_norm,65,0.3685259176062386
33764.44,RANDOM,10346,7183,433015,0,nrmsd_norm,70,0.3631733381836674
33764.44,RANDOM,10346,3312,433015,0,nrmsd_norm,75,0.3622787492430591
33764.44,RANDOM,10346,6845,433015,0,nrmsd_norm,80,0.35159432279656794
33764.44,RANDOM,10346,6845,433015,0,nrmsd_norm,85,0.3428587018670401
33764.44,RANDOM,10346,6845,433015,0,nrmsd_norm,90,0.3365920435848374
33764.44,RANDOM,10346,6845,433015,0,nrmsd_norm,95,0.33228489763258984
33764.44,RANDOM,10346,6845,433015,0,nrmsd_norm,100,0.33343493363631926
33764.44,RANDOM,10346,10496,858597,0,nrmsd_norm,5,0.549567946270002
33764.44,RANDOM,10346,4807,858597,0,nrmsd_norm,6,0.5812160622601645
33764.44,RANDOM,10346,3997,858597,0,nrmsd_norm,7,0.5896796101278532
33764.44,RANDOM,10346,8268,858597,0,nrmsd_norm,8,0.5974502315576687
33764.44,RANDOM,10346,3429,858597,0,nrmsd_norm,9,0.5822708949918964
33764.44,RANDOM,10346,11606,858597,0,nrmsd_norm,10,0.561296527799349
33764.44,RANDOM,10346,11606,858597,0,nrmsd_norm,11,0.5759639876139512
33764.44,RANDOM,10346,1381,858597,0,nrmsd_norm,12,0.5551352787277037
33764.44,RANDOM,10346,1381,858597,0,nrmsd_norm,13,0.5626916247228826
33764.44,RANDOM,10346,1381,858597,0,nrmsd_norm,14,0.5272807376622942
33764.44,RANDOM,10346,1381,858597,0,nrmsd_norm,15,0.5201448033829525
33764.44,RANDOM,10346,12482,858597,0,nrmsd_norm,16,0.5221778278302153
33764.44,RANDOM,10346,12482,858597,0,nrmsd_norm,17,0.5421627841985751
33764.44,RANDOM,10346,12482,858597,0,nrmsd_norm,18,0.5287850473812648
33764.44,RANDOM,10346,1396,858597,0,nrmsd_norm,19,0.5452652574171676
33764.44,RANDOM,10346,1381,858597,0,nrmsd_norm,20,0.5408431596950636
33764.44,RANDOM,10346,1381,858597,0,nrmsd_norm,22,0.5187125298093368
33764.44,RANDOM,10346,1381,858597,0,nrmsd_norm,24,0.5188266175924445
33764.44,RANDOM,10346,6827,858597,0,nrmsd_norm,26,0.4998863351708127
33764.44,RANDOM,10346,1381,858597,0,nrmsd_norm,28,0.4717098708227246
33764.44,RANDOM,10346,1381,858597,0,nrmsd_norm,30,0.4554150480752435
33764.44,RANDOM,10346,10346,858597,0,nrmsd_norm,32,0.4141308525400017
33764.44,RANDOM,10346,10346,858597,0,nrmsd_norm,34,0.41670049521992186
33764.44,RANDOM,10346,6827,858597,0,nrmsd_norm,36,0.3908786892811003
33764.44,RANDOM,10346,6827,858597,0,nrmsd_norm,38,0.3688061505565618
33764.44,RANDOM,10346,10346,858597,0,nrmsd_norm,40,0.37258679134740535
33764.44,RANDOM,10346,10346,858597,0,nrmsd_norm,42,0.361357953408024
33764.44,RANDOM,10346,10346,858597,0,nrmsd_norm,44,0.36410726537863364
33764.44,RANDOM,10346,10346,858597,0,nrmsd_norm,46,0.3685025635490129
33764.44,RANDOM,10346,10346,858597,0,nrmsd_norm,48,0.3610618967241273
33764.44,RANDOM,10346,10346,858597,0,nrmsd_norm,50,0.35292359773779364
33764.44,RANDOM,10346,10346,858597,0,nrmsd_norm,55,0.34296863222445384
33764.44,RANDOM,10346,10346,858597,0,nrmsd_norm,60,0.337818289400077
33764.44,RANDOM,10346,10346,858597,0,nrmsd_norm,65,0.34147773428275746
33764.44,RANDOM,10346,10346,858597,0,nrmsd_norm,70,0.3374957960255052
33764.44,RANDOM,10346,10346,858597,0,nrmsd_norm,75,0.3355001028779132
33764.44,RANDOM,10346,10346,858597,0,nrmsd_norm,80,0.3322640500700531
33764.44,RANDOM,10346,10346,858597,0,nrmsd_norm,85,0.32613707024954935
33764.44,RANDOM,10346,10346,858597,0,nrmsd_norm,90,0.3185634137521687
33764.44,RANDOM,10346,10346,858597,0,nrmsd_norm,95,0.3146843970937535
33764.44,RANDOM,10346,10346,858597,0,nrmsd_norm,100,0.31542267149947595
33764.44,RANDOM,10346,1415,85945,0,nrmsd_norm,5,0.5386710788111032
33764.44,RANDOM,10346,6579,85945,0,nrmsd_norm,6,0.5622238207915344
33764.44,RANDOM,10346,2125,85945,0,nrmsd_norm,7,0.5805626494675054
33764.44,RANDOM,10346,4120,85945,0,nrmsd_norm,8,0.5911351883997154
33764.44,RANDOM,10346,2292,85945,0,nrmsd_norm,9,0.5739959650155924
33764.44,RANDOM,10346,6497,85945,0,nrmsd_norm,10,0.5665653092074677
33764.44,RANDOM,10346,6497,85945,0,nrmsd_norm,11,0.5751381354323922
33764.44,RANDOM,10346,2144,85945,0,nrmsd_norm,12,0.5749223963203292
33764.44,RANDOM,10346,2144,85945,0,nrmsd_norm,13,0.5840461143608554
33764.44,RANDOM,10346,1381,85945,0,nrmsd_norm,14,0.5159347573238702
33764.44,RANDOM,10346,1381,85945,0,nrmsd_norm,15,0.5139633294047536
33764.44,RANDOM,10346,1381,85945,0,nrmsd_norm,16,0.5150187677083458
33764.44,RANDOM,10346,1381,85945,0,nrmsd_norm,17,0.5210185267757604
33764.44,RANDOM,10346,1381,85945,0,nrmsd_norm,18,0.5117552418273186
33764.44,RANDOM,10346,6824,85945,0,nrmsd_norm,19,0.5200436208734899
33764.44,RANDOM,10346,6824,85945,0,nrmsd_norm,20,0.5229789303748185
33764.44,RANDOM,10346,1381,85945,0,nrmsd_norm,22,0.5132021256083655
33764.44,RANDOM,10346,10534,85945,0,nrmsd_norm,24,0.520547432399366
33764.44,RANDOM,10346,10534,85945,0,nrmsd_norm,26,0.5185127312683008
33764.44,RANDOM,10346,6827,85945,0,nrmsd_norm,28,0.49108721751612605
33764.44,RANDOM,10346,6827,85945,0,nrmsd_norm,30,0.4737550951757645
33764.44,RANDOM,10346,6827,85945,0,nrmsd_norm,32,0.40591337693056934
33764.44,RANDOM,10346,6827,85945,0,nrmsd_norm,34,0.405424570920479
33764.44,RANDOM,10346,6827,85945,0,nrmsd_norm,36,0.3833443392094951
33764.44,RANDOM,10346,6827,85945,0,nrmsd_norm,38,0.3729469473006158
33764.44,RANDOM,10346,6827,85945,0,nrmsd_norm,40,0.36836446596146893
33764.44,RANDOM,10346,6827,85945,0,nrmsd_norm,42,0.36191049077442955
33764.44,RANDOM,10346,6827,85945,0,nrmsd_norm,44,0.3644635475155373
33764.44,RANDOM,10346,6827,85945,0,nrmsd_norm,46,0.3680994664739758
33764.44,RANDOM,10346,10346,85945,0,nrmsd_norm,48,0.35716250286102913
33764.44,RANDOM,10346,10346,85945,0,nrmsd_norm,50,0.35416587371618885
33764.44,RANDOM,10346,10346,85945,0,nrmsd_norm,55,0.3479646905827839
33764.44,RANDOM,10346,10346,85945,0,nrmsd_norm,60,0.3439017550022699
33764.44,RANDOM,10346,10346,85945,0,nrmsd_norm,65,0.3485962603953638
33764.44,RANDOM,10346,10346,85945,0,nrmsd_norm,70,0.34361575394041405
33764.44,RANDOM,10346,10346,85945,0,nrmsd_norm,75,0.3439329958597842
33764.44,RANDOM,10346,10346,85945,0,nrmsd_norm,80,0.34417093237580304
33764.44,RANDOM,10346,10346,85945,0,nrmsd_norm,85,0.3395411395216677
33764.44,RANDOM,10346,10346,85945,0,nrmsd_norm,90,0.3330541215790717
33764.44,RANDOM,10346,10346,85945,0,nrmsd_norm,95,0.3266480819515287
33764.44,RANDOM,10346,10346,85945,0,nrmsd_norm,100,0.3282381246312854
33764.44,RANDOM,10346,8632,697368,0,nrmsd_norm,5,0.5244944588485263
33764.44,RANDOM,10346,7473,697368,0,nrmsd_norm,6,0.5482121691721328
33764.44,RANDOM,10346,7473,697368,0,nrmsd_norm,7,0.5761486706754445
33764.44,RANDOM,10346,12562,697368,0,nrmsd_norm,8,0.6346621202738268
33764.44,RANDOM,10346,3695,697368,0,nrmsd_norm,9,0.5940665527597973
33764.44,RANDOM,10346,7202,697368,0,nrmsd_norm,10,0.5650938197997758
33764.44,RANDOM,10346,6527,697368,0,nrmsd_norm,11,0.5742524517121359
33764.44,RANDOM,10346,1268,697368,0,nrmsd_norm,12,0.5650511136945676
33764.44,RANDOM,10346,7202,697368,0,nrmsd_norm,13,0.5717160954822429
33764.44,RANDOM,10346,1268,697368,0,nrmsd_norm,14,0.5543585395285696
33764.44,RANDOM,10346,1268,697368,0,nrmsd_norm,15,0.5419738637832686
33764.44,RANDOM,10346,7202,697368,0,nrmsd_norm,16,0.5265149849358942
33764.44,RANDOM,10346,2618,697368,0,nrmsd_norm,17,0.5324187329737967
33764.44,RANDOM,10346,2618,697368,0,nrmsd_norm,18,0.5081107926067808
33764.44,RANDOM,10346,7025,697368,0,nrmsd_norm,19,0.5074968415573523
33764.44,RANDOM,10346,7025,697368,0,nrmsd_norm,20,0.5147435254818987
33764.44,RANDOM,10346,7202,697368,0,nrmsd_norm,22,0.5120871592299577
33764.44,RANDOM,10346,7202,697368,0,nrmsd_norm,24,0.5131260025884565
33764.44,RANDOM,10346,2928,697368,0,nrmsd_norm,26,0.48927380616114013
33764.44,RANDOM,10346,2928,697368,0,nrmsd_norm,28,0.45952901334834134
33764.44,RANDOM,10346,2928,697368,0,nrmsd_norm,30,0.4431098595862178
33764.44,RANDOM,10346,12037,697368,0,nrmsd_norm,32,0.414020521758416
33764.44,RANDOM,10346,3526,697368,0,nrmsd_norm,34,0.4116965005674281
33764.44,RANDOM,10346,7183,697368,0,nrmsd_norm,36,0.3901068727897877
33764.44,RANDOM,10346,7183,697368,0,nrmsd_norm,38,0.3738878281011975
33764.44,RANDOM,10346,7183,697368,0,nrmsd_norm,40,0.37648649436014686
33764.44,RANDOM,10346,3425,697368,0,nrmsd_norm,42,0.3687680705698373
33764.44,RANDOM,10346,3425,697368,0,nrmsd_norm,44,0.3709399778173962
33764.44,RANDOM,10346,3425,697368,0,nrmsd_norm,46,0.3740004439437209
33764.44,RANDOM,10346,7183,697368,0,nrmsd_norm,48,0.3651164974976431
33764.44,RANDOM,10346,7183,697368,0,nrmsd_norm,50,0.36105905636446284
33764.44,RANDOM,10346,7183,697368,0,nrmsd_norm,55,0.35333029878007904
33764.44,RANDOM,10346,7183,697368,0,nrmsd_norm,60,0.3512388550693372
33764.44,RANDOM,10346,3526,697368,0,nrmsd_norm,65,0.3625320550509469
33764.44,RANDOM,10346,3526,697368,0,nrmsd_norm,70,0.3597108611953218
33764.44,RANDOM,10346,3312,697368,0,nrmsd_norm,75,0.35931683450601615
33764.44,RANDOM,10346,3312,697368,0,nrmsd_norm,80,0.35690516679039097
33764.44,RANDOM,10346,3312,697368,0,nrmsd_norm,85,0.35122347092707357
33764.44,RANDOM,10346,7183,697368,0,nrmsd_norm,90,0.34295843097724066
33764.44,RANDOM,10346,7183,697368,0,nrmsd_norm,95,0.33682224323162935
33764.44,RANDOM,10346,7183,697368,0,nrmsd_norm,100,0.33490313015000467
33764.44,RANDOM,10346,11538,201469,0,nrmsd_norm,5,0.5328307314776543
33764.44,RANDOM,10346,11538,201469,0,nrmsd_norm,6,0.5633807302440944
33764.44,RANDOM,10346,616,201469,0,nrmsd_norm,7,0.5650643433892464
33764.44,RANDOM,10346,11539,201469,0,nrmsd_norm,8,0.5606201571335935
33764.44,RANDOM,10346,11539,201469,0,nrmsd_norm,9,0.544938477673533
33764.44,RANDOM,10346,11539,201469,0,nrmsd_norm,10,0.5294066641131719
33764.44,RANDOM,10346,11539,201469,0,nrmsd_norm,11,0.5455601758073295
33764.44,RANDOM,10346,11673,201469,0,nrmsd_norm,12,0.5659125461026974
33764.44,RANDOM,10346,11673,201469,0,nrmsd_norm,13,0.5685139333835627
33764.44,RANDOM,10346,1381,201469,0,nrmsd_norm,14,0.5293349500966431
33764.44,RANDOM,10346,1381,201469,0,nrmsd_norm,15,0.5222476167870073
33764.44,RANDOM,10346,6827,201469,0,nrmsd_norm,16,0.5227367415476054
33764.44,RANDOM,10346,1381,201469,0,nrmsd_norm,17,0.527225484513637
33764.44,RANDOM,10346,6827,201469,0,nrmsd_norm,18,0.5071687346142304
33764.44,RANDOM,10346,6827,201469,0,nrmsd_norm,19,0.5121883168166905
33764.44,RANDOM,10346,6827,201469,0,nrmsd_norm,20,0.5083473765682894
33764.44,RANDOM,10346,6678,201469,0,nrmsd_norm,22,0.4952651477064335
33764.44,RANDOM,10346,6678,201469,0,nrmsd_norm,24,0.49624407402315435
33764.44,RANDOM,10346,6678,201469,0,nrmsd_norm,26,0.47489846591313667
33764.44,RANDOM,10346,6678,201469,0,nrmsd_norm,28,0.44701534371270146
33764.44,RANDOM,10346,6678,201469,0,nrmsd_norm,30,0.43175569726275886
33764.44,RANDOM,10346,1381,201469,0,nrmsd_norm,32,0.41079875527906223
33764.44,RANDOM,10346,1381,201469,0,nrmsd_norm,34,0.41076738926752576
33764.44,RANDOM,10346,1381,201469,0,nrmsd_norm,36,0.3779425582018832
33764.44,RANDOM,10346,1381,201469,0,nrmsd_norm,38,0.36156204492105265
33764.44,RANDOM,10346,1381,201469,0,nrmsd_norm,40,0.3618180778905327
33764.44,RANDOM,10346,1381,201469,0,nrmsd_norm,42,0.35311898563727034
33764.44,RANDOM,10346,1381,201469,0,nrmsd_norm,44,0.35683546996810916
33764.44,RANDOM,10346,1381,201469,0,nrmsd_norm,46,0.35781113827670125
33764.44,RANDOM,10346,1381,201469,0,nrmsd_norm,48,0.34995927302892454
33764.44,RANDOM,10346,1381,201469,0,nrmsd_norm,50,0.34516185692125534
33764.44,RANDOM,10346,1381,201469,0,nrmsd_norm,55,0.336245349164765
33764.44,RANDOM,10346,1381,201469,0,nrmsd_norm,60,0.33103576792198103
33764.44,RANDOM,10346,1381,201469,0,nrmsd_norm,65,0.3402846988581536
33764.44,RANDOM,10346,1381,201469,0,nrmsd_norm,70,0.3345372877259013
33764.44,RANDOM,10346,1381,201469,0,nrmsd_norm,75,0.33298199352747837
33764.44,RANDOM,10346,1381,201469,0,nrmsd_norm,80,0.3388909731256114
33764.44,RANDOM,10346,1381,201469,0,nrmsd_norm,85,0.33218745585120374
33764.44,RANDOM,10346,1381,201469,0,nrmsd_norm,90,0.3246776321527329
33764.44,RANDOM,10346,1381,201469,0,nrmsd_norm,95,0.32045502415320376
33764.44,RANDOM,10346,1381,201469,0,nrmsd_norm,100,0.322649261223527
33764.44,RANDOM,10346,8884,94177,0,nrmsd_norm,5,0.5254025150382596
33764.44,RANDOM,10346,353,94177,0,nrmsd_norm,6,0.46619619433886045
33764.44,RANDOM,10346,10885,94177,0,nrmsd_norm,7,0.5134720870726155
33764.44,RANDOM,10346,7812,94177,0,nrmsd_norm,8,0.5652067122140326
33764.44,RANDOM,10346,7812,94177,0,nrmsd_norm,9,0.5684339060593193
33764.44,RANDOM,10346,1342,94177,0,nrmsd_norm,10,0.5632582807144285
33764.44,RANDOM,10346,1342,94177,0,nrmsd_norm,11,0.5720735629242398
33764.44,RANDOM,10346,8711,94177,0,nrmsd_norm,12,0.5396894682133853
33764.44,RANDOM,10346,8711,94177,0,nrmsd_norm,13,0.5460654745422624
33764.44,RANDOM,10346,1342,94177,0,nrmsd_norm,14,0.5474472903518185
33764.44,RANDOM,10346,1342,94177,0,nrmsd_norm,15,0.5352820762826977
33764.44,RANDOM,10346,1342,94177,0,nrmsd_norm,16,0.5295612908844822
33764.44,RANDOM,10346,1342,94177,0,nrmsd_norm,17,0.5355589310304202
33764.44,RANDOM,10346,11609,94177,0,nrmsd_norm,18,0.5075227124399945
33764.44,RANDOM,10346,11609,94177,0,nrmsd_norm,19,0.5147482765816221
33764.44,RANDOM,10346,11609,94177,0,nrmsd_norm,20,0.5150253945274296
33764.44,RANDOM,10346,1342,94177,0,nrmsd_norm,22,0.5101680048792212
33764.44,RANDOM,10346,1342,94177,0,nrmsd_norm,24,0.5094267422858716
33764.44,RANDOM,10346,1342,94177,0,nrmsd_norm,26,0.5090973604531941
33764.44,RANDOM,10346,1342,94177,0,nrmsd_norm,28,0.4762291901744695
33764.44,RANDOM,10346,11609,94177,0,nrmsd_norm,30,0.45890547158650924
33764.44,RANDOM,10346,11609,94177,0,nrmsd_norm,32,0.4141791748707719
33764.44,RANDOM,10346,11609,94177,0,nrmsd_norm,34,0.41626527536498187
33764.44,RANDOM,10346,10346,94177,0,nrmsd_norm,36,0.390255059641466
33764.44,RANDOM,10346,10346,94177,0,nrmsd_norm,38,0.3773134151976154
33764.44,RANDOM,10346,8711,94177,0,nrmsd_norm,40,0.3710855505488444
33764.44,RANDOM,10346,8711,94177,0,nrmsd_norm,42,0.36115166163992823
33764.44,RANDOM,10346,8711,94177,0,nrmsd_norm,44,0.3586934873706231
33764.44,RANDOM,10346,8711,94177,0,nrmsd_norm,46,0.357223065098498
33764.44,RANDOM,10346,1381,94177,0,nrmsd_norm,48,0.35614979914579903
33764.44,RANDOM,10346,1381,94177,0,nrmsd_norm,50,0.34898777338697434
33764.44,RANDOM,10346,10346,94177,0,nrmsd_norm,55,0.3402910363080864
33764.44,RANDOM,10346,10346,94177,0,nrmsd_norm,60,0.337613326852456
33764.44,RANDOM,10346,10346,94177,0,nrmsd_norm,65,0.34599634315069766
33764.44,RANDOM,10346,12482,94177,0,nrmsd_norm,70,0.3432161821890962
33764.44,RANDOM,10346,10346,94177,0,nrmsd_norm,75,0.3433781806413856
33764.44,RANDOM,10346,10346,94177,0,nrmsd_norm,80,0.3377111056201207
33764.44,RANDOM,10346,10346,94177,0,nrmsd_norm,85,0.3324608265141618
33764.44,RANDOM,10346,10346,94177,0,nrmsd_norm,90,0.32539778374844236
33764.44,RANDOM,10346,10346,94177,0,nrmsd_norm,95,0.3198460016935381
33764.44,RANDOM,10346,10346,94177,0,nrmsd_norm,100,0.319655717001658
33764.44,ROW-mean-Corr,10346,8041,89250,0,nrmsd_norm,5,0.6265247272391773
33764.44,ROW-mean-Corr,10346,4046,89250,0,nrmsd_norm,6,0.4839329289296438
33764.44,ROW-mean-Corr,10346,4046,89250,0,nrmsd_norm,7,0.5435065130576732
33764.44,ROW-mean-Corr,10346,4046,89250,0,nrmsd_norm,8,0.5313974675184765
33764.44,ROW-mean-Corr,10346,7775,89250,0,nrmsd_norm,9,0.5224394457628871
33764.44,ROW-mean-Corr,10346,7775,89250,0,nrmsd_norm,10,0.5515097218403582
33764.44,ROW-mean-Corr,10346,7775,89250,0,nrmsd_norm,11,0.5463990230702382
33764.44,ROW-mean-Corr,10346,10525,89250,0,nrmsd_norm,12,0.5404327224694472
33764.44,ROW-mean-Corr,10346,10261,89250,0,nrmsd_norm,13,0.5450490120013798
33764.44,ROW-mean-Corr,10346,10261,89250,0,nrmsd_norm,14,0.5789122903888474
33764.44,ROW-mean-Corr,10346,10261,89250,0,nrmsd_norm,15,0.5158909481093167
33764.44,ROW-mean-Corr,10346,10261,89250,0,nrmsd_norm,16,0.524929068155531
33764.44,ROW-mean-Corr,10346,10525,89250,0,nrmsd_norm,17,0.5179389064724911
33764.44,ROW-mean-Corr,10346,10525,89250,0,nrmsd_norm,18,0.5568602046989414
33764.44,ROW-mean-Corr,10346,7183,89250,0,nrmsd_norm,19,0.56376400497459
33764.44,ROW-mean-Corr,10346,7183,89250,0,nrmsd_norm,20,0.5820358742509981
33764.44,ROW-mean-Corr,10346,10525,89250,0,nrmsd_norm,22,0.5667933743850524
33764.44,ROW-mean-Corr,10346,7183,89250,0,nrmsd_norm,24,0.5696245044908923
33764.44,ROW-mean-Corr,10346,3312,89250,0,nrmsd_norm,26,0.5778651265174889
33764.44,ROW-mean-Corr,10346,7183,89250,0,nrmsd_norm,28,0.5952710193036516
33764.44,ROW-mean-Corr,10346,3312,89250,0,nrmsd_norm,30,0.5960800758060916
33764.44,ROW-mean-Corr,10346,7183,89250,0,nrmsd_norm,32,0.5815817567425517
33764.44,ROW-mean-Corr,10346,10346,89250,0,nrmsd_norm,34,0.5844729512081445
33764.44,ROW-mean-Corr,10346,10346,89250,0,nrmsd_norm,36,0.5875688889960424
33764.44,ROW-mean-Corr,10346,10346,89250,0,nrmsd_norm,38,0.5875867027018118
33764.44,ROW-mean-Corr,10346,10346,89250,0,nrmsd_norm,40,0.5921957625157952
33764.44,ROW-mean-Corr,10346,6845,89250,0,nrmsd_norm,42,0.591447532418256
33764.44,ROW-mean-Corr,10346,6845,89250,0,nrmsd_norm,44,0.5770963106733412
33764.44,ROW-mean-Corr,10346,6845,89250,0,nrmsd_norm,46,0.5775431704231953
33764.44,ROW-mean-Corr,10346,6845,89250,0,nrmsd_norm,48,0.5797599869841763
33764.44,ROW-mean-Corr,10346,6845,89250,0,nrmsd_norm,50,0.5651140430088121
33764.44,ROW-mean-Corr,10346,3312,89250,0,nrmsd_norm,55,0.580780708456313
33764.44,ROW-mean-Corr,10346,6845,89250,0,nrmsd_norm,60,0.5830100865041431
33764.44,ROW-mean-Corr,10346,6845,89250,0,nrmsd_norm,65,0.5805624952590052
33764.44,ROW-mean-Corr,10346,6845,89250,0,nrmsd_norm,70,0.5930307308139919
33764.44,ROW-mean-Corr,10346,6845,89250,0,nrmsd_norm,75,0.5895458571522604
33764.44,ROW-mean-Corr,10346,6845,89250,0,nrmsd_norm,80,0.5831768012909563
33764.44,ROW-mean-Corr,10346,6845,89250,0,nrmsd_norm,85,0.5754275506100458
33764.44,ROW-mean-Corr,10346,6845,89250,0,nrmsd_norm,90,0.5726919703865003
33764.44,ROW-mean-Corr,10346,6845,89250,0,nrmsd_norm,95,0.5711932293366632
33764.44,ROW-mean-Corr,10346,10346,89250,0,nrmsd_norm,100,0.5698374196515991
33764.44,ROW-mean-Corr,10346,5113,773956,0,nrmsd_norm,5,0.47864245352077606
33764.44,ROW-mean-Corr,10346,2658,773956,0,nrmsd_norm,6,0.43856030661364065
33764.44,ROW-mean-Corr,10346,2658,773956,0,nrmsd_norm,7,0.5077852828076642
33764.44,ROW-mean-Corr,10346,11124,773956,0,nrmsd_norm,8,0.5112926566272329
33764.44,ROW-mean-Corr,10346,12562,773956,0,nrmsd_norm,9,0.5432867511478461
33764.44,ROW-mean-Corr,10346,3312,773956,0,nrmsd_norm,10,0.5746791703666079
33764.44,ROW-mean-Corr,10346,7183,773956,0,nrmsd_norm,11,0.5869501932012372
33764.44,ROW-mean-Corr,10346,7183,773956,0,nrmsd_norm,12,0.5821822135819059
33764.44,ROW-mean-Corr,10346,7183,773956,0,nrmsd_norm,13,0.5623045931487731
33764.44,ROW-mean-Corr,10346,7183,773956,0,nrmsd_norm,14,0.5876910380672781
33764.44,ROW-mean-Corr,10346,11606,773956,0,nrmsd_norm,15,0.4950694147141579
33764.44,ROW-mean-Corr,10346,11606,773956,0,nrmsd_norm,16,0.5046997522892201
33764.44,ROW-mean-Corr,10346,12482,773956,0,nrmsd_norm,17,0.49994349858111725
33764.44,ROW-mean-Corr,10346,7183,773956,0,nrmsd_norm,18,0.5246455194772259
33764.44,ROW-mean-Corr,10346,7183,773956,0,nrmsd_norm,19,0.521346233435998
33764.44,ROW-mean-Corr,10346,7183,773956,0,nrmsd_norm,20,0.5370834395263561
33764.44,ROW-mean-Corr,10346,1191,773956,0,nrmsd_norm,22,0.5452411081140626
33764.44,ROW-mean-Corr,10346,7183,773956,0,nrmsd_norm,24,0.5462295827584157
33764.44,ROW-mean-Corr,10346,11210,773956,0,nrmsd_norm,26,0.5442282477580699
33764.44,ROW-mean-Corr,10346,7183,773956,0,nrmsd_norm,28,0.5635007453822695
33764.44,ROW-mean-Corr,10346,7183,773956,0,nrmsd_norm,30,0.5588613718971202
33764.44,ROW-mean-Corr,10346,11210,773956,0,nrmsd_norm,32,0.5601509651031351
33764.44,ROW-mean-Corr,10346,12482,773956,0,nrmsd_norm,34,0.5599483755329988
33764.44,ROW-mean-Corr,10346,12482,773956,0,nrmsd_norm,36,0.5674861378603304
33764.44,ROW-mean-Corr,10346,12482,773956,0,nrmsd_norm,38,0.5677474861209107
33764.44,ROW-mean-Corr,10346,12482,773956,0,nrmsd_norm,40,0.5743242461106277
33764.44,ROW-mean-Corr,10346,12482,773956,0,nrmsd_norm,42,0.5812023920024261
33764.44,ROW-mean-Corr,10346,12482,773956,0,nrmsd_norm,44,0.5670699336807798
33764.44,ROW-mean-Corr,10346,1381,773956,0,nrmsd_norm,46,0.5581320666494013
33764.44,ROW-mean-Corr,10346,1381,773956,0,nrmsd_norm,48,0.5635661154177561
33764.44,ROW-mean-Corr,10346,1381,773956,0,nrmsd_norm,50,0.5552039055188879
33764.44,ROW-mean-Corr,10346,6824,773956,0,nrmsd_norm,55,0.5684900354020477
33764.44,ROW-mean-Corr,10346,10346,773956,0,nrmsd_norm,60,0.5648072588303613
33764.44,ROW-mean-Corr,10346,10346,773956,0,nrmsd_norm,65,0.5601493350674234
33764.44,ROW-mean-Corr,10346,10346,773956,0,nrmsd_norm,70,0.5682008643682858
33764.44,ROW-mean-Corr,10346,10346,773956,0,nrmsd_norm,75,0.554159727028061
33764.44,ROW-mean-Corr,10346,10346,773956,0,nrmsd_norm,80,0.5503439067291014
33764.44,ROW-mean-Corr,10346,10346,773956,0,nrmsd_norm,85,0.5490436003869981
33764.44,ROW-mean-Corr,10346,10346,773956,0,nrmsd_norm,90,0.5532468814731204
33764.44,ROW-mean-Corr,10346,10346,773956,0,nrmsd_norm,95,0.5540127764851249
33764.44,ROW-mean-Corr,10346,10346,773956,0,nrmsd_norm,100,0.5532985498647868
33764.44,ROW-mean-Corr,10346,7601,654571,0,nrmsd_norm,5,0.5661634861778039
33764.44,ROW-mean-Corr,10346,1299,654571,0,nrmsd_norm,6,0.4853707787266871
33764.44,ROW-mean-Corr,10346,1299,654571,0,nrmsd_norm,7,0.5470824028046554
33764.44,ROW-mean-Corr,10346,12037,654571,0,nrmsd_norm,8,0.5566510700415738
33764.44,ROW-mean-Corr,10346,11124,654571,0,nrmsd_norm,9,0.5144585611712533
33764.44,ROW-mean-Corr,10346,3425,654571,0,nrmsd_norm,10,0.557633187013783
33764.44,ROW-mean-Corr,10346,2658,654571,0,nrmsd_norm,11,0.5457532672897103
33764.44,ROW-mean-Corr,10346,7598,654571,0,nrmsd_norm,12,0.521197379678267
33764.44,ROW-mean-Corr,10346,7183,654571,0,nrmsd_norm,13,0.4823505605886221
33764.44,ROW-mean-Corr,10346,7183,654571,0,nrmsd_norm,14,0.5123144691418318
33764.44,ROW-mean-Corr,10346,7183,654571,0,nrmsd_norm,15,0.4986715313951265
33764.44,ROW-mean-Corr,10346,7183,654571,0,nrmsd_norm,16,0.5182660867759294
33764.44,ROW-mean-Corr,10346,7183,654571,0,nrmsd_norm,17,0.5118894070025072
33764.44,ROW-mean-Corr,10346,7183,654571,0,nrmsd_norm,18,0.5311794461191655
33764.44,ROW-mean-Corr,10346,7183,654571,0,nrmsd_norm,19,0.5347846650646737
33764.44,ROW-mean-Corr,10346,7183,654571,0,nrmsd_norm,20,0.5459336931171596
33764.44,ROW-mean-Corr,10346,7183,654571,0,nrmsd_norm,22,0.5544153960527448
33764.44,ROW-mean-Corr,10346,7183,654571,0,nrmsd_norm,24,0.5632125864147344
33764.44,ROW-mean-Corr,10346,7183,654571,0,nrmsd_norm,26,0.5607353105691095
33764.44,ROW-mean-Corr,10346,7183,654571,0,nrmsd_norm,28,0.580859161040958
33764.44,ROW-mean-Corr,10346,3312,654571,0,nrmsd_norm,30,0.5881850175118336
33764.44,ROW-mean-Corr,10346,7183,654571,0,nrmsd_norm,32,0.5795857478693994
33764.44,ROW-mean-Corr,10346,3312,654571,0,nrmsd_norm,34,0.5869243026273677
33764.44,ROW-mean-Corr,10346,3312,654571,0,nrmsd_norm,36,0.5826855693209498
33764.44,ROW-mean-Corr,10346,3312,654571,0,nrmsd_norm,38,0.5847875611978194
33764.44,ROW-mean-Corr,10346,3312,654571,0,nrmsd_norm,40,0.5910168908578685
33764.44,ROW-mean-Corr,10346,3312,654571,0,nrmsd_norm,42,0.5939685511564469
33764.44,ROW-mean-Corr,10346,3312,654571,0,nrmsd_norm,44,0.5863827663411575
33764.44,ROW-mean-Corr,10346,3312,654571,0,nrmsd_norm,46,0.5854076554975353
33764.44,ROW-mean-Corr,10346,3312,654571,0,nrmsd_norm,48,0.5898763686108677
33764.44,ROW-mean-Corr,10346,3312,654571,0,nrmsd_norm,50,0.585056218791512
33764.44,ROW-mean-Corr,10346,3312,654571,0,nrmsd_norm,55,0.5890911348534156
33764.44,ROW-mean-Corr,10346,3312,654571,0,nrmsd_norm,60,0.5864181419573304
33764.44,ROW-mean-Corr,10346,3312,654571,0,nrmsd_norm,65,0.5798345488263706
33764.44,ROW-mean-Corr,10346,6845,654571,0,nrmsd_norm,70,0.5899471670148952
33764.44,ROW-mean-Corr,10346,6845,654571,0,nrmsd_norm,75,0.5766564585806561
33764.44,ROW-mean-Corr,10346,6845,654571,0,nrmsd_norm,80,0.5695515124868369
33764.44,ROW-mean-Corr,10346,6845,654571,0,nrmsd_norm,85,0.5628632322599995
33764.44,ROW-mean-Corr,10346,6845,654571,0,nrmsd_norm,90,0.5556125211598347
33764.44,ROW-mean-Corr,10346,6845,654571,0,nrmsd_norm,95,0.5567964255502712
33764.44,ROW-mean-Corr,10346,6845,654571,0,nrmsd_norm,100,0.5520796470161535
33764.44,ROW-mean-Corr,10346,142,438878,0,nrmsd_norm,5,0.6234950984166688
33764.44,ROW-mean-Corr,10346,6312,438878,0,nrmsd_norm,6,0.46829188788392034
33764.44,ROW-mean-Corr,10346,11816,438878,0,nrmsd_norm,7,0.5198635857911996
33764.44,ROW-mean-Corr,10346,7887,438878,0,nrmsd_norm,8,0.5214437035326417
33764.44,ROW-mean-Corr,10346,7887,438878,0,nrmsd_norm,9,0.5101376793246188
33764.44,ROW-mean-Corr,10346,7887,438878,0,nrmsd_norm,10,0.5489125469268421
33764.44,ROW-mean-Corr,10346,8486,438878,0,nrmsd_norm,11,0.5869715258494904
33764.44,ROW-mean-Corr,10346,8486,438878,0,nrmsd_norm,12,0.5722756317584861
33764.44,ROW-mean-Corr,10346,8486,438878,0,nrmsd_norm,13,0.5800351198260196
33764.44,ROW-mean-Corr,10346,8486,438878,0,nrmsd_norm,14,0.6035805358118965
33764.44,ROW-mean-Corr,10346,9098,438878,0,nrmsd_norm,15,0.549550371975756
33764.44,ROW-mean-Corr,10346,7776,438878,0,nrmsd_norm,16,0.5540833540038419
33764.44,ROW-mean-Corr,10346,12131,438878,0,nrmsd_norm,17,0.5480534728746597
33764.44,ROW-mean-Corr,10346,12131,438878,0,nrmsd_norm,18,0.5718289063655646
33764.44,ROW-mean-Corr,10346,7776,438878,0,nrmsd_norm,19,0.5701351630757593
33764.44,ROW-mean-Corr,10346,1381,438878,0,nrmsd_norm,20,0.5739209232600176
33764.44,ROW-mean-Corr,10346,1381,438878,0,nrmsd_norm,22,0.5751053759739644
33764.44,ROW-mean-Corr,10346,10346,438878,0,nrmsd_norm,24,0.5843574257415469
33764.44,ROW-mean-Corr,10346,10346,438878,0,nrmsd_norm,26,0.5864047410857876
33764.44,ROW-mean-Corr,10346,10346,438878,0,nrmsd_norm,28,0.606620296852455
33764.44,ROW-mean-Corr,10346,7776,438878,0,nrmsd_norm,30,0.6088457264495888
33764.44,ROW-mean-Corr,10346,10346,438878,0,nrmsd_norm,32,0.5896404462205938
33764.44,ROW-mean-Corr,10346,1381,438878,0,nrmsd_norm,34,0.5745297793655119
33764.44,ROW-mean-Corr,10346,1381,438878,0,nrmsd_norm,36,0.5831426375372599
33764.44,ROW-mean-Corr,10346,1381,438878,0,nrmsd_norm,38,0.5839062599659871
33764.44,ROW-mean-Corr,10346,1381,438878,0,nrmsd_norm,40,0.5930972031580494
33764.44,ROW-mean-Corr,10346,1381,438878,0,nrmsd_norm,42,0.5924606367108909
33764.44,ROW-mean-Corr,10346,1381,438878,0,nrmsd_norm,44,0.5798042646528268
33764.44,ROW-mean-Corr,10346,12482,438878,0,nrmsd_norm,46,0.5876608813759787
33764.44,ROW-mean-Corr,10346,12482,438878,0,nrmsd_norm,48,0.5948375243568779
33764.44,ROW-mean-Corr,10346,12482,438878,0,nrmsd_norm,50,0.5828766267130094
33764.44,ROW-mean-Corr,10346,12482,438878,0,nrmsd_norm,55,0.5909423761698579
33764.44,ROW-mean-Corr,10346,12482,438878,0,nrmsd_norm,60,0.6054514692111712
33764.44,ROW-mean-Corr,10346,12482,438878,0,nrmsd_norm,65,0.6008030841617532
33764.44,ROW-mean-Corr,10346,12482,438878,0,nrmsd_norm,70,0.6111118363091832
33764.44,ROW-mean-Corr,10346,12482,438878,0,nrmsd_norm,75,0.602056309960012
33764.44,ROW-mean-Corr,10346,12482,438878,0,nrmsd_norm,80,0.5870158670398565
33764.44,ROW-mean-Corr,10346,12482,438878,0,nrmsd_norm,85,0.5759594837649648
33764.44,ROW-mean-Corr,10346,12482,438878,0,nrmsd_norm,90,0.5742632088082192
33764.44,ROW-mean-Corr,10346,12482,438878,0,nrmsd_norm,95,0.5740328193128381
33764.44,ROW-mean-Corr,10346,12482,438878,0,nrmsd_norm,100,0.5788358854380051
33764.44,ROW-mean-Corr,10346,607,433015,0,nrmsd_norm,5,0.6035643490558751
33764.44,ROW-mean-Corr,10346,12589,433015,0,nrmsd_norm,6,0.5010681221340391
33764.44,ROW-mean-Corr,10346,6417,433015,0,nrmsd_norm,7,0.5039552883767744
33764.44,ROW-mean-Corr,10346,639,433015,0,nrmsd_norm,8,0.514187403613178
33764.44,ROW-mean-Corr,10346,11249,433015,0,nrmsd_norm,9,0.46976895798163715
33764.44,ROW-mean-Corr,10346,7173,433015,0,nrmsd_norm,10,0.4956621334541492
33764.44,ROW-mean-Corr,10346,7173,433015,0,nrmsd_norm,11,0.5098764103121298
33764.44,ROW-mean-Corr,10346,7173,433015,0,nrmsd_norm,12,0.5121701919670161
33764.44,ROW-mean-Corr,10346,6823,433015,0,nrmsd_norm,13,0.452791687087853
33764.44,ROW-mean-Corr,10346,6629,433015,0,nrmsd_norm,14,0.4371125964226205
33764.44,ROW-mean-Corr,10346,6629,433015,0,nrmsd_norm,15,0.3779358228955849
33764.44,ROW-mean-Corr,10346,6629,433015,0,nrmsd_norm,16,0.41387118594230804
33764.44,ROW-mean-Corr,10346,6629,433015,0,nrmsd_norm,17,0.4060264458095564
33764.44,ROW-mean-Corr,10346,1659,433015,0,nrmsd_norm,18,0.43202614299033
33764.44,ROW-mean-Corr,10346,6629,433015,0,nrmsd_norm,19,0.43131336798950387
33764.44,ROW-mean-Corr,10346,10583,433015,0,nrmsd_norm,20,0.4489956211688306
33764.44,ROW-mean-Corr,10346,866,433015,0,nrmsd_norm,22,0.4655063160599977
33764.44,ROW-mean-Corr,10346,866,433015,0,nrmsd_norm,24,0.47847974608130484
33764.44,ROW-mean-Corr,10346,866,433015,0,nrmsd_norm,26,0.476473254071559
33764.44,ROW-mean-Corr,10346,866,433015,0,nrmsd_norm,28,0.4946396956394841
33764.44,ROW-mean-Corr,10346,866,433015,0,nrmsd_norm,30,0.5058177079091009
33764.44,ROW-mean-Corr,10346,866,433015,0,nrmsd_norm,32,0.5095360638576715
33764.44,ROW-mean-Corr,10346,1381,433015,0,nrmsd_norm,34,0.5246746168512725
33764.44,ROW-mean-Corr,10346,1381,433015,0,nrmsd_norm,36,0.5262406661518618
33764.44,ROW-mean-Corr,10346,1381,433015,0,nrmsd_norm,38,0.5286556503888479
33764.44,ROW-mean-Corr,10346,1381,433015,0,nrmsd_norm,40,0.5394805577186461
33764.44,ROW-mean-Corr,10346,1381,433015,0,nrmsd_norm,42,0.5416006981551054
33764.44,ROW-mean-Corr,10346,1381,433015,0,nrmsd_norm,44,0.5354133232939335
33764.44,ROW-mean-Corr,10346,1381,433015,0,nrmsd_norm,46,0.5272078766960258
33764.44,ROW-mean-Corr,10346,1381,433015,0,nrmsd_norm,48,0.5336319846475331
33764.44,ROW-mean-Corr,10346,1381,433015,0,nrmsd_norm,50,0.5188809187467439
33764.44,ROW-mean-Corr,10346,1381,433015,0,nrmsd_norm,55,0.5367772961982918
33764.44,ROW-mean-Corr,10346,1381,433015,0,nrmsd_norm,60,0.5333626777105283
33764.44,ROW-mean-Corr,10346,1381,433015,0,nrmsd_norm,65,0.5328005614699134
33764.44,ROW-mean-Corr,10346,1381,433015,0,nrmsd_norm,70,0.5425361146945687
33764.44,ROW-mean-Corr,10346,1381,433015,0,nrmsd_norm,75,0.5432331647544258
33764.44,ROW-mean-Corr,10346,12482,433015,0,nrmsd_norm,80,0.5385971429175767
33764.44,ROW-mean-Corr,10346,1381,433015,0,nrmsd_norm,85,0.538180730603903
33764.44,ROW-mean-Corr,10346,1381,433015,0,nrmsd_norm,90,0.5377757899741075
33764.44,ROW-mean-Corr,10346,1381,433015,0,nrmsd_norm,95,0.5431952280337127
33764.44,ROW-mean-Corr,10346,1381,433015,0,nrmsd_norm,100,0.541319085954069
33764.44,ROW-mean-Corr,10346,2106,858597,0,nrmsd_norm,5,0.6005399423742999
33764.44,ROW-mean-Corr,10346,7018,858597,0,nrmsd_norm,6,0.5140520475153244
33764.44,ROW-mean-Corr,10346,6815,858597,0,nrmsd_norm,7,0.5137699041442446
33764.44,ROW-mean-Corr,10346,6815,858597,0,nrmsd_norm,8,0.5236171157256105
33764.44,ROW-mean-Corr,10346,6815,858597,0,nrmsd_norm,9,0.4958390193432767
33764.44,ROW-mean-Corr,10346,6729,858597,0,nrmsd_norm,10,0.5125891545663364
33764.44,ROW-mean-Corr,10346,4342,858597,0,nrmsd_norm,11,0.5511627240901984
33764.44,ROW-mean-Corr,10346,7173,858597,0,nrmsd_norm,12,0.5229726538173163
33764.44,ROW-mean-Corr,10346,866,858597,0,nrmsd_norm,13,0.494257184680829
33764.44,ROW-mean-Corr,10346,866,858597,0,nrmsd_norm,14,0.5354527583362317
33764.44,ROW-mean-Corr,10346,6678,858597,0,nrmsd_norm,15,0.5335533317540947
33764.44,ROW-mean-Corr,10346,12429,858597,0,nrmsd_norm,16,0.5487802973617809
33764.44,ROW-mean-Corr,10346,6678,858597,0,nrmsd_norm,17,0.5389488796892276
33764.44,ROW-mean-Corr,10346,6678,858597,0,nrmsd_norm,18,0.5616578860416879
33764.44,ROW-mean-Corr,10346,6678,858597,0,nrmsd_norm,19,0.5598734493837348
33764.44,ROW-mean-Corr,10346,6678,858597,0,nrmsd_norm,20,0.5743098819425279
33764.44,ROW-mean-Corr,10346,6678,858597,0,nrmsd_norm,22,0.5791834572196413
33764.44,ROW-mean-Corr,10346,6827,858597,0,nrmsd_norm,24,0.5788004420279701
33764.44,ROW-mean-Corr,10346,6827,858597,0,nrmsd_norm,26,0.5694616163664656
33764.44,ROW-mean-Corr,10346,6827,858597,0,nrmsd_norm,28,0.5906953115250557
33764.44,ROW-mean-Corr,10346,6824,858597,0,nrmsd_norm,30,0.5696438945167709
33764.44,ROW-mean-Corr,10346,6824,858597,0,nrmsd_norm,32,0.5659978323926281
33764.44,ROW-mean-Corr,10346,6824,858597,0,nrmsd_norm,34,0.5696258828261394
33764.44,ROW-mean-Corr,10346,6824,858597,0,nrmsd_norm,36,0.5733029113149402
33764.44,ROW-mean-Corr,10346,6827,858597,0,nrmsd_norm,38,0.5791532731570783
33764.44,ROW-mean-Corr,10346,6824,858597,0,nrmsd_norm,40,0.5864190079745528
33764.44,ROW-mean-Corr,10346,6824,858597,0,nrmsd_norm,42,0.5969487461477612
33764.44,ROW-mean-Corr,10346,6827,858597,0,nrmsd_norm,44,0.5943880325444945
33764.44,ROW-mean-Corr,10346,10346,858597,0,nrmsd_norm,46,0.6068567125362215
33764.44,ROW-mean-Corr,10346,10346,858597,0,nrmsd_norm,48,0.6084774108293431
33764.44,ROW-mean-Corr,10346,6827,858597,0,nrmsd_norm,50,0.5914563197746124
33764.44,ROW-mean-Corr,10346,10346,858597,0,nrmsd_norm,55,0.5979273247530859
33764.44,ROW-mean-Corr,10346,10346,858597,0,nrmsd_norm,60,0.6019152822820093
33764.44,ROW-mean-Corr,10346,10346,858597,0,nrmsd_norm,65,0.5974436697814139
33764.44,ROW-mean-Corr,10346,10346,858597,0,nrmsd_norm,70,0.6007451426141333
33764.44,ROW-mean-Corr,10346,10346,858597,0,nrmsd_norm,75,0.5938130445666292
33764.44,ROW-mean-Corr,10346,10346,858597,0,nrmsd_norm,80,0.5809650324605562
33764.44,ROW-mean-Corr,10346,10346,858597,0,nrmsd_norm,85,0.5679234380831051
33764.44,ROW-mean-Corr,10346,10346,858597,0,nrmsd_norm,90,0.5643305112529328
33764.44,ROW-mean-Corr,10346,10346,858597,0,nrmsd_norm,95,0.5620765333768749
33764.44,ROW-mean-Corr,10346,10346,858597,0,nrmsd_norm,100,0.5571110220837716
33764.44,ROW-mean-Corr,10346,7748,85945,0,nrmsd_norm,5,0.6137127264295527
33764.44,ROW-mean-Corr,10346,3839,85945,0,nrmsd_norm,6,0.5596707046519328
33764.44,ROW-mean-Corr,10346,1739,85945,0,nrmsd_norm,7,0.6452870527855062
33764.44,ROW-mean-Corr,10346,1492,85945,0,nrmsd_norm,8,0.6402203409619603
33764.44,ROW-mean-Corr,10346,1091,85945,0,nrmsd_norm,9,0.6322530081843768
33764.44,ROW-mean-Corr,10346,7025,85945,0,nrmsd_norm,10,0.6539208236952111
33764.44,ROW-mean-Corr,10346,7025,85945,0,nrmsd_norm,11,0.6510941780354529
33764.44,ROW-mean-Corr,10346,7025,85945,0,nrmsd_norm,12,0.6497117657197156
33764.44,ROW-mean-Corr,10346,1268,85945,0,nrmsd_norm,13,0.5755924547547445
33764.44,ROW-mean-Corr,10346,1268,85945,0,nrmsd_norm,14,0.6069569834183983
33764.44,ROW-mean-Corr,10346,2618,85945,0,nrmsd_norm,15,0.5885129063151746
33764.44,ROW-mean-Corr,10346,2618,85945,0,nrmsd_norm,16,0.5752605319255049
33764.44,ROW-mean-Corr,10346,2618,85945,0,nrmsd_norm,17,0.573305716695978
33764.44,ROW-mean-Corr,10346,549,85945,0,nrmsd_norm,18,0.5902628917724193
33764.44,ROW-mean-Corr,10346,48,85945,0,nrmsd_norm,19,0.6033947018013699
33764.44,ROW-mean-Corr,10346,48,85945,0,nrmsd_norm,20,0.6159152071817556
33764.44,ROW-mean-Corr,10346,48,85945,0,nrmsd_norm,22,0.6017112929331725
33764.44,ROW-mean-Corr,10346,1268,85945,0,nrmsd_norm,24,0.5781041465884297
33764.44,ROW-mean-Corr,10346,1268,85945,0,nrmsd_norm,26,0.5920264504459867
33764.44,ROW-mean-Corr,10346,2618,85945,0,nrmsd_norm,28,0.6086993116436202
33764.44,ROW-mean-Corr,10346,1268,85945,0,nrmsd_norm,30,0.5877490795668787
33764.44,ROW-mean-Corr,10346,1268,85945,0,nrmsd_norm,32,0.5830179931611316
33764.44,ROW-mean-Corr,10346,1268,85945,0,nrmsd_norm,34,0.588027153720012
33764.44,ROW-mean-Corr,10346,7202,85945,0,nrmsd_norm,36,0.5928381254146325
33764.44,ROW-mean-Corr,10346,7202,85945,0,nrmsd_norm,38,0.5946212631167351
33764.44,ROW-mean-Corr,10346,7202,85945,0,nrmsd_norm,40,0.5990472950392859
33764.44,ROW-mean-Corr,10346,573,85945,0,nrmsd_norm,42,0.6060159745824789
33764.44,ROW-mean-Corr,10346,573,85945,0,nrmsd_norm,44,0.5933820962382802
33764.44,ROW-mean-Corr,10346,1342,85945,0,nrmsd_norm,46,0.5889433672943489
33764.44,ROW-mean-Corr,10346,1342,85945,0,nrmsd_norm,48,0.5801544945177063
33764.44,ROW-mean-Corr,10346,6845,85945,0,nrmsd_norm,50,0.5597532248704477
33764.44,ROW-mean-Corr,10346,6845,85945,0,nrmsd_norm,55,0.5725751569925818
33764.44,ROW-mean-Corr,10346,10346,85945,0,nrmsd_norm,60,0.5785544618835701
33764.44,ROW-mean-Corr,10346,10346,85945,0,nrmsd_norm,65,0.5796198442474014
33764.44,ROW-mean-Corr,10346,6845,85945,0,nrmsd_norm,70,0.5903299750748014
33764.44,ROW-mean-Corr,10346,6845,85945,0,nrmsd_norm,75,0.5733883198267118
33764.44,ROW-mean-Corr,10346,6845,85945,0,nrmsd_norm,80,0.572656347207195
33764.44,ROW-mean-Corr,10346,6845,85945,0,nrmsd_norm,85,0.5678262694896304
33764.44,ROW-mean-Corr,10346,6845,85945,0,nrmsd_norm,90,0.5652674353360483
33764.44,ROW-mean-Corr,10346,6845,85945,0,nrmsd_norm,95,0.5624788876174402
33764.44,ROW-mean-Corr,10346,6845,85945,0,nrmsd_norm,100,0.5626608705055938
33764.44,ROW-mean-Corr,10346,11534,697368,0,nrmsd_norm,5,0.5873063462145223
33764.44,ROW-mean-Corr,10346,7774,697368,0,nrmsd_norm,6,0.4450711795249594
33764.44,ROW-mean-Corr,10346,7774,697368,0,nrmsd_norm,7,0.4681479785223474
33764.44,ROW-mean-Corr,10346,7500,697368,0,nrmsd_norm,8,0.46787476416260354
33764.44,ROW-mean-Corr,10346,10525,697368,0,nrmsd_norm,9,0.4438636490046574
33764.44,ROW-mean-Corr,10346,10525,697368,0,nrmsd_norm,10,0.4660869477291348
33764.44,ROW-mean-Corr,10346,1396,697368,0,nrmsd_norm,11,0.4811715675128566
33764.44,ROW-mean-Corr,10346,12482,697368,0,nrmsd_norm,12,0.44790495121802426
33764.44,ROW-mean-Corr,10346,12482,697368,0,nrmsd_norm,13,0.4610976130400733
33764.44,ROW-mean-Corr,10346,12482,697368,0,nrmsd_norm,14,0.4767512464916675
33764.44,ROW-mean-Corr,10346,12482,697368,0,nrmsd_norm,15,0.4545936777948685
33764.44,ROW-mean-Corr,10346,12482,697368,0,nrmsd_norm,16,0.4880561838604647
33764.44,ROW-mean-Corr,10346,12482,697368,0,nrmsd_norm,17,0.478989078684444
33764.44,ROW-mean-Corr,10346,12482,697368,0,nrmsd_norm,18,0.500980572779525
33764.44,ROW-mean-Corr,10346,1381,697368,0,nrmsd_norm,19,0.5073924466772115
33764.44,ROW-mean-Corr,10346,1381,697368,0,nrmsd_norm,20,0.5232725973988306
33764.44,ROW-mean-Corr,10346,1381,697368,0,nrmsd_norm,22,0.5260099211294474
33764.44,ROW-mean-Corr,10346,1381,697368,0,nrmsd_norm,24,0.5372142980019687
33764.44,ROW-mean-Corr,10346,1381,697368,0,nrmsd_norm,26,0.5339034673379541
33764.44,ROW-mean-Corr,10346,1381,697368,0,nrmsd_norm,28,0.5535904098004539
33764.44,ROW-mean-Corr,10346,10346,697368,0,nrmsd_norm,30,0.5688020424570183
33764.44,ROW-mean-Corr,10346,10346,697368,0,nrmsd_norm,32,0.5616590230429511
33764.44,ROW-mean-Corr,10346,10346,697368,0,nrmsd_norm,34,0.5688685711568502
33764.44,ROW-mean-Corr,10346,10346,697368,0,nrmsd_norm,36,0.5771805452275592
33764.44,ROW-mean-Corr,10346,10346,697368,0,nrmsd_norm,38,0.581388858434456
33764.44,ROW-mean-Corr,10346,10346,697368,0,nrmsd_norm,40,0.587094251188804
33764.44,ROW-mean-Corr,10346,10346,697368,0,nrmsd_norm,42,0.5965875218363886
33764.44,ROW-mean-Corr,10346,10346,697368,0,nrmsd_norm,44,0.5956030595941048
33764.44,ROW-mean-Corr,10346,10346,697368,0,nrmsd_norm,46,0.5934821575815211
33764.44,ROW-mean-Corr,10346,10346,697368,0,nrmsd_norm,48,0.5955963154439029
33764.44,ROW-mean-Corr,10346,10346,697368,0,nrmsd_norm,50,0.5884754790015685
33764.44,ROW-mean-Corr,10346,10346,697368,0,nrmsd_norm,55,0.5908297370780958
33764.44,ROW-mean-Corr,10346,10346,697368,0,nrmsd_norm,60,0.5925945576351305
33764.44,ROW-mean-Corr,10346,10346,697368,0,nrmsd_norm,65,0.5905939957434251
33764.44,ROW-mean-Corr,10346,6827,697368,0,nrmsd_norm,70,0.6043226612732278
33764.44,ROW-mean-Corr,10346,6827,697368,0,nrmsd_norm,75,0.5932723046414999
33764.44,ROW-mean-Corr,10346,10346,697368,0,nrmsd_norm,80,0.5893364842798428
33764.44,ROW-mean-Corr,10346,10346,697368,0,nrmsd_norm,85,0.5844752458547172
33764.44,ROW-mean-Corr,10346,10346,697368,0,nrmsd_norm,90,0.5747667561813699
33764.44,ROW-mean-Corr,10346,10346,697368,0,nrmsd_norm,95,0.5791578086858902
33764.44,ROW-mean-Corr,10346,10346,697368,0,nrmsd_norm,100,0.5775382737956138
33764.44,ROW-mean-Corr,10346,6833,201469,0,nrmsd_norm,5,0.5835737111991419
33764.44,ROW-mean-Corr,10346,7184,201469,0,nrmsd_norm,6,0.4994128579835361
33764.44,ROW-mean-Corr,10346,7184,201469,0,nrmsd_norm,7,0.5290810024735446
33764.44,ROW-mean-Corr,10346,7017,201469,0,nrmsd_norm,8,0.571513658186497
33764.44,ROW-mean-Corr,10346,7017,201469,0,nrmsd_norm,9,0.5447722497425656
33764.44,ROW-mean-Corr,10346,2646,201469,0,nrmsd_norm,10,0.5767154899960868
33764.44,ROW-mean-Corr,10346,2646,201469,0,nrmsd_norm,11,0.5962670988612252
33764.44,ROW-mean-Corr,10346,9093,201469,0,nrmsd_norm,12,0.5687748822014262
33764.44,ROW-mean-Corr,10346,9093,201469,0,nrmsd_norm,13,0.5686860477750492
33764.44,ROW-mean-Corr,10346,9093,201469,0,nrmsd_norm,14,0.5897758723151079
33764.44,ROW-mean-Corr,10346,8060,201469,0,nrmsd_norm,15,0.5407614560619736
33764.44,ROW-mean-Corr,10346,7016,201469,0,nrmsd_norm,16,0.5453864008548768
33764.44,ROW-mean-Corr,10346,7016,201469,0,nrmsd_norm,17,0.5355533703107416
33764.44,ROW-mean-Corr,10346,6824,201469,0,nrmsd_norm,18,0.5607935950014746
33764.44,ROW-mean-Corr,10346,7016,201469,0,nrmsd_norm,19,0.5727968680890727
33764.44,ROW-mean-Corr,10346,866,201469,0,nrmsd_norm,20,0.5792045573889125
33764.44,ROW-mean-Corr,10346,866,201469,0,nrmsd_norm,22,0.573146348076574
33764.44,ROW-mean-Corr,10346,2144,201469,0,nrmsd_norm,24,0.5749174297770427
33764.44,ROW-mean-Corr,10346,6823,201469,0,nrmsd_norm,26,0.5492279941673998
33764.44,ROW-mean-Corr,10346,6823,201469,0,nrmsd_norm,28,0.57384408134306
33764.44,ROW-mean-Corr,10346,2144,201469,0,nrmsd_norm,30,0.5762285538826353
33764.44,ROW-mean-Corr,10346,2144,201469,0,nrmsd_norm,32,0.5758758797942359
33764.44,ROW-mean-Corr,10346,2144,201469,0,nrmsd_norm,34,0.5880820414177915
33764.44,ROW-mean-Corr,10346,6678,201469,0,nrmsd_norm,36,0.5852746564640529
33764.44,ROW-mean-Corr,10346,6678,201469,0,nrmsd_norm,38,0.5836014573807897
33764.44,ROW-mean-Corr,10346,6678,201469,0,nrmsd_norm,40,0.5910430383513522
33764.44,ROW-mean-Corr,10346,6678,201469,0,nrmsd_norm,42,0.5918398088046248
33764.44,ROW-mean-Corr,10346,6678,201469,0,nrmsd_norm,44,0.5760015876013077
33764.44,ROW-mean-Corr,10346,6678,201469,0,nrmsd_norm,46,0.5698800373195512
33764.44,ROW-mean-Corr,10346,6678,201469,0,nrmsd_norm,48,0.576720575897679
33764.44,ROW-mean-Corr,10346,6678,201469,0,nrmsd_norm,50,0.5657639815230594
33764.44,ROW-mean-Corr,10346,6678,201469,0,nrmsd_norm,55,0.5620420206976301
33764.44,ROW-mean-Corr,10346,6678,201469,0,nrmsd_norm,60,0.5720082610926545
33764.44,ROW-mean-Corr,10346,6678,201469,0,nrmsd_norm,65,0.5721445346105906
33764.44,ROW-mean-Corr,10346,6678,201469,0,nrmsd_norm,70,0.5765527304974869
33764.44,ROW-mean-Corr,10346,6678,201469,0,nrmsd_norm,75,0.5726932159646448
33764.44,ROW-mean-Corr,10346,6678,201469,0,nrmsd_norm,80,0.5739552868627702
33764.44,ROW-mean-Corr,10346,6678,201469,0,nrmsd_norm,85,0.5716111665909728
33764.44,ROW-mean-Corr,10346,6678,201469,0,nrmsd_norm,90,0.571173925600705
33764.44,ROW-mean-Corr,10346,6678,201469,0,nrmsd_norm,95,0.5772948237904689
33764.44,ROW-mean-Corr,10346,6827,201469,0,nrmsd_norm,100,0.5734570832664926
33764.44,ROW-mean-Corr,10346,4489,94177,0,nrmsd_norm,5,0.6268268849776152
33764.44,ROW-mean-Corr,10346,10769,94177,0,nrmsd_norm,6,0.4857716534685874
33764.44,ROW-mean-Corr,10346,12589,94177,0,nrmsd_norm,7,0.5816789017008369
33764.44,ROW-mean-Corr,10346,6527,94177,0,nrmsd_norm,8,0.5997136173608556
33764.44,ROW-mean-Corr,10346,9293,94177,0,nrmsd_norm,9,0.5861245396091326
33764.44,ROW-mean-Corr,10346,6845,94177,0,nrmsd_norm,10,0.60410752134827
33764.44,ROW-mean-Corr,10346,12482,94177,0,nrmsd_norm,11,0.6129861073811217
33764.44,ROW-mean-Corr,10346,12482,94177,0,nrmsd_norm,12,0.6075759923382696
33764.44,ROW-mean-Corr,10346,1342,94177,0,nrmsd_norm,13,0.5911665567252553
33764.44,ROW-mean-Corr,10346,1342,94177,0,nrmsd_norm,14,0.610810669575092
33764.44,ROW-mean-Corr,10346,12482,94177,0,nrmsd_norm,15,0.5426730131233773
33764.44,ROW-mean-Corr,10346,10346,94177,0,nrmsd_norm,16,0.5358343808564261
33764.44,ROW-mean-Corr,10346,12482,94177,0,nrmsd_norm,17,0.5251339359330989
33764.44,ROW-mean-Corr,10346,10346,94177,0,nrmsd_norm,18,0.5507990876076333
33764.44,ROW-mean-Corr,10346,12482,94177,0,nrmsd_norm,19,0.5562038280830643
33764.44,ROW-mean-Corr,10346,12482,94177,0,nrmsd_norm,20,0.5693851571752256
33764.44,ROW-mean-Corr,10346,6827,94177,0,nrmsd_norm,22,0.5583010518227702
33764.44,ROW-mean-Corr,10346,6827,94177,0,nrmsd_norm,24,0.561133694469007
33764.44,ROW-mean-Corr,10346,1381,94177,0,nrmsd_norm,26,0.5454479296350121
33764.44,ROW-mean-Corr,10346,1381,94177,0,nrmsd_norm,28,0.5599482445210752
33764.44,ROW-mean-Corr,10346,1381,94177,0,nrmsd_norm,30,0.5622981242232092
33764.44,ROW-mean-Corr,10346,6824,94177,0,nrmsd_norm,32,0.5626488954041692
33764.44,ROW-mean-Corr,10346,6824,94177,0,nrmsd_norm,34,0.5656916834509798
33764.44,ROW-mean-Corr,10346,6824,94177,0,nrmsd_norm,36,0.5707676035948902
33764.44,ROW-mean-Corr,10346,10346,94177,0,nrmsd_norm,38,0.5720621430990496
33764.44,ROW-mean-Corr,10346,6824,94177,0,nrmsd_norm,40,0.5810104148647924
33764.44,ROW-mean-Corr,10346,1381,94177,0,nrmsd_norm,42,0.5856662607925065
33764.44,ROW-mean-Corr,10346,6824,94177,0,nrmsd_norm,44,0.5676295485256334
33764.44,ROW-mean-Corr,10346,6824,94177,0,nrmsd_norm,46,0.5654996193841989
33764.44,ROW-mean-Corr,10346,6824,94177,0,nrmsd_norm,48,0.5716704986648858
33764.44,ROW-mean-Corr,10346,6824,94177,0,nrmsd_norm,50,0.5571677727756371
33764.44,ROW-mean-Corr,10346,6824,94177,0,nrmsd_norm,55,0.566523962003018
33764.44,ROW-mean-Corr,10346,6827,94177,0,nrmsd_norm,60,0.5835377843831588
33764.44,ROW-mean-Corr,10346,6827,94177,0,nrmsd_norm,65,0.5915301362639803
33764.44,ROW-mean-Corr,10346,10346,94177,0,nrmsd_norm,70,0.5991880609057343
33764.44,ROW-mean-Corr,10346,10346,94177,0,nrmsd_norm,75,0.5818327465628395
33764.44,ROW-mean-Corr,10346,10346,94177,0,nrmsd_norm,80,0.5694649294600189
33764.44,ROW-mean-Corr,10346,10346,94177,0,nrmsd_norm,85,0.5570210825274166
33764.44,ROW-mean-Corr,10346,10346,94177,0,nrmsd_norm,90,0.558055551341601
33764.44,ROW-mean-Corr,10346,10346,94177,0,nrmsd_norm,95,0.5621854300304908
33764.44,ROW-mean-Corr,10346,10346,94177,0,nrmsd_norm,100,0.5524492242943718
33764.44,ROW-max-Corr,10346,2644,89250,0,nrmsd_norm,5,0.4140360997450829
33764.44,ROW-max-Corr,10346,3773,89250,0,nrmsd_norm,6,0.4590109994773194
33764.44,ROW-max-Corr,10346,9111,89250,0,nrmsd_norm,7,0.43897973112359207
33764.44,ROW-max-Corr,10346,5426,89250,0,nrmsd_norm,8,0.4145633752683716
33764.44,ROW-max-Corr,10346,1126,89250,0,nrmsd_norm,9,0.3982568788554134
33764.44,ROW-max-Corr,10346,3312,89250,0,nrmsd_norm,10,0.40739259441756587
33764.44,ROW-max-Corr,10346,3312,89250,0,nrmsd_norm,11,0.40227003329101124
33764.44,ROW-max-Corr,10346,3312,89250,0,nrmsd_norm,12,0.39940290315285
33764.44,ROW-max-Corr,10346,3312,89250,0,nrmsd_norm,13,0.4034393905204185
33764.44,ROW-max-Corr,10346,3312,89250,0,nrmsd_norm,14,0.3951289823721503
33764.44,ROW-max-Corr,10346,3312,89250,0,nrmsd_norm,15,0.3533853616200067
33764.44,ROW-max-Corr,10346,3312,89250,0,nrmsd_norm,16,0.3491167601427817
33764.44,ROW-max-Corr,10346,3312,89250,0,nrmsd_norm,17,0.3479974720889336
33764.44,ROW-max-Corr,10346,3312,89250,0,nrmsd_norm,18,0.33213665137088194
33764.44,ROW-max-Corr,10346,3312,89250,0,nrmsd_norm,19,0.3417996947854851
33764.44,ROW-max-Corr,10346,3312,89250,0,nrmsd_norm,20,0.33405656186287425
33764.44,ROW-max-Corr,10346,3526,89250,0,nrmsd_norm,22,0.32843543109220813
33764.44,ROW-max-Corr,10346,11210,89250,0,nrmsd_norm,24,0.3281742004571109
33764.44,ROW-max-Corr,10346,11210,89250,0,nrmsd_norm,26,0.32105224204908966
33764.44,ROW-max-Corr,10346,12037,89250,0,nrmsd_norm,28,0.3195236687978926
33764.44,ROW-max-Corr,10346,12037,89250,0,nrmsd_norm,30,0.30312310481796223
33764.44,ROW-max-Corr,10346,12037,89250,0,nrmsd_norm,32,0.3033753448138743
33764.44,ROW-max-Corr,10346,12037,89250,0,nrmsd_norm,34,0.32168414092663294
33764.44,ROW-max-Corr,10346,3526,89250,0,nrmsd_norm,36,0.3139153662782491
33764.44,ROW-max-Corr,10346,3526,89250,0,nrmsd_norm,38,0.30650871562379833
33764.44,ROW-max-Corr,10346,3425,89250,0,nrmsd_norm,40,0.30266257652577744
33764.44,ROW-max-Corr,10346,3425,89250,0,nrmsd_norm,42,0.316061179044164
33764.44,ROW-max-Corr,10346,3425,89250,0,nrmsd_norm,44,0.31280833106616557
33764.44,ROW-max-Corr,10346,12482,89250,0,nrmsd_norm,46,0.30535121715312147
33764.44,ROW-max-Corr,10346,12482,89250,0,nrmsd_norm,48,0.3121382586167432
33764.44,ROW-max-Corr,10346,12482,89250,0,nrmsd_norm,50,0.3104019612863129
33764.44,ROW-max-Corr,10346,12482,89250,0,nrmsd_norm,55,0.3047956420553173
33764.44,ROW-max-Corr,10346,12482,89250,0,nrmsd_norm,60,0.3076307663593612
33764.44,ROW-max-Corr,10346,12482,89250,0,nrmsd_norm,65,0.31247296286826665
33764.44,ROW-max-Corr,10346,12482,89250,0,nrmsd_norm,70,0.31098754537713413
33764.44,ROW-max-Corr,10346,10346,89250,0,nrmsd_norm,75,0.31544154453501533
33764.44,ROW-max-Corr,10346,10346,89250,0,nrmsd_norm,80,0.3071667238135443
33764.44,ROW-max-Corr,10346,10346,89250,0,nrmsd_norm,85,0.29788061890698986
33764.44,ROW-max-Corr,10346,10346,89250,0,nrmsd_norm,90,0.2968308213690446
33764.44,ROW-max-Corr,10346,10346,89250,0,nrmsd_norm,95,0.29351683372933524
33764.44,ROW-max-Corr,10346,10346,89250,0,nrmsd_norm,100,0.29082898823647574
33764.44,ROW-max-Corr,10346,1802,773956,0,nrmsd_norm,5,0.4358942610072926
33764.44,ROW-max-Corr,10346,3312,773956,0,nrmsd_norm,6,0.46530357805281525
33764.44,ROW-max-Corr,10346,3312,773956,0,nrmsd_norm,7,0.4268694385577403
33764.44,ROW-max-Corr,10346,7183,773956,0,nrmsd_norm,8,0.3914561502683259
33764.44,ROW-max-Corr,10346,3312,773956,0,nrmsd_norm,9,0.36031315562531463
33764.44,ROW-max-Corr,10346,11081,773956,0,nrmsd_norm,10,0.3649352446667281
33764.44,ROW-max-Corr,10346,3417,773956,0,nrmsd_norm,11,0.36439352297037314
33764.44,ROW-max-Corr,10346,7183,773956,0,nrmsd_norm,12,0.3415744580275865
33764.44,ROW-max-Corr,10346,7183,773956,0,nrmsd_norm,13,0.35967980136811684
33764.44,ROW-max-Corr,10346,7183,773956,0,nrmsd_norm,14,0.3519077796783556
33764.44,ROW-max-Corr,10346,3526,773956,0,nrmsd_norm,15,0.33705067676740974
33764.44,ROW-max-Corr,10346,3526,773956,0,nrmsd_norm,16,0.3260674814877622
33764.44,ROW-max-Corr,10346,3526,773956,0,nrmsd_norm,17,0.3260573903517389
33764.44,ROW-max-Corr,10346,11210,773956,0,nrmsd_norm,18,0.3208493715588005
33764.44,ROW-max-Corr,10346,11210,773956,0,nrmsd_norm,19,0.3219753405260837
33764.44,ROW-max-Corr,10346,11210,773956,0,nrmsd_norm,20,0.3166304314396531
33764.44,ROW-max-Corr,10346,12037,773956,0,nrmsd_norm,22,0.32310299675228016
33764.44,ROW-max-Corr,10346,12037,773956,0,nrmsd_norm,24,0.318976377230133
33764.44,ROW-max-Corr,10346,12037,773956,0,nrmsd_norm,26,0.3102395297243305
33764.44,ROW-max-Corr,10346,12037,773956,0,nrmsd_norm,28,0.31074379765678395
33764.44,ROW-max-Corr,10346,3526,773956,0,nrmsd_norm,30,0.29777513327011224
33764.44,ROW-max-Corr,10346,3526,773956,0,nrmsd_norm,32,0.2999099724124917
33764.44,ROW-max-Corr,10346,3526,773956,0,nrmsd_norm,34,0.3189311443090352
33764.44,ROW-max-Corr,10346,3526,773956,0,nrmsd_norm,36,0.3095655063089799
33764.44,ROW-max-Corr,10346,7183,773956,0,nrmsd_norm,38,0.2995679960125714
33764.44,ROW-max-Corr,10346,7183,773956,0,nrmsd_norm,40,0.29733773258816876
33764.44,ROW-max-Corr,10346,7183,773956,0,nrmsd_norm,42,0.3086042764144781
33764.44,ROW-max-Corr,10346,6845,773956,0,nrmsd_norm,44,0.30365379697035016
33764.44,ROW-max-Corr,10346,6845,773956,0,nrmsd_norm,46,0.2942034423713133
33764.44,ROW-max-Corr,10346,6845,773956,0,nrmsd_norm,48,0.30238552817809516
33764.44,ROW-max-Corr,10346,6845,773956,0,nrmsd_norm,50,0.30027806081472735
33764.44,ROW-max-Corr,10346,6845,773956,0,nrmsd_norm,55,0.2913748403837495
33764.44,ROW-max-Corr,10346,10346,773956,0,nrmsd_norm,60,0.29696395204890796
33764.44,ROW-max-Corr,10346,10346,773956,0,nrmsd_norm,65,0.30149736174565395
33764.44,ROW-max-Corr,10346,10346,773956,0,nrmsd_norm,70,0.29913037444634805
33764.44,ROW-max-Corr,10346,10346,773956,0,nrmsd_norm,75,0.30313128838220543
33764.44,ROW-max-Corr,10346,10346,773956,0,nrmsd_norm,80,0.29492791892879777
33764.44,ROW-max-Corr,10346,10346,773956,0,nrmsd_norm,85,0.2869987726596115
33764.44,ROW-max-Corr,10346,10346,773956,0,nrmsd_norm,90,0.2861918766599082
33764.44,ROW-max-Corr,10346,10346,773956,0,nrmsd_norm,95,0.28377929589426404
33764.44,ROW-max-Corr,10346,10346,773956,0,nrmsd_norm,100,0.2820109384013863
33764.44,ROW-max-Corr,10346,11313,654571,0,nrmsd_norm,5,0.42267047801802277
33764.44,ROW-max-Corr,10346,11313,654571,0,nrmsd_norm,6,0.45177832226507836
33764.44,ROW-max-Corr,10346,3425,654571,0,nrmsd_norm,7,0.4284369455130241
33764.44,ROW-max-Corr,10346,337,654571,0,nrmsd_norm,8,0.40471598896505734
33764.44,ROW-max-Corr,10346,12037,654571,0,nrmsd_norm,9,0.36594091058195466
33764.44,ROW-max-Corr,10346,12037,654571,0,nrmsd_norm,10,0.3765619728253787
33764.44,ROW-max-Corr,10346,12037,654571,0,nrmsd_norm,11,0.3764557377375583
33764.44,ROW-max-Corr,10346,337,654571,0,nrmsd_norm,12,0.37110074658165115
33764.44,ROW-max-Corr,10346,7183,654571,0,nrmsd_norm,13,0.39406586578990227
33764.44,ROW-max-Corr,10346,7183,654571,0,nrmsd_norm,14,0.38362582791144373
33764.44,ROW-max-Corr,10346,7183,654571,0,nrmsd_norm,15,0.32786709281557047
33764.44,ROW-max-Corr,10346,12482,654571,0,nrmsd_norm,16,0.3263187340198281
33764.44,ROW-max-Corr,10346,12482,654571,0,nrmsd_norm,17,0.3308833954436958
33764.44,ROW-max-Corr,10346,12482,654571,0,nrmsd_norm,18,0.3220230678666791
33764.44,ROW-max-Corr,10346,12482,654571,0,nrmsd_norm,19,0.3176946500338823
33764.44,ROW-max-Corr,10346,12482,654571,0,nrmsd_norm,20,0.3145563723861575
33764.44,ROW-max-Corr,10346,12482,654571,0,nrmsd_norm,22,0.30904215587769096
33764.44,ROW-max-Corr,10346,12482,654571,0,nrmsd_norm,24,0.3048632120954493
33764.44,ROW-max-Corr,10346,12482,654571,0,nrmsd_norm,26,0.3046979372560285
33764.44,ROW-max-Corr,10346,12482,654571,0,nrmsd_norm,28,0.30668863928086465
33764.44,ROW-max-Corr,10346,12482,654571,0,nrmsd_norm,30,0.2970286195292771
33764.44,ROW-max-Corr,10346,12482,654571,0,nrmsd_norm,32,0.2991480225974879
33764.44,ROW-max-Corr,10346,12482,654571,0,nrmsd_norm,34,0.3101461269749646
33764.44,ROW-max-Corr,10346,12482,654571,0,nrmsd_norm,36,0.3023228666224473
33764.44,ROW-max-Corr,10346,12482,654571,0,nrmsd_norm,38,0.2995577045506439
33764.44,ROW-max-Corr,10346,12482,654571,0,nrmsd_norm,40,0.2982540165435622
33764.44,ROW-max-Corr,10346,12482,654571,0,nrmsd_norm,42,0.30845250438634797
33764.44,ROW-max-Corr,10346,12482,654571,0,nrmsd_norm,44,0.3045366235813857
33764.44,ROW-max-Corr,10346,12482,654571,0,nrmsd_norm,46,0.29803980148958165
33764.44,ROW-max-Corr,10346,12482,654571,0,nrmsd_norm,48,0.3037152801997657
33764.44,ROW-max-Corr,10346,12482,654571,0,nrmsd_norm,50,0.30167453885058043
33764.44,ROW-max-Corr,10346,12482,654571,0,nrmsd_norm,55,0.2940936141099596
33764.44,ROW-max-Corr,10346,12482,654571,0,nrmsd_norm,60,0.297840813527576
33764.44,ROW-max-Corr,10346,12482,654571,0,nrmsd_norm,65,0.30419133927148306
33764.44,ROW-max-Corr,10346,10346,654571,0,nrmsd_norm,70,0.3064844348501629
33764.44,ROW-max-Corr,10346,10346,654571,0,nrmsd_norm,75,0.3106910889553548
33764.44,ROW-max-Corr,10346,10346,654571,0,nrmsd_norm,80,0.30326043740849634
33764.44,ROW-max-Corr,10346,10346,654571,0,nrmsd_norm,85,0.29444848450010497
33764.44,ROW-max-Corr,10346,10346,654571,0,nrmsd_norm,90,0.29367586322779143
33764.44,ROW-max-Corr,10346,10346,654571,0,nrmsd_norm,95,0.29194514216242606
33764.44,ROW-max-Corr,10346,10346,654571,0,nrmsd_norm,100,0.2896682237615862
33764.44,ROW-max-Corr,10346,207,438878,0,nrmsd_norm,5,0.39745917334998976
33764.44,ROW-max-Corr,10346,7991,438878,0,nrmsd_norm,6,0.47099181062335754
33764.44,ROW-max-Corr,10346,6824,438878,0,nrmsd_norm,7,0.4246988778663938
33764.44,ROW-max-Corr,10346,6827,438878,0,nrmsd_norm,8,0.4029272601005872
33764.44,ROW-max-Corr,10346,6827,438878,0,nrmsd_norm,9,0.37903317157968475
33764.44,ROW-max-Corr,10346,6827,438878,0,nrmsd_norm,10,0.37349260315036414
33764.44,ROW-max-Corr,10346,6827,438878,0,nrmsd_norm,11,0.38151556501986433
33764.44,ROW-max-Corr,10346,6824,438878,0,nrmsd_norm,12,0.3579932818969079
33764.44,ROW-max-Corr,10346,12445,438878,0,nrmsd_norm,13,0.36450538132880855
33764.44,ROW-max-Corr,10346,6824,438878,0,nrmsd_norm,14,0.35955391850068674
33764.44,ROW-max-Corr,10346,6824,438878,0,nrmsd_norm,15,0.33598989219235326
33764.44,ROW-max-Corr,10346,6824,438878,0,nrmsd_norm,16,0.3244537700699851
33764.44,ROW-max-Corr,10346,6824,438878,0,nrmsd_norm,17,0.32938144828319954
33764.44,ROW-max-Corr,10346,6827,438878,0,nrmsd_norm,18,0.31774474527415086
33764.44,ROW-max-Corr,10346,6827,438878,0,nrmsd_norm,19,0.3170903407985023
33764.44,ROW-max-Corr,10346,6827,438878,0,nrmsd_norm,20,0.3197574112817577
33764.44,ROW-max-Corr,10346,7183,438878,0,nrmsd_norm,22,0.32233999019539994
33764.44,ROW-max-Corr,10346,10346,438878,0,nrmsd_norm,24,0.31776941777391643
33764.44,ROW-max-Corr,10346,10346,438878,0,nrmsd_norm,26,0.32057811747280945
33764.44,ROW-max-Corr,10346,10346,438878,0,nrmsd_norm,28,0.3211908575019129
33764.44,ROW-max-Corr,10346,10346,438878,0,nrmsd_norm,30,0.3084425804793361
33764.44,ROW-max-Corr,10346,10346,438878,0,nrmsd_norm,32,0.30890125995505596
33764.44,ROW-max-Corr,10346,10346,438878,0,nrmsd_norm,34,0.31447959236055284
33764.44,ROW-max-Corr,10346,10346,438878,0,nrmsd_norm,36,0.3061757845667784
33764.44,ROW-max-Corr,10346,10346,438878,0,nrmsd_norm,38,0.30579577737441405
33764.44,ROW-max-Corr,10346,1381,438878,0,nrmsd_norm,40,0.3032454254046904
33764.44,ROW-max-Corr,10346,1381,438878,0,nrmsd_norm,42,0.31406252277396235
33764.44,ROW-max-Corr,10346,10346,438878,0,nrmsd_norm,44,0.30969379417883586
33764.44,ROW-max-Corr,10346,10346,438878,0,nrmsd_norm,46,0.3054713618495294
33764.44,ROW-max-Corr,10346,10346,438878,0,nrmsd_norm,48,0.30810802525385017
33764.44,ROW-max-Corr,10346,10346,438878,0,nrmsd_norm,50,0.30670708993568924
33764.44,ROW-max-Corr,10346,10346,438878,0,nrmsd_norm,55,0.2996346305840696
33764.44,ROW-max-Corr,10346,6845,438878,0,nrmsd_norm,60,0.3035490125539651
33764.44,ROW-max-Corr,10346,10346,438878,0,nrmsd_norm,65,0.3110903083487897
33764.44,ROW-max-Corr,10346,6845,438878,0,nrmsd_norm,70,0.30820899834567284
33764.44,ROW-max-Corr,10346,6845,438878,0,nrmsd_norm,75,0.31175583904507687
33764.44,ROW-max-Corr,10346,6845,438878,0,nrmsd_norm,80,0.3026650912159256
33764.44,ROW-max-Corr,10346,10346,438878,0,nrmsd_norm,85,0.2938398606207302
33764.44,ROW-max-Corr,10346,10346,438878,0,nrmsd_norm,90,0.29416167133066123
33764.44,ROW-max-Corr,10346,10346,438878,0,nrmsd_norm,95,0.2928659415333542
33764.44,ROW-max-Corr,10346,10346,438878,0,nrmsd_norm,100,0.28912291206561486
33764.44,ROW-max-Corr,10346,1209,433015,0,nrmsd_norm,5,0.4847260173554495
33764.44,ROW-max-Corr,10346,223,433015,0,nrmsd_norm,6,0.4994009948783832
33764.44,ROW-max-Corr,10346,2649,433015,0,nrmsd_norm,7,0.4798303956142926
33764.44,ROW-max-Corr,10346,6085,433015,0,nrmsd_norm,8,0.47323972584755897
33764.44,ROW-max-Corr,10346,9429,433015,0,nrmsd_norm,9,0.4139137046339182
33764.44,ROW-max-Corr,10346,2649,433015,0,nrmsd_norm,10,0.3836758704791118
33764.44,ROW-max-Corr,10346,2649,433015,0,nrmsd_norm,11,0.39598672059730267
33764.44,ROW-max-Corr,10346,2649,433015,0,nrmsd_norm,12,0.37673204641699604
33764.44,ROW-max-Corr,10346,2649,433015,0,nrmsd_norm,13,0.4059153780117862
33764.44,ROW-max-Corr,10346,12429,433015,0,nrmsd_norm,14,0.40651983382948126
33764.44,ROW-max-Corr,10346,12429,433015,0,nrmsd_norm,15,0.34257818764811837
33764.44,ROW-max-Corr,10346,8711,433015,0,nrmsd_norm,16,0.3250408127839079
33764.44,ROW-max-Corr,10346,8711,433015,0,nrmsd_norm,17,0.3315090131041698
33764.44,ROW-max-Corr,10346,8711,433015,0,nrmsd_norm,18,0.3213352763688959
33764.44,ROW-max-Corr,10346,8711,433015,0,nrmsd_norm,19,0.3185782313360862
33764.44,ROW-max-Corr,10346,8711,433015,0,nrmsd_norm,20,0.3196790644074028
33764.44,ROW-max-Corr,10346,6827,433015,0,nrmsd_norm,22,0.31122180378513076
33764.44,ROW-max-Corr,10346,6827,433015,0,nrmsd_norm,24,0.30526263335947307
33764.44,ROW-max-Corr,10346,6827,433015,0,nrmsd_norm,26,0.3102242538058885
33764.44,ROW-max-Corr,10346,6827,433015,0,nrmsd_norm,28,0.31101957634274463
33764.44,ROW-max-Corr,10346,6827,433015,0,nrmsd_norm,30,0.30178590932037686
33764.44,ROW-max-Corr,10346,6824,433015,0,nrmsd_norm,32,0.3012064996315732
33764.44,ROW-max-Corr,10346,6827,433015,0,nrmsd_norm,34,0.3090145783758158
33764.44,ROW-max-Corr,10346,10346,433015,0,nrmsd_norm,36,0.30212536461613115
33764.44,ROW-max-Corr,10346,10346,433015,0,nrmsd_norm,38,0.301559249564472
33764.44,ROW-max-Corr,10346,10346,433015,0,nrmsd_norm,40,0.29834100635007177
33764.44,ROW-max-Corr,10346,10346,433015,0,nrmsd_norm,42,0.3075279036407758
33764.44,ROW-max-Corr,10346,12482,433015,0,nrmsd_norm,44,0.3033723647089442
33764.44,ROW-max-Corr,10346,12482,433015,0,nrmsd_norm,46,0.2976942521805841
33764.44,ROW-max-Corr,10346,12482,433015,0,nrmsd_norm,48,0.3007402734781653
33764.44,ROW-max-Corr,10346,12482,433015,0,nrmsd_norm,50,0.29874944324761216
33764.44,ROW-max-Corr,10346,12482,433015,0,nrmsd_norm,55,0.2898144936059394
33764.44,ROW-max-Corr,10346,12482,433015,0,nrmsd_norm,60,0.29238317664024294
33764.44,ROW-max-Corr,10346,12482,433015,0,nrmsd_norm,65,0.3014145708512292
33764.44,ROW-max-Corr,10346,12482,433015,0,nrmsd_norm,70,0.2994659067851437
33764.44,ROW-max-Corr,10346,10346,433015,0,nrmsd_norm,75,0.3040056391170841
33764.44,ROW-max-Corr,10346,10346,433015,0,nrmsd_norm,80,0.29559368431204225
33764.44,ROW-max-Corr,10346,10346,433015,0,nrmsd_norm,85,0.2882936557586721
33764.44,ROW-max-Corr,10346,10346,433015,0,nrmsd_norm,90,0.2887369375598459
33764.44,ROW-max-Corr,10346,10346,433015,0,nrmsd_norm,95,0.28639240118687886
33764.44,ROW-max-Corr,10346,10346,433015,0,nrmsd_norm,100,0.28482996129046906
33764.44,ROW-max-Corr,10346,3999,858597,0,nrmsd_norm,5,0.44023719677981915
33764.44,ROW-max-Corr,10346,6827,858597,0,nrmsd_norm,6,0.4890846173826862
33764.44,ROW-max-Corr,10346,6827,858597,0,nrmsd_norm,7,0.43869940602591073
33764.44,ROW-max-Corr,10346,6827,858597,0,nrmsd_norm,8,0.4045319906975314
33764.44,ROW-max-Corr,10346,8711,858597,0,nrmsd_norm,9,0.382023881649586
33764.44,ROW-max-Corr,10346,8711,858597,0,nrmsd_norm,10,0.3643040623377999
33764.44,ROW-max-Corr,10346,8711,858597,0,nrmsd_norm,11,0.3733033420733113
33764.44,ROW-max-Corr,10346,6827,858597,0,nrmsd_norm,12,0.35161494769123586
33764.44,ROW-max-Corr,10346,6824,858597,0,nrmsd_norm,13,0.3737891903050609
33764.44,ROW-max-Corr,10346,6824,858597,0,nrmsd_norm,14,0.3663610178735953
33764.44,ROW-max-Corr,10346,6824,858597,0,nrmsd_norm,15,0.3395136533355275
33764.44,ROW-max-Corr,10346,6824,858597,0,nrmsd_norm,16,0.32470495841998326
33764.44,ROW-max-Corr,10346,6824,858597,0,nrmsd_norm,17,0.32937350895087136
33764.44,ROW-max-Corr,10346,6824,858597,0,nrmsd_norm,18,0.3193357743096704
33764.44,ROW-max-Corr,10346,1381,858597,0,nrmsd_norm,19,0.3152996993655823
33764.44,ROW-max-Corr,10346,1381,858597,0,nrmsd_norm,20,0.3132318023787549
33764.44,ROW-max-Corr,10346,6824,858597,0,nrmsd_norm,22,0.30772653912851483
33764.44,ROW-max-Corr,10346,6824,858597,0,nrmsd_norm,24,0.3045104965225513
33764.44,ROW-max-Corr,10346,6824,858597,0,nrmsd_norm,26,0.3056377815963838
33764.44,ROW-max-Corr,10346,6824,858597,0,nrmsd_norm,28,0.312374540352898
33764.44,ROW-max-Corr,10346,6678,858597,0,nrmsd_norm,30,0.29993296468314
33764.44,ROW-max-Corr,10346,6678,858597,0,nrmsd_norm,32,0.3020479790901304
33764.44,ROW-max-Corr,10346,6827,858597,0,nrmsd_norm,34,0.319777870710378
33764.44,ROW-max-Corr,10346,6827,858597,0,nrmsd_norm,36,0.3094133988232307
33764.44,ROW-max-Corr,10346,1381,858597,0,nrmsd_norm,38,0.3040868825798966
33764.44,ROW-max-Corr,10346,6827,858597,0,nrmsd_norm,40,0.300902505428263
33764.44,ROW-max-Corr,10346,6827,858597,0,nrmsd_norm,42,0.3129857388918215
33764.44,ROW-max-Corr,10346,6827,858597,0,nrmsd_norm,44,0.3077410530260201
33764.44,ROW-max-Corr,10346,6827,858597,0,nrmsd_norm,46,0.3009682889075478
33764.44,ROW-max-Corr,10346,6827,858597,0,nrmsd_norm,48,0.307710272917847
33764.44,ROW-max-Corr,10346,6827,858597,0,nrmsd_norm,50,0.3054478623374079
33764.44,ROW-max-Corr,10346,10346,858597,0,nrmsd_norm,55,0.29854268185353294
33764.44,ROW-max-Corr,10346,10346,858597,0,nrmsd_norm,60,0.3016266373934986
33764.44,ROW-max-Corr,10346,10346,858597,0,nrmsd_norm,65,0.30723201639229725
33764.44,ROW-max-Corr,10346,10346,858597,0,nrmsd_norm,70,0.30493032298184264
33764.44,ROW-max-Corr,10346,10346,858597,0,nrmsd_norm,75,0.307965302193228
33764.44,ROW-max-Corr,10346,10346,858597,0,nrmsd_norm,80,0.2991211052480461
33764.44,ROW-max-Corr,10346,10346,858597,0,nrmsd_norm,85,0.2917121781176645
33764.44,ROW-max-Corr,10346,10346,858597,0,nrmsd_norm,90,0.29199450113081055
33764.44,ROW-max-Corr,10346,1381,858597,0,nrmsd_norm,95,0.2882780783651039
33764.44,ROW-max-Corr,10346,1381,858597,0,nrmsd_norm,100,0.28678859101209203
33764.44,ROW-max-Corr,10346,9975,85945,0,nrmsd_norm,5,0.43977927101965636
33764.44,ROW-max-Corr,10346,12482,85945,0,nrmsd_norm,6,0.4744711127279942
33764.44,ROW-max-Corr,10346,7183,85945,0,nrmsd_norm,7,0.45074155687256
33764.44,ROW-max-Corr,10346,7183,85945,0,nrmsd_norm,8,0.4323165921778092
33764.44,ROW-max-Corr,10346,12482,85945,0,nrmsd_norm,9,0.38428599046954615
33764.44,ROW-max-Corr,10346,12482,85945,0,nrmsd_norm,10,0.3855127003017781
33764.44,ROW-max-Corr,10346,12482,85945,0,nrmsd_norm,11,0.38238134971020715
33764.44,ROW-max-Corr,10346,12482,85945,0,nrmsd_norm,12,0.36134056916009155
33764.44,ROW-max-Corr,10346,1396,85945,0,nrmsd_norm,13,0.38964515131619165
33764.44,ROW-max-Corr,10346,12482,85945,0,nrmsd_norm,14,0.3771810210744152
33764.44,ROW-max-Corr,10346,12482,85945,0,nrmsd_norm,15,0.3361313868446054
33764.44,ROW-max-Corr,10346,12482,85945,0,nrmsd_norm,16,0.32572388909468475
33764.44,ROW-max-Corr,10346,12482,85945,0,nrmsd_norm,17,0.32874973096475457
33764.44,ROW-max-Corr,10346,12482,85945,0,nrmsd_norm,18,0.3153597554682538
33764.44,ROW-max-Corr,10346,12482,85945,0,nrmsd_norm,19,0.3156670141477163
33764.44,ROW-max-Corr,10346,12482,85945,0,nrmsd_norm,20,0.3157898475592466
33764.44,ROW-max-Corr,10346,6845,85945,0,nrmsd_norm,22,0.3151892936897861
33764.44,ROW-max-Corr,10346,6845,85945,0,nrmsd_norm,24,0.3108661748026466
33764.44,ROW-max-Corr,10346,6845,85945,0,nrmsd_norm,26,0.31310366286549934
33764.44,ROW-max-Corr,10346,6845,85945,0,nrmsd_norm,28,0.3138643310028568
33764.44,ROW-max-Corr,10346,12482,85945,0,nrmsd_norm,30,0.30172910843978873
33764.44,ROW-max-Corr,10346,6845,85945,0,nrmsd_norm,32,0.30493199356292067
33764.44,ROW-max-Corr,10346,7183,85945,0,nrmsd_norm,34,0.32200559590133
33764.44,ROW-max-Corr,10346,7183,85945,0,nrmsd_norm,36,0.315014819983758
33764.44,ROW-max-Corr,10346,10346,85945,0,nrmsd_norm,38,0.30891663293501653
33764.44,ROW-max-Corr,10346,6845,85945,0,nrmsd_norm,40,0.3069873204871941
33764.44,ROW-max-Corr,10346,6845,85945,0,nrmsd_norm,42,0.3177504077904296
33764.44,ROW-max-Corr,10346,10346,85945,0,nrmsd_norm,44,0.31205226253179985
33764.44,ROW-max-Corr,10346,6845,85945,0,nrmsd_norm,46,0.307151678528487
33764.44,ROW-max-Corr,10346,6845,85945,0,nrmsd_norm,48,0.312864561824086
33764.44,ROW-max-Corr,10346,6845,85945,0,nrmsd_norm,50,0.31073586567455164
33764.44,ROW-max-Corr,10346,7183,85945,0,nrmsd_norm,55,0.30195719275856536
33764.44,ROW-max-Corr,10346,7183,85945,0,nrmsd_norm,60,0.30621909181239865
33764.44,ROW-max-Corr,10346,7183,85945,0,nrmsd_norm,65,0.3138593572011313
33764.44,ROW-max-Corr,10346,7183,85945,0,nrmsd_norm,70,0.30919607122702447
33764.44,ROW-max-Corr,10346,12482,85945,0,nrmsd_norm,75,0.31187980733550796
33764.44,ROW-max-Corr,10346,7183,85945,0,nrmsd_norm,80,0.3024257868116214
33764.44,ROW-max-Corr,10346,12482,85945,0,nrmsd_norm,85,0.2948109804447656
33764.44,ROW-max-Corr,10346,7183,85945,0,nrmsd_norm,90,0.293809831640012
33764.44,ROW-max-Corr,10346,7183,85945,0,nrmsd_norm,95,0.29166898983190376
33764.44,ROW-max-Corr,10346,7183,85945,0,nrmsd_norm,100,0.2906134904467662
33764.44,ROW-max-Corr,10346,12596,697368,0,nrmsd_norm,5,0.4985975466556354
33764.44,ROW-max-Corr,10346,11538,697368,0,nrmsd_norm,6,0.4977324304348858
33764.44,ROW-max-Corr,10346,11538,697368,0,nrmsd_norm,7,0.45404545549897163
33764.44,ROW-max-Corr,10346,2157,697368,0,nrmsd_norm,8,0.40406410803062964
33764.44,ROW-max-Corr,10346,7790,697368,0,nrmsd_norm,9,0.40629777370451026
33764.44,ROW-max-Corr,10346,7790,697368,0,nrmsd_norm,10,0.3969035535281017
33764.44,ROW-max-Corr,10346,7790,697368,0,nrmsd_norm,11,0.40479111068253887
33764.44,ROW-max-Corr,10346,12429,697368,0,nrmsd_norm,12,0.38573429118486846
33764.44,ROW-max-Corr,10346,12429,697368,0,nrmsd_norm,13,0.40862746274881695
33764.44,ROW-max-Corr,10346,2649,697368,0,nrmsd_norm,14,0.40514967807922764
33764.44,ROW-max-Corr,10346,6827,697368,0,nrmsd_norm,15,0.3551504237467607
33764.44,ROW-max-Corr,10346,10346,697368,0,nrmsd_norm,16,0.3375857031331571
33764.44,ROW-max-Corr,10346,10346,697368,0,nrmsd_norm,17,0.34216280304235874
33764.44,ROW-max-Corr,10346,10346,697368,0,nrmsd_norm,18,0.3327124468066867
33764.44,ROW-max-Corr,10346,10346,697368,0,nrmsd_norm,19,0.3289872294573186
33764.44,ROW-max-Corr,10346,10346,697368,0,nrmsd_norm,20,0.32644111478725596
33764.44,ROW-max-Corr,10346,10346,697368,0,nrmsd_norm,22,0.33007210967163325
33764.44,ROW-max-Corr,10346,10346,697368,0,nrmsd_norm,24,0.326315476222569
33764.44,ROW-max-Corr,10346,10346,697368,0,nrmsd_norm,26,0.31793039112652766
33764.44,ROW-max-Corr,10346,10346,697368,0,nrmsd_norm,28,0.3173602347486702
33764.44,ROW-max-Corr,10346,10346,697368,0,nrmsd_norm,30,0.3049534742287569
33764.44,ROW-max-Corr,10346,10346,697368,0,nrmsd_norm,32,0.30810630109239356
33764.44,ROW-max-Corr,10346,10346,697368,0,nrmsd_norm,34,0.3217906252872152
33764.44,ROW-max-Corr,10346,10346,697368,0,nrmsd_norm,36,0.31377365901419185
33764.44,ROW-max-Corr,10346,10346,697368,0,nrmsd_norm,38,0.3053744091195729
33764.44,ROW-max-Corr,10346,10346,697368,0,nrmsd_norm,40,0.3021763875119396
33764.44,ROW-max-Corr,10346,10346,697368,0,nrmsd_norm,42,0.3126229158665542
33764.44,ROW-max-Corr,10346,10346,697368,0,nrmsd_norm,44,0.3068834982189636
33764.44,ROW-max-Corr,10346,10346,697368,0,nrmsd_norm,46,0.3017528705928565
33764.44,ROW-max-Corr,10346,10346,697368,0,nrmsd_norm,48,0.30840452254431955
33764.44,ROW-max-Corr,10346,10346,697368,0,nrmsd_norm,50,0.3066984239931777
33764.44,ROW-max-Corr,10346,10346,697368,0,nrmsd_norm,55,0.2984398843603999
33764.44,ROW-max-Corr,10346,10346,697368,0,nrmsd_norm,60,0.3026742126730842
33764.44,ROW-max-Corr,10346,10346,697368,0,nrmsd_norm,65,0.3087696655611626
33764.44,ROW-max-Corr,10346,10346,697368,0,nrmsd_norm,70,0.3044624341642884
33764.44,ROW-max-Corr,10346,10346,697368,0,nrmsd_norm,75,0.3086090069713463
33764.44,ROW-max-Corr,10346,10346,697368,0,nrmsd_norm,80,0.301243681730713
33764.44,ROW-max-Corr,10346,10346,697368,0,nrmsd_norm,85,0.2920573774355201
33764.44,ROW-max-Corr,10346,10346,697368,0,nrmsd_norm,90,0.2929067255766911
33764.44,ROW-max-Corr,10346,10346,697368,0,nrmsd_norm,95,0.2886159556696963
33764.44,ROW-max-Corr,10346,10346,697368,0,nrmsd_norm,100,0.2877686721118081
33764.44,ROW-max-Corr,10346,5402,201469,0,nrmsd_norm,5,0.4486669536061718
33764.44,ROW-max-Corr,10346,6827,201469,0,nrmsd_norm,6,0.48340152479498166
33764.44,ROW-max-Corr,10346,6827,201469,0,nrmsd_norm,7,0.4349597146544055
33764.44,ROW-max-Corr,10346,9121,201469,0,nrmsd_norm,8,0.3928658132287347
33764.44,ROW-max-Corr,10346,11931,201469,0,nrmsd_norm,9,0.36224551251251985
33764.44,ROW-max-Corr,10346,8711,201469,0,nrmsd_norm,10,0.3462283268612841
33764.44,ROW-max-Corr,10346,8711,201469,0,nrmsd_norm,11,0.35819896699706655
33764.44,ROW-max-Corr,10346,6827,201469,0,nrmsd_norm,12,0.33776703409636216
33764.44,ROW-max-Corr,10346,6827,201469,0,nrmsd_norm,13,0.34053150439781116
33764.44,ROW-max-Corr,10346,6827,201469,0,nrmsd_norm,14,0.33652226762707743
33764.44,ROW-max-Corr,10346,6678,201469,0,nrmsd_norm,15,0.34241563713002376
33764.44,ROW-max-Corr,10346,6827,201469,0,nrmsd_norm,16,0.3306741938804412
33764.44,ROW-max-Corr,10346,6827,201469,0,nrmsd_norm,17,0.3296309069165572
33764.44,ROW-max-Corr,10346,6827,201469,0,nrmsd_norm,18,0.31931969798516285
33764.44,ROW-max-Corr,10346,6827,201469,0,nrmsd_norm,19,0.3160968395926916
33764.44,ROW-max-Corr,10346,6827,201469,0,nrmsd_norm,20,0.3163744851153841
33764.44,ROW-max-Corr,10346,10346,201469,0,nrmsd_norm,22,0.3276353057804726
33764.44,ROW-max-Corr,10346,10346,201469,0,nrmsd_norm,24,0.3224099978474734
33764.44,ROW-max-Corr,10346,10346,201469,0,nrmsd_norm,26,0.3143026841787577
33764.44,ROW-max-Corr,10346,10346,201469,0,nrmsd_norm,28,0.3177558897902539
33764.44,ROW-max-Corr,10346,10346,201469,0,nrmsd_norm,30,0.3038218496334965
33764.44,ROW-max-Corr,10346,11609,201469,0,nrmsd_norm,32,0.3054029923823739
33764.44,ROW-max-Corr,10346,11609,201469,0,nrmsd_norm,34,0.3211356053205552
33764.44,ROW-max-Corr,10346,10346,201469,0,nrmsd_norm,36,0.3101880989627169
33764.44,ROW-max-Corr,10346,10346,201469,0,nrmsd_norm,38,0.30276310042644444
33764.44,ROW-max-Corr,10346,10346,201469,0,nrmsd_norm,40,0.2981436077364583
33764.44,ROW-max-Corr,10346,10346,201469,0,nrmsd_norm,42,0.3096167643138164
33764.44,ROW-max-Corr,10346,10346,201469,0,nrmsd_norm,44,0.30688407011085006
33764.44,ROW-max-Corr,10346,10346,201469,0,nrmsd_norm,46,0.30136589030553707
33764.44,ROW-max-Corr,10346,10346,201469,0,nrmsd_norm,48,0.30976923023342
33764.44,ROW-max-Corr,10346,10346,201469,0,nrmsd_norm,50,0.3080153982763154
33764.44,ROW-max-Corr,10346,10346,201469,0,nrmsd_norm,55,0.30191247148016975
33764.44,ROW-max-Corr,10346,10346,201469,0,nrmsd_norm,60,0.30506330114878494
33764.44,ROW-max-Corr,10346,10346,201469,0,nrmsd_norm,65,0.30922081350724984
33764.44,ROW-max-Corr,10346,10346,201469,0,nrmsd_norm,70,0.30463082187173185
33764.44,ROW-max-Corr,10346,10346,201469,0,nrmsd_norm,75,0.30822974852705604
33764.44,ROW-max-Corr,10346,11609,201469,0,nrmsd_norm,80,0.3013675070960437
33764.44,ROW-max-Corr,10346,11609,201469,0,nrmsd_norm,85,0.29439005408000635
33764.44,ROW-max-Corr,10346,11609,201469,0,nrmsd_norm,90,0.29256425643470346
33764.44,ROW-max-Corr,10346,10346,201469,0,nrmsd_norm,95,0.2918598110263448
33764.44,ROW-max-Corr,10346,10346,201469,0,nrmsd_norm,100,0.29029406523653395
33764.44,ROW-max-Corr,10346,7203,94177,0,nrmsd_norm,5,0.4457551815033752
33764.44,ROW-max-Corr,10346,8711,94177,0,nrmsd_norm,6,0.4947788970495213
33764.44,ROW-max-Corr,10346,8711,94177,0,nrmsd_norm,7,0.45875899119376506
33764.44,ROW-max-Corr,10346,6085,94177,0,nrmsd_norm,8,0.45868448179882954
33764.44,ROW-max-Corr,10346,8711,94177,0,nrmsd_norm,9,0.4081756159403816
33764.44,ROW-max-Corr,10346,10346,94177,0,nrmsd_norm,10,0.38764108137263004
33764.44,ROW-max-Corr,10346,10346,94177,0,nrmsd_norm,11,0.39211748620107056
33764.44,ROW-max-Corr,10346,1381,94177,0,nrmsd_norm,12,0.3647794911774424
33764.44,ROW-max-Corr,10346,6827,94177,0,nrmsd_norm,13,0.38219257073845214
33764.44,ROW-max-Corr,10346,6827,94177,0,nrmsd_norm,14,0.375336988859566
33764.44,ROW-max-Corr,10346,6827,94177,0,nrmsd_norm,15,0.34434360876409104
33764.44,ROW-max-Corr,10346,6827,94177,0,nrmsd_norm,16,0.3291439430125006
33764.44,ROW-max-Corr,10346,6827,94177,0,nrmsd_norm,17,0.33315007682707004
33764.44,ROW-max-Corr,10346,10346,94177,0,nrmsd_norm,18,0.3211159537857399
33764.44,ROW-max-Corr,10346,10346,94177,0,nrmsd_norm,19,0.31986693301831887
33764.44,ROW-max-Corr,10346,10346,94177,0,nrmsd_norm,20,0.319845050024053
33764.44,ROW-max-Corr,10346,10346,94177,0,nrmsd_norm,22,0.3176884985464719
33764.44,ROW-max-Corr,10346,10346,94177,0,nrmsd_norm,24,0.31156462097261184
33764.44,ROW-max-Corr,10346,10346,94177,0,nrmsd_norm,26,0.31268406498246243
33764.44,ROW-max-Corr,10346,10346,94177,0,nrmsd_norm,28,0.31582411734547294
33764.44,ROW-max-Corr,10346,10346,94177,0,nrmsd_norm,30,0.3038900977208253
33764.44,ROW-max-Corr,10346,10346,94177,0,nrmsd_norm,32,0.3060291577158296
33764.44,ROW-max-Corr,10346,10346,94177,0,nrmsd_norm,34,0.31893335355459324
33764.44,ROW-max-Corr,10346,11609,94177,0,nrmsd_norm,36,0.31089852447633637
33764.44,ROW-max-Corr,10346,1342,94177,0,nrmsd_norm,38,0.30930569151756354
33764.44,ROW-max-Corr,10346,10346,94177,0,nrmsd_norm,40,0.3050407887304852
33764.44,ROW-max-Corr,10346,10346,94177,0,nrmsd_norm,42,0.31772425514715047
33764.44,ROW-max-Corr,10346,10346,94177,0,nrmsd_norm,44,0.31188930045866287
33764.44,ROW-max-Corr,10346,11609,94177,0,nrmsd_norm,46,0.30292857362754905
33764.44,ROW-max-Corr,10346,11609,94177,0,nrmsd_norm,48,0.30972627246810686
33764.44,ROW-max-Corr,10346,11609,94177,0,nrmsd_norm,50,0.308228758471977
33764.44,ROW-max-Corr,10346,11609,94177,0,nrmsd_norm,55,0.3027673111150474
33764.44,ROW-max-Corr,10346,11609,94177,0,nrmsd_norm,60,0.30692931832434145
33764.44,ROW-max-Corr,10346,10346,94177,0,nrmsd_norm,65,0.3145981074654588
33764.44,ROW-max-Corr,10346,10346,94177,0,nrmsd_norm,70,0.31362426833827506
33764.44,ROW-max-Corr,10346,10346,94177,0,nrmsd_norm,75,0.31883990322155126
33764.44,ROW-max-Corr,10346,10346,94177,0,nrmsd_norm,80,0.30907886468552415
33764.44,ROW-max-Corr,10346,10346,94177,0,nrmsd_norm,85,0.30046291736581887
33764.44,ROW-max-Corr,10346,10346,94177,0,nrmsd_norm,90,0.29880017015562627
33764.44,ROW-max-Corr,10346,10346,94177,0,nrmsd_norm,95,0.29687124115896685
33764.44,ROW-max-Corr,10346,10346,94177,0,nrmsd_norm,100,0.2955441954128005
33764.44,COL-mean-Corr(Ben),10346,5943,89250,0,nrmsd_norm,5,0.5852284781855609
33764.44,COL-mean-Corr(Ben),10346,5943,89250,0,nrmsd_norm,6,0.5888049293283525
33764.44,COL-mean-Corr(Ben),10346,5943,89250,0,nrmsd_norm,7,0.5502664720247865
33764.44,COL-mean-Corr(Ben),10346,606,89250,0,nrmsd_norm,8,0.5265486005777295
33764.44,COL-mean-Corr(Ben),10346,3015,89250,0,nrmsd_norm,9,0.49552290020635437
33764.44,COL-mean-Corr(Ben),10346,12490,89250,0,nrmsd_norm,10,0.5067399975069894
33764.44,COL-mean-Corr(Ben),10346,11924,89250,0,nrmsd_norm,11,0.5057680436892348
33764.44,COL-mean-Corr(Ben),10346,12445,89250,0,nrmsd_norm,12,0.5420057578407759
33764.44,COL-mean-Corr(Ben),10346,12445,89250,0,nrmsd_norm,13,0.5609961996206363
33764.44,COL-mean-Corr(Ben),10346,12445,89250,0,nrmsd_norm,14,0.5539418619674714
33764.44,COL-mean-Corr(Ben),10346,12445,89250,0,nrmsd_norm,15,0.5592754059590517
33764.44,COL-mean-Corr(Ben),10346,9213,89250,0,nrmsd_norm,16,0.546114947737859
33764.44,COL-mean-Corr(Ben),10346,9213,89250,0,nrmsd_norm,17,0.4988024571247913
33764.44,COL-mean-Corr(Ben),10346,9213,89250,0,nrmsd_norm,18,0.5198638234370698
33764.44,COL-mean-Corr(Ben),10346,9213,89250,0,nrmsd_norm,19,0.5038820843848187
33764.44,COL-mean-Corr(Ben),10346,9213,89250,0,nrmsd_norm,20,0.5072753303997545
33764.44,COL-mean-Corr(Ben),10346,9224,89250,0,nrmsd_norm,22,0.5169907866349401
33764.44,COL-mean-Corr(Ben),10346,9224,89250,0,nrmsd_norm,24,0.5251108373464588
33764.44,COL-mean-Corr(Ben),10346,9213,89250,0,nrmsd_norm,26,0.5187059708481326
33764.44,COL-mean-Corr(Ben),10346,10652,89250,0,nrmsd_norm,28,0.4906854433359805
33764.44,COL-mean-Corr(Ben),10346,10652,89250,0,nrmsd_norm,30,0.5074717978872217
33764.44,COL-mean-Corr(Ben),10346,10652,89250,0,nrmsd_norm,32,0.4848389162492464
33764.44,COL-mean-Corr(Ben),10346,319,89250,0,nrmsd_norm,34,0.49409176719239145
33764.44,COL-mean-Corr(Ben),10346,319,89250,0,nrmsd_norm,36,0.4887470683678762
33764.44,COL-mean-Corr(Ben),10346,319,89250,0,nrmsd_norm,38,0.5048711176097609
33764.44,COL-mean-Corr(Ben),10346,8077,89250,0,nrmsd_norm,40,0.4962231291586356
33764.44,COL-mean-Corr(Ben),10346,12651,89250,0,nrmsd_norm,42,0.49897750675730773
33764.44,COL-mean-Corr(Ben),10346,12651,89250,0,nrmsd_norm,44,0.4947541503008205
33764.44,COL-mean-Corr(Ben),10346,12651,89250,0,nrmsd_norm,46,0.4988504807738716
33764.44,COL-mean-Corr(Ben),10346,12651,89250,0,nrmsd_norm,48,0.4933382041069755
33764.44,COL-mean-Corr(Ben),10346,12651,89250,0,nrmsd_norm,50,0.4954385319251757
33764.44,COL-mean-Corr(Ben),10346,9201,89250,0,nrmsd_norm,55,0.4931479865162847
33764.44,COL-mean-Corr(Ben),10346,9201,89250,0,nrmsd_norm,60,0.5027895090495852
33764.44,COL-mean-Corr(Ben),10346,9201,89250,0,nrmsd_norm,65,0.4920718029707232
33764.44,COL-mean-Corr(Ben),10346,9201,89250,0,nrmsd_norm,70,0.500230604123042
33764.44,COL-mean-Corr(Ben),10346,11081,89250,0,nrmsd_norm,75,0.4840751913411753
33764.44,COL-mean-Corr(Ben),10346,11081,89250,0,nrmsd_norm,80,0.48961205904895283
33764.44,COL-mean-Corr(Ben),10346,11093,89250,0,nrmsd_norm,85,0.48546110843529805
33764.44,COL-mean-Corr(Ben),10346,10346,89250,0,nrmsd_norm,90,0.4868508583421017
33764.44,COL-mean-Corr(Ben),10346,9201,89250,0,nrmsd_norm,95,0.4848542452680363
33764.44,COL-mean-Corr(Ben),10346,9201,89250,0,nrmsd_norm,100,0.4803200798425488
33764.44,COL-mean-Corr(Ben),10346,10789,773956,0,nrmsd_norm,5,0.5154098395598073
33764.44,COL-mean-Corr(Ben),10346,5278,773956,0,nrmsd_norm,6,0.5838935216999848
33764.44,COL-mean-Corr(Ben),10346,10789,773956,0,nrmsd_norm,7,0.5501823445153097
33764.44,COL-mean-Corr(Ben),10346,10789,773956,0,nrmsd_norm,8,0.5362954102672725
33764.44,COL-mean-Corr(Ben),10346,5278,773956,0,nrmsd_norm,9,0.4982701088745456
33764.44,COL-mean-Corr(Ben),10346,5278,773956,0,nrmsd_norm,10,0.5074147484739021
33764.44,COL-mean-Corr(Ben),10346,5278,773956,0,nrmsd_norm,11,0.512684825688206
33764.44,COL-mean-Corr(Ben),10346,5278,773956,0,nrmsd_norm,12,0.48032973251741423
33764.44,COL-mean-Corr(Ben),10346,5278,773956,0,nrmsd_norm,13,0.5088459509592433
33764.44,COL-mean-Corr(Ben),10346,5278,773956,0,nrmsd_norm,14,0.5141287162135516
33764.44,COL-mean-Corr(Ben),10346,5278,773956,0,nrmsd_norm,15,0.5183507808340607
33764.44,COL-mean-Corr(Ben),10346,10789,773956,0,nrmsd_norm,16,0.5243181325874263
33764.44,COL-mean-Corr(Ben),10346,10789,773956,0,nrmsd_norm,17,0.49084070635596766
33764.44,COL-mean-Corr(Ben),10346,10789,773956,0,nrmsd_norm,18,0.5186878183095355
33764.44,COL-mean-Corr(Ben),10346,8866,773956,0,nrmsd_norm,19,0.48850458463367785
33764.44,COL-mean-Corr(Ben),10346,8866,773956,0,nrmsd_norm,20,0.4955957541235663
33764.44,COL-mean-Corr(Ben),10346,8866,773956,0,nrmsd_norm,22,0.5043260482255438
33764.44,COL-mean-Corr(Ben),10346,916,773956,0,nrmsd_norm,24,0.5187440409051466
33764.44,COL-mean-Corr(Ben),10346,916,773956,0,nrmsd_norm,26,0.5111264229702407
33764.44,COL-mean-Corr(Ben),10346,916,773956,0,nrmsd_norm,28,0.49171135547779016
33764.44,COL-mean-Corr(Ben),10346,916,773956,0,nrmsd_norm,30,0.5095353756664103
33764.44,COL-mean-Corr(Ben),10346,8374,773956,0,nrmsd_norm,32,0.502064268773603
33764.44,COL-mean-Corr(Ben),10346,916,773956,0,nrmsd_norm,34,0.5164641637258504
33764.44,COL-mean-Corr(Ben),10346,9015,773956,0,nrmsd_norm,36,0.5153598971980939
33764.44,COL-mean-Corr(Ben),10346,9015,773956,0,nrmsd_norm,38,0.5271146032137058
33764.44,COL-mean-Corr(Ben),10346,1831,773956,0,nrmsd_norm,40,0.5097044776771384
33764.44,COL-mean-Corr(Ben),10346,9106,773956,0,nrmsd_norm,42,0.5105005682821596
33764.44,COL-mean-Corr(Ben),10346,9106,773956,0,nrmsd_norm,44,0.5060915461551724
33764.44,COL-mean-Corr(Ben),10346,9106,773956,0,nrmsd_norm,46,0.5133667171411959
33764.44,COL-mean-Corr(Ben),10346,9106,773956,0,nrmsd_norm,48,0.4975476006251095
33764.44,COL-mean-Corr(Ben),10346,9106,773956,0,nrmsd_norm,50,0.5005569133603003
33764.44,COL-mean-Corr(Ben),10346,9106,773956,0,nrmsd_norm,55,0.4839642696340795
33764.44,COL-mean-Corr(Ben),10346,9105,773956,0,nrmsd_norm,60,0.49676204305045535
33764.44,COL-mean-Corr(Ben),10346,11313,773956,0,nrmsd_norm,65,0.4944438624508346
33764.44,COL-mean-Corr(Ben),10346,9106,773956,0,nrmsd_norm,70,0.5006535548770655
33764.44,COL-mean-Corr(Ben),10346,9106,773956,0,nrmsd_norm,75,0.4857025000157221
33764.44,COL-mean-Corr(Ben),10346,11313,773956,0,nrmsd_norm,80,0.48950120493718474
33764.44,COL-mean-Corr(Ben),10346,3429,773956,0,nrmsd_norm,85,0.4902073448128418
33764.44,COL-mean-Corr(Ben),10346,3429,773956,0,nrmsd_norm,90,0.48895184120117513
33764.44,COL-mean-Corr(Ben),10346,3429,773956,0,nrmsd_norm,95,0.4856055044835127
33764.44,COL-mean-Corr(Ben),10346,11606,773956,0,nrmsd_norm,100,0.4810104477393934
33764.44,COL-mean-Corr(Ben),10346,2933,654571,0,nrmsd_norm,5,0.48729989857052153
33764.44,COL-mean-Corr(Ben),10346,2933,654571,0,nrmsd_norm,6,0.5147742672550665
33764.44,COL-mean-Corr(Ben),10346,5469,654571,0,nrmsd_norm,7,0.4667880774934198
33764.44,COL-mean-Corr(Ben),10346,125,654571,0,nrmsd_norm,8,0.4471920583879802
33764.44,COL-mean-Corr(Ben),10346,125,654571,0,nrmsd_norm,9,0.4822054698485806
33764.44,COL-mean-Corr(Ben),10346,125,654571,0,nrmsd_norm,10,0.48173578468726885
33764.44,COL-mean-Corr(Ben),10346,6584,654571,0,nrmsd_norm,11,0.43084067638566903
33764.44,COL-mean-Corr(Ben),10346,6584,654571,0,nrmsd_norm,12,0.359480049153503
33764.44,COL-mean-Corr(Ben),10346,10760,654571,0,nrmsd_norm,13,0.3863492931762058
33764.44,COL-mean-Corr(Ben),10346,10760,654571,0,nrmsd_norm,14,0.37996638727261706
33764.44,COL-mean-Corr(Ben),10346,10760,654571,0,nrmsd_norm,15,0.39242992495450096
33764.44,COL-mean-Corr(Ben),10346,10760,654571,0,nrmsd_norm,16,0.3931380568151926
33764.44,COL-mean-Corr(Ben),10346,10760,654571,0,nrmsd_norm,17,0.38346063030062616
33764.44,COL-mean-Corr(Ben),10346,6585,654571,0,nrmsd_norm,18,0.43118735845692285
33764.44,COL-mean-Corr(Ben),10346,8993,654571,0,nrmsd_norm,19,0.43479613309022747
33764.44,COL-mean-Corr(Ben),10346,8993,654571,0,nrmsd_norm,20,0.4395961266836173
33764.44,COL-mean-Corr(Ben),10346,11925,654571,0,nrmsd_norm,22,0.47452957371875865
33764.44,COL-mean-Corr(Ben),10346,11823,654571,0,nrmsd_norm,24,0.4792737887039876
33764.44,COL-mean-Corr(Ben),10346,11242,654571,0,nrmsd_norm,26,0.4665064247860953
33764.44,COL-mean-Corr(Ben),10346,11242,654571,0,nrmsd_norm,28,0.4532677248609448
33764.44,COL-mean-Corr(Ben),10346,11673,654571,0,nrmsd_norm,30,0.4702556830393161
33764.44,COL-mean-Corr(Ben),10346,11242,654571,0,nrmsd_norm,32,0.45751983511012934
33764.44,COL-mean-Corr(Ben),10346,11673,654571,0,nrmsd_norm,34,0.4665905748509709
33764.44,COL-mean-Corr(Ben),10346,11673,654571,0,nrmsd_norm,36,0.4615845255950558
33764.44,COL-mean-Corr(Ben),10346,11313,654571,0,nrmsd_norm,38,0.4742707863890558
33764.44,COL-mean-Corr(Ben),10346,11313,654571,0,nrmsd_norm,40,0.46398733693062155
33764.44,COL-mean-Corr(Ben),10346,11313,654571,0,nrmsd_norm,42,0.4693457146917497
33764.44,COL-mean-Corr(Ben),10346,11313,654571,0,nrmsd_norm,44,0.47173510579838185
33764.44,COL-mean-Corr(Ben),10346,11313,654571,0,nrmsd_norm,46,0.4692391669117938
33764.44,COL-mean-Corr(Ben),10346,11313,654571,0,nrmsd_norm,48,0.46797805021442146
33764.44,COL-mean-Corr(Ben),10346,11313,654571,0,nrmsd_norm,50,0.4717129178058313
33764.44,COL-mean-Corr(Ben),10346,11313,654571,0,nrmsd_norm,55,0.46374461060803895
33764.44,COL-mean-Corr(Ben),10346,11313,654571,0,nrmsd_norm,60,0.4673867358194144
33764.44,COL-mean-Corr(Ben),10346,12418,654571,0,nrmsd_norm,65,0.46588896387119383
33764.44,COL-mean-Corr(Ben),10346,12418,654571,0,nrmsd_norm,70,0.4592076802602028
33764.44,COL-mean-Corr(Ben),10346,1211,654571,0,nrmsd_norm,75,0.45040841982257196
33764.44,COL-mean-Corr(Ben),10346,1211,654571,0,nrmsd_norm,80,0.4593484402297021
33764.44,COL-mean-Corr(Ben),10346,1211,654571,0,nrmsd_norm,85,0.46076153274720744
33764.44,COL-mean-Corr(Ben),10346,12418,654571,0,nrmsd_norm,90,0.4598477621269434
33764.44,COL-mean-Corr(Ben),10346,1211,654571,0,nrmsd_norm,95,0.46096108496089183
33764.44,COL-mean-Corr(Ben),10346,12418,654571,0,nrmsd_norm,100,0.45830897048609126
33764.44,COL-mean-Corr(Ben),10346,4447,438878,0,nrmsd_norm,5,0.6041978378517892
33764.44,COL-mean-Corr(Ben),10346,4447,438878,0,nrmsd_norm,6,0.625289434731251
33764.44,COL-mean-Corr(Ben),10346,743,438878,0,nrmsd_norm,7,0.5713584348119284
33764.44,COL-mean-Corr(Ben),10346,1247,438878,0,nrmsd_norm,8,0.5433420471207354
33764.44,COL-mean-Corr(Ben),10346,4447,438878,0,nrmsd_norm,9,0.5765964142212501
33764.44,COL-mean-Corr(Ben),10346,4446,438878,0,nrmsd_norm,10,0.5755239708184683
33764.44,COL-mean-Corr(Ben),10346,8480,438878,0,nrmsd_norm,11,0.48819975688981226
33764.44,COL-mean-Corr(Ben),10346,11925,438878,0,nrmsd_norm,12,0.41327190722712137
33764.44,COL-mean-Corr(Ben),10346,10760,438878,0,nrmsd_norm,13,0.4227095335794874
33764.44,COL-mean-Corr(Ben),10346,10760,438878,0,nrmsd_norm,14,0.41693264630291155
33764.44,COL-mean-Corr(Ben),10346,10760,438878,0,nrmsd_norm,15,0.4205061025779328
33764.44,COL-mean-Corr(Ben),10346,10760,438878,0,nrmsd_norm,16,0.4269916927129411
33764.44,COL-mean-Corr(Ben),10346,10760,438878,0,nrmsd_norm,17,0.43927604501881945
33764.44,COL-mean-Corr(Ben),10346,4029,438878,0,nrmsd_norm,18,0.4674297455562211
33764.44,COL-mean-Corr(Ben),10346,9672,438878,0,nrmsd_norm,19,0.47188259476643873
33764.44,COL-mean-Corr(Ben),10346,770,438878,0,nrmsd_norm,20,0.4804873579955196
33764.44,COL-mean-Corr(Ben),10346,6221,438878,0,nrmsd_norm,22,0.49896075991978195
33764.44,COL-mean-Corr(Ben),10346,9672,438878,0,nrmsd_norm,24,0.5155878717111471
33764.44,COL-mean-Corr(Ben),10346,12319,438878,0,nrmsd_norm,26,0.49355368658886845
33764.44,COL-mean-Corr(Ben),10346,1715,438878,0,nrmsd_norm,28,0.4824951143700717
33764.44,COL-mean-Corr(Ben),10346,12319,438878,0,nrmsd_norm,30,0.4900838064353887
33764.44,COL-mean-Corr(Ben),10346,5947,438878,0,nrmsd_norm,32,0.48223903496880494
33764.44,COL-mean-Corr(Ben),10346,5947,438878,0,nrmsd_norm,34,0.5008428508853092
33764.44,COL-mean-Corr(Ben),10346,8711,438878,0,nrmsd_norm,36,0.5015659529458686
33764.44,COL-mean-Corr(Ben),10346,6827,438878,0,nrmsd_norm,38,0.5197477040429457
33764.44,COL-mean-Corr(Ben),10346,6827,438878,0,nrmsd_norm,40,0.5088378987991011
33764.44,COL-mean-Corr(Ben),10346,9106,438878,0,nrmsd_norm,42,0.5057116933194429
33764.44,COL-mean-Corr(Ben),10346,9106,438878,0,nrmsd_norm,44,0.5012711563964302
33764.44,COL-mean-Corr(Ben),10346,1381,438878,0,nrmsd_norm,46,0.5161824393371902
33764.44,COL-mean-Corr(Ben),10346,1381,438878,0,nrmsd_norm,48,0.5194855415669064
33764.44,COL-mean-Corr(Ben),10346,1381,438878,0,nrmsd_norm,50,0.5183027438142779
33764.44,COL-mean-Corr(Ben),10346,1381,438878,0,nrmsd_norm,55,0.5052201356730098
33764.44,COL-mean-Corr(Ben),10346,1381,438878,0,nrmsd_norm,60,0.5151511749616027
33764.44,COL-mean-Corr(Ben),10346,1381,438878,0,nrmsd_norm,65,0.5055779846933071
33764.44,COL-mean-Corr(Ben),10346,6827,438878,0,nrmsd_norm,70,0.5159525912908107
33764.44,COL-mean-Corr(Ben),10346,6827,438878,0,nrmsd_norm,75,0.5007572900238462
33764.44,COL-mean-Corr(Ben),10346,6827,438878,0,nrmsd_norm,80,0.499600409477595
33764.44,COL-mean-Corr(Ben),10346,8711,438878,0,nrmsd_norm,85,0.5008208290619719
33764.44,COL-mean-Corr(Ben),10346,10346,438878,0,nrmsd_norm,90,0.4974633978363986
33764.44,COL-mean-Corr(Ben),10346,10346,438878,0,nrmsd_norm,95,0.49577712816847963
33764.44,COL-mean-Corr(Ben),10346,10346,438878,0,nrmsd_norm,100,0.4836061994635342
33764.44,COL-mean-Corr(Ben),10346,5647,433015,0,nrmsd_norm,5,0.4703433972010885
33764.44,COL-mean-Corr(Ben),10346,3070,433015,0,nrmsd_norm,6,0.5413958457285826
33764.44,COL-mean-Corr(Ben),10346,5647,433015,0,nrmsd_norm,7,0.5014358887871916
33764.44,COL-mean-Corr(Ben),10346,6758,433015,0,nrmsd_norm,8,0.4629263978775566
33764.44,COL-mean-Corr(Ben),10346,6758,433015,0,nrmsd_norm,9,0.5114848941259525
33764.44,COL-mean-Corr(Ben),10346,6773,433015,0,nrmsd_norm,10,0.5166468287736892
33764.44,COL-mean-Corr(Ben),10346,6773,433015,0,nrmsd_norm,11,0.5225604216916331
33764.44,COL-mean-Corr(Ben),10346,6773,433015,0,nrmsd_norm,12,0.49899274157932333
33764.44,COL-mean-Corr(Ben),10346,6773,433015,0,nrmsd_norm,13,0.514341106622066
33764.44,COL-mean-Corr(Ben),10346,1049,433015,0,nrmsd_norm,14,0.5236149173990395
33764.44,COL-mean-Corr(Ben),10346,1049,433015,0,nrmsd_norm,15,0.5259082544382716
33764.44,COL-mean-Corr(Ben),10346,1049,433015,0,nrmsd_norm,16,0.5187718481641017
33764.44,COL-mean-Corr(Ben),10346,1049,433015,0,nrmsd_norm,17,0.49928401172486553
33764.44,COL-mean-Corr(Ben),10346,1049,433015,0,nrmsd_norm,18,0.5107657540513953
33764.44,COL-mean-Corr(Ben),10346,1049,433015,0,nrmsd_norm,19,0.4690422575672887
33764.44,COL-mean-Corr(Ben),10346,1049,433015,0,nrmsd_norm,20,0.4858608280554142
33764.44,COL-mean-Corr(Ben),10346,12632,433015,0,nrmsd_norm,22,0.4891425346704488
33764.44,COL-mean-Corr(Ben),10346,9001,433015,0,nrmsd_norm,24,0.47990745222200015
33764.44,COL-mean-Corr(Ben),10346,9001,433015,0,nrmsd_norm,26,0.462956175889473
33764.44,COL-mean-Corr(Ben),10346,9001,433015,0,nrmsd_norm,28,0.4667309476569994
33764.44,COL-mean-Corr(Ben),10346,9001,433015,0,nrmsd_norm,30,0.4753742728145691
33764.44,COL-mean-Corr(Ben),10346,1059,433015,0,nrmsd_norm,32,0.46564226972387784
33764.44,COL-mean-Corr(Ben),10346,1059,433015,0,nrmsd_norm,34,0.4674656219332741
33764.44,COL-mean-Corr(Ben),10346,5945,433015,0,nrmsd_norm,36,0.46375139017096745
33764.44,COL-mean-Corr(Ben),10346,11097,433015,0,nrmsd_norm,38,0.48001690915538786
33764.44,COL-mean-Corr(Ben),10346,11097,433015,0,nrmsd_norm,40,0.4675641583523618
33764.44,COL-mean-Corr(Ben),10346,11097,433015,0,nrmsd_norm,42,0.46743673239375255
33764.44,COL-mean-Corr(Ben),10346,11097,433015,0,nrmsd_norm,44,0.4766200504183207
33764.44,COL-mean-Corr(Ben),10346,850,433015,0,nrmsd_norm,46,0.4822869501277718
33764.44,COL-mean-Corr(Ben),10346,11097,433015,0,nrmsd_norm,48,0.46488741801959566
33764.44,COL-mean-Corr(Ben),10346,11097,433015,0,nrmsd_norm,50,0.47743430200160936
33764.44,COL-mean-Corr(Ben),10346,11097,433015,0,nrmsd_norm,55,0.4648040958307531
33764.44,COL-mean-Corr(Ben),10346,9817,433015,0,nrmsd_norm,60,0.48838931692940263
33764.44,COL-mean-Corr(Ben),10346,9817,433015,0,nrmsd_norm,65,0.4814226919498139
33764.44,COL-mean-Corr(Ben),10346,9817,433015,0,nrmsd_norm,70,0.47995579545174993
33764.44,COL-mean-Corr(Ben),10346,12391,433015,0,nrmsd_norm,75,0.47569902101933365
33764.44,COL-mean-Corr(Ben),10346,12391,433015,0,nrmsd_norm,80,0.4778552318134011
33764.44,COL-mean-Corr(Ben),10346,12391,433015,0,nrmsd_norm,85,0.4809682255613724
33764.44,COL-mean-Corr(Ben),10346,12391,433015,0,nrmsd_norm,90,0.48017211078565225
33764.44,COL-mean-Corr(Ben),10346,1342,433015,0,nrmsd_norm,95,0.4773006157325936
33764.44,COL-mean-Corr(Ben),10346,12391,433015,0,nrmsd_norm,100,0.46748207541558573
33764.44,COL-mean-Corr(Ben),10346,3410,858597,0,nrmsd_norm,5,0.5556847984657954
33764.44,COL-mean-Corr(Ben),10346,1769,858597,0,nrmsd_norm,6,0.5851770984455892
33764.44,COL-mean-Corr(Ben),10346,5702,858597,0,nrmsd_norm,7,0.5395760498833067
33764.44,COL-mean-Corr(Ben),10346,10650,858597,0,nrmsd_norm,8,0.5279061575430054
33764.44,COL-mean-Corr(Ben),10346,1458,858597,0,nrmsd_norm,9,0.5602232406023837
33764.44,COL-mean-Corr(Ben),10346,5702,858597,0,nrmsd_norm,10,0.556419548052935
33764.44,COL-mean-Corr(Ben),10346,1716,858597,0,nrmsd_norm,11,0.5600415936572439
33764.44,COL-mean-Corr(Ben),10346,3410,858597,0,nrmsd_norm,12,0.48382277499057014
33764.44,COL-mean-Corr(Ben),10346,8867,858597,0,nrmsd_norm,13,0.5041511585066857
33764.44,COL-mean-Corr(Ben),10346,8867,858597,0,nrmsd_norm,14,0.5034898195082371
33764.44,COL-mean-Corr(Ben),10346,11998,858597,0,nrmsd_norm,15,0.5045418031256572
33764.44,COL-mean-Corr(Ben),10346,5841,858597,0,nrmsd_norm,16,0.5012328814274497
33764.44,COL-mean-Corr(Ben),10346,8867,858597,0,nrmsd_norm,17,0.4919242336626786
33764.44,COL-mean-Corr(Ben),10346,8867,858597,0,nrmsd_norm,18,0.5087767511879375
33764.44,COL-mean-Corr(Ben),10346,8867,858597,0,nrmsd_norm,19,0.4829853349295307
33764.44,COL-mean-Corr(Ben),10346,8867,858597,0,nrmsd_norm,20,0.49393583834618293
33764.44,COL-mean-Corr(Ben),10346,8867,858597,0,nrmsd_norm,22,0.5135547883532111
33764.44,COL-mean-Corr(Ben),10346,1711,858597,0,nrmsd_norm,24,0.5288285840894712
33764.44,COL-mean-Corr(Ben),10346,2143,858597,0,nrmsd_norm,26,0.5206719618787854
33764.44,COL-mean-Corr(Ben),10346,3029,858597,0,nrmsd_norm,28,0.5100689330270027
33764.44,COL-mean-Corr(Ben),10346,6824,858597,0,nrmsd_norm,30,0.5381788880931794
33764.44,COL-mean-Corr(Ben),10346,5985,858597,0,nrmsd_norm,32,0.5250165963673636
33764.44,COL-mean-Corr(Ben),10346,4084,858597,0,nrmsd_norm,34,0.5258910200119776
33764.44,COL-mean-Corr(Ben),10346,5985,858597,0,nrmsd_norm,36,0.5180472203561087
33764.44,COL-mean-Corr(Ben),10346,5987,858597,0,nrmsd_norm,38,0.5288851037785405
33764.44,COL-mean-Corr(Ben),10346,5987,858597,0,nrmsd_norm,40,0.5162120822358776
33764.44,COL-mean-Corr(Ben),10346,5985,858597,0,nrmsd_norm,42,0.5181314042492341
33764.44,COL-mean-Corr(Ben),10346,1965,858597,0,nrmsd_norm,44,0.517255755930436
33764.44,COL-mean-Corr(Ben),10346,1965,858597,0,nrmsd_norm,46,0.5180400980689167
33764.44,COL-mean-Corr(Ben),10346,1965,858597,0,nrmsd_norm,48,0.5155067910723813
33764.44,COL-mean-Corr(Ben),10346,4147,858597,0,nrmsd_norm,50,0.522499033938528
33764.44,COL-mean-Corr(Ben),10346,1965,858597,0,nrmsd_norm,55,0.5053787887869265
33764.44,COL-mean-Corr(Ben),10346,1965,858597,0,nrmsd_norm,60,0.5069922654934638
33764.44,COL-mean-Corr(Ben),10346,10346,858597,0,nrmsd_norm,65,0.49595933151046895
33764.44,COL-mean-Corr(Ben),10346,12482,858597,0,nrmsd_norm,70,0.49647656468843493
33764.44,COL-mean-Corr(Ben),10346,12482,858597,0,nrmsd_norm,75,0.4808711494120271
33764.44,COL-mean-Corr(Ben),10346,10346,858597,0,nrmsd_norm,80,0.48691211529718237
33764.44,COL-mean-Corr(Ben),10346,10346,858597,0,nrmsd_norm,85,0.49307815767339136
33764.44,COL-mean-Corr(Ben),10346,10346,858597,0,nrmsd_norm,90,0.4933123247194953
33764.44,COL-mean-Corr(Ben),10346,10346,858597,0,nrmsd_norm,95,0.4915669845373881
33764.44,COL-mean-Corr(Ben),10346,10346,858597,0,nrmsd_norm,100,0.48193147838439065
33764.44,COL-mean-Corr(Ben),10346,2607,85945,0,nrmsd_norm,5,0.6082041132202151
33764.44,COL-mean-Corr(Ben),10346,9206,85945,0,nrmsd_norm,6,0.5877649918201793
33764.44,COL-mean-Corr(Ben),10346,9174,85945,0,nrmsd_norm,7,0.5178342239048622
33764.44,COL-mean-Corr(Ben),10346,11097,85945,0,nrmsd_norm,8,0.4983598943899828
33764.44,COL-mean-Corr(Ben),10346,12054,85945,0,nrmsd_norm,9,0.4929928997596551
33764.44,COL-mean-Corr(Ben),10346,1033,85945,0,nrmsd_norm,10,0.5131524961776548
33764.44,COL-mean-Corr(Ben),10346,11823,85945,0,nrmsd_norm,11,0.512137312493019
33764.44,COL-mean-Corr(Ben),10346,1033,85945,0,nrmsd_norm,12,0.46811134695800416
33764.44,COL-mean-Corr(Ben),10346,3037,85945,0,nrmsd_norm,13,0.49879175787040736
33764.44,COL-mean-Corr(Ben),10346,1033,85945,0,nrmsd_norm,14,0.49239901746748205
33764.44,COL-mean-Corr(Ben),10346,7659,85945,0,nrmsd_norm,15,0.49773253333711176
33764.44,COL-mean-Corr(Ben),10346,11434,85945,0,nrmsd_norm,16,0.480684154265275
33764.44,COL-mean-Corr(Ben),10346,7659,85945,0,nrmsd_norm,17,0.4468014245597962
33764.44,COL-mean-Corr(Ben),10346,7659,85945,0,nrmsd_norm,18,0.4671408194210571
33764.44,COL-mean-Corr(Ben),10346,11210,85945,0,nrmsd_norm,19,0.4530761021876657
33764.44,COL-mean-Corr(Ben),10346,8262,85945,0,nrmsd_norm,20,0.4572131873170075
33764.44,COL-mean-Corr(Ben),10346,3312,85945,0,nrmsd_norm,22,0.4911143349560934
33764.44,COL-mean-Corr(Ben),10346,12131,85945,0,nrmsd_norm,24,0.490944725294095
33764.44,COL-mean-Corr(Ben),10346,573,85945,0,nrmsd_norm,26,0.4802846353677386
33764.44,COL-mean-Corr(Ben),10346,1342,85945,0,nrmsd_norm,28,0.47278097624019727
33764.44,COL-mean-Corr(Ben),10346,10684,85945,0,nrmsd_norm,30,0.49226495324653474
33764.44,COL-mean-Corr(Ben),10346,9692,85945,0,nrmsd_norm,32,0.48007138054038095
33764.44,COL-mean-Corr(Ben),10346,9692,85945,0,nrmsd_norm,34,0.48843739614763526
33764.44,COL-mean-Corr(Ben),10346,6085,85945,0,nrmsd_norm,36,0.486786358955599
33764.44,COL-mean-Corr(Ben),10346,6085,85945,0,nrmsd_norm,38,0.49799972452105007
33764.44,COL-mean-Corr(Ben),10346,1342,85945,0,nrmsd_norm,40,0.4826640769003917
33764.44,COL-mean-Corr(Ben),10346,9692,85945,0,nrmsd_norm,42,0.48219256446967806
33764.44,COL-mean-Corr(Ben),10346,10545,85945,0,nrmsd_norm,44,0.48472136429741647
33764.44,COL-mean-Corr(Ben),10346,10545,85945,0,nrmsd_norm,46,0.48682105356813843
33764.44,COL-mean-Corr(Ben),10346,9692,85945,0,nrmsd_norm,48,0.47942581747868496
33764.44,COL-mean-Corr(Ben),10346,10545,85945,0,nrmsd_norm,50,0.4844200770101598
33764.44,COL-mean-Corr(Ben),10346,10545,85945,0,nrmsd_norm,55,0.4683253437301967
33764.44,COL-mean-Corr(Ben),10346,9692,85945,0,nrmsd_norm,60,0.48257530943773846
33764.44,COL-mean-Corr(Ben),10346,9692,85945,0,nrmsd_norm,65,0.4752972608516758
33764.44,COL-mean-Corr(Ben),10346,9692,85945,0,nrmsd_norm,70,0.48335760228128943
33764.44,COL-mean-Corr(Ben),10346,9692,85945,0,nrmsd_norm,75,0.473563265152512
33764.44,COL-mean-Corr(Ben),10346,9692,85945,0,nrmsd_norm,80,0.47986764996169495
33764.44,COL-mean-Corr(Ben),10346,9692,85945,0,nrmsd_norm,85,0.4805538425511782
33764.44,COL-mean-Corr(Ben),10346,1342,85945,0,nrmsd_norm,90,0.4761097724514045
33764.44,COL-mean-Corr(Ben),10346,573,85945,0,nrmsd_norm,95,0.4726300085015559
33764.44,COL-mean-Corr(Ben),10346,1342,85945,0,nrmsd_norm,100,0.4688590765831848
33764.44,COL-mean-Corr(Ben),10346,6763,697368,0,nrmsd_norm,5,0.6091693416871908
33764.44,COL-mean-Corr(Ben),10346,2951,697368,0,nrmsd_norm,6,0.6496288011614488
33764.44,COL-mean-Corr(Ben),10346,8264,697368,0,nrmsd_norm,7,0.5887656592546667
33764.44,COL-mean-Corr(Ben),10346,2070,697368,0,nrmsd_norm,8,0.5669249190573726
33764.44,COL-mean-Corr(Ben),10346,4498,697368,0,nrmsd_norm,9,0.5932476357389732
33764.44,COL-mean-Corr(Ben),10346,4498,697368,0,nrmsd_norm,10,0.6017256684711659
33764.44,COL-mean-Corr(Ben),10346,4498,697368,0,nrmsd_norm,11,0.6024984504866123
33764.44,COL-mean-Corr(Ben),10346,11108,697368,0,nrmsd_norm,12,0.5840123962015232
33764.44,COL-mean-Corr(Ben),10346,696,697368,0,nrmsd_norm,13,0.5815474261897615
33764.44,COL-mean-Corr(Ben),10346,11300,697368,0,nrmsd_norm,14,0.5747134402526634
33764.44,COL-mean-Corr(Ben),10346,11300,697368,0,nrmsd_norm,15,0.57636514533596
33764.44,COL-mean-Corr(Ben),10346,11300,697368,0,nrmsd_norm,16,0.5619194694495395
33764.44,COL-mean-Corr(Ben),10346,1416,697368,0,nrmsd_norm,17,0.5361213235977477
33764.44,COL-mean-Corr(Ben),10346,6951,697368,0,nrmsd_norm,18,0.5541128411006258
33764.44,COL-mean-Corr(Ben),10346,1825,697368,0,nrmsd_norm,19,0.5284231644379006
33764.44,COL-mean-Corr(Ben),10346,1825,697368,0,nrmsd_norm,20,0.5399150012894793
33764.44,COL-mean-Corr(Ben),10346,618,697368,0,nrmsd_norm,22,0.5549852746831021
33764.44,COL-mean-Corr(Ben),10346,11733,697368,0,nrmsd_norm,24,0.5617089518284006
33764.44,COL-mean-Corr(Ben),10346,11733,697368,0,nrmsd_norm,26,0.5482897822212509
33764.44,COL-mean-Corr(Ben),10346,6791,697368,0,nrmsd_norm,28,0.5213827325095605
33764.44,COL-mean-Corr(Ben),10346,6791,697368,0,nrmsd_norm,30,0.5248598537660767
33764.44,COL-mean-Corr(Ben),10346,9430,697368,0,nrmsd_norm,32,0.5075652446650311
33764.44,COL-mean-Corr(Ben),10346,9430,697368,0,nrmsd_norm,34,0.514406898939174
33764.44,COL-mean-Corr(Ben),10346,3246,697368,0,nrmsd_norm,36,0.5097852829932931
33764.44,COL-mean-Corr(Ben),10346,3246,697368,0,nrmsd_norm,38,0.525932174181724
33764.44,COL-mean-Corr(Ben),10346,7790,697368,0,nrmsd_norm,40,0.5242735790997899
33764.44,COL-mean-Corr(Ben),10346,11456,697368,0,nrmsd_norm,42,0.5234039192935677
33764.44,COL-mean-Corr(Ben),10346,3695,697368,0,nrmsd_norm,44,0.5248518606724412
33764.44,COL-mean-Corr(Ben),10346,7790,697368,0,nrmsd_norm,46,0.5274864615933672
33764.44,COL-mean-Corr(Ben),10346,3695,697368,0,nrmsd_norm,48,0.5196541640214217
33764.44,COL-mean-Corr(Ben),10346,3695,697368,0,nrmsd_norm,50,0.525975489551404
33764.44,COL-mean-Corr(Ben),10346,3695,697368,0,nrmsd_norm,55,0.521135010983706
33764.44,COL-mean-Corr(Ben),10346,3695,697368,0,nrmsd_norm,60,0.5268774005717146
33764.44,COL-mean-Corr(Ben),10346,7790,697368,0,nrmsd_norm,65,0.5113628134568602
33764.44,COL-mean-Corr(Ben),10346,6354,697368,0,nrmsd_norm,70,0.5161767651491902
33764.44,COL-mean-Corr(Ben),10346,6354,697368,0,nrmsd_norm,75,0.49563729223262726
33764.44,COL-mean-Corr(Ben),10346,7790,697368,0,nrmsd_norm,80,0.49987910183361023
33764.44,COL-mean-Corr(Ben),10346,6354,697368,0,nrmsd_norm,85,0.4939611339459656
33764.44,COL-mean-Corr(Ben),10346,6354,697368,0,nrmsd_norm,90,0.4937148274999758
33764.44,COL-mean-Corr(Ben),10346,6354,697368,0,nrmsd_norm,95,0.4956810531770603
33764.44,COL-mean-Corr(Ben),10346,6354,697368,0,nrmsd_norm,100,0.4844505804904382
33764.44,COL-mean-Corr(Ben),10346,4446,201469,0,nrmsd_norm,5,0.5904960556061206
33764.44,COL-mean-Corr(Ben),10346,11712,201469,0,nrmsd_norm,6,0.6245888000987623
33764.44,COL-mean-Corr(Ben),10346,11560,201469,0,nrmsd_norm,7,0.5673887678958747
33764.44,COL-mean-Corr(Ben),10346,4446,201469,0,nrmsd_norm,8,0.5489316304688382
33764.44,COL-mean-Corr(Ben),10346,6760,201469,0,nrmsd_norm,9,0.591563222176134
33764.44,COL-mean-Corr(Ben),10346,6760,201469,0,nrmsd_norm,10,0.5970295474683893
33764.44,COL-mean-Corr(Ben),10346,6760,201469,0,nrmsd_norm,11,0.5993076394937537
33764.44,COL-mean-Corr(Ben),10346,3990,201469,0,nrmsd_norm,12,0.5688078548403601
33764.44,COL-mean-Corr(Ben),10346,3990,201469,0,nrmsd_norm,13,0.5791116809822943
33764.44,COL-mean-Corr(Ben),10346,4498,201469,0,nrmsd_norm,14,0.5620954781505498
33764.44,COL-mean-Corr(Ben),10346,4498,201469,0,nrmsd_norm,15,0.5681021380788075
33764.44,COL-mean-Corr(Ben),10346,3990,201469,0,nrmsd_norm,16,0.5539252307892564
33764.44,COL-mean-Corr(Ben),10346,6524,201469,0,nrmsd_norm,17,0.5159464183004883
33764.44,COL-mean-Corr(Ben),10346,6524,201469,0,nrmsd_norm,18,0.5273713118859614
33764.44,COL-mean-Corr(Ben),10346,6524,201469,0,nrmsd_norm,19,0.5003146571186702
33764.44,COL-mean-Corr(Ben),10346,4465,201469,0,nrmsd_norm,20,0.5008530871944361
33764.44,COL-mean-Corr(Ben),10346,4457,201469,0,nrmsd_norm,22,0.5197470270663251
33764.44,COL-mean-Corr(Ben),10346,6329,201469,0,nrmsd_norm,24,0.5199749016950252
33764.44,COL-mean-Corr(Ben),10346,6329,201469,0,nrmsd_norm,26,0.5211540325725047
33764.44,COL-mean-Corr(Ben),10346,6783,201469,0,nrmsd_norm,28,0.5198050497488622
33764.44,COL-mean-Corr(Ben),10346,6783,201469,0,nrmsd_norm,30,0.5242345264971489
33764.44,COL-mean-Corr(Ben),10346,3417,201469,0,nrmsd_norm,32,0.5117200543670931
33764.44,COL-mean-Corr(Ben),10346,3417,201469,0,nrmsd_norm,34,0.5139287135729524
33764.44,COL-mean-Corr(Ben),10346,3417,201469,0,nrmsd_norm,36,0.5106544241354092
33764.44,COL-mean-Corr(Ben),10346,3417,201469,0,nrmsd_norm,38,0.5239625611423884
33764.44,COL-mean-Corr(Ben),10346,6833,201469,0,nrmsd_norm,40,0.5075168477631189
33764.44,COL-mean-Corr(Ben),10346,6833,201469,0,nrmsd_norm,42,0.5061946141892846
33764.44,COL-mean-Corr(Ben),10346,6833,201469,0,nrmsd_norm,44,0.5088930470619477
33764.44,COL-mean-Corr(Ben),10346,9011,201469,0,nrmsd_norm,46,0.5079001919334533
33764.44,COL-mean-Corr(Ben),10346,6833,201469,0,nrmsd_norm,48,0.5045410876811592
33764.44,COL-mean-Corr(Ben),10346,6833,201469,0,nrmsd_norm,50,0.517336226410707
33764.44,COL-mean-Corr(Ben),10346,9011,201469,0,nrmsd_norm,55,0.50125230172341
33764.44,COL-mean-Corr(Ben),10346,6833,201469,0,nrmsd_norm,60,0.5145101290765266
33764.44,COL-mean-Corr(Ben),10346,6833,201469,0,nrmsd_norm,65,0.49533831501974185
33764.44,COL-mean-Corr(Ben),10346,11081,201469,0,nrmsd_norm,70,0.492502393045962
33764.44,COL-mean-Corr(Ben),10346,11081,201469,0,nrmsd_norm,75,0.47652795053286684
33764.44,COL-mean-Corr(Ben),10346,11081,201469,0,nrmsd_norm,80,0.4850504684738088
33764.44,COL-mean-Corr(Ben),10346,114,201469,0,nrmsd_norm,85,0.4831833819528808
33764.44,COL-mean-Corr(Ben),10346,11081,201469,0,nrmsd_norm,90,0.4939992683434924
33764.44,COL-mean-Corr(Ben),10346,11081,201469,0,nrmsd_norm,95,0.4974670976610043
33764.44,COL-mean-Corr(Ben),10346,11081,201469,0,nrmsd_norm,100,0.48707755252425317
33764.44,COL-mean-Corr(Ben),10346,5798,94177,0,nrmsd_norm,5,0.6048619815572983
33764.44,COL-mean-Corr(Ben),10346,770,94177,0,nrmsd_norm,6,0.6369404001605478
33764.44,COL-mean-Corr(Ben),10346,2556,94177,0,nrmsd_norm,7,0.5828634693271397
33764.44,COL-mean-Corr(Ben),10346,12136,94177,0,nrmsd_norm,8,0.554829788363328
33764.44,COL-mean-Corr(Ben),10346,6858,94177,0,nrmsd_norm,9,0.5580558710182646
33764.44,COL-mean-Corr(Ben),10346,6858,94177,0,nrmsd_norm,10,0.5620430879873602
33764.44,COL-mean-Corr(Ben),10346,1961,94177,0,nrmsd_norm,11,0.5632420160304298
33764.44,COL-mean-Corr(Ben),10346,1961,94177,0,nrmsd_norm,12,0.506492865958499
33764.44,COL-mean-Corr(Ben),10346,1961,94177,0,nrmsd_norm,13,0.5275732779082521
33764.44,COL-mean-Corr(Ben),10346,1961,94177,0,nrmsd_norm,14,0.5207923920267605
33764.44,COL-mean-Corr(Ben),10346,1961,94177,0,nrmsd_norm,15,0.5356185389871072
33764.44,COL-mean-Corr(Ben),10346,1961,94177,0,nrmsd_norm,16,0.5240341281984664
33764.44,COL-mean-Corr(Ben),10346,2269,94177,0,nrmsd_norm,17,0.48090241033342856
33764.44,COL-mean-Corr(Ben),10346,5589,94177,0,nrmsd_norm,18,0.49711047386364143
33764.44,COL-mean-Corr(Ben),10346,7232,94177,0,nrmsd_norm,19,0.49352400917614064
33764.44,COL-mean-Corr(Ben),10346,7232,94177,0,nrmsd_norm,20,0.49846887077547003
33764.44,COL-mean-Corr(Ben),10346,7232,94177,0,nrmsd_norm,22,0.5154996140036614
33764.44,COL-mean-Corr(Ben),10346,11081,94177,0,nrmsd_norm,24,0.5299101166467499
33764.44,COL-mean-Corr(Ben),10346,7232,94177,0,nrmsd_norm,26,0.5156857894050849
33764.44,COL-mean-Corr(Ben),10346,172,94177,0,nrmsd_norm,28,0.48761639419786557
33764.44,COL-mean-Corr(Ben),10346,172,94177,0,nrmsd_norm,30,0.4993469462951056
33764.44,COL-mean-Corr(Ben),10346,5569,94177,0,nrmsd_norm,32,0.4770671308986918
33764.44,COL-mean-Corr(Ben),10346,5569,94177,0,nrmsd_norm,34,0.48596700570004187
33764.44,COL-mean-Corr(Ben),10346,172,94177,0,nrmsd_norm,36,0.4815574602900121
33764.44,COL-mean-Corr(Ben),10346,8077,94177,0,nrmsd_norm,38,0.49417979077306246
33764.44,COL-mean-Corr(Ben),10346,8077,94177,0,nrmsd_norm,40,0.47879381986416686
33764.44,COL-mean-Corr(Ben),10346,8077,94177,0,nrmsd_norm,42,0.47953375285744027
33764.44,COL-mean-Corr(Ben),10346,8077,94177,0,nrmsd_norm,44,0.48424612219832674
33764.44,COL-mean-Corr(Ben),10346,8077,94177,0,nrmsd_norm,46,0.4907122540500475
33764.44,COL-mean-Corr(Ben),10346,8077,94177,0,nrmsd_norm,48,0.4878680093708905
33764.44,COL-mean-Corr(Ben),10346,8077,94177,0,nrmsd_norm,50,0.4970794141833896
33764.44,COL-mean-Corr(Ben),10346,8077,94177,0,nrmsd_norm,55,0.4787656516662581
33764.44,COL-mean-Corr(Ben),10346,11093,94177,0,nrmsd_norm,60,0.49471855575244467
33764.44,COL-mean-Corr(Ben),10346,8077,94177,0,nrmsd_norm,65,0.48685300565637457
33764.44,COL-mean-Corr(Ben),10346,11093,94177,0,nrmsd_norm,70,0.4930326350720915
33764.44,COL-mean-Corr(Ben),10346,11093,94177,0,nrmsd_norm,75,0.48058563034678325
33764.44,COL-mean-Corr(Ben),10346,11093,94177,0,nrmsd_norm,80,0.4841444173199401
33764.44,COL-mean-Corr(Ben),10346,4504,94177,0,nrmsd_norm,85,0.4886911994620666
33764.44,COL-mean-Corr(Ben),10346,4504,94177,0,nrmsd_norm,90,0.47821302746877525
33764.44,COL-mean-Corr(Ben),10346,4504,94177,0,nrmsd_norm,95,0.4793700315287325
33764.44,COL-mean-Corr(Ben),10346,4504,94177,0,nrmsd_norm,100,0.4748722207047266
33764.44,COL-max-Corr,10346,12265,89250,0,nrmsd_norm,5,0.5813755146488758
33764.44,COL-max-Corr,10346,3995,89250,0,nrmsd_norm,6,0.5084533886755689
33764.44,COL-max-Corr,10346,9106,89250,0,nrmsd_norm,7,0.522445716902002
33764.44,COL-max-Corr,10346,9106,89250,0,nrmsd_norm,8,0.4915528371424655
33764.44,COL-max-Corr,10346,9106,89250,0,nrmsd_norm,9,0.4569734027094573
33764.44,COL-max-Corr,10346,9106,89250,0,nrmsd_norm,10,0.469298929490233
33764.44,COL-max-Corr,10346,9200,89250,0,nrmsd_norm,11,0.4471434763878088
33764.44,COL-max-Corr,10346,9200,89250,0,nrmsd_norm,12,0.42590534158214
33764.44,COL-max-Corr,10346,11210,89250,0,nrmsd_norm,13,0.4615070793782574
33764.44,COL-max-Corr,10346,11210,89250,0,nrmsd_norm,14,0.4505589359742663
33764.44,COL-max-Corr,10346,3526,89250,0,nrmsd_norm,15,0.44101775041196883
33764.44,COL-max-Corr,10346,3526,89250,0,nrmsd_norm,16,0.44597029602243254
33764.44,COL-max-Corr,10346,3526,89250,0,nrmsd_norm,17,0.4188436970238301
33764.44,COL-max-Corr,10346,7183,89250,0,nrmsd_norm,18,0.4069330789755414
33764.44,COL-max-Corr,10346,7183,89250,0,nrmsd_norm,19,0.41933838908563864
33764.44,COL-max-Corr,10346,7183,89250,0,nrmsd_norm,20,0.4255082226238116
33764.44,COL-max-Corr,10346,7183,89250,0,nrmsd_norm,22,0.4254030229014201
33764.44,COL-max-Corr,10346,3526,89250,0,nrmsd_norm,24,0.4120249446766255
33764.44,COL-max-Corr,10346,3526,89250,0,nrmsd_norm,26,0.3970057426742588
33764.44,COL-max-Corr,10346,3526,89250,0,nrmsd_norm,28,0.3936946887636052
33764.44,COL-max-Corr,10346,3526,89250,0,nrmsd_norm,30,0.3872617673328626
33764.44,COL-max-Corr,10346,3526,89250,0,nrmsd_norm,32,0.38751849900875895
33764.44,COL-max-Corr,10346,11606,89250,0,nrmsd_norm,34,0.3834934015966593
33764.44,COL-max-Corr,10346,12482,89250,0,nrmsd_norm,36,0.37954945870045825
33764.44,COL-max-Corr,10346,12482,89250,0,nrmsd_norm,38,0.38518474872738884
33764.44,COL-max-Corr,10346,7183,89250,0,nrmsd_norm,40,0.38303240063816607
33764.44,COL-max-Corr,10346,7183,89250,0,nrmsd_norm,42,0.38121482524426326
33764.44,COL-max-Corr,10346,7183,89250,0,nrmsd_norm,44,0.38528822646444955
33764.44,COL-max-Corr,10346,12482,89250,0,nrmsd_norm,46,0.37877738824144314
33764.44,COL-max-Corr,10346,6845,89250,0,nrmsd_norm,48,0.3803601886835155
33764.44,COL-max-Corr,10346,12482,89250,0,nrmsd_norm,50,0.380576526431154
33764.44,COL-max-Corr,10346,12482,89250,0,nrmsd_norm,55,0.38567185476931753
33764.44,COL-max-Corr,10346,11606,89250,0,nrmsd_norm,60,0.38734212626537873
33764.44,COL-max-Corr,10346,11606,89250,0,nrmsd_norm,65,0.38699099916935226
33764.44,COL-max-Corr,10346,12482,89250,0,nrmsd_norm,70,0.3893402855283573
33764.44,COL-max-Corr,10346,12482,89250,0,nrmsd_norm,75,0.38987789487509883
33764.44,COL-max-Corr,10346,12482,89250,0,nrmsd_norm,80,0.39173147403736863
33764.44,COL-max-Corr,10346,6845,89250,0,nrmsd_norm,85,0.3916131616008998
33764.44,COL-max-Corr,10346,10346,89250,0,nrmsd_norm,90,0.39113956165330377
33764.44,COL-max-Corr,10346,10346,89250,0,nrmsd_norm,95,0.3908520259422704
33764.44,COL-max-Corr,10346,10346,89250,0,nrmsd_norm,100,0.39282024359692186
33764.44,COL-max-Corr,10346,1406,773956,0,nrmsd_norm,5,0.5723594156189517
33764.44,COL-max-Corr,10346,6213,773956,0,nrmsd_norm,6,0.513085767857377
33764.44,COL-max-Corr,10346,2324,773956,0,nrmsd_norm,7,0.5111258409608049
33764.44,COL-max-Corr,10346,6213,773956,0,nrmsd_norm,8,0.4730685485059797
33764.44,COL-max-Corr,10346,2269,773956,0,nrmsd_norm,9,0.4395854585335032
33764.44,COL-max-Corr,10346,12428,773956,0,nrmsd_norm,10,0.44038258670934705
33764.44,COL-max-Corr,10346,9015,773956,0,nrmsd_norm,11,0.42464805117180215
33764.44,COL-max-Corr,10346,9015,773956,0,nrmsd_norm,12,0.4152496811219653
33764.44,COL-max-Corr,10346,9106,773956,0,nrmsd_norm,13,0.4656534277648076
33764.44,COL-max-Corr,10346,9106,773956,0,nrmsd_norm,14,0.46234084800352954
33764.44,COL-max-Corr,10346,9106,773956,0,nrmsd_norm,15,0.44145345873561664
33764.44,COL-max-Corr,10346,9106,773956,0,nrmsd_norm,16,0.4475290689637689
33764.44,COL-max-Corr,10346,9107,773956,0,nrmsd_norm,17,0.4270922595199545
33764.44,COL-max-Corr,10346,9110,773956,0,nrmsd_norm,18,0.4112305261467789
33764.44,COL-max-Corr,10346,9110,773956,0,nrmsd_norm,19,0.4346094472361444
33764.44,COL-max-Corr,10346,9110,773956,0,nrmsd_norm,20,0.43765328521639146
33764.44,COL-max-Corr,10346,9110,773956,0,nrmsd_norm,22,0.43993545332765777
33764.44,COL-max-Corr,10346,9015,773956,0,nrmsd_norm,24,0.4227769010666508
33764.44,COL-max-Corr,10346,9015,773956,0,nrmsd_norm,26,0.4220784422290065
33764.44,COL-max-Corr,10346,9121,773956,0,nrmsd_norm,28,0.41645252059766286
33764.44,COL-max-Corr,10346,6745,773956,0,nrmsd_norm,30,0.4021931329093111
33764.44,COL-max-Corr,10346,6745,773956,0,nrmsd_norm,32,0.40920081378946
33764.44,COL-max-Corr,10346,1396,773956,0,nrmsd_norm,34,0.4039718143285048
33764.44,COL-max-Corr,10346,3429,773956,0,nrmsd_norm,36,0.39769592269871756
33764.44,COL-max-Corr,10346,3429,773956,0,nrmsd_norm,38,0.4033524209751838
33764.44,COL-max-Corr,10346,3429,773956,0,nrmsd_norm,40,0.4004057650277583
33764.44,COL-max-Corr,10346,3429,773956,0,nrmsd_norm,42,0.3969016015973413
33764.44,COL-max-Corr,10346,3429,773956,0,nrmsd_norm,44,0.4009072478705936
33764.44,COL-max-Corr,10346,3429,773956,0,nrmsd_norm,46,0.3970459325080976
33764.44,COL-max-Corr,10346,3429,773956,0,nrmsd_norm,48,0.3931701129669833
33764.44,COL-max-Corr,10346,3429,773956,0,nrmsd_norm,50,0.3943182644981366
33764.44,COL-max-Corr,10346,10346,773956,0,nrmsd_norm,55,0.3983682481144971
33764.44,COL-max-Corr,10346,3429,773956,0,nrmsd_norm,60,0.3981870131755884
33764.44,COL-max-Corr,10346,3429,773956,0,nrmsd_norm,65,0.3981243286630723
33764.44,COL-max-Corr,10346,11606,773956,0,nrmsd_norm,70,0.398569017109231
33764.44,COL-max-Corr,10346,3429,773956,0,nrmsd_norm,75,0.3993964938827139
33764.44,COL-max-Corr,10346,3429,773956,0,nrmsd_norm,80,0.3984198042372752
33764.44,COL-max-Corr,10346,3429,773956,0,nrmsd_norm,85,0.3998082499582437
33764.44,COL-max-Corr,10346,3429,773956,0,nrmsd_norm,90,0.4012450011173803
33764.44,COL-max-Corr,10346,3429,773956,0,nrmsd_norm,95,0.40244945511478075
33764.44,COL-max-Corr,10346,3429,773956,0,nrmsd_norm,100,0.4020733316070358
33764.44,COL-max-Corr,10346,9283,654571,0,nrmsd_norm,5,0.561828597301353
33764.44,COL-max-Corr,10346,3429,654571,0,nrmsd_norm,6,0.5012069219599682
33764.44,COL-max-Corr,10346,1126,654571,0,nrmsd_norm,7,0.4867479999648148
33764.44,COL-max-Corr,10346,1733,654571,0,nrmsd_norm,8,0.422540865638727
33764.44,COL-max-Corr,10346,7173,654571,0,nrmsd_norm,9,0.39509908994657417
33764.44,COL-max-Corr,10346,12418,654571,0,nrmsd_norm,10,0.4242072185825508
33764.44,COL-max-Corr,10346,12418,654571,0,nrmsd_norm,11,0.4204997908167775
33764.44,COL-max-Corr,10346,12418,654571,0,nrmsd_norm,12,0.415950406576707
33764.44,COL-max-Corr,10346,12418,654571,0,nrmsd_norm,13,0.4549530676306695
33764.44,COL-max-Corr,10346,1396,654571,0,nrmsd_norm,14,0.4467102625627869
33764.44,COL-max-Corr,10346,1396,654571,0,nrmsd_norm,15,0.4360077974247571
33764.44,COL-max-Corr,10346,1396,654571,0,nrmsd_norm,16,0.4411416679629682
33764.44,COL-max-Corr,10346,1396,654571,0,nrmsd_norm,17,0.4279302039431566
33764.44,COL-max-Corr,10346,1396,654571,0,nrmsd_norm,18,0.41407446536135417
33764.44,COL-max-Corr,10346,1396,654571,0,nrmsd_norm,19,0.4231860497594896
33764.44,COL-max-Corr,10346,1396,654571,0,nrmsd_norm,20,0.4273280746759747
33764.44,COL-max-Corr,10346,1396,654571,0,nrmsd_norm,22,0.42525516859580953
33764.44,COL-max-Corr,10346,7232,654571,0,nrmsd_norm,24,0.41413564411181364
33764.44,COL-max-Corr,10346,7232,654571,0,nrmsd_norm,26,0.3899605951612744
33764.44,COL-max-Corr,10346,2536,654571,0,nrmsd_norm,28,0.3952453596192578
33764.44,COL-max-Corr,10346,8104,654571,0,nrmsd_norm,30,0.39416625897749724
33764.44,COL-max-Corr,10346,8104,654571,0,nrmsd_norm,32,0.39898338849642934
33764.44,COL-max-Corr,10346,8104,654571,0,nrmsd_norm,34,0.3960802596097609
33764.44,COL-max-Corr,10346,8104,654571,0,nrmsd_norm,36,0.3908688238871339
33764.44,COL-max-Corr,10346,8104,654571,0,nrmsd_norm,38,0.3952385700051169
33764.44,COL-max-Corr,10346,1030,654571,0,nrmsd_norm,40,0.3941878744534528
33764.44,COL-max-Corr,10346,1030,654571,0,nrmsd_norm,42,0.3917795582411011
33764.44,COL-max-Corr,10346,1030,654571,0,nrmsd_norm,44,0.3964783467362324
33764.44,COL-max-Corr,10346,8104,654571,0,nrmsd_norm,46,0.3922271356545351
33764.44,COL-max-Corr,10346,8104,654571,0,nrmsd_norm,48,0.3960405818377351
33764.44,COL-max-Corr,10346,8104,654571,0,nrmsd_norm,50,0.3950380412212674
33764.44,COL-max-Corr,10346,8104,654571,0,nrmsd_norm,55,0.3991755255248936
33764.44,COL-max-Corr,10346,8104,654571,0,nrmsd_norm,60,0.39994429505490686
33764.44,COL-max-Corr,10346,10346,654571,0,nrmsd_norm,65,0.4028888938582116
33764.44,COL-max-Corr,10346,10346,654571,0,nrmsd_norm,70,0.39967667591843126
33764.44,COL-max-Corr,10346,10346,654571,0,nrmsd_norm,75,0.39934921716470845
33764.44,COL-max-Corr,10346,10346,654571,0,nrmsd_norm,80,0.3994947913591627
33764.44,COL-max-Corr,10346,10346,654571,0,nrmsd_norm,85,0.40180120455998963
33764.44,COL-max-Corr,10346,10346,654571,0,nrmsd_norm,90,0.4004763292952542
33764.44,COL-max-Corr,10346,10346,654571,0,nrmsd_norm,95,0.4007198064031314
33764.44,COL-max-Corr,10346,10346,654571,0,nrmsd_norm,100,0.4012004141353396
33764.44,COL-max-Corr,10346,6491,438878,0,nrmsd_norm,5,0.5318837603664965
33764.44,COL-max-Corr,10346,11892,438878,0,nrmsd_norm,6,0.44662157614296094
33764.44,COL-max-Corr,10346,4505,438878,0,nrmsd_norm,7,0.43146754169281204
33764.44,COL-max-Corr,10346,8104,438878,0,nrmsd_norm,8,0.43167579557368346
33764.44,COL-max-Corr,10346,8104,438878,0,nrmsd_norm,9,0.42230415986717773
33764.44,COL-max-Corr,10346,2536,438878,0,nrmsd_norm,10,0.4265322996155286
33764.44,COL-max-Corr,10346,2536,438878,0,nrmsd_norm,11,0.401133301575921
33764.44,COL-max-Corr,10346,2536,438878,0,nrmsd_norm,12,0.40647161580715624
33764.44,COL-max-Corr,10346,12312,438878,0,nrmsd_norm,13,0.4522777603071869
33764.44,COL-max-Corr,10346,12312,438878,0,nrmsd_norm,14,0.44879539750455977
33764.44,COL-max-Corr,10346,12312,438878,0,nrmsd_norm,15,0.4373236978635691
33764.44,COL-max-Corr,10346,12312,438878,0,nrmsd_norm,16,0.44167496468628265
33764.44,COL-max-Corr,10346,12312,438878,0,nrmsd_norm,17,0.4291503226575732
33764.44,COL-max-Corr,10346,12312,438878,0,nrmsd_norm,18,0.4164034884966683
33764.44,COL-max-Corr,10346,12312,438878,0,nrmsd_norm,19,0.4360232668283858
33764.44,COL-max-Corr,10346,12312,438878,0,nrmsd_norm,20,0.43975167135999327
33764.44,COL-max-Corr,10346,12312,438878,0,nrmsd_norm,22,0.4386587693734547
33764.44,COL-max-Corr,10346,5980,438878,0,nrmsd_norm,24,0.42566007772193687
33764.44,COL-max-Corr,10346,10346,438878,0,nrmsd_norm,26,0.41759717348867004
33764.44,COL-max-Corr,10346,10346,438878,0,nrmsd_norm,28,0.4227953871631928
33764.44,COL-max-Corr,10346,10346,438878,0,nrmsd_norm,30,0.4138152362426801
33764.44,COL-max-Corr,10346,10346,438878,0,nrmsd_norm,32,0.4126170844667632
33764.44,COL-max-Corr,10346,806,438878,0,nrmsd_norm,34,0.4095460214151374
33764.44,COL-max-Corr,10346,806,438878,0,nrmsd_norm,36,0.4083725305874365
33764.44,COL-max-Corr,10346,5981,438878,0,nrmsd_norm,38,0.41226883923489743
33764.44,COL-max-Corr,10346,806,438878,0,nrmsd_norm,40,0.4106286302589342
33764.44,COL-max-Corr,10346,806,438878,0,nrmsd_norm,42,0.4058260506839855
33764.44,COL-max-Corr,10346,806,438878,0,nrmsd_norm,44,0.4110937974994837
33764.44,COL-max-Corr,10346,5981,438878,0,nrmsd_norm,46,0.40324297748887616
33764.44,COL-max-Corr,10346,5981,438878,0,nrmsd_norm,48,0.4068956236494504
33764.44,COL-max-Corr,10346,6845,438878,0,nrmsd_norm,50,0.40602833795458715
33764.44,COL-max-Corr,10346,6845,438878,0,nrmsd_norm,55,0.4045790166521577
33764.44,COL-max-Corr,10346,6845,438878,0,nrmsd_norm,60,0.4040813138103677
33764.44,COL-max-Corr,10346,6845,438878,0,nrmsd_norm,65,0.4038308821022366
33764.44,COL-max-Corr,10346,6845,438878,0,nrmsd_norm,70,0.40491974682985943
33764.44,COL-max-Corr,10346,6845,438878,0,nrmsd_norm,75,0.40597560947887634
33764.44,COL-max-Corr,10346,6845,438878,0,nrmsd_norm,80,0.40723629720703247
33764.44,COL-max-Corr,10346,6845,438878,0,nrmsd_norm,85,0.407023542683166
33764.44,COL-max-Corr,10346,10346,438878,0,nrmsd_norm,90,0.4025496869354285
33764.44,COL-max-Corr,10346,10346,438878,0,nrmsd_norm,95,0.4026994960744546
33764.44,COL-max-Corr,10346,10346,438878,0,nrmsd_norm,100,0.40380050440618226
33764.44,COL-max-Corr,10346,1053,433015,0,nrmsd_norm,5,0.5333882971399306
33764.44,COL-max-Corr,10346,7435,433015,0,nrmsd_norm,6,0.453181178711924
33764.44,COL-max-Corr,10346,2649,433015,0,nrmsd_norm,7,0.43535663848945555
33764.44,COL-max-Corr,10346,9429,433015,0,nrmsd_norm,8,0.4121431813904459
33764.44,COL-max-Corr,10346,2649,433015,0,nrmsd_norm,9,0.3952353899056923
33764.44,COL-max-Corr,10346,2649,433015,0,nrmsd_norm,10,0.41421209074014215
33764.44,COL-max-Corr,10346,9121,433015,0,nrmsd_norm,11,0.41117008209563377
33764.44,COL-max-Corr,10346,9121,433015,0,nrmsd_norm,12,0.41198791223211156
33764.44,COL-max-Corr,10346,9121,433015,0,nrmsd_norm,13,0.4409864257364341
33764.44,COL-max-Corr,10346,9121,433015,0,nrmsd_norm,14,0.44824523384671955
33764.44,COL-max-Corr,10346,9121,433015,0,nrmsd_norm,15,0.43734414530995874
33764.44,COL-max-Corr,10346,6636,433015,0,nrmsd_norm,16,0.4412825610870965
33764.44,COL-max-Corr,10346,6636,433015,0,nrmsd_norm,17,0.4271300018910246
33764.44,COL-max-Corr,10346,9123,433015,0,nrmsd_norm,18,0.42898343800743066
33764.44,COL-max-Corr,10346,9123,433015,0,nrmsd_norm,19,0.44062435224362245
33764.44,COL-max-Corr,10346,726,433015,0,nrmsd_norm,20,0.4459539560106526
33764.44,COL-max-Corr,10346,726,433015,0,nrmsd_norm,22,0.43866706917431486
33764.44,COL-max-Corr,10346,9123,433015,0,nrmsd_norm,24,0.4277865713414588
33764.44,COL-max-Corr,10346,726,433015,0,nrmsd_norm,26,0.41877950713323014
33764.44,COL-max-Corr,10346,8732,433015,0,nrmsd_norm,28,0.4256036781569617
33764.44,COL-max-Corr,10346,3305,433015,0,nrmsd_norm,30,0.41501611952538264
33764.44,COL-max-Corr,10346,3305,433015,0,nrmsd_norm,32,0.41503445603725375
33764.44,COL-max-Corr,10346,12542,433015,0,nrmsd_norm,34,0.420581876816388
33764.44,COL-max-Corr,10346,9149,433015,0,nrmsd_norm,36,0.4072192312392061
33764.44,COL-max-Corr,10346,9149,433015,0,nrmsd_norm,38,0.40965262957976833
33764.44,COL-max-Corr,10346,5968,433015,0,nrmsd_norm,40,0.4112250833310973
33764.44,COL-max-Corr,10346,5968,433015,0,nrmsd_norm,42,0.4050545986933024
33764.44,COL-max-Corr,10346,5968,433015,0,nrmsd_norm,44,0.40796284397240484
33764.44,COL-max-Corr,10346,5968,433015,0,nrmsd_norm,46,0.40254161410277883
33764.44,COL-max-Corr,10346,5968,433015,0,nrmsd_norm,48,0.4033315870594386
33764.44,COL-max-Corr,10346,5968,433015,0,nrmsd_norm,50,0.4025831333668101
33764.44,COL-max-Corr,10346,4337,433015,0,nrmsd_norm,55,0.40677104781137713
33764.44,COL-max-Corr,10346,1381,433015,0,nrmsd_norm,60,0.40882913015896816
33764.44,COL-max-Corr,10346,1381,433015,0,nrmsd_norm,65,0.4131996042684031
33764.44,COL-max-Corr,10346,1381,433015,0,nrmsd_norm,70,0.41446799577804977
33764.44,COL-max-Corr,10346,1381,433015,0,nrmsd_norm,75,0.4133804540220768
33764.44,COL-max-Corr,10346,1381,433015,0,nrmsd_norm,80,0.4129117051870964
33764.44,COL-max-Corr,10346,1381,433015,0,nrmsd_norm,85,0.41310001532173546
33764.44,COL-max-Corr,10346,1381,433015,0,nrmsd_norm,90,0.4076883075268981
33764.44,COL-max-Corr,10346,1381,433015,0,nrmsd_norm,95,0.40900921626813985
33764.44,COL-max-Corr,10346,1381,433015,0,nrmsd_norm,100,0.4089447635323479
33764.44,COL-max-Corr,10346,11079,858597,0,nrmsd_norm,5,0.5322030699191159
33764.44,COL-max-Corr,10346,9319,858597,0,nrmsd_norm,6,0.4718330613306095
33764.44,COL-max-Corr,10346,1671,858597,0,nrmsd_norm,7,0.45485675294066186
33764.44,COL-max-Corr,10346,1671,858597,0,nrmsd_norm,8,0.42337436668111394
33764.44,COL-max-Corr,10346,9110,858597,0,nrmsd_norm,9,0.38987367367555775
33764.44,COL-max-Corr,10346,9107,858597,0,nrmsd_norm,10,0.4138443090125809
33764.44,COL-max-Corr,10346,9108,858597,0,nrmsd_norm,11,0.39946899379449535
33764.44,COL-max-Corr,10346,9108,858597,0,nrmsd_norm,12,0.3945519408921699
33764.44,COL-max-Corr,10346,9108,858597,0,nrmsd_norm,13,0.4293260914907033
33764.44,COL-max-Corr,10346,9108,858597,0,nrmsd_norm,14,0.4276722589109049
33764.44,COL-max-Corr,10346,12312,858597,0,nrmsd_norm,15,0.4198376828751851
33764.44,COL-max-Corr,10346,12312,858597,0,nrmsd_norm,16,0.4265081767528887
33764.44,COL-max-Corr,10346,11081,858597,0,nrmsd_norm,17,0.4366071100500991
33764.44,COL-max-Corr,10346,9201,858597,0,nrmsd_norm,18,0.4244210852127627
33764.44,COL-max-Corr,10346,9201,858597,0,nrmsd_norm,19,0.44696886357158705
33764.44,COL-max-Corr,10346,9201,858597,0,nrmsd_norm,20,0.4494402835692223
33764.44,COL-max-Corr,10346,9201,858597,0,nrmsd_norm,22,0.4466548779935556
33764.44,COL-max-Corr,10346,9201,858597,0,nrmsd_norm,24,0.4344588771270379
33764.44,COL-max-Corr,10346,12391,858597,0,nrmsd_norm,26,0.4299036139736459
33764.44,COL-max-Corr,10346,10565,858597,0,nrmsd_norm,28,0.42625163976001407
33764.44,COL-max-Corr,10346,10565,858597,0,nrmsd_norm,30,0.42197852693953763
33764.44,COL-max-Corr,10346,10565,858597,0,nrmsd_norm,32,0.42145825143365256
33764.44,COL-max-Corr,10346,10565,858597,0,nrmsd_norm,34,0.416411696213837
33764.44,COL-max-Corr,10346,1396,858597,0,nrmsd_norm,36,0.4122240060230003
33764.44,COL-max-Corr,10346,9149,858597,0,nrmsd_norm,38,0.4154398520756752
33764.44,COL-max-Corr,10346,1396,858597,0,nrmsd_norm,40,0.4140929904009421
33764.44,COL-max-Corr,10346,9149,858597,0,nrmsd_norm,42,0.40889914786802417
33764.44,COL-max-Corr,10346,9149,858597,0,nrmsd_norm,44,0.41269642166196924
33764.44,COL-max-Corr,10346,10565,858597,0,nrmsd_norm,46,0.4143069148338519
33764.44,COL-max-Corr,10346,1396,858597,0,nrmsd_norm,48,0.41311667824348924
33764.44,COL-max-Corr,10346,1396,858597,0,nrmsd_norm,50,0.41101491483589636
33764.44,COL-max-Corr,10346,1396,858597,0,nrmsd_norm,55,0.41275664324960587
33764.44,COL-max-Corr,10346,1396,858597,0,nrmsd_norm,60,0.4081344427473675
33764.44,COL-max-Corr,10346,10565,858597,0,nrmsd_norm,65,0.40757620477518086
33764.44,COL-max-Corr,10346,12482,858597,0,nrmsd_norm,70,0.4086799929336352
33764.44,COL-max-Corr,10346,1396,858597,0,nrmsd_norm,75,0.4087083482363786
33764.44,COL-max-Corr,10346,1396,858597,0,nrmsd_norm,80,0.40860210064111513
33764.44,COL-max-Corr,10346,1396,858597,0,nrmsd_norm,85,0.40888256262473727
33764.44,COL-max-Corr,10346,5980,858597,0,nrmsd_norm,90,0.40613317646713865
33764.44,COL-max-Corr,10346,5980,858597,0,nrmsd_norm,95,0.4073463826014733
33764.44,COL-max-Corr,10346,1396,858597,0,nrmsd_norm,100,0.4080629815995692
33764.44,COL-max-Corr,10346,8119,85945,0,nrmsd_norm,5,0.5827933177279484
33764.44,COL-max-Corr,10346,4447,85945,0,nrmsd_norm,6,0.5086096318904866
33764.44,COL-max-Corr,10346,4447,85945,0,nrmsd_norm,7,0.5025673225064428
33764.44,COL-max-Corr,10346,5744,85945,0,nrmsd_norm,8,0.43673445636008845
33764.44,COL-max-Corr,10346,5744,85945,0,nrmsd_norm,9,0.40543611413216685
33764.44,COL-max-Corr,10346,850,85945,0,nrmsd_norm,10,0.4464807958003224
33764.44,COL-max-Corr,10346,850,85945,0,nrmsd_norm,11,0.4394524748244531
33764.44,COL-max-Corr,10346,850,85945,0,nrmsd_norm,12,0.4293016449108141
33764.44,COL-max-Corr,10346,850,85945,0,nrmsd_norm,13,0.4477299941437325
33764.44,COL-max-Corr,10346,850,85945,0,nrmsd_norm,14,0.4395627219787434
33764.44,COL-max-Corr,10346,850,85945,0,nrmsd_norm,15,0.4258423202992005
33764.44,COL-max-Corr,10346,850,85945,0,nrmsd_norm,16,0.43427980822738166
33764.44,COL-max-Corr,10346,850,85945,0,nrmsd_norm,17,0.41302112992989337
33764.44,COL-max-Corr,10346,11093,85945,0,nrmsd_norm,18,0.40204388825526854
33764.44,COL-max-Corr,10346,11093,85945,0,nrmsd_norm,19,0.4141660593238208
33764.44,COL-max-Corr,10346,11093,85945,0,nrmsd_norm,20,0.4236921288501303
33764.44,COL-max-Corr,10346,8077,85945,0,nrmsd_norm,22,0.419449040909634
33764.44,COL-max-Corr,10346,11093,85945,0,nrmsd_norm,24,0.40465478863993043
33764.44,COL-max-Corr,10346,8077,85945,0,nrmsd_norm,26,0.3938463942689577
33764.44,COL-max-Corr,10346,8077,85945,0,nrmsd_norm,28,0.40209927121882133
33764.44,COL-max-Corr,10346,7183,85945,0,nrmsd_norm,30,0.403865602209758
33764.44,COL-max-Corr,10346,6845,85945,0,nrmsd_norm,32,0.4084382623758302
33764.44,COL-max-Corr,10346,6845,85945,0,nrmsd_norm,34,0.4025215292461829
33764.44,COL-max-Corr,10346,6845,85945,0,nrmsd_norm,36,0.3963814247240689
33764.44,COL-max-Corr,10346,6845,85945,0,nrmsd_norm,38,0.399822595297256
33764.44,COL-max-Corr,10346,6845,85945,0,nrmsd_norm,40,0.40034522441746623
33764.44,COL-max-Corr,10346,6845,85945,0,nrmsd_norm,42,0.3958968523235785
33764.44,COL-max-Corr,10346,6845,85945,0,nrmsd_norm,44,0.4015564382961806
33764.44,COL-max-Corr,10346,6845,85945,0,nrmsd_norm,46,0.3960845448557191
33764.44,COL-max-Corr,10346,6845,85945,0,nrmsd_norm,48,0.3994181537133765
33764.44,COL-max-Corr,10346,6845,85945,0,nrmsd_norm,50,0.3983574261254464
33764.44,COL-max-Corr,10346,1342,85945,0,nrmsd_norm,55,0.3999803347329964
33764.44,COL-max-Corr,10346,1342,85945,0,nrmsd_norm,60,0.40036313316211436
33764.44,COL-max-Corr,10346,1342,85945,0,nrmsd_norm,65,0.3999289993175777
33764.44,COL-max-Corr,10346,6845,85945,0,nrmsd_norm,70,0.400077441859027
33764.44,COL-max-Corr,10346,1342,85945,0,nrmsd_norm,75,0.39903787504376614
33764.44,COL-max-Corr,10346,11609,85945,0,nrmsd_norm,80,0.4013028537876903
33764.44,COL-max-Corr,10346,11609,85945,0,nrmsd_norm,85,0.4010564374910143
33764.44,COL-max-Corr,10346,11609,85945,0,nrmsd_norm,90,0.3985975396821195
33764.44,COL-max-Corr,10346,1342,85945,0,nrmsd_norm,95,0.39936865907508623
33764.44,COL-max-Corr,10346,11609,85945,0,nrmsd_norm,100,0.40133552578544224
33764.44,COL-max-Corr,10346,12588,697368,0,nrmsd_norm,5,0.5396587366564637
33764.44,COL-max-Corr,10346,6528,697368,0,nrmsd_norm,6,0.4551020612253412
33764.44,COL-max-Corr,10346,6595,697368,0,nrmsd_norm,7,0.4692498064215303
33764.44,COL-max-Corr,10346,6329,697368,0,nrmsd_norm,8,0.47128593853033074
33764.44,COL-max-Corr,10346,7154,697368,0,nrmsd_norm,9,0.38125809819014184
33764.44,COL-max-Corr,10346,7154,697368,0,nrmsd_norm,10,0.3875930861695089
33764.44,COL-max-Corr,10346,5218,697368,0,nrmsd_norm,11,0.379189274233631
33764.44,COL-max-Corr,10346,5218,697368,0,nrmsd_norm,12,0.37518697323652306
33764.44,COL-max-Corr,10346,1623,697368,0,nrmsd_norm,13,0.383127131860197
33764.44,COL-max-Corr,10346,1623,697368,0,nrmsd_norm,14,0.39090145524664555
33764.44,COL-max-Corr,10346,4179,697368,0,nrmsd_norm,15,0.3820790768075262
33764.44,COL-max-Corr,10346,4179,697368,0,nrmsd_norm,16,0.3945776957541333
33764.44,COL-max-Corr,10346,4179,697368,0,nrmsd_norm,17,0.40597762800691956
33764.44,COL-max-Corr,10346,4179,697368,0,nrmsd_norm,18,0.3905002499864403
33764.44,COL-max-Corr,10346,4179,697368,0,nrmsd_norm,19,0.4155245622070596
33764.44,COL-max-Corr,10346,4179,697368,0,nrmsd_norm,20,0.41890997421061227
33764.44,COL-max-Corr,10346,9430,697368,0,nrmsd_norm,22,0.4220967391641894
33764.44,COL-max-Corr,10346,6805,697368,0,nrmsd_norm,24,0.41863167834830284
33764.44,COL-max-Corr,10346,3246,697368,0,nrmsd_norm,26,0.41168807829771603
33764.44,COL-max-Corr,10346,6805,697368,0,nrmsd_norm,28,0.4184445457297516
33764.44,COL-max-Corr,10346,1623,697368,0,nrmsd_norm,30,0.41661722942312535
33764.44,COL-max-Corr,10346,9430,697368,0,nrmsd_norm,32,0.41292418218550925
33764.44,COL-max-Corr,10346,3695,697368,0,nrmsd_norm,34,0.41370600359330645
33764.44,COL-max-Corr,10346,3695,697368,0,nrmsd_norm,36,0.41118663917136206
33764.44,COL-max-Corr,10346,3695,697368,0,nrmsd_norm,38,0.41683533540550305
33764.44,COL-max-Corr,10346,7790,697368,0,nrmsd_norm,40,0.4122528424775787
33764.44,COL-max-Corr,10346,7790,697368,0,nrmsd_norm,42,0.4056866093784775
33764.44,COL-max-Corr,10346,7790,697368,0,nrmsd_norm,44,0.41010721463419836
33764.44,COL-max-Corr,10346,7790,697368,0,nrmsd_norm,46,0.40425799571883747
33764.44,COL-max-Corr,10346,7790,697368,0,nrmsd_norm,48,0.40524562658085855
33764.44,COL-max-Corr,10346,7790,697368,0,nrmsd_norm,50,0.4057811618548346
33764.44,COL-max-Corr,10346,6085,697368,0,nrmsd_norm,55,0.40340957765684743
33764.44,COL-max-Corr,10346,6085,697368,0,nrmsd_norm,60,0.40385993866541703
33764.44,COL-max-Corr,10346,7790,697368,0,nrmsd_norm,65,0.4015145237311707
33764.44,COL-max-Corr,10346,7790,697368,0,nrmsd_norm,70,0.4010622356947054
33764.44,COL-max-Corr,10346,7790,697368,0,nrmsd_norm,75,0.4012396197431531
33764.44,COL-max-Corr,10346,7790,697368,0,nrmsd_norm,80,0.40026360252067533
33764.44,COL-max-Corr,10346,7790,697368,0,nrmsd_norm,85,0.40329226567401855
33764.44,COL-max-Corr,10346,3695,697368,0,nrmsd_norm,90,0.4047690863123859
33764.44,COL-max-Corr,10346,3695,697368,0,nrmsd_norm,95,0.40383775824212026
33764.44,COL-max-Corr,10346,3695,697368,0,nrmsd_norm,100,0.4043781646077081
33764.44,COL-max-Corr,10346,6963,201469,0,nrmsd_norm,5,0.5385775027694901
33764.44,COL-max-Corr,10346,2437,201469,0,nrmsd_norm,6,0.46672603617957237
33764.44,COL-max-Corr,10346,5396,201469,0,nrmsd_norm,7,0.48487012083063824
33764.44,COL-max-Corr,10346,9015,201469,0,nrmsd_norm,8,0.47835158702194075
33764.44,COL-max-Corr,10346,114,201469,0,nrmsd_norm,9,0.4365620063145828
33764.44,COL-max-Corr,10346,114,201469,0,nrmsd_norm,10,0.4550890530705415
33764.44,COL-max-Corr,10346,114,201469,0,nrmsd_norm,11,0.4310634099009596
33764.44,COL-max-Corr,10346,114,201469,0,nrmsd_norm,12,0.42503876221718156
33764.44,COL-max-Corr,10346,114,201469,0,nrmsd_norm,13,0.45891507559960215
33764.44,COL-max-Corr,10346,114,201469,0,nrmsd_norm,14,0.4575049626592374
33764.44,COL-max-Corr,10346,114,201469,0,nrmsd_norm,15,0.44664588991743887
33764.44,COL-max-Corr,10346,114,201469,0,nrmsd_norm,16,0.45049489093278283
33764.44,COL-max-Corr,10346,6833,201469,0,nrmsd_norm,17,0.41031099923549846
33764.44,COL-max-Corr,10346,6833,201469,0,nrmsd_norm,18,0.39599714818287723
33764.44,COL-max-Corr,10346,6833,201469,0,nrmsd_norm,19,0.41727051552092265
33764.44,COL-max-Corr,10346,6833,201469,0,nrmsd_norm,20,0.42245134697775816
33764.44,COL-max-Corr,10346,6833,201469,0,nrmsd_norm,22,0.4182938809702557
33764.44,COL-max-Corr,10346,6833,201469,0,nrmsd_norm,24,0.4114852610898241
33764.44,COL-max-Corr,10346,10346,201469,0,nrmsd_norm,26,0.4051289460621176
33764.44,COL-max-Corr,10346,10346,201469,0,nrmsd_norm,28,0.40590303698393526
33764.44,COL-max-Corr,10346,10346,201469,0,nrmsd_norm,30,0.3979963696722228
33764.44,COL-max-Corr,10346,12482,201469,0,nrmsd_norm,32,0.4032000891891722
33764.44,COL-max-Corr,10346,12482,201469,0,nrmsd_norm,34,0.3993459789268015
33764.44,COL-max-Corr,10346,12482,201469,0,nrmsd_norm,36,0.39572109369835307
33764.44,COL-max-Corr,10346,12482,201469,0,nrmsd_norm,38,0.3992703679525706
33764.44,COL-max-Corr,10346,12482,201469,0,nrmsd_norm,40,0.39832954452960634
33764.44,COL-max-Corr,10346,12482,201469,0,nrmsd_norm,42,0.3953676542668909
33764.44,COL-max-Corr,10346,12482,201469,0,nrmsd_norm,44,0.40109720485421185
33764.44,COL-max-Corr,10346,12482,201469,0,nrmsd_norm,46,0.39800615716768095
33764.44,COL-max-Corr,10346,12482,201469,0,nrmsd_norm,48,0.4001453838193896
33764.44,COL-max-Corr,10346,10346,201469,0,nrmsd_norm,50,0.3987468839188432
33764.44,COL-max-Corr,10346,12610,201469,0,nrmsd_norm,55,0.4022071610213467
33764.44,COL-max-Corr,10346,12610,201469,0,nrmsd_norm,60,0.4063604235389614
33764.44,COL-max-Corr,10346,12610,201469,0,nrmsd_norm,65,0.40675735544628794
33764.44,COL-max-Corr,10346,12610,201469,0,nrmsd_norm,70,0.40806149878958037
33764.44,COL-max-Corr,10346,10565,201469,0,nrmsd_norm,75,0.4080673328722978
33764.44,COL-max-Corr,10346,10346,201469,0,nrmsd_norm,80,0.4092992910546466
33764.44,COL-max-Corr,10346,10346,201469,0,nrmsd_norm,85,0.4069183236291656
33764.44,COL-max-Corr,10346,10346,201469,0,nrmsd_norm,90,0.4029138449558156
33764.44,COL-max-Corr,10346,10346,201469,0,nrmsd_norm,95,0.40343951793516586
33764.44,COL-max-Corr,10346,10346,201469,0,nrmsd_norm,100,0.4052280670998083
33764.44,COL-max-Corr,10346,424,94177,0,nrmsd_norm,5,0.5895482057782403
33764.44,COL-max-Corr,10346,3336,94177,0,nrmsd_norm,6,0.5150417986747802
33764.44,COL-max-Corr,10346,3336,94177,0,nrmsd_norm,7,0.5239535137232465
33764.44,COL-max-Corr,10346,11513,94177,0,nrmsd_norm,8,0.47544002273041813
33764.44,COL-max-Corr,10346,11097,94177,0,nrmsd_norm,9,0.4447316775874605
33764.44,COL-max-Corr,10346,850,94177,0,nrmsd_norm,10,0.4484835912747116
33764.44,COL-max-Corr,10346,5589,94177,0,nrmsd_norm,11,0.42501474325699873
33764.44,COL-max-Corr,10346,9015,94177,0,nrmsd_norm,12,0.4243038760404067
33764.44,COL-max-Corr,10346,9015,94177,0,nrmsd_norm,13,0.4645534478138313
33764.44,COL-max-Corr,10346,9015,94177,0,nrmsd_norm,14,0.46711410933965747
33764.44,COL-max-Corr,10346,9015,94177,0,nrmsd_norm,15,0.461899310769456
33764.44,COL-max-Corr,10346,9015,94177,0,nrmsd_norm,16,0.46921769776525646
33764.44,COL-max-Corr,10346,9015,94177,0,nrmsd_norm,17,0.42819819429275885
33764.44,COL-max-Corr,10346,12391,94177,0,nrmsd_norm,18,0.43097338146780123
33764.44,COL-max-Corr,10346,9149,94177,0,nrmsd_norm,19,0.4474844173398511
33764.44,COL-max-Corr,10346,9149,94177,0,nrmsd_norm,20,0.45331238437743876
33764.44,COL-max-Corr,10346,11081,94177,0,nrmsd_norm,22,0.45330599964297014
33764.44,COL-max-Corr,10346,10565,94177,0,nrmsd_norm,24,0.4292571328003441
33764.44,COL-max-Corr,10346,12610,94177,0,nrmsd_norm,26,0.4252622468568975
33764.44,COL-max-Corr,10346,12610,94177,0,nrmsd_norm,28,0.42688631925157333
33764.44,COL-max-Corr,10346,10565,94177,0,nrmsd_norm,30,0.4267767408182266
33764.44,COL-max-Corr,10346,10565,94177,0,nrmsd_norm,32,0.4221157162969626
33764.44,COL-max-Corr,10346,5980,94177,0,nrmsd_norm,34,0.4163769938292701
33764.44,COL-max-Corr,10346,10346,94177,0,nrmsd_norm,36,0.41599703342655586
33764.44,COL-max-Corr,10346,10346,94177,0,nrmsd_norm,38,0.41661336819566497
33764.44,COL-max-Corr,10346,10346,94177,0,nrmsd_norm,40,0.41383596775352605
33764.44,COL-max-Corr,10346,12482,94177,0,nrmsd_norm,42,0.41010151150853535
33764.44,COL-max-Corr,10346,12482,94177,0,nrmsd_norm,44,0.4153962349030546
33764.44,COL-max-Corr,10346,12482,94177,0,nrmsd_norm,46,0.4109871505668871
33764.44,COL-max-Corr,10346,12482,94177,0,nrmsd_norm,48,0.41245061342853206
33764.44,COL-max-Corr,10346,10346,94177,0,nrmsd_norm,50,0.41000058960198027
33764.44,COL-max-Corr,10346,10346,94177,0,nrmsd_norm,55,0.40159743874843074
33764.44,COL-max-Corr,10346,10346,94177,0,nrmsd_norm,60,0.40084881830283126
33764.44,COL-max-Corr,10346,10346,94177,0,nrmsd_norm,65,0.40122588016294913
33764.44,COL-max-Corr,10346,10346,94177,0,nrmsd_norm,70,0.40252527150227185
33764.44,COL-max-Corr,10346,10346,94177,0,nrmsd_norm,75,0.40334954600965645
33764.44,COL-max-Corr,10346,10346,94177,0,nrmsd_norm,80,0.4057690048213442
33764.44,COL-max-Corr,10346,1396,94177,0,nrmsd_norm,85,0.4041613771633697
33764.44,COL-max-Corr,10346,1396,94177,0,nrmsd_norm,90,0.40154630193556073
33764.44,COL-max-Corr,10346,10346,94177,0,nrmsd_norm,95,0.40247280306573974
33764.44,COL-max-Corr,10346,10346,94177,0,nrmsd_norm,100,0.40404352962469614
33764.44,ROW-mean-ED,10346,10330,89250,0,nrmsd_norm,5,0.6416778207850683
33764.44,ROW-mean-ED,10346,3556,89250,0,nrmsd_norm,6,0.5616724856291744
33764.44,ROW-mean-ED,10346,3556,89250,0,nrmsd_norm,7,0.5466632847416254
33764.44,ROW-mean-ED,10346,3556,89250,0,nrmsd_norm,8,0.49124484317454975
33764.44,ROW-mean-ED,10346,3556,89250,0,nrmsd_norm,9,0.5163282538849877
33764.44,ROW-mean-ED,10346,8757,89250,0,nrmsd_norm,10,0.5319783982456155
33764.44,ROW-mean-ED,10346,8757,89250,0,nrmsd_norm,11,0.5544107371770567
33764.44,ROW-mean-ED,10346,9793,89250,0,nrmsd_norm,12,0.4858690160168843
33764.44,ROW-mean-ED,10346,9793,89250,0,nrmsd_norm,13,0.4995165564236407
33764.44,ROW-mean-ED,10346,9793,89250,0,nrmsd_norm,14,0.491048824100496
33764.44,ROW-mean-ED,10346,9793,89250,0,nrmsd_norm,15,0.47786784223360124
33764.44,ROW-mean-ED,10346,1715,89250,0,nrmsd_norm,16,0.4898162637904523
33764.44,ROW-mean-ED,10346,1715,89250,0,nrmsd_norm,17,0.47398749672238183
33764.44,ROW-mean-ED,10346,1715,89250,0,nrmsd_norm,18,0.45173489520251675
33764.44,ROW-mean-ED,10346,1715,89250,0,nrmsd_norm,19,0.46723557967683604
33764.44,ROW-mean-ED,10346,1715,89250,0,nrmsd_norm,20,0.46278283732960523
33764.44,ROW-mean-ED,10346,9793,89250,0,nrmsd_norm,22,0.46379223246837115
33764.44,ROW-mean-ED,10346,9793,89250,0,nrmsd_norm,24,0.4567031676040883
33764.44,ROW-mean-ED,10346,1381,89250,0,nrmsd_norm,26,0.45530499718677653
33764.44,ROW-mean-ED,10346,1381,89250,0,nrmsd_norm,28,0.4381072873177944
33764.44,ROW-mean-ED,10346,1381,89250,0,nrmsd_norm,30,0.44003442334586307
33764.44,ROW-mean-ED,10346,1381,89250,0,nrmsd_norm,32,0.4655500884317334
33764.44,ROW-mean-ED,10346,1381,89250,0,nrmsd_norm,34,0.454036734512248
33764.44,ROW-mean-ED,10346,1381,89250,0,nrmsd_norm,36,0.45915175776337475
33764.44,ROW-mean-ED,10346,1381,89250,0,nrmsd_norm,38,0.45400612394704726
33764.44,ROW-mean-ED,10346,1381,89250,0,nrmsd_norm,40,0.43853504109887587
33764.44,ROW-mean-ED,10346,1381,89250,0,nrmsd_norm,42,0.44998310930244695
33764.44,ROW-mean-ED,10346,1381,89250,0,nrmsd_norm,44,0.45546644622126187
33764.44,ROW-mean-ED,10346,1381,89250,0,nrmsd_norm,46,0.44982659636096767
33764.44,ROW-mean-ED,10346,1381,89250,0,nrmsd_norm,48,0.44790249918660613
33764.44,ROW-mean-ED,10346,1381,89250,0,nrmsd_norm,50,0.4320884805016751
33764.44,ROW-mean-ED,10346,6824,89250,0,nrmsd_norm,55,0.43953815607901664
33764.44,ROW-mean-ED,10346,6824,89250,0,nrmsd_norm,60,0.44416995684455207
33764.44,ROW-mean-ED,10346,6824,89250,0,nrmsd_norm,65,0.4394092113501557
33764.44,ROW-mean-ED,10346,6827,89250,0,nrmsd_norm,70,0.44562628631763807
33764.44,ROW-mean-ED,10346,1381,89250,0,nrmsd_norm,75,0.4446925623856385
33764.44,ROW-mean-ED,10346,1381,89250,0,nrmsd_norm,80,0.4413374226285016
33764.44,ROW-mean-ED,10346,1381,89250,0,nrmsd_norm,85,0.4460791758819479
33764.44,ROW-mean-ED,10346,1381,89250,0,nrmsd_norm,90,0.4503340847373028
33764.44,ROW-mean-ED,10346,10346,89250,0,nrmsd_norm,95,0.44686875269040527
33764.44,ROW-mean-ED,10346,10346,89250,0,nrmsd_norm,100,0.44198194050988926
33764.44,ROW-mean-ED,10346,9417,773956,0,nrmsd_norm,5,0.6334652662311522
33764.44,ROW-mean-ED,10346,7183,773956,0,nrmsd_norm,6,0.5502115322635575
33764.44,ROW-mean-ED,10346,11313,773956,0,nrmsd_norm,7,0.5071319327118158
33764.44,ROW-mean-ED,10346,11606,773956,0,nrmsd_norm,8,0.45545298620767805
33764.44,ROW-mean-ED,10346,11606,773956,0,nrmsd_norm,9,0.49650998775471195
33764.44,ROW-mean-ED,10346,11313,773956,0,nrmsd_norm,10,0.4778282753913167
33764.44,ROW-mean-ED,10346,11313,773956,0,nrmsd_norm,11,0.5042260076767382
33764.44,ROW-mean-ED,10346,11313,773956,0,nrmsd_norm,12,0.4665044753557806
33764.44,ROW-mean-ED,10346,11313,773956,0,nrmsd_norm,13,0.4811519890933668
33764.44,ROW-mean-ED,10346,11313,773956,0,nrmsd_norm,14,0.4648099872688578
33764.44,ROW-mean-ED,10346,3425,773956,0,nrmsd_norm,15,0.4552856969536678
33764.44,ROW-mean-ED,10346,3425,773956,0,nrmsd_norm,16,0.47692971385035965
33764.44,ROW-mean-ED,10346,11606,773956,0,nrmsd_norm,17,0.4660114884267348
33764.44,ROW-mean-ED,10346,11606,773956,0,nrmsd_norm,18,0.43013979679779346
33764.44,ROW-mean-ED,10346,11606,773956,0,nrmsd_norm,19,0.4471886967131085
33764.44,ROW-mean-ED,10346,7183,773956,0,nrmsd_norm,20,0.44411800413551566
33764.44,ROW-mean-ED,10346,12482,773956,0,nrmsd_norm,22,0.450197000853819
33764.44,ROW-mean-ED,10346,12482,773956,0,nrmsd_norm,24,0.44589809182397894
33764.44,ROW-mean-ED,10346,7183,773956,0,nrmsd_norm,26,0.44550882520724094
33764.44,ROW-mean-ED,10346,11606,773956,0,nrmsd_norm,28,0.42074764249499286
33764.44,ROW-mean-ED,10346,11606,773956,0,nrmsd_norm,30,0.4163364284423063
33764.44,ROW-mean-ED,10346,11606,773956,0,nrmsd_norm,32,0.44231134298779995
33764.44,ROW-mean-ED,10346,11606,773956,0,nrmsd_norm,34,0.4289609961077658
33764.44,ROW-mean-ED,10346,11606,773956,0,nrmsd_norm,36,0.43679196486132515
33764.44,ROW-mean-ED,10346,11606,773956,0,nrmsd_norm,38,0.4259392418295892
33764.44,ROW-mean-ED,10346,11606,773956,0,nrmsd_norm,40,0.4154727050709932
33764.44,ROW-mean-ED,10346,12482,773956,0,nrmsd_norm,42,0.42622747293782165
33764.44,ROW-mean-ED,10346,12482,773956,0,nrmsd_norm,44,0.4311343340239607
33764.44,ROW-mean-ED,10346,12482,773956,0,nrmsd_norm,46,0.4339774721625349
33764.44,ROW-mean-ED,10346,12482,773956,0,nrmsd_norm,48,0.4335880828252214
33764.44,ROW-mean-ED,10346,12482,773956,0,nrmsd_norm,50,0.4244302980642359
33764.44,ROW-mean-ED,10346,12482,773956,0,nrmsd_norm,55,0.4302414706151993
33764.44,ROW-mean-ED,10346,12482,773956,0,nrmsd_norm,60,0.42474811662501133
33764.44,ROW-mean-ED,10346,12482,773956,0,nrmsd_norm,65,0.42141772093336494
33764.44,ROW-mean-ED,10346,12482,773956,0,nrmsd_norm,70,0.42879313852536877
33764.44,ROW-mean-ED,10346,12482,773956,0,nrmsd_norm,75,0.42711424854307667
33764.44,ROW-mean-ED,10346,12482,773956,0,nrmsd_norm,80,0.4202975164315883
33764.44,ROW-mean-ED,10346,12482,773956,0,nrmsd_norm,85,0.4280923605548387
33764.44,ROW-mean-ED,10346,12482,773956,0,nrmsd_norm,90,0.43214319014259467
33764.44,ROW-mean-ED,10346,12482,773956,0,nrmsd_norm,95,0.43311614530892495
33764.44,ROW-mean-ED,10346,1381,773956,0,nrmsd_norm,100,0.4317659814184438
33764.44,ROW-mean-ED,10346,4286,654571,0,nrmsd_norm,5,0.6372316141341205
33764.44,ROW-mean-ED,10346,12037,654571,0,nrmsd_norm,6,0.5570499619146392
33764.44,ROW-mean-ED,10346,3425,654571,0,nrmsd_norm,7,0.5066602294036148
33764.44,ROW-mean-ED,10346,3312,654571,0,nrmsd_norm,8,0.48232039362137213
33764.44,ROW-mean-ED,10346,3312,654571,0,nrmsd_norm,9,0.521530153290729
33764.44,ROW-mean-ED,10346,3526,654571,0,nrmsd_norm,10,0.5096087742731071
33764.44,ROW-mean-ED,10346,3526,654571,0,nrmsd_norm,11,0.5297570271740975
33764.44,ROW-mean-ED,10346,3425,654571,0,nrmsd_norm,12,0.4846056488015571
33764.44,ROW-mean-ED,10346,7183,654571,0,nrmsd_norm,13,0.4955722317136526
33764.44,ROW-mean-ED,10346,11606,654571,0,nrmsd_norm,14,0.4739670716242348
33764.44,ROW-mean-ED,10346,7183,654571,0,nrmsd_norm,15,0.46591575419892656
33764.44,ROW-mean-ED,10346,11606,654571,0,nrmsd_norm,16,0.4813677113083839
33764.44,ROW-mean-ED,10346,6845,654571,0,nrmsd_norm,17,0.4749767385023618
33764.44,ROW-mean-ED,10346,10346,654571,0,nrmsd_norm,18,0.4563801645423211
33764.44,ROW-mean-ED,10346,10346,654571,0,nrmsd_norm,19,0.47547020442760807
33764.44,ROW-mean-ED,10346,10346,654571,0,nrmsd_norm,20,0.46981097745009887
33764.44,ROW-mean-ED,10346,10346,654571,0,nrmsd_norm,22,0.4792055341770853
33764.44,ROW-mean-ED,10346,10346,654571,0,nrmsd_norm,24,0.476248704880508
33764.44,ROW-mean-ED,10346,10346,654571,0,nrmsd_norm,26,0.4714955478104118
33764.44,ROW-mean-ED,10346,10346,654571,0,nrmsd_norm,28,0.4531550801034937
33764.44,ROW-mean-ED,10346,10346,654571,0,nrmsd_norm,30,0.46014975924353924
33764.44,ROW-mean-ED,10346,10346,654571,0,nrmsd_norm,32,0.4819121785413207
33764.44,ROW-mean-ED,10346,6845,654571,0,nrmsd_norm,34,0.46331216463727204
33764.44,ROW-mean-ED,10346,6845,654571,0,nrmsd_norm,36,0.46961444277536
33764.44,ROW-mean-ED,10346,6845,654571,0,nrmsd_norm,38,0.4569111624208239
33764.44,ROW-mean-ED,10346,6845,654571,0,nrmsd_norm,40,0.4559858078816406
33764.44,ROW-mean-ED,10346,6845,654571,0,nrmsd_norm,42,0.46691991208727945
33764.44,ROW-mean-ED,10346,6845,654571,0,nrmsd_norm,44,0.4690309968389246
33764.44,ROW-mean-ED,10346,7183,654571,0,nrmsd_norm,46,0.47282303906677287
33764.44,ROW-mean-ED,10346,7183,654571,0,nrmsd_norm,48,0.4687723694694053
33764.44,ROW-mean-ED,10346,7183,654571,0,nrmsd_norm,50,0.46448788761340126
33764.44,ROW-mean-ED,10346,3312,654571,0,nrmsd_norm,55,0.4661201729055048
33764.44,ROW-mean-ED,10346,6845,654571,0,nrmsd_norm,60,0.45690076665201435
33764.44,ROW-mean-ED,10346,6845,654571,0,nrmsd_norm,65,0.45698571286503675
33764.44,ROW-mean-ED,10346,6845,654571,0,nrmsd_norm,70,0.4578813085705353
33764.44,ROW-mean-ED,10346,6845,654571,0,nrmsd_norm,75,0.45923303808825794
33764.44,ROW-mean-ED,10346,6845,654571,0,nrmsd_norm,80,0.445222505063706
33764.44,ROW-mean-ED,10346,6845,654571,0,nrmsd_norm,85,0.4500074798455565
33764.44,ROW-mean-ED,10346,6845,654571,0,nrmsd_norm,90,0.45142246027305677
33764.44,ROW-mean-ED,10346,1342,654571,0,nrmsd_norm,95,0.4524804466205685
33764.44,ROW-mean-ED,10346,1342,654571,0,nrmsd_norm,100,0.4472614488200679
33764.44,ROW-mean-ED,10346,4281,438878,0,nrmsd_norm,5,0.6077755648919325
33764.44,ROW-mean-ED,10346,7173,438878,0,nrmsd_norm,6,0.5226493050212756
33764.44,ROW-mean-ED,10346,2353,438878,0,nrmsd_norm,7,0.48513127742699463
33764.44,ROW-mean-ED,10346,3429,438878,0,nrmsd_norm,8,0.4704628334979047
33764.44,ROW-mean-ED,10346,3429,438878,0,nrmsd_norm,9,0.4923910974536922
33764.44,ROW-mean-ED,10346,11816,438878,0,nrmsd_norm,10,0.4891281701127366
33764.44,ROW-mean-ED,10346,1396,438878,0,nrmsd_norm,11,0.5166074853097932
33764.44,ROW-mean-ED,10346,12445,438878,0,nrmsd_norm,12,0.45210376280688297
33764.44,ROW-mean-ED,10346,12445,438878,0,nrmsd_norm,13,0.4618661736681333
33764.44,ROW-mean-ED,10346,1396,438878,0,nrmsd_norm,14,0.4521925110044371
33764.44,ROW-mean-ED,10346,1396,438878,0,nrmsd_norm,15,0.43723241772581006
33764.44,ROW-mean-ED,10346,1396,438878,0,nrmsd_norm,16,0.4591718161599782
33764.44,ROW-mean-ED,10346,1396,438878,0,nrmsd_norm,17,0.4549562241185915
33764.44,ROW-mean-ED,10346,1396,438878,0,nrmsd_norm,18,0.41975462761082183
33764.44,ROW-mean-ED,10346,1396,438878,0,nrmsd_norm,19,0.4389608417731714
33764.44,ROW-mean-ED,10346,1381,438878,0,nrmsd_norm,20,0.4368523322488247
33764.44,ROW-mean-ED,10346,1381,438878,0,nrmsd_norm,22,0.44045967954918447
33764.44,ROW-mean-ED,10346,1381,438878,0,nrmsd_norm,24,0.4445876272317881
33764.44,ROW-mean-ED,10346,12482,438878,0,nrmsd_norm,26,0.44025204179030264
33764.44,ROW-mean-ED,10346,9793,438878,0,nrmsd_norm,28,0.40824405940751146
33764.44,ROW-mean-ED,10346,9793,438878,0,nrmsd_norm,30,0.41199017980708863
33764.44,ROW-mean-ED,10346,9793,438878,0,nrmsd_norm,32,0.4371343075095942
33764.44,ROW-mean-ED,10346,12445,438878,0,nrmsd_norm,34,0.42527896576259805
33764.44,ROW-mean-ED,10346,12445,438878,0,nrmsd_norm,36,0.4321025685067622
33764.44,ROW-mean-ED,10346,1396,438878,0,nrmsd_norm,38,0.4257849811072216
33764.44,ROW-mean-ED,10346,1396,438878,0,nrmsd_norm,40,0.4180232409278546
33764.44,ROW-mean-ED,10346,1396,438878,0,nrmsd_norm,42,0.4325532398076726
33764.44,ROW-mean-ED,10346,1396,438878,0,nrmsd_norm,44,0.43596777368907347
33764.44,ROW-mean-ED,10346,1396,438878,0,nrmsd_norm,46,0.44313158912127354
33764.44,ROW-mean-ED,10346,1396,438878,0,nrmsd_norm,48,0.4476137329253078
33764.44,ROW-mean-ED,10346,1396,438878,0,nrmsd_norm,50,0.4387019400491672
33764.44,ROW-mean-ED,10346,1396,438878,0,nrmsd_norm,55,0.44291389054270247
33764.44,ROW-mean-ED,10346,1396,438878,0,nrmsd_norm,60,0.43635791919620265
33764.44,ROW-mean-ED,10346,1396,438878,0,nrmsd_norm,65,0.4354490410235702
33764.44,ROW-mean-ED,10346,1396,438878,0,nrmsd_norm,70,0.4427581688171158
33764.44,ROW-mean-ED,10346,12482,438878,0,nrmsd_norm,75,0.44383468170630525
33764.44,ROW-mean-ED,10346,12482,438878,0,nrmsd_norm,80,0.4331465508191623
33764.44,ROW-mean-ED,10346,12482,438878,0,nrmsd_norm,85,0.43870292393404875
33764.44,ROW-mean-ED,10346,12482,438878,0,nrmsd_norm,90,0.44387163026950327
33764.44,ROW-mean-ED,10346,12482,438878,0,nrmsd_norm,95,0.43451782499652486
33764.44,ROW-mean-ED,10346,12482,438878,0,nrmsd_norm,100,0.42982426216484504
33764.44,ROW-mean-ED,10346,4884,433015,0,nrmsd_norm,5,0.6419217389451088
33764.44,ROW-mean-ED,10346,6518,433015,0,nrmsd_norm,6,0.5838513611737295
33764.44,ROW-mean-ED,10346,12445,433015,0,nrmsd_norm,7,0.5290352806545435
33764.44,ROW-mean-ED,10346,12445,433015,0,nrmsd_norm,8,0.4445068907552777
33764.44,ROW-mean-ED,10346,12445,433015,0,nrmsd_norm,9,0.4864412842876395
33764.44,ROW-mean-ED,10346,12445,433015,0,nrmsd_norm,10,0.4925866910514257
33764.44,ROW-mean-ED,10346,12445,433015,0,nrmsd_norm,11,0.5232040979958982
33764.44,ROW-mean-ED,10346,12445,433015,0,nrmsd_norm,12,0.4922472683489125
33764.44,ROW-mean-ED,10346,12445,433015,0,nrmsd_norm,13,0.5060044191184339
33764.44,ROW-mean-ED,10346,12445,433015,0,nrmsd_norm,14,0.49801196508218853
33764.44,ROW-mean-ED,10346,12445,433015,0,nrmsd_norm,15,0.4793639648073096
33764.44,ROW-mean-ED,10346,10346,433015,0,nrmsd_norm,16,0.4746652177296972
33764.44,ROW-mean-ED,10346,6827,433015,0,nrmsd_norm,17,0.4645220992192791
33764.44,ROW-mean-ED,10346,6827,433015,0,nrmsd_norm,18,0.43228149244182157
33764.44,ROW-mean-ED,10346,6827,433015,0,nrmsd_norm,19,0.4518756744165222
33764.44,ROW-mean-ED,10346,10346,433015,0,nrmsd_norm,20,0.44645992558083625
33764.44,ROW-mean-ED,10346,6824,433015,0,nrmsd_norm,22,0.4569143841102196
33764.44,ROW-mean-ED,10346,6824,433015,0,nrmsd_norm,24,0.4560790025658287
33764.44,ROW-mean-ED,10346,10346,433015,0,nrmsd_norm,26,0.4555268591831219
33764.44,ROW-mean-ED,10346,10346,433015,0,nrmsd_norm,28,0.4363002814685132
33764.44,ROW-mean-ED,10346,10346,433015,0,nrmsd_norm,30,0.4341786319505563
33764.44,ROW-mean-ED,10346,10346,433015,0,nrmsd_norm,32,0.4586709740664193
33764.44,ROW-mean-ED,10346,10346,433015,0,nrmsd_norm,34,0.4444138905890332
33764.44,ROW-mean-ED,10346,10346,433015,0,nrmsd_norm,36,0.45010183888968214
33764.44,ROW-mean-ED,10346,10346,433015,0,nrmsd_norm,38,0.44652468241896953
33764.44,ROW-mean-ED,10346,10346,433015,0,nrmsd_norm,40,0.42558374955652173
33764.44,ROW-mean-ED,10346,10346,433015,0,nrmsd_norm,42,0.43721399334808664
33764.44,ROW-mean-ED,10346,10346,433015,0,nrmsd_norm,44,0.44133805486953404
33764.44,ROW-mean-ED,10346,1381,433015,0,nrmsd_norm,46,0.4370485060194855
33764.44,ROW-mean-ED,10346,1381,433015,0,nrmsd_norm,48,0.4381157991794967
33764.44,ROW-mean-ED,10346,1381,433015,0,nrmsd_norm,50,0.42824396064738157
33764.44,ROW-mean-ED,10346,1381,433015,0,nrmsd_norm,55,0.43543005973251814
33764.44,ROW-mean-ED,10346,1381,433015,0,nrmsd_norm,60,0.429003322910645
33764.44,ROW-mean-ED,10346,1381,433015,0,nrmsd_norm,65,0.4269381576840075
33764.44,ROW-mean-ED,10346,1381,433015,0,nrmsd_norm,70,0.4286622032674471
33764.44,ROW-mean-ED,10346,1396,433015,0,nrmsd_norm,75,0.4270856520107336
33764.44,ROW-mean-ED,10346,1396,433015,0,nrmsd_norm,80,0.4188478444324468
33764.44,ROW-mean-ED,10346,1381,433015,0,nrmsd_norm,85,0.4264632758955924
33764.44,ROW-mean-ED,10346,1396,433015,0,nrmsd_norm,90,0.4274619058640437
33764.44,ROW-mean-ED,10346,12482,433015,0,nrmsd_norm,95,0.42607551139812516
33764.44,ROW-mean-ED,10346,12482,433015,0,nrmsd_norm,100,0.423436794863479
33764.44,ROW-mean-ED,10346,10170,858597,0,nrmsd_norm,5,0.6380101949359439
33764.44,ROW-mean-ED,10346,9900,858597,0,nrmsd_norm,6,0.5788234858728646
33764.44,ROW-mean-ED,10346,1715,858597,0,nrmsd_norm,7,0.5534810123829171
33764.44,ROW-mean-ED,10346,12429,858597,0,nrmsd_norm,8,0.544656324196661
33764.44,ROW-mean-ED,10346,12429,858597,0,nrmsd_norm,9,0.5718717862076214
33764.44,ROW-mean-ED,10346,12429,858597,0,nrmsd_norm,10,0.5597197275321985
33764.44,ROW-mean-ED,10346,12429,858597,0,nrmsd_norm,11,0.5771618405637434
33764.44,ROW-mean-ED,10346,2144,858597,0,nrmsd_norm,12,0.5031889500612453
33764.44,ROW-mean-ED,10346,2144,858597,0,nrmsd_norm,13,0.5193960237165213
33764.44,ROW-mean-ED,10346,2144,858597,0,nrmsd_norm,14,0.5116887738964017
33764.44,ROW-mean-ED,10346,6824,858597,0,nrmsd_norm,15,0.49603429813450856
33764.44,ROW-mean-ED,10346,6824,858597,0,nrmsd_norm,16,0.502132618772687
33764.44,ROW-mean-ED,10346,6824,858597,0,nrmsd_norm,17,0.4868696100610066
33764.44,ROW-mean-ED,10346,6824,858597,0,nrmsd_norm,18,0.4519351538382846
33764.44,ROW-mean-ED,10346,6824,858597,0,nrmsd_norm,19,0.47032324019831967
33764.44,ROW-mean-ED,10346,6824,858597,0,nrmsd_norm,20,0.46366739506086235
33764.44,ROW-mean-ED,10346,6824,858597,0,nrmsd_norm,22,0.4678487599367575
33764.44,ROW-mean-ED,10346,6824,858597,0,nrmsd_norm,24,0.4827283235133966
33764.44,ROW-mean-ED,10346,1381,858597,0,nrmsd_norm,26,0.47418612117351955
33764.44,ROW-mean-ED,10346,6824,858597,0,nrmsd_norm,28,0.4534758402412024
33764.44,ROW-mean-ED,10346,6678,858597,0,nrmsd_norm,30,0.4656106482312714
33764.44,ROW-mean-ED,10346,6678,858597,0,nrmsd_norm,32,0.48622823717762964
33764.44,ROW-mean-ED,10346,6678,858597,0,nrmsd_norm,34,0.47198710680066386
33764.44,ROW-mean-ED,10346,6824,858597,0,nrmsd_norm,36,0.47795242966376117
33764.44,ROW-mean-ED,10346,6824,858597,0,nrmsd_norm,38,0.46720999039525646
33764.44,ROW-mean-ED,10346,6824,858597,0,nrmsd_norm,40,0.4500350471287075
33764.44,ROW-mean-ED,10346,6824,858597,0,nrmsd_norm,42,0.4622065577264645
33764.44,ROW-mean-ED,10346,6824,858597,0,nrmsd_norm,44,0.4658008434362042
33764.44,ROW-mean-ED,10346,6824,858597,0,nrmsd_norm,46,0.46687735512472767
33764.44,ROW-mean-ED,10346,6824,858597,0,nrmsd_norm,48,0.4692954678303727
33764.44,ROW-mean-ED,10346,6824,858597,0,nrmsd_norm,50,0.45530647981475025
33764.44,ROW-mean-ED,10346,6824,858597,0,nrmsd_norm,55,0.4567247697384681
33764.44,ROW-mean-ED,10346,6824,858597,0,nrmsd_norm,60,0.45464783173576
33764.44,ROW-mean-ED,10346,6824,858597,0,nrmsd_norm,65,0.4419223747820812
33764.44,ROW-mean-ED,10346,6824,858597,0,nrmsd_norm,70,0.4478157099895166
33764.44,ROW-mean-ED,10346,6824,858597,0,nrmsd_norm,75,0.4537569514759682
33764.44,ROW-mean-ED,10346,6824,858597,0,nrmsd_norm,80,0.44018605810312517
33764.44,ROW-mean-ED,10346,6824,858597,0,nrmsd_norm,85,0.44571924109856487
33764.44,ROW-mean-ED,10346,6824,858597,0,nrmsd_norm,90,0.4492470246969137
33764.44,ROW-mean-ED,10346,1381,858597,0,nrmsd_norm,95,0.44417980301773863
33764.44,ROW-mean-ED,10346,1381,858597,0,nrmsd_norm,100,0.44438745941374214
33764.44,ROW-mean-ED,10346,10985,85945,0,nrmsd_norm,5,0.6224250367967569
33764.44,ROW-mean-ED,10346,10374,85945,0,nrmsd_norm,6,0.5824297080015258
33764.44,ROW-mean-ED,10346,12009,85945,0,nrmsd_norm,7,0.5287029857188159
33764.44,ROW-mean-ED,10346,10346,85945,0,nrmsd_norm,8,0.5006215490600243
33764.44,ROW-mean-ED,10346,10346,85945,0,nrmsd_norm,9,0.5524946576843782
33764.44,ROW-mean-ED,10346,10346,85945,0,nrmsd_norm,10,0.5662749936574472
33764.44,ROW-mean-ED,10346,10346,85945,0,nrmsd_norm,11,0.5830014895179801
33764.44,ROW-mean-ED,10346,1396,85945,0,nrmsd_norm,12,0.5605928414833119
33764.44,ROW-mean-ED,10346,10346,85945,0,nrmsd_norm,13,0.5593957355845548
33764.44,ROW-mean-ED,10346,10346,85945,0,nrmsd_norm,14,0.5228143566056025
33764.44,ROW-mean-ED,10346,12482,85945,0,nrmsd_norm,15,0.49958501029244057
33764.44,ROW-mean-ED,10346,10346,85945,0,nrmsd_norm,16,0.4877390312892723
33764.44,ROW-mean-ED,10346,12482,85945,0,nrmsd_norm,17,0.45115765900255006
33764.44,ROW-mean-ED,10346,12482,85945,0,nrmsd_norm,18,0.4161903596527512
33764.44,ROW-mean-ED,10346,12482,85945,0,nrmsd_norm,19,0.4394296327231567
33764.44,ROW-mean-ED,10346,11606,85945,0,nrmsd_norm,20,0.4371375058281414
33764.44,ROW-mean-ED,10346,12482,85945,0,nrmsd_norm,22,0.44415136518231735
33764.44,ROW-mean-ED,10346,12482,85945,0,nrmsd_norm,24,0.4470411554191659
33764.44,ROW-mean-ED,10346,11606,85945,0,nrmsd_norm,26,0.4371632907167096
33764.44,ROW-mean-ED,10346,7183,85945,0,nrmsd_norm,28,0.42060774867596157
33764.44,ROW-mean-ED,10346,6845,85945,0,nrmsd_norm,30,0.4341388780880279
33764.44,ROW-mean-ED,10346,6845,85945,0,nrmsd_norm,32,0.4538856338471346
33764.44,ROW-mean-ED,10346,6845,85945,0,nrmsd_norm,34,0.4395594832902339
33764.44,ROW-mean-ED,10346,6845,85945,0,nrmsd_norm,36,0.44848176125389305
33764.44,ROW-mean-ED,10346,6845,85945,0,nrmsd_norm,38,0.4448300484768512
33764.44,ROW-mean-ED,10346,1342,85945,0,nrmsd_norm,40,0.4380358162939362
33764.44,ROW-mean-ED,10346,1342,85945,0,nrmsd_norm,42,0.45230347621130135
33764.44,ROW-mean-ED,10346,1342,85945,0,nrmsd_norm,44,0.4576723761691023
33764.44,ROW-mean-ED,10346,1342,85945,0,nrmsd_norm,46,0.45902866095787004
33764.44,ROW-mean-ED,10346,1342,85945,0,nrmsd_norm,48,0.4580963934756503
33764.44,ROW-mean-ED,10346,573,85945,0,nrmsd_norm,50,0.4423987524336313
33764.44,ROW-mean-ED,10346,573,85945,0,nrmsd_norm,55,0.44434760491257863
33764.44,ROW-mean-ED,10346,6845,85945,0,nrmsd_norm,60,0.442014717635636
33764.44,ROW-mean-ED,10346,10346,85945,0,nrmsd_norm,65,0.437435619253925
33764.44,ROW-mean-ED,10346,1342,85945,0,nrmsd_norm,70,0.4491910212494548
33764.44,ROW-mean-ED,10346,10346,85945,0,nrmsd_norm,75,0.4455432760983133
33764.44,ROW-mean-ED,10346,1342,85945,0,nrmsd_norm,80,0.43811805170926055
33764.44,ROW-mean-ED,10346,1342,85945,0,nrmsd_norm,85,0.44271324298292997
33764.44,ROW-mean-ED,10346,10346,85945,0,nrmsd_norm,90,0.4458164468795584
33764.44,ROW-mean-ED,10346,10346,85945,0,nrmsd_norm,95,0.43921834418765776
33764.44,ROW-mean-ED,10346,10346,85945,0,nrmsd_norm,100,0.43721044869153897
33764.44,ROW-mean-ED,10346,3893,697368,0,nrmsd_norm,5,0.6450593583113172
33764.44,ROW-mean-ED,10346,9900,697368,0,nrmsd_norm,6,0.5677706615142932
33764.44,ROW-mean-ED,10346,12378,697368,0,nrmsd_norm,7,0.4929826598423465
33764.44,ROW-mean-ED,10346,7775,697368,0,nrmsd_norm,8,0.48140501435810035
33764.44,ROW-mean-ED,10346,7775,697368,0,nrmsd_norm,9,0.5199189638608677
33764.44,ROW-mean-ED,10346,10346,697368,0,nrmsd_norm,10,0.5195949054396924
33764.44,ROW-mean-ED,10346,10346,697368,0,nrmsd_norm,11,0.5396697116043582
33764.44,ROW-mean-ED,10346,10346,697368,0,nrmsd_norm,12,0.4892874052714786
33764.44,ROW-mean-ED,10346,10346,697368,0,nrmsd_norm,13,0.49656053258675587
33764.44,ROW-mean-ED,10346,10346,697368,0,nrmsd_norm,14,0.4863913657101646
33764.44,ROW-mean-ED,10346,10346,697368,0,nrmsd_norm,15,0.4792520721166022
33764.44,ROW-mean-ED,10346,10346,697368,0,nrmsd_norm,16,0.4975995090397695
33764.44,ROW-mean-ED,10346,10346,697368,0,nrmsd_norm,17,0.47493179671043906
33764.44,ROW-mean-ED,10346,10346,697368,0,nrmsd_norm,18,0.44802743763436065
33764.44,ROW-mean-ED,10346,10346,697368,0,nrmsd_norm,19,0.46699596968027973
33764.44,ROW-mean-ED,10346,1381,697368,0,nrmsd_norm,20,0.4614064255950579
33764.44,ROW-mean-ED,10346,1381,697368,0,nrmsd_norm,22,0.4659599727937626
33764.44,ROW-mean-ED,10346,1381,697368,0,nrmsd_norm,24,0.4570723543970081
33764.44,ROW-mean-ED,10346,1381,697368,0,nrmsd_norm,26,0.4449179905915268
33764.44,ROW-mean-ED,10346,6845,697368,0,nrmsd_norm,28,0.42790139982856873
33764.44,ROW-mean-ED,10346,6845,697368,0,nrmsd_norm,30,0.43285760179094473
33764.44,ROW-mean-ED,10346,6845,697368,0,nrmsd_norm,32,0.45816049815750154
33764.44,ROW-mean-ED,10346,10346,697368,0,nrmsd_norm,34,0.44464069104275894
33764.44,ROW-mean-ED,10346,10346,697368,0,nrmsd_norm,36,0.45004740100363644
33764.44,ROW-mean-ED,10346,6845,697368,0,nrmsd_norm,38,0.4383469184066555
33764.44,ROW-mean-ED,10346,12482,697368,0,nrmsd_norm,40,0.41010280810734967
33764.44,ROW-mean-ED,10346,12482,697368,0,nrmsd_norm,42,0.42514008684528704
33764.44,ROW-mean-ED,10346,6845,697368,0,nrmsd_norm,44,0.43024083408582997
33764.44,ROW-mean-ED,10346,6845,697368,0,nrmsd_norm,46,0.43330918247785044
33764.44,ROW-mean-ED,10346,6845,697368,0,nrmsd_norm,48,0.43386008629112177
33764.44,ROW-mean-ED,10346,6845,697368,0,nrmsd_norm,50,0.4267082484440654
33764.44,ROW-mean-ED,10346,6845,697368,0,nrmsd_norm,55,0.43404878271335573
33764.44,ROW-mean-ED,10346,6845,697368,0,nrmsd_norm,60,0.43351966570688705
33764.44,ROW-mean-ED,10346,6845,697368,0,nrmsd_norm,65,0.43105715240356857
33764.44,ROW-mean-ED,10346,6845,697368,0,nrmsd_norm,70,0.43724594052134025
33764.44,ROW-mean-ED,10346,6845,697368,0,nrmsd_norm,75,0.43668386409392795
33764.44,ROW-mean-ED,10346,6845,697368,0,nrmsd_norm,80,0.4325677659931057
33764.44,ROW-mean-ED,10346,6845,697368,0,nrmsd_norm,85,0.4404741816853931
33764.44,ROW-mean-ED,10346,6845,697368,0,nrmsd_norm,90,0.444036489774255
33764.44,ROW-mean-ED,10346,6845,697368,0,nrmsd_norm,95,0.44251164095619394
33764.44,ROW-mean-ED,10346,6845,697368,0,nrmsd_norm,100,0.43937204450153156
33764.44,ROW-mean-ED,10346,4133,201469,0,nrmsd_norm,5,0.6358922261796355
33764.44,ROW-mean-ED,10346,1715,201469,0,nrmsd_norm,6,0.5495932307577758
33764.44,ROW-mean-ED,10346,2353,201469,0,nrmsd_norm,7,0.5215111084623261
33764.44,ROW-mean-ED,10346,7887,201469,0,nrmsd_norm,8,0.5041056472559743
33764.44,ROW-mean-ED,10346,7887,201469,0,nrmsd_norm,9,0.5303963246732312
33764.44,ROW-mean-ED,10346,10568,201469,0,nrmsd_norm,10,0.521601141874083
33764.44,ROW-mean-ED,10346,1381,201469,0,nrmsd_norm,11,0.5409101570101167
33764.44,ROW-mean-ED,10346,6827,201469,0,nrmsd_norm,12,0.5003523010647906
33764.44,ROW-mean-ED,10346,6827,201469,0,nrmsd_norm,13,0.5300648749691285
33764.44,ROW-mean-ED,10346,6827,201469,0,nrmsd_norm,14,0.5299637286187435
33764.44,ROW-mean-ED,10346,6827,201469,0,nrmsd_norm,15,0.5177103719795177
33764.44,ROW-mean-ED,10346,10346,201469,0,nrmsd_norm,16,0.5326996767410421
33764.44,ROW-mean-ED,10346,11609,201469,0,nrmsd_norm,17,0.5252002485485032
33764.44,ROW-mean-ED,10346,6085,201469,0,nrmsd_norm,18,0.503968156754921
33764.44,ROW-mean-ED,10346,6085,201469,0,nrmsd_norm,19,0.5171431492840213
33764.44,ROW-mean-ED,10346,6085,201469,0,nrmsd_norm,20,0.5089416535080008
33764.44,ROW-mean-ED,10346,8711,201469,0,nrmsd_norm,22,0.5258745817515584
33764.44,ROW-mean-ED,10346,6085,201469,0,nrmsd_norm,24,0.5083420521274077
33764.44,ROW-mean-ED,10346,11609,201469,0,nrmsd_norm,26,0.4884117484501697
33764.44,ROW-mean-ED,10346,11609,201469,0,nrmsd_norm,28,0.4720102521462793
33764.44,ROW-mean-ED,10346,11609,201469,0,nrmsd_norm,30,0.47054215920574083
33764.44,ROW-mean-ED,10346,11609,201469,0,nrmsd_norm,32,0.4944792433723126
33764.44,ROW-mean-ED,10346,10346,201469,0,nrmsd_norm,34,0.48078015036226746
33764.44,ROW-mean-ED,10346,10346,201469,0,nrmsd_norm,36,0.48371844631139715
33764.44,ROW-mean-ED,10346,10346,201469,0,nrmsd_norm,38,0.47861156665652793
33764.44,ROW-mean-ED,10346,10346,201469,0,nrmsd_norm,40,0.4485376136273513
33764.44,ROW-mean-ED,10346,10346,201469,0,nrmsd_norm,42,0.4644211215506528
33764.44,ROW-mean-ED,10346,10346,201469,0,nrmsd_norm,44,0.4659041670963105
33764.44,ROW-mean-ED,10346,10346,201469,0,nrmsd_norm,46,0.46033477519718435
33764.44,ROW-mean-ED,10346,10346,201469,0,nrmsd_norm,48,0.4625954710654319
33764.44,ROW-mean-ED,10346,10346,201469,0,nrmsd_norm,50,0.4514760649902932
33764.44,ROW-mean-ED,10346,10346,201469,0,nrmsd_norm,55,0.4538932715446102
33764.44,ROW-mean-ED,10346,10346,201469,0,nrmsd_norm,60,0.45333065106706916
33764.44,ROW-mean-ED,10346,10346,201469,0,nrmsd_norm,65,0.45413732859204897
33764.44,ROW-mean-ED,10346,10346,201469,0,nrmsd_norm,70,0.453011253834908
33764.44,ROW-mean-ED,10346,10346,201469,0,nrmsd_norm,75,0.45352580984357066
33764.44,ROW-mean-ED,10346,10346,201469,0,nrmsd_norm,80,0.44173669368523893
33764.44,ROW-mean-ED,10346,10346,201469,0,nrmsd_norm,85,0.44984009959565346
33764.44,ROW-mean-ED,10346,10346,201469,0,nrmsd_norm,90,0.4556126385505167
33764.44,ROW-mean-ED,10346,6827,201469,0,nrmsd_norm,95,0.4512453088193169
33764.44,ROW-mean-ED,10346,6827,201469,0,nrmsd_norm,100,0.45023214502050873
33764.44,ROW-mean-ED,10346,3949,94177,0,nrmsd_norm,5,0.622263385679205
33764.44,ROW-mean-ED,10346,1396,94177,0,nrmsd_norm,6,0.5455136064487417
33764.44,ROW-mean-ED,10346,12482,94177,0,nrmsd_norm,7,0.481149929480308
33764.44,ROW-mean-ED,10346,12482,94177,0,nrmsd_norm,8,0.44425498004229313
33764.44,ROW-mean-ED,10346,12482,94177,0,nrmsd_norm,9,0.5007392334530181
33764.44,ROW-mean-ED,10346,12482,94177,0,nrmsd_norm,10,0.49948915001168803
33764.44,ROW-mean-ED,10346,12482,94177,0,nrmsd_norm,11,0.526012665844042
33764.44,ROW-mean-ED,10346,6845,94177,0,nrmsd_norm,12,0.5073738292235088
33764.44,ROW-mean-ED,10346,6845,94177,0,nrmsd_norm,13,0.5124167601900098
33764.44,ROW-mean-ED,10346,6845,94177,0,nrmsd_norm,14,0.48674795413157496
33764.44,ROW-mean-ED,10346,6845,94177,0,nrmsd_norm,15,0.46625607066011276
33764.44,ROW-mean-ED,10346,6845,94177,0,nrmsd_norm,16,0.4800594012286647
33764.44,ROW-mean-ED,10346,6845,94177,0,nrmsd_norm,17,0.4629775156291436
33764.44,ROW-mean-ED,10346,6845,94177,0,nrmsd_norm,18,0.4421718998478581
33764.44,ROW-mean-ED,10346,6845,94177,0,nrmsd_norm,19,0.46200938347032755
33764.44,ROW-mean-ED,10346,6845,94177,0,nrmsd_norm,20,0.4579791692177144
33764.44,ROW-mean-ED,10346,6845,94177,0,nrmsd_norm,22,0.46869804300324086
33764.44,ROW-mean-ED,10346,6845,94177,0,nrmsd_norm,24,0.472273667838198
33764.44,ROW-mean-ED,10346,6845,94177,0,nrmsd_norm,26,0.47132607085967393
33764.44,ROW-mean-ED,10346,10346,94177,0,nrmsd_norm,28,0.45089340242035136
33764.44,ROW-mean-ED,10346,6845,94177,0,nrmsd_norm,30,0.45180502591048183
33764.44,ROW-mean-ED,10346,6845,94177,0,nrmsd_norm,32,0.4749130558493546
33764.44,ROW-mean-ED,10346,6845,94177,0,nrmsd_norm,34,0.45870485150942236
33764.44,ROW-mean-ED,10346,7183,94177,0,nrmsd_norm,36,0.46502828837150323
33764.44,ROW-mean-ED,10346,7183,94177,0,nrmsd_norm,38,0.4584560828038724
33764.44,ROW-mean-ED,10346,3312,94177,0,nrmsd_norm,40,0.4597168368645224
33764.44,ROW-mean-ED,10346,3526,94177,0,nrmsd_norm,42,0.47702677066355553
33764.44,ROW-mean-ED,10346,3526,94177,0,nrmsd_norm,44,0.47799027886646456
33764.44,ROW-mean-ED,10346,3526,94177,0,nrmsd_norm,46,0.47578267701017996
33764.44,ROW-mean-ED,10346,3526,94177,0,nrmsd_norm,48,0.4760562406380302
33764.44,ROW-mean-ED,10346,10346,94177,0,nrmsd_norm,50,0.4628712100804757
33764.44,ROW-mean-ED,10346,6845,94177,0,nrmsd_norm,55,0.4663670864209598
33764.44,ROW-mean-ED,10346,10346,94177,0,nrmsd_norm,60,0.4616172597601293
33764.44,ROW-mean-ED,10346,12482,94177,0,nrmsd_norm,65,0.4497847230478857
33764.44,ROW-mean-ED,10346,12482,94177,0,nrmsd_norm,70,0.4511131772664061
33764.44,ROW-mean-ED,10346,12482,94177,0,nrmsd_norm,75,0.4535749645047159
33764.44,ROW-mean-ED,10346,12482,94177,0,nrmsd_norm,80,0.4445360914545422
33764.44,ROW-mean-ED,10346,10346,94177,0,nrmsd_norm,85,0.4524702681015842
33764.44,ROW-mean-ED,10346,10346,94177,0,nrmsd_norm,90,0.4545596934763611
33764.44,ROW-mean-ED,10346,12482,94177,0,nrmsd_norm,95,0.4495215083857791
33764.44,ROW-mean-ED,10346,10346,94177,0,nrmsd_norm,100,0.44800024251782666
33764.44,ROW-min-ED(FPS),10346,10707,89250,0,nrmsd_norm,5,0.6468671744893437
33764.44,ROW-min-ED(FPS),10346,3955,89250,0,nrmsd_norm,6,0.5819637436375801
33764.44,ROW-min-ED(FPS),10346,10925,89250,0,nrmsd_norm,7,0.460925294769959
33764.44,ROW-min-ED(FPS),10346,12429,89250,0,nrmsd_norm,8,0.43225597251681463
33764.44,ROW-min-ED(FPS),10346,2353,89250,0,nrmsd_norm,9,0.4786408385800744
33764.44,ROW-min-ED(FPS),10346,2353,89250,0,nrmsd_norm,10,0.4480092678006643
33764.44,ROW-min-ED(FPS),10346,2353,89250,0,nrmsd_norm,11,0.45346186993685406
33764.44,ROW-min-ED(FPS),10346,2353,89250,0,nrmsd_norm,12,0.45513942143519776
33764.44,ROW-min-ED(FPS),10346,10925,89250,0,nrmsd_norm,13,0.43803656739930713
33764.44,ROW-min-ED(FPS),10346,11673,89250,0,nrmsd_norm,14,0.4353849787118974
33764.44,ROW-min-ED(FPS),10346,11673,89250,0,nrmsd_norm,15,0.40262866503551104
33764.44,ROW-min-ED(FPS),10346,11673,89250,0,nrmsd_norm,16,0.38506315353976756
33764.44,ROW-min-ED(FPS),10346,11673,89250,0,nrmsd_norm,17,0.3795360350109115
33764.44,ROW-min-ED(FPS),10346,12482,89250,0,nrmsd_norm,18,0.3761212994651897
33764.44,ROW-min-ED(FPS),10346,10346,89250,0,nrmsd_norm,19,0.37296202480760465
33764.44,ROW-min-ED(FPS),10346,1381,89250,0,nrmsd_norm,20,0.3660626255757713
33764.44,ROW-min-ED(FPS),10346,3526,89250,0,nrmsd_norm,22,0.3778676034983088
33764.44,ROW-min-ED(FPS),10346,3526,89250,0,nrmsd_norm,24,0.38578659999495635
33764.44,ROW-min-ED(FPS),10346,3526,89250,0,nrmsd_norm,26,0.3806701765503074
33764.44,ROW-min-ED(FPS),10346,12037,89250,0,nrmsd_norm,28,0.3722053127015243
33764.44,ROW-min-ED(FPS),10346,11210,89250,0,nrmsd_norm,30,0.36357014401492255
33764.44,ROW-min-ED(FPS),10346,11210,89250,0,nrmsd_norm,32,0.35889953924723916
33764.44,ROW-min-ED(FPS),10346,11210,89250,0,nrmsd_norm,34,0.34884290398582446
33764.44,ROW-min-ED(FPS),10346,11210,89250,0,nrmsd_norm,36,0.3689806054251721
33764.44,ROW-min-ED(FPS),10346,11210,89250,0,nrmsd_norm,38,0.3647152710107803
33764.44,ROW-min-ED(FPS),10346,3526,89250,0,nrmsd_norm,40,0.3591654418156649
33764.44,ROW-min-ED(FPS),10346,3526,89250,0,nrmsd_norm,42,0.36162257768509076
33764.44,ROW-min-ED(FPS),10346,3526,89250,0,nrmsd_norm,44,0.35810973183799155
33764.44,ROW-min-ED(FPS),10346,3312,89250,0,nrmsd_norm,46,0.3458324247887539
33764.44,ROW-min-ED(FPS),10346,3312,89250,0,nrmsd_norm,48,0.3470695425972511
33764.44,ROW-min-ED(FPS),10346,573,89250,0,nrmsd_norm,50,0.3452461023416774
33764.44,ROW-min-ED(FPS),10346,3312,89250,0,nrmsd_norm,55,0.33576473281852554
33764.44,ROW-min-ED(FPS),10346,573,89250,0,nrmsd_norm,60,0.33880563051321105
33764.44,ROW-min-ED(FPS),10346,1342,89250,0,nrmsd_norm,65,0.33656926553359284
33764.44,ROW-min-ED(FPS),10346,1342,89250,0,nrmsd_norm,70,0.337091171399915
33764.44,ROW-min-ED(FPS),10346,1342,89250,0,nrmsd_norm,75,0.3312793590703275
33764.44,ROW-min-ED(FPS),10346,10346,89250,0,nrmsd_norm,80,0.32171685430136515
33764.44,ROW-min-ED(FPS),10346,6845,89250,0,nrmsd_norm,85,0.3174634368612974
33764.44,ROW-min-ED(FPS),10346,10346,89250,0,nrmsd_norm,90,0.31504708049438135
33764.44,ROW-min-ED(FPS),10346,10346,89250,0,nrmsd_norm,95,0.3221509600264524
33764.44,ROW-min-ED(FPS),10346,10346,89250,0,nrmsd_norm,100,0.3200477252090168
33764.44,ROW-min-ED(FPS),10346,9352,773956,0,nrmsd_norm,5,0.6259448579945162
33764.44,ROW-min-ED(FPS),10346,6405,773956,0,nrmsd_norm,6,0.5579602717323747
33764.44,ROW-min-ED(FPS),10346,6405,773956,0,nrmsd_norm,7,0.4597204294144297
33764.44,ROW-min-ED(FPS),10346,12482,773956,0,nrmsd_norm,8,0.4421167636127378
33764.44,ROW-min-ED(FPS),10346,12482,773956,0,nrmsd_norm,9,0.42203829519290526
33764.44,ROW-min-ED(FPS),10346,12482,773956,0,nrmsd_norm,10,0.3939535080815741
33764.44,ROW-min-ED(FPS),10346,12482,773956,0,nrmsd_norm,11,0.4016284049234025
33764.44,ROW-min-ED(FPS),10346,12482,773956,0,nrmsd_norm,12,0.40349449853440633
33764.44,ROW-min-ED(FPS),10346,12482,773956,0,nrmsd_norm,13,0.3829369293058282
33764.44,ROW-min-ED(FPS),10346,12482,773956,0,nrmsd_norm,14,0.37532472358353436
33764.44,ROW-min-ED(FPS),10346,6845,773956,0,nrmsd_norm,15,0.3604713798472201
33764.44,ROW-min-ED(FPS),10346,3312,773956,0,nrmsd_norm,16,0.3446691959191486
33764.44,ROW-min-ED(FPS),10346,7183,773956,0,nrmsd_norm,17,0.3386700586414189
33764.44,ROW-min-ED(FPS),10346,7183,773956,0,nrmsd_norm,18,0.33564349443247093
33764.44,ROW-min-ED(FPS),10346,7183,773956,0,nrmsd_norm,19,0.3409195985591976
33764.44,ROW-min-ED(FPS),10346,3312,773956,0,nrmsd_norm,20,0.3338197407179215
33764.44,ROW-min-ED(FPS),10346,11210,773956,0,nrmsd_norm,22,0.3387260201189698
33764.44,ROW-min-ED(FPS),10346,3312,773956,0,nrmsd_norm,24,0.3549790702769344
33764.44,ROW-min-ED(FPS),10346,3312,773956,0,nrmsd_norm,26,0.36333876758859013
33764.44,ROW-min-ED(FPS),10346,11210,773956,0,nrmsd_norm,28,0.35337826081625495
33764.44,ROW-min-ED(FPS),10346,3312,773956,0,nrmsd_norm,30,0.3441358774806673
33764.44,ROW-min-ED(FPS),10346,11210,773956,0,nrmsd_norm,32,0.34619353429707045
33764.44,ROW-min-ED(FPS),10346,3312,773956,0,nrmsd_norm,34,0.3321614173323187
33764.44,ROW-min-ED(FPS),10346,3312,773956,0,nrmsd_norm,36,0.34941069315528084
33764.44,ROW-min-ED(FPS),10346,11210,773956,0,nrmsd_norm,38,0.34422925626810463
33764.44,ROW-min-ED(FPS),10346,3312,773956,0,nrmsd_norm,40,0.337064815615528
33764.44,ROW-min-ED(FPS),10346,3312,773956,0,nrmsd_norm,42,0.3393784137419512
33764.44,ROW-min-ED(FPS),10346,3312,773956,0,nrmsd_norm,44,0.33313334401203554
33764.44,ROW-min-ED(FPS),10346,3312,773956,0,nrmsd_norm,46,0.3239676216964924
33764.44,ROW-min-ED(FPS),10346,7183,773956,0,nrmsd_norm,48,0.32584628695384166
33764.44,ROW-min-ED(FPS),10346,7183,773956,0,nrmsd_norm,50,0.32474964364553505
33764.44,ROW-min-ED(FPS),10346,7183,773956,0,nrmsd_norm,55,0.32248396968129306
33764.44,ROW-min-ED(FPS),10346,7183,773956,0,nrmsd_norm,60,0.3311305695850663
33764.44,ROW-min-ED(FPS),10346,6845,773956,0,nrmsd_norm,65,0.3312978871976071
33764.44,ROW-min-ED(FPS),10346,6845,773956,0,nrmsd_norm,70,0.3325815404655266
33764.44,ROW-min-ED(FPS),10346,6845,773956,0,nrmsd_norm,75,0.327679332229168
33764.44,ROW-min-ED(FPS),10346,6845,773956,0,nrmsd_norm,80,0.3202197529417431
33764.44,ROW-min-ED(FPS),10346,6845,773956,0,nrmsd_norm,85,0.31283268914453255
33764.44,ROW-min-ED(FPS),10346,6845,773956,0,nrmsd_norm,90,0.3133398905778851
33764.44,ROW-min-ED(FPS),10346,6845,773956,0,nrmsd_norm,95,0.32097998895328494
33764.44,ROW-min-ED(FPS),10346,6845,773956,0,nrmsd_norm,100,0.318314633123173
33764.44,ROW-min-ED(FPS),10346,3962,654571,0,nrmsd_norm,5,0.6442881609984072
33764.44,ROW-min-ED(FPS),10346,11124,654571,0,nrmsd_norm,6,0.5711349782754671
33764.44,ROW-min-ED(FPS),10346,5885,654571,0,nrmsd_norm,7,0.47645433732797965
33764.44,ROW-min-ED(FPS),10346,5885,654571,0,nrmsd_norm,8,0.4506669725978532
33764.44,ROW-min-ED(FPS),10346,5885,654571,0,nrmsd_norm,9,0.44982752446666185
33764.44,ROW-min-ED(FPS),10346,11673,654571,0,nrmsd_norm,10,0.41179125881803974
33764.44,ROW-min-ED(FPS),10346,11673,654571,0,nrmsd_norm,11,0.4211609189813746
33764.44,ROW-min-ED(FPS),10346,11673,654571,0,nrmsd_norm,12,0.4200126237866345
33764.44,ROW-min-ED(FPS),10346,11673,654571,0,nrmsd_norm,13,0.3886144284116002
33764.44,ROW-min-ED(FPS),10346,2401,654571,0,nrmsd_norm,14,0.3862158433119321
33764.44,ROW-min-ED(FPS),10346,11673,654571,0,nrmsd_norm,15,0.35859712866266097
33764.44,ROW-min-ED(FPS),10346,1396,654571,0,nrmsd_norm,16,0.3511069334894193
33764.44,ROW-min-ED(FPS),10346,1396,654571,0,nrmsd_norm,17,0.34387045856979803
33764.44,ROW-min-ED(FPS),10346,1396,654571,0,nrmsd_norm,18,0.3406687914464002
33764.44,ROW-min-ED(FPS),10346,1396,654571,0,nrmsd_norm,19,0.3365199799632408
33764.44,ROW-min-ED(FPS),10346,1396,654571,0,nrmsd_norm,20,0.33142896954363843
33764.44,ROW-min-ED(FPS),10346,12482,654571,0,nrmsd_norm,22,0.3470466327003835
33764.44,ROW-min-ED(FPS),10346,11313,654571,0,nrmsd_norm,24,0.361914216334624
33764.44,ROW-min-ED(FPS),10346,3425,654571,0,nrmsd_norm,26,0.36505238768527776
33764.44,ROW-min-ED(FPS),10346,11606,654571,0,nrmsd_norm,28,0.36209925685493916
33764.44,ROW-min-ED(FPS),10346,12482,654571,0,nrmsd_norm,30,0.35108572052180315
33764.44,ROW-min-ED(FPS),10346,12482,654571,0,nrmsd_norm,32,0.3534812153621154
33764.44,ROW-min-ED(FPS),10346,12482,654571,0,nrmsd_norm,34,0.338740246613427
33764.44,ROW-min-ED(FPS),10346,12482,654571,0,nrmsd_norm,36,0.3585214291303322
33764.44,ROW-min-ED(FPS),10346,12482,654571,0,nrmsd_norm,38,0.3552462539125424
33764.44,ROW-min-ED(FPS),10346,7183,654571,0,nrmsd_norm,40,0.34956074319110564
33764.44,ROW-min-ED(FPS),10346,7183,654571,0,nrmsd_norm,42,0.3512309364422665
33764.44,ROW-min-ED(FPS),10346,7183,654571,0,nrmsd_norm,44,0.3481978601718616
33764.44,ROW-min-ED(FPS),10346,7183,654571,0,nrmsd_norm,46,0.341334671606536
33764.44,ROW-min-ED(FPS),10346,7183,654571,0,nrmsd_norm,48,0.34209659798217174
33764.44,ROW-min-ED(FPS),10346,7183,654571,0,nrmsd_norm,50,0.3410095358770566
33764.44,ROW-min-ED(FPS),10346,7183,654571,0,nrmsd_norm,55,0.32809792801848014
33764.44,ROW-min-ED(FPS),10346,6845,654571,0,nrmsd_norm,60,0.336620477583696
33764.44,ROW-min-ED(FPS),10346,12482,654571,0,nrmsd_norm,65,0.3360573348668881
33764.44,ROW-min-ED(FPS),10346,12482,654571,0,nrmsd_norm,70,0.33731514120623574
33764.44,ROW-min-ED(FPS),10346,12482,654571,0,nrmsd_norm,75,0.3306211161714595
33764.44,ROW-min-ED(FPS),10346,12482,654571,0,nrmsd_norm,80,0.32302370625063187
33764.44,ROW-min-ED(FPS),10346,12482,654571,0,nrmsd_norm,85,0.3162850447154743
33764.44,ROW-min-ED(FPS),10346,10346,654571,0,nrmsd_norm,90,0.3142196927069358
33764.44,ROW-min-ED(FPS),10346,10346,654571,0,nrmsd_norm,95,0.32181634719040714
33764.44,ROW-min-ED(FPS),10346,10346,654571,0,nrmsd_norm,100,0.3193298077323181
33764.44,ROW-min-ED(FPS),10346,1739,438878,0,nrmsd_norm,5,0.641553321334944
33764.44,ROW-min-ED(FPS),10346,6616,438878,0,nrmsd_norm,6,0.5552588949191439
33764.44,ROW-min-ED(FPS),10346,6616,438878,0,nrmsd_norm,7,0.4606753309099087
33764.44,ROW-min-ED(FPS),10346,6824,438878,0,nrmsd_norm,8,0.44590282017781874
33764.44,ROW-min-ED(FPS),10346,8077,438878,0,nrmsd_norm,9,0.4670878931800861
33764.44,ROW-min-ED(FPS),10346,2278,438878,0,nrmsd_norm,10,0.4523453735620799
33764.44,ROW-min-ED(FPS),10346,3425,438878,0,nrmsd_norm,11,0.45879997853492727
33764.44,ROW-min-ED(FPS),10346,3425,438878,0,nrmsd_norm,12,0.45924758574943486
33764.44,ROW-min-ED(FPS),10346,3526,438878,0,nrmsd_norm,13,0.442969913033944
33764.44,ROW-min-ED(FPS),10346,11606,438878,0,nrmsd_norm,14,0.43792803079396697
33764.44,ROW-min-ED(FPS),10346,11606,438878,0,nrmsd_norm,15,0.40115861843574696
33764.44,ROW-min-ED(FPS),10346,11606,438878,0,nrmsd_norm,16,0.37914478246975686
33764.44,ROW-min-ED(FPS),10346,7183,438878,0,nrmsd_norm,17,0.3740017469941615
33764.44,ROW-min-ED(FPS),10346,6845,438878,0,nrmsd_norm,18,0.37189903604585023
33764.44,ROW-min-ED(FPS),10346,3312,438878,0,nrmsd_norm,19,0.36700781292270584
33764.44,ROW-min-ED(FPS),10346,6845,438878,0,nrmsd_norm,20,0.35944215490031733
33764.44,ROW-min-ED(FPS),10346,3312,438878,0,nrmsd_norm,22,0.356847219627218
33764.44,ROW-min-ED(FPS),10346,7183,438878,0,nrmsd_norm,24,0.36998319303001026
33764.44,ROW-min-ED(FPS),10346,7183,438878,0,nrmsd_norm,26,0.37458315789931257
33764.44,ROW-min-ED(FPS),10346,3312,438878,0,nrmsd_norm,28,0.3659450999335651
33764.44,ROW-min-ED(FPS),10346,3312,438878,0,nrmsd_norm,30,0.355868234455235
33764.44,ROW-min-ED(FPS),10346,3312,438878,0,nrmsd_norm,32,0.35092212703118153
33764.44,ROW-min-ED(FPS),10346,6845,438878,0,nrmsd_norm,34,0.3328827811062791
33764.44,ROW-min-ED(FPS),10346,3312,438878,0,nrmsd_norm,36,0.35215896974316546
33764.44,ROW-min-ED(FPS),10346,6845,438878,0,nrmsd_norm,38,0.3463577457955412
33764.44,ROW-min-ED(FPS),10346,6845,438878,0,nrmsd_norm,40,0.3425322760433585
33764.44,ROW-min-ED(FPS),10346,6845,438878,0,nrmsd_norm,42,0.34671511133233585
33764.44,ROW-min-ED(FPS),10346,10346,438878,0,nrmsd_norm,44,0.3508274617550539
33764.44,ROW-min-ED(FPS),10346,6845,438878,0,nrmsd_norm,46,0.3400672394117858
33764.44,ROW-min-ED(FPS),10346,6845,438878,0,nrmsd_norm,48,0.34078498281191566
33764.44,ROW-min-ED(FPS),10346,6845,438878,0,nrmsd_norm,50,0.3397815198492155
33764.44,ROW-min-ED(FPS),10346,6845,438878,0,nrmsd_norm,55,0.3316146283309257
33764.44,ROW-min-ED(FPS),10346,6845,438878,0,nrmsd_norm,60,0.3423961168796408
33764.44,ROW-min-ED(FPS),10346,6845,438878,0,nrmsd_norm,65,0.34459632138928553
33764.44,ROW-min-ED(FPS),10346,6845,438878,0,nrmsd_norm,70,0.34456328960238297
33764.44,ROW-min-ED(FPS),10346,6845,438878,0,nrmsd_norm,75,0.33754399922655437
33764.44,ROW-min-ED(FPS),10346,6845,438878,0,nrmsd_norm,80,0.32778167320592844
33764.44,ROW-min-ED(FPS),10346,6845,438878,0,nrmsd_norm,85,0.32040022787282946
33764.44,ROW-min-ED(FPS),10346,6845,438878,0,nrmsd_norm,90,0.3218284433257751
33764.44,ROW-min-ED(FPS),10346,10346,438878,0,nrmsd_norm,95,0.3269509724294329
33764.44,ROW-min-ED(FPS),10346,6845,438878,0,nrmsd_norm,100,0.32522283545350555
33764.44,ROW-min-ED(FPS),10346,5663,433015,0,nrmsd_norm,5,0.6566063758162567
33764.44,ROW-min-ED(FPS),10346,6824,433015,0,nrmsd_norm,6,0.5532437949027372
33764.44,ROW-min-ED(FPS),10346,6824,433015,0,nrmsd_norm,7,0.47892945560162853
33764.44,ROW-min-ED(FPS),10346,6824,433015,0,nrmsd_norm,8,0.464047844051803
33764.44,ROW-min-ED(FPS),10346,6827,433015,0,nrmsd_norm,9,0.4541658886283154
33764.44,ROW-min-ED(FPS),10346,1381,433015,0,nrmsd_norm,10,0.41710031869410674
33764.44,ROW-min-ED(FPS),10346,1381,433015,0,nrmsd_norm,11,0.429082062984717
33764.44,ROW-min-ED(FPS),10346,1381,433015,0,nrmsd_norm,12,0.43614104778807294
33764.44,ROW-min-ED(FPS),10346,6824,433015,0,nrmsd_norm,13,0.4060245594246043
33764.44,ROW-min-ED(FPS),10346,6824,433015,0,nrmsd_norm,14,0.39776326627537156
33764.44,ROW-min-ED(FPS),10346,6824,433015,0,nrmsd_norm,15,0.3686464405330686
33764.44,ROW-min-ED(FPS),10346,10346,433015,0,nrmsd_norm,16,0.3516117030469333
33764.44,ROW-min-ED(FPS),10346,1396,433015,0,nrmsd_norm,17,0.3455453407394303
33764.44,ROW-min-ED(FPS),10346,1396,433015,0,nrmsd_norm,18,0.34174218942715645
33764.44,ROW-min-ED(FPS),10346,1381,433015,0,nrmsd_norm,19,0.33568115441124086
33764.44,ROW-min-ED(FPS),10346,1396,433015,0,nrmsd_norm,20,0.3283196896213647
33764.44,ROW-min-ED(FPS),10346,12482,433015,0,nrmsd_norm,22,0.3392866758032588
33764.44,ROW-min-ED(FPS),10346,10346,433015,0,nrmsd_norm,24,0.34861542303950743
33764.44,ROW-min-ED(FPS),10346,10346,433015,0,nrmsd_norm,26,0.3608503449735618
33764.44,ROW-min-ED(FPS),10346,1381,433015,0,nrmsd_norm,28,0.3563499709051689
33764.44,ROW-min-ED(FPS),10346,10346,433015,0,nrmsd_norm,30,0.34987058686417155
33764.44,ROW-min-ED(FPS),10346,12482,433015,0,nrmsd_norm,32,0.34902765990410983
33764.44,ROW-min-ED(FPS),10346,10346,433015,0,nrmsd_norm,34,0.3333416543495338
33764.44,ROW-min-ED(FPS),10346,10346,433015,0,nrmsd_norm,36,0.3448126191129043
33764.44,ROW-min-ED(FPS),10346,1381,433015,0,nrmsd_norm,38,0.3322184842195081
33764.44,ROW-min-ED(FPS),10346,1381,433015,0,nrmsd_norm,40,0.3264313590987928
33764.44,ROW-min-ED(FPS),10346,1381,433015,0,nrmsd_norm,42,0.32928415988125564
33764.44,ROW-min-ED(FPS),10346,1381,433015,0,nrmsd_norm,44,0.3239775969646454
33764.44,ROW-min-ED(FPS),10346,10346,433015,0,nrmsd_norm,46,0.31610271274436635
33764.44,ROW-min-ED(FPS),10346,10346,433015,0,nrmsd_norm,48,0.31848041856766396
33764.44,ROW-min-ED(FPS),10346,10346,433015,0,nrmsd_norm,50,0.31656320362893037
33764.44,ROW-min-ED(FPS),10346,10346,433015,0,nrmsd_norm,55,0.31632622977255304
33764.44,ROW-min-ED(FPS),10346,10346,433015,0,nrmsd_norm,60,0.32414527766581497
33764.44,ROW-min-ED(FPS),10346,10346,433015,0,nrmsd_norm,65,0.32755236562885753
33764.44,ROW-min-ED(FPS),10346,10346,433015,0,nrmsd_norm,70,0.328984581103331
33764.44,ROW-min-ED(FPS),10346,12482,433015,0,nrmsd_norm,75,0.3273213594298819
33764.44,ROW-min-ED(FPS),10346,10346,433015,0,nrmsd_norm,80,0.3186326217595583
33764.44,ROW-min-ED(FPS),10346,10346,433015,0,nrmsd_norm,85,0.3108134952885992
33764.44,ROW-min-ED(FPS),10346,10346,433015,0,nrmsd_norm,90,0.31030729481224395
33764.44,ROW-min-ED(FPS),10346,10346,433015,0,nrmsd_norm,95,0.3175679508488944
33764.44,ROW-min-ED(FPS),10346,10346,433015,0,nrmsd_norm,100,0.31749842565447595
33764.44,ROW-min-ED(FPS),10346,6576,858597,0,nrmsd_norm,5,0.6633618602817852
33764.44,ROW-min-ED(FPS),10346,7173,858597,0,nrmsd_norm,6,0.557820711400626
33764.44,ROW-min-ED(FPS),10346,6805,858597,0,nrmsd_norm,7,0.48504093788074343
33764.44,ROW-min-ED(FPS),10346,1887,858597,0,nrmsd_norm,8,0.4651845211197249
33764.44,ROW-min-ED(FPS),10346,8466,858597,0,nrmsd_norm,9,0.4545828304973784
33764.44,ROW-min-ED(FPS),10346,9186,858597,0,nrmsd_norm,10,0.4217034960631876
33764.44,ROW-min-ED(FPS),10346,9186,858597,0,nrmsd_norm,11,0.4310227773490707
33764.44,ROW-min-ED(FPS),10346,9186,858597,0,nrmsd_norm,12,0.4329708255002076
33764.44,ROW-min-ED(FPS),10346,1342,858597,0,nrmsd_norm,13,0.4092373876167194
33764.44,ROW-min-ED(FPS),10346,10346,858597,0,nrmsd_norm,14,0.4029762359619334
33764.44,ROW-min-ED(FPS),10346,10346,858597,0,nrmsd_norm,15,0.3681339081750892
33764.44,ROW-min-ED(FPS),10346,10346,858597,0,nrmsd_norm,16,0.35414811436550686
33764.44,ROW-min-ED(FPS),10346,10346,858597,0,nrmsd_norm,17,0.3462598289238472
33764.44,ROW-min-ED(FPS),10346,10346,858597,0,nrmsd_norm,18,0.34509316460166417
33764.44,ROW-min-ED(FPS),10346,6827,858597,0,nrmsd_norm,19,0.34154995720065723
33764.44,ROW-min-ED(FPS),10346,6827,858597,0,nrmsd_norm,20,0.3363938037777428
33764.44,ROW-min-ED(FPS),10346,1381,858597,0,nrmsd_norm,22,0.32976703253982514
33764.44,ROW-min-ED(FPS),10346,1381,858597,0,nrmsd_norm,24,0.3477600942127476
33764.44,ROW-min-ED(FPS),10346,1381,858597,0,nrmsd_norm,26,0.35591409378793654
33764.44,ROW-min-ED(FPS),10346,1381,858597,0,nrmsd_norm,28,0.3503328760746244
33764.44,ROW-min-ED(FPS),10346,1381,858597,0,nrmsd_norm,30,0.3406213681347582
33764.44,ROW-min-ED(FPS),10346,1381,858597,0,nrmsd_norm,32,0.34468370357270306
33764.44,ROW-min-ED(FPS),10346,1381,858597,0,nrmsd_norm,34,0.33593481973278266
33764.44,ROW-min-ED(FPS),10346,1381,858597,0,nrmsd_norm,36,0.34773004128396756
33764.44,ROW-min-ED(FPS),10346,1381,858597,0,nrmsd_norm,38,0.3365387171995195
33764.44,ROW-min-ED(FPS),10346,1381,858597,0,nrmsd_norm,40,0.3292445775386709
33764.44,ROW-min-ED(FPS),10346,1381,858597,0,nrmsd_norm,42,0.3352850076774134
33764.44,ROW-min-ED(FPS),10346,6827,858597,0,nrmsd_norm,44,0.33052431731029935
33764.44,ROW-min-ED(FPS),10346,10346,858597,0,nrmsd_norm,46,0.32106932000338323
33764.44,ROW-min-ED(FPS),10346,10346,858597,0,nrmsd_norm,48,0.32227204775167784
33764.44,ROW-min-ED(FPS),10346,10346,858597,0,nrmsd_norm,50,0.32086608308194864
33764.44,ROW-min-ED(FPS),10346,10346,858597,0,nrmsd_norm,55,0.3183686188502774
33764.44,ROW-min-ED(FPS),10346,10346,858597,0,nrmsd_norm,60,0.33871945948760696
33764.44,ROW-min-ED(FPS),10346,10346,858597,0,nrmsd_norm,65,0.33829745758452723
33764.44,ROW-min-ED(FPS),10346,10346,858597,0,nrmsd_norm,70,0.3377848492866833
33764.44,ROW-min-ED(FPS),10346,10346,858597,0,nrmsd_norm,75,0.32709168449620685
33764.44,ROW-min-ED(FPS),10346,10346,858597,0,nrmsd_norm,80,0.3213282155422502
33764.44,ROW-min-ED(FPS),10346,10346,858597,0,nrmsd_norm,85,0.31357527285962744
33764.44,ROW-min-ED(FPS),10346,10346,858597,0,nrmsd_norm,90,0.3145118633417496
33764.44,ROW-min-ED(FPS),10346,6827,858597,0,nrmsd_norm,95,0.3213795662541873
33764.44,ROW-min-ED(FPS),10346,6827,858597,0,nrmsd_norm,100,0.31969562306360355
33764.44,ROW-min-ED(FPS),10346,11031,85945,0,nrmsd_norm,5,0.6447644820338134
33764.44,ROW-min-ED(FPS),10346,3984,85945,0,nrmsd_norm,6,0.5712184861542566
33764.44,ROW-min-ED(FPS),10346,11313,85945,0,nrmsd_norm,7,0.46519452211257195
33764.44,ROW-min-ED(FPS),10346,11313,85945,0,nrmsd_norm,8,0.4447163273844494
33764.44,ROW-min-ED(FPS),10346,11313,85945,0,nrmsd_norm,9,0.43856654872308637
33764.44,ROW-min-ED(FPS),10346,3425,85945,0,nrmsd_norm,10,0.40793711643863
33764.44,ROW-min-ED(FPS),10346,3425,85945,0,nrmsd_norm,11,0.418758783598539
33764.44,ROW-min-ED(FPS),10346,3425,85945,0,nrmsd_norm,12,0.4217378039619832
33764.44,ROW-min-ED(FPS),10346,7183,85945,0,nrmsd_norm,13,0.3954953256303759
33764.44,ROW-min-ED(FPS),10346,12037,85945,0,nrmsd_norm,14,0.3908533025300204
33764.44,ROW-min-ED(FPS),10346,11210,85945,0,nrmsd_norm,15,0.3698746443674129
33764.44,ROW-min-ED(FPS),10346,1342,85945,0,nrmsd_norm,16,0.3615270655091529
33764.44,ROW-min-ED(FPS),10346,1342,85945,0,nrmsd_norm,17,0.35436462837823324
33764.44,ROW-min-ED(FPS),10346,1342,85945,0,nrmsd_norm,18,0.3509671405686465
33764.44,ROW-min-ED(FPS),10346,1342,85945,0,nrmsd_norm,19,0.3468505302218172
33764.44,ROW-min-ED(FPS),10346,11609,85945,0,nrmsd_norm,20,0.3407294132182803
33764.44,ROW-min-ED(FPS),10346,1342,85945,0,nrmsd_norm,22,0.345635059142365
33764.44,ROW-min-ED(FPS),10346,1342,85945,0,nrmsd_norm,24,0.35260005511141806
33764.44,ROW-min-ED(FPS),10346,11609,85945,0,nrmsd_norm,26,0.36655477618605464
33764.44,ROW-min-ED(FPS),10346,11609,85945,0,nrmsd_norm,28,0.3610628348999233
33764.44,ROW-min-ED(FPS),10346,11609,85945,0,nrmsd_norm,30,0.351647611377234
33764.44,ROW-min-ED(FPS),10346,11609,85945,0,nrmsd_norm,32,0.35239753141064345
33764.44,ROW-min-ED(FPS),10346,11609,85945,0,nrmsd_norm,34,0.34080326669588373
33764.44,ROW-min-ED(FPS),10346,11609,85945,0,nrmsd_norm,36,0.3505031816376816
33764.44,ROW-min-ED(FPS),10346,11609,85945,0,nrmsd_norm,38,0.34390062818401007
33764.44,ROW-min-ED(FPS),10346,11609,85945,0,nrmsd_norm,40,0.3360199554133146
33764.44,ROW-min-ED(FPS),10346,11609,85945,0,nrmsd_norm,42,0.33964826197262266
33764.44,ROW-min-ED(FPS),10346,11609,85945,0,nrmsd_norm,44,0.33625681048705686
33764.44,ROW-min-ED(FPS),10346,1342,85945,0,nrmsd_norm,46,0.3280445262454332
33764.44,ROW-min-ED(FPS),10346,6085,85945,0,nrmsd_norm,48,0.3308488023056169
33764.44,ROW-min-ED(FPS),10346,11609,85945,0,nrmsd_norm,50,0.3318217204408529
33764.44,ROW-min-ED(FPS),10346,11609,85945,0,nrmsd_norm,55,0.32708953535612934
33764.44,ROW-min-ED(FPS),10346,11609,85945,0,nrmsd_norm,60,0.3346194448759626
33764.44,ROW-min-ED(FPS),10346,11609,85945,0,nrmsd_norm,65,0.332311548634074
33764.44,ROW-min-ED(FPS),10346,11609,85945,0,nrmsd_norm,70,0.332499929618716
33764.44,ROW-min-ED(FPS),10346,11609,85945,0,nrmsd_norm,75,0.32952982647256546
33764.44,ROW-min-ED(FPS),10346,6827,85945,0,nrmsd_norm,80,0.32045880416830963
33764.44,ROW-min-ED(FPS),10346,11609,85945,0,nrmsd_norm,85,0.31281319346731257
33764.44,ROW-min-ED(FPS),10346,11609,85945,0,nrmsd_norm,90,0.31111357151737756
33764.44,ROW-min-ED(FPS),10346,11609,85945,0,nrmsd_norm,95,0.3185883017093987
33764.44,ROW-min-ED(FPS),10346,1342,85945,0,nrmsd_norm,100,0.31800355199656866
33764.44,ROW-min-ED(FPS),10346,5235,697368,0,nrmsd_norm,5,0.6282794792153266
33764.44,ROW-min-ED(FPS),10346,9262,697368,0,nrmsd_norm,6,0.529363049600339
33764.44,ROW-min-ED(FPS),10346,900,697368,0,nrmsd_norm,7,0.4508901274269522
33764.44,ROW-min-ED(FPS),10346,1800,697368,0,nrmsd_norm,8,0.4237266398724743
33764.44,ROW-min-ED(FPS),10346,6815,697368,0,nrmsd_norm,9,0.47417725317694714
33764.44,ROW-min-ED(FPS),10346,2885,697368,0,nrmsd_norm,10,0.45282326983012283
33764.44,ROW-min-ED(FPS),10346,2885,697368,0,nrmsd_norm,11,0.45768338751740767
33764.44,ROW-min-ED(FPS),10346,2885,697368,0,nrmsd_norm,12,0.46255590459863094
33764.44,ROW-min-ED(FPS),10346,6822,697368,0,nrmsd_norm,13,0.44374593079533614
33764.44,ROW-min-ED(FPS),10346,866,697368,0,nrmsd_norm,14,0.44274684825206023
33764.44,ROW-min-ED(FPS),10346,866,697368,0,nrmsd_norm,15,0.3913405010388552
33764.44,ROW-min-ED(FPS),10346,9793,697368,0,nrmsd_norm,16,0.3733578255372571
33764.44,ROW-min-ED(FPS),10346,1381,697368,0,nrmsd_norm,17,0.3676333545783331
33764.44,ROW-min-ED(FPS),10346,1381,697368,0,nrmsd_norm,18,0.3641073750312804
33764.44,ROW-min-ED(FPS),10346,1381,697368,0,nrmsd_norm,19,0.356613129903476
33764.44,ROW-min-ED(FPS),10346,1381,697368,0,nrmsd_norm,20,0.349779628729007
33764.44,ROW-min-ED(FPS),10346,1381,697368,0,nrmsd_norm,22,0.3527964977169847
33764.44,ROW-min-ED(FPS),10346,1381,697368,0,nrmsd_norm,24,0.35900702969731774
33764.44,ROW-min-ED(FPS),10346,1381,697368,0,nrmsd_norm,26,0.3619017655004221
33764.44,ROW-min-ED(FPS),10346,10346,697368,0,nrmsd_norm,28,0.35523088839913164
33764.44,ROW-min-ED(FPS),10346,10346,697368,0,nrmsd_norm,30,0.34564107791406573
33764.44,ROW-min-ED(FPS),10346,10346,697368,0,nrmsd_norm,32,0.3452693702209437
33764.44,ROW-min-ED(FPS),10346,10346,697368,0,nrmsd_norm,34,0.3367621753867119
33764.44,ROW-min-ED(FPS),10346,10346,697368,0,nrmsd_norm,36,0.35548481787702596
33764.44,ROW-min-ED(FPS),10346,10346,697368,0,nrmsd_norm,38,0.35127910648372324
33764.44,ROW-min-ED(FPS),10346,10346,697368,0,nrmsd_norm,40,0.34484840163270336
33764.44,ROW-min-ED(FPS),10346,10346,697368,0,nrmsd_norm,42,0.34675118673144956
33764.44,ROW-min-ED(FPS),10346,10346,697368,0,nrmsd_norm,44,0.3390100004883217
33764.44,ROW-min-ED(FPS),10346,6845,697368,0,nrmsd_norm,46,0.3292295965389295
33764.44,ROW-min-ED(FPS),10346,6845,697368,0,nrmsd_norm,48,0.3308166235289342
33764.44,ROW-min-ED(FPS),10346,6845,697368,0,nrmsd_norm,50,0.3289443626683908
33764.44,ROW-min-ED(FPS),10346,6845,697368,0,nrmsd_norm,55,0.3262808423818051
33764.44,ROW-min-ED(FPS),10346,6845,697368,0,nrmsd_norm,60,0.3309787706556831
33764.44,ROW-min-ED(FPS),10346,6845,697368,0,nrmsd_norm,65,0.329235457108601
33764.44,ROW-min-ED(FPS),10346,1342,697368,0,nrmsd_norm,70,0.3302708353753084
33764.44,ROW-min-ED(FPS),10346,1342,697368,0,nrmsd_norm,75,0.323515565863888
33764.44,ROW-min-ED(FPS),10346,1342,697368,0,nrmsd_norm,80,0.31779608399746423
33764.44,ROW-min-ED(FPS),10346,1342,697368,0,nrmsd_norm,85,0.31231266800011354
33764.44,ROW-min-ED(FPS),10346,1342,697368,0,nrmsd_norm,90,0.31227449487128306
33764.44,ROW-min-ED(FPS),10346,1342,697368,0,nrmsd_norm,95,0.31809958582485576
33764.44,ROW-min-ED(FPS),10346,1342,697368,0,nrmsd_norm,100,0.3150501346961067
33764.44,ROW-min-ED(FPS),10346,2548,201469,0,nrmsd_norm,5,0.6360476028270006
33764.44,ROW-min-ED(FPS),10346,11989,201469,0,nrmsd_norm,6,0.5437704687852974
33764.44,ROW-min-ED(FPS),10346,11989,201469,0,nrmsd_norm,7,0.4623866459234153
33764.44,ROW-min-ED(FPS),10346,12445,201469,0,nrmsd_norm,8,0.4548022202954894
33764.44,ROW-min-ED(FPS),10346,12445,201469,0,nrmsd_norm,9,0.46949591542050567
33764.44,ROW-min-ED(FPS),10346,12445,201469,0,nrmsd_norm,10,0.43283620346801055
33764.44,ROW-min-ED(FPS),10346,12445,201469,0,nrmsd_norm,11,0.43885912516098163
33764.44,ROW-min-ED(FPS),10346,12445,201469,0,nrmsd_norm,12,0.44201281604444903
33764.44,ROW-min-ED(FPS),10346,12445,201469,0,nrmsd_norm,13,0.4287566947981521
33764.44,ROW-min-ED(FPS),10346,12445,201469,0,nrmsd_norm,14,0.4234277336990485
33764.44,ROW-min-ED(FPS),10346,1396,201469,0,nrmsd_norm,15,0.393021892802256
33764.44,ROW-min-ED(FPS),10346,11606,201469,0,nrmsd_norm,16,0.37366181894051986
33764.44,ROW-min-ED(FPS),10346,11606,201469,0,nrmsd_norm,17,0.3678897862373319
33764.44,ROW-min-ED(FPS),10346,3429,201469,0,nrmsd_norm,18,0.3655928095281749
33764.44,ROW-min-ED(FPS),10346,3429,201469,0,nrmsd_norm,19,0.36010351587191897
33764.44,ROW-min-ED(FPS),10346,3429,201469,0,nrmsd_norm,20,0.3539455512049403
33764.44,ROW-min-ED(FPS),10346,11606,201469,0,nrmsd_norm,22,0.35822991859301884
33764.44,ROW-min-ED(FPS),10346,11606,201469,0,nrmsd_norm,24,0.3702963579093059
33764.44,ROW-min-ED(FPS),10346,11606,201469,0,nrmsd_norm,26,0.3714765429667673
33764.44,ROW-min-ED(FPS),10346,3429,201469,0,nrmsd_norm,28,0.36510353419140484
33764.44,ROW-min-ED(FPS),10346,11606,201469,0,nrmsd_norm,30,0.3570517143877736
33764.44,ROW-min-ED(FPS),10346,11606,201469,0,nrmsd_norm,32,0.3583211691360027
33764.44,ROW-min-ED(FPS),10346,3429,201469,0,nrmsd_norm,34,0.34989274133571097
33764.44,ROW-min-ED(FPS),10346,1396,201469,0,nrmsd_norm,36,0.36376631256801034
33764.44,ROW-min-ED(FPS),10346,1396,201469,0,nrmsd_norm,38,0.357167091283716
33764.44,ROW-min-ED(FPS),10346,1396,201469,0,nrmsd_norm,40,0.3540521898105713
33764.44,ROW-min-ED(FPS),10346,1396,201469,0,nrmsd_norm,42,0.3565208358994728
33764.44,ROW-min-ED(FPS),10346,1396,201469,0,nrmsd_norm,44,0.35230189043676924
33764.44,ROW-min-ED(FPS),10346,12482,201469,0,nrmsd_norm,46,0.3439834833059261
33764.44,ROW-min-ED(FPS),10346,12482,201469,0,nrmsd_norm,48,0.34516120846336196
33764.44,ROW-min-ED(FPS),10346,12482,201469,0,nrmsd_norm,50,0.3435677139904647
33764.44,ROW-min-ED(FPS),10346,12482,201469,0,nrmsd_norm,55,0.3375044418978312
33764.44,ROW-min-ED(FPS),10346,11606,201469,0,nrmsd_norm,60,0.3548124203562328
33764.44,ROW-min-ED(FPS),10346,11606,201469,0,nrmsd_norm,65,0.3573423963133623
33764.44,ROW-min-ED(FPS),10346,3425,201469,0,nrmsd_norm,70,0.357902562663582
33764.44,ROW-min-ED(FPS),10346,3425,201469,0,nrmsd_norm,75,0.3484673885533886
33764.44,ROW-min-ED(FPS),10346,3526,201469,0,nrmsd_norm,80,0.34243724670820574
33764.44,ROW-min-ED(FPS),10346,3526,201469,0,nrmsd_norm,85,0.33531724762513676
33764.44,ROW-min-ED(FPS),10346,3526,201469,0,nrmsd_norm,90,0.3297879207030461
33764.44,ROW-min-ED(FPS),10346,3526,201469,0,nrmsd_norm,95,0.33589362203662654
33764.44,ROW-min-ED(FPS),10346,7183,201469,0,nrmsd_norm,100,0.33451346156095757
33764.44,ROW-min-ED(FPS),10346,5954,94177,0,nrmsd_norm,5,0.6502863868529373
33764.44,ROW-min-ED(FPS),10346,10330,94177,0,nrmsd_norm,6,0.5761409249105671
33764.44,ROW-min-ED(FPS),10346,2353,94177,0,nrmsd_norm,7,0.4799751325868005
33764.44,ROW-min-ED(FPS),10346,2353,94177,0,nrmsd_norm,8,0.4597339250969254
33764.44,ROW-min-ED(FPS),10346,2353,94177,0,nrmsd_norm,9,0.46371712691493217
33764.44,ROW-min-ED(FPS),10346,11313,94177,0,nrmsd_norm,10,0.4421515502070396
33764.44,ROW-min-ED(FPS),10346,11313,94177,0,nrmsd_norm,11,0.44796565103088615
33764.44,ROW-min-ED(FPS),10346,11313,94177,0,nrmsd_norm,12,0.4511936464918358
33764.44,ROW-min-ED(FPS),10346,1268,94177,0,nrmsd_norm,13,0.4298260019802836
33764.44,ROW-min-ED(FPS),10346,1342,94177,0,nrmsd_norm,14,0.42539819453053973
33764.44,ROW-min-ED(FPS),10346,10346,94177,0,nrmsd_norm,15,0.3881547985247204
33764.44,ROW-min-ED(FPS),10346,10346,94177,0,nrmsd_norm,16,0.37172366919002203
33764.44,ROW-min-ED(FPS),10346,10346,94177,0,nrmsd_norm,17,0.36382286278616643
33764.44,ROW-min-ED(FPS),10346,10346,94177,0,nrmsd_norm,18,0.3598113596770076
33764.44,ROW-min-ED(FPS),10346,10346,94177,0,nrmsd_norm,19,0.353051157083044
33764.44,ROW-min-ED(FPS),10346,6827,94177,0,nrmsd_norm,20,0.3427697061306837
33764.44,ROW-min-ED(FPS),10346,6827,94177,0,nrmsd_norm,22,0.3425897189561581
33764.44,ROW-min-ED(FPS),10346,6827,94177,0,nrmsd_norm,24,0.34777289594264144
33764.44,ROW-min-ED(FPS),10346,6827,94177,0,nrmsd_norm,26,0.36009631402041964
33764.44,ROW-min-ED(FPS),10346,6827,94177,0,nrmsd_norm,28,0.35450632009742367
33764.44,ROW-min-ED(FPS),10346,6827,94177,0,nrmsd_norm,30,0.34673890261663487
33764.44,ROW-min-ED(FPS),10346,6827,94177,0,nrmsd_norm,32,0.3486494918484766
33764.44,ROW-min-ED(FPS),10346,6827,94177,0,nrmsd_norm,34,0.3403537048006743
33764.44,ROW-min-ED(FPS),10346,6827,94177,0,nrmsd_norm,36,0.3526975015549083
33764.44,ROW-min-ED(FPS),10346,6827,94177,0,nrmsd_norm,38,0.3466737600640775
33764.44,ROW-min-ED(FPS),10346,6827,94177,0,nrmsd_norm,40,0.3405964246275232
33764.44,ROW-min-ED(FPS),10346,6827,94177,0,nrmsd_norm,42,0.34352944089773657
33764.44,ROW-min-ED(FPS),10346,11609,94177,0,nrmsd_norm,44,0.33961223292752624
33764.44,ROW-min-ED(FPS),10346,11609,94177,0,nrmsd_norm,46,0.3296217193447697
33764.44,ROW-min-ED(FPS),10346,11609,94177,0,nrmsd_norm,48,0.3311752318816189
33764.44,ROW-min-ED(FPS),10346,11609,94177,0,nrmsd_norm,50,0.32999950164828035
33764.44,ROW-min-ED(FPS),10346,11609,94177,0,nrmsd_norm,55,0.32765177980674787
33764.44,ROW-min-ED(FPS),10346,11609,94177,0,nrmsd_norm,60,0.3370256156795677
33764.44,ROW-min-ED(FPS),10346,1342,94177,0,nrmsd_norm,65,0.34413772893245975
33764.44,ROW-min-ED(FPS),10346,11609,94177,0,nrmsd_norm,70,0.34451198573249686
33764.44,ROW-min-ED(FPS),10346,1342,94177,0,nrmsd_norm,75,0.3409119655903189
33764.44,ROW-min-ED(FPS),10346,1342,94177,0,nrmsd_norm,80,0.3315470780986135
33764.44,ROW-min-ED(FPS),10346,1342,94177,0,nrmsd_norm,85,0.3243704682649636
33764.44,ROW-min-ED(FPS),10346,1342,94177,0,nrmsd_norm,90,0.32334105187493123
33764.44,ROW-min-ED(FPS),10346,1342,94177,0,nrmsd_norm,95,0.33226281323547147
33764.44,ROW-min-ED(FPS),10346,1342,94177,0,nrmsd_norm,100,0.332874417181492
33764.44,COL-mean-ED,10346,8087,89250,0,nrmsd_norm,5,0.7225569324133547
33764.44,COL-mean-ED,10346,11824,89250,0,nrmsd_norm,6,0.7643789971481032
33764.44,COL-mean-ED,10346,8062,89250,0,nrmsd_norm,7,0.7735969637727265
33764.44,COL-mean-ED,10346,10913,89250,0,nrmsd_norm,8,0.7666930015777335
33764.44,COL-mean-ED,10346,145,89250,0,nrmsd_norm,9,0.7622910211894697
33764.44,COL-mean-ED,10346,145,89250,0,nrmsd_norm,10,0.7867698742228671
33764.44,COL-mean-ED,10346,145,89250,0,nrmsd_norm,11,0.7790747261262729
33764.44,COL-mean-ED,10346,10913,89250,0,nrmsd_norm,12,0.7744396000364834
33764.44,COL-mean-ED,10346,3621,89250,0,nrmsd_norm,13,0.7596758193688797
33764.44,COL-mean-ED,10346,9569,89250,0,nrmsd_norm,14,0.7579847657438463
33764.44,COL-mean-ED,10346,3621,89250,0,nrmsd_norm,15,0.7598151863452892
33764.44,COL-mean-ED,10346,200,89250,0,nrmsd_norm,16,0.7761835960263542
33764.44,COL-mean-ED,10346,200,89250,0,nrmsd_norm,17,0.7732950873746323
33764.44,COL-mean-ED,10346,200,89250,0,nrmsd_norm,18,0.7646016910178856
33764.44,COL-mean-ED,10346,200,89250,0,nrmsd_norm,19,0.7666412829746122
33764.44,COL-mean-ED,10346,10989,89250,0,nrmsd_norm,20,0.7702682105213288
33764.44,COL-mean-ED,10346,10989,89250,0,nrmsd_norm,22,0.7597069129182593
33764.44,COL-mean-ED,10346,10989,89250,0,nrmsd_norm,24,0.7629737860889819
33764.44,COL-mean-ED,10346,10989,89250,0,nrmsd_norm,26,0.7712762884502773
33764.44,COL-mean-ED,10346,11342,89250,0,nrmsd_norm,28,0.7661384761298837
33764.44,COL-mean-ED,10346,7173,89250,0,nrmsd_norm,30,0.7662986271970452
33764.44,COL-mean-ED,10346,7173,89250,0,nrmsd_norm,32,0.7629313845017611
33764.44,COL-mean-ED,10346,7173,89250,0,nrmsd_norm,34,0.7600301951618017
33764.44,COL-mean-ED,10346,9495,89250,0,nrmsd_norm,36,0.7697138745579211
33764.44,COL-mean-ED,10346,1715,89250,0,nrmsd_norm,38,0.7675010687061918
33764.44,COL-mean-ED,10346,1715,89250,0,nrmsd_norm,40,0.7663130467887369
33764.44,COL-mean-ED,10346,1715,89250,0,nrmsd_norm,42,0.7652778062017056
33764.44,COL-mean-ED,10346,1715,89250,0,nrmsd_norm,44,0.7652029974779784
33764.44,COL-mean-ED,10346,1715,89250,0,nrmsd_norm,46,0.7687251572726334
33764.44,COL-mean-ED,10346,11242,89250,0,nrmsd_norm,48,0.767353916682164
33764.44,COL-mean-ED,10346,11242,89250,0,nrmsd_norm,50,0.7658612199542382
33764.44,COL-mean-ED,10346,11242,89250,0,nrmsd_norm,55,0.763342685987411
33764.44,COL-mean-ED,10346,11242,89250,0,nrmsd_norm,60,0.7653547270904206
33764.44,COL-mean-ED,10346,11673,89250,0,nrmsd_norm,65,0.765551644496115
33764.44,COL-mean-ED,10346,2401,89250,0,nrmsd_norm,70,0.7608350833798743
33764.44,COL-mean-ED,10346,2353,89250,0,nrmsd_norm,75,0.762476631285497
33764.44,COL-mean-ED,10346,1715,89250,0,nrmsd_norm,80,0.7567055740941797
33764.44,COL-mean-ED,10346,2353,89250,0,nrmsd_norm,85,0.755998020881633
33764.44,COL-mean-ED,10346,2353,89250,0,nrmsd_norm,90,0.7553756554499106
33764.44,COL-mean-ED,10346,2353,89250,0,nrmsd_norm,95,0.7511169867437476
33764.44,COL-mean-ED,10346,2353,89250,0,nrmsd_norm,100,0.7528549050838489
33764.44,COL-mean-ED,10346,11725,773956,0,nrmsd_norm,5,0.7658438422152762
33764.44,COL-mean-ED,10346,9111,773956,0,nrmsd_norm,6,0.7855668342324588
33764.44,COL-mean-ED,10346,7566,773956,0,nrmsd_norm,7,0.7916976371312433
33764.44,COL-mean-ED,10346,11523,773956,0,nrmsd_norm,8,0.7869887174218614
33764.44,COL-mean-ED,10346,11523,773956,0,nrmsd_norm,9,0.7863866169621463
33764.44,COL-mean-ED,10346,9583,773956,0,nrmsd_norm,10,0.8017314538177741
33764.44,COL-mean-ED,10346,9084,773956,0,nrmsd_norm,11,0.7914809711656708
33764.44,COL-mean-ED,10346,9583,773956,0,nrmsd_norm,12,0.7848449347226651
33764.44,COL-mean-ED,10346,1782,773956,0,nrmsd_norm,13,0.7479056977974193
33764.44,COL-mean-ED,10346,1782,773956,0,nrmsd_norm,14,0.7473370472008466
33764.44,COL-mean-ED,10346,1782,773956,0,nrmsd_norm,15,0.750521570084633
33764.44,COL-mean-ED,10346,1782,773956,0,nrmsd_norm,16,0.7482484106676374
33764.44,COL-mean-ED,10346,1782,773956,0,nrmsd_norm,17,0.747241842600294
33764.44,COL-mean-ED,10346,1782,773956,0,nrmsd_norm,18,0.7441792575063775
33764.44,COL-mean-ED,10346,1782,773956,0,nrmsd_norm,19,0.7457051537814512
33764.44,COL-mean-ED,10346,1782,773956,0,nrmsd_norm,20,0.7429343945167143
33764.44,COL-mean-ED,10346,1782,773956,0,nrmsd_norm,22,0.7288485018860134
33764.44,COL-mean-ED,10346,1782,773956,0,nrmsd_norm,24,0.7337220096346564
33764.44,COL-mean-ED,10346,1782,773956,0,nrmsd_norm,26,0.7451931861744493
33764.44,COL-mean-ED,10346,2511,773956,0,nrmsd_norm,28,0.7385404210719942
33764.44,COL-mean-ED,10346,2511,773956,0,nrmsd_norm,30,0.7400774701368276
33764.44,COL-mean-ED,10346,11676,773956,0,nrmsd_norm,32,0.7383608856296158
33764.44,COL-mean-ED,10346,11676,773956,0,nrmsd_norm,34,0.7375082738183034
33764.44,COL-mean-ED,10346,11676,773956,0,nrmsd_norm,36,0.7472539564296352
33764.44,COL-mean-ED,10346,8097,773956,0,nrmsd_norm,38,0.7548097993336957
33764.44,COL-mean-ED,10346,8097,773956,0,nrmsd_norm,40,0.7558108225450225
33764.44,COL-mean-ED,10346,1882,773956,0,nrmsd_norm,42,0.7600219479210693
33764.44,COL-mean-ED,10346,1882,773956,0,nrmsd_norm,44,0.7604632751216984
33764.44,COL-mean-ED,10346,1882,773956,0,nrmsd_norm,46,0.7643949952870089
33764.44,COL-mean-ED,10346,8097,773956,0,nrmsd_norm,48,0.7668746006207195
33764.44,COL-mean-ED,10346,2218,773956,0,nrmsd_norm,50,0.763843898515777
33764.44,COL-mean-ED,10346,8097,773956,0,nrmsd_norm,55,0.7593171450870769
33764.44,COL-mean-ED,10346,443,773956,0,nrmsd_norm,60,0.7617418683917379
33764.44,COL-mean-ED,10346,1984,773956,0,nrmsd_norm,65,0.7618238183928541
33764.44,COL-mean-ED,10346,1984,773956,0,nrmsd_norm,70,0.7616261051603674
33764.44,COL-mean-ED,10346,1984,773956,0,nrmsd_norm,75,0.7632932151442298
33764.44,COL-mean-ED,10346,1984,773956,0,nrmsd_norm,80,0.7599062365737798
33764.44,COL-mean-ED,10346,264,773956,0,nrmsd_norm,85,0.7588722765480667
33764.44,COL-mean-ED,10346,264,773956,0,nrmsd_norm,90,0.7609105606102289
33764.44,COL-mean-ED,10346,1984,773956,0,nrmsd_norm,95,0.7604775304616342
33764.44,COL-mean-ED,10346,1984,773956,0,nrmsd_norm,100,0.7610208287373006
33764.44,COL-mean-ED,10346,6327,654571,0,nrmsd_norm,5,0.7760218885905752
33764.44,COL-mean-ED,10346,7528,654571,0,nrmsd_norm,6,0.7981448031952284
33764.44,COL-mean-ED,10346,7225,654571,0,nrmsd_norm,7,0.8052821497882171
33764.44,COL-mean-ED,10346,10913,654571,0,nrmsd_norm,8,0.7966254894492045
33764.44,COL-mean-ED,10346,10913,654571,0,nrmsd_norm,9,0.7931012149826834
33764.44,COL-mean-ED,10346,6592,654571,0,nrmsd_norm,10,0.7517655009173503
33764.44,COL-mean-ED,10346,6592,654571,0,nrmsd_norm,11,0.7462557787706681
33764.44,COL-mean-ED,10346,6592,654571,0,nrmsd_norm,12,0.7446445735214595
33764.44,COL-mean-ED,10346,3893,654571,0,nrmsd_norm,13,0.7249768955164435
33764.44,COL-mean-ED,10346,3893,654571,0,nrmsd_norm,14,0.7250554437768324
33764.44,COL-mean-ED,10346,3893,654571,0,nrmsd_norm,15,0.7283216003554713
33764.44,COL-mean-ED,10346,2408,654571,0,nrmsd_norm,16,0.7513552253356438
33764.44,COL-mean-ED,10346,2408,654571,0,nrmsd_norm,17,0.7486048273819498
33764.44,COL-mean-ED,10346,2408,654571,0,nrmsd_norm,18,0.7446627848315313
33764.44,COL-mean-ED,10346,2408,654571,0,nrmsd_norm,19,0.746801885863025
33764.44,COL-mean-ED,10346,2408,654571,0,nrmsd_norm,20,0.7217440433577704
33764.44,COL-mean-ED,10346,5951,654571,0,nrmsd_norm,22,0.6940832747457372
33764.44,COL-mean-ED,10346,5951,654571,0,nrmsd_norm,24,0.6980516640344216
33764.44,COL-mean-ED,10346,2408,654571,0,nrmsd_norm,26,0.71876483495483
33764.44,COL-mean-ED,10346,10840,654571,0,nrmsd_norm,28,0.7206223143398119
33764.44,COL-mean-ED,10346,10840,654571,0,nrmsd_norm,30,0.7234385384043195
33764.44,COL-mean-ED,10346,10840,654571,0,nrmsd_norm,32,0.7228103272030961
33764.44,COL-mean-ED,10346,10840,654571,0,nrmsd_norm,34,0.7224303983058356
33764.44,COL-mean-ED,10346,10840,654571,0,nrmsd_norm,36,0.7280904343629192
33764.44,COL-mean-ED,10346,10840,654571,0,nrmsd_norm,38,0.7383686713230044
33764.44,COL-mean-ED,10346,10840,654571,0,nrmsd_norm,40,0.7383649973249548
33764.44,COL-mean-ED,10346,10840,654571,0,nrmsd_norm,42,0.7415238048027354
33764.44,COL-mean-ED,10346,10840,654571,0,nrmsd_norm,44,0.7420185930165015
33764.44,COL-mean-ED,10346,10840,654571,0,nrmsd_norm,46,0.7464257663041505
33764.44,COL-mean-ED,10346,10840,654571,0,nrmsd_norm,48,0.7505665263376354
33764.44,COL-mean-ED,10346,10840,654571,0,nrmsd_norm,50,0.7500529459493881
33764.44,COL-mean-ED,10346,9054,654571,0,nrmsd_norm,55,0.7373712459469307
33764.44,COL-mean-ED,10346,4235,654571,0,nrmsd_norm,60,0.7441138382777034
33764.44,COL-mean-ED,10346,4235,654571,0,nrmsd_norm,65,0.7441688552754026
33764.44,COL-mean-ED,10346,4235,654571,0,nrmsd_norm,70,0.7364851679062625
33764.44,COL-mean-ED,10346,5348,654571,0,nrmsd_norm,75,0.7392235789636604
33764.44,COL-mean-ED,10346,5348,654571,0,nrmsd_norm,80,0.7363138182899155
33764.44,COL-mean-ED,10346,7287,654571,0,nrmsd_norm,85,0.7311768675047612
33764.44,COL-mean-ED,10346,7287,654571,0,nrmsd_norm,90,0.7352924816163868
33764.44,COL-mean-ED,10346,12552,654571,0,nrmsd_norm,95,0.7348548564579845
33764.44,COL-mean-ED,10346,12552,654571,0,nrmsd_norm,100,0.7373037517646179
33764.44,COL-mean-ED,10346,1169,438878,0,nrmsd_norm,5,0.6771138340705872
33764.44,COL-mean-ED,10346,1169,438878,0,nrmsd_norm,6,0.6713923449415509
33764.44,COL-mean-ED,10346,10398,438878,0,nrmsd_norm,7,0.6884509074816422
33764.44,COL-mean-ED,10346,1169,438878,0,nrmsd_norm,8,0.68879460755719
33764.44,COL-mean-ED,10346,10137,438878,0,nrmsd_norm,9,0.6991480331170733
33764.44,COL-mean-ED,10346,12144,438878,0,nrmsd_norm,10,0.740087032826004
33764.44,COL-mean-ED,10346,4315,438878,0,nrmsd_norm,11,0.741024113412785
33764.44,COL-mean-ED,10346,12144,438878,0,nrmsd_norm,12,0.7453638679729087
33764.44,COL-mean-ED,10346,7249,438878,0,nrmsd_norm,13,0.7260395307751418
33764.44,COL-mean-ED,10346,7337,438878,0,nrmsd_norm,14,0.7375005301116964
33764.44,COL-mean-ED,10346,7247,438878,0,nrmsd_norm,15,0.7364949708121239
33764.44,COL-mean-ED,10346,1212,438878,0,nrmsd_norm,16,0.7669220333473799
33764.44,COL-mean-ED,10346,10194,438878,0,nrmsd_norm,17,0.7640177710048112
33764.44,COL-mean-ED,10346,10194,438878,0,nrmsd_norm,18,0.7584062766869631
33764.44,COL-mean-ED,10346,10194,438878,0,nrmsd_norm,19,0.7614259110032485
33764.44,COL-mean-ED,10346,10194,438878,0,nrmsd_norm,20,0.7687755799490584
33764.44,COL-mean-ED,10346,3143,438878,0,nrmsd_norm,22,0.7615523332739723
33764.44,COL-mean-ED,10346,3143,438878,0,nrmsd_norm,24,0.7632700535493299
33764.44,COL-mean-ED,10346,3143,438878,0,nrmsd_norm,26,0.7730030598869734
33764.44,COL-mean-ED,10346,3143,438878,0,nrmsd_norm,28,0.7664216276109702
33764.44,COL-mean-ED,10346,3143,438878,0,nrmsd_norm,30,0.7672136766102265
33764.44,COL-mean-ED,10346,3143,438878,0,nrmsd_norm,32,0.7675315970301345
33764.44,COL-mean-ED,10346,3143,438878,0,nrmsd_norm,34,0.7650518472190572
33764.44,COL-mean-ED,10346,3143,438878,0,nrmsd_norm,36,0.7705090192183014
33764.44,COL-mean-ED,10346,3143,438878,0,nrmsd_norm,38,0.7720262947277977
33764.44,COL-mean-ED,10346,3143,438878,0,nrmsd_norm,40,0.7716194399725746
33764.44,COL-mean-ED,10346,9432,438878,0,nrmsd_norm,42,0.7769330435623725
33764.44,COL-mean-ED,10346,9432,438878,0,nrmsd_norm,44,0.7769097429126761
33764.44,COL-mean-ED,10346,11979,438878,0,nrmsd_norm,46,0.7806088140066071
33764.44,COL-mean-ED,10346,4084,438878,0,nrmsd_norm,48,0.7785576243669909
33764.44,COL-mean-ED,10346,4084,438878,0,nrmsd_norm,50,0.7765024980799508
33764.44,COL-mean-ED,10346,11817,438878,0,nrmsd_norm,55,0.7712797532247012
33764.44,COL-mean-ED,10346,4084,438878,0,nrmsd_norm,60,0.7715506945331408
33764.44,COL-mean-ED,10346,9498,438878,0,nrmsd_norm,65,0.7696794476633418
33764.44,COL-mean-ED,10346,3822,438878,0,nrmsd_norm,70,0.7653623039806527
33764.44,COL-mean-ED,10346,9498,438878,0,nrmsd_norm,75,0.7658265626345282
33764.44,COL-mean-ED,10346,8446,438878,0,nrmsd_norm,80,0.7613493653571308
33764.44,COL-mean-ED,10346,10925,438878,0,nrmsd_norm,85,0.7533064950427764
33764.44,COL-mean-ED,10346,2353,438878,0,nrmsd_norm,90,0.7561487708927163
33764.44,COL-mean-ED,10346,3429,438878,0,nrmsd_norm,95,0.7543898477605179
33764.44,COL-mean-ED,10346,3429,438878,0,nrmsd_norm,100,0.752947137620295
33764.44,COL-mean-ED,10346,1517,433015,0,nrmsd_norm,5,0.6797265529021462
33764.44,COL-mean-ED,10346,4511,433015,0,nrmsd_norm,6,0.7146976096805757
33764.44,COL-mean-ED,10346,4511,433015,0,nrmsd_norm,7,0.7304525328076875
33764.44,COL-mean-ED,10346,4511,433015,0,nrmsd_norm,8,0.7350279157889021
33764.44,COL-mean-ED,10346,7274,433015,0,nrmsd_norm,9,0.738151110015353
33764.44,COL-mean-ED,10346,1618,433015,0,nrmsd_norm,10,0.7484148731586997
33764.44,COL-mean-ED,10346,1618,433015,0,nrmsd_norm,11,0.7455436500994688
33764.44,COL-mean-ED,10346,1618,433015,0,nrmsd_norm,12,0.745429745877365
33764.44,COL-mean-ED,10346,1618,433015,0,nrmsd_norm,13,0.7235014088853968
33764.44,COL-mean-ED,10346,1618,433015,0,nrmsd_norm,14,0.7254145625740527
33764.44,COL-mean-ED,10346,1618,433015,0,nrmsd_norm,15,0.728352546300437
33764.44,COL-mean-ED,10346,5501,433015,0,nrmsd_norm,16,0.7157731881361409
33764.44,COL-mean-ED,10346,5501,433015,0,nrmsd_norm,17,0.7155041754706281
33764.44,COL-mean-ED,10346,5501,433015,0,nrmsd_norm,18,0.7131313070225695
33764.44,COL-mean-ED,10346,5501,433015,0,nrmsd_norm,19,0.7155589696331425
33764.44,COL-mean-ED,10346,5501,433015,0,nrmsd_norm,20,0.7130558399998249
33764.44,COL-mean-ED,10346,7556,433015,0,nrmsd_norm,22,0.702373857691427
33764.44,COL-mean-ED,10346,5501,433015,0,nrmsd_norm,24,0.7073493741706842
33764.44,COL-mean-ED,10346,10348,433015,0,nrmsd_norm,26,0.7328656594055061
33764.44,COL-mean-ED,10346,5501,433015,0,nrmsd_norm,28,0.7304943162448543
33764.44,COL-mean-ED,10346,5501,433015,0,nrmsd_norm,30,0.7316936182516651
33764.44,COL-mean-ED,10346,10348,433015,0,nrmsd_norm,32,0.7435289237879735
33764.44,COL-mean-ED,10346,5514,433015,0,nrmsd_norm,34,0.7449208627330747
33764.44,COL-mean-ED,10346,2541,433015,0,nrmsd_norm,36,0.7550815975083512
33764.44,COL-mean-ED,10346,2354,433015,0,nrmsd_norm,38,0.7528328583564212
33764.44,COL-mean-ED,10346,2354,433015,0,nrmsd_norm,40,0.7530802527792441
33764.44,COL-mean-ED,10346,2354,433015,0,nrmsd_norm,42,0.7575868649908739
33764.44,COL-mean-ED,10346,2354,433015,0,nrmsd_norm,44,0.7583047532088726
33764.44,COL-mean-ED,10346,2354,433015,0,nrmsd_norm,46,0.7635070888031315
33764.44,COL-mean-ED,10346,2354,433015,0,nrmsd_norm,48,0.763352358418267
33764.44,COL-mean-ED,10346,2354,433015,0,nrmsd_norm,50,0.7604956317295953
33764.44,COL-mean-ED,10346,4163,433015,0,nrmsd_norm,55,0.7605579098007613
33764.44,COL-mean-ED,10346,6676,433015,0,nrmsd_norm,60,0.7582740419301864
33764.44,COL-mean-ED,10346,6676,433015,0,nrmsd_norm,65,0.759242097735104
33764.44,COL-mean-ED,10346,1751,433015,0,nrmsd_norm,70,0.7558295090694586
33764.44,COL-mean-ED,10346,2354,433015,0,nrmsd_norm,75,0.7570428995100432
33764.44,COL-mean-ED,10346,5409,433015,0,nrmsd_norm,80,0.7533452836061485
33764.44,COL-mean-ED,10346,5409,433015,0,nrmsd_norm,85,0.750644388969895
33764.44,COL-mean-ED,10346,11342,433015,0,nrmsd_norm,90,0.7537659089035386
33764.44,COL-mean-ED,10346,11342,433015,0,nrmsd_norm,95,0.7491116695728312
33764.44,COL-mean-ED,10346,11342,433015,0,nrmsd_norm,100,0.7508591524973603
33764.44,COL-mean-ED,10346,12468,858597,0,nrmsd_norm,5,0.7370289764717771
33764.44,COL-mean-ED,10346,5549,858597,0,nrmsd_norm,6,0.7305021543842394
33764.44,COL-mean-ED,10346,5970,858597,0,nrmsd_norm,7,0.7382875752336776
33764.44,COL-mean-ED,10346,5970,858597,0,nrmsd_norm,8,0.7430817974271632
33764.44,COL-mean-ED,10346,11943,858597,0,nrmsd_norm,9,0.7435113117918483
33764.44,COL-mean-ED,10346,9066,858597,0,nrmsd_norm,10,0.752223489471497
33764.44,COL-mean-ED,10346,9066,858597,0,nrmsd_norm,11,0.7427168707196892
33764.44,COL-mean-ED,10346,9066,858597,0,nrmsd_norm,12,0.7417736711348729
33764.44,COL-mean-ED,10346,9069,858597,0,nrmsd_norm,13,0.7316713643351185
33764.44,COL-mean-ED,10346,9069,858597,0,nrmsd_norm,14,0.728467685751213
33764.44,COL-mean-ED,10346,9069,858597,0,nrmsd_norm,15,0.7356601725733628
33764.44,COL-mean-ED,10346,6143,858597,0,nrmsd_norm,16,0.7583839554435433
33764.44,COL-mean-ED,10346,6143,858597,0,nrmsd_norm,17,0.7556792585428559
33764.44,COL-mean-ED,10346,6143,858597,0,nrmsd_norm,18,0.7483948554257779
33764.44,COL-mean-ED,10346,6143,858597,0,nrmsd_norm,19,0.7496167614306429
33764.44,COL-mean-ED,10346,6143,858597,0,nrmsd_norm,20,0.7517415260945434
33764.44,COL-mean-ED,10346,6205,858597,0,nrmsd_norm,22,0.7336735277890094
33764.44,COL-mean-ED,10346,6205,858597,0,nrmsd_norm,24,0.7368443376476629
33764.44,COL-mean-ED,10346,10561,858597,0,nrmsd_norm,26,0.7507614598306215
33764.44,COL-mean-ED,10346,2510,858597,0,nrmsd_norm,28,0.7481152916412755
33764.44,COL-mean-ED,10346,2510,858597,0,nrmsd_norm,30,0.7495092875904575
33764.44,COL-mean-ED,10346,5514,858597,0,nrmsd_norm,32,0.7386418629686884
33764.44,COL-mean-ED,10346,5514,858597,0,nrmsd_norm,34,0.741067674472717
33764.44,COL-mean-ED,10346,5514,858597,0,nrmsd_norm,36,0.7464093941943416
33764.44,COL-mean-ED,10346,5514,858597,0,nrmsd_norm,38,0.7514482485621206
33764.44,COL-mean-ED,10346,5514,858597,0,nrmsd_norm,40,0.7501416232045559
33764.44,COL-mean-ED,10346,5514,858597,0,nrmsd_norm,42,0.7555636437586263
33764.44,COL-mean-ED,10346,5514,858597,0,nrmsd_norm,44,0.7564809474916795
33764.44,COL-mean-ED,10346,10545,858597,0,nrmsd_norm,46,0.7654730273345721
33764.44,COL-mean-ED,10346,10545,858597,0,nrmsd_norm,48,0.7658849876540019
33764.44,COL-mean-ED,10346,10545,858597,0,nrmsd_norm,50,0.7641970571173298
33764.44,COL-mean-ED,10346,10545,858597,0,nrmsd_norm,55,0.7546330286903604
33764.44,COL-mean-ED,10346,12328,858597,0,nrmsd_norm,60,0.7578590616977605
33764.44,COL-mean-ED,10346,12328,858597,0,nrmsd_norm,65,0.7573828304367645
33764.44,COL-mean-ED,10346,9647,858597,0,nrmsd_norm,70,0.7579675003879968
33764.44,COL-mean-ED,10346,9426,858597,0,nrmsd_norm,75,0.7603972248197566
33764.44,COL-mean-ED,10346,2928,858597,0,nrmsd_norm,80,0.7576868045980448
33764.44,COL-mean-ED,10346,454,858597,0,nrmsd_norm,85,0.7552428381812124
33764.44,COL-mean-ED,10346,802,858597,0,nrmsd_norm,90,0.7572518753963412
33764.44,COL-mean-ED,10346,802,858597,0,nrmsd_norm,95,0.7545015813741786
33764.44,COL-mean-ED,10346,454,858597,0,nrmsd_norm,100,0.7541943950783851
33764.44,COL-mean-ED,10346,3702,85945,0,nrmsd_norm,5,0.7449774969087912
33764.44,COL-mean-ED,10346,5970,85945,0,nrmsd_norm,6,0.7798621013553811
33764.44,COL-mean-ED,10346,3769,85945,0,nrmsd_norm,7,0.787686892645719
33764.44,COL-mean-ED,10346,10034,85945,0,nrmsd_norm,8,0.7879491368328535
33764.44,COL-mean-ED,10346,9459,85945,0,nrmsd_norm,9,0.7833761328286657
33764.44,COL-mean-ED,10346,1245,85945,0,nrmsd_norm,10,0.7893016025090137
33764.44,COL-mean-ED,10346,7825,85945,0,nrmsd_norm,11,0.7769905866881959
33764.44,COL-mean-ED,10346,7825,85945,0,nrmsd_norm,12,0.7732642304564634
33764.44,COL-mean-ED,10346,2089,85945,0,nrmsd_norm,13,0.7668866325638212
33764.44,COL-mean-ED,10346,2089,85945,0,nrmsd_norm,14,0.76581914471278
33764.44,COL-mean-ED,10346,2089,85945,0,nrmsd_norm,15,0.7666221904089613
33764.44,COL-mean-ED,10346,2089,85945,0,nrmsd_norm,16,0.7643054675398617
33764.44,COL-mean-ED,10346,2089,85945,0,nrmsd_norm,17,0.761222761045595
33764.44,COL-mean-ED,10346,2089,85945,0,nrmsd_norm,18,0.7552890305820645
33764.44,COL-mean-ED,10346,2089,85945,0,nrmsd_norm,19,0.7571155440552402
33764.44,COL-mean-ED,10346,2089,85945,0,nrmsd_norm,20,0.7694538877923183
33764.44,COL-mean-ED,10346,2089,85945,0,nrmsd_norm,22,0.757323836825943
33764.44,COL-mean-ED,10346,2089,85945,0,nrmsd_norm,24,0.7598682015222123
33764.44,COL-mean-ED,10346,2089,85945,0,nrmsd_norm,26,0.7645374188491396
33764.44,COL-mean-ED,10346,7129,85945,0,nrmsd_norm,28,0.7666004518553073
33764.44,COL-mean-ED,10346,7129,85945,0,nrmsd_norm,30,0.7669734474608164
33764.44,COL-mean-ED,10346,12462,85945,0,nrmsd_norm,32,0.7648061082089566
33764.44,COL-mean-ED,10346,12462,85945,0,nrmsd_norm,34,0.762857365607396
33764.44,COL-mean-ED,10346,1042,85945,0,nrmsd_norm,36,0.7639638396242052
33764.44,COL-mean-ED,10346,1042,85945,0,nrmsd_norm,38,0.7669069449359558
33764.44,COL-mean-ED,10346,1042,85945,0,nrmsd_norm,40,0.7653480460789732
33764.44,COL-mean-ED,10346,1042,85945,0,nrmsd_norm,42,0.7682441984702143
33764.44,COL-mean-ED,10346,1042,85945,0,nrmsd_norm,44,0.7686276116750883
33764.44,COL-mean-ED,10346,1042,85945,0,nrmsd_norm,46,0.7746373749039731
33764.44,COL-mean-ED,10346,1042,85945,0,nrmsd_norm,48,0.7738709415628005
33764.44,COL-mean-ED,10346,1042,85945,0,nrmsd_norm,50,0.770174438610565
33764.44,COL-mean-ED,10346,8740,85945,0,nrmsd_norm,55,0.7620676540323869
33764.44,COL-mean-ED,10346,9315,85945,0,nrmsd_norm,60,0.7647867244767022
33764.44,COL-mean-ED,10346,10095,85945,0,nrmsd_norm,65,0.7650134529466888
33764.44,COL-mean-ED,10346,7129,85945,0,nrmsd_norm,70,0.7633052116220178
33764.44,COL-mean-ED,10346,7129,85945,0,nrmsd_norm,75,0.762600279096733
33764.44,COL-mean-ED,10346,1369,85945,0,nrmsd_norm,80,0.7621043620163422
33764.44,COL-mean-ED,10346,1369,85945,0,nrmsd_norm,85,0.7531525976895485
33764.44,COL-mean-ED,10346,3096,85945,0,nrmsd_norm,90,0.7561681719483164
33764.44,COL-mean-ED,10346,6617,85945,0,nrmsd_norm,95,0.7513175218319076
33764.44,COL-mean-ED,10346,9224,85945,0,nrmsd_norm,100,0.7527604474547153
33764.44,COL-mean-ED,10346,4169,697368,0,nrmsd_norm,5,0.6556999249535648
33764.44,COL-mean-ED,10346,6594,697368,0,nrmsd_norm,6,0.6518089112040073
33764.44,COL-mean-ED,10346,6594,697368,0,nrmsd_norm,7,0.6713192351924849
33764.44,COL-mean-ED,10346,3906,697368,0,nrmsd_norm,8,0.6803724975136329
33764.44,COL-mean-ED,10346,3906,697368,0,nrmsd_norm,9,0.6856155710833628
33764.44,COL-mean-ED,10346,7306,697368,0,nrmsd_norm,10,0.7184235066795889
33764.44,COL-mean-ED,10346,7306,697368,0,nrmsd_norm,11,0.7214368302735014
33764.44,COL-mean-ED,10346,1252,697368,0,nrmsd_norm,12,0.7209902012568623
33764.44,COL-mean-ED,10346,1273,697368,0,nrmsd_norm,13,0.6957779753069712
33764.44,COL-mean-ED,10346,7247,697368,0,nrmsd_norm,14,0.6997054104217549
33764.44,COL-mean-ED,10346,7168,697368,0,nrmsd_norm,15,0.6967494903125936
33764.44,COL-mean-ED,10346,7168,697368,0,nrmsd_norm,16,0.720954845663698
33764.44,COL-mean-ED,10346,7168,697368,0,nrmsd_norm,17,0.7220931430371813
33764.44,COL-mean-ED,10346,7168,697368,0,nrmsd_norm,18,0.7203374053672916
33764.44,COL-mean-ED,10346,3452,697368,0,nrmsd_norm,19,0.7235820207100166
33764.44,COL-mean-ED,10346,12660,697368,0,nrmsd_norm,20,0.7437156398792742
33764.44,COL-mean-ED,10346,4475,697368,0,nrmsd_norm,22,0.7340336722996106
33764.44,COL-mean-ED,10346,4475,697368,0,nrmsd_norm,24,0.7373649350865994
33764.44,COL-mean-ED,10346,4475,697368,0,nrmsd_norm,26,0.7486195739950616
33764.44,COL-mean-ED,10346,4475,697368,0,nrmsd_norm,28,0.7410125360735832
33764.44,COL-mean-ED,10346,4475,697368,0,nrmsd_norm,30,0.7404731548718653
33764.44,COL-mean-ED,10346,4475,697368,0,nrmsd_norm,32,0.7393235361079167
33764.44,COL-mean-ED,10346,4475,697368,0,nrmsd_norm,34,0.7397662502354669
33764.44,COL-mean-ED,10346,4475,697368,0,nrmsd_norm,36,0.7478443951124534
33764.44,COL-mean-ED,10346,4475,697368,0,nrmsd_norm,38,0.7541817110358274
33764.44,COL-mean-ED,10346,4275,697368,0,nrmsd_norm,40,0.7528709924624769
33764.44,COL-mean-ED,10346,4475,697368,0,nrmsd_norm,42,0.7580723475923004
33764.44,COL-mean-ED,10346,4475,697368,0,nrmsd_norm,44,0.7586802281555386
33764.44,COL-mean-ED,10346,4475,697368,0,nrmsd_norm,46,0.7624247814489359
33764.44,COL-mean-ED,10346,4475,697368,0,nrmsd_norm,48,0.7638013712847136
33764.44,COL-mean-ED,10346,4475,697368,0,nrmsd_norm,50,0.7608451020757403
33764.44,COL-mean-ED,10346,4475,697368,0,nrmsd_norm,55,0.7577015717020418
33764.44,COL-mean-ED,10346,1056,697368,0,nrmsd_norm,60,0.7590645467072038
33764.44,COL-mean-ED,10346,9663,697368,0,nrmsd_norm,65,0.7597102869028833
33764.44,COL-mean-ED,10346,9663,697368,0,nrmsd_norm,70,0.7556544645426394
33764.44,COL-mean-ED,10346,1056,697368,0,nrmsd_norm,75,0.7565954817454236
33764.44,COL-mean-ED,10346,1056,697368,0,nrmsd_norm,80,0.7547949173425323
33764.44,COL-mean-ED,10346,1056,697368,0,nrmsd_norm,85,0.7478629038298429
33764.44,COL-mean-ED,10346,1056,697368,0,nrmsd_norm,90,0.74984639105041
33764.44,COL-mean-ED,10346,4445,697368,0,nrmsd_norm,95,0.7519126379104175
33764.44,COL-mean-ED,10346,4445,697368,0,nrmsd_norm,100,0.7514790829676816
33764.44,COL-mean-ED,10346,9848,201469,0,nrmsd_norm,5,0.6840533750428495
33764.44,COL-mean-ED,10346,9440,201469,0,nrmsd_norm,6,0.7150654777905493
33764.44,COL-mean-ED,10346,3581,201469,0,nrmsd_norm,7,0.732402458709611
33764.44,COL-mean-ED,10346,9557,201469,0,nrmsd_norm,8,0.7227025013796236
33764.44,COL-mean-ED,10346,200,201469,0,nrmsd_norm,9,0.7100569787839294
33764.44,COL-mean-ED,10346,9925,201469,0,nrmsd_norm,10,0.7202333333057469
33764.44,COL-mean-ED,10346,9925,201469,0,nrmsd_norm,11,0.7207303478121628
33764.44,COL-mean-ED,10346,9925,201469,0,nrmsd_norm,12,0.7237655020780157
33764.44,COL-mean-ED,10346,3855,201469,0,nrmsd_norm,13,0.716348866569643
33764.44,COL-mean-ED,10346,1098,201469,0,nrmsd_norm,14,0.7126469171653288
33764.44,COL-mean-ED,10346,1098,201469,0,nrmsd_norm,15,0.7203580140054563
33764.44,COL-mean-ED,10346,8062,201469,0,nrmsd_norm,16,0.7404058410540766
33764.44,COL-mean-ED,10346,1098,201469,0,nrmsd_norm,17,0.738573823160045
33764.44,COL-mean-ED,10346,9822,201469,0,nrmsd_norm,18,0.7363680157671334
33764.44,COL-mean-ED,10346,9822,201469,0,nrmsd_norm,19,0.7386292876191191
33764.44,COL-mean-ED,10346,8062,201469,0,nrmsd_norm,20,0.7494007159225963
33764.44,COL-mean-ED,10346,8062,201469,0,nrmsd_norm,22,0.7417988029453454
33764.44,COL-mean-ED,10346,4020,201469,0,nrmsd_norm,24,0.7485703556428009
33764.44,COL-mean-ED,10346,4446,201469,0,nrmsd_norm,26,0.7629475757105536
33764.44,COL-mean-ED,10346,1581,201469,0,nrmsd_norm,28,0.7534441819001432
33764.44,COL-mean-ED,10346,1581,201469,0,nrmsd_norm,30,0.754308720142364
33764.44,COL-mean-ED,10346,4445,201469,0,nrmsd_norm,32,0.7522283268136206
33764.44,COL-mean-ED,10346,4445,201469,0,nrmsd_norm,34,0.751407377944759
33764.44,COL-mean-ED,10346,11229,201469,0,nrmsd_norm,36,0.7603515694996623
33764.44,COL-mean-ED,10346,11229,201469,0,nrmsd_norm,38,0.7564125986728897
33764.44,COL-mean-ED,10346,11229,201469,0,nrmsd_norm,40,0.7569737643538558
33764.44,COL-mean-ED,10346,11229,201469,0,nrmsd_norm,42,0.758299786868865
33764.44,COL-mean-ED,10346,11229,201469,0,nrmsd_norm,44,0.7604209185122959
33764.44,COL-mean-ED,10346,9361,201469,0,nrmsd_norm,46,0.764058271588378
33764.44,COL-mean-ED,10346,9361,201469,0,nrmsd_norm,48,0.7654303420256999
33764.44,COL-mean-ED,10346,9361,201469,0,nrmsd_norm,50,0.7622350495690781
33764.44,COL-mean-ED,10346,9361,201469,0,nrmsd_norm,55,0.7545821027064044
33764.44,COL-mean-ED,10346,9293,201469,0,nrmsd_norm,60,0.7599737091646317
33764.44,COL-mean-ED,10346,7518,201469,0,nrmsd_norm,65,0.7579156917205104
33764.44,COL-mean-ED,10346,10534,201469,0,nrmsd_norm,70,0.7541653146354479
33764.44,COL-mean-ED,10346,244,201469,0,nrmsd_norm,75,0.7548879208888338
33764.44,COL-mean-ED,10346,9577,201469,0,nrmsd_norm,80,0.7570425254733458
33764.44,COL-mean-ED,10346,8104,201469,0,nrmsd_norm,85,0.7510032447798582
33764.44,COL-mean-ED,10346,9288,201469,0,nrmsd_norm,90,0.7530370577515674
33764.44,COL-mean-ED,10346,9288,201469,0,nrmsd_norm,95,0.7508645227923209
33764.44,COL-mean-ED,10346,9288,201469,0,nrmsd_norm,100,0.752329670792262
33764.44,COL-mean-ED,10346,6769,94177,0,nrmsd_norm,5,0.7268161923101886
33764.44,COL-mean-ED,10346,10843,94177,0,nrmsd_norm,6,0.7642945181171827
33764.44,COL-mean-ED,10346,10843,94177,0,nrmsd_norm,7,0.7751763738129599
33764.44,COL-mean-ED,10346,9432,94177,0,nrmsd_norm,8,0.7691717276373929
33764.44,COL-mean-ED,10346,6850,94177,0,nrmsd_norm,9,0.7663938329634786
33764.44,COL-mean-ED,10346,2827,94177,0,nrmsd_norm,10,0.7873148551249458
33764.44,COL-mean-ED,10346,11844,94177,0,nrmsd_norm,11,0.7731876261078168
33764.44,COL-mean-ED,10346,11844,94177,0,nrmsd_norm,12,0.7691761284823585
33764.44,COL-mean-ED,10346,12106,94177,0,nrmsd_norm,13,0.7559777118946307
33764.44,COL-mean-ED,10346,302,94177,0,nrmsd_norm,14,0.7555993696416169
33764.44,COL-mean-ED,10346,302,94177,0,nrmsd_norm,15,0.7561789859829197
33764.44,COL-mean-ED,10346,11824,94177,0,nrmsd_norm,16,0.7602048868481835
33764.44,COL-mean-ED,10346,11824,94177,0,nrmsd_norm,17,0.7573078212591757
33764.44,COL-mean-ED,10346,11824,94177,0,nrmsd_norm,18,0.7521203810377665
33764.44,COL-mean-ED,10346,11824,94177,0,nrmsd_norm,19,0.7520662506344811
33764.44,COL-mean-ED,10346,1746,94177,0,nrmsd_norm,20,0.770651932024667
33764.44,COL-mean-ED,10346,1746,94177,0,nrmsd_norm,22,0.7636853090476192
33764.44,COL-mean-ED,10346,1746,94177,0,nrmsd_norm,24,0.766450720476175
33764.44,COL-mean-ED,10346,4559,94177,0,nrmsd_norm,26,0.770158833407029
33764.44,COL-mean-ED,10346,8914,94177,0,nrmsd_norm,28,0.7633407305900702
33764.44,COL-mean-ED,10346,8914,94177,0,nrmsd_norm,30,0.7630258144118429
33764.44,COL-mean-ED,10346,9053,94177,0,nrmsd_norm,32,0.7647154728017715
33764.44,COL-mean-ED,10346,9053,94177,0,nrmsd_norm,34,0.7610404301994343
33764.44,COL-mean-ED,10346,3804,94177,0,nrmsd_norm,36,0.7712558131113048
33764.44,COL-mean-ED,10346,1916,94177,0,nrmsd_norm,38,0.7732676402534437
33764.44,COL-mean-ED,10346,1916,94177,0,nrmsd_norm,40,0.7730121581337115
33764.44,COL-mean-ED,10346,10259,94177,0,nrmsd_norm,42,0.7770463654830657
33764.44,COL-mean-ED,10346,10259,94177,0,nrmsd_norm,44,0.776426227061855
33764.44,COL-mean-ED,10346,11154,94177,0,nrmsd_norm,46,0.7835809802918996
33764.44,COL-mean-ED,10346,11154,94177,0,nrmsd_norm,48,0.7813000055113137
33764.44,COL-mean-ED,10346,11154,94177,0,nrmsd_norm,50,0.7789956656912266
33764.44,COL-mean-ED,10346,9356,94177,0,nrmsd_norm,55,0.7708456961892356
33764.44,COL-mean-ED,10346,8428,94177,0,nrmsd_norm,60,0.7733252847125559
33764.44,COL-mean-ED,10346,11154,94177,0,nrmsd_norm,65,0.7713589704568249
33764.44,COL-mean-ED,10346,10188,94177,0,nrmsd_norm,70,0.7648693661911778
33764.44,COL-mean-ED,10346,10188,94177,0,nrmsd_norm,75,0.7635278400592319
33764.44,COL-mean-ED,10346,9877,94177,0,nrmsd_norm,80,0.7575562025570858
33764.44,COL-mean-ED,10346,9511,94177,0,nrmsd_norm,85,0.754489014470228
33764.44,COL-mean-ED,10346,10188,94177,0,nrmsd_norm,90,0.7561828048355854
33764.44,COL-mean-ED,10346,4307,94177,0,nrmsd_norm,95,0.7503915743003965
33764.44,COL-mean-ED,10346,9511,94177,0,nrmsd_norm,100,0.7517062180664019
33764.44,COL-min-ED,10346,11807,89250,0,nrmsd_norm,5,0.6232595484850342
33764.44,COL-min-ED,10346,7022,89250,0,nrmsd_norm,6,0.5994045222195988
33764.44,COL-min-ED,10346,7500,89250,0,nrmsd_norm,7,0.6310420185760199
33764.44,COL-min-ED,10346,10775,89250,0,nrmsd_norm,8,0.6384266206047594
33764.44,COL-min-ED,10346,6827,89250,0,nrmsd_norm,9,0.6522281852540176
33764.44,COL-min-ED,10346,10346,89250,0,nrmsd_norm,10,0.6494082778651942
33764.44,COL-min-ED,10346,10346,89250,0,nrmsd_norm,11,0.6913421796792487
33764.44,COL-min-ED,10346,6827,89250,0,nrmsd_norm,12,0.6902879367931146
33764.44,COL-min-ED,10346,6827,89250,0,nrmsd_norm,13,0.6927290515173349
33764.44,COL-min-ED,10346,6827,89250,0,nrmsd_norm,14,0.6913576151542506
33764.44,COL-min-ED,10346,6827,89250,0,nrmsd_norm,15,0.6891851598954426
33764.44,COL-min-ED,10346,6827,89250,0,nrmsd_norm,16,0.698762326222172
33764.44,COL-min-ED,10346,11609,89250,0,nrmsd_norm,17,0.6788560511615304
33764.44,COL-min-ED,10346,6745,89250,0,nrmsd_norm,18,0.6851935584534781
33764.44,COL-min-ED,10346,6745,89250,0,nrmsd_norm,19,0.6916406687938866
33764.44,COL-min-ED,10346,6745,89250,0,nrmsd_norm,20,0.6964750856894295
33764.44,COL-min-ED,10346,6745,89250,0,nrmsd_norm,22,0.6884771365726294
33764.44,COL-min-ED,10346,11609,89250,0,nrmsd_norm,24,0.6859017664631999
33764.44,COL-min-ED,10346,1342,89250,0,nrmsd_norm,26,0.6983722864200929
33764.44,COL-min-ED,10346,1342,89250,0,nrmsd_norm,28,0.7060729248786681
33764.44,COL-min-ED,10346,573,89250,0,nrmsd_norm,30,0.7042092343373945
33764.44,COL-min-ED,10346,573,89250,0,nrmsd_norm,32,0.6939041061502172
33764.44,COL-min-ED,10346,573,89250,0,nrmsd_norm,34,0.69256704672274
33764.44,COL-min-ED,10346,573,89250,0,nrmsd_norm,36,0.6935731506058277
33764.44,COL-min-ED,10346,10346,89250,0,nrmsd_norm,38,0.6895664580550386
33764.44,COL-min-ED,10346,1342,89250,0,nrmsd_norm,40,0.698264990927878
33764.44,COL-min-ED,10346,1342,89250,0,nrmsd_norm,42,0.697929058846543
33764.44,COL-min-ED,10346,1342,89250,0,nrmsd_norm,44,0.6951404276273071
33764.44,COL-min-ED,10346,573,89250,0,nrmsd_norm,46,0.6924354062671436
33764.44,COL-min-ED,10346,1342,89250,0,nrmsd_norm,48,0.6901436318098236
33764.44,COL-min-ED,10346,1268,89250,0,nrmsd_norm,50,0.6894847701725172
33764.44,COL-min-ED,10346,1268,89250,0,nrmsd_norm,55,0.6864471322125832
33764.44,COL-min-ED,10346,1268,89250,0,nrmsd_norm,60,0.6862414072498325
33764.44,COL-min-ED,10346,10346,89250,0,nrmsd_norm,65,0.6685663185787848
33764.44,COL-min-ED,10346,10346,89250,0,nrmsd_norm,70,0.6763525782005624
33764.44,COL-min-ED,10346,10346,89250,0,nrmsd_norm,75,0.6753534677647248
33764.44,COL-min-ED,10346,10346,89250,0,nrmsd_norm,80,0.6807757208410626
33764.44,COL-min-ED,10346,10346,89250,0,nrmsd_norm,85,0.6753033580712755
33764.44,COL-min-ED,10346,10346,89250,0,nrmsd_norm,90,0.6809819038093412
33764.44,COL-min-ED,10346,1342,89250,0,nrmsd_norm,95,0.6741597753929296
33764.44,COL-min-ED,10346,1268,89250,0,nrmsd_norm,100,0.6725607231733775
33764.44,COL-min-ED,10346,1652,773956,0,nrmsd_norm,5,0.6359921778517499
33764.44,COL-min-ED,10346,9182,773956,0,nrmsd_norm,6,0.6654272261380401
33764.44,COL-min-ED,10346,11469,773956,0,nrmsd_norm,7,0.6553034241538603
33764.44,COL-min-ED,10346,174,773956,0,nrmsd_norm,8,0.6698394006058717
33764.44,COL-min-ED,10346,2401,773956,0,nrmsd_norm,9,0.6713928441054495
33764.44,COL-min-ED,10346,2401,773956,0,nrmsd_norm,10,0.6871768200707539
33764.44,COL-min-ED,10346,2401,773956,0,nrmsd_norm,11,0.7278875916909454
33764.44,COL-min-ED,10346,2401,773956,0,nrmsd_norm,12,0.7175377718014413
33764.44,COL-min-ED,10346,2401,773956,0,nrmsd_norm,13,0.7184814800592917
33764.44,COL-min-ED,10346,2401,773956,0,nrmsd_norm,14,0.7130908054864844
33764.44,COL-min-ED,10346,11242,773956,0,nrmsd_norm,15,0.7007306643383137
33764.44,COL-min-ED,10346,11242,773956,0,nrmsd_norm,16,0.7086148424357421
33764.44,COL-min-ED,10346,2278,773956,0,nrmsd_norm,17,0.6765538655758033
33764.44,COL-min-ED,10346,2278,773956,0,nrmsd_norm,18,0.6799748313044625
33764.44,COL-min-ED,10346,2278,773956,0,nrmsd_norm,19,0.6907984282780095
33764.44,COL-min-ED,10346,2278,773956,0,nrmsd_norm,20,0.6985061096038705
33764.44,COL-min-ED,10346,11313,773956,0,nrmsd_norm,22,0.6866450870699461
33764.44,COL-min-ED,10346,3425,773956,0,nrmsd_norm,24,0.6843478740900161
33764.44,COL-min-ED,10346,3425,773956,0,nrmsd_norm,26,0.6980123867710288
33764.44,COL-min-ED,10346,3425,773956,0,nrmsd_norm,28,0.7080191454842871
33764.44,COL-min-ED,10346,3425,773956,0,nrmsd_norm,30,0.7016336766721494
33764.44,COL-min-ED,10346,3425,773956,0,nrmsd_norm,32,0.6880644809050788
33764.44,COL-min-ED,10346,2278,773956,0,nrmsd_norm,34,0.6843966297078946
33764.44,COL-min-ED,10346,2278,773956,0,nrmsd_norm,36,0.6826327155817538
33764.44,COL-min-ED,10346,11606,773956,0,nrmsd_norm,38,0.6845500341699325
33764.44,COL-min-ED,10346,11606,773956,0,nrmsd_norm,40,0.6948832889127095
33764.44,COL-min-ED,10346,11606,773956,0,nrmsd_norm,42,0.6950168400695196
33764.44,COL-min-ED,10346,11606,773956,0,nrmsd_norm,44,0.6952801215832043
33764.44,COL-min-ED,10346,11606,773956,0,nrmsd_norm,46,0.6931158755327652
33764.44,COL-min-ED,10346,11606,773956,0,nrmsd_norm,48,0.6876977273272702
33764.44,COL-min-ED,10346,11606,773956,0,nrmsd_norm,50,0.6891238885142089
33764.44,COL-min-ED,10346,3429,773956,0,nrmsd_norm,55,0.6862649088582918
33764.44,COL-min-ED,10346,11606,773956,0,nrmsd_norm,60,0.6838672862090178
33764.44,COL-min-ED,10346,12482,773956,0,nrmsd_norm,65,0.6655386808917009
33764.44,COL-min-ED,10346,1396,773956,0,nrmsd_norm,70,0.672698440444156
33764.44,COL-min-ED,10346,10925,773956,0,nrmsd_norm,75,0.6703617709737469
33764.44,COL-min-ED,10346,3429,773956,0,nrmsd_norm,80,0.6787384768633086
33764.44,COL-min-ED,10346,3429,773956,0,nrmsd_norm,85,0.6715803054840023
33764.44,COL-min-ED,10346,3429,773956,0,nrmsd_norm,90,0.6771008642577369
33764.44,COL-min-ED,10346,10925,773956,0,nrmsd_norm,95,0.6695350031840439
33764.44,COL-min-ED,10346,7173,773956,0,nrmsd_norm,100,0.6665461473364683
33764.44,COL-min-ED,10346,7600,654571,0,nrmsd_norm,5,0.6102901444047101
33764.44,COL-min-ED,10346,1689,654571,0,nrmsd_norm,6,0.6447296655391024
33764.44,COL-min-ED,10346,2291,654571,0,nrmsd_norm,7,0.6577170784300804
33764.44,COL-min-ED,10346,2291,654571,0,nrmsd_norm,8,0.6474656381694925
33764.44,COL-min-ED,10346,2291,654571,0,nrmsd_norm,9,0.6519857570898661
33764.44,COL-min-ED,10346,3574,654571,0,nrmsd_norm,10,0.6357039220899521
33764.44,COL-min-ED,10346,3574,654571,0,nrmsd_norm,11,0.6846564398348274
33764.44,COL-min-ED,10346,3574,654571,0,nrmsd_norm,12,0.639736119297025
33764.44,COL-min-ED,10346,3574,654571,0,nrmsd_norm,13,0.6508188020958797
33764.44,COL-min-ED,10346,3574,654571,0,nrmsd_norm,14,0.6477066580783105
33764.44,COL-min-ED,10346,5712,654571,0,nrmsd_norm,15,0.668155160960519
33764.44,COL-min-ED,10346,5712,654571,0,nrmsd_norm,16,0.672738891743226
33764.44,COL-min-ED,10346,337,654571,0,nrmsd_norm,17,0.6549680573453971
33764.44,COL-min-ED,10346,337,654571,0,nrmsd_norm,18,0.657149666402637
33764.44,COL-min-ED,10346,7481,654571,0,nrmsd_norm,19,0.6716640988143855
33764.44,COL-min-ED,10346,7481,654571,0,nrmsd_norm,20,0.6807821819635188
33764.44,COL-min-ED,10346,3425,654571,0,nrmsd_norm,22,0.6693230358438914
33764.44,COL-min-ED,10346,11210,654571,0,nrmsd_norm,24,0.666071992326712
33764.44,COL-min-ED,10346,11210,654571,0,nrmsd_norm,26,0.6827656267713961
33764.44,COL-min-ED,10346,7481,654571,0,nrmsd_norm,28,0.6930956299236442
33764.44,COL-min-ED,10346,7183,654571,0,nrmsd_norm,30,0.6925020641142738
33764.44,COL-min-ED,10346,3425,654571,0,nrmsd_norm,32,0.6814545958178725
33764.44,COL-min-ED,10346,3526,654571,0,nrmsd_norm,34,0.6785933528586761
33764.44,COL-min-ED,10346,3526,654571,0,nrmsd_norm,36,0.6794506953612331
33764.44,COL-min-ED,10346,7183,654571,0,nrmsd_norm,38,0.6790888769339313
33764.44,COL-min-ED,10346,7183,654571,0,nrmsd_norm,40,0.6870415197491436
33764.44,COL-min-ED,10346,7183,654571,0,nrmsd_norm,42,0.6876298396802034
33764.44,COL-min-ED,10346,3312,654571,0,nrmsd_norm,44,0.686472774807376
33764.44,COL-min-ED,10346,3312,654571,0,nrmsd_norm,46,0.68588370527439
33764.44,COL-min-ED,10346,3312,654571,0,nrmsd_norm,48,0.6799590763745823
33764.44,COL-min-ED,10346,3312,654571,0,nrmsd_norm,50,0.6831374511096302
33764.44,COL-min-ED,10346,3312,654571,0,nrmsd_norm,55,0.679371500987748
33764.44,COL-min-ED,10346,3312,654571,0,nrmsd_norm,60,0.6754447358519992
33764.44,COL-min-ED,10346,3312,654571,0,nrmsd_norm,65,0.6603613798803665
33764.44,COL-min-ED,10346,3312,654571,0,nrmsd_norm,70,0.6697575813187168
33764.44,COL-min-ED,10346,7183,654571,0,nrmsd_norm,75,0.6714906545577416
33764.44,COL-min-ED,10346,7183,654571,0,nrmsd_norm,80,0.678093690718925
33764.44,COL-min-ED,10346,7183,654571,0,nrmsd_norm,85,0.6720506179676808
33764.44,COL-min-ED,10346,7183,654571,0,nrmsd_norm,90,0.6774417915942706
33764.44,COL-min-ED,10346,7183,654571,0,nrmsd_norm,95,0.6711523632891077
33764.44,COL-min-ED,10346,7183,654571,0,nrmsd_norm,100,0.6680187770245433
33764.44,COL-min-ED,10346,7374,438878,0,nrmsd_norm,5,0.5959423624507908
33764.44,COL-min-ED,10346,7374,438878,0,nrmsd_norm,6,0.6357012439837987
33764.44,COL-min-ED,10346,1802,438878,0,nrmsd_norm,7,0.639850662939144
33764.44,COL-min-ED,10346,2503,438878,0,nrmsd_norm,8,0.6390890128014957
33764.44,COL-min-ED,10346,2503,438878,0,nrmsd_norm,9,0.6542390025768411
33764.44,COL-min-ED,10346,2503,438878,0,nrmsd_norm,10,0.6706775015112045
33764.44,COL-min-ED,10346,2503,438878,0,nrmsd_norm,11,0.7033491166777815
33764.44,COL-min-ED,10346,10521,438878,0,nrmsd_norm,12,0.7017402784626129
33764.44,COL-min-ED,10346,9429,438878,0,nrmsd_norm,13,0.7083585651704408
33764.44,COL-min-ED,10346,9429,438878,0,nrmsd_norm,14,0.7097642095985534
33764.44,COL-min-ED,10346,6635,438878,0,nrmsd_norm,15,0.70599204115344
33764.44,COL-min-ED,10346,6635,438878,0,nrmsd_norm,16,0.7141304722240789
33764.44,COL-min-ED,10346,11456,438878,0,nrmsd_norm,17,0.7012682754336812
33764.44,COL-min-ED,10346,11456,438878,0,nrmsd_norm,18,0.7059889318994175
33764.44,COL-min-ED,10346,7790,438878,0,nrmsd_norm,19,0.7119337606787918
33764.44,COL-min-ED,10346,7790,438878,0,nrmsd_norm,20,0.715182625596424
33764.44,COL-min-ED,10346,7790,438878,0,nrmsd_norm,22,0.7083912148764007
33764.44,COL-min-ED,10346,7790,438878,0,nrmsd_norm,24,0.7029408366018525
33764.44,COL-min-ED,10346,7790,438878,0,nrmsd_norm,26,0.7138589355834404
33764.44,COL-min-ED,10346,7790,438878,0,nrmsd_norm,28,0.7194718354104063
33764.44,COL-min-ED,10346,2928,438878,0,nrmsd_norm,30,0.7174625337425509
33764.44,COL-min-ED,10346,2007,438878,0,nrmsd_norm,32,0.7080253792970066
33764.44,COL-min-ED,10346,2007,438878,0,nrmsd_norm,34,0.7054453387030478
33764.44,COL-min-ED,10346,2007,438878,0,nrmsd_norm,36,0.7049644379164941
33764.44,COL-min-ED,10346,9770,438878,0,nrmsd_norm,38,0.6987706438804403
33764.44,COL-min-ED,10346,1268,438878,0,nrmsd_norm,40,0.7042432578620531
33764.44,COL-min-ED,10346,9770,438878,0,nrmsd_norm,42,0.704555716069462
33764.44,COL-min-ED,10346,9770,438878,0,nrmsd_norm,44,0.7035283831986561
33764.44,COL-min-ED,10346,7025,438878,0,nrmsd_norm,46,0.7022424937131914
33764.44,COL-min-ED,10346,48,438878,0,nrmsd_norm,48,0.6976558470975692
33764.44,COL-min-ED,10346,48,438878,0,nrmsd_norm,50,0.6986133061646682
33764.44,COL-min-ED,10346,48,438878,0,nrmsd_norm,55,0.6945257155177201
33764.44,COL-min-ED,10346,2007,438878,0,nrmsd_norm,60,0.6991252388653965
33764.44,COL-min-ED,10346,1342,438878,0,nrmsd_norm,65,0.6828151889699681
33764.44,COL-min-ED,10346,1268,438878,0,nrmsd_norm,70,0.6882126644186086
33764.44,COL-min-ED,10346,1268,438878,0,nrmsd_norm,75,0.6832190814935492
33764.44,COL-min-ED,10346,1268,438878,0,nrmsd_norm,80,0.6881469775075927
33764.44,COL-min-ED,10346,1268,438878,0,nrmsd_norm,85,0.681284639928152
33764.44,COL-min-ED,10346,1268,438878,0,nrmsd_norm,90,0.6841673959395961
33764.44,COL-min-ED,10346,1268,438878,0,nrmsd_norm,95,0.6774873682175802
33764.44,COL-min-ED,10346,1342,438878,0,nrmsd_norm,100,0.6746612650545328
33764.44,COL-min-ED,10346,12107,433015,0,nrmsd_norm,5,0.6277100347003851
33764.44,COL-min-ED,10346,1884,433015,0,nrmsd_norm,6,0.6607913839278355
33764.44,COL-min-ED,10346,6827,433015,0,nrmsd_norm,7,0.671095035916916
33764.44,COL-min-ED,10346,6827,433015,0,nrmsd_norm,8,0.6831022831359144
33764.44,COL-min-ED,10346,11609,433015,0,nrmsd_norm,9,0.673007248080856
33764.44,COL-min-ED,10346,11609,433015,0,nrmsd_norm,10,0.6771661080352727
33764.44,COL-min-ED,10346,11609,433015,0,nrmsd_norm,11,0.7069057240759739
33764.44,COL-min-ED,10346,1342,433015,0,nrmsd_norm,12,0.694646849166427
33764.44,COL-min-ED,10346,1342,433015,0,nrmsd_norm,13,0.6996598720471916
33764.44,COL-min-ED,10346,1342,433015,0,nrmsd_norm,14,0.6965208569566633
33764.44,COL-min-ED,10346,11609,433015,0,nrmsd_norm,15,0.6996933133636918
33764.44,COL-min-ED,10346,11609,433015,0,nrmsd_norm,16,0.7064672477121015
33764.44,COL-min-ED,10346,1381,433015,0,nrmsd_norm,17,0.6640019531875231
33764.44,COL-min-ED,10346,1381,433015,0,nrmsd_norm,18,0.6670696512116399
33764.44,COL-min-ED,10346,1381,433015,0,nrmsd_norm,19,0.6782375741966141
33764.44,COL-min-ED,10346,1381,433015,0,nrmsd_norm,20,0.685573359178678
33764.44,COL-min-ED,10346,10346,433015,0,nrmsd_norm,22,0.6765385609485054
33764.44,COL-min-ED,10346,10346,433015,0,nrmsd_norm,24,0.6716173210799763
33764.44,COL-min-ED,10346,10346,433015,0,nrmsd_norm,26,0.6887117521737256
33764.44,COL-min-ED,10346,6845,433015,0,nrmsd_norm,28,0.6963672754576137
33764.44,COL-min-ED,10346,10346,433015,0,nrmsd_norm,30,0.6948794626893317
33764.44,COL-min-ED,10346,10346,433015,0,nrmsd_norm,32,0.6880095562643862
33764.44,COL-min-ED,10346,10346,433015,0,nrmsd_norm,34,0.6852920890830073
33764.44,COL-min-ED,10346,8104,433015,0,nrmsd_norm,36,0.6880789839505512
33764.44,COL-min-ED,10346,8104,433015,0,nrmsd_norm,38,0.6794777875986164
33764.44,COL-min-ED,10346,7232,433015,0,nrmsd_norm,40,0.6876608631084706
33764.44,COL-min-ED,10346,7232,433015,0,nrmsd_norm,42,0.6887641020245969
33764.44,COL-min-ED,10346,8104,433015,0,nrmsd_norm,44,0.6915528888912611
33764.44,COL-min-ED,10346,8104,433015,0,nrmsd_norm,46,0.686079621839535
33764.44,COL-min-ED,10346,8104,433015,0,nrmsd_norm,48,0.6815749520882753
33764.44,COL-min-ED,10346,11609,433015,0,nrmsd_norm,50,0.6830700823511702
33764.44,COL-min-ED,10346,11609,433015,0,nrmsd_norm,55,0.675535140797193
33764.44,COL-min-ED,10346,10346,433015,0,nrmsd_norm,60,0.6756826280780377
33764.44,COL-min-ED,10346,10346,433015,0,nrmsd_norm,65,0.6581007900705422
33764.44,COL-min-ED,10346,11609,433015,0,nrmsd_norm,70,0.6635811810105731
33764.44,COL-min-ED,10346,1381,433015,0,nrmsd_norm,75,0.6652476068502939
33764.44,COL-min-ED,10346,11609,433015,0,nrmsd_norm,80,0.6719715101083684
33764.44,COL-min-ED,10346,10346,433015,0,nrmsd_norm,85,0.6665147457945624
33764.44,COL-min-ED,10346,10346,433015,0,nrmsd_norm,90,0.671004426926859
33764.44,COL-min-ED,10346,10346,433015,0,nrmsd_norm,95,0.666445206567428
33764.44,COL-min-ED,10346,1342,433015,0,nrmsd_norm,100,0.6681689880345568
33764.44,COL-min-ED,10346,2261,858597,0,nrmsd_norm,5,0.5844757398008399
33764.44,COL-min-ED,10346,1457,858597,0,nrmsd_norm,6,0.6089943718616961
33764.44,COL-min-ED,10346,2618,858597,0,nrmsd_norm,7,0.6083097229726967
33764.44,COL-min-ED,10346,7644,858597,0,nrmsd_norm,8,0.6270845412097974
33764.44,COL-min-ED,10346,12274,858597,0,nrmsd_norm,9,0.6439114355404313
33764.44,COL-min-ED,10346,6635,858597,0,nrmsd_norm,10,0.6639934052474248
33764.44,COL-min-ED,10346,6635,858597,0,nrmsd_norm,11,0.6973597671945011
33764.44,COL-min-ED,10346,6845,858597,0,nrmsd_norm,12,0.6873914830872143
33764.44,COL-min-ED,10346,6845,858597,0,nrmsd_norm,13,0.6912218376391744
33764.44,COL-min-ED,10346,10346,858597,0,nrmsd_norm,14,0.6923133337445121
33764.44,COL-min-ED,10346,10346,858597,0,nrmsd_norm,15,0.6937586406810362
33764.44,COL-min-ED,10346,10346,858597,0,nrmsd_norm,16,0.7025057679181512
33764.44,COL-min-ED,10346,10346,858597,0,nrmsd_norm,17,0.6629425933028938
33764.44,COL-min-ED,10346,10346,858597,0,nrmsd_norm,18,0.6687239788338195
33764.44,COL-min-ED,10346,1381,858597,0,nrmsd_norm,19,0.6806419948275051
33764.44,COL-min-ED,10346,1381,858597,0,nrmsd_norm,20,0.6860655003446453
33764.44,COL-min-ED,10346,1381,858597,0,nrmsd_norm,22,0.6805297873305707
33764.44,COL-min-ED,10346,1381,858597,0,nrmsd_norm,24,0.6781383138563345
33764.44,COL-min-ED,10346,1381,858597,0,nrmsd_norm,26,0.6909920471706503
33764.44,COL-min-ED,10346,1381,858597,0,nrmsd_norm,28,0.7009485987967015
33764.44,COL-min-ED,10346,1381,858597,0,nrmsd_norm,30,0.7015657167092922
33764.44,COL-min-ED,10346,1381,858597,0,nrmsd_norm,32,0.692073700062049
33764.44,COL-min-ED,10346,1381,858597,0,nrmsd_norm,34,0.6930669184979333
33764.44,COL-min-ED,10346,1381,858597,0,nrmsd_norm,36,0.6933971748788329
33764.44,COL-min-ED,10346,1381,858597,0,nrmsd_norm,38,0.6865304454611159
33764.44,COL-min-ED,10346,1381,858597,0,nrmsd_norm,40,0.6942928102484985
33764.44,COL-min-ED,10346,1381,858597,0,nrmsd_norm,42,0.6978017061069146
33764.44,COL-min-ED,10346,1381,858597,0,nrmsd_norm,44,0.6990087536649677
33764.44,COL-min-ED,10346,6824,858597,0,nrmsd_norm,46,0.6955828072375422
33764.44,COL-min-ED,10346,1381,858597,0,nrmsd_norm,48,0.6897396129340017
33764.44,COL-min-ED,10346,1381,858597,0,nrmsd_norm,50,0.6906404519604841
33764.44,COL-min-ED,10346,1381,858597,0,nrmsd_norm,55,0.6888381176862244
33764.44,COL-min-ED,10346,1381,858597,0,nrmsd_norm,60,0.6931977901205251
33764.44,COL-min-ED,10346,10346,858597,0,nrmsd_norm,65,0.6767239273574313
33764.44,COL-min-ED,10346,10346,858597,0,nrmsd_norm,70,0.683001654226577
33764.44,COL-min-ED,10346,10346,858597,0,nrmsd_norm,75,0.6802219479152332
33764.44,COL-min-ED,10346,10346,858597,0,nrmsd_norm,80,0.6868025619590968
33764.44,COL-min-ED,10346,10346,858597,0,nrmsd_norm,85,0.6797566113944948
33764.44,COL-min-ED,10346,6845,858597,0,nrmsd_norm,90,0.6837522155784678
33764.44,COL-min-ED,10346,6845,858597,0,nrmsd_norm,95,0.6779418186607774
33764.44,COL-min-ED,10346,6845,858597,0,nrmsd_norm,100,0.6781053872093556
33764.44,COL-min-ED,10346,8017,85945,0,nrmsd_norm,5,0.5564155185374162
33764.44,COL-min-ED,10346,7849,85945,0,nrmsd_norm,6,0.5568225621951235
33764.44,COL-min-ED,10346,1149,85945,0,nrmsd_norm,7,0.5476758427164986
33764.44,COL-min-ED,10346,1149,85945,0,nrmsd_norm,8,0.5618853875606785
33764.44,COL-min-ED,10346,1149,85945,0,nrmsd_norm,9,0.5979212606630546
33764.44,COL-min-ED,10346,1149,85945,0,nrmsd_norm,10,0.617771630267786
33764.44,COL-min-ED,10346,1149,85945,0,nrmsd_norm,11,0.6670804842870639
33764.44,COL-min-ED,10346,1149,85945,0,nrmsd_norm,12,0.6699819016775775
33764.44,COL-min-ED,10346,1149,85945,0,nrmsd_norm,13,0.6751541006920176
33764.44,COL-min-ED,10346,7843,85945,0,nrmsd_norm,14,0.6762025899720565
33764.44,COL-min-ED,10346,7843,85945,0,nrmsd_norm,15,0.6735221383801258
33764.44,COL-min-ED,10346,7843,85945,0,nrmsd_norm,16,0.684863837674416
33764.44,COL-min-ED,10346,7373,85945,0,nrmsd_norm,17,0.6741337953672315
33764.44,COL-min-ED,10346,7373,85945,0,nrmsd_norm,18,0.6813169875201308
33764.44,COL-min-ED,10346,2618,85945,0,nrmsd_norm,19,0.6846373732269975
33764.44,COL-min-ED,10346,7373,85945,0,nrmsd_norm,20,0.6934816423997101
33764.44,COL-min-ED,10346,7202,85945,0,nrmsd_norm,22,0.6836272811767423
33764.44,COL-min-ED,10346,2618,85945,0,nrmsd_norm,24,0.6781672976335767
33764.44,COL-min-ED,10346,2618,85945,0,nrmsd_norm,26,0.6940904808920345
33764.44,COL-min-ED,10346,7373,85945,0,nrmsd_norm,28,0.7013414999226897
33764.44,COL-min-ED,10346,7373,85945,0,nrmsd_norm,30,0.6983478404529156
33764.44,COL-min-ED,10346,2618,85945,0,nrmsd_norm,32,0.6907480835865953
33764.44,COL-min-ED,10346,2618,85945,0,nrmsd_norm,34,0.6890268175402188
33764.44,COL-min-ED,10346,2618,85945,0,nrmsd_norm,36,0.6900582135638221
33764.44,COL-min-ED,10346,2618,85945,0,nrmsd_norm,38,0.6858219662204806
33764.44,COL-min-ED,10346,2618,85945,0,nrmsd_norm,40,0.695045980903448
33764.44,COL-min-ED,10346,2618,85945,0,nrmsd_norm,42,0.6937480219845689
33764.44,COL-min-ED,10346,2618,85945,0,nrmsd_norm,44,0.6959482544216072
33764.44,COL-min-ED,10346,2618,85945,0,nrmsd_norm,46,0.6910621399345871
33764.44,COL-min-ED,10346,2618,85945,0,nrmsd_norm,48,0.6879367050205203
33764.44,COL-min-ED,10346,2618,85945,0,nrmsd_norm,50,0.6890576160506838
33764.44,COL-min-ED,10346,2618,85945,0,nrmsd_norm,55,0.6841850070404434
33764.44,COL-min-ED,10346,7202,85945,0,nrmsd_norm,60,0.6840960475698076
33764.44,COL-min-ED,10346,6845,85945,0,nrmsd_norm,65,0.6628358378592336
33764.44,COL-min-ED,10346,6845,85945,0,nrmsd_norm,70,0.6711201396010308
33764.44,COL-min-ED,10346,10346,85945,0,nrmsd_norm,75,0.6724764466526836
33764.44,COL-min-ED,10346,6845,85945,0,nrmsd_norm,80,0.6794847018402799
33764.44,COL-min-ED,10346,10346,85945,0,nrmsd_norm,85,0.6738476804803714
33764.44,COL-min-ED,10346,6845,85945,0,nrmsd_norm,90,0.6799266654465669
33764.44,COL-min-ED,10346,10346,85945,0,nrmsd_norm,95,0.6717313866094791
33764.44,COL-min-ED,10346,10346,85945,0,nrmsd_norm,100,0.6680505903756123
33764.44,COL-min-ED,10346,6629,697368,0,nrmsd_norm,5,0.629349904249531
33764.44,COL-min-ED,10346,10583,697368,0,nrmsd_norm,6,0.6625972755883068
33764.44,COL-min-ED,10346,7197,697368,0,nrmsd_norm,7,0.5902722567258081
33764.44,COL-min-ED,10346,8995,697368,0,nrmsd_norm,8,0.6203627412005697
33764.44,COL-min-ED,10346,8995,697368,0,nrmsd_norm,9,0.6350553966609604
33764.44,COL-min-ED,10346,1884,697368,0,nrmsd_norm,10,0.6358931851384045
33764.44,COL-min-ED,10346,1884,697368,0,nrmsd_norm,11,0.6796774121512456
33764.44,COL-min-ED,10346,9249,697368,0,nrmsd_norm,12,0.6733468653837067
33764.44,COL-min-ED,10346,9249,697368,0,nrmsd_norm,13,0.6826284768653309
33764.44,COL-min-ED,10346,9249,697368,0,nrmsd_norm,14,0.6889913032251512
33764.44,COL-min-ED,10346,9249,697368,0,nrmsd_norm,15,0.6857188078279193
33764.44,COL-min-ED,10346,9249,697368,0,nrmsd_norm,16,0.6950442017971141
33764.44,COL-min-ED,10346,9249,697368,0,nrmsd_norm,17,0.6858031086920635
33764.44,COL-min-ED,10346,9249,697368,0,nrmsd_norm,18,0.6897685857388527
33764.44,COL-min-ED,10346,1884,697368,0,nrmsd_norm,19,0.6998233141225592
33764.44,COL-min-ED,10346,1884,697368,0,nrmsd_norm,20,0.7063390183621477
33764.44,COL-min-ED,10346,7442,697368,0,nrmsd_norm,22,0.7010423588047625
33764.44,COL-min-ED,10346,7275,697368,0,nrmsd_norm,24,0.6971567859179444
33764.44,COL-min-ED,10346,7442,697368,0,nrmsd_norm,26,0.7152043237151037
33764.44,COL-min-ED,10346,2320,697368,0,nrmsd_norm,28,0.7259880792457388
33764.44,COL-min-ED,10346,6072,697368,0,nrmsd_norm,30,0.7233827924106007
33764.44,COL-min-ED,10346,2320,697368,0,nrmsd_norm,32,0.7076646269622736
33764.44,COL-min-ED,10346,2109,697368,0,nrmsd_norm,34,0.7060785653680954
33764.44,COL-min-ED,10346,2109,697368,0,nrmsd_norm,36,0.7083195279398771
33764.44,COL-min-ED,10346,2109,697368,0,nrmsd_norm,38,0.7007699762116738
33764.44,COL-min-ED,10346,2109,697368,0,nrmsd_norm,40,0.7074080892530838
33764.44,COL-min-ED,10346,2109,697368,0,nrmsd_norm,42,0.7060576804418189
33764.44,COL-min-ED,10346,2320,697368,0,nrmsd_norm,44,0.7013693886562223
33764.44,COL-min-ED,10346,5816,697368,0,nrmsd_norm,46,0.7025271029952233
33764.44,COL-min-ED,10346,2109,697368,0,nrmsd_norm,48,0.6969450999727237
33764.44,COL-min-ED,10346,596,697368,0,nrmsd_norm,50,0.6961888893730792
33764.44,COL-min-ED,10346,9100,697368,0,nrmsd_norm,55,0.6921271515058034
33764.44,COL-min-ED,10346,2109,697368,0,nrmsd_norm,60,0.6934018134566864
33764.44,COL-min-ED,10346,2457,697368,0,nrmsd_norm,65,0.6742965326376877
33764.44,COL-min-ED,10346,2457,697368,0,nrmsd_norm,70,0.6822251906667823
33764.44,COL-min-ED,10346,2457,697368,0,nrmsd_norm,75,0.6805804100964434
33764.44,COL-min-ED,10346,2457,697368,0,nrmsd_norm,80,0.6866363090013139
33764.44,COL-min-ED,10346,12131,697368,0,nrmsd_norm,85,0.6800744613869939
33764.44,COL-min-ED,10346,2457,697368,0,nrmsd_norm,90,0.682826180915564
33764.44,COL-min-ED,10346,11093,697368,0,nrmsd_norm,95,0.6769564186847224
33764.44,COL-min-ED,10346,1715,697368,0,nrmsd_norm,100,0.6746920736781956
33764.44,COL-min-ED,10346,458,201469,0,nrmsd_norm,5,0.5871548253471882
33764.44,COL-min-ED,10346,6624,201469,0,nrmsd_norm,6,0.6287011472136175
33764.44,COL-min-ED,10346,7202,201469,0,nrmsd_norm,7,0.6242613176266599
33764.44,COL-min-ED,10346,7202,201469,0,nrmsd_norm,8,0.6408268321255709
33764.44,COL-min-ED,10346,7201,201469,0,nrmsd_norm,9,0.6607289998294635
33764.44,COL-min-ED,10346,11461,201469,0,nrmsd_norm,10,0.66357637461077
33764.44,COL-min-ED,10346,1191,201469,0,nrmsd_norm,11,0.7003536400745201
33764.44,COL-min-ED,10346,10522,201469,0,nrmsd_norm,12,0.6928719022711016
33764.44,COL-min-ED,10346,10522,201469,0,nrmsd_norm,13,0.7026969650322266
33764.44,COL-min-ED,10346,10522,201469,0,nrmsd_norm,14,0.7046883681136928
33764.44,COL-min-ED,10346,866,201469,0,nrmsd_norm,15,0.7040284242753753
33764.44,COL-min-ED,10346,866,201469,0,nrmsd_norm,16,0.7092063252590388
33764.44,COL-min-ED,10346,866,201469,0,nrmsd_norm,17,0.6735038691442166
33764.44,COL-min-ED,10346,866,201469,0,nrmsd_norm,18,0.678009232491837
33764.44,COL-min-ED,10346,6629,201469,0,nrmsd_norm,19,0.6901610560551973
33764.44,COL-min-ED,10346,866,201469,0,nrmsd_norm,20,0.6923918206845348
33764.44,COL-min-ED,10346,9793,201469,0,nrmsd_norm,22,0.6844468662182731
33764.44,COL-min-ED,10346,9793,201469,0,nrmsd_norm,24,0.6825471046646122
33764.44,COL-min-ED,10346,9793,201469,0,nrmsd_norm,26,0.6966518061111611
33764.44,COL-min-ED,10346,9793,201469,0,nrmsd_norm,28,0.7051826311803941
33764.44,COL-min-ED,10346,9793,201469,0,nrmsd_norm,30,0.7021759587426233
33764.44,COL-min-ED,10346,9793,201469,0,nrmsd_norm,32,0.6921092565184482
33764.44,COL-min-ED,10346,1381,201469,0,nrmsd_norm,34,0.6921080744402073
33764.44,COL-min-ED,10346,9793,201469,0,nrmsd_norm,36,0.6921285397661563
33764.44,COL-min-ED,10346,6824,201469,0,nrmsd_norm,38,0.6893959149784123
33764.44,COL-min-ED,10346,6824,201469,0,nrmsd_norm,40,0.6962263277191475
33764.44,COL-min-ED,10346,6824,201469,0,nrmsd_norm,42,0.6964797064483366
33764.44,COL-min-ED,10346,6824,201469,0,nrmsd_norm,44,0.6960763927857727
33764.44,COL-min-ED,10346,6824,201469,0,nrmsd_norm,46,0.6930869876715563
33764.44,COL-min-ED,10346,6824,201469,0,nrmsd_norm,48,0.688648914410098
33764.44,COL-min-ED,10346,6824,201469,0,nrmsd_norm,50,0.6885885934107361
33764.44,COL-min-ED,10346,866,201469,0,nrmsd_norm,55,0.6858526295286558
33764.44,COL-min-ED,10346,866,201469,0,nrmsd_norm,60,0.6856733512299744
33764.44,COL-min-ED,10346,6824,201469,0,nrmsd_norm,65,0.6691869019970675
33764.44,COL-min-ED,10346,6678,201469,0,nrmsd_norm,70,0.6747085769681614
33764.44,COL-min-ED,10346,6824,201469,0,nrmsd_norm,75,0.6744455048200337
33764.44,COL-min-ED,10346,6678,201469,0,nrmsd_norm,80,0.6797045961557284
33764.44,COL-min-ED,10346,6678,201469,0,nrmsd_norm,85,0.674344095249383
33764.44,COL-min-ED,10346,6678,201469,0,nrmsd_norm,90,0.6756793464639315
33764.44,COL-min-ED,10346,6678,201469,0,nrmsd_norm,95,0.6667213267262734
33764.44,COL-min-ED,10346,6678,201469,0,nrmsd_norm,100,0.6655172696659171
33764.44,COL-min-ED,10346,2669,94177,0,nrmsd_norm,5,0.577032402595316
33764.44,COL-min-ED,10346,8015,94177,0,nrmsd_norm,6,0.5911553134244346
33764.44,COL-min-ED,10346,10416,94177,0,nrmsd_norm,7,0.5781067547068075
33764.44,COL-min-ED,10346,10416,94177,0,nrmsd_norm,8,0.5950899448056273
33764.44,COL-min-ED,10346,10416,94177,0,nrmsd_norm,9,0.6356222683615885
33764.44,COL-min-ED,10346,10416,94177,0,nrmsd_norm,10,0.6412269853975612
33764.44,COL-min-ED,10346,6845,94177,0,nrmsd_norm,11,0.6863986125403488
33764.44,COL-min-ED,10346,10346,94177,0,nrmsd_norm,12,0.6919337033510602
33764.44,COL-min-ED,10346,10346,94177,0,nrmsd_norm,13,0.6945945333568762
33764.44,COL-min-ED,10346,6827,94177,0,nrmsd_norm,14,0.6939406464150562
33764.44,COL-min-ED,10346,6827,94177,0,nrmsd_norm,15,0.6927216879893235
33764.44,COL-min-ED,10346,6827,94177,0,nrmsd_norm,16,0.7012777319387432
33764.44,COL-min-ED,10346,900,94177,0,nrmsd_norm,17,0.6327384870202106
33764.44,COL-min-ED,10346,900,94177,0,nrmsd_norm,18,0.6393858094316723
33764.44,COL-min-ED,10346,6823,94177,0,nrmsd_norm,19,0.6537268649716093
33764.44,COL-min-ED,10346,6823,94177,0,nrmsd_norm,20,0.6626366326348436
33764.44,COL-min-ED,10346,9793,94177,0,nrmsd_norm,22,0.6523454979531246
33764.44,COL-min-ED,10346,9793,94177,0,nrmsd_norm,24,0.6490449479695688
33764.44,COL-min-ED,10346,9793,94177,0,nrmsd_norm,26,0.6683985136134387
33764.44,COL-min-ED,10346,9793,94177,0,nrmsd_norm,28,0.6795418289690216
33764.44,COL-min-ED,10346,866,94177,0,nrmsd_norm,30,0.6798689696127213
33764.44,COL-min-ED,10346,866,94177,0,nrmsd_norm,32,0.6702430295551259
33764.44,COL-min-ED,10346,6823,94177,0,nrmsd_norm,34,0.6716798916151543
33764.44,COL-min-ED,10346,6823,94177,0,nrmsd_norm,36,0.674699176770731
33764.44,COL-min-ED,10346,6823,94177,0,nrmsd_norm,38,0.6711699088483275
33764.44,COL-min-ED,10346,6823,94177,0,nrmsd_norm,40,0.6789651579641977
33764.44,COL-min-ED,10346,6823,94177,0,nrmsd_norm,42,0.6806322039201768
33764.44,COL-min-ED,10346,6823,94177,0,nrmsd_norm,44,0.6809770111217591
33764.44,COL-min-ED,10346,866,94177,0,nrmsd_norm,46,0.6803505596917035
33764.44,COL-min-ED,10346,866,94177,0,nrmsd_norm,48,0.6779730822865232
33764.44,COL-min-ED,10346,9793,94177,0,nrmsd_norm,50,0.6777815831205626
33764.44,COL-min-ED,10346,9793,94177,0,nrmsd_norm,55,0.6738996479653927
33764.44,COL-min-ED,10346,9793,94177,0,nrmsd_norm,60,0.6713645188965472
33764.44,COL-min-ED,10346,1381,94177,0,nrmsd_norm,65,0.6570679685887392
33764.44,COL-min-ED,10346,1381,94177,0,nrmsd_norm,70,0.6649037408969899
33764.44,COL-min-ED,10346,1381,94177,0,nrmsd_norm,75,0.6645830543826386
33764.44,COL-min-ED,10346,1381,94177,0,nrmsd_norm,80,0.6716642175241677
33764.44,COL-min-ED,10346,1381,94177,0,nrmsd_norm,85,0.6655727694946202
33764.44,COL-min-ED,10346,1381,94177,0,nrmsd_norm,90,0.6694690088992957
33764.44,COL-min-ED,10346,10346,94177,0,nrmsd_norm,95,0.662430270403169
33764.44,COL-min-ED,10346,1381,94177,0,nrmsd_norm,100,0.6612099217296296
33764.44,KDPP,10346,10188,89250,0,nrmsd_norm,5,0.6375338913520755
33764.44,KDPP,10346,2327,89250,0,nrmsd_norm,6,0.5525789376744838
33764.44,KDPP,10346,673,89250,0,nrmsd_norm,7,0.5241091830239024
33764.44,KDPP,10346,673,89250,0,nrmsd_norm,8,0.5122325067151131
33764.44,KDPP,10346,11242,89250,0,nrmsd_norm,9,0.4400655893804149
33764.44,KDPP,10346,11242,89250,0,nrmsd_norm,10,0.4326726257734491
33764.44,KDPP,10346,673,89250,0,nrmsd_norm,11,0.43517168676538726
33764.44,KDPP,10346,7350,89250,0,nrmsd_norm,12,0.42769479647206954
33764.44,KDPP,10346,7350,89250,0,nrmsd_norm,13,0.4043873413937169
33764.44,KDPP,10346,7350,89250,0,nrmsd_norm,14,0.38359914423323205
33764.44,KDPP,10346,7350,89250,0,nrmsd_norm,15,0.4044325444955365
33764.44,KDPP,10346,7350,89250,0,nrmsd_norm,16,0.41511668857181894
33764.44,KDPP,10346,673,89250,0,nrmsd_norm,17,0.41010752126926386
33764.44,KDPP,10346,11242,89250,0,nrmsd_norm,18,0.3820247322952976
33764.44,KDPP,10346,11242,89250,0,nrmsd_norm,19,0.36149000820925437
33764.44,KDPP,10346,11242,89250,0,nrmsd_norm,20,0.352931289978816
33764.44,KDPP,10346,673,89250,0,nrmsd_norm,22,0.3579964750112042
33764.44,KDPP,10346,673,89250,0,nrmsd_norm,24,0.3667595474502197
33764.44,KDPP,10346,673,89250,0,nrmsd_norm,26,0.3663161525713125
33764.44,KDPP,10346,11673,89250,0,nrmsd_norm,28,0.3556254736244178
33764.44,KDPP,10346,11673,89250,0,nrmsd_norm,30,0.3622880205381655
33764.44,KDPP,10346,11673,89250,0,nrmsd_norm,32,0.3528533851933993
33764.44,KDPP,10346,11242,89250,0,nrmsd_norm,34,0.3416834763584003
33764.44,KDPP,10346,11242,89250,0,nrmsd_norm,36,0.35103931266672106
33764.44,KDPP,10346,11242,89250,0,nrmsd_norm,38,0.34851855441070806
33764.44,KDPP,10346,11242,89250,0,nrmsd_norm,40,0.33495502855610365
33764.44,KDPP,10346,11673,89250,0,nrmsd_norm,42,0.3272033935649784
33764.44,KDPP,10346,11673,89250,0,nrmsd_norm,44,0.3193225942730797
33764.44,KDPP,10346,11242,89250,0,nrmsd_norm,46,0.3253509644673427
33764.44,KDPP,10346,3425,89250,0,nrmsd_norm,48,0.3264504436880806
33764.44,KDPP,10346,2278,89250,0,nrmsd_norm,50,0.32899052874841217
33764.44,KDPP,10346,7183,89250,0,nrmsd_norm,55,0.34726523581515273
33764.44,KDPP,10346,7183,89250,0,nrmsd_norm,60,0.34027822899345056
33764.44,KDPP,10346,7183,89250,0,nrmsd_norm,65,0.3335604666638032
33764.44,KDPP,10346,12482,89250,0,nrmsd_norm,70,0.33056908606512986
33764.44,KDPP,10346,12482,89250,0,nrmsd_norm,75,0.32937677910368357
33764.44,KDPP,10346,10346,89250,0,nrmsd_norm,80,0.3261077774114424
33764.44,KDPP,10346,12482,89250,0,nrmsd_norm,85,0.32998364921948575
33764.44,KDPP,10346,12482,89250,0,nrmsd_norm,90,0.3330112343679391
33764.44,KDPP,10346,12482,89250,0,nrmsd_norm,95,0.33481574027868555
33764.44,KDPP,10346,12482,89250,0,nrmsd_norm,100,0.33826062051732425
33764.44,KDPP,10346,9793,773956,0,nrmsd_norm,5,0.6201030132890301
33764.44,KDPP,10346,6824,773956,0,nrmsd_norm,6,0.5209777713090155
33764.44,KDPP,10346,6824,773956,0,nrmsd_norm,7,0.49320813871840247
33764.44,KDPP,10346,6824,773956,0,nrmsd_norm,8,0.46084819909836006
33764.44,KDPP,10346,6827,773956,0,nrmsd_norm,9,0.4514989820114348
33764.44,KDPP,10346,9577,773956,0,nrmsd_norm,10,0.4740877868067683
33764.44,KDPP,10346,8104,773956,0,nrmsd_norm,11,0.45082734511024436
33764.44,KDPP,10346,11377,773956,0,nrmsd_norm,12,0.4437510137908601
33764.44,KDPP,10346,11377,773956,0,nrmsd_norm,13,0.41688541407546537
33764.44,KDPP,10346,1342,773956,0,nrmsd_norm,14,0.40397725995696804
33764.44,KDPP,10346,573,773956,0,nrmsd_norm,15,0.40304360066945866
33764.44,KDPP,10346,573,773956,0,nrmsd_norm,16,0.41036592745520045
33764.44,KDPP,10346,573,773956,0,nrmsd_norm,17,0.4085878257805615
33764.44,KDPP,10346,573,773956,0,nrmsd_norm,18,0.3832326273145995
33764.44,KDPP,10346,1342,773956,0,nrmsd_norm,19,0.35499453369385936
33764.44,KDPP,10346,6845,773956,0,nrmsd_norm,20,0.3466945675341344
33764.44,KDPP,10346,6845,773956,0,nrmsd_norm,22,0.3468198079468289
33764.44,KDPP,10346,1342,773956,0,nrmsd_norm,24,0.3561093698205423
33764.44,KDPP,10346,1342,773956,0,nrmsd_norm,26,0.3427326441526373
33764.44,KDPP,10346,1342,773956,0,nrmsd_norm,28,0.33773184475309825
33764.44,KDPP,10346,1342,773956,0,nrmsd_norm,30,0.344373562227001
33764.44,KDPP,10346,1342,773956,0,nrmsd_norm,32,0.3436476667881002
33764.44,KDPP,10346,1342,773956,0,nrmsd_norm,34,0.3319522586881233
33764.44,KDPP,10346,1342,773956,0,nrmsd_norm,36,0.34255142829258844
33764.44,KDPP,10346,10346,773956,0,nrmsd_norm,38,0.3401807701124939
33764.44,KDPP,10346,10346,773956,0,nrmsd_norm,40,0.33038578406028196
33764.44,KDPP,10346,10346,773956,0,nrmsd_norm,42,0.32273880251690773
33764.44,KDPP,10346,10346,773956,0,nrmsd_norm,44,0.31486625483969444
33764.44,KDPP,10346,10346,773956,0,nrmsd_norm,46,0.32693370068261624
33764.44,KDPP,10346,10346,773956,0,nrmsd_norm,48,0.315443555032889
33764.44,KDPP,10346,10346,773956,0,nrmsd_norm,50,0.3155539699641591
33764.44,KDPP,10346,10346,773956,0,nrmsd_norm,55,0.3332251190137328
33764.44,KDPP,10346,10346,773956,0,nrmsd_norm,60,0.3256335173248092
33764.44,KDPP,10346,10346,773956,0,nrmsd_norm,65,0.32134272595097135
33764.44,KDPP,10346,10346,773956,0,nrmsd_norm,70,0.3244671584877273
33764.44,KDPP,10346,10346,773956,0,nrmsd_norm,75,0.32163013581348426
33764.44,KDPP,10346,10346,773956,0,nrmsd_norm,80,0.3195592630811895
33764.44,KDPP,10346,10346,773956,0,nrmsd_norm,85,0.32282999109198646
33764.44,KDPP,10346,10346,773956,0,nrmsd_norm,90,0.32930488878223196
33764.44,KDPP,10346,10346,773956,0,nrmsd_norm,95,0.3288062163225861
33764.44,KDPP,10346,10346,773956,0,nrmsd_norm,100,0.3286011385928505
33764.44,KDPP,10346,128,654571,0,nrmsd_norm,5,0.5800361289656877
33764.44,KDPP,10346,1381,654571,0,nrmsd_norm,6,0.5231313533568096
33764.44,KDPP,10346,6827,654571,0,nrmsd_norm,7,0.49947302175310604
33764.44,KDPP,10346,11609,654571,0,nrmsd_norm,8,0.4637685746614177
33764.44,KDPP,10346,10346,654571,0,nrmsd_norm,9,0.4191997902751551
33764.44,KDPP,10346,10346,654571,0,nrmsd_norm,10,0.37081543655970484
33764.44,KDPP,10346,11609,654571,0,nrmsd_norm,11,0.36402849243183094
33764.44,KDPP,10346,11609,654571,0,nrmsd_norm,12,0.37058603896498515
33764.44,KDPP,10346,11609,654571,0,nrmsd_norm,13,0.3471425982480774
33764.44,KDPP,10346,10346,654571,0,nrmsd_norm,14,0.34406470392923316
33764.44,KDPP,10346,10346,654571,0,nrmsd_norm,15,0.35249196529858307
33764.44,KDPP,10346,10346,654571,0,nrmsd_norm,16,0.36961754785426926
33764.44,KDPP,10346,10346,654571,0,nrmsd_norm,17,0.3678259296287546
33764.44,KDPP,10346,6827,654571,0,nrmsd_norm,18,0.3539151886894653
33764.44,KDPP,10346,6827,654571,0,nrmsd_norm,19,0.33548019096096565
33764.44,KDPP,10346,10346,654571,0,nrmsd_norm,20,0.3302557109574881
33764.44,KDPP,10346,11609,654571,0,nrmsd_norm,22,0.33075362724523666
33764.44,KDPP,10346,11609,654571,0,nrmsd_norm,24,0.33956329009800773
33764.44,KDPP,10346,11609,654571,0,nrmsd_norm,26,0.3303450013141134
33764.44,KDPP,10346,11609,654571,0,nrmsd_norm,28,0.3236200196661956
33764.44,KDPP,10346,11609,654571,0,nrmsd_norm,30,0.3324609466568139
33764.44,KDPP,10346,11609,654571,0,nrmsd_norm,32,0.33082780932894873
33764.44,KDPP,10346,10346,654571,0,nrmsd_norm,34,0.319577261190948
33764.44,KDPP,10346,10346,654571,0,nrmsd_norm,36,0.32927023505413133
33764.44,KDPP,10346,10346,654571,0,nrmsd_norm,38,0.3264016684947071
33764.44,KDPP,10346,11609,654571,0,nrmsd_norm,40,0.31492317476973014
33764.44,KDPP,10346,11609,654571,0,nrmsd_norm,42,0.30717276878460337
33764.44,KDPP,10346,11609,654571,0,nrmsd_norm,44,0.3047703411672731
33764.44,KDPP,10346,11609,654571,0,nrmsd_norm,46,0.31640570601165424
33764.44,KDPP,10346,10346,654571,0,nrmsd_norm,48,0.3048314042063171
33764.44,KDPP,10346,11609,654571,0,nrmsd_norm,50,0.30143511492148345
33764.44,KDPP,10346,11609,654571,0,nrmsd_norm,55,0.3176960088507775
33764.44,KDPP,10346,11609,654571,0,nrmsd_norm,60,0.30969855484483544
33764.44,KDPP,10346,11609,654571,0,nrmsd_norm,65,0.3105265345921377
33764.44,KDPP,10346,11609,654571,0,nrmsd_norm,70,0.3075425246774318
33764.44,KDPP,10346,6827,654571,0,nrmsd_norm,75,0.3020817891678828
33764.44,KDPP,10346,10346,654571,0,nrmsd_norm,80,0.3040064339057015
33764.44,KDPP,10346,10346,654571,0,nrmsd_norm,85,0.30580604444783
33764.44,KDPP,10346,10346,654571,0,nrmsd_norm,90,0.30857998254285146
33764.44,KDPP,10346,10346,654571,0,nrmsd_norm,95,0.31618159248498806
33764.44,KDPP,10346,10346,654571,0,nrmsd_norm,100,0.31913147908294415
33764.44,KDPP,10346,6758,438878,0,nrmsd_norm,5,0.6022835037795191
33764.44,KDPP,10346,1381,438878,0,nrmsd_norm,6,0.511466706302728
33764.44,KDPP,10346,1381,438878,0,nrmsd_norm,7,0.48934747299306114
33764.44,KDPP,10346,9793,438878,0,nrmsd_norm,8,0.48924899243943215
33764.44,KDPP,10346,1381,438878,0,nrmsd_norm,9,0.4557636970980889
33764.44,KDPP,10346,1381,438878,0,nrmsd_norm,10,0.44775717497814116
33764.44,KDPP,10346,1381,438878,0,nrmsd_norm,11,0.45737275990421455
33764.44,KDPP,10346,1381,438878,0,nrmsd_norm,12,0.4436785218067076
33764.44,KDPP,10346,1381,438878,0,nrmsd_norm,13,0.43097935121736825
33764.44,KDPP,10346,10346,438878,0,nrmsd_norm,14,0.397967437046799
33764.44,KDPP,10346,10346,438878,0,nrmsd_norm,15,0.3919527679174074
33764.44,KDPP,10346,10346,438878,0,nrmsd_norm,16,0.39244461864410146
33764.44,KDPP,10346,10346,438878,0,nrmsd_norm,17,0.3928469929730331
33764.44,KDPP,10346,10346,438878,0,nrmsd_norm,18,0.3807846838675499
33764.44,KDPP,10346,10346,438878,0,nrmsd_norm,19,0.34676106781594335
33764.44,KDPP,10346,10346,438878,0,nrmsd_norm,20,0.340080238683294
33764.44,KDPP,10346,10346,438878,0,nrmsd_norm,22,0.33312756845686
33764.44,KDPP,10346,6827,438878,0,nrmsd_norm,24,0.3423136995846373
33764.44,KDPP,10346,1381,438878,0,nrmsd_norm,26,0.34116138673082375
33764.44,KDPP,10346,1381,438878,0,nrmsd_norm,28,0.3359855030409385
33764.44,KDPP,10346,1381,438878,0,nrmsd_norm,30,0.34600759795218233
33764.44,KDPP,10346,1381,438878,0,nrmsd_norm,32,0.3356467985668461
33764.44,KDPP,10346,1381,438878,0,nrmsd_norm,34,0.32472933274252463
33764.44,KDPP,10346,1381,438878,0,nrmsd_norm,36,0.3353176921893658
33764.44,KDPP,10346,10346,438878,0,nrmsd_norm,38,0.3352118148909186
33764.44,KDPP,10346,10346,438878,0,nrmsd_norm,40,0.3274995082525031
33764.44,KDPP,10346,6845,438878,0,nrmsd_norm,42,0.3204289866127286
33764.44,KDPP,10346,6845,438878,0,nrmsd_norm,44,0.31173179512758614
33764.44,KDPP,10346,10346,438878,0,nrmsd_norm,46,0.31995058336352766
33764.44,KDPP,10346,12482,438878,0,nrmsd_norm,48,0.31019140269361445
33764.44,KDPP,10346,6845,438878,0,nrmsd_norm,50,0.30738294893967033
33764.44,KDPP,10346,10346,438878,0,nrmsd_norm,55,0.3265962414556879
33764.44,KDPP,10346,10346,438878,0,nrmsd_norm,60,0.32211944607353055
33764.44,KDPP,10346,6845,438878,0,nrmsd_norm,65,0.3232278555685817
33764.44,KDPP,10346,6845,438878,0,nrmsd_norm,70,0.3164217003044537
33764.44,KDPP,10346,12482,438878,0,nrmsd_norm,75,0.31787927230571394
33764.44,KDPP,10346,12482,438878,0,nrmsd_norm,80,0.32189809923837237
33764.44,KDPP,10346,12482,438878,0,nrmsd_norm,85,0.32759690202795605
33764.44,KDPP,10346,12482,438878,0,nrmsd_norm,90,0.33129856881257513
33764.44,KDPP,10346,12482,438878,0,nrmsd_norm,95,0.3290848143823339
33764.44,KDPP,10346,12482,438878,0,nrmsd_norm,100,0.3344164888312079
33764.44,KDPP,10346,11162,433015,0,nrmsd_norm,5,0.6058725433132223
33764.44,KDPP,10346,1049,433015,0,nrmsd_norm,6,0.5794783352954352
33764.44,KDPP,10346,6829,433015,0,nrmsd_norm,7,0.555494241665752
33764.44,KDPP,10346,3695,433015,0,nrmsd_norm,8,0.5233386320206749
33764.44,KDPP,10346,6824,433015,0,nrmsd_norm,9,0.47808190003847145
33764.44,KDPP,10346,8711,433015,0,nrmsd_norm,10,0.4681890879662594
33764.44,KDPP,10346,1381,433015,0,nrmsd_norm,11,0.4322114986762756
33764.44,KDPP,10346,1381,433015,0,nrmsd_norm,12,0.4226570694743317
33764.44,KDPP,10346,6827,433015,0,nrmsd_norm,13,0.39498245955062555
33764.44,KDPP,10346,1381,433015,0,nrmsd_norm,14,0.3905665100309443
33764.44,KDPP,10346,1381,433015,0,nrmsd_norm,15,0.40860198146695853
33764.44,KDPP,10346,1381,433015,0,nrmsd_norm,16,0.4144945899993989
33764.44,KDPP,10346,1381,433015,0,nrmsd_norm,17,0.40587084664932077
33764.44,KDPP,10346,1396,433015,0,nrmsd_norm,18,0.37989313319551515
33764.44,KDPP,10346,1396,433015,0,nrmsd_norm,19,0.3453156347843778
33764.44,KDPP,10346,1381,433015,0,nrmsd_norm,20,0.3424026426262319
33764.44,KDPP,10346,1396,433015,0,nrmsd_norm,22,0.3328810213437327
33764.44,KDPP,10346,1396,433015,0,nrmsd_norm,24,0.34192517863911187
33764.44,KDPP,10346,1381,433015,0,nrmsd_norm,26,0.32343721555748534
33764.44,KDPP,10346,1381,433015,0,nrmsd_norm,28,0.31459679217443015
33764.44,KDPP,10346,10346,433015,0,nrmsd_norm,30,0.3334114675581498
33764.44,KDPP,10346,10346,433015,0,nrmsd_norm,32,0.33328043923487044
33764.44,KDPP,10346,6827,433015,0,nrmsd_norm,34,0.3198328030456045
33764.44,KDPP,10346,6827,433015,0,nrmsd_norm,36,0.327399050123892
33764.44,KDPP,10346,6827,433015,0,nrmsd_norm,38,0.3256439528497166
33764.44,KDPP,10346,6827,433015,0,nrmsd_norm,40,0.31741331325973615
33764.44,KDPP,10346,6827,433015,0,nrmsd_norm,42,0.3106218690130831
33764.44,KDPP,10346,6827,433015,0,nrmsd_norm,44,0.29845804278463894
33764.44,KDPP,10346,6827,433015,0,nrmsd_norm,46,0.3093736103474808
33764.44,KDPP,10346,6824,433015,0,nrmsd_norm,48,0.29434745891485686
33764.44,KDPP,10346,6824,433015,0,nrmsd_norm,50,0.2941445839091866
33764.44,KDPP,10346,1381,433015,0,nrmsd_norm,55,0.31714540912100403
33764.44,KDPP,10346,1381,433015,0,nrmsd_norm,60,0.3131979450440993
33764.44,KDPP,10346,1381,433015,0,nrmsd_norm,65,0.3155765837821214
33764.44,KDPP,10346,1381,433015,0,nrmsd_norm,70,0.31348772118304485
33764.44,KDPP,10346,1381,433015,0,nrmsd_norm,75,0.31348839396715716
33764.44,KDPP,10346,1381,433015,0,nrmsd_norm,80,0.30899291012350405
33764.44,KDPP,10346,1381,433015,0,nrmsd_norm,85,0.30832455828884686
33764.44,KDPP,10346,1381,433015,0,nrmsd_norm,90,0.3118900369422294
33764.44,KDPP,10346,1381,433015,0,nrmsd_norm,95,0.3138665565121697
33764.44,KDPP,10346,1381,433015,0,nrmsd_norm,100,0.31423819348687587
33764.44,KDPP,10346,9313,858597,0,nrmsd_norm,5,0.6433568515861198
33764.44,KDPP,10346,12314,858597,0,nrmsd_norm,6,0.5413280723225845
33764.44,KDPP,10346,3556,858597,0,nrmsd_norm,7,0.514971569525406
33764.44,KDPP,10346,2401,858597,0,nrmsd_norm,8,0.46456621224672456
33764.44,KDPP,10346,2401,858597,0,nrmsd_norm,9,0.39313444338740533
33764.44,KDPP,10346,11673,858597,0,nrmsd_norm,10,0.3683013245535247
33764.44,KDPP,10346,11313,858597,0,nrmsd_norm,11,0.37882172059314523
33764.44,KDPP,10346,11313,858597,0,nrmsd_norm,12,0.37496468618675144
33764.44,KDPP,10346,11313,858597,0,nrmsd_norm,13,0.37014098384910316
33764.44,KDPP,10346,11313,858597,0,nrmsd_norm,14,0.3596762798038024
33764.44,KDPP,10346,11313,858597,0,nrmsd_norm,15,0.3535745466791429
33764.44,KDPP,10346,11313,858597,0,nrmsd_norm,16,0.35897090015820454
33764.44,KDPP,10346,11313,858597,0,nrmsd_norm,17,0.3538194418315372
33764.44,KDPP,10346,11313,858597,0,nrmsd_norm,18,0.3398430930843082
33764.44,KDPP,10346,11313,858597,0,nrmsd_norm,19,0.3251186224494552
33764.44,KDPP,10346,11313,858597,0,nrmsd_norm,20,0.31792896166662216
33764.44,KDPP,10346,11606,858597,0,nrmsd_norm,22,0.32772556498258726
33764.44,KDPP,10346,11313,858597,0,nrmsd_norm,24,0.35246959787079657
33764.44,KDPP,10346,11313,858597,0,nrmsd_norm,26,0.3488933939940082
33764.44,KDPP,10346,11313,858597,0,nrmsd_norm,28,0.3416276323442142
33764.44,KDPP,10346,11313,858597,0,nrmsd_norm,30,0.34771573447462484
33764.44,KDPP,10346,3429,858597,0,nrmsd_norm,32,0.324790709326294
33764.44,KDPP,10346,3429,858597,0,nrmsd_norm,34,0.3162006833432481
33764.44,KDPP,10346,3429,858597,0,nrmsd_norm,36,0.3318757557018713
33764.44,KDPP,10346,3429,858597,0,nrmsd_norm,38,0.32904116471850836
33764.44,KDPP,10346,3429,858597,0,nrmsd_norm,40,0.31773118199238276
33764.44,KDPP,10346,3429,858597,0,nrmsd_norm,42,0.30915392354462207
33764.44,KDPP,10346,10925,858597,0,nrmsd_norm,44,0.3006232565295868
33764.44,KDPP,10346,3429,858597,0,nrmsd_norm,46,0.30451959105430026
33764.44,KDPP,10346,1396,858597,0,nrmsd_norm,48,0.2932116233696179
33764.44,KDPP,10346,1396,858597,0,nrmsd_norm,50,0.29194856984473266
33764.44,KDPP,10346,10925,858597,0,nrmsd_norm,55,0.3113093275318431
33764.44,KDPP,10346,1396,858597,0,nrmsd_norm,60,0.31109925714979836
33764.44,KDPP,10346,1396,858597,0,nrmsd_norm,65,0.3077929602096205
33764.44,KDPP,10346,1396,858597,0,nrmsd_norm,70,0.3098803348433471
33764.44,KDPP,10346,1396,858597,0,nrmsd_norm,75,0.3107962495707715
33764.44,KDPP,10346,1381,858597,0,nrmsd_norm,80,0.3099926557174607
33764.44,KDPP,10346,1381,858597,0,nrmsd_norm,85,0.3149517364238865
33764.44,KDPP,10346,1381,858597,0,nrmsd_norm,90,0.31830652887340183
33764.44,KDPP,10346,1381,858597,0,nrmsd_norm,95,0.3203618153759026
33764.44,KDPP,10346,1381,858597,0,nrmsd_norm,100,0.31870449173177445
33764.44,KDPP,10346,544,85945,0,nrmsd_norm,5,0.6225768934376417
33764.44,KDPP,10346,3556,85945,0,nrmsd_norm,6,0.5364452330706475
33764.44,KDPP,10346,3556,85945,0,nrmsd_norm,7,0.5086564228019097
33764.44,KDPP,10346,1715,85945,0,nrmsd_norm,8,0.4760333438716495
33764.44,KDPP,10346,11242,85945,0,nrmsd_norm,9,0.4283935438111114
33764.44,KDPP,10346,11242,85945,0,nrmsd_norm,10,0.40307112334752065
33764.44,KDPP,10346,11242,85945,0,nrmsd_norm,11,0.4014486090658695
33764.44,KDPP,10346,11242,85945,0,nrmsd_norm,12,0.40020317849547904
33764.44,KDPP,10346,11242,85945,0,nrmsd_norm,13,0.3938958769443879
33764.44,KDPP,10346,11242,85945,0,nrmsd_norm,14,0.3756572445827357
33764.44,KDPP,10346,11242,85945,0,nrmsd_norm,15,0.3858578706857418
33764.44,KDPP,10346,11242,85945,0,nrmsd_norm,16,0.3886553033304141
33764.44,KDPP,10346,11242,85945,0,nrmsd_norm,17,0.3814278388398413
33764.44,KDPP,10346,11242,85945,0,nrmsd_norm,18,0.3659139044108608
33764.44,KDPP,10346,11242,85945,0,nrmsd_norm,19,0.3405425511079699
33764.44,KDPP,10346,11242,85945,0,nrmsd_norm,20,0.3382756500518061
33764.44,KDPP,10346,11242,85945,0,nrmsd_norm,22,0.33721070556307225
33764.44,KDPP,10346,11242,85945,0,nrmsd_norm,24,0.34773317427332917
33764.44,KDPP,10346,11242,85945,0,nrmsd_norm,26,0.335778787993527
33764.44,KDPP,10346,11242,85945,0,nrmsd_norm,28,0.3280625853106868
33764.44,KDPP,10346,11313,85945,0,nrmsd_norm,30,0.3401843413520724
33764.44,KDPP,10346,11313,85945,0,nrmsd_norm,32,0.33469980652353226
33764.44,KDPP,10346,3429,85945,0,nrmsd_norm,34,0.3238494941545013
33764.44,KDPP,10346,3429,85945,0,nrmsd_norm,36,0.3350014497672854
33764.44,KDPP,10346,11313,85945,0,nrmsd_norm,38,0.3323372826391829
33764.44,KDPP,10346,11313,85945,0,nrmsd_norm,40,0.32361008530038865
33764.44,KDPP,10346,11313,85945,0,nrmsd_norm,42,0.31493426744868375
33764.44,KDPP,10346,11313,85945,0,nrmsd_norm,44,0.3168936903963849
33764.44,KDPP,10346,11313,85945,0,nrmsd_norm,46,0.32846944753208823
33764.44,KDPP,10346,11313,85945,0,nrmsd_norm,48,0.3166440389222419
33764.44,KDPP,10346,12482,85945,0,nrmsd_norm,50,0.31511243856315446
33764.44,KDPP,10346,12482,85945,0,nrmsd_norm,55,0.3315370648579635
33764.44,KDPP,10346,10346,85945,0,nrmsd_norm,60,0.3244449797530457
33764.44,KDPP,10346,10346,85945,0,nrmsd_norm,65,0.3226076366752211
33764.44,KDPP,10346,12482,85945,0,nrmsd_norm,70,0.31739939741150225
33764.44,KDPP,10346,10346,85945,0,nrmsd_norm,75,0.3158542217942759
33764.44,KDPP,10346,6845,85945,0,nrmsd_norm,80,0.3173193645829713
33764.44,KDPP,10346,12482,85945,0,nrmsd_norm,85,0.3181846751731629
33764.44,KDPP,10346,6845,85945,0,nrmsd_norm,90,0.32116015029049866
33764.44,KDPP,10346,6845,85945,0,nrmsd_norm,95,0.32113924042881775
33764.44,KDPP,10346,12482,85945,0,nrmsd_norm,100,0.3226091719014982
33764.44,KDPP,10346,7322,697368,0,nrmsd_norm,5,0.5820305089984338
33764.44,KDPP,10346,12651,697368,0,nrmsd_norm,6,0.5120953898664578
33764.44,KDPP,10346,7202,697368,0,nrmsd_norm,7,0.4794732434105858
33764.44,KDPP,10346,573,697368,0,nrmsd_norm,8,0.4653846603800253
33764.44,KDPP,10346,6845,697368,0,nrmsd_norm,9,0.4143688173463956
33764.44,KDPP,10346,6845,697368,0,nrmsd_norm,10,0.39215338600644817
33764.44,KDPP,10346,12482,697368,0,nrmsd_norm,11,0.38710568132121853
33764.44,KDPP,10346,12482,697368,0,nrmsd_norm,12,0.3872185841792177
33764.44,KDPP,10346,12482,697368,0,nrmsd_norm,13,0.3775406090978434
33764.44,KDPP,10346,12482,697368,0,nrmsd_norm,14,0.3721780390267806
33764.44,KDPP,10346,7183,697368,0,nrmsd_norm,15,0.37006082328867257
33764.44,KDPP,10346,7183,697368,0,nrmsd_norm,16,0.3775834467757521
33764.44,KDPP,10346,11606,697368,0,nrmsd_norm,17,0.3883292858985088
33764.44,KDPP,10346,11606,697368,0,nrmsd_norm,18,0.38091205444830956
33764.44,KDPP,10346,11606,697368,0,nrmsd_norm,19,0.36654528086968224
33764.44,KDPP,10346,11606,697368,0,nrmsd_norm,20,0.36330657189240706
33764.44,KDPP,10346,11606,697368,0,nrmsd_norm,22,0.3642037239660501
33764.44,KDPP,10346,3526,697368,0,nrmsd_norm,24,0.3824641130132348
33764.44,KDPP,10346,2278,697368,0,nrmsd_norm,26,0.3741282370793154
33764.44,KDPP,10346,3425,697368,0,nrmsd_norm,28,0.36695833027326613
33764.44,KDPP,10346,3425,697368,0,nrmsd_norm,30,0.36752754232568685
33764.44,KDPP,10346,11606,697368,0,nrmsd_norm,32,0.3444234443877408
33764.44,KDPP,10346,11606,697368,0,nrmsd_norm,34,0.33497724511600097
33764.44,KDPP,10346,11606,697368,0,nrmsd_norm,36,0.34818101694716025
33764.44,KDPP,10346,11606,697368,0,nrmsd_norm,38,0.34437633913427457
33764.44,KDPP,10346,12482,697368,0,nrmsd_norm,40,0.332211395191001
33764.44,KDPP,10346,12482,697368,0,nrmsd_norm,42,0.32039797616252563
33764.44,KDPP,10346,12482,697368,0,nrmsd_norm,44,0.31506018462589436
33764.44,KDPP,10346,12482,697368,0,nrmsd_norm,46,0.32354568590530536
33764.44,KDPP,10346,1396,697368,0,nrmsd_norm,48,0.3134126529725363
33764.44,KDPP,10346,1396,697368,0,nrmsd_norm,50,0.31041610955095417
33764.44,KDPP,10346,12482,697368,0,nrmsd_norm,55,0.3224848966701257
33764.44,KDPP,10346,12482,697368,0,nrmsd_norm,60,0.3189606063098917
33764.44,KDPP,10346,12482,697368,0,nrmsd_norm,65,0.31850609140721536
33764.44,KDPP,10346,12482,697368,0,nrmsd_norm,70,0.32196429454021125
33764.44,KDPP,10346,12482,697368,0,nrmsd_norm,75,0.3264068446044748
33764.44,KDPP,10346,1396,697368,0,nrmsd_norm,80,0.3229915508392792
33764.44,KDPP,10346,1381,697368,0,nrmsd_norm,85,0.3274712561438303
33764.44,KDPP,10346,10346,697368,0,nrmsd_norm,90,0.33180109756650933
33764.44,KDPP,10346,10346,697368,0,nrmsd_norm,95,0.3296614626440447
33764.44,KDPP,10346,1381,697368,0,nrmsd_norm,100,0.33440591212302034
33764.44,KDPP,10346,2928,201469,0,nrmsd_norm,5,0.576460138706621
33764.44,KDPP,10346,2669,201469,0,nrmsd_norm,6,0.5053020208936249
33764.44,KDPP,10346,174,201469,0,nrmsd_norm,7,0.48666616742889235
33764.44,KDPP,10346,174,201469,0,nrmsd_norm,8,0.4860253521797808
33764.44,KDPP,10346,3312,201469,0,nrmsd_norm,9,0.48350843573783114
33764.44,KDPP,10346,3312,201469,0,nrmsd_norm,10,0.4189777126919337
33764.44,KDPP,10346,3312,201469,0,nrmsd_norm,11,0.41354202741139146
33764.44,KDPP,10346,3312,201469,0,nrmsd_norm,12,0.38633406573581286
33764.44,KDPP,10346,7183,201469,0,nrmsd_norm,13,0.36830840365308865
33764.44,KDPP,10346,7183,201469,0,nrmsd_norm,14,0.34187428431130873
33764.44,KDPP,10346,3312,201469,0,nrmsd_norm,15,0.3435368954799011
33764.44,KDPP,10346,3312,201469,0,nrmsd_norm,16,0.36402674051022976
33764.44,KDPP,10346,3312,201469,0,nrmsd_norm,17,0.3569676933598182
33764.44,KDPP,10346,3312,201469,0,nrmsd_norm,18,0.347330566453966
33764.44,KDPP,10346,7183,201469,0,nrmsd_norm,19,0.32783218206023296
33764.44,KDPP,10346,7183,201469,0,nrmsd_norm,20,0.32228472600883284
33764.44,KDPP,10346,7183,201469,0,nrmsd_norm,22,0.3211379812369151
33764.44,KDPP,10346,6845,201469,0,nrmsd_norm,24,0.3188820147006128
33764.44,KDPP,10346,6845,201469,0,nrmsd_norm,26,0.3200081892737439
33764.44,KDPP,10346,6845,201469,0,nrmsd_norm,28,0.31327071271876406
33764.44,KDPP,10346,6845,201469,0,nrmsd_norm,30,0.3235545053393265
33764.44,KDPP,10346,6845,201469,0,nrmsd_norm,32,0.32749146264762186
33764.44,KDPP,10346,6845,201469,0,nrmsd_norm,34,0.3147283393857064
33764.44,KDPP,10346,6845,201469,0,nrmsd_norm,36,0.31790496807315005
33764.44,KDPP,10346,6845,201469,0,nrmsd_norm,38,0.31788391823620876
33764.44,KDPP,10346,6845,201469,0,nrmsd_norm,40,0.31143718531294484
33764.44,KDPP,10346,6845,201469,0,nrmsd_norm,42,0.30127415065539526
33764.44,KDPP,10346,6845,201469,0,nrmsd_norm,44,0.2949719811587313
33764.44,KDPP,10346,6845,201469,0,nrmsd_norm,46,0.3052974894812042
33764.44,KDPP,10346,6845,201469,0,nrmsd_norm,48,0.29729821377404847
33764.44,KDPP,10346,6845,201469,0,nrmsd_norm,50,0.29612567083880437
33764.44,KDPP,10346,1342,201469,0,nrmsd_norm,55,0.31395170408651674
33764.44,KDPP,10346,1342,201469,0,nrmsd_norm,60,0.3076484294459409
33764.44,KDPP,10346,1342,201469,0,nrmsd_norm,65,0.3063255466139182
33764.44,KDPP,10346,1342,201469,0,nrmsd_norm,70,0.307870610409223
33764.44,KDPP,10346,1342,201469,0,nrmsd_norm,75,0.3087376991110268
33764.44,KDPP,10346,1342,201469,0,nrmsd_norm,80,0.3072869068431075
33764.44,KDPP,10346,1342,201469,0,nrmsd_norm,85,0.3115076209471753
33764.44,KDPP,10346,1342,201469,0,nrmsd_norm,90,0.31399102590855166
33764.44,KDPP,10346,1342,201469,0,nrmsd_norm,95,0.3150043642824057
33764.44,KDPP,10346,1342,201469,0,nrmsd_norm,100,0.3157834628805175
33764.44,KDPP,10346,8800,94177,0,nrmsd_norm,5,0.6170537162023099
33764.44,KDPP,10346,2885,94177,0,nrmsd_norm,6,0.5523541976396064
33764.44,KDPP,10346,6822,94177,0,nrmsd_norm,7,0.5374315971620948
33764.44,KDPP,10346,12445,94177,0,nrmsd_norm,8,0.4629747760021703
33764.44,KDPP,10346,1381,94177,0,nrmsd_norm,9,0.4415949346010193
33764.44,KDPP,10346,1381,94177,0,nrmsd_norm,10,0.4044911731028652
33764.44,KDPP,10346,1381,94177,0,nrmsd_norm,11,0.39034253499834537
33764.44,KDPP,10346,1381,94177,0,nrmsd_norm,12,0.38821053009975914
33764.44,KDPP,10346,6827,94177,0,nrmsd_norm,13,0.3839812928425716
33764.44,KDPP,10346,6827,94177,0,nrmsd_norm,14,0.3684577258597257
33764.44,KDPP,10346,6827,94177,0,nrmsd_norm,15,0.3840140383587728
33764.44,KDPP,10346,6827,94177,0,nrmsd_norm,16,0.3853566556513201
33764.44,KDPP,10346,6827,94177,0,nrmsd_norm,17,0.3767790227695254
33764.44,KDPP,10346,6827,94177,0,nrmsd_norm,18,0.3611666656655689
33764.44,KDPP,10346,6824,94177,0,nrmsd_norm,19,0.3247528431970115
33764.44,KDPP,10346,6824,94177,0,nrmsd_norm,20,0.31763077711090215
33764.44,KDPP,10346,6824,94177,0,nrmsd_norm,22,0.31315980826747536
33764.44,KDPP,10346,1381,94177,0,nrmsd_norm,24,0.32832774962389527
33764.44,KDPP,10346,1381,94177,0,nrmsd_norm,26,0.323523839195017
33764.44,KDPP,10346,10346,94177,0,nrmsd_norm,28,0.321810932199005
33764.44,KDPP,10346,1381,94177,0,nrmsd_norm,30,0.3267959797996826
33764.44,KDPP,10346,1396,94177,0,nrmsd_norm,32,0.3298890483841868
33764.44,KDPP,10346,1381,94177,0,nrmsd_norm,34,0.31560395567797145
33764.44,KDPP,10346,1381,94177,0,nrmsd_norm,36,0.328990074004459
33764.44,KDPP,10346,1381,94177,0,nrmsd_norm,38,0.3264013088565997
33764.44,KDPP,10346,1381,94177,0,nrmsd_norm,40,0.31428670223033117
33764.44,KDPP,10346,1381,94177,0,nrmsd_norm,42,0.30676841278206
33764.44,KDPP,10346,1381,94177,0,nrmsd_norm,44,0.30486049269143134
33764.44,KDPP,10346,1381,94177,0,nrmsd_norm,46,0.31434156318935425
33764.44,KDPP,10346,1381,94177,0,nrmsd_norm,48,0.3021560383859006
33764.44,KDPP,10346,1381,94177,0,nrmsd_norm,50,0.29986563579954584
33764.44,KDPP,10346,6827,94177,0,nrmsd_norm,55,0.32602515126638154
33764.44,KDPP,10346,6827,94177,0,nrmsd_norm,60,0.31793072956544177
33764.44,KDPP,10346,6827,94177,0,nrmsd_norm,65,0.31359695260855197
33764.44,KDPP,10346,6827,94177,0,nrmsd_norm,70,0.31351480219367156
33764.44,KDPP,10346,6827,94177,0,nrmsd_norm,75,0.31005579026934516
33764.44,KDPP,10346,1381,94177,0,nrmsd_norm,80,0.30891495038115413
33764.44,KDPP,10346,1381,94177,0,nrmsd_norm,85,0.3107155235878058
33764.44,KDPP,10346,1381,94177,0,nrmsd_norm,90,0.31472352751914917
33764.44,KDPP,10346,1381,94177,0,nrmsd_norm,95,0.3217955617618975
33764.44,KDPP,10346,1381,94177,0,nrmsd_norm,100,0.3224818989763832
