subject_id,experiment_name,hotspot_idx,current_hotspot_idx,realization_id,sequence_idx,score_type,sequence_length,score
33764.44,RANDOM,397,7151,89250,0,nrmsd_norm,5,0.5984485654236366
33764.44,RANDOM,397,12142,89250,0,nrmsd_norm,6,0.5587730202038447
33764.44,RANDOM,397,6782,89250,0,nrmsd_norm,7,0.544823782825167
33764.44,RANDOM,397,7140,89250,0,nrmsd_norm,8,0.5914600737037267
33764.44,RANDOM,397,7319,89250,0,nrmsd_norm,9,0.5519402230678053
33764.44,RANDOM,397,7319,89250,0,nrmsd_norm,10,0.5210196036080945
33764.44,RANDOM,397,7319,89250,0,nrmsd_norm,11,0.5171306390236341
33764.44,RANDOM,397,7319,89250,0,nrmsd_norm,12,0.5063382556731939
33764.44,RANDOM,397,7319,89250,0,nrmsd_norm,13,0.5172930690825354
33764.44,RANDOM,397,539,89250,0,nrmsd_norm,14,0.48279901081658216
33764.44,RANDOM,397,539,89250,0,nrmsd_norm,15,0.47014482200232155
33764.44,RANDOM,397,2839,89250,0,nrmsd_norm,16,0.4477709436220767
33764.44,RANDOM,397,1416,89250,0,nrmsd_norm,17,0.4478020534174949
33764.44,RANDOM,397,1416,89250,0,nrmsd_norm,18,0.41323300994816464
33764.44,RANDOM,397,1416,89250,0,nrmsd_norm,19,0.40524122507786764
33764.44,RANDOM,397,1416,89250,0,nrmsd_norm,20,0.41136053022520686
33764.44,RANDOM,397,1416,89250,0,nrmsd_norm,22,0.3913649187208916
33764.44,RANDOM,397,1416,89250,0,nrmsd_norm,24,0.39366891417862004
33764.44,RANDOM,397,1416,89250,0,nrmsd_norm,26,0.38494809670528385
33764.44,RANDOM,397,397,89250,0,nrmsd_norm,28,0.37510079009331926
33764.44,RANDOM,397,397,89250,0,nrmsd_norm,30,0.3539064213246449
33764.44,RANDOM,397,397,89250,0,nrmsd_norm,32,0.3405570362598518
33764.44,RANDOM,397,9967,89250,0,nrmsd_norm,34,0.33044232636845766
33764.44,RANDOM,397,9967,89250,0,nrmsd_norm,36,0.3202739036465286
33764.44,RANDOM,397,9967,89250,0,nrmsd_norm,38,0.3160452503334019
33764.44,RANDOM,397,6457,89250,0,nrmsd_norm,40,0.3064488543720952
33764.44,RANDOM,397,6457,89250,0,nrmsd_norm,42,0.2947284526343081
33764.44,RANDOM,397,6457,89250,0,nrmsd_norm,44,0.2893234524714006
33764.44,RANDOM,397,7658,89250,0,nrmsd_norm,46,0.287618055367428
33764.44,RANDOM,397,7658,89250,0,nrmsd_norm,48,0.29524378641705223
33764.44,RANDOM,397,1416,89250,0,nrmsd_norm,50,0.28603213300122027
33764.44,RANDOM,397,1416,89250,0,nrmsd_norm,55,0.2970927990322838
33764.44,RANDOM,397,1416,89250,0,nrmsd_norm,60,0.3016685830551693
33764.44,RANDOM,397,397,89250,0,nrmsd_norm,65,0.3169271114314879
33764.44,RANDOM,397,397,89250,0,nrmsd_norm,70,0.3226619420311442
33764.44,RANDOM,397,397,89250,0,nrmsd_norm,75,0.3289563662430536
33764.44,RANDOM,397,9967,89250,0,nrmsd_norm,80,0.32289478615650813
33764.44,RANDOM,397,9967,89250,0,nrmsd_norm,85,0.31791183274616797
33764.44,RANDOM,397,9967,89250,0,nrmsd_norm,90,0.3134467285853257
33764.44,RANDOM,397,397,89250,0,nrmsd_norm,95,0.31196109120888593
33764.44,RANDOM,397,7297,89250,0,nrmsd_norm,100,0.31407365463946024
33764.44,RANDOM,397,11498,773956,0,nrmsd_norm,5,0.5900293956469145
33764.44,RANDOM,397,6365,773956,0,nrmsd_norm,6,0.45998919081796247
33764.44,RANDOM,397,6639,773956,0,nrmsd_norm,7,0.48734562672486437
33764.44,RANDOM,397,6748,773956,0,nrmsd_norm,8,0.5281977333739121
33764.44,RANDOM,397,6748,773956,0,nrmsd_norm,9,0.507665621716366
33764.44,RANDOM,397,6639,773956,0,nrmsd_norm,10,0.4860490412570474
33764.44,RANDOM,397,6639,773956,0,nrmsd_norm,11,0.4769887344859257
33764.44,RANDOM,397,6951,773956,0,nrmsd_norm,12,0.4872791084501431
33764.44,RANDOM,397,6951,773956,0,nrmsd_norm,13,0.500784410774525
33764.44,RANDOM,397,6951,773956,0,nrmsd_norm,14,0.5079219533747816
33764.44,RANDOM,397,6951,773956,0,nrmsd_norm,15,0.496675374698819
33764.44,RANDOM,397,8647,773956,0,nrmsd_norm,16,0.47856139567654693
33764.44,RANDOM,397,2739,773956,0,nrmsd_norm,17,0.49515268046645067
33764.44,RANDOM,397,2739,773956,0,nrmsd_norm,18,0.4639830460579042
33764.44,RANDOM,397,2739,773956,0,nrmsd_norm,19,0.45634061885592386
33764.44,RANDOM,397,6951,773956,0,nrmsd_norm,20,0.43751913759853067
33764.44,RANDOM,397,2739,773956,0,nrmsd_norm,22,0.41327458676598
33764.44,RANDOM,397,2739,773956,0,nrmsd_norm,24,0.4089101256092143
33764.44,RANDOM,397,1103,773956,0,nrmsd_norm,26,0.40851921491723925
33764.44,RANDOM,397,1103,773956,0,nrmsd_norm,28,0.3847303092050451
33764.44,RANDOM,397,2739,773956,0,nrmsd_norm,30,0.3625284839691071
33764.44,RANDOM,397,2739,773956,0,nrmsd_norm,32,0.319471096524029
33764.44,RANDOM,397,1103,773956,0,nrmsd_norm,34,0.3170836912042114
33764.44,RANDOM,397,2739,773956,0,nrmsd_norm,36,0.31025764731949224
33764.44,RANDOM,397,2739,773956,0,nrmsd_norm,38,0.29999128693921356
33764.44,RANDOM,397,2739,773956,0,nrmsd_norm,40,0.29522680719456407
33764.44,RANDOM,397,2739,773956,0,nrmsd_norm,42,0.28887655527364303
33764.44,RANDOM,397,2739,773956,0,nrmsd_norm,44,0.2857348646103369
33764.44,RANDOM,397,2739,773956,0,nrmsd_norm,46,0.27809358481232416
33764.44,RANDOM,397,2739,773956,0,nrmsd_norm,48,0.27879086383222546
33764.44,RANDOM,397,2739,773956,0,nrmsd_norm,50,0.27671847348430606
33764.44,RANDOM,397,2739,773956,0,nrmsd_norm,55,0.2817974520391575
33764.44,RANDOM,397,1416,773956,0,nrmsd_norm,60,0.27956118612915337
33764.44,RANDOM,397,1103,773956,0,nrmsd_norm,65,0.2820866740195189
33764.44,RANDOM,397,1103,773956,0,nrmsd_norm,70,0.29289559502331136
33764.44,RANDOM,397,6953,773956,0,nrmsd_norm,75,0.3039749837359223
33764.44,RANDOM,397,6953,773956,0,nrmsd_norm,80,0.29980354076203425
33764.44,RANDOM,397,6953,773956,0,nrmsd_norm,85,0.29621320769623116
33764.44,RANDOM,397,6953,773956,0,nrmsd_norm,90,0.2935246924381785
33764.44,RANDOM,397,1416,773956,0,nrmsd_norm,95,0.2956398715324841
33764.44,RANDOM,397,1416,773956,0,nrmsd_norm,100,0.29884616714726187
33764.44,RANDOM,397,9244,654571,0,nrmsd_norm,5,0.5173581276941702
33764.44,RANDOM,397,11168,654571,0,nrmsd_norm,6,0.4534538474055092
33764.44,RANDOM,397,2663,654571,0,nrmsd_norm,7,0.4642617341021498
33764.44,RANDOM,397,2663,654571,0,nrmsd_norm,8,0.5116817467044831
33764.44,RANDOM,397,2663,654571,0,nrmsd_norm,9,0.49502695174646133
33764.44,RANDOM,397,6362,654571,0,nrmsd_norm,10,0.4756379570708868
33764.44,RANDOM,397,2739,654571,0,nrmsd_norm,11,0.47276162525653853
33764.44,RANDOM,397,6362,654571,0,nrmsd_norm,12,0.48392365172374574
33764.44,RANDOM,397,6362,654571,0,nrmsd_norm,13,0.4967119905415337
33764.44,RANDOM,397,10361,654571,0,nrmsd_norm,14,0.5077118540814737
33764.44,RANDOM,397,10361,654571,0,nrmsd_norm,15,0.491656993904089
33764.44,RANDOM,397,6309,654571,0,nrmsd_norm,16,0.4718545215720271
33764.44,RANDOM,397,3640,654571,0,nrmsd_norm,17,0.45639363997179433
33764.44,RANDOM,397,7139,654571,0,nrmsd_norm,18,0.442772210535041
33764.44,RANDOM,397,6953,654571,0,nrmsd_norm,19,0.4253391644942001
33764.44,RANDOM,397,1416,654571,0,nrmsd_norm,20,0.40626566007259907
33764.44,RANDOM,397,1416,654571,0,nrmsd_norm,22,0.3923488734234385
33764.44,RANDOM,397,1416,654571,0,nrmsd_norm,24,0.398079516305478
33764.44,RANDOM,397,1416,654571,0,nrmsd_norm,26,0.3854770423890637
33764.44,RANDOM,397,4512,654571,0,nrmsd_norm,28,0.363557616311942
33764.44,RANDOM,397,4512,654571,0,nrmsd_norm,30,0.34733540747463704
33764.44,RANDOM,397,9967,654571,0,nrmsd_norm,32,0.3163837860972274
33764.44,RANDOM,397,9967,654571,0,nrmsd_norm,34,0.31276468028907295
33764.44,RANDOM,397,9967,654571,0,nrmsd_norm,36,0.30040140697962797
33764.44,RANDOM,397,9967,654571,0,nrmsd_norm,38,0.30865978796900656
33764.44,RANDOM,397,9967,654571,0,nrmsd_norm,40,0.3014555621867711
33764.44,RANDOM,397,9967,654571,0,nrmsd_norm,42,0.29285986321071733
33764.44,RANDOM,397,397,654571,0,nrmsd_norm,44,0.288469966949623
33764.44,RANDOM,397,397,654571,0,nrmsd_norm,46,0.2840252215854626
33764.44,RANDOM,397,397,654571,0,nrmsd_norm,48,0.2963066058154482
33764.44,RANDOM,397,397,654571,0,nrmsd_norm,50,0.2913555167175637
33764.44,RANDOM,397,397,654571,0,nrmsd_norm,55,0.29432921920592486
33764.44,RANDOM,397,397,654571,0,nrmsd_norm,60,0.294707342634454
33764.44,RANDOM,397,397,654571,0,nrmsd_norm,65,0.3054532648538349
33764.44,RANDOM,397,397,654571,0,nrmsd_norm,70,0.3111942075443575
33764.44,RANDOM,397,397,654571,0,nrmsd_norm,75,0.32488918548817614
33764.44,RANDOM,397,9967,654571,0,nrmsd_norm,80,0.31775401305509043
33764.44,RANDOM,397,397,654571,0,nrmsd_norm,85,0.31597560420102855
33764.44,RANDOM,397,9967,654571,0,nrmsd_norm,90,0.3193800935849889
33764.44,RANDOM,397,397,654571,0,nrmsd_norm,95,0.3176196482708801
33764.44,RANDOM,397,397,654571,0,nrmsd_norm,100,0.3200964337385195
33764.44,RANDOM,397,6150,438878,0,nrmsd_norm,5,0.5975895975085582
33764.44,RANDOM,397,6376,438878,0,nrmsd_norm,6,0.49894454588959075
33764.44,RANDOM,397,6376,438878,0,nrmsd_norm,7,0.4956945469251053
33764.44,RANDOM,397,6376,438878,0,nrmsd_norm,8,0.5392736064148062
33764.44,RANDOM,397,6151,438878,0,nrmsd_norm,9,0.5176719312397509
33764.44,RANDOM,397,7145,438878,0,nrmsd_norm,10,0.499573922094262
33764.44,RANDOM,397,7145,438878,0,nrmsd_norm,11,0.5017110870177818
33764.44,RANDOM,397,7145,438878,0,nrmsd_norm,12,0.50079433657846
33764.44,RANDOM,397,7145,438878,0,nrmsd_norm,13,0.5121577685108659
33764.44,RANDOM,397,7145,438878,0,nrmsd_norm,14,0.46349469244832986
33764.44,RANDOM,397,7145,438878,0,nrmsd_norm,15,0.44893933026652644
33764.44,RANDOM,397,6440,438878,0,nrmsd_norm,16,0.43859619487762475
33764.44,RANDOM,397,6440,438878,0,nrmsd_norm,17,0.4222001917022982
33764.44,RANDOM,397,6442,438878,0,nrmsd_norm,18,0.4069139837953109
33764.44,RANDOM,397,6442,438878,0,nrmsd_norm,19,0.3962476231946356
33764.44,RANDOM,397,6442,438878,0,nrmsd_norm,20,0.38608151499361004
33764.44,RANDOM,397,6954,438878,0,nrmsd_norm,22,0.35411743026924997
33764.44,RANDOM,397,9979,438878,0,nrmsd_norm,24,0.3742006120700526
33764.44,RANDOM,397,9979,438878,0,nrmsd_norm,26,0.3664954159810381
33764.44,RANDOM,397,9979,438878,0,nrmsd_norm,28,0.3417170839194777
33764.44,RANDOM,397,9979,438878,0,nrmsd_norm,30,0.332755532907961
33764.44,RANDOM,397,11715,438878,0,nrmsd_norm,32,0.33305840460578484
33764.44,RANDOM,397,11715,438878,0,nrmsd_norm,34,0.3271804934305469
33764.44,RANDOM,397,11715,438878,0,nrmsd_norm,36,0.322953346552331
33764.44,RANDOM,397,11715,438878,0,nrmsd_norm,38,0.31796888885251495
33764.44,RANDOM,397,11715,438878,0,nrmsd_norm,40,0.30916754962169823
33764.44,RANDOM,397,11715,438878,0,nrmsd_norm,42,0.2977109657309568
33764.44,RANDOM,397,7658,438878,0,nrmsd_norm,44,0.2996442852926048
33764.44,RANDOM,397,7658,438878,0,nrmsd_norm,46,0.29153427137903865
33764.44,RANDOM,397,11715,438878,0,nrmsd_norm,48,0.3074205336768772
33764.44,RANDOM,397,7658,438878,0,nrmsd_norm,50,0.30159002013662384
33764.44,RANDOM,397,6453,438878,0,nrmsd_norm,55,0.31116588017780106
33764.44,RANDOM,397,11715,438878,0,nrmsd_norm,60,0.3130215705534591
33764.44,RANDOM,397,11715,438878,0,nrmsd_norm,65,0.3257451558245741
33764.44,RANDOM,397,11715,438878,0,nrmsd_norm,70,0.3279806958591555
33764.44,RANDOM,397,397,438878,0,nrmsd_norm,75,0.33732274737773116
33764.44,RANDOM,397,397,438878,0,nrmsd_norm,80,0.33119842132564764
33764.44,RANDOM,397,397,438878,0,nrmsd_norm,85,0.323606063587145
33764.44,RANDOM,397,397,438878,0,nrmsd_norm,90,0.31784286410196866
33764.44,RANDOM,397,10355,438878,0,nrmsd_norm,95,0.3177954723468794
33764.44,RANDOM,397,397,438878,0,nrmsd_norm,100,0.3180523328483791
33764.44,RANDOM,397,7131,433015,0,nrmsd_norm,5,0.6326299907134193
33764.44,RANDOM,397,7296,433015,0,nrmsd_norm,6,0.5916831469718616
33764.44,RANDOM,397,10762,433015,0,nrmsd_norm,7,0.5956000364611691
33764.44,RANDOM,397,10762,433015,0,nrmsd_norm,8,0.6372018715356349
33764.44,RANDOM,397,10762,433015,0,nrmsd_norm,9,0.5757363041161356
33764.44,RANDOM,397,10762,433015,0,nrmsd_norm,10,0.5350912142082934
33764.44,RANDOM,397,10762,433015,0,nrmsd_norm,11,0.5294045412802504
33764.44,RANDOM,397,12643,433015,0,nrmsd_norm,12,0.5571154090168882
33764.44,RANDOM,397,12643,433015,0,nrmsd_norm,13,0.56733870907811
33764.44,RANDOM,397,7296,433015,0,nrmsd_norm,14,0.5369575348431793
33764.44,RANDOM,397,7296,433015,0,nrmsd_norm,15,0.523155580001775
33764.44,RANDOM,397,7296,433015,0,nrmsd_norm,16,0.49978015188957226
33764.44,RANDOM,397,10762,433015,0,nrmsd_norm,17,0.48415028578042363
33764.44,RANDOM,397,7132,433015,0,nrmsd_norm,18,0.4556378618624643
33764.44,RANDOM,397,7117,433015,0,nrmsd_norm,19,0.44425991671826814
33764.44,RANDOM,397,7287,433015,0,nrmsd_norm,20,0.43615091648788534
33764.44,RANDOM,397,7287,433015,0,nrmsd_norm,22,0.4036618002422598
33764.44,RANDOM,397,10762,433015,0,nrmsd_norm,24,0.40925785989163554
33764.44,RANDOM,397,7132,433015,0,nrmsd_norm,26,0.40169610305949177
33764.44,RANDOM,397,7296,433015,0,nrmsd_norm,28,0.37761409816721747
33764.44,RANDOM,397,7132,433015,0,nrmsd_norm,30,0.3598716083352228
33764.44,RANDOM,397,7132,433015,0,nrmsd_norm,32,0.33379462212853156
33764.44,RANDOM,397,10762,433015,0,nrmsd_norm,34,0.33705526177268524
33764.44,RANDOM,397,10762,433015,0,nrmsd_norm,36,0.32432230054762384
33764.44,RANDOM,397,10762,433015,0,nrmsd_norm,38,0.32438910074971716
33764.44,RANDOM,397,10762,433015,0,nrmsd_norm,40,0.3179637369467166
33764.44,RANDOM,397,7297,433015,0,nrmsd_norm,42,0.30832818477274815
33764.44,RANDOM,397,9967,433015,0,nrmsd_norm,44,0.2980960891245923
33764.44,RANDOM,397,9967,433015,0,nrmsd_norm,46,0.29324787372629463
33764.44,RANDOM,397,9967,433015,0,nrmsd_norm,48,0.2996584809379082
33764.44,RANDOM,397,9967,433015,0,nrmsd_norm,50,0.2911419475047445
33764.44,RANDOM,397,9967,433015,0,nrmsd_norm,55,0.30506338140590994
33764.44,RANDOM,397,7297,433015,0,nrmsd_norm,60,0.30700726281696855
33764.44,RANDOM,397,7297,433015,0,nrmsd_norm,65,0.31743672606394757
33764.44,RANDOM,397,7297,433015,0,nrmsd_norm,70,0.3227206483071236
33764.44,RANDOM,397,7297,433015,0,nrmsd_norm,75,0.32989438221561634
33764.44,RANDOM,397,7297,433015,0,nrmsd_norm,80,0.322333719182232
33764.44,RANDOM,397,7297,433015,0,nrmsd_norm,85,0.31659283608222005
33764.44,RANDOM,397,7297,433015,0,nrmsd_norm,90,0.3144121770413903
33764.44,RANDOM,397,7297,433015,0,nrmsd_norm,95,0.3133054009563926
33764.44,RANDOM,397,7297,433015,0,nrmsd_norm,100,0.31396246465035643
33764.44,RANDOM,397,124,858597,0,nrmsd_norm,5,0.637049381700548
33764.44,RANDOM,397,3563,858597,0,nrmsd_norm,6,0.5405102276057263
33764.44,RANDOM,397,5767,858597,0,nrmsd_norm,7,0.5079097948671509
33764.44,RANDOM,397,5767,858597,0,nrmsd_norm,8,0.5531990848116306
33764.44,RANDOM,397,185,858597,0,nrmsd_norm,9,0.5292895981806018
33764.44,RANDOM,397,6953,858597,0,nrmsd_norm,10,0.5091001902797898
33764.44,RANDOM,397,7154,858597,0,nrmsd_norm,11,0.5083785053619658
33764.44,RANDOM,397,6953,858597,0,nrmsd_norm,12,0.5010608715129914
33764.44,RANDOM,397,6953,858597,0,nrmsd_norm,13,0.5113404393707734
33764.44,RANDOM,397,7154,858597,0,nrmsd_norm,14,0.4849696696649978
33764.44,RANDOM,397,7154,858597,0,nrmsd_norm,15,0.46853898953968537
33764.44,RANDOM,397,7154,858597,0,nrmsd_norm,16,0.45882685022360353
33764.44,RANDOM,397,11137,858597,0,nrmsd_norm,17,0.4554229622509719
33764.44,RANDOM,397,11135,858597,0,nrmsd_norm,18,0.4539565758119103
33764.44,RANDOM,397,6069,858597,0,nrmsd_norm,19,0.44235486284307446
33764.44,RANDOM,397,6069,858597,0,nrmsd_norm,20,0.4118886512277416
33764.44,RANDOM,397,10870,858597,0,nrmsd_norm,22,0.3918138593048397
33764.44,RANDOM,397,10870,858597,0,nrmsd_norm,24,0.39584032268335334
33764.44,RANDOM,397,2105,858597,0,nrmsd_norm,26,0.38152806042861065
33764.44,RANDOM,397,2105,858597,0,nrmsd_norm,28,0.3582560056387245
33764.44,RANDOM,397,2105,858597,0,nrmsd_norm,30,0.3441430426744292
33764.44,RANDOM,397,10870,858597,0,nrmsd_norm,32,0.33388958497077376
33764.44,RANDOM,397,10870,858597,0,nrmsd_norm,34,0.32448053466998056
33764.44,RANDOM,397,6442,858597,0,nrmsd_norm,36,0.3105115621181654
33764.44,RANDOM,397,6442,858597,0,nrmsd_norm,38,0.3165013917296317
33764.44,RANDOM,397,7154,858597,0,nrmsd_norm,40,0.3123038348962725
33764.44,RANDOM,397,7154,858597,0,nrmsd_norm,42,0.3041272249583073
33764.44,RANDOM,397,7154,858597,0,nrmsd_norm,44,0.29724561531576776
33764.44,RANDOM,397,7154,858597,0,nrmsd_norm,46,0.2924467651583823
33764.44,RANDOM,397,7154,858597,0,nrmsd_norm,48,0.30015510633996706
33764.44,RANDOM,397,7154,858597,0,nrmsd_norm,50,0.29233089674441715
33764.44,RANDOM,397,7154,858597,0,nrmsd_norm,55,0.3009822716271571
33764.44,RANDOM,397,7154,858597,0,nrmsd_norm,60,0.29642782644341303
33764.44,RANDOM,397,7154,858597,0,nrmsd_norm,65,0.3117438046512746
33764.44,RANDOM,397,7154,858597,0,nrmsd_norm,70,0.3185574282950615
33764.44,RANDOM,397,397,858597,0,nrmsd_norm,75,0.33222949508845623
33764.44,RANDOM,397,397,858597,0,nrmsd_norm,80,0.3241505021415792
33764.44,RANDOM,397,397,858597,0,nrmsd_norm,85,0.32002207082511713
33764.44,RANDOM,397,397,858597,0,nrmsd_norm,90,0.3119342886176019
33764.44,RANDOM,397,397,858597,0,nrmsd_norm,95,0.31112497141946244
33764.44,RANDOM,397,397,858597,0,nrmsd_norm,100,0.3128093057473756
33764.44,RANDOM,397,9148,85945,0,nrmsd_norm,5,0.5922846523667711
33764.44,RANDOM,397,9148,85945,0,nrmsd_norm,6,0.47949101920828224
33764.44,RANDOM,397,2941,85945,0,nrmsd_norm,7,0.47887902101298285
33764.44,RANDOM,397,2941,85945,0,nrmsd_norm,8,0.532107813107512
33764.44,RANDOM,397,2941,85945,0,nrmsd_norm,9,0.5143799705421433
33764.44,RANDOM,397,471,85945,0,nrmsd_norm,10,0.49257733976308615
33764.44,RANDOM,397,6608,85945,0,nrmsd_norm,11,0.49058863031989636
33764.44,RANDOM,397,6951,85945,0,nrmsd_norm,12,0.5074942205125461
33764.44,RANDOM,397,6951,85945,0,nrmsd_norm,13,0.5207723755556442
33764.44,RANDOM,397,6951,85945,0,nrmsd_norm,14,0.4701955566300567
33764.44,RANDOM,397,6951,85945,0,nrmsd_norm,15,0.46134879641205356
33764.44,RANDOM,397,2739,85945,0,nrmsd_norm,16,0.4468736682481996
33764.44,RANDOM,397,2739,85945,0,nrmsd_norm,17,0.43741711984458215
33764.44,RANDOM,397,6954,85945,0,nrmsd_norm,18,0.43484273986555066
33764.44,RANDOM,397,2839,85945,0,nrmsd_norm,19,0.42445486325576715
33764.44,RANDOM,397,2839,85945,0,nrmsd_norm,20,0.40736152155363364
33764.44,RANDOM,397,539,85945,0,nrmsd_norm,22,0.3804210103786727
33764.44,RANDOM,397,2839,85945,0,nrmsd_norm,24,0.39264384043727124
33764.44,RANDOM,397,7151,85945,0,nrmsd_norm,26,0.3800917928282656
33764.44,RANDOM,397,6954,85945,0,nrmsd_norm,28,0.3489013397078366
33764.44,RANDOM,397,7310,85945,0,nrmsd_norm,30,0.3431499510014529
33764.44,RANDOM,397,539,85945,0,nrmsd_norm,32,0.3215350879328815
33764.44,RANDOM,397,7139,85945,0,nrmsd_norm,34,0.3141625950233252
33764.44,RANDOM,397,7139,85945,0,nrmsd_norm,36,0.30230898629046427
33764.44,RANDOM,397,7139,85945,0,nrmsd_norm,38,0.30689000845989634
33764.44,RANDOM,397,7139,85945,0,nrmsd_norm,40,0.29918850652947154
33764.44,RANDOM,397,7139,85945,0,nrmsd_norm,42,0.2931606631266539
33764.44,RANDOM,397,7139,85945,0,nrmsd_norm,44,0.289459117159022
33764.44,RANDOM,397,7309,85945,0,nrmsd_norm,46,0.28398977005302206
33764.44,RANDOM,397,7139,85945,0,nrmsd_norm,48,0.28659401725683514
33764.44,RANDOM,397,7139,85945,0,nrmsd_norm,50,0.28603234474007716
33764.44,RANDOM,397,7309,85945,0,nrmsd_norm,55,0.30532690922192685
33764.44,RANDOM,397,7308,85945,0,nrmsd_norm,60,0.29992543043024783
33764.44,RANDOM,397,7139,85945,0,nrmsd_norm,65,0.3097481703631629
33764.44,RANDOM,397,7308,85945,0,nrmsd_norm,70,0.3164816822357001
33764.44,RANDOM,397,7308,85945,0,nrmsd_norm,75,0.32520790922152215
33764.44,RANDOM,397,7308,85945,0,nrmsd_norm,80,0.32210536658448885
33764.44,RANDOM,397,7308,85945,0,nrmsd_norm,85,0.31754022766700024
33764.44,RANDOM,397,7308,85945,0,nrmsd_norm,90,0.3125477396298473
33764.44,RANDOM,397,397,85945,0,nrmsd_norm,95,0.3107120028635182
33764.44,RANDOM,397,397,85945,0,nrmsd_norm,100,0.3122950343983485
33764.44,RANDOM,397,7458,697368,0,nrmsd_norm,5,0.6518688411411093
33764.44,RANDOM,397,7327,697368,0,nrmsd_norm,6,0.6009111362805644
33764.44,RANDOM,397,1773,697368,0,nrmsd_norm,7,0.5818393397077257
33764.44,RANDOM,397,1773,697368,0,nrmsd_norm,8,0.6131054003826351
33764.44,RANDOM,397,5162,697368,0,nrmsd_norm,9,0.5608681687907234
33764.44,RANDOM,397,6297,697368,0,nrmsd_norm,10,0.5307707307320215
33764.44,RANDOM,397,7217,697368,0,nrmsd_norm,11,0.5260615842817417
33764.44,RANDOM,397,7217,697368,0,nrmsd_norm,12,0.5159746599273458
33764.44,RANDOM,397,7217,697368,0,nrmsd_norm,13,0.5257937679726097
33764.44,RANDOM,397,6297,697368,0,nrmsd_norm,14,0.5097115588879396
33764.44,RANDOM,397,2049,697368,0,nrmsd_norm,15,0.49654527700300094
33764.44,RANDOM,397,12066,697368,0,nrmsd_norm,16,0.47514531538432864
33764.44,RANDOM,397,11171,697368,0,nrmsd_norm,17,0.4640908292049007
33764.44,RANDOM,397,7327,697368,0,nrmsd_norm,18,0.45912257115726407
33764.44,RANDOM,397,3263,697368,0,nrmsd_norm,19,0.45132938919025617
33764.44,RANDOM,397,7327,697368,0,nrmsd_norm,20,0.4403639926221387
33764.44,RANDOM,397,7458,697368,0,nrmsd_norm,22,0.41618786558749477
33764.44,RANDOM,397,7322,697368,0,nrmsd_norm,24,0.4134107322414858
33764.44,RANDOM,397,2924,697368,0,nrmsd_norm,26,0.3709250221531167
33764.44,RANDOM,397,2924,697368,0,nrmsd_norm,28,0.34326581770757597
33764.44,RANDOM,397,2924,697368,0,nrmsd_norm,30,0.335429626010394
33764.44,RANDOM,397,128,697368,0,nrmsd_norm,32,0.3289767524168713
33764.44,RANDOM,397,128,697368,0,nrmsd_norm,34,0.3286551013981214
33764.44,RANDOM,397,7308,697368,0,nrmsd_norm,36,0.3158153734868338
33764.44,RANDOM,397,7308,697368,0,nrmsd_norm,38,0.3152862037361265
33764.44,RANDOM,397,7308,697368,0,nrmsd_norm,40,0.31037707065547865
33764.44,RANDOM,397,128,697368,0,nrmsd_norm,42,0.3087643951843412
33764.44,RANDOM,397,128,697368,0,nrmsd_norm,44,0.3031349139087072
33764.44,RANDOM,397,128,697368,0,nrmsd_norm,46,0.2970868917871008
33764.44,RANDOM,397,128,697368,0,nrmsd_norm,48,0.29879363570954476
33764.44,RANDOM,397,128,697368,0,nrmsd_norm,50,0.295704503340729
33764.44,RANDOM,397,128,697368,0,nrmsd_norm,55,0.3083083403792108
33764.44,RANDOM,397,7308,697368,0,nrmsd_norm,60,0.3087920122052525
33764.44,RANDOM,397,7297,697368,0,nrmsd_norm,65,0.32112732295701146
33764.44,RANDOM,397,7297,697368,0,nrmsd_norm,70,0.3248558233709025
33764.44,RANDOM,397,7297,697368,0,nrmsd_norm,75,0.3285757258530628
33764.44,RANDOM,397,7297,697368,0,nrmsd_norm,80,0.32373006642294244
33764.44,RANDOM,397,7297,697368,0,nrmsd_norm,85,0.32277591854053134
33764.44,RANDOM,397,7297,697368,0,nrmsd_norm,90,0.3151065871435153
33764.44,RANDOM,397,7297,697368,0,nrmsd_norm,95,0.3140461961789342
33764.44,RANDOM,397,397,697368,0,nrmsd_norm,100,0.3135387940641877
33764.44,RANDOM,397,11996,201469,0,nrmsd_norm,5,0.5547986473657053
33764.44,RANDOM,397,1103,201469,0,nrmsd_norm,6,0.5050378530769786
33764.44,RANDOM,397,3026,201469,0,nrmsd_norm,7,0.4858716861915637
33764.44,RANDOM,397,3026,201469,0,nrmsd_norm,8,0.5273740125822592
33764.44,RANDOM,397,11172,201469,0,nrmsd_norm,9,0.5068468483065882
33764.44,RANDOM,397,11172,201469,0,nrmsd_norm,10,0.4800391807920834
33764.44,RANDOM,397,11172,201469,0,nrmsd_norm,11,0.4828948845402258
33764.44,RANDOM,397,11173,201469,0,nrmsd_norm,12,0.4899316567466862
33764.44,RANDOM,397,11173,201469,0,nrmsd_norm,13,0.5006884603046798
33764.44,RANDOM,397,10286,201469,0,nrmsd_norm,14,0.47500114395898035
33764.44,RANDOM,397,10286,201469,0,nrmsd_norm,15,0.4586381254502503
33764.44,RANDOM,397,6954,201469,0,nrmsd_norm,16,0.44548745487084634
33764.44,RANDOM,397,10286,201469,0,nrmsd_norm,17,0.4358901997842865
33764.44,RANDOM,397,10286,201469,0,nrmsd_norm,18,0.41548950536474344
33764.44,RANDOM,397,6954,201469,0,nrmsd_norm,19,0.4084807977003816
33764.44,RANDOM,397,6954,201469,0,nrmsd_norm,20,0.37996508157177095
33764.44,RANDOM,397,6954,201469,0,nrmsd_norm,22,0.3500710869601159
33764.44,RANDOM,397,6953,201469,0,nrmsd_norm,24,0.3633932054271096
33764.44,RANDOM,397,6953,201469,0,nrmsd_norm,26,0.34506849925456373
33764.44,RANDOM,397,6953,201469,0,nrmsd_norm,28,0.32871374006889714
33764.44,RANDOM,397,6953,201469,0,nrmsd_norm,30,0.32033036976671464
33764.44,RANDOM,397,7139,201469,0,nrmsd_norm,32,0.3159669363994347
33764.44,RANDOM,397,6953,201469,0,nrmsd_norm,34,0.30958914247091573
33764.44,RANDOM,397,7139,201469,0,nrmsd_norm,36,0.2989663565712339
33764.44,RANDOM,397,7139,201469,0,nrmsd_norm,38,0.3026502728954245
33764.44,RANDOM,397,7139,201469,0,nrmsd_norm,40,0.29818355130915697
33764.44,RANDOM,397,6954,201469,0,nrmsd_norm,42,0.287313109311912
33764.44,RANDOM,397,6953,201469,0,nrmsd_norm,44,0.2775965705841375
33764.44,RANDOM,397,6953,201469,0,nrmsd_norm,46,0.27067672350946714
33764.44,RANDOM,397,7139,201469,0,nrmsd_norm,48,0.27740336079956207
33764.44,RANDOM,397,6953,201469,0,nrmsd_norm,50,0.27517476477476055
33764.44,RANDOM,397,6953,201469,0,nrmsd_norm,55,0.2869060027672256
33764.44,RANDOM,397,6954,201469,0,nrmsd_norm,60,0.286276696802048
33764.44,RANDOM,397,6953,201469,0,nrmsd_norm,65,0.29455770008272597
33764.44,RANDOM,397,7139,201469,0,nrmsd_norm,70,0.3123701620483254
33764.44,RANDOM,397,7139,201469,0,nrmsd_norm,75,0.31654454737934135
33764.44,RANDOM,397,7139,201469,0,nrmsd_norm,80,0.3166518191320669
33764.44,RANDOM,397,7139,201469,0,nrmsd_norm,85,0.3101696774000531
33764.44,RANDOM,397,7139,201469,0,nrmsd_norm,90,0.3034949532327389
33764.44,RANDOM,397,7139,201469,0,nrmsd_norm,95,0.3048352842876187
33764.44,RANDOM,397,7139,201469,0,nrmsd_norm,100,0.303345224543966
33764.44,RANDOM,397,12449,94177,0,nrmsd_norm,5,0.6368148810039196
33764.44,RANDOM,397,12136,94177,0,nrmsd_norm,6,0.6044807937019662
33764.44,RANDOM,397,11567,94177,0,nrmsd_norm,7,0.5771066571106805
33764.44,RANDOM,397,5157,94177,0,nrmsd_norm,8,0.6295835802601004
33764.44,RANDOM,397,6760,94177,0,nrmsd_norm,9,0.5648033269367233
33764.44,RANDOM,397,2470,94177,0,nrmsd_norm,10,0.5285157431526883
33764.44,RANDOM,397,2710,94177,0,nrmsd_norm,11,0.5265620956546432
33764.44,RANDOM,397,6760,94177,0,nrmsd_norm,12,0.5008171631123626
33764.44,RANDOM,397,6760,94177,0,nrmsd_norm,13,0.5133441665574703
33764.44,RANDOM,397,9255,94177,0,nrmsd_norm,14,0.5177040346357553
33764.44,RANDOM,397,2106,94177,0,nrmsd_norm,15,0.505923876261793
33764.44,RANDOM,397,2106,94177,0,nrmsd_norm,16,0.48757630985149103
33764.44,RANDOM,397,12306,94177,0,nrmsd_norm,17,0.47145955276604795
33764.44,RANDOM,397,2847,94177,0,nrmsd_norm,18,0.4514233494053416
33764.44,RANDOM,397,2847,94177,0,nrmsd_norm,19,0.44178402049910587
33764.44,RANDOM,397,9669,94177,0,nrmsd_norm,20,0.424496025456376
33764.44,RANDOM,397,10355,94177,0,nrmsd_norm,22,0.410459778326478
33764.44,RANDOM,397,10355,94177,0,nrmsd_norm,24,0.41123765053394473
33764.44,RANDOM,397,10355,94177,0,nrmsd_norm,26,0.40187951835320945
33764.44,RANDOM,397,7154,94177,0,nrmsd_norm,28,0.3749929530313593
33764.44,RANDOM,397,6442,94177,0,nrmsd_norm,30,0.3532465736023251
33764.44,RANDOM,397,6442,94177,0,nrmsd_norm,32,0.34555100378157766
33764.44,RANDOM,397,6442,94177,0,nrmsd_norm,34,0.3350162050315322
33764.44,RANDOM,397,6442,94177,0,nrmsd_norm,36,0.3223100234521911
33764.44,RANDOM,397,7154,94177,0,nrmsd_norm,38,0.3284726134749167
33764.44,RANDOM,397,7154,94177,0,nrmsd_norm,40,0.3173460674001205
33764.44,RANDOM,397,7154,94177,0,nrmsd_norm,42,0.3110194607848549
33764.44,RANDOM,397,7319,94177,0,nrmsd_norm,44,0.3154256821275437
33764.44,RANDOM,397,7139,94177,0,nrmsd_norm,46,0.30813721358148266
33764.44,RANDOM,397,7139,94177,0,nrmsd_norm,48,0.313582544351405
33764.44,RANDOM,397,7139,94177,0,nrmsd_norm,50,0.30571914989288335
33764.44,RANDOM,397,7154,94177,0,nrmsd_norm,55,0.3139616539139554
33764.44,RANDOM,397,7154,94177,0,nrmsd_norm,60,0.31087993987279894
33764.44,RANDOM,397,7154,94177,0,nrmsd_norm,65,0.31994835064588
33764.44,RANDOM,397,7154,94177,0,nrmsd_norm,70,0.3297307819441034
33764.44,RANDOM,397,397,94177,0,nrmsd_norm,75,0.33464790920555365
33764.44,RANDOM,397,397,94177,0,nrmsd_norm,80,0.32592100598034857
33764.44,RANDOM,397,397,94177,0,nrmsd_norm,85,0.323652471187073
33764.44,RANDOM,397,397,94177,0,nrmsd_norm,90,0.3160814154429122
33764.44,RANDOM,397,397,94177,0,nrmsd_norm,95,0.31498918999468734
33764.44,RANDOM,397,397,94177,0,nrmsd_norm,100,0.3155624355468537
33764.44,ROW-mean-Corr,397,8818,89250,0,nrmsd_norm,5,0.5938811589539578
33764.44,ROW-mean-Corr,397,8044,89250,0,nrmsd_norm,6,0.5290023749490964
33764.44,ROW-mean-Corr,397,8770,89250,0,nrmsd_norm,7,0.5689456753664598
33764.44,ROW-mean-Corr,397,6826,89250,0,nrmsd_norm,8,0.5982064055436808
33764.44,ROW-mean-Corr,397,12368,89250,0,nrmsd_norm,9,0.5964695156968217
33764.44,ROW-mean-Corr,397,12368,89250,0,nrmsd_norm,10,0.6156310907667826
33764.44,ROW-mean-Corr,397,4219,89250,0,nrmsd_norm,11,0.627842589719485
33764.44,ROW-mean-Corr,397,1684,89250,0,nrmsd_norm,12,0.6137390371028858
33764.44,ROW-mean-Corr,397,716,89250,0,nrmsd_norm,13,0.599718014145379
33764.44,ROW-mean-Corr,397,716,89250,0,nrmsd_norm,14,0.6237387458123231
33764.44,ROW-mean-Corr,397,12561,89250,0,nrmsd_norm,15,0.6265346774063624
33764.44,ROW-mean-Corr,397,9255,89250,0,nrmsd_norm,16,0.6130876462345727
33764.44,ROW-mean-Corr,397,9255,89250,0,nrmsd_norm,17,0.6144261312803867
33764.44,ROW-mean-Corr,397,6297,89250,0,nrmsd_norm,18,0.6331091717377204
33764.44,ROW-mean-Corr,397,10355,89250,0,nrmsd_norm,19,0.6304640360047674
33764.44,ROW-mean-Corr,397,10355,89250,0,nrmsd_norm,20,0.6445295563731454
33764.44,ROW-mean-Corr,397,10355,89250,0,nrmsd_norm,22,0.6325490708515157
33764.44,ROW-mean-Corr,397,2049,89250,0,nrmsd_norm,24,0.623475134217945
33764.44,ROW-mean-Corr,397,2049,89250,0,nrmsd_norm,26,0.6339251402091569
33764.44,ROW-mean-Corr,397,2049,89250,0,nrmsd_norm,28,0.6400408713609793
33764.44,ROW-mean-Corr,397,2049,89250,0,nrmsd_norm,30,0.6338436468682451
33764.44,ROW-mean-Corr,397,7139,89250,0,nrmsd_norm,32,0.6406182955110012
33764.44,ROW-mean-Corr,397,397,89250,0,nrmsd_norm,34,0.6359402230722978
33764.44,ROW-mean-Corr,397,397,89250,0,nrmsd_norm,36,0.6360600473059217
33764.44,ROW-mean-Corr,397,397,89250,0,nrmsd_norm,38,0.642923576140318
33764.44,ROW-mean-Corr,397,397,89250,0,nrmsd_norm,40,0.6399507313983485
33764.44,ROW-mean-Corr,397,397,89250,0,nrmsd_norm,42,0.6484397360220788
33764.44,ROW-mean-Corr,397,9967,89250,0,nrmsd_norm,44,0.6505776367801422
33764.44,ROW-mean-Corr,397,397,89250,0,nrmsd_norm,46,0.6417517111029472
33764.44,ROW-mean-Corr,397,397,89250,0,nrmsd_norm,48,0.6406794040452347
33764.44,ROW-mean-Corr,397,397,89250,0,nrmsd_norm,50,0.6419202480815338
33764.44,ROW-mean-Corr,397,9967,89250,0,nrmsd_norm,55,0.647026833797843
33764.44,ROW-mean-Corr,397,9967,89250,0,nrmsd_norm,60,0.6465833994121846
33764.44,ROW-mean-Corr,397,9967,89250,0,nrmsd_norm,65,0.6476513033626026
33764.44,ROW-mean-Corr,397,9967,89250,0,nrmsd_norm,70,0.6486950754900431
33764.44,ROW-mean-Corr,397,7297,89250,0,nrmsd_norm,75,0.6365591839855493
33764.44,ROW-mean-Corr,397,7297,89250,0,nrmsd_norm,80,0.6257471678460781
33764.44,ROW-mean-Corr,397,7297,89250,0,nrmsd_norm,85,0.6203934606471859
33764.44,ROW-mean-Corr,397,7297,89250,0,nrmsd_norm,90,0.6204894558821329
33764.44,ROW-mean-Corr,397,7297,89250,0,nrmsd_norm,95,0.6166802730854296
33764.44,ROW-mean-Corr,397,7297,89250,0,nrmsd_norm,100,0.6101322048134514
33764.44,ROW-mean-Corr,397,3149,773956,0,nrmsd_norm,5,0.5986004319838615
33764.44,ROW-mean-Corr,397,335,773956,0,nrmsd_norm,6,0.5450171394599213
33764.44,ROW-mean-Corr,397,335,773956,0,nrmsd_norm,7,0.5864991915806179
33764.44,ROW-mean-Corr,397,335,773956,0,nrmsd_norm,8,0.6195972769509068
33764.44,ROW-mean-Corr,397,2049,773956,0,nrmsd_norm,9,0.6074129654388426
33764.44,ROW-mean-Corr,397,7297,773956,0,nrmsd_norm,10,0.6258960212257285
33764.44,ROW-mean-Corr,397,53,773956,0,nrmsd_norm,11,0.636787918218462
33764.44,ROW-mean-Corr,397,53,773956,0,nrmsd_norm,12,0.6235320484489029
33764.44,ROW-mean-Corr,397,5785,773956,0,nrmsd_norm,13,0.6067343591525725
33764.44,ROW-mean-Corr,397,6297,773956,0,nrmsd_norm,14,0.6288897252488662
33764.44,ROW-mean-Corr,397,7320,773956,0,nrmsd_norm,15,0.6226921451967959
33764.44,ROW-mean-Corr,397,7308,773956,0,nrmsd_norm,16,0.6112570078912999
33764.44,ROW-mean-Corr,397,7308,773956,0,nrmsd_norm,17,0.6096967104476896
33764.44,ROW-mean-Corr,397,7308,773956,0,nrmsd_norm,18,0.6305248550152105
33764.44,ROW-mean-Corr,397,7308,773956,0,nrmsd_norm,19,0.634607320162786
33764.44,ROW-mean-Corr,397,7308,773956,0,nrmsd_norm,20,0.6496560591622014
33764.44,ROW-mean-Corr,397,7217,773956,0,nrmsd_norm,22,0.6456127530943421
33764.44,ROW-mean-Corr,397,9669,773956,0,nrmsd_norm,24,0.6392639196112765
33764.44,ROW-mean-Corr,397,9669,773956,0,nrmsd_norm,26,0.646677303132923
33764.44,ROW-mean-Corr,397,7308,773956,0,nrmsd_norm,28,0.6529180343559928
33764.44,ROW-mean-Corr,397,7297,773956,0,nrmsd_norm,30,0.6505535877866415
33764.44,ROW-mean-Corr,397,7297,773956,0,nrmsd_norm,32,0.6604529503976957
33764.44,ROW-mean-Corr,397,7297,773956,0,nrmsd_norm,34,0.6544048064072104
33764.44,ROW-mean-Corr,397,7297,773956,0,nrmsd_norm,36,0.6492763351650018
33764.44,ROW-mean-Corr,397,7297,773956,0,nrmsd_norm,38,0.6567967781479973
33764.44,ROW-mean-Corr,397,397,773956,0,nrmsd_norm,40,0.6563792524185622
33764.44,ROW-mean-Corr,397,7308,773956,0,nrmsd_norm,42,0.6589315306647808
33764.44,ROW-mean-Corr,397,7308,773956,0,nrmsd_norm,44,0.6546074899679866
33764.44,ROW-mean-Corr,397,1416,773956,0,nrmsd_norm,46,0.6351251351690419
33764.44,ROW-mean-Corr,397,1416,773956,0,nrmsd_norm,48,0.6350874627829018
33764.44,ROW-mean-Corr,397,539,773956,0,nrmsd_norm,50,0.6345015583746532
33764.44,ROW-mean-Corr,397,7139,773956,0,nrmsd_norm,55,0.6225915301288449
33764.44,ROW-mean-Corr,397,7139,773956,0,nrmsd_norm,60,0.6270065451967521
33764.44,ROW-mean-Corr,397,1416,773956,0,nrmsd_norm,65,0.631324828835699
33764.44,ROW-mean-Corr,397,1416,773956,0,nrmsd_norm,70,0.6314480596653314
33764.44,ROW-mean-Corr,397,1416,773956,0,nrmsd_norm,75,0.6196404749984069
33764.44,ROW-mean-Corr,397,1416,773956,0,nrmsd_norm,80,0.614726925018916
33764.44,ROW-mean-Corr,397,1416,773956,0,nrmsd_norm,85,0.610615332889028
33764.44,ROW-mean-Corr,397,1416,773956,0,nrmsd_norm,90,0.6124762045883716
33764.44,ROW-mean-Corr,397,1416,773956,0,nrmsd_norm,95,0.6087294321706918
33764.44,ROW-mean-Corr,397,1416,773956,0,nrmsd_norm,100,0.6032860084997035
33764.44,ROW-mean-Corr,397,9011,654571,0,nrmsd_norm,5,0.6048649952539842
33764.44,ROW-mean-Corr,397,7321,654571,0,nrmsd_norm,6,0.5511173452854173
33764.44,ROW-mean-Corr,397,7321,654571,0,nrmsd_norm,7,0.5928024272316349
33764.44,ROW-mean-Corr,397,7321,654571,0,nrmsd_norm,8,0.6198447512709011
33764.44,ROW-mean-Corr,397,7321,654571,0,nrmsd_norm,9,0.60784879919348
33764.44,ROW-mean-Corr,397,7321,654571,0,nrmsd_norm,10,0.6285887716696417
33764.44,ROW-mean-Corr,397,2924,654571,0,nrmsd_norm,11,0.6412252396163114
33764.44,ROW-mean-Corr,397,7297,654571,0,nrmsd_norm,12,0.6301603974853635
33764.44,ROW-mean-Corr,397,7018,654571,0,nrmsd_norm,13,0.6080841725413558
33764.44,ROW-mean-Corr,397,7018,654571,0,nrmsd_norm,14,0.6340361903617239
33764.44,ROW-mean-Corr,397,8637,654571,0,nrmsd_norm,15,0.6258230166035178
33764.44,ROW-mean-Corr,397,8637,654571,0,nrmsd_norm,16,0.6209588484094091
33764.44,ROW-mean-Corr,397,8637,654571,0,nrmsd_norm,17,0.6207185815115976
33764.44,ROW-mean-Corr,397,8637,654571,0,nrmsd_norm,18,0.6379338916286144
33764.44,ROW-mean-Corr,397,8637,654571,0,nrmsd_norm,19,0.6383194732681208
33764.44,ROW-mean-Corr,397,8637,654571,0,nrmsd_norm,20,0.6532748296860466
33764.44,ROW-mean-Corr,397,8637,654571,0,nrmsd_norm,22,0.646736544078542
33764.44,ROW-mean-Corr,397,335,654571,0,nrmsd_norm,24,0.6441702642423464
33764.44,ROW-mean-Corr,397,335,654571,0,nrmsd_norm,26,0.652068409331477
33764.44,ROW-mean-Corr,397,335,654571,0,nrmsd_norm,28,0.6610478629050621
33764.44,ROW-mean-Corr,397,7446,654571,0,nrmsd_norm,30,0.6552505160106596
33764.44,ROW-mean-Corr,397,10762,654571,0,nrmsd_norm,32,0.6609825927260996
33764.44,ROW-mean-Corr,397,2924,654571,0,nrmsd_norm,34,0.6574127586869477
33764.44,ROW-mean-Corr,397,10762,654571,0,nrmsd_norm,36,0.6611240399876736
33764.44,ROW-mean-Corr,397,10762,654571,0,nrmsd_norm,38,0.6671637805440236
33764.44,ROW-mean-Corr,397,10762,654571,0,nrmsd_norm,40,0.6675652607611307
33764.44,ROW-mean-Corr,397,10762,654571,0,nrmsd_norm,42,0.6690677783174201
33764.44,ROW-mean-Corr,397,7446,654571,0,nrmsd_norm,44,0.6627082809044945
33764.44,ROW-mean-Corr,397,7297,654571,0,nrmsd_norm,46,0.653791823876496
33764.44,ROW-mean-Corr,397,7322,654571,0,nrmsd_norm,48,0.6537097571406686
33764.44,ROW-mean-Corr,397,7322,654571,0,nrmsd_norm,50,0.651542635441064
33764.44,ROW-mean-Corr,397,7322,654571,0,nrmsd_norm,55,0.6463405990055462
33764.44,ROW-mean-Corr,397,7322,654571,0,nrmsd_norm,60,0.6470525468486004
33764.44,ROW-mean-Corr,397,7322,654571,0,nrmsd_norm,65,0.6453973970619675
33764.44,ROW-mean-Corr,397,9669,654571,0,nrmsd_norm,70,0.639930530239526
33764.44,ROW-mean-Corr,397,9669,654571,0,nrmsd_norm,75,0.6344135618351221
33764.44,ROW-mean-Corr,397,9669,654571,0,nrmsd_norm,80,0.6263543545079523
33764.44,ROW-mean-Corr,397,9669,654571,0,nrmsd_norm,85,0.6229827691511811
33764.44,ROW-mean-Corr,397,9669,654571,0,nrmsd_norm,90,0.6238537307031767
33764.44,ROW-mean-Corr,397,2049,654571,0,nrmsd_norm,95,0.6227135077622463
33764.44,ROW-mean-Corr,397,2049,654571,0,nrmsd_norm,100,0.613888983626874
33764.44,ROW-mean-Corr,397,2042,438878,0,nrmsd_norm,5,0.5981857917725338
33764.44,ROW-mean-Corr,397,7328,438878,0,nrmsd_norm,6,0.5200668715174636
33764.44,ROW-mean-Corr,397,7328,438878,0,nrmsd_norm,7,0.5564730664622289
33764.44,ROW-mean-Corr,397,7328,438878,0,nrmsd_norm,8,0.5935075227381252
33764.44,ROW-mean-Corr,397,4309,438878,0,nrmsd_norm,9,0.5816969213312525
33764.44,ROW-mean-Corr,397,4309,438878,0,nrmsd_norm,10,0.6037690409122268
33764.44,ROW-mean-Corr,397,4309,438878,0,nrmsd_norm,11,0.6178782179656074
33764.44,ROW-mean-Corr,397,4309,438878,0,nrmsd_norm,12,0.5989574406972694
33764.44,ROW-mean-Corr,397,1248,438878,0,nrmsd_norm,13,0.5961543395176819
33764.44,ROW-mean-Corr,397,1248,438878,0,nrmsd_norm,14,0.6157362459115685
33764.44,ROW-mean-Corr,397,12561,438878,0,nrmsd_norm,15,0.6131758770314468
33764.44,ROW-mean-Corr,397,7458,438878,0,nrmsd_norm,16,0.5971391112586334
33764.44,ROW-mean-Corr,397,7458,438878,0,nrmsd_norm,17,0.5926303849208828
33764.44,ROW-mean-Corr,397,7458,438878,0,nrmsd_norm,18,0.6130517465413521
33764.44,ROW-mean-Corr,397,7458,438878,0,nrmsd_norm,19,0.6193219576662351
33764.44,ROW-mean-Corr,397,7458,438878,0,nrmsd_norm,20,0.6311180804804013
33764.44,ROW-mean-Corr,397,7458,438878,0,nrmsd_norm,22,0.6245331730831764
33764.44,ROW-mean-Corr,397,7322,438878,0,nrmsd_norm,24,0.6155539609919918
33764.44,ROW-mean-Corr,397,7322,438878,0,nrmsd_norm,26,0.6279110193793828
33764.44,ROW-mean-Corr,397,7322,438878,0,nrmsd_norm,28,0.6368769873552664
33764.44,ROW-mean-Corr,397,7322,438878,0,nrmsd_norm,30,0.6329876941605838
33764.44,ROW-mean-Corr,397,7321,438878,0,nrmsd_norm,32,0.6402083065336241
33764.44,ROW-mean-Corr,397,3898,438878,0,nrmsd_norm,34,0.6326864283044838
33764.44,ROW-mean-Corr,397,3898,438878,0,nrmsd_norm,36,0.6291837413391331
33764.44,ROW-mean-Corr,397,3898,438878,0,nrmsd_norm,38,0.6377335326376276
33764.44,ROW-mean-Corr,397,3898,438878,0,nrmsd_norm,40,0.6344688298523531
33764.44,ROW-mean-Corr,397,3898,438878,0,nrmsd_norm,42,0.642254548789587
33764.44,ROW-mean-Corr,397,3898,438878,0,nrmsd_norm,44,0.6407112167171166
33764.44,ROW-mean-Corr,397,7308,438878,0,nrmsd_norm,46,0.6375600883719282
33764.44,ROW-mean-Corr,397,7308,438878,0,nrmsd_norm,48,0.6388955934830928
33764.44,ROW-mean-Corr,397,7308,438878,0,nrmsd_norm,50,0.637234010215063
33764.44,ROW-mean-Corr,397,7309,438878,0,nrmsd_norm,55,0.6279932703639857
33764.44,ROW-mean-Corr,397,53,438878,0,nrmsd_norm,60,0.6334548436731827
33764.44,ROW-mean-Corr,397,53,438878,0,nrmsd_norm,65,0.633047968597113
33764.44,ROW-mean-Corr,397,53,438878,0,nrmsd_norm,70,0.6310889955644695
33764.44,ROW-mean-Corr,397,53,438878,0,nrmsd_norm,75,0.6231776042332754
33764.44,ROW-mean-Corr,397,7309,438878,0,nrmsd_norm,80,0.6134943294924203
33764.44,ROW-mean-Corr,397,7308,438878,0,nrmsd_norm,85,0.608910996815178
33764.44,ROW-mean-Corr,397,7308,438878,0,nrmsd_norm,90,0.6101032106142785
33764.44,ROW-mean-Corr,397,7309,438878,0,nrmsd_norm,95,0.6092216700277798
33764.44,ROW-mean-Corr,397,7308,438878,0,nrmsd_norm,100,0.6051986725765062
33764.44,ROW-mean-Corr,397,5676,433015,0,nrmsd_norm,5,0.6217553081608248
33764.44,ROW-mean-Corr,397,6754,433015,0,nrmsd_norm,6,0.5691119721599729
33764.44,ROW-mean-Corr,397,6754,433015,0,nrmsd_norm,7,0.5766700989824619
33764.44,ROW-mean-Corr,397,2106,433015,0,nrmsd_norm,8,0.5881648593057378
33764.44,ROW-mean-Corr,397,2106,433015,0,nrmsd_norm,9,0.5769696799972859
33764.44,ROW-mean-Corr,397,6964,433015,0,nrmsd_norm,10,0.591859200053311
33764.44,ROW-mean-Corr,397,2106,433015,0,nrmsd_norm,11,0.6075203438219134
33764.44,ROW-mean-Corr,397,12297,433015,0,nrmsd_norm,12,0.5902055870282628
33764.44,ROW-mean-Corr,397,12297,433015,0,nrmsd_norm,13,0.5549612817498506
33764.44,ROW-mean-Corr,397,12297,433015,0,nrmsd_norm,14,0.5539934075686336
33764.44,ROW-mean-Corr,397,12297,433015,0,nrmsd_norm,15,0.5541251596461337
33764.44,ROW-mean-Corr,397,12297,433015,0,nrmsd_norm,16,0.5433866246203823
33764.44,ROW-mean-Corr,397,12297,433015,0,nrmsd_norm,17,0.5410283190919711
33764.44,ROW-mean-Corr,397,12297,433015,0,nrmsd_norm,18,0.5633026396395827
33764.44,ROW-mean-Corr,397,12297,433015,0,nrmsd_norm,19,0.5711261614654662
33764.44,ROW-mean-Corr,397,8510,433015,0,nrmsd_norm,20,0.5933384934590048
33764.44,ROW-mean-Corr,397,8510,433015,0,nrmsd_norm,22,0.5818294354603671
33764.44,ROW-mean-Corr,397,8510,433015,0,nrmsd_norm,24,0.5733892926589267
33764.44,ROW-mean-Corr,397,11827,433015,0,nrmsd_norm,26,0.5868696047939724
33764.44,ROW-mean-Corr,397,11827,433015,0,nrmsd_norm,28,0.6043065100636416
33764.44,ROW-mean-Corr,397,11827,433015,0,nrmsd_norm,30,0.5983351041753237
33764.44,ROW-mean-Corr,397,11827,433015,0,nrmsd_norm,32,0.6080369080850757
33764.44,ROW-mean-Corr,397,3898,433015,0,nrmsd_norm,34,0.60918840289398
33764.44,ROW-mean-Corr,397,3898,433015,0,nrmsd_norm,36,0.6117806841289788
33764.44,ROW-mean-Corr,397,539,433015,0,nrmsd_norm,38,0.6224010041978129
33764.44,ROW-mean-Corr,397,539,433015,0,nrmsd_norm,40,0.6227635651346403
33764.44,ROW-mean-Corr,397,1416,433015,0,nrmsd_norm,42,0.6319773449271446
33764.44,ROW-mean-Corr,397,397,433015,0,nrmsd_norm,44,0.6311594495141715
33764.44,ROW-mean-Corr,397,1416,433015,0,nrmsd_norm,46,0.6171361413662202
33764.44,ROW-mean-Corr,397,1416,433015,0,nrmsd_norm,48,0.6174152558953276
33764.44,ROW-mean-Corr,397,1416,433015,0,nrmsd_norm,50,0.6138095399059327
33764.44,ROW-mean-Corr,397,1416,433015,0,nrmsd_norm,55,0.6122371139980902
33764.44,ROW-mean-Corr,397,1416,433015,0,nrmsd_norm,60,0.617248985100723
33764.44,ROW-mean-Corr,397,1416,433015,0,nrmsd_norm,65,0.6192015015754249
33764.44,ROW-mean-Corr,397,1416,433015,0,nrmsd_norm,70,0.6172283719741719
33764.44,ROW-mean-Corr,397,397,433015,0,nrmsd_norm,75,0.6162123088456462
33764.44,ROW-mean-Corr,397,397,433015,0,nrmsd_norm,80,0.6101006058903825
33764.44,ROW-mean-Corr,397,397,433015,0,nrmsd_norm,85,0.6068166095867906
33764.44,ROW-mean-Corr,397,397,433015,0,nrmsd_norm,90,0.6078670933917518
33764.44,ROW-mean-Corr,397,397,433015,0,nrmsd_norm,95,0.6070472660343428
33764.44,ROW-mean-Corr,397,397,433015,0,nrmsd_norm,100,0.6008638355346543
33764.44,ROW-mean-Corr,397,11720,858597,0,nrmsd_norm,5,0.6038098100644748
33764.44,ROW-mean-Corr,397,1248,858597,0,nrmsd_norm,6,0.5500458836533987
33764.44,ROW-mean-Corr,397,975,858597,0,nrmsd_norm,7,0.560955410143203
33764.44,ROW-mean-Corr,397,7117,858597,0,nrmsd_norm,8,0.5945194415052582
33764.44,ROW-mean-Corr,397,7132,858597,0,nrmsd_norm,9,0.5771199410308446
33764.44,ROW-mean-Corr,397,1994,858597,0,nrmsd_norm,10,0.5907070398159332
33764.44,ROW-mean-Corr,397,1994,858597,0,nrmsd_norm,11,0.6086625245830809
33764.44,ROW-mean-Corr,397,1994,858597,0,nrmsd_norm,12,0.5848851899113832
33764.44,ROW-mean-Corr,397,8511,858597,0,nrmsd_norm,13,0.5524021844328423
33764.44,ROW-mean-Corr,397,8041,858597,0,nrmsd_norm,14,0.580507247137268
33764.44,ROW-mean-Corr,397,8041,858597,0,nrmsd_norm,15,0.572914349150007
33764.44,ROW-mean-Corr,397,1379,858597,0,nrmsd_norm,16,0.5691592430758649
33764.44,ROW-mean-Corr,397,1379,858597,0,nrmsd_norm,17,0.5649849443895724
33764.44,ROW-mean-Corr,397,7902,858597,0,nrmsd_norm,18,0.5861879157475082
33764.44,ROW-mean-Corr,397,7902,858597,0,nrmsd_norm,19,0.594689019947504
33764.44,ROW-mean-Corr,397,7902,858597,0,nrmsd_norm,20,0.608726012389922
33764.44,ROW-mean-Corr,397,10382,858597,0,nrmsd_norm,22,0.6026422943247444
33764.44,ROW-mean-Corr,397,10382,858597,0,nrmsd_norm,24,0.5959929253676101
33764.44,ROW-mean-Corr,397,1616,858597,0,nrmsd_norm,26,0.6088437154457189
33764.44,ROW-mean-Corr,397,6296,858597,0,nrmsd_norm,28,0.6172895252759785
33764.44,ROW-mean-Corr,397,7147,858597,0,nrmsd_norm,30,0.611169071597504
33764.44,ROW-mean-Corr,397,7147,858597,0,nrmsd_norm,32,0.6204223362301601
33764.44,ROW-mean-Corr,397,7147,858597,0,nrmsd_norm,34,0.6155414194951192
33764.44,ROW-mean-Corr,397,7147,858597,0,nrmsd_norm,36,0.6170896566876808
33764.44,ROW-mean-Corr,397,7147,858597,0,nrmsd_norm,38,0.6247338838763761
33764.44,ROW-mean-Corr,397,7147,858597,0,nrmsd_norm,40,0.6189823481317261
33764.44,ROW-mean-Corr,397,7147,858597,0,nrmsd_norm,42,0.6249080007427299
33764.44,ROW-mean-Corr,397,7140,858597,0,nrmsd_norm,44,0.6259832335815757
33764.44,ROW-mean-Corr,397,9669,858597,0,nrmsd_norm,46,0.6234577087650268
33764.44,ROW-mean-Corr,397,9669,858597,0,nrmsd_norm,48,0.6250316902038696
33764.44,ROW-mean-Corr,397,7140,858597,0,nrmsd_norm,50,0.6241149678062304
33764.44,ROW-mean-Corr,397,7319,858597,0,nrmsd_norm,55,0.6214617626784475
33764.44,ROW-mean-Corr,397,9669,858597,0,nrmsd_norm,60,0.6303224803768911
33764.44,ROW-mean-Corr,397,7319,858597,0,nrmsd_norm,65,0.6301127708733053
33764.44,ROW-mean-Corr,397,7140,858597,0,nrmsd_norm,70,0.6216354410754246
33764.44,ROW-mean-Corr,397,7140,858597,0,nrmsd_norm,75,0.6142618518442707
33764.44,ROW-mean-Corr,397,7319,858597,0,nrmsd_norm,80,0.6090894007358902
33764.44,ROW-mean-Corr,397,539,858597,0,nrmsd_norm,85,0.6031668990500818
33764.44,ROW-mean-Corr,397,539,858597,0,nrmsd_norm,90,0.6042328113306682
33764.44,ROW-mean-Corr,397,539,858597,0,nrmsd_norm,95,0.6043826626262507
33764.44,ROW-mean-Corr,397,7139,858597,0,nrmsd_norm,100,0.6039318570051787
33764.44,ROW-mean-Corr,397,9255,85945,0,nrmsd_norm,5,0.6136885216759808
33764.44,ROW-mean-Corr,397,11220,85945,0,nrmsd_norm,6,0.558686796071576
33764.44,ROW-mean-Corr,397,11220,85945,0,nrmsd_norm,7,0.582963751075246
33764.44,ROW-mean-Corr,397,7642,85945,0,nrmsd_norm,8,0.600432815247107
33764.44,ROW-mean-Corr,397,7773,85945,0,nrmsd_norm,9,0.6008428776850943
33764.44,ROW-mean-Corr,397,12142,85945,0,nrmsd_norm,10,0.6190634166701627
33764.44,ROW-mean-Corr,397,10914,85945,0,nrmsd_norm,11,0.6297695496312659
33764.44,ROW-mean-Corr,397,11135,85945,0,nrmsd_norm,12,0.6197107693869618
33764.44,ROW-mean-Corr,397,11135,85945,0,nrmsd_norm,13,0.5969127571925041
33764.44,ROW-mean-Corr,397,11135,85945,0,nrmsd_norm,14,0.6208187041450394
33764.44,ROW-mean-Corr,397,10700,85945,0,nrmsd_norm,15,0.6209411651986448
33764.44,ROW-mean-Corr,397,10700,85945,0,nrmsd_norm,16,0.6066010695070683
33764.44,ROW-mean-Corr,397,10700,85945,0,nrmsd_norm,17,0.6084704567764521
33764.44,ROW-mean-Corr,397,10700,85945,0,nrmsd_norm,18,0.6233691668804773
33764.44,ROW-mean-Corr,397,10700,85945,0,nrmsd_norm,19,0.6178181594281119
33764.44,ROW-mean-Corr,397,10700,85945,0,nrmsd_norm,20,0.6329494969379773
33764.44,ROW-mean-Corr,397,10700,85945,0,nrmsd_norm,22,0.6226814040637102
33764.44,ROW-mean-Corr,397,6625,85945,0,nrmsd_norm,24,0.6200586145640755
33764.44,ROW-mean-Corr,397,6625,85945,0,nrmsd_norm,26,0.6311974900589066
33764.44,ROW-mean-Corr,397,6626,85945,0,nrmsd_norm,28,0.6422505395234787
33764.44,ROW-mean-Corr,397,9779,85945,0,nrmsd_norm,30,0.6405739505375811
33764.44,ROW-mean-Corr,397,9779,85945,0,nrmsd_norm,32,0.6509887355104417
33764.44,ROW-mean-Corr,397,6626,85945,0,nrmsd_norm,34,0.6462219618896734
33764.44,ROW-mean-Corr,397,6626,85945,0,nrmsd_norm,36,0.6434895910622459
33764.44,ROW-mean-Corr,397,6626,85945,0,nrmsd_norm,38,0.6506033481609269
33764.44,ROW-mean-Corr,397,6297,85945,0,nrmsd_norm,40,0.6484227384410414
33764.44,ROW-mean-Corr,397,6297,85945,0,nrmsd_norm,42,0.6506750479318463
33764.44,ROW-mean-Corr,397,6297,85945,0,nrmsd_norm,44,0.647621353373451
33764.44,ROW-mean-Corr,397,5785,85945,0,nrmsd_norm,46,0.637425644399165
33764.44,ROW-mean-Corr,397,5785,85945,0,nrmsd_norm,48,0.6398303549016527
33764.44,ROW-mean-Corr,397,7217,85945,0,nrmsd_norm,50,0.6425106645542081
33764.44,ROW-mean-Corr,397,10355,85945,0,nrmsd_norm,55,0.6369757565029741
33764.44,ROW-mean-Corr,397,2839,85945,0,nrmsd_norm,60,0.635608112464196
33764.44,ROW-mean-Corr,397,539,85945,0,nrmsd_norm,65,0.6362200368773705
33764.44,ROW-mean-Corr,397,7319,85945,0,nrmsd_norm,70,0.643417983960669
33764.44,ROW-mean-Corr,397,397,85945,0,nrmsd_norm,75,0.6331346418464059
33764.44,ROW-mean-Corr,397,397,85945,0,nrmsd_norm,80,0.6252951952403734
33764.44,ROW-mean-Corr,397,397,85945,0,nrmsd_norm,85,0.6209647745653969
33764.44,ROW-mean-Corr,397,10355,85945,0,nrmsd_norm,90,0.6219598435549664
33764.44,ROW-mean-Corr,397,10355,85945,0,nrmsd_norm,95,0.6198990386636658
33764.44,ROW-mean-Corr,397,10355,85945,0,nrmsd_norm,100,0.6127276195116637
33764.44,ROW-mean-Corr,397,9099,697368,0,nrmsd_norm,5,0.6056942223371009
33764.44,ROW-mean-Corr,397,7018,697368,0,nrmsd_norm,6,0.5181685469891602
33764.44,ROW-mean-Corr,397,7018,697368,0,nrmsd_norm,7,0.5454819424625593
33764.44,ROW-mean-Corr,397,7018,697368,0,nrmsd_norm,8,0.5839464361252885
33764.44,ROW-mean-Corr,397,7018,697368,0,nrmsd_norm,9,0.5671557962875204
33764.44,ROW-mean-Corr,397,7018,697368,0,nrmsd_norm,10,0.5849323858782649
33764.44,ROW-mean-Corr,397,7018,697368,0,nrmsd_norm,11,0.6059490897146567
33764.44,ROW-mean-Corr,397,8499,697368,0,nrmsd_norm,12,0.5817033379040654
33764.44,ROW-mean-Corr,397,6350,697368,0,nrmsd_norm,13,0.5752668180560605
33764.44,ROW-mean-Corr,397,6350,697368,0,nrmsd_norm,14,0.5959326301104811
33764.44,ROW-mean-Corr,397,6350,697368,0,nrmsd_norm,15,0.5878634826869019
33764.44,ROW-mean-Corr,397,6350,697368,0,nrmsd_norm,16,0.5854139098588335
33764.44,ROW-mean-Corr,397,6350,697368,0,nrmsd_norm,17,0.5830545464983876
33764.44,ROW-mean-Corr,397,6350,697368,0,nrmsd_norm,18,0.6028228192918548
33764.44,ROW-mean-Corr,397,128,697368,0,nrmsd_norm,19,0.6066888262011372
33764.44,ROW-mean-Corr,397,128,697368,0,nrmsd_norm,20,0.6216979154134322
33764.44,ROW-mean-Corr,397,7297,697368,0,nrmsd_norm,22,0.609217731420823
33764.44,ROW-mean-Corr,397,10762,697368,0,nrmsd_norm,24,0.6042840639012822
33764.44,ROW-mean-Corr,397,10762,697368,0,nrmsd_norm,26,0.6145640097712366
33764.44,ROW-mean-Corr,397,10762,697368,0,nrmsd_norm,28,0.6249028805352694
33764.44,ROW-mean-Corr,397,7297,697368,0,nrmsd_norm,30,0.6217874665698964
33764.44,ROW-mean-Corr,397,7297,697368,0,nrmsd_norm,32,0.6274367978769033
33764.44,ROW-mean-Corr,397,7308,697368,0,nrmsd_norm,34,0.6277793545265642
33764.44,ROW-mean-Corr,397,7308,697368,0,nrmsd_norm,36,0.6243794545809342
33764.44,ROW-mean-Corr,397,7308,697368,0,nrmsd_norm,38,0.6311952855602209
33764.44,ROW-mean-Corr,397,397,697368,0,nrmsd_norm,40,0.6285478418229221
33764.44,ROW-mean-Corr,397,7309,697368,0,nrmsd_norm,42,0.6362620614190804
33764.44,ROW-mean-Corr,397,7309,697368,0,nrmsd_norm,44,0.634582284063542
33764.44,ROW-mean-Corr,397,7308,697368,0,nrmsd_norm,46,0.628935558682229
33764.44,ROW-mean-Corr,397,7308,697368,0,nrmsd_norm,48,0.6296565844446526
33764.44,ROW-mean-Corr,397,7308,697368,0,nrmsd_norm,50,0.6291293013732827
33764.44,ROW-mean-Corr,397,7309,697368,0,nrmsd_norm,55,0.6187942615172506
33764.44,ROW-mean-Corr,397,7309,697368,0,nrmsd_norm,60,0.6262409423150367
33764.44,ROW-mean-Corr,397,7309,697368,0,nrmsd_norm,65,0.6267191104633824
33764.44,ROW-mean-Corr,397,7310,697368,0,nrmsd_norm,70,0.6181886076643263
33764.44,ROW-mean-Corr,397,7139,697368,0,nrmsd_norm,75,0.6147466381659443
33764.44,ROW-mean-Corr,397,7139,697368,0,nrmsd_norm,80,0.6093384568675546
33764.44,ROW-mean-Corr,397,7309,697368,0,nrmsd_norm,85,0.6076131067339695
33764.44,ROW-mean-Corr,397,397,697368,0,nrmsd_norm,90,0.6098207451480264
33764.44,ROW-mean-Corr,397,7308,697368,0,nrmsd_norm,95,0.6082048845155592
33764.44,ROW-mean-Corr,397,397,697368,0,nrmsd_norm,100,0.601337457925044
33764.44,ROW-mean-Corr,397,5725,201469,0,nrmsd_norm,5,0.60606991734506
33764.44,ROW-mean-Corr,397,7322,201469,0,nrmsd_norm,6,0.5423384926589543
33764.44,ROW-mean-Corr,397,7322,201469,0,nrmsd_norm,7,0.5639747619921084
33764.44,ROW-mean-Corr,397,1602,201469,0,nrmsd_norm,8,0.6084369279117452
33764.44,ROW-mean-Corr,397,1602,201469,0,nrmsd_norm,9,0.5872176224632909
33764.44,ROW-mean-Corr,397,10639,201469,0,nrmsd_norm,10,0.6011368695846934
33764.44,ROW-mean-Corr,397,7322,201469,0,nrmsd_norm,11,0.6235593768407308
33764.44,ROW-mean-Corr,397,10639,201469,0,nrmsd_norm,12,0.6012559065730424
33764.44,ROW-mean-Corr,397,7140,201469,0,nrmsd_norm,13,0.5776378119374393
33764.44,ROW-mean-Corr,397,7140,201469,0,nrmsd_norm,14,0.5967395396518527
33764.44,ROW-mean-Corr,397,7140,201469,0,nrmsd_norm,15,0.5867322079424988
33764.44,ROW-mean-Corr,397,7310,201469,0,nrmsd_norm,16,0.5718751086837508
33764.44,ROW-mean-Corr,397,7310,201469,0,nrmsd_norm,17,0.5658905698987139
33764.44,ROW-mean-Corr,397,7310,201469,0,nrmsd_norm,18,0.5864065200709715
33764.44,ROW-mean-Corr,397,7310,201469,0,nrmsd_norm,19,0.594866233090623
33764.44,ROW-mean-Corr,397,7310,201469,0,nrmsd_norm,20,0.6055255298533015
33764.44,ROW-mean-Corr,397,7310,201469,0,nrmsd_norm,22,0.5905404259256497
33764.44,ROW-mean-Corr,397,7310,201469,0,nrmsd_norm,24,0.5741362837479461
33764.44,ROW-mean-Corr,397,7310,201469,0,nrmsd_norm,26,0.5828011564653867
33764.44,ROW-mean-Corr,397,7310,201469,0,nrmsd_norm,28,0.5940306068283094
33764.44,ROW-mean-Corr,397,7308,201469,0,nrmsd_norm,30,0.5894270425973088
33764.44,ROW-mean-Corr,397,7310,201469,0,nrmsd_norm,32,0.5951638693982146
33764.44,ROW-mean-Corr,397,7308,201469,0,nrmsd_norm,34,0.5971075130985612
33764.44,ROW-mean-Corr,397,7310,201469,0,nrmsd_norm,36,0.6008453681893009
33764.44,ROW-mean-Corr,397,7140,201469,0,nrmsd_norm,38,0.6094394749405185
33764.44,ROW-mean-Corr,397,7140,201469,0,nrmsd_norm,40,0.6072555500893286
33764.44,ROW-mean-Corr,397,7139,201469,0,nrmsd_norm,42,0.6180569642036254
33764.44,ROW-mean-Corr,397,539,201469,0,nrmsd_norm,44,0.6151758168502997
33764.44,ROW-mean-Corr,397,539,201469,0,nrmsd_norm,46,0.6034930119468321
33764.44,ROW-mean-Corr,397,7147,201469,0,nrmsd_norm,48,0.6050930753135679
33764.44,ROW-mean-Corr,397,7147,201469,0,nrmsd_norm,50,0.6056224578099446
33764.44,ROW-mean-Corr,397,7147,201469,0,nrmsd_norm,55,0.5908624497708224
33764.44,ROW-mean-Corr,397,7147,201469,0,nrmsd_norm,60,0.5989031434948013
33764.44,ROW-mean-Corr,397,7147,201469,0,nrmsd_norm,65,0.6002129426101771
33764.44,ROW-mean-Corr,397,7147,201469,0,nrmsd_norm,70,0.5985988087012938
33764.44,ROW-mean-Corr,397,2839,201469,0,nrmsd_norm,75,0.5954083331801755
33764.44,ROW-mean-Corr,397,7147,201469,0,nrmsd_norm,80,0.5905919510701295
33764.44,ROW-mean-Corr,397,539,201469,0,nrmsd_norm,85,0.5904040388797339
33764.44,ROW-mean-Corr,397,539,201469,0,nrmsd_norm,90,0.592980962477711
33764.44,ROW-mean-Corr,397,539,201469,0,nrmsd_norm,95,0.5935735536803461
33764.44,ROW-mean-Corr,397,539,201469,0,nrmsd_norm,100,0.5890436977529602
33764.44,ROW-mean-Corr,397,2854,94177,0,nrmsd_norm,5,0.6122649767824615
33764.44,ROW-mean-Corr,397,1453,94177,0,nrmsd_norm,6,0.5586108560201444
33764.44,ROW-mean-Corr,397,11303,94177,0,nrmsd_norm,7,0.5859484163650501
33764.44,ROW-mean-Corr,397,8031,94177,0,nrmsd_norm,8,0.6036069167635324
33764.44,ROW-mean-Corr,397,1379,94177,0,nrmsd_norm,9,0.5977156085107804
33764.44,ROW-mean-Corr,397,7902,94177,0,nrmsd_norm,10,0.6143470667494471
33764.44,ROW-mean-Corr,397,7902,94177,0,nrmsd_norm,11,0.6278588925330881
33764.44,ROW-mean-Corr,397,7902,94177,0,nrmsd_norm,12,0.6134439990180568
33764.44,ROW-mean-Corr,397,3640,94177,0,nrmsd_norm,13,0.5916889893000857
33764.44,ROW-mean-Corr,397,6458,94177,0,nrmsd_norm,14,0.6113051566282514
33764.44,ROW-mean-Corr,397,6288,94177,0,nrmsd_norm,15,0.6093388835899218
33764.44,ROW-mean-Corr,397,7151,94177,0,nrmsd_norm,16,0.5951188127625204
33764.44,ROW-mean-Corr,397,7151,94177,0,nrmsd_norm,17,0.5921788453600894
33764.44,ROW-mean-Corr,397,7151,94177,0,nrmsd_norm,18,0.6111298982813502
33764.44,ROW-mean-Corr,397,7151,94177,0,nrmsd_norm,19,0.6147461882461437
33764.44,ROW-mean-Corr,397,7151,94177,0,nrmsd_norm,20,0.6292580181859112
33764.44,ROW-mean-Corr,397,2839,94177,0,nrmsd_norm,22,0.6145579375425535
33764.44,ROW-mean-Corr,397,2839,94177,0,nrmsd_norm,24,0.6037396842431949
33764.44,ROW-mean-Corr,397,539,94177,0,nrmsd_norm,26,0.6145323775775858
33764.44,ROW-mean-Corr,397,539,94177,0,nrmsd_norm,28,0.6227971469722046
33764.44,ROW-mean-Corr,397,7140,94177,0,nrmsd_norm,30,0.6156060000119632
33764.44,ROW-mean-Corr,397,7140,94177,0,nrmsd_norm,32,0.6230598831653766
33764.44,ROW-mean-Corr,397,7140,94177,0,nrmsd_norm,34,0.6197832425439296
33764.44,ROW-mean-Corr,397,7140,94177,0,nrmsd_norm,36,0.6192577933732325
33764.44,ROW-mean-Corr,397,7140,94177,0,nrmsd_norm,38,0.6266069276597951
33764.44,ROW-mean-Corr,397,7140,94177,0,nrmsd_norm,40,0.6243450081199723
33764.44,ROW-mean-Corr,397,7140,94177,0,nrmsd_norm,42,0.629670976247787
33764.44,ROW-mean-Corr,397,539,94177,0,nrmsd_norm,44,0.6258751823093113
33764.44,ROW-mean-Corr,397,2839,94177,0,nrmsd_norm,46,0.6147079196328171
33764.44,ROW-mean-Corr,397,2839,94177,0,nrmsd_norm,48,0.6147617358595399
33764.44,ROW-mean-Corr,397,2839,94177,0,nrmsd_norm,50,0.6142346246150721
33764.44,ROW-mean-Corr,397,539,94177,0,nrmsd_norm,55,0.6067763740744431
33764.44,ROW-mean-Corr,397,2839,94177,0,nrmsd_norm,60,0.6171501032087897
33764.44,ROW-mean-Corr,397,7140,94177,0,nrmsd_norm,65,0.6217164753548008
33764.44,ROW-mean-Corr,397,7319,94177,0,nrmsd_norm,70,0.6276006377101799
33764.44,ROW-mean-Corr,397,7319,94177,0,nrmsd_norm,75,0.6233965672208589
33764.44,ROW-mean-Corr,397,7319,94177,0,nrmsd_norm,80,0.616589939727361
33764.44,ROW-mean-Corr,397,539,94177,0,nrmsd_norm,85,0.611741563859673
33764.44,ROW-mean-Corr,397,7140,94177,0,nrmsd_norm,90,0.6115806588446608
33764.44,ROW-mean-Corr,397,7140,94177,0,nrmsd_norm,95,0.6102834050085982
33764.44,ROW-mean-Corr,397,7140,94177,0,nrmsd_norm,100,0.6033881063635119
33764.44,ROW-max-Corr,397,9420,89250,0,nrmsd_norm,5,0.5544184755902476
33764.44,ROW-max-Corr,397,8815,89250,0,nrmsd_norm,6,0.5339266526638053
33764.44,ROW-max-Corr,397,2006,89250,0,nrmsd_norm,7,0.5102608765010761
33764.44,ROW-max-Corr,397,12633,89250,0,nrmsd_norm,8,0.49064625161977704
33764.44,ROW-max-Corr,397,7894,89250,0,nrmsd_norm,9,0.46117486420146797
33764.44,ROW-max-Corr,397,6069,89250,0,nrmsd_norm,10,0.43911621826787656
33764.44,ROW-max-Corr,397,6069,89250,0,nrmsd_norm,11,0.4451823892699242
33764.44,ROW-max-Corr,397,7154,89250,0,nrmsd_norm,12,0.4461358034446029
33764.44,ROW-max-Corr,397,10355,89250,0,nrmsd_norm,13,0.42817963750718097
33764.44,ROW-max-Corr,397,11715,89250,0,nrmsd_norm,14,0.44543701968042393
33764.44,ROW-max-Corr,397,11715,89250,0,nrmsd_norm,15,0.42148919912533245
33764.44,ROW-max-Corr,397,11715,89250,0,nrmsd_norm,16,0.4058384539991015
33764.44,ROW-max-Corr,397,11715,89250,0,nrmsd_norm,17,0.38909735394857664
33764.44,ROW-max-Corr,397,7132,89250,0,nrmsd_norm,18,0.389152916403084
33764.44,ROW-max-Corr,397,10355,89250,0,nrmsd_norm,19,0.35980498239500475
33764.44,ROW-max-Corr,397,11715,89250,0,nrmsd_norm,20,0.34689046193959494
33764.44,ROW-max-Corr,397,11715,89250,0,nrmsd_norm,22,0.3474149260203159
33764.44,ROW-max-Corr,397,9967,89250,0,nrmsd_norm,24,0.37323901660460845
33764.44,ROW-max-Corr,397,11135,89250,0,nrmsd_norm,26,0.36799160257589014
33764.44,ROW-max-Corr,397,11135,89250,0,nrmsd_norm,28,0.39064772536488385
33764.44,ROW-max-Corr,397,10355,89250,0,nrmsd_norm,30,0.3849016395319525
33764.44,ROW-max-Corr,397,9967,89250,0,nrmsd_norm,32,0.3768826559450657
33764.44,ROW-max-Corr,397,9967,89250,0,nrmsd_norm,34,0.37599194314698725
33764.44,ROW-max-Corr,397,9967,89250,0,nrmsd_norm,36,0.36994609418452934
33764.44,ROW-max-Corr,397,397,89250,0,nrmsd_norm,38,0.36116349101833634
33764.44,ROW-max-Corr,397,397,89250,0,nrmsd_norm,40,0.3517700311644756
33764.44,ROW-max-Corr,397,397,89250,0,nrmsd_norm,42,0.3635838173320151
33764.44,ROW-max-Corr,397,397,89250,0,nrmsd_norm,44,0.3533377840112162
33764.44,ROW-max-Corr,397,397,89250,0,nrmsd_norm,46,0.34682191564988973
33764.44,ROW-max-Corr,397,397,89250,0,nrmsd_norm,48,0.3520438281618514
33764.44,ROW-max-Corr,397,397,89250,0,nrmsd_norm,50,0.3438562764363295
33764.44,ROW-max-Corr,397,397,89250,0,nrmsd_norm,55,0.34209164567560685
33764.44,ROW-max-Corr,397,397,89250,0,nrmsd_norm,60,0.34317596729475375
33764.44,ROW-max-Corr,397,397,89250,0,nrmsd_norm,65,0.3418486407656802
33764.44,ROW-max-Corr,397,397,89250,0,nrmsd_norm,70,0.3488340390446736
33764.44,ROW-max-Corr,397,7154,89250,0,nrmsd_norm,75,0.348298095865225
33764.44,ROW-max-Corr,397,7154,89250,0,nrmsd_norm,80,0.3605221972632638
33764.44,ROW-max-Corr,397,7154,89250,0,nrmsd_norm,85,0.3559551309654489
33764.44,ROW-max-Corr,397,7154,89250,0,nrmsd_norm,90,0.3593630685822546
33764.44,ROW-max-Corr,397,7154,89250,0,nrmsd_norm,95,0.34869641560551584
33764.44,ROW-max-Corr,397,7154,89250,0,nrmsd_norm,100,0.34567039256562754
33764.44,ROW-max-Corr,397,7129,773956,0,nrmsd_norm,5,0.5988190084038121
33764.44,ROW-max-Corr,397,11033,773956,0,nrmsd_norm,6,0.5601703278335828
33764.44,ROW-max-Corr,397,9967,773956,0,nrmsd_norm,7,0.521538866296961
33764.44,ROW-max-Corr,397,9967,773956,0,nrmsd_norm,8,0.5162114191590991
33764.44,ROW-max-Corr,397,9967,773956,0,nrmsd_norm,9,0.4740271615264471
33764.44,ROW-max-Corr,397,53,773956,0,nrmsd_norm,10,0.46042539489771406
33764.44,ROW-max-Corr,397,53,773956,0,nrmsd_norm,11,0.46919047828219795
33764.44,ROW-max-Corr,397,7319,773956,0,nrmsd_norm,12,0.4560682780381878
33764.44,ROW-max-Corr,397,7319,773956,0,nrmsd_norm,13,0.4326292927020972
33764.44,ROW-max-Corr,397,7319,773956,0,nrmsd_norm,14,0.43952670160098206
33764.44,ROW-max-Corr,397,7320,773956,0,nrmsd_norm,15,0.4220174644803172
33764.44,ROW-max-Corr,397,7308,773956,0,nrmsd_norm,16,0.4108025783134566
33764.44,ROW-max-Corr,397,7308,773956,0,nrmsd_norm,17,0.39295344984417846
33764.44,ROW-max-Corr,397,7297,773956,0,nrmsd_norm,18,0.4005053444673188
33764.44,ROW-max-Corr,397,10762,773956,0,nrmsd_norm,19,0.39732265591233557
33764.44,ROW-max-Corr,397,9967,773956,0,nrmsd_norm,20,0.38609581218536027
33764.44,ROW-max-Corr,397,7132,773956,0,nrmsd_norm,22,0.3704781604241256
33764.44,ROW-max-Corr,397,9967,773956,0,nrmsd_norm,24,0.3838326420381267
33764.44,ROW-max-Corr,397,9967,773956,0,nrmsd_norm,26,0.37367925208818087
33764.44,ROW-max-Corr,397,9967,773956,0,nrmsd_norm,28,0.39074265384392426
33764.44,ROW-max-Corr,397,9967,773956,0,nrmsd_norm,30,0.37557245143171347
33764.44,ROW-max-Corr,397,9967,773956,0,nrmsd_norm,32,0.3669143216163021
33764.44,ROW-max-Corr,397,9967,773956,0,nrmsd_norm,34,0.3628248864098473
33764.44,ROW-max-Corr,397,9967,773956,0,nrmsd_norm,36,0.3586152386989113
33764.44,ROW-max-Corr,397,9967,773956,0,nrmsd_norm,38,0.34930556378310973
33764.44,ROW-max-Corr,397,9967,773956,0,nrmsd_norm,40,0.3412015745589441
33764.44,ROW-max-Corr,397,9967,773956,0,nrmsd_norm,42,0.3538328260197184
33764.44,ROW-max-Corr,397,9967,773956,0,nrmsd_norm,44,0.34180941114968794
33764.44,ROW-max-Corr,397,1416,773956,0,nrmsd_norm,46,0.3361991875916695
33764.44,ROW-max-Corr,397,1416,773956,0,nrmsd_norm,48,0.34677577122995723
33764.44,ROW-max-Corr,397,1416,773956,0,nrmsd_norm,50,0.339468245027057
33764.44,ROW-max-Corr,397,9967,773956,0,nrmsd_norm,55,0.3383798563670526
33764.44,ROW-max-Corr,397,9967,773956,0,nrmsd_norm,60,0.3406119262582187
33764.44,ROW-max-Corr,397,397,773956,0,nrmsd_norm,65,0.3389861995596854
33764.44,ROW-max-Corr,397,397,773956,0,nrmsd_norm,70,0.34745639200991785
33764.44,ROW-max-Corr,397,397,773956,0,nrmsd_norm,75,0.34455405990552324
33764.44,ROW-max-Corr,397,397,773956,0,nrmsd_norm,80,0.3559365937910037
33764.44,ROW-max-Corr,397,397,773956,0,nrmsd_norm,85,0.3500652698349551
33764.44,ROW-max-Corr,397,397,773956,0,nrmsd_norm,90,0.35329781778232505
33764.44,ROW-max-Corr,397,397,773956,0,nrmsd_norm,95,0.347410859711718
33764.44,ROW-max-Corr,397,397,773956,0,nrmsd_norm,100,0.3421365323372425
33764.44,ROW-max-Corr,397,7184,654571,0,nrmsd_norm,5,0.5830523471338888
33764.44,ROW-max-Corr,397,7016,654571,0,nrmsd_norm,6,0.5601698426078192
33764.44,ROW-max-Corr,397,7016,654571,0,nrmsd_norm,7,0.5295576618049105
33764.44,ROW-max-Corr,397,7184,654571,0,nrmsd_norm,8,0.5105456654600677
33764.44,ROW-max-Corr,397,2924,654571,0,nrmsd_norm,9,0.45280139602628994
33764.44,ROW-max-Corr,397,128,654571,0,nrmsd_norm,10,0.4289935722021749
33764.44,ROW-max-Corr,397,128,654571,0,nrmsd_norm,11,0.4384263157472391
33764.44,ROW-max-Corr,397,128,654571,0,nrmsd_norm,12,0.431483807049662
33764.44,ROW-max-Corr,397,128,654571,0,nrmsd_norm,13,0.4059689440634112
33764.44,ROW-max-Corr,397,128,654571,0,nrmsd_norm,14,0.4266341649375114
33764.44,ROW-max-Corr,397,128,654571,0,nrmsd_norm,15,0.411771547786855
33764.44,ROW-max-Corr,397,7321,654571,0,nrmsd_norm,16,0.3963033387369507
33764.44,ROW-max-Corr,397,7321,654571,0,nrmsd_norm,17,0.38369307342311376
33764.44,ROW-max-Corr,397,7310,654571,0,nrmsd_norm,18,0.3701649716309538
33764.44,ROW-max-Corr,397,7320,654571,0,nrmsd_norm,19,0.3653539567604003
33764.44,ROW-max-Corr,397,1416,654571,0,nrmsd_norm,20,0.3582897821046816
33764.44,ROW-max-Corr,397,1416,654571,0,nrmsd_norm,22,0.34980877453174597
33764.44,ROW-max-Corr,397,397,654571,0,nrmsd_norm,24,0.36110437895823705
33764.44,ROW-max-Corr,397,397,654571,0,nrmsd_norm,26,0.3600994001540092
33764.44,ROW-max-Corr,397,397,654571,0,nrmsd_norm,28,0.3631540241199141
33764.44,ROW-max-Corr,397,397,654571,0,nrmsd_norm,30,0.34970408858180124
33764.44,ROW-max-Corr,397,397,654571,0,nrmsd_norm,32,0.34315544107943463
33764.44,ROW-max-Corr,397,6953,654571,0,nrmsd_norm,34,0.3409588671968334
33764.44,ROW-max-Corr,397,6953,654571,0,nrmsd_norm,36,0.3362578543575409
33764.44,ROW-max-Corr,397,397,654571,0,nrmsd_norm,38,0.32859797006086205
33764.44,ROW-max-Corr,397,397,654571,0,nrmsd_norm,40,0.3210586373200225
33764.44,ROW-max-Corr,397,397,654571,0,nrmsd_norm,42,0.3350286254948419
33764.44,ROW-max-Corr,397,397,654571,0,nrmsd_norm,44,0.32602168891175287
33764.44,ROW-max-Corr,397,397,654571,0,nrmsd_norm,46,0.3216218039643426
33764.44,ROW-max-Corr,397,397,654571,0,nrmsd_norm,48,0.3296015758997181
33764.44,ROW-max-Corr,397,397,654571,0,nrmsd_norm,50,0.3260605883822666
33764.44,ROW-max-Corr,397,1416,654571,0,nrmsd_norm,55,0.3231756966905421
33764.44,ROW-max-Corr,397,1416,654571,0,nrmsd_norm,60,0.3218495672877301
33764.44,ROW-max-Corr,397,1416,654571,0,nrmsd_norm,65,0.3216251931676289
33764.44,ROW-max-Corr,397,397,654571,0,nrmsd_norm,70,0.3337787532604371
33764.44,ROW-max-Corr,397,397,654571,0,nrmsd_norm,75,0.33418518631706606
33764.44,ROW-max-Corr,397,397,654571,0,nrmsd_norm,80,0.3509292131951627
33764.44,ROW-max-Corr,397,397,654571,0,nrmsd_norm,85,0.3454249985319084
33764.44,ROW-max-Corr,397,397,654571,0,nrmsd_norm,90,0.34613934736137597
33764.44,ROW-max-Corr,397,397,654571,0,nrmsd_norm,95,0.3437969276141079
33764.44,ROW-max-Corr,397,397,654571,0,nrmsd_norm,100,0.3423553840850146
33764.44,ROW-max-Corr,397,3866,438878,0,nrmsd_norm,5,0.49784856440373326
33764.44,ROW-max-Corr,397,8480,438878,0,nrmsd_norm,6,0.5067292152322407
33764.44,ROW-max-Corr,397,8766,438878,0,nrmsd_norm,7,0.4853295400041987
33764.44,ROW-max-Corr,397,12633,438878,0,nrmsd_norm,8,0.4986079283370815
33764.44,ROW-max-Corr,397,1124,438878,0,nrmsd_norm,9,0.47098400322317313
33764.44,ROW-max-Corr,397,6953,438878,0,nrmsd_norm,10,0.4561545096842841
33764.44,ROW-max-Corr,397,6953,438878,0,nrmsd_norm,11,0.46826454230293074
33764.44,ROW-max-Corr,397,6609,438878,0,nrmsd_norm,12,0.4565203590281166
33764.44,ROW-max-Corr,397,11329,438878,0,nrmsd_norm,13,0.4295185503078792
33764.44,ROW-max-Corr,397,6609,438878,0,nrmsd_norm,14,0.4295025529081215
33764.44,ROW-max-Corr,397,6609,438878,0,nrmsd_norm,15,0.40177976465921156
33764.44,ROW-max-Corr,397,6609,438878,0,nrmsd_norm,16,0.39523577759680506
33764.44,ROW-max-Corr,397,6609,438878,0,nrmsd_norm,17,0.3864315908430117
33764.44,ROW-max-Corr,397,12088,438878,0,nrmsd_norm,18,0.3878751658209624
33764.44,ROW-max-Corr,397,12088,438878,0,nrmsd_norm,19,0.3736223112452906
33764.44,ROW-max-Corr,397,6442,438878,0,nrmsd_norm,20,0.37008987942178806
33764.44,ROW-max-Corr,397,3557,438878,0,nrmsd_norm,22,0.35102408771486643
33764.44,ROW-max-Corr,397,3557,438878,0,nrmsd_norm,24,0.3643981469474784
33764.44,ROW-max-Corr,397,3557,438878,0,nrmsd_norm,26,0.36046813685685053
33764.44,ROW-max-Corr,397,3557,438878,0,nrmsd_norm,28,0.36348476162021565
33764.44,ROW-max-Corr,397,3557,438878,0,nrmsd_norm,30,0.3494761134283195
33764.44,ROW-max-Corr,397,3557,438878,0,nrmsd_norm,32,0.3420944611153097
33764.44,ROW-max-Corr,397,3557,438878,0,nrmsd_norm,34,0.3402962845526672
33764.44,ROW-max-Corr,397,3557,438878,0,nrmsd_norm,36,0.33253619939524626
33764.44,ROW-max-Corr,397,2105,438878,0,nrmsd_norm,38,0.32724317450717544
33764.44,ROW-max-Corr,397,2105,438878,0,nrmsd_norm,40,0.3202494754755443
33764.44,ROW-max-Corr,397,2105,438878,0,nrmsd_norm,42,0.3340968277782506
33764.44,ROW-max-Corr,397,2105,438878,0,nrmsd_norm,44,0.32811122996838105
33764.44,ROW-max-Corr,397,2105,438878,0,nrmsd_norm,46,0.3245783078607771
33764.44,ROW-max-Corr,397,2105,438878,0,nrmsd_norm,48,0.33109337436528286
33764.44,ROW-max-Corr,397,2105,438878,0,nrmsd_norm,50,0.3241402068105203
33764.44,ROW-max-Corr,397,2105,438878,0,nrmsd_norm,55,0.32100959840393983
33764.44,ROW-max-Corr,397,2105,438878,0,nrmsd_norm,60,0.3198533465907415
33764.44,ROW-max-Corr,397,2105,438878,0,nrmsd_norm,65,0.3209501672757085
33764.44,ROW-max-Corr,397,2105,438878,0,nrmsd_norm,70,0.3271552911884116
33764.44,ROW-max-Corr,397,2105,438878,0,nrmsd_norm,75,0.32857229152858414
33764.44,ROW-max-Corr,397,2105,438878,0,nrmsd_norm,80,0.3416224008307729
33764.44,ROW-max-Corr,397,2105,438878,0,nrmsd_norm,85,0.3397183842790887
33764.44,ROW-max-Corr,397,2105,438878,0,nrmsd_norm,90,0.3442985665635227
33764.44,ROW-max-Corr,397,2105,438878,0,nrmsd_norm,95,0.3326808396579791
33764.44,ROW-max-Corr,397,2105,438878,0,nrmsd_norm,100,0.32486065924522695
33764.44,ROW-max-Corr,397,6800,433015,0,nrmsd_norm,5,0.5828361614039428
33764.44,ROW-max-Corr,397,7147,433015,0,nrmsd_norm,6,0.5662638941882919
33764.44,ROW-max-Corr,397,344,433015,0,nrmsd_norm,7,0.5234736405297311
33764.44,ROW-max-Corr,397,6444,433015,0,nrmsd_norm,8,0.5206373410565682
33764.44,ROW-max-Corr,397,4357,433015,0,nrmsd_norm,9,0.4552237044176633
33764.44,ROW-max-Corr,397,2771,433015,0,nrmsd_norm,10,0.4409456979071719
33764.44,ROW-max-Corr,397,2771,433015,0,nrmsd_norm,11,0.4591823446218558
33764.44,ROW-max-Corr,397,6069,433015,0,nrmsd_norm,12,0.4357551439827684
33764.44,ROW-max-Corr,397,6954,433015,0,nrmsd_norm,13,0.4090803689302548
33764.44,ROW-max-Corr,397,6954,433015,0,nrmsd_norm,14,0.45127796979064555
33764.44,ROW-max-Corr,397,6954,433015,0,nrmsd_norm,15,0.4124694314289414
33764.44,ROW-max-Corr,397,397,433015,0,nrmsd_norm,16,0.4103132875795274
33764.44,ROW-max-Corr,397,1416,433015,0,nrmsd_norm,17,0.3972042251991635
33764.44,ROW-max-Corr,397,6953,433015,0,nrmsd_norm,18,0.39266722161707285
33764.44,ROW-max-Corr,397,1416,433015,0,nrmsd_norm,19,0.3845915331929589
33764.44,ROW-max-Corr,397,397,433015,0,nrmsd_norm,20,0.3742481760382167
33764.44,ROW-max-Corr,397,6954,433015,0,nrmsd_norm,22,0.3606858075318227
33764.44,ROW-max-Corr,397,6953,433015,0,nrmsd_norm,24,0.36928774051555774
33764.44,ROW-max-Corr,397,397,433015,0,nrmsd_norm,26,0.36633935597840206
33764.44,ROW-max-Corr,397,397,433015,0,nrmsd_norm,28,0.37841578579860724
33764.44,ROW-max-Corr,397,397,433015,0,nrmsd_norm,30,0.371930506141072
33764.44,ROW-max-Corr,397,6954,433015,0,nrmsd_norm,32,0.3566663351670989
33764.44,ROW-max-Corr,397,6954,433015,0,nrmsd_norm,34,0.3520220545442544
33764.44,ROW-max-Corr,397,6953,433015,0,nrmsd_norm,36,0.3509034954112293
33764.44,ROW-max-Corr,397,1416,433015,0,nrmsd_norm,38,0.3454509196420392
33764.44,ROW-max-Corr,397,1416,433015,0,nrmsd_norm,40,0.3334292214972161
33764.44,ROW-max-Corr,397,1416,433015,0,nrmsd_norm,42,0.3430198643230129
33764.44,ROW-max-Corr,397,1416,433015,0,nrmsd_norm,44,0.3306035901146646
33764.44,ROW-max-Corr,397,1416,433015,0,nrmsd_norm,46,0.3272688579512373
33764.44,ROW-max-Corr,397,1416,433015,0,nrmsd_norm,48,0.33224046975062005
33764.44,ROW-max-Corr,397,1103,433015,0,nrmsd_norm,50,0.3308347981201971
33764.44,ROW-max-Corr,397,6953,433015,0,nrmsd_norm,55,0.3385070119269449
33764.44,ROW-max-Corr,397,1416,433015,0,nrmsd_norm,60,0.33697763827883237
33764.44,ROW-max-Corr,397,1416,433015,0,nrmsd_norm,65,0.3362340273275836
33764.44,ROW-max-Corr,397,1416,433015,0,nrmsd_norm,70,0.340027275385671
33764.44,ROW-max-Corr,397,1416,433015,0,nrmsd_norm,75,0.34001659635700043
33764.44,ROW-max-Corr,397,1416,433015,0,nrmsd_norm,80,0.3575084813338351
33764.44,ROW-max-Corr,397,1416,433015,0,nrmsd_norm,85,0.3498769329140237
33764.44,ROW-max-Corr,397,1416,433015,0,nrmsd_norm,90,0.35288952530983786
33764.44,ROW-max-Corr,397,1416,433015,0,nrmsd_norm,95,0.3459590019330736
33764.44,ROW-max-Corr,397,1416,433015,0,nrmsd_norm,100,0.3414993206870038
33764.44,ROW-max-Corr,397,2039,858597,0,nrmsd_norm,5,0.5720343826967536
33764.44,ROW-max-Corr,397,8512,858597,0,nrmsd_norm,6,0.5608681182147928
33764.44,ROW-max-Corr,397,8500,858597,0,nrmsd_norm,7,0.5201275534458732
33764.44,ROW-max-Corr,397,7140,858597,0,nrmsd_norm,8,0.5244703052980706
33764.44,ROW-max-Corr,397,7310,858597,0,nrmsd_norm,9,0.49633747284225715
33764.44,ROW-max-Corr,397,7310,858597,0,nrmsd_norm,10,0.4837083880379851
33764.44,ROW-max-Corr,397,7310,858597,0,nrmsd_norm,11,0.49093193006944547
33764.44,ROW-max-Corr,397,7310,858597,0,nrmsd_norm,12,0.4727242631604477
33764.44,ROW-max-Corr,397,7145,858597,0,nrmsd_norm,13,0.4409308506080993
33764.44,ROW-max-Corr,397,7145,858597,0,nrmsd_norm,14,0.44994289453086483
33764.44,ROW-max-Corr,397,6954,858597,0,nrmsd_norm,15,0.41905386422510754
33764.44,ROW-max-Corr,397,6954,858597,0,nrmsd_norm,16,0.4132388564857354
33764.44,ROW-max-Corr,397,7140,858597,0,nrmsd_norm,17,0.4027888062026463
33764.44,ROW-max-Corr,397,7140,858597,0,nrmsd_norm,18,0.3963850116065656
33764.44,ROW-max-Corr,397,7310,858597,0,nrmsd_norm,19,0.39914094042747683
33764.44,ROW-max-Corr,397,7139,858597,0,nrmsd_norm,20,0.3880738430641039
33764.44,ROW-max-Corr,397,539,858597,0,nrmsd_norm,22,0.37411117322134874
33764.44,ROW-max-Corr,397,7319,858597,0,nrmsd_norm,24,0.3843146406199085
33764.44,ROW-max-Corr,397,539,858597,0,nrmsd_norm,26,0.37584302396849484
33764.44,ROW-max-Corr,397,539,858597,0,nrmsd_norm,28,0.4025961275188331
33764.44,ROW-max-Corr,397,539,858597,0,nrmsd_norm,30,0.3905060487449051
33764.44,ROW-max-Corr,397,7139,858597,0,nrmsd_norm,32,0.38644142611203386
33764.44,ROW-max-Corr,397,7139,858597,0,nrmsd_norm,34,0.3830165497972365
33764.44,ROW-max-Corr,397,397,858597,0,nrmsd_norm,36,0.3768506417800044
33764.44,ROW-max-Corr,397,397,858597,0,nrmsd_norm,38,0.36950553965364413
33764.44,ROW-max-Corr,397,397,858597,0,nrmsd_norm,40,0.3619808110544968
33764.44,ROW-max-Corr,397,397,858597,0,nrmsd_norm,42,0.3723617939109068
33764.44,ROW-max-Corr,397,397,858597,0,nrmsd_norm,44,0.3606668097393464
33764.44,ROW-max-Corr,397,397,858597,0,nrmsd_norm,46,0.35629239120532624
33764.44,ROW-max-Corr,397,397,858597,0,nrmsd_norm,48,0.36214486450504174
33764.44,ROW-max-Corr,397,397,858597,0,nrmsd_norm,50,0.3513421367092085
33764.44,ROW-max-Corr,397,397,858597,0,nrmsd_norm,55,0.3435114541222896
33764.44,ROW-max-Corr,397,397,858597,0,nrmsd_norm,60,0.34331657531984644
33764.44,ROW-max-Corr,397,397,858597,0,nrmsd_norm,65,0.3413326698712261
33764.44,ROW-max-Corr,397,397,858597,0,nrmsd_norm,70,0.3490851587921091
33764.44,ROW-max-Corr,397,397,858597,0,nrmsd_norm,75,0.34784709314931606
33764.44,ROW-max-Corr,397,397,858597,0,nrmsd_norm,80,0.3577433052898461
33764.44,ROW-max-Corr,397,397,858597,0,nrmsd_norm,85,0.3495258534291048
33764.44,ROW-max-Corr,397,7154,858597,0,nrmsd_norm,90,0.3532363192724519
33764.44,ROW-max-Corr,397,7154,858597,0,nrmsd_norm,95,0.3423080813944823
33764.44,ROW-max-Corr,397,7154,858597,0,nrmsd_norm,100,0.33844734432603146
33764.44,ROW-max-Corr,397,6296,85945,0,nrmsd_norm,5,0.5915130714097028
33764.44,ROW-max-Corr,397,9967,85945,0,nrmsd_norm,6,0.5735650458811348
33764.44,ROW-max-Corr,397,7308,85945,0,nrmsd_norm,7,0.5365364660037684
33764.44,ROW-max-Corr,397,7297,85945,0,nrmsd_norm,8,0.5191991252632148
33764.44,ROW-max-Corr,397,53,85945,0,nrmsd_norm,9,0.45144948879091806
33764.44,ROW-max-Corr,397,53,85945,0,nrmsd_norm,10,0.4339352276584362
33764.44,ROW-max-Corr,397,7310,85945,0,nrmsd_norm,11,0.44612918639486115
33764.44,ROW-max-Corr,397,539,85945,0,nrmsd_norm,12,0.4371128850821898
33764.44,ROW-max-Corr,397,539,85945,0,nrmsd_norm,13,0.41153218285137144
33764.44,ROW-max-Corr,397,539,85945,0,nrmsd_norm,14,0.440719460631659
33764.44,ROW-max-Corr,397,539,85945,0,nrmsd_norm,15,0.4129553591258428
33764.44,ROW-max-Corr,397,7139,85945,0,nrmsd_norm,16,0.4082642761668393
33764.44,ROW-max-Corr,397,1416,85945,0,nrmsd_norm,17,0.39288924936865727
33764.44,ROW-max-Corr,397,1416,85945,0,nrmsd_norm,18,0.3909592160672767
33764.44,ROW-max-Corr,397,1416,85945,0,nrmsd_norm,19,0.3738267075963837
33764.44,ROW-max-Corr,397,1416,85945,0,nrmsd_norm,20,0.36316325417498546
33764.44,ROW-max-Corr,397,1416,85945,0,nrmsd_norm,22,0.3452176503726815
33764.44,ROW-max-Corr,397,1416,85945,0,nrmsd_norm,24,0.36139682074945234
33764.44,ROW-max-Corr,397,397,85945,0,nrmsd_norm,26,0.36050939770150725
33764.44,ROW-max-Corr,397,397,85945,0,nrmsd_norm,28,0.3845893384581719
33764.44,ROW-max-Corr,397,397,85945,0,nrmsd_norm,30,0.3744783770331112
33764.44,ROW-max-Corr,397,397,85945,0,nrmsd_norm,32,0.3732106802905604
33764.44,ROW-max-Corr,397,397,85945,0,nrmsd_norm,34,0.37138626137664105
33764.44,ROW-max-Corr,397,9967,85945,0,nrmsd_norm,36,0.3713966396027712
33764.44,ROW-max-Corr,397,397,85945,0,nrmsd_norm,38,0.36216476201238873
33764.44,ROW-max-Corr,397,397,85945,0,nrmsd_norm,40,0.35545209821190754
33764.44,ROW-max-Corr,397,397,85945,0,nrmsd_norm,42,0.3662319639599238
33764.44,ROW-max-Corr,397,397,85945,0,nrmsd_norm,44,0.35699711694557645
33764.44,ROW-max-Corr,397,397,85945,0,nrmsd_norm,46,0.3565283652125482
33764.44,ROW-max-Corr,397,397,85945,0,nrmsd_norm,48,0.3594266455442668
33764.44,ROW-max-Corr,397,9967,85945,0,nrmsd_norm,50,0.35445056505175393
33764.44,ROW-max-Corr,397,7297,85945,0,nrmsd_norm,55,0.3527838159636568
33764.44,ROW-max-Corr,397,7297,85945,0,nrmsd_norm,60,0.35449561561527565
33764.44,ROW-max-Corr,397,7297,85945,0,nrmsd_norm,65,0.3568637424865174
33764.44,ROW-max-Corr,397,7297,85945,0,nrmsd_norm,70,0.36202396023225597
33764.44,ROW-max-Corr,397,9967,85945,0,nrmsd_norm,75,0.35843444025688004
33764.44,ROW-max-Corr,397,9967,85945,0,nrmsd_norm,80,0.36965569893666206
33764.44,ROW-max-Corr,397,9967,85945,0,nrmsd_norm,85,0.3623487668722162
33764.44,ROW-max-Corr,397,9967,85945,0,nrmsd_norm,90,0.3648225852633711
33764.44,ROW-max-Corr,397,9967,85945,0,nrmsd_norm,95,0.3588358046331779
33764.44,ROW-max-Corr,397,7297,85945,0,nrmsd_norm,100,0.3559702944407477
33764.44,ROW-max-Corr,397,4342,697368,0,nrmsd_norm,5,0.5720423063493809
33764.44,ROW-max-Corr,397,8336,697368,0,nrmsd_norm,6,0.5508638071659843
33764.44,ROW-max-Corr,397,8336,697368,0,nrmsd_norm,7,0.5096593548173026
33764.44,ROW-max-Corr,397,7062,697368,0,nrmsd_norm,8,0.5185215561963118
33764.44,ROW-max-Corr,397,6033,697368,0,nrmsd_norm,9,0.485189703541741
33764.44,ROW-max-Corr,397,6626,697368,0,nrmsd_norm,10,0.4716778597568215
33764.44,ROW-max-Corr,397,6440,697368,0,nrmsd_norm,11,0.48526372457302414
33764.44,ROW-max-Corr,397,5898,697368,0,nrmsd_norm,12,0.467615331440862
33764.44,ROW-max-Corr,397,2363,697368,0,nrmsd_norm,13,0.44789333349250404
33764.44,ROW-max-Corr,397,2363,697368,0,nrmsd_norm,14,0.4609252257640521
33764.44,ROW-max-Corr,397,7140,697368,0,nrmsd_norm,15,0.431788491213669
33764.44,ROW-max-Corr,397,10355,697368,0,nrmsd_norm,16,0.42373488092189343
33764.44,ROW-max-Corr,397,6453,697368,0,nrmsd_norm,17,0.41089841771672364
33764.44,ROW-max-Corr,397,6457,697368,0,nrmsd_norm,18,0.40883908111881606
33764.44,ROW-max-Corr,397,6457,697368,0,nrmsd_norm,19,0.3994903732867162
33764.44,ROW-max-Corr,397,6457,697368,0,nrmsd_norm,20,0.3864855985704197
33764.44,ROW-max-Corr,397,6457,697368,0,nrmsd_norm,22,0.3613342532500652
33764.44,ROW-max-Corr,397,6457,697368,0,nrmsd_norm,24,0.3692996067289682
33764.44,ROW-max-Corr,397,6457,697368,0,nrmsd_norm,26,0.3619561579685218
33764.44,ROW-max-Corr,397,6457,697368,0,nrmsd_norm,28,0.38610053592367827
33764.44,ROW-max-Corr,397,6457,697368,0,nrmsd_norm,30,0.3765322235356133
33764.44,ROW-max-Corr,397,7658,697368,0,nrmsd_norm,32,0.37246276719996757
33764.44,ROW-max-Corr,397,7658,697368,0,nrmsd_norm,34,0.3665581787376286
33764.44,ROW-max-Corr,397,7658,697368,0,nrmsd_norm,36,0.3667641361392178
33764.44,ROW-max-Corr,397,7658,697368,0,nrmsd_norm,38,0.35863878994717907
33764.44,ROW-max-Corr,397,1416,697368,0,nrmsd_norm,40,0.34879686135027915
33764.44,ROW-max-Corr,397,1416,697368,0,nrmsd_norm,42,0.35814187572875344
33764.44,ROW-max-Corr,397,1416,697368,0,nrmsd_norm,44,0.3482545562542353
33764.44,ROW-max-Corr,397,397,697368,0,nrmsd_norm,46,0.3471481072345356
33764.44,ROW-max-Corr,397,9967,697368,0,nrmsd_norm,48,0.35075927604345214
33764.44,ROW-max-Corr,397,397,697368,0,nrmsd_norm,50,0.34222928793904656
33764.44,ROW-max-Corr,397,397,697368,0,nrmsd_norm,55,0.3409652076087452
33764.44,ROW-max-Corr,397,397,697368,0,nrmsd_norm,60,0.34194703705298946
33764.44,ROW-max-Corr,397,9967,697368,0,nrmsd_norm,65,0.3395450795341969
33764.44,ROW-max-Corr,397,9967,697368,0,nrmsd_norm,70,0.3406862632798067
33764.44,ROW-max-Corr,397,9967,697368,0,nrmsd_norm,75,0.3412907171167185
33764.44,ROW-max-Corr,397,9967,697368,0,nrmsd_norm,80,0.35494623428483413
33764.44,ROW-max-Corr,397,9967,697368,0,nrmsd_norm,85,0.350879249895924
33764.44,ROW-max-Corr,397,397,697368,0,nrmsd_norm,90,0.35427160907166333
33764.44,ROW-max-Corr,397,397,697368,0,nrmsd_norm,95,0.34358781968876057
33764.44,ROW-max-Corr,397,397,697368,0,nrmsd_norm,100,0.3392832436450239
33764.44,ROW-max-Corr,397,7616,201469,0,nrmsd_norm,5,0.5580802684583129
33764.44,ROW-max-Corr,397,7605,201469,0,nrmsd_norm,6,0.5437522350304119
33764.44,ROW-max-Corr,397,5615,201469,0,nrmsd_norm,7,0.5052634489544567
33764.44,ROW-max-Corr,397,2839,201469,0,nrmsd_norm,8,0.512511317187554
33764.44,ROW-max-Corr,397,2839,201469,0,nrmsd_norm,9,0.4718447913084891
33764.44,ROW-max-Corr,397,2839,201469,0,nrmsd_norm,10,0.46230120064066804
33764.44,ROW-max-Corr,397,2839,201469,0,nrmsd_norm,11,0.47470262540269137
33764.44,ROW-max-Corr,397,7145,201469,0,nrmsd_norm,12,0.4550428069783481
33764.44,ROW-max-Corr,397,2839,201469,0,nrmsd_norm,13,0.43825712595436933
33764.44,ROW-max-Corr,397,2839,201469,0,nrmsd_norm,14,0.4374190230237383
33764.44,ROW-max-Corr,397,7151,201469,0,nrmsd_norm,15,0.41564965619611877
33764.44,ROW-max-Corr,397,7154,201469,0,nrmsd_norm,16,0.4161921297399512
33764.44,ROW-max-Corr,397,7154,201469,0,nrmsd_norm,17,0.3999586431816318
33764.44,ROW-max-Corr,397,7154,201469,0,nrmsd_norm,18,0.39814528342742794
33764.44,ROW-max-Corr,397,397,201469,0,nrmsd_norm,19,0.3979884187234581
33764.44,ROW-max-Corr,397,397,201469,0,nrmsd_norm,20,0.3856252444269349
33764.44,ROW-max-Corr,397,9967,201469,0,nrmsd_norm,22,0.3575103962430906
33764.44,ROW-max-Corr,397,9967,201469,0,nrmsd_norm,24,0.3688747711274421
33764.44,ROW-max-Corr,397,1416,201469,0,nrmsd_norm,26,0.3624658082078911
33764.44,ROW-max-Corr,397,9967,201469,0,nrmsd_norm,28,0.39532992932592936
33764.44,ROW-max-Corr,397,397,201469,0,nrmsd_norm,30,0.3846180054932077
33764.44,ROW-max-Corr,397,397,201469,0,nrmsd_norm,32,0.38350204104109376
33764.44,ROW-max-Corr,397,397,201469,0,nrmsd_norm,34,0.37746781963632214
33764.44,ROW-max-Corr,397,11715,201469,0,nrmsd_norm,36,0.37144625577404894
33764.44,ROW-max-Corr,397,397,201469,0,nrmsd_norm,38,0.36513808491203936
33764.44,ROW-max-Corr,397,397,201469,0,nrmsd_norm,40,0.35280326862757655
33764.44,ROW-max-Corr,397,397,201469,0,nrmsd_norm,42,0.36209179500029287
33764.44,ROW-max-Corr,397,397,201469,0,nrmsd_norm,44,0.3549230763423522
33764.44,ROW-max-Corr,397,397,201469,0,nrmsd_norm,46,0.3520452880929349
33764.44,ROW-max-Corr,397,397,201469,0,nrmsd_norm,48,0.35720122318634867
33764.44,ROW-max-Corr,397,397,201469,0,nrmsd_norm,50,0.3542827655734835
33764.44,ROW-max-Corr,397,397,201469,0,nrmsd_norm,55,0.3504974300941338
33764.44,ROW-max-Corr,397,397,201469,0,nrmsd_norm,60,0.35279356015705843
33764.44,ROW-max-Corr,397,7154,201469,0,nrmsd_norm,65,0.34866415045784316
33764.44,ROW-max-Corr,397,397,201469,0,nrmsd_norm,70,0.3559109313223823
33764.44,ROW-max-Corr,397,11715,201469,0,nrmsd_norm,75,0.35294324373853375
33764.44,ROW-max-Corr,397,11715,201469,0,nrmsd_norm,80,0.3694897913368728
33764.44,ROW-max-Corr,397,11715,201469,0,nrmsd_norm,85,0.36357092121418355
33764.44,ROW-max-Corr,397,11715,201469,0,nrmsd_norm,90,0.36542324847450325
33764.44,ROW-max-Corr,397,10355,201469,0,nrmsd_norm,95,0.36333588756722657
33764.44,ROW-max-Corr,397,10355,201469,0,nrmsd_norm,100,0.3606859654830177
33764.44,ROW-max-Corr,397,6626,94177,0,nrmsd_norm,5,0.5728576498282145
33764.44,ROW-max-Corr,397,8512,94177,0,nrmsd_norm,6,0.563670307570532
33764.44,ROW-max-Corr,397,8500,94177,0,nrmsd_norm,7,0.5220987175486914
33764.44,ROW-max-Corr,397,2380,94177,0,nrmsd_norm,8,0.5227400798283047
33764.44,ROW-max-Corr,397,128,94177,0,nrmsd_norm,9,0.467373587524911
33764.44,ROW-max-Corr,397,9967,94177,0,nrmsd_norm,10,0.44855380696592545
33764.44,ROW-max-Corr,397,9967,94177,0,nrmsd_norm,11,0.4622169835856724
33764.44,ROW-max-Corr,397,3557,94177,0,nrmsd_norm,12,0.4541263054591004
33764.44,ROW-max-Corr,397,3557,94177,0,nrmsd_norm,13,0.436261914332006
33764.44,ROW-max-Corr,397,3557,94177,0,nrmsd_norm,14,0.4455653589632333
33764.44,ROW-max-Corr,397,3557,94177,0,nrmsd_norm,15,0.4200233042551811
33764.44,ROW-max-Corr,397,3557,94177,0,nrmsd_norm,16,0.4152679985423909
33764.44,ROW-max-Corr,397,7154,94177,0,nrmsd_norm,17,0.40686449108222483
33764.44,ROW-max-Corr,397,3557,94177,0,nrmsd_norm,18,0.40557703518180216
33764.44,ROW-max-Corr,397,397,94177,0,nrmsd_norm,19,0.39872986512396363
33764.44,ROW-max-Corr,397,397,94177,0,nrmsd_norm,20,0.3889171640408955
33764.44,ROW-max-Corr,397,10355,94177,0,nrmsd_norm,22,0.37109919528505186
33764.44,ROW-max-Corr,397,397,94177,0,nrmsd_norm,24,0.3792994077722989
33764.44,ROW-max-Corr,397,397,94177,0,nrmsd_norm,26,0.3695683387173913
33764.44,ROW-max-Corr,397,397,94177,0,nrmsd_norm,28,0.39133865440289456
33764.44,ROW-max-Corr,397,397,94177,0,nrmsd_norm,30,0.3803697267497201
33764.44,ROW-max-Corr,397,7154,94177,0,nrmsd_norm,32,0.37624700451493376
33764.44,ROW-max-Corr,397,397,94177,0,nrmsd_norm,34,0.37365841788703885
33764.44,ROW-max-Corr,397,397,94177,0,nrmsd_norm,36,0.3737576994678316
33764.44,ROW-max-Corr,397,397,94177,0,nrmsd_norm,38,0.3675380804236732
33764.44,ROW-max-Corr,397,397,94177,0,nrmsd_norm,40,0.3561614307836581
33764.44,ROW-max-Corr,397,397,94177,0,nrmsd_norm,42,0.3675397174029062
33764.44,ROW-max-Corr,397,397,94177,0,nrmsd_norm,44,0.3605950652366259
33764.44,ROW-max-Corr,397,397,94177,0,nrmsd_norm,46,0.3546789060253531
33764.44,ROW-max-Corr,397,397,94177,0,nrmsd_norm,48,0.3578660602421116
33764.44,ROW-max-Corr,397,397,94177,0,nrmsd_norm,50,0.3508262517808191
33764.44,ROW-max-Corr,397,7308,94177,0,nrmsd_norm,55,0.3525193238453018
33764.44,ROW-max-Corr,397,7308,94177,0,nrmsd_norm,60,0.3520089286081135
33764.44,ROW-max-Corr,397,7308,94177,0,nrmsd_norm,65,0.3517011746600604
33764.44,ROW-max-Corr,397,7308,94177,0,nrmsd_norm,70,0.35362253129907767
33764.44,ROW-max-Corr,397,7308,94177,0,nrmsd_norm,75,0.35396212659454457
33764.44,ROW-max-Corr,397,7308,94177,0,nrmsd_norm,80,0.365761798851102
33764.44,ROW-max-Corr,397,7308,94177,0,nrmsd_norm,85,0.3598785201663327
33764.44,ROW-max-Corr,397,7308,94177,0,nrmsd_norm,90,0.3623714207775127
33764.44,ROW-max-Corr,397,7308,94177,0,nrmsd_norm,95,0.3576645022749366
33764.44,ROW-max-Corr,397,7308,94177,0,nrmsd_norm,100,0.35459512919614894
33764.44,COL-mean-Corr(Ben),397,5751,89250,0,nrmsd_norm,5,0.6460671976022605
33764.44,COL-mean-Corr(Ben),397,5751,89250,0,nrmsd_norm,6,0.6711975736587933
33764.44,COL-mean-Corr(Ben),397,9014,89250,0,nrmsd_norm,7,0.6200748071974378
33764.44,COL-mean-Corr(Ben),397,8498,89250,0,nrmsd_norm,8,0.5473977710123027
33764.44,COL-mean-Corr(Ben),397,2702,89250,0,nrmsd_norm,9,0.5664780418595997
33764.44,COL-mean-Corr(Ben),397,11581,89250,0,nrmsd_norm,10,0.5469499661011408
33764.44,COL-mean-Corr(Ben),397,8635,89250,0,nrmsd_norm,11,0.5146489748572983
33764.44,COL-mean-Corr(Ben),397,8635,89250,0,nrmsd_norm,12,0.5114045474447706
33764.44,COL-mean-Corr(Ben),397,8635,89250,0,nrmsd_norm,13,0.5338112558168209
33764.44,COL-mean-Corr(Ben),397,8635,89250,0,nrmsd_norm,14,0.5175818787957556
33764.44,COL-mean-Corr(Ben),397,6964,89250,0,nrmsd_norm,15,0.5223070649668365
33764.44,COL-mean-Corr(Ben),397,7145,89250,0,nrmsd_norm,16,0.5201683118452416
33764.44,COL-mean-Corr(Ben),397,6954,89250,0,nrmsd_norm,17,0.5154905735632749
33764.44,COL-mean-Corr(Ben),397,6954,89250,0,nrmsd_norm,18,0.5258737326690255
33764.44,COL-mean-Corr(Ben),397,6962,89250,0,nrmsd_norm,19,0.5124120775389561
33764.44,COL-mean-Corr(Ben),397,6962,89250,0,nrmsd_norm,20,0.5130430097942336
33764.44,COL-mean-Corr(Ben),397,6962,89250,0,nrmsd_norm,22,0.5177871553032657
33764.44,COL-mean-Corr(Ben),397,7145,89250,0,nrmsd_norm,24,0.5166899730233714
33764.44,COL-mean-Corr(Ben),397,7147,89250,0,nrmsd_norm,26,0.4899309830611325
33764.44,COL-mean-Corr(Ben),397,7147,89250,0,nrmsd_norm,28,0.4905240054139866
33764.44,COL-mean-Corr(Ben),397,6954,89250,0,nrmsd_norm,30,0.499005058200032
33764.44,COL-mean-Corr(Ben),397,1416,89250,0,nrmsd_norm,32,0.4692336841925771
33764.44,COL-mean-Corr(Ben),397,1416,89250,0,nrmsd_norm,34,0.47346769618849527
33764.44,COL-mean-Corr(Ben),397,1416,89250,0,nrmsd_norm,36,0.47046737816463585
33764.44,COL-mean-Corr(Ben),397,1416,89250,0,nrmsd_norm,38,0.47598841150464305
33764.44,COL-mean-Corr(Ben),397,1416,89250,0,nrmsd_norm,40,0.45244468293944695
33764.44,COL-mean-Corr(Ben),397,11715,89250,0,nrmsd_norm,42,0.44142096733258296
33764.44,COL-mean-Corr(Ben),397,11715,89250,0,nrmsd_norm,44,0.4393151773110005
33764.44,COL-mean-Corr(Ben),397,397,89250,0,nrmsd_norm,46,0.44787688245651325
33764.44,COL-mean-Corr(Ben),397,1416,89250,0,nrmsd_norm,48,0.44443220160186914
33764.44,COL-mean-Corr(Ben),397,1416,89250,0,nrmsd_norm,50,0.4496536294726813
33764.44,COL-mean-Corr(Ben),397,397,89250,0,nrmsd_norm,55,0.4447553953355917
33764.44,COL-mean-Corr(Ben),397,397,89250,0,nrmsd_norm,60,0.45702417321605765
33764.44,COL-mean-Corr(Ben),397,397,89250,0,nrmsd_norm,65,0.4483225872572915
33764.44,COL-mean-Corr(Ben),397,397,89250,0,nrmsd_norm,70,0.4612815159173687
33764.44,COL-mean-Corr(Ben),397,397,89250,0,nrmsd_norm,75,0.45155111910682433
33764.44,COL-mean-Corr(Ben),397,397,89250,0,nrmsd_norm,80,0.448788869712163
33764.44,COL-mean-Corr(Ben),397,397,89250,0,nrmsd_norm,85,0.45171240037610855
33764.44,COL-mean-Corr(Ben),397,397,89250,0,nrmsd_norm,90,0.4490626194268077
33764.44,COL-mean-Corr(Ben),397,9967,89250,0,nrmsd_norm,95,0.4479203559742373
33764.44,COL-mean-Corr(Ben),397,9967,89250,0,nrmsd_norm,100,0.444038481785486
33764.44,COL-mean-Corr(Ben),397,9306,773956,0,nrmsd_norm,5,0.5026683823338435
33764.44,COL-mean-Corr(Ben),397,3919,773956,0,nrmsd_norm,6,0.5372852637374604
33764.44,COL-mean-Corr(Ben),397,3866,773956,0,nrmsd_norm,7,0.5027869856744545
33764.44,COL-mean-Corr(Ben),397,9306,773956,0,nrmsd_norm,8,0.49862801993725847
33764.44,COL-mean-Corr(Ben),397,5930,773956,0,nrmsd_norm,9,0.5301299490169635
33764.44,COL-mean-Corr(Ben),397,5930,773956,0,nrmsd_norm,10,0.5220625993405041
33764.44,COL-mean-Corr(Ben),397,6871,773956,0,nrmsd_norm,11,0.5124745039425214
33764.44,COL-mean-Corr(Ben),397,6871,773956,0,nrmsd_norm,12,0.5161705952124707
33764.44,COL-mean-Corr(Ben),397,6871,773956,0,nrmsd_norm,13,0.5384266575633235
33764.44,COL-mean-Corr(Ben),397,8499,773956,0,nrmsd_norm,14,0.5285762039423838
33764.44,COL-mean-Corr(Ben),397,11829,773956,0,nrmsd_norm,15,0.5486605659653839
33764.44,COL-mean-Corr(Ben),397,6871,773956,0,nrmsd_norm,16,0.5415033559999338
33764.44,COL-mean-Corr(Ben),397,6871,773956,0,nrmsd_norm,17,0.523727101033089
33764.44,COL-mean-Corr(Ben),397,6871,773956,0,nrmsd_norm,18,0.5301071641578525
33764.44,COL-mean-Corr(Ben),397,7147,773956,0,nrmsd_norm,19,0.48101503545262886
33764.44,COL-mean-Corr(Ben),397,7140,773956,0,nrmsd_norm,20,0.48042182446608733
33764.44,COL-mean-Corr(Ben),397,8500,773956,0,nrmsd_norm,22,0.47966745000336036
33764.44,COL-mean-Corr(Ben),397,8500,773956,0,nrmsd_norm,24,0.47466877146955044
33764.44,COL-mean-Corr(Ben),397,7140,773956,0,nrmsd_norm,26,0.46114173163948763
33764.44,COL-mean-Corr(Ben),397,7140,773956,0,nrmsd_norm,28,0.46317685276977344
33764.44,COL-mean-Corr(Ben),397,7140,773956,0,nrmsd_norm,30,0.4628670439826732
33764.44,COL-mean-Corr(Ben),397,7140,773956,0,nrmsd_norm,32,0.4377004990672671
33764.44,COL-mean-Corr(Ben),397,7907,773956,0,nrmsd_norm,34,0.4433002466152695
33764.44,COL-mean-Corr(Ben),397,7907,773956,0,nrmsd_norm,36,0.4489063802209508
33764.44,COL-mean-Corr(Ben),397,7147,773956,0,nrmsd_norm,38,0.46127599104417527
33764.44,COL-mean-Corr(Ben),397,7147,773956,0,nrmsd_norm,40,0.45499412130007366
33764.44,COL-mean-Corr(Ben),397,7147,773956,0,nrmsd_norm,42,0.45173372989477645
33764.44,COL-mean-Corr(Ben),397,7140,773956,0,nrmsd_norm,44,0.44579184391781573
33764.44,COL-mean-Corr(Ben),397,7140,773956,0,nrmsd_norm,46,0.4563683560686151
33764.44,COL-mean-Corr(Ben),397,7310,773956,0,nrmsd_norm,48,0.4412817291961582
33764.44,COL-mean-Corr(Ben),397,7310,773956,0,nrmsd_norm,50,0.44666217874785014
33764.44,COL-mean-Corr(Ben),397,7310,773956,0,nrmsd_norm,55,0.44823099093516733
33764.44,COL-mean-Corr(Ben),397,7310,773956,0,nrmsd_norm,60,0.45240912320529486
33764.44,COL-mean-Corr(Ben),397,7140,773956,0,nrmsd_norm,65,0.4500031755930098
33764.44,COL-mean-Corr(Ben),397,7140,773956,0,nrmsd_norm,70,0.4611904093934602
33764.44,COL-mean-Corr(Ben),397,7140,773956,0,nrmsd_norm,75,0.45506953333779543
33764.44,COL-mean-Corr(Ben),397,7140,773956,0,nrmsd_norm,80,0.44983969825194353
33764.44,COL-mean-Corr(Ben),397,7139,773956,0,nrmsd_norm,85,0.4529703194040028
33764.44,COL-mean-Corr(Ben),397,539,773956,0,nrmsd_norm,90,0.4543787099239418
33764.44,COL-mean-Corr(Ben),397,7139,773956,0,nrmsd_norm,95,0.4518545442802083
33764.44,COL-mean-Corr(Ben),397,7139,773956,0,nrmsd_norm,100,0.4414270675849698
33764.44,COL-mean-Corr(Ben),397,452,654571,0,nrmsd_norm,5,0.462081946827081
33764.44,COL-mean-Corr(Ben),397,8714,654571,0,nrmsd_norm,6,0.5671732230852132
33764.44,COL-mean-Corr(Ben),397,6760,654571,0,nrmsd_norm,7,0.5549525351815887
33764.44,COL-mean-Corr(Ben),397,10526,654571,0,nrmsd_norm,8,0.4960962634022326
33764.44,COL-mean-Corr(Ben),397,1362,654571,0,nrmsd_norm,9,0.5143775270228775
33764.44,COL-mean-Corr(Ben),397,1362,654571,0,nrmsd_norm,10,0.4964332691851266
33764.44,COL-mean-Corr(Ben),397,10324,654571,0,nrmsd_norm,11,0.4335734333097526
33764.44,COL-mean-Corr(Ben),397,6579,654571,0,nrmsd_norm,12,0.4190082314804135
33764.44,COL-mean-Corr(Ben),397,5794,654571,0,nrmsd_norm,13,0.4293598241072387
33764.44,COL-mean-Corr(Ben),397,6773,654571,0,nrmsd_norm,14,0.42479881343518916
33764.44,COL-mean-Corr(Ben),397,6773,654571,0,nrmsd_norm,15,0.4438776400403133
33764.44,COL-mean-Corr(Ben),397,6773,654571,0,nrmsd_norm,16,0.44691881830530744
33764.44,COL-mean-Corr(Ben),397,11482,654571,0,nrmsd_norm,17,0.4323024887381734
33764.44,COL-mean-Corr(Ben),397,11482,654571,0,nrmsd_norm,18,0.4634864861690401
33764.44,COL-mean-Corr(Ben),397,11482,654571,0,nrmsd_norm,19,0.45531392831914036
33764.44,COL-mean-Corr(Ben),397,7446,654571,0,nrmsd_norm,20,0.46326967637830235
33764.44,COL-mean-Corr(Ben),397,7117,654571,0,nrmsd_norm,22,0.4979812674750894
33764.44,COL-mean-Corr(Ben),397,700,654571,0,nrmsd_norm,24,0.5024262084520027
33764.44,COL-mean-Corr(Ben),397,700,654571,0,nrmsd_norm,26,0.48447023041985254
33764.44,COL-mean-Corr(Ben),397,700,654571,0,nrmsd_norm,28,0.4773818000952605
33764.44,COL-mean-Corr(Ben),397,700,654571,0,nrmsd_norm,30,0.48975628452526243
33764.44,COL-mean-Corr(Ben),397,700,654571,0,nrmsd_norm,32,0.46724650482181723
33764.44,COL-mean-Corr(Ben),397,4512,654571,0,nrmsd_norm,34,0.4731409613906515
33764.44,COL-mean-Corr(Ben),397,4512,654571,0,nrmsd_norm,36,0.47331665344128004
33764.44,COL-mean-Corr(Ben),397,4512,654571,0,nrmsd_norm,38,0.4779329724997891
33764.44,COL-mean-Corr(Ben),397,4512,654571,0,nrmsd_norm,40,0.4547393184206917
33764.44,COL-mean-Corr(Ben),397,4512,654571,0,nrmsd_norm,42,0.4483255651855707
33764.44,COL-mean-Corr(Ben),397,4512,654571,0,nrmsd_norm,44,0.45299207189941515
33764.44,COL-mean-Corr(Ben),397,4512,654571,0,nrmsd_norm,46,0.4593205093730055
33764.44,COL-mean-Corr(Ben),397,4512,654571,0,nrmsd_norm,48,0.4545447263546379
33764.44,COL-mean-Corr(Ben),397,4512,654571,0,nrmsd_norm,50,0.46006813354781156
33764.44,COL-mean-Corr(Ben),397,4512,654571,0,nrmsd_norm,55,0.45830307899651684
33764.44,COL-mean-Corr(Ben),397,4512,654571,0,nrmsd_norm,60,0.46210778962786064
33764.44,COL-mean-Corr(Ben),397,4512,654571,0,nrmsd_norm,65,0.4553190807534228
33764.44,COL-mean-Corr(Ben),397,1416,654571,0,nrmsd_norm,70,0.46197636442615575
33764.44,COL-mean-Corr(Ben),397,4512,654571,0,nrmsd_norm,75,0.45868498887640546
33764.44,COL-mean-Corr(Ben),397,4512,654571,0,nrmsd_norm,80,0.45719299650352163
33764.44,COL-mean-Corr(Ben),397,4512,654571,0,nrmsd_norm,85,0.46070234134458077
33764.44,COL-mean-Corr(Ben),397,4512,654571,0,nrmsd_norm,90,0.4588293430005503
33764.44,COL-mean-Corr(Ben),397,4512,654571,0,nrmsd_norm,95,0.45379444960057536
33764.44,COL-mean-Corr(Ben),397,4512,654571,0,nrmsd_norm,100,0.452659263349171
33764.44,COL-mean-Corr(Ben),397,11372,438878,0,nrmsd_norm,5,0.667957513534285
33764.44,COL-mean-Corr(Ben),397,8768,438878,0,nrmsd_norm,6,0.6816801607358747
33764.44,COL-mean-Corr(Ben),397,4959,438878,0,nrmsd_norm,7,0.585502135558218
33764.44,COL-mean-Corr(Ben),397,4959,438878,0,nrmsd_norm,8,0.5096464754919218
33764.44,COL-mean-Corr(Ben),397,5794,438878,0,nrmsd_norm,9,0.4711271129540424
33764.44,COL-mean-Corr(Ben),397,5794,438878,0,nrmsd_norm,10,0.47521935628025036
33764.44,COL-mean-Corr(Ben),397,5794,438878,0,nrmsd_norm,11,0.3953800755206076
33764.44,COL-mean-Corr(Ben),397,4093,438878,0,nrmsd_norm,12,0.4163920097356554
33764.44,COL-mean-Corr(Ben),397,5794,438878,0,nrmsd_norm,13,0.4204082271103036
33764.44,COL-mean-Corr(Ben),397,5794,438878,0,nrmsd_norm,14,0.41421608609311467
33764.44,COL-mean-Corr(Ben),397,5794,438878,0,nrmsd_norm,15,0.4050089869924726
33764.44,COL-mean-Corr(Ben),397,5794,438878,0,nrmsd_norm,16,0.41025141435717166
33764.44,COL-mean-Corr(Ben),397,5794,438878,0,nrmsd_norm,17,0.3599047486614392
33764.44,COL-mean-Corr(Ben),397,5794,438878,0,nrmsd_norm,18,0.3738371551526571
33764.44,COL-mean-Corr(Ben),397,5794,438878,0,nrmsd_norm,19,0.3812625614510991
33764.44,COL-mean-Corr(Ben),397,5794,438878,0,nrmsd_norm,20,0.39429548569226863
33764.44,COL-mean-Corr(Ben),397,10324,438878,0,nrmsd_norm,22,0.40850248746629025
33764.44,COL-mean-Corr(Ben),397,10324,438878,0,nrmsd_norm,24,0.42816985133232804
33764.44,COL-mean-Corr(Ben),397,7903,438878,0,nrmsd_norm,26,0.44522610983477834
33764.44,COL-mean-Corr(Ben),397,7903,438878,0,nrmsd_norm,28,0.4486326353227759
33764.44,COL-mean-Corr(Ben),397,2631,438878,0,nrmsd_norm,30,0.44932752363520284
33764.44,COL-mean-Corr(Ben),397,2631,438878,0,nrmsd_norm,32,0.42692631131918574
33764.44,COL-mean-Corr(Ben),397,2631,438878,0,nrmsd_norm,34,0.43452429248596974
33764.44,COL-mean-Corr(Ben),397,2631,438878,0,nrmsd_norm,36,0.4453047589966738
33764.44,COL-mean-Corr(Ben),397,2631,438878,0,nrmsd_norm,38,0.4555536904118644
33764.44,COL-mean-Corr(Ben),397,2631,438878,0,nrmsd_norm,40,0.43575183139226453
33764.44,COL-mean-Corr(Ben),397,7319,438878,0,nrmsd_norm,42,0.43907898775287185
33764.44,COL-mean-Corr(Ben),397,7319,438878,0,nrmsd_norm,44,0.43784578408298086
33764.44,COL-mean-Corr(Ben),397,7140,438878,0,nrmsd_norm,46,0.4490224540766801
33764.44,COL-mean-Corr(Ben),397,7140,438878,0,nrmsd_norm,48,0.45136188514273656
33764.44,COL-mean-Corr(Ben),397,7140,438878,0,nrmsd_norm,50,0.4572859141441653
33764.44,COL-mean-Corr(Ben),397,7140,438878,0,nrmsd_norm,55,0.45658501818443736
33764.44,COL-mean-Corr(Ben),397,539,438878,0,nrmsd_norm,60,0.46519238906465227
33764.44,COL-mean-Corr(Ben),397,7140,438878,0,nrmsd_norm,65,0.45559459023839677
33764.44,COL-mean-Corr(Ben),397,7319,438878,0,nrmsd_norm,70,0.46566042851306344
33764.44,COL-mean-Corr(Ben),397,7319,438878,0,nrmsd_norm,75,0.45656911718729537
33764.44,COL-mean-Corr(Ben),397,7319,438878,0,nrmsd_norm,80,0.4433709604349605
33764.44,COL-mean-Corr(Ben),397,7319,438878,0,nrmsd_norm,85,0.44644474517783894
33764.44,COL-mean-Corr(Ben),397,7139,438878,0,nrmsd_norm,90,0.4504379523558965
33764.44,COL-mean-Corr(Ben),397,7139,438878,0,nrmsd_norm,95,0.44871958175103027
33764.44,COL-mean-Corr(Ben),397,7139,438878,0,nrmsd_norm,100,0.4443450718310157
33764.44,COL-mean-Corr(Ben),397,3067,433015,0,nrmsd_norm,5,0.49607028713536777
33764.44,COL-mean-Corr(Ben),397,11486,433015,0,nrmsd_norm,6,0.5472530071561784
33764.44,COL-mean-Corr(Ben),397,11486,433015,0,nrmsd_norm,7,0.4836962778256944
33764.44,COL-mean-Corr(Ben),397,407,433015,0,nrmsd_norm,8,0.4480193796698243
33764.44,COL-mean-Corr(Ben),397,7116,433015,0,nrmsd_norm,9,0.4564305294125836
33764.44,COL-mean-Corr(Ben),397,7116,433015,0,nrmsd_norm,10,0.47070205161915823
33764.44,COL-mean-Corr(Ben),397,7445,433015,0,nrmsd_norm,11,0.45660745702197103
33764.44,COL-mean-Corr(Ben),397,7670,433015,0,nrmsd_norm,12,0.46459850177476764
33764.44,COL-mean-Corr(Ben),397,11041,433015,0,nrmsd_norm,13,0.484052548753562
33764.44,COL-mean-Corr(Ben),397,10355,433015,0,nrmsd_norm,14,0.5098180722180644
33764.44,COL-mean-Corr(Ben),397,10355,433015,0,nrmsd_norm,15,0.5137341222602602
33764.44,COL-mean-Corr(Ben),397,10355,433015,0,nrmsd_norm,16,0.5027325632687903
33764.44,COL-mean-Corr(Ben),397,7320,433015,0,nrmsd_norm,17,0.48698065275192925
33764.44,COL-mean-Corr(Ben),397,6034,433015,0,nrmsd_norm,18,0.49794040823599595
33764.44,COL-mean-Corr(Ben),397,6297,433015,0,nrmsd_norm,19,0.4509363912990968
33764.44,COL-mean-Corr(Ben),397,6297,433015,0,nrmsd_norm,20,0.4603774257664407
33764.44,COL-mean-Corr(Ben),397,53,433015,0,nrmsd_norm,22,0.4816323372184244
33764.44,COL-mean-Corr(Ben),397,53,433015,0,nrmsd_norm,24,0.4705932642224551
33764.44,COL-mean-Corr(Ben),397,9355,433015,0,nrmsd_norm,26,0.47945555896391123
33764.44,COL-mean-Corr(Ben),397,397,433015,0,nrmsd_norm,28,0.500899192929824
33764.44,COL-mean-Corr(Ben),397,397,433015,0,nrmsd_norm,30,0.5008063551541787
33764.44,COL-mean-Corr(Ben),397,4512,433015,0,nrmsd_norm,32,0.47075129400379556
33764.44,COL-mean-Corr(Ben),397,4512,433015,0,nrmsd_norm,34,0.47475757332532936
33764.44,COL-mean-Corr(Ben),397,4512,433015,0,nrmsd_norm,36,0.4818128526216033
33764.44,COL-mean-Corr(Ben),397,4512,433015,0,nrmsd_norm,38,0.4893196193664191
33764.44,COL-mean-Corr(Ben),397,9967,433015,0,nrmsd_norm,40,0.4577313192992801
33764.44,COL-mean-Corr(Ben),397,9967,433015,0,nrmsd_norm,42,0.4467082922301154
33764.44,COL-mean-Corr(Ben),397,4512,433015,0,nrmsd_norm,44,0.4519762042822578
33764.44,COL-mean-Corr(Ben),397,6951,433015,0,nrmsd_norm,46,0.46008262616804685
33764.44,COL-mean-Corr(Ben),397,4512,433015,0,nrmsd_norm,48,0.4495749186276992
33764.44,COL-mean-Corr(Ben),397,4512,433015,0,nrmsd_norm,50,0.4631262257610667
33764.44,COL-mean-Corr(Ben),397,4512,433015,0,nrmsd_norm,55,0.4506932899604995
33764.44,COL-mean-Corr(Ben),397,4512,433015,0,nrmsd_norm,60,0.45778757783237267
33764.44,COL-mean-Corr(Ben),397,4512,433015,0,nrmsd_norm,65,0.45598040944234225
33764.44,COL-mean-Corr(Ben),397,4512,433015,0,nrmsd_norm,70,0.46158442692916946
33764.44,COL-mean-Corr(Ben),397,4512,433015,0,nrmsd_norm,75,0.4563030712193553
33764.44,COL-mean-Corr(Ben),397,4512,433015,0,nrmsd_norm,80,0.45515035946569943
33764.44,COL-mean-Corr(Ben),397,4512,433015,0,nrmsd_norm,85,0.4561743355124587
33764.44,COL-mean-Corr(Ben),397,4512,433015,0,nrmsd_norm,90,0.4536426207598885
33764.44,COL-mean-Corr(Ben),397,4512,433015,0,nrmsd_norm,95,0.444111449843925
33764.44,COL-mean-Corr(Ben),397,4512,433015,0,nrmsd_norm,100,0.44483906565286724
33764.44,COL-mean-Corr(Ben),397,9955,858597,0,nrmsd_norm,5,0.6073749812694034
33764.44,COL-mean-Corr(Ben),397,7099,858597,0,nrmsd_norm,6,0.6347752381975227
33764.44,COL-mean-Corr(Ben),397,5682,858597,0,nrmsd_norm,7,0.5861500061124564
33764.44,COL-mean-Corr(Ben),397,5682,858597,0,nrmsd_norm,8,0.5652281983417732
33764.44,COL-mean-Corr(Ben),397,6368,858597,0,nrmsd_norm,9,0.5964747948597853
33764.44,COL-mean-Corr(Ben),397,4273,858597,0,nrmsd_norm,10,0.6039649697136408
33764.44,COL-mean-Corr(Ben),397,7950,858597,0,nrmsd_norm,11,0.5458577648807827
33764.44,COL-mean-Corr(Ben),397,6782,858597,0,nrmsd_norm,12,0.551820940294542
33764.44,COL-mean-Corr(Ben),397,6771,858597,0,nrmsd_norm,13,0.5502004589704818
33764.44,COL-mean-Corr(Ben),397,6772,858597,0,nrmsd_norm,14,0.5258064375879521
33764.44,COL-mean-Corr(Ben),397,6772,858597,0,nrmsd_norm,15,0.51873941950546
33764.44,COL-mean-Corr(Ben),397,6772,858597,0,nrmsd_norm,16,0.5190357014469023
33764.44,COL-mean-Corr(Ben),397,11718,858597,0,nrmsd_norm,17,0.5068245037468753
33764.44,COL-mean-Corr(Ben),397,11718,858597,0,nrmsd_norm,18,0.5283094398219292
33764.44,COL-mean-Corr(Ben),397,11718,858597,0,nrmsd_norm,19,0.49287721445253035
33764.44,COL-mean-Corr(Ben),397,11718,858597,0,nrmsd_norm,20,0.4973331619114079
33764.44,COL-mean-Corr(Ben),397,5792,858597,0,nrmsd_norm,22,0.5259171384167729
33764.44,COL-mean-Corr(Ben),397,6954,858597,0,nrmsd_norm,24,0.5222317323331325
33764.44,COL-mean-Corr(Ben),397,6954,858597,0,nrmsd_norm,26,0.5091548971944486
33764.44,COL-mean-Corr(Ben),397,7147,858597,0,nrmsd_norm,28,0.4998042050901628
33764.44,COL-mean-Corr(Ben),397,6953,858597,0,nrmsd_norm,30,0.5181234706862032
33764.44,COL-mean-Corr(Ben),397,6953,858597,0,nrmsd_norm,32,0.4850233162243785
33764.44,COL-mean-Corr(Ben),397,6953,858597,0,nrmsd_norm,34,0.49732127794750147
33764.44,COL-mean-Corr(Ben),397,6953,858597,0,nrmsd_norm,36,0.49471016565275694
33764.44,COL-mean-Corr(Ben),397,6953,858597,0,nrmsd_norm,38,0.4983545999717356
33764.44,COL-mean-Corr(Ben),397,1103,858597,0,nrmsd_norm,40,0.48504393239403026
33764.44,COL-mean-Corr(Ben),397,6953,858597,0,nrmsd_norm,42,0.47855657340950747
33764.44,COL-mean-Corr(Ben),397,6953,858597,0,nrmsd_norm,44,0.4767326694664712
33764.44,COL-mean-Corr(Ben),397,6953,858597,0,nrmsd_norm,46,0.48421739224665394
33764.44,COL-mean-Corr(Ben),397,6953,858597,0,nrmsd_norm,48,0.4774109872147537
33764.44,COL-mean-Corr(Ben),397,6953,858597,0,nrmsd_norm,50,0.4853598395119835
33764.44,COL-mean-Corr(Ben),397,6953,858597,0,nrmsd_norm,55,0.47110493836538564
33764.44,COL-mean-Corr(Ben),397,1416,858597,0,nrmsd_norm,60,0.47953649668963094
33764.44,COL-mean-Corr(Ben),397,1416,858597,0,nrmsd_norm,65,0.46988271723464387
33764.44,COL-mean-Corr(Ben),397,1416,858597,0,nrmsd_norm,70,0.4721765293637252
33764.44,COL-mean-Corr(Ben),397,1416,858597,0,nrmsd_norm,75,0.4635297658148644
33764.44,COL-mean-Corr(Ben),397,1416,858597,0,nrmsd_norm,80,0.45946671050231896
33764.44,COL-mean-Corr(Ben),397,1416,858597,0,nrmsd_norm,85,0.46067726198601044
33764.44,COL-mean-Corr(Ben),397,1416,858597,0,nrmsd_norm,90,0.4630963818099506
33764.44,COL-mean-Corr(Ben),397,1416,858597,0,nrmsd_norm,95,0.4608099194042664
33764.44,COL-mean-Corr(Ben),397,1416,858597,0,nrmsd_norm,100,0.45562038011249234
33764.44,COL-mean-Corr(Ben),397,10361,85945,0,nrmsd_norm,5,0.7155480455517815
33764.44,COL-mean-Corr(Ben),397,11581,85945,0,nrmsd_norm,6,0.6318916982695897
33764.44,COL-mean-Corr(Ben),397,5794,85945,0,nrmsd_norm,7,0.5455777784742809
33764.44,COL-mean-Corr(Ben),397,5794,85945,0,nrmsd_norm,8,0.5055372452265261
33764.44,COL-mean-Corr(Ben),397,1235,85945,0,nrmsd_norm,9,0.5200513849348476
33764.44,COL-mean-Corr(Ben),397,2550,85945,0,nrmsd_norm,10,0.5174594406743709
33764.44,COL-mean-Corr(Ben),397,6606,85945,0,nrmsd_norm,11,0.4909912766041967
33764.44,COL-mean-Corr(Ben),397,6455,85945,0,nrmsd_norm,12,0.47748778666892244
33764.44,COL-mean-Corr(Ben),397,6455,85945,0,nrmsd_norm,13,0.4967705071222968
33764.44,COL-mean-Corr(Ben),397,9219,85945,0,nrmsd_norm,14,0.49391381116451794
33764.44,COL-mean-Corr(Ben),397,6764,85945,0,nrmsd_norm,15,0.4924781352819034
33764.44,COL-mean-Corr(Ben),397,7297,85945,0,nrmsd_norm,16,0.48545118913934887
33764.44,COL-mean-Corr(Ben),397,7117,85945,0,nrmsd_norm,17,0.4676467504426684
33764.44,COL-mean-Corr(Ben),397,7117,85945,0,nrmsd_norm,18,0.48149145063114235
33764.44,COL-mean-Corr(Ben),397,10762,85945,0,nrmsd_norm,19,0.45381187560134983
33764.44,COL-mean-Corr(Ben),397,10762,85945,0,nrmsd_norm,20,0.460416767102236
33764.44,COL-mean-Corr(Ben),397,7131,85945,0,nrmsd_norm,22,0.4762444734966289
33764.44,COL-mean-Corr(Ben),397,7131,85945,0,nrmsd_norm,24,0.46794598526070225
33764.44,COL-mean-Corr(Ben),397,7131,85945,0,nrmsd_norm,26,0.46134908047815365
33764.44,COL-mean-Corr(Ben),397,7132,85945,0,nrmsd_norm,28,0.46515147821748626
33764.44,COL-mean-Corr(Ben),397,1301,85945,0,nrmsd_norm,30,0.47613830476353897
33764.44,COL-mean-Corr(Ben),397,9967,85945,0,nrmsd_norm,32,0.4396578905309733
33764.44,COL-mean-Corr(Ben),397,9967,85945,0,nrmsd_norm,34,0.4497707049146704
33764.44,COL-mean-Corr(Ben),397,9967,85945,0,nrmsd_norm,36,0.45557237084434266
33764.44,COL-mean-Corr(Ben),397,7297,85945,0,nrmsd_norm,38,0.46060836530820787
33764.44,COL-mean-Corr(Ben),397,7297,85945,0,nrmsd_norm,40,0.44028398481669057
33764.44,COL-mean-Corr(Ben),397,7297,85945,0,nrmsd_norm,42,0.4256714672628367
33764.44,COL-mean-Corr(Ben),397,7297,85945,0,nrmsd_norm,44,0.43107520916643194
33764.44,COL-mean-Corr(Ben),397,7297,85945,0,nrmsd_norm,46,0.4349923101523285
33764.44,COL-mean-Corr(Ben),397,7297,85945,0,nrmsd_norm,48,0.42954389427747425
33764.44,COL-mean-Corr(Ben),397,7297,85945,0,nrmsd_norm,50,0.43616535354441316
33764.44,COL-mean-Corr(Ben),397,7132,85945,0,nrmsd_norm,55,0.430586393860448
33764.44,COL-mean-Corr(Ben),397,7297,85945,0,nrmsd_norm,60,0.44293892708945876
33764.44,COL-mean-Corr(Ben),397,7297,85945,0,nrmsd_norm,65,0.4360736510643366
33764.44,COL-mean-Corr(Ben),397,7297,85945,0,nrmsd_norm,70,0.44085117329372175
33764.44,COL-mean-Corr(Ben),397,7297,85945,0,nrmsd_norm,75,0.44054546483853524
33764.44,COL-mean-Corr(Ben),397,9967,85945,0,nrmsd_norm,80,0.44036643134429104
33764.44,COL-mean-Corr(Ben),397,9967,85945,0,nrmsd_norm,85,0.4416675018961981
33764.44,COL-mean-Corr(Ben),397,9967,85945,0,nrmsd_norm,90,0.44088960613432043
33764.44,COL-mean-Corr(Ben),397,7297,85945,0,nrmsd_norm,95,0.4358164142411864
33764.44,COL-mean-Corr(Ben),397,7297,85945,0,nrmsd_norm,100,0.436873804957523
33764.44,COL-mean-Corr(Ben),397,7119,697368,0,nrmsd_norm,5,0.6398902772403341
33764.44,COL-mean-Corr(Ben),397,7119,697368,0,nrmsd_norm,6,0.6420838351619949
33764.44,COL-mean-Corr(Ben),397,11266,697368,0,nrmsd_norm,7,0.554230282761386
33764.44,COL-mean-Corr(Ben),397,3263,697368,0,nrmsd_norm,8,0.502992407555852
33764.44,COL-mean-Corr(Ben),397,7670,697368,0,nrmsd_norm,9,0.500013099943288
33764.44,COL-mean-Corr(Ben),397,7670,697368,0,nrmsd_norm,10,0.5196976383745291
33764.44,COL-mean-Corr(Ben),397,7670,697368,0,nrmsd_norm,11,0.5069579750369064
33764.44,COL-mean-Corr(Ben),397,6055,697368,0,nrmsd_norm,12,0.5079092281378458
33764.44,COL-mean-Corr(Ben),397,6055,697368,0,nrmsd_norm,13,0.5247615740836055
33764.44,COL-mean-Corr(Ben),397,6055,697368,0,nrmsd_norm,14,0.5009056710302994
33764.44,COL-mean-Corr(Ben),397,6055,697368,0,nrmsd_norm,15,0.5127329205286236
33764.44,COL-mean-Corr(Ben),397,6049,697368,0,nrmsd_norm,16,0.5014371454656026
33764.44,COL-mean-Corr(Ben),397,6049,697368,0,nrmsd_norm,17,0.49653674238663276
33764.44,COL-mean-Corr(Ben),397,6049,697368,0,nrmsd_norm,18,0.5002181014057046
33764.44,COL-mean-Corr(Ben),397,6049,697368,0,nrmsd_norm,19,0.47942194246101033
33764.44,COL-mean-Corr(Ben),397,6049,697368,0,nrmsd_norm,20,0.48562137628958013
33764.44,COL-mean-Corr(Ben),397,7140,697368,0,nrmsd_norm,22,0.49269687826828895
33764.44,COL-mean-Corr(Ben),397,7140,697368,0,nrmsd_norm,24,0.49546210440714955
33764.44,COL-mean-Corr(Ben),397,7319,697368,0,nrmsd_norm,26,0.4757745540357294
33764.44,COL-mean-Corr(Ben),397,7320,697368,0,nrmsd_norm,28,0.4704244133891583
33764.44,COL-mean-Corr(Ben),397,7320,697368,0,nrmsd_norm,30,0.46109621405821205
33764.44,COL-mean-Corr(Ben),397,7320,697368,0,nrmsd_norm,32,0.4354438415137635
33764.44,COL-mean-Corr(Ben),397,7320,697368,0,nrmsd_norm,34,0.443117006668847
33764.44,COL-mean-Corr(Ben),397,7320,697368,0,nrmsd_norm,36,0.448075000579409
33764.44,COL-mean-Corr(Ben),397,7320,697368,0,nrmsd_norm,38,0.4569873557008114
33764.44,COL-mean-Corr(Ben),397,7310,697368,0,nrmsd_norm,40,0.4468694897970124
33764.44,COL-mean-Corr(Ben),397,7140,697368,0,nrmsd_norm,42,0.4421614601735393
33764.44,COL-mean-Corr(Ben),397,7310,697368,0,nrmsd_norm,44,0.4446258995638892
33764.44,COL-mean-Corr(Ben),397,7310,697368,0,nrmsd_norm,46,0.45258811840012997
33764.44,COL-mean-Corr(Ben),397,7310,697368,0,nrmsd_norm,48,0.4500855328246089
33764.44,COL-mean-Corr(Ben),397,7310,697368,0,nrmsd_norm,50,0.45919941403734715
33764.44,COL-mean-Corr(Ben),397,7310,697368,0,nrmsd_norm,55,0.4461752087200824
33764.44,COL-mean-Corr(Ben),397,7310,697368,0,nrmsd_norm,60,0.45532334563218585
33764.44,COL-mean-Corr(Ben),397,7310,697368,0,nrmsd_norm,65,0.44832757755778296
33764.44,COL-mean-Corr(Ben),397,7310,697368,0,nrmsd_norm,70,0.45762270971309554
33764.44,COL-mean-Corr(Ben),397,7139,697368,0,nrmsd_norm,75,0.45027418801215086
33764.44,COL-mean-Corr(Ben),397,7309,697368,0,nrmsd_norm,80,0.44361863350699743
33764.44,COL-mean-Corr(Ben),397,397,697368,0,nrmsd_norm,85,0.44831762998040353
33764.44,COL-mean-Corr(Ben),397,7309,697368,0,nrmsd_norm,90,0.44468833003653
33764.44,COL-mean-Corr(Ben),397,7309,697368,0,nrmsd_norm,95,0.4434380835249194
33764.44,COL-mean-Corr(Ben),397,7309,697368,0,nrmsd_norm,100,0.4410532323134693
33764.44,COL-mean-Corr(Ben),397,8935,201469,0,nrmsd_norm,5,0.628588989355781
33764.44,COL-mean-Corr(Ben),397,6764,201469,0,nrmsd_norm,6,0.6524772955953406
33764.44,COL-mean-Corr(Ben),397,6764,201469,0,nrmsd_norm,7,0.5764111442430829
33764.44,COL-mean-Corr(Ben),397,6764,201469,0,nrmsd_norm,8,0.5204802080439926
33764.44,COL-mean-Corr(Ben),397,6297,201469,0,nrmsd_norm,9,0.5298428832562072
33764.44,COL-mean-Corr(Ben),397,6297,201469,0,nrmsd_norm,10,0.548150722109094
33764.44,COL-mean-Corr(Ben),397,128,201469,0,nrmsd_norm,11,0.5400261397834025
33764.44,COL-mean-Corr(Ben),397,6018,201469,0,nrmsd_norm,12,0.5346132298595145
33764.44,COL-mean-Corr(Ben),397,6018,201469,0,nrmsd_norm,13,0.5504137763237368
33764.44,COL-mean-Corr(Ben),397,10960,201469,0,nrmsd_norm,14,0.5063543520238855
33764.44,COL-mean-Corr(Ben),397,7320,201469,0,nrmsd_norm,15,0.5143203468214433
33764.44,COL-mean-Corr(Ben),397,7320,201469,0,nrmsd_norm,16,0.5017422167188841
33764.44,COL-mean-Corr(Ben),397,7308,201469,0,nrmsd_norm,17,0.487381062074401
33764.44,COL-mean-Corr(Ben),397,53,201469,0,nrmsd_norm,18,0.49646575682246713
33764.44,COL-mean-Corr(Ben),397,53,201469,0,nrmsd_norm,19,0.47836668763150886
33764.44,COL-mean-Corr(Ben),397,11715,201469,0,nrmsd_norm,20,0.49210515874424177
33764.44,COL-mean-Corr(Ben),397,9669,201469,0,nrmsd_norm,22,0.4797716838803726
33764.44,COL-mean-Corr(Ben),397,53,201469,0,nrmsd_norm,24,0.477542585051215
33764.44,COL-mean-Corr(Ben),397,53,201469,0,nrmsd_norm,26,0.4388418446523318
33764.44,COL-mean-Corr(Ben),397,53,201469,0,nrmsd_norm,28,0.44611695884853575
33764.44,COL-mean-Corr(Ben),397,53,201469,0,nrmsd_norm,30,0.4446037528936552
33764.44,COL-mean-Corr(Ben),397,53,201469,0,nrmsd_norm,32,0.42080085914892185
33764.44,COL-mean-Corr(Ben),397,53,201469,0,nrmsd_norm,34,0.42733349496615736
33764.44,COL-mean-Corr(Ben),397,53,201469,0,nrmsd_norm,36,0.4343279376000775
33764.44,COL-mean-Corr(Ben),397,7320,201469,0,nrmsd_norm,38,0.4436551399029653
33764.44,COL-mean-Corr(Ben),397,53,201469,0,nrmsd_norm,40,0.42135595608784104
33764.44,COL-mean-Corr(Ben),397,53,201469,0,nrmsd_norm,42,0.41920388524851343
33764.44,COL-mean-Corr(Ben),397,53,201469,0,nrmsd_norm,44,0.4229984113786732
33764.44,COL-mean-Corr(Ben),397,53,201469,0,nrmsd_norm,46,0.4259137142801539
33764.44,COL-mean-Corr(Ben),397,53,201469,0,nrmsd_norm,48,0.4225106631005337
33764.44,COL-mean-Corr(Ben),397,53,201469,0,nrmsd_norm,50,0.43405671268789453
33764.44,COL-mean-Corr(Ben),397,53,201469,0,nrmsd_norm,55,0.42626405154517855
33764.44,COL-mean-Corr(Ben),397,53,201469,0,nrmsd_norm,60,0.4379795943741674
33764.44,COL-mean-Corr(Ben),397,10355,201469,0,nrmsd_norm,65,0.4324831407545984
33764.44,COL-mean-Corr(Ben),397,10355,201469,0,nrmsd_norm,70,0.438516205929123
33764.44,COL-mean-Corr(Ben),397,9967,201469,0,nrmsd_norm,75,0.43110340628607036
33764.44,COL-mean-Corr(Ben),397,9967,201469,0,nrmsd_norm,80,0.4305639213803567
33764.44,COL-mean-Corr(Ben),397,9967,201469,0,nrmsd_norm,85,0.4296118124438044
33764.44,COL-mean-Corr(Ben),397,9967,201469,0,nrmsd_norm,90,0.43896308551368757
33764.44,COL-mean-Corr(Ben),397,9967,201469,0,nrmsd_norm,95,0.4368443859824714
33764.44,COL-mean-Corr(Ben),397,397,201469,0,nrmsd_norm,100,0.436352328627578
33764.44,COL-mean-Corr(Ben),397,7298,94177,0,nrmsd_norm,5,0.6536328985104076
33764.44,COL-mean-Corr(Ben),397,8050,94177,0,nrmsd_norm,6,0.67763814221143
33764.44,COL-mean-Corr(Ben),397,5794,94177,0,nrmsd_norm,7,0.6089975453140152
33764.44,COL-mean-Corr(Ben),397,10324,94177,0,nrmsd_norm,8,0.5285610037258601
33764.44,COL-mean-Corr(Ben),397,10324,94177,0,nrmsd_norm,9,0.4551580259372052
33764.44,COL-mean-Corr(Ben),397,10324,94177,0,nrmsd_norm,10,0.4802017717193513
33764.44,COL-mean-Corr(Ben),397,10324,94177,0,nrmsd_norm,11,0.4626742847198814
33764.44,COL-mean-Corr(Ben),397,10324,94177,0,nrmsd_norm,12,0.46038870447008795
33764.44,COL-mean-Corr(Ben),397,10324,94177,0,nrmsd_norm,13,0.48705336658548043
33764.44,COL-mean-Corr(Ben),397,10324,94177,0,nrmsd_norm,14,0.48277687826774407
33764.44,COL-mean-Corr(Ben),397,6008,94177,0,nrmsd_norm,15,0.49428718371692665
33764.44,COL-mean-Corr(Ben),397,6008,94177,0,nrmsd_norm,16,0.4887729272900046
33764.44,COL-mean-Corr(Ben),397,2550,94177,0,nrmsd_norm,17,0.4782842473803863
33764.44,COL-mean-Corr(Ben),397,2550,94177,0,nrmsd_norm,18,0.4739601530669415
33764.44,COL-mean-Corr(Ben),397,2550,94177,0,nrmsd_norm,19,0.464586430333706
33764.44,COL-mean-Corr(Ben),397,2550,94177,0,nrmsd_norm,20,0.470312702698197
33764.44,COL-mean-Corr(Ben),397,2550,94177,0,nrmsd_norm,22,0.4716483387931441
33764.44,COL-mean-Corr(Ben),397,2550,94177,0,nrmsd_norm,24,0.4753688933729224
33764.44,COL-mean-Corr(Ben),397,2550,94177,0,nrmsd_norm,26,0.4676092334337494
33764.44,COL-mean-Corr(Ben),397,2550,94177,0,nrmsd_norm,28,0.47215839368167406
33764.44,COL-mean-Corr(Ben),397,6763,94177,0,nrmsd_norm,30,0.4723904159266613
33764.44,COL-mean-Corr(Ben),397,1950,94177,0,nrmsd_norm,32,0.46347557364216324
33764.44,COL-mean-Corr(Ben),397,1950,94177,0,nrmsd_norm,34,0.4747103347247208
33764.44,COL-mean-Corr(Ben),397,6764,94177,0,nrmsd_norm,36,0.47929785540401415
33764.44,COL-mean-Corr(Ben),397,1950,94177,0,nrmsd_norm,38,0.4857983549916285
33764.44,COL-mean-Corr(Ben),397,1950,94177,0,nrmsd_norm,40,0.45626547163234926
33764.44,COL-mean-Corr(Ben),397,1950,94177,0,nrmsd_norm,42,0.44648030517415865
33764.44,COL-mean-Corr(Ben),397,1950,94177,0,nrmsd_norm,44,0.45248547512708
33764.44,COL-mean-Corr(Ben),397,1950,94177,0,nrmsd_norm,46,0.4648263489330646
33764.44,COL-mean-Corr(Ben),397,1950,94177,0,nrmsd_norm,48,0.45742716678772644
33764.44,COL-mean-Corr(Ben),397,1950,94177,0,nrmsd_norm,50,0.4668763182550867
33764.44,COL-mean-Corr(Ben),397,6952,94177,0,nrmsd_norm,55,0.4592759971294485
33764.44,COL-mean-Corr(Ben),397,1950,94177,0,nrmsd_norm,60,0.47238688397077794
33764.44,COL-mean-Corr(Ben),397,1301,94177,0,nrmsd_norm,65,0.4662811397880102
33764.44,COL-mean-Corr(Ben),397,1950,94177,0,nrmsd_norm,70,0.47135952443584817
33764.44,COL-mean-Corr(Ben),397,1301,94177,0,nrmsd_norm,75,0.46244499733072425
33764.44,COL-mean-Corr(Ben),397,1301,94177,0,nrmsd_norm,80,0.45432076360065343
33764.44,COL-mean-Corr(Ben),397,1301,94177,0,nrmsd_norm,85,0.45677391415128343
33764.44,COL-mean-Corr(Ben),397,1301,94177,0,nrmsd_norm,90,0.45136770374528573
33764.44,COL-mean-Corr(Ben),397,1301,94177,0,nrmsd_norm,95,0.4500866039135874
33764.44,COL-mean-Corr(Ben),397,1301,94177,0,nrmsd_norm,100,0.4513394733168279
33764.44,COL-max-Corr,397,7760,89250,0,nrmsd_norm,5,0.5292942286462233
33764.44,COL-max-Corr,397,6950,89250,0,nrmsd_norm,6,0.4615728878961905
33764.44,COL-max-Corr,397,6783,89250,0,nrmsd_norm,7,0.512160602214173
33764.44,COL-max-Corr,397,6783,89250,0,nrmsd_norm,8,0.4912467543362256
33764.44,COL-max-Corr,397,700,89250,0,nrmsd_norm,9,0.47471348122347284
33764.44,COL-max-Corr,397,3321,89250,0,nrmsd_norm,10,0.4937954052786846
33764.44,COL-max-Corr,397,7287,89250,0,nrmsd_norm,11,0.446483371873372
33764.44,COL-max-Corr,397,7117,89250,0,nrmsd_norm,12,0.43058936563044514
33764.44,COL-max-Corr,397,7117,89250,0,nrmsd_norm,13,0.4097602542211334
33764.44,COL-max-Corr,397,7117,89250,0,nrmsd_norm,14,0.413419909379635
33764.44,COL-max-Corr,397,7130,89250,0,nrmsd_norm,15,0.4289861919317067
33764.44,COL-max-Corr,397,7130,89250,0,nrmsd_norm,16,0.44122213481952877
33764.44,COL-max-Corr,397,700,89250,0,nrmsd_norm,17,0.41993445283984043
33764.44,COL-max-Corr,397,700,89250,0,nrmsd_norm,18,0.395524998503458
33764.44,COL-max-Corr,397,700,89250,0,nrmsd_norm,19,0.411362212826557
33764.44,COL-max-Corr,397,700,89250,0,nrmsd_norm,20,0.4048558168886024
33764.44,COL-max-Corr,397,700,89250,0,nrmsd_norm,22,0.4179352768590419
33764.44,COL-max-Corr,397,7132,89250,0,nrmsd_norm,24,0.40779981434260315
33764.44,COL-max-Corr,397,9967,89250,0,nrmsd_norm,26,0.3702935496706853
33764.44,COL-max-Corr,397,9967,89250,0,nrmsd_norm,28,0.3796528432165904
33764.44,COL-max-Corr,397,9967,89250,0,nrmsd_norm,30,0.3695812631984295
33764.44,COL-max-Corr,397,9967,89250,0,nrmsd_norm,32,0.37364390977116857
33764.44,COL-max-Corr,397,4512,89250,0,nrmsd_norm,34,0.3499421556705638
33764.44,COL-max-Corr,397,4512,89250,0,nrmsd_norm,36,0.34756397899336905
33764.44,COL-max-Corr,397,4512,89250,0,nrmsd_norm,38,0.35866098112375566
33764.44,COL-max-Corr,397,4512,89250,0,nrmsd_norm,40,0.34434145339331657
33764.44,COL-max-Corr,397,4512,89250,0,nrmsd_norm,42,0.3462713500684671
33764.44,COL-max-Corr,397,9967,89250,0,nrmsd_norm,44,0.3373757375267895
33764.44,COL-max-Corr,397,1416,89250,0,nrmsd_norm,46,0.34018407198462386
33764.44,COL-max-Corr,397,1416,89250,0,nrmsd_norm,48,0.33092072990441085
33764.44,COL-max-Corr,397,9967,89250,0,nrmsd_norm,50,0.3410024480705702
33764.44,COL-max-Corr,397,1416,89250,0,nrmsd_norm,55,0.3360538242746644
33764.44,COL-max-Corr,397,9967,89250,0,nrmsd_norm,60,0.3392570439432028
33764.44,COL-max-Corr,397,397,89250,0,nrmsd_norm,65,0.33701993222833226
33764.44,COL-max-Corr,397,397,89250,0,nrmsd_norm,70,0.330654295153431
33764.44,COL-max-Corr,397,397,89250,0,nrmsd_norm,75,0.32958977662491196
33764.44,COL-max-Corr,397,9967,89250,0,nrmsd_norm,80,0.32844525491275944
33764.44,COL-max-Corr,397,9967,89250,0,nrmsd_norm,85,0.33254130643163243
33764.44,COL-max-Corr,397,397,89250,0,nrmsd_norm,90,0.33470232620042234
33764.44,COL-max-Corr,397,397,89250,0,nrmsd_norm,95,0.3319306071945377
33764.44,COL-max-Corr,397,397,89250,0,nrmsd_norm,100,0.3271363339513085
33764.44,COL-max-Corr,397,208,773956,0,nrmsd_norm,5,0.5390134649569718
33764.44,COL-max-Corr,397,8723,773956,0,nrmsd_norm,6,0.47949496967059446
33764.44,COL-max-Corr,397,9669,773956,0,nrmsd_norm,7,0.49711992021990203
33764.44,COL-max-Corr,397,7320,773956,0,nrmsd_norm,8,0.46302935859090827
33764.44,COL-max-Corr,397,7310,773956,0,nrmsd_norm,9,0.45689924923980857
33764.44,COL-max-Corr,397,7310,773956,0,nrmsd_norm,10,0.4540018083217325
33764.44,COL-max-Corr,397,11718,773956,0,nrmsd_norm,11,0.40167141740651713
33764.44,COL-max-Corr,397,2924,773956,0,nrmsd_norm,12,0.4031268629185829
33764.44,COL-max-Corr,397,2924,773956,0,nrmsd_norm,13,0.3589837476756503
33764.44,COL-max-Corr,397,2924,773956,0,nrmsd_norm,14,0.36324520244627084
33764.44,COL-max-Corr,397,2924,773956,0,nrmsd_norm,15,0.3826297418146019
33764.44,COL-max-Corr,397,2924,773956,0,nrmsd_norm,16,0.3863269437430179
33764.44,COL-max-Corr,397,2924,773956,0,nrmsd_norm,17,0.38076888786891583
33764.44,COL-max-Corr,397,2924,773956,0,nrmsd_norm,18,0.376035676715456
33764.44,COL-max-Corr,397,2924,773956,0,nrmsd_norm,19,0.3888014796394563
33764.44,COL-max-Corr,397,2924,773956,0,nrmsd_norm,20,0.37825718421957527
33764.44,COL-max-Corr,397,2924,773956,0,nrmsd_norm,22,0.394744442109388
33764.44,COL-max-Corr,397,2924,773956,0,nrmsd_norm,24,0.37669969704971984
33764.44,COL-max-Corr,397,128,773956,0,nrmsd_norm,26,0.36664762647076865
33764.44,COL-max-Corr,397,128,773956,0,nrmsd_norm,28,0.3734906023701094
33764.44,COL-max-Corr,397,7308,773956,0,nrmsd_norm,30,0.3601151311610752
33764.44,COL-max-Corr,397,7308,773956,0,nrmsd_norm,32,0.3670327068922836
33764.44,COL-max-Corr,397,7308,773956,0,nrmsd_norm,34,0.349617627407597
33764.44,COL-max-Corr,397,128,773956,0,nrmsd_norm,36,0.35155135015521777
33764.44,COL-max-Corr,397,7308,773956,0,nrmsd_norm,38,0.3633902302345134
33764.44,COL-max-Corr,397,128,773956,0,nrmsd_norm,40,0.3496198267636346
33764.44,COL-max-Corr,397,128,773956,0,nrmsd_norm,42,0.3502901430196536
33764.44,COL-max-Corr,397,7308,773956,0,nrmsd_norm,44,0.34190918589225094
33764.44,COL-max-Corr,397,7308,773956,0,nrmsd_norm,46,0.34965499884252543
33764.44,COL-max-Corr,397,7297,773956,0,nrmsd_norm,48,0.33802203131921155
33764.44,COL-max-Corr,397,7297,773956,0,nrmsd_norm,50,0.34549431634867356
33764.44,COL-max-Corr,397,7308,773956,0,nrmsd_norm,55,0.3463642095476551
33764.44,COL-max-Corr,397,7308,773956,0,nrmsd_norm,60,0.3476477484731499
33764.44,COL-max-Corr,397,7308,773956,0,nrmsd_norm,65,0.34313645157377354
33764.44,COL-max-Corr,397,7308,773956,0,nrmsd_norm,70,0.3420422360033721
33764.44,COL-max-Corr,397,7308,773956,0,nrmsd_norm,75,0.3370164970455633
33764.44,COL-max-Corr,397,7297,773956,0,nrmsd_norm,80,0.3385467548390154
33764.44,COL-max-Corr,397,7308,773956,0,nrmsd_norm,85,0.3405540331599151
33764.44,COL-max-Corr,397,7308,773956,0,nrmsd_norm,90,0.3429069275131655
33764.44,COL-max-Corr,397,7297,773956,0,nrmsd_norm,95,0.34029331926473777
33764.44,COL-max-Corr,397,397,773956,0,nrmsd_norm,100,0.3379310955242862
33764.44,COL-max-Corr,397,7405,654571,0,nrmsd_norm,5,0.5487716374054793
33764.44,COL-max-Corr,397,1235,654571,0,nrmsd_norm,6,0.4761852594594241
33764.44,COL-max-Corr,397,5165,654571,0,nrmsd_norm,7,0.4917427766542389
33764.44,COL-max-Corr,397,5165,654571,0,nrmsd_norm,8,0.4444242053577469
33764.44,COL-max-Corr,397,5165,654571,0,nrmsd_norm,9,0.4280986511321883
33764.44,COL-max-Corr,397,5165,654571,0,nrmsd_norm,10,0.4360286543509776
33764.44,COL-max-Corr,397,5165,654571,0,nrmsd_norm,11,0.42181851386202995
33764.44,COL-max-Corr,397,12081,654571,0,nrmsd_norm,12,0.42010681854888854
33764.44,COL-max-Corr,397,12081,654571,0,nrmsd_norm,13,0.4037694639194676
33764.44,COL-max-Corr,397,12081,654571,0,nrmsd_norm,14,0.41439449491726726
33764.44,COL-max-Corr,397,12081,654571,0,nrmsd_norm,15,0.42406719951449706
33764.44,COL-max-Corr,397,12081,654571,0,nrmsd_norm,16,0.4304288220163343
33764.44,COL-max-Corr,397,1708,654571,0,nrmsd_norm,17,0.43237943277017443
33764.44,COL-max-Corr,397,1708,654571,0,nrmsd_norm,18,0.40966371367324644
33764.44,COL-max-Corr,397,1708,654571,0,nrmsd_norm,19,0.41787242797239826
33764.44,COL-max-Corr,397,6765,654571,0,nrmsd_norm,20,0.39911441764348293
33764.44,COL-max-Corr,397,6765,654571,0,nrmsd_norm,22,0.40498788155228693
33764.44,COL-max-Corr,397,6765,654571,0,nrmsd_norm,24,0.3971396373142369
33764.44,COL-max-Corr,397,4512,654571,0,nrmsd_norm,26,0.37012895626167336
33764.44,COL-max-Corr,397,4512,654571,0,nrmsd_norm,28,0.3797562408414168
33764.44,COL-max-Corr,397,4512,654571,0,nrmsd_norm,30,0.36791985373902436
33764.44,COL-max-Corr,397,2739,654571,0,nrmsd_norm,32,0.36723953259120656
33764.44,COL-max-Corr,397,2739,654571,0,nrmsd_norm,34,0.3500355213309088
33764.44,COL-max-Corr,397,2739,654571,0,nrmsd_norm,36,0.3526970050906396
33764.44,COL-max-Corr,397,2739,654571,0,nrmsd_norm,38,0.3613552434523885
33764.44,COL-max-Corr,397,2739,654571,0,nrmsd_norm,40,0.3455493736890669
33764.44,COL-max-Corr,397,2739,654571,0,nrmsd_norm,42,0.3487442161864852
33764.44,COL-max-Corr,397,2739,654571,0,nrmsd_norm,44,0.3369520013928853
33764.44,COL-max-Corr,397,2739,654571,0,nrmsd_norm,46,0.34368888133913955
33764.44,COL-max-Corr,397,2739,654571,0,nrmsd_norm,48,0.33092715463546934
33764.44,COL-max-Corr,397,2739,654571,0,nrmsd_norm,50,0.3401595737398656
33764.44,COL-max-Corr,397,2739,654571,0,nrmsd_norm,55,0.34343422748784236
33764.44,COL-max-Corr,397,1416,654571,0,nrmsd_norm,60,0.3472818552774556
33764.44,COL-max-Corr,397,1416,654571,0,nrmsd_norm,65,0.3470159978356522
33764.44,COL-max-Corr,397,11715,654571,0,nrmsd_norm,70,0.34639514153273077
33764.44,COL-max-Corr,397,1416,654571,0,nrmsd_norm,75,0.34603062112092886
33764.44,COL-max-Corr,397,1416,654571,0,nrmsd_norm,80,0.34154840594026376
33764.44,COL-max-Corr,397,1416,654571,0,nrmsd_norm,85,0.34377676101134946
33764.44,COL-max-Corr,397,1416,654571,0,nrmsd_norm,90,0.34463766014831115
33764.44,COL-max-Corr,397,1416,654571,0,nrmsd_norm,95,0.3423752932097346
33764.44,COL-max-Corr,397,1416,654571,0,nrmsd_norm,100,0.3397692744328949
33764.44,COL-max-Corr,397,11442,438878,0,nrmsd_norm,5,0.5110458203846113
33764.44,COL-max-Corr,397,1369,438878,0,nrmsd_norm,6,0.4676223220948722
33764.44,COL-max-Corr,397,10755,438878,0,nrmsd_norm,7,0.48088732324197686
33764.44,COL-max-Corr,397,5678,438878,0,nrmsd_norm,8,0.45539166553288896
33764.44,COL-max-Corr,397,5678,438878,0,nrmsd_norm,9,0.46847117319214243
33764.44,COL-max-Corr,397,1708,438878,0,nrmsd_norm,10,0.4823361478531725
33764.44,COL-max-Corr,397,6953,438878,0,nrmsd_norm,11,0.4340586426940515
33764.44,COL-max-Corr,397,6953,438878,0,nrmsd_norm,12,0.41871125885270577
33764.44,COL-max-Corr,397,6953,438878,0,nrmsd_norm,13,0.37259671253776233
33764.44,COL-max-Corr,397,6953,438878,0,nrmsd_norm,14,0.39535214036654365
33764.44,COL-max-Corr,397,6953,438878,0,nrmsd_norm,15,0.399037274719729
33764.44,COL-max-Corr,397,6953,438878,0,nrmsd_norm,16,0.4024698414167781
33764.44,COL-max-Corr,397,6953,438878,0,nrmsd_norm,17,0.40501875322282466
33764.44,COL-max-Corr,397,6953,438878,0,nrmsd_norm,18,0.3952941834986675
33764.44,COL-max-Corr,397,6953,438878,0,nrmsd_norm,19,0.4094442557379908
33764.44,COL-max-Corr,397,6953,438878,0,nrmsd_norm,20,0.39550512563665924
33764.44,COL-max-Corr,397,397,438878,0,nrmsd_norm,22,0.4074947479230217
33764.44,COL-max-Corr,397,1416,438878,0,nrmsd_norm,24,0.39182601693036706
33764.44,COL-max-Corr,397,1416,438878,0,nrmsd_norm,26,0.3661081766722672
33764.44,COL-max-Corr,397,397,438878,0,nrmsd_norm,28,0.37818498642312054
33764.44,COL-max-Corr,397,1416,438878,0,nrmsd_norm,30,0.36411640917730514
33764.44,COL-max-Corr,397,1416,438878,0,nrmsd_norm,32,0.3627835541479972
33764.44,COL-max-Corr,397,397,438878,0,nrmsd_norm,34,0.3571214803891924
33764.44,COL-max-Corr,397,397,438878,0,nrmsd_norm,36,0.3605306689433858
33764.44,COL-max-Corr,397,1416,438878,0,nrmsd_norm,38,0.371143012762968
33764.44,COL-max-Corr,397,11715,438878,0,nrmsd_norm,40,0.3585955204789647
33764.44,COL-max-Corr,397,11715,438878,0,nrmsd_norm,42,0.36354131491653163
33764.44,COL-max-Corr,397,1416,438878,0,nrmsd_norm,44,0.35176278238240083
33764.44,COL-max-Corr,397,1416,438878,0,nrmsd_norm,46,0.3547957857494879
33764.44,COL-max-Corr,397,11715,438878,0,nrmsd_norm,48,0.34763624731539233
33764.44,COL-max-Corr,397,11715,438878,0,nrmsd_norm,50,0.3564321537595107
33764.44,COL-max-Corr,397,1416,438878,0,nrmsd_norm,55,0.3491458990912734
33764.44,COL-max-Corr,397,1416,438878,0,nrmsd_norm,60,0.3459562727256148
33764.44,COL-max-Corr,397,11715,438878,0,nrmsd_norm,65,0.34910938935038327
33764.44,COL-max-Corr,397,11715,438878,0,nrmsd_norm,70,0.35005496718685364
33764.44,COL-max-Corr,397,11715,438878,0,nrmsd_norm,75,0.35019022116243076
33764.44,COL-max-Corr,397,11715,438878,0,nrmsd_norm,80,0.34837208775042894
33764.44,COL-max-Corr,397,1416,438878,0,nrmsd_norm,85,0.3473667759818517
33764.44,COL-max-Corr,397,1416,438878,0,nrmsd_norm,90,0.34742690720639896
33764.44,COL-max-Corr,397,1416,438878,0,nrmsd_norm,95,0.3451798335926984
33764.44,COL-max-Corr,397,1416,438878,0,nrmsd_norm,100,0.3413198049932087
33764.44,COL-max-Corr,397,1616,433015,0,nrmsd_norm,5,0.5185375753947762
33764.44,COL-max-Corr,397,6765,433015,0,nrmsd_norm,6,0.46659195609987764
33764.44,COL-max-Corr,397,1103,433015,0,nrmsd_norm,7,0.46330395209186154
33764.44,COL-max-Corr,397,1103,433015,0,nrmsd_norm,8,0.4467862760523066
33764.44,COL-max-Corr,397,1103,433015,0,nrmsd_norm,9,0.45262866563249016
33764.44,COL-max-Corr,397,12583,433015,0,nrmsd_norm,10,0.4511833156309755
33764.44,COL-max-Corr,397,7151,433015,0,nrmsd_norm,11,0.3983667591677149
33764.44,COL-max-Corr,397,7139,433015,0,nrmsd_norm,12,0.3970014717671671
33764.44,COL-max-Corr,397,7151,433015,0,nrmsd_norm,13,0.36726313291295026
33764.44,COL-max-Corr,397,2839,433015,0,nrmsd_norm,14,0.3863383685832391
33764.44,COL-max-Corr,397,7151,433015,0,nrmsd_norm,15,0.3990033937157416
33764.44,COL-max-Corr,397,7151,433015,0,nrmsd_norm,16,0.3967447711692029
33764.44,COL-max-Corr,397,7151,433015,0,nrmsd_norm,17,0.39800311955240103
33764.44,COL-max-Corr,397,7151,433015,0,nrmsd_norm,18,0.39538081127998204
33764.44,COL-max-Corr,397,7151,433015,0,nrmsd_norm,19,0.3988405293573091
33764.44,COL-max-Corr,397,7151,433015,0,nrmsd_norm,20,0.3832909656567247
33764.44,COL-max-Corr,397,7151,433015,0,nrmsd_norm,22,0.38328955775851753
33764.44,COL-max-Corr,397,2839,433015,0,nrmsd_norm,24,0.37848917167667
33764.44,COL-max-Corr,397,10276,433015,0,nrmsd_norm,26,0.36945064739689615
33764.44,COL-max-Corr,397,6954,433015,0,nrmsd_norm,28,0.38768449773568747
33764.44,COL-max-Corr,397,6954,433015,0,nrmsd_norm,30,0.3712623116316748
33764.44,COL-max-Corr,397,6962,433015,0,nrmsd_norm,32,0.3694517582737945
33764.44,COL-max-Corr,397,10276,433015,0,nrmsd_norm,34,0.3619016966907855
33764.44,COL-max-Corr,397,6953,433015,0,nrmsd_norm,36,0.36602912521697084
33764.44,COL-max-Corr,397,6953,433015,0,nrmsd_norm,38,0.37129443478636415
33764.44,COL-max-Corr,397,6953,433015,0,nrmsd_norm,40,0.35700934966530107
33764.44,COL-max-Corr,397,6953,433015,0,nrmsd_norm,42,0.35799531906955323
33764.44,COL-max-Corr,397,6953,433015,0,nrmsd_norm,44,0.34765296247786337
33764.44,COL-max-Corr,397,6953,433015,0,nrmsd_norm,46,0.35056726915770225
33764.44,COL-max-Corr,397,6953,433015,0,nrmsd_norm,48,0.339938411141213
33764.44,COL-max-Corr,397,6953,433015,0,nrmsd_norm,50,0.3481293498522693
33764.44,COL-max-Corr,397,2105,433015,0,nrmsd_norm,55,0.34792671656255186
33764.44,COL-max-Corr,397,7154,433015,0,nrmsd_norm,60,0.3511505462855677
33764.44,COL-max-Corr,397,7154,433015,0,nrmsd_norm,65,0.3522918346648455
33764.44,COL-max-Corr,397,7154,433015,0,nrmsd_norm,70,0.3503617311798166
33764.44,COL-max-Corr,397,7154,433015,0,nrmsd_norm,75,0.3478638009591088
33764.44,COL-max-Corr,397,7154,433015,0,nrmsd_norm,80,0.3450615432932097
33764.44,COL-max-Corr,397,2105,433015,0,nrmsd_norm,85,0.34564745453064394
33764.44,COL-max-Corr,397,6953,433015,0,nrmsd_norm,90,0.3480478660135837
33764.44,COL-max-Corr,397,6953,433015,0,nrmsd_norm,95,0.3435043374547174
33764.44,COL-max-Corr,397,6953,433015,0,nrmsd_norm,100,0.34246175150896635
33764.44,COL-max-Corr,397,5492,858597,0,nrmsd_norm,5,0.5285975006523607
33764.44,COL-max-Corr,397,11172,858597,0,nrmsd_norm,6,0.4774694315731721
33764.44,COL-max-Corr,397,6953,858597,0,nrmsd_norm,7,0.4731420782474843
33764.44,COL-max-Corr,397,6954,858597,0,nrmsd_norm,8,0.4447594954160942
33764.44,COL-max-Corr,397,7154,858597,0,nrmsd_norm,9,0.4480377251140872
33764.44,COL-max-Corr,397,1416,858597,0,nrmsd_norm,10,0.4473983249071749
33764.44,COL-max-Corr,397,1416,858597,0,nrmsd_norm,11,0.40361662457044567
33764.44,COL-max-Corr,397,6953,858597,0,nrmsd_norm,12,0.3789717285640267
33764.44,COL-max-Corr,397,6953,858597,0,nrmsd_norm,13,0.34665288436789066
33764.44,COL-max-Corr,397,6953,858597,0,nrmsd_norm,14,0.37643884797367444
33764.44,COL-max-Corr,397,6953,858597,0,nrmsd_norm,15,0.38704742523900354
33764.44,COL-max-Corr,397,6953,858597,0,nrmsd_norm,16,0.3902453058928305
33764.44,COL-max-Corr,397,7139,858597,0,nrmsd_norm,17,0.40033146050182833
33764.44,COL-max-Corr,397,397,858597,0,nrmsd_norm,18,0.3901895819374653
33764.44,COL-max-Corr,397,397,858597,0,nrmsd_norm,19,0.4074291675860946
33764.44,COL-max-Corr,397,12306,858597,0,nrmsd_norm,20,0.3915782833902149
33764.44,COL-max-Corr,397,12306,858597,0,nrmsd_norm,22,0.39803232065120925
33764.44,COL-max-Corr,397,12306,858597,0,nrmsd_norm,24,0.3894182185055355
33764.44,COL-max-Corr,397,6953,858597,0,nrmsd_norm,26,0.37232991507467234
33764.44,COL-max-Corr,397,6953,858597,0,nrmsd_norm,28,0.38574097744463465
33764.44,COL-max-Corr,397,6953,858597,0,nrmsd_norm,30,0.37644666915950203
33764.44,COL-max-Corr,397,6953,858597,0,nrmsd_norm,32,0.3746231653138995
33764.44,COL-max-Corr,397,6953,858597,0,nrmsd_norm,34,0.3522297652335135
33764.44,COL-max-Corr,397,6953,858597,0,nrmsd_norm,36,0.3577060695147783
33764.44,COL-max-Corr,397,6953,858597,0,nrmsd_norm,38,0.3644853244490695
33764.44,COL-max-Corr,397,6953,858597,0,nrmsd_norm,40,0.3496683937724426
33764.44,COL-max-Corr,397,6953,858597,0,nrmsd_norm,42,0.35352184588972085
33764.44,COL-max-Corr,397,6953,858597,0,nrmsd_norm,44,0.33722525798670266
33764.44,COL-max-Corr,397,6953,858597,0,nrmsd_norm,46,0.35297213439502995
33764.44,COL-max-Corr,397,6953,858597,0,nrmsd_norm,48,0.34118600540244487
33764.44,COL-max-Corr,397,6953,858597,0,nrmsd_norm,50,0.3499624825216036
33764.44,COL-max-Corr,397,6953,858597,0,nrmsd_norm,55,0.3471940807764879
33764.44,COL-max-Corr,397,6953,858597,0,nrmsd_norm,60,0.3443576042377742
33764.44,COL-max-Corr,397,1416,858597,0,nrmsd_norm,65,0.3495441023425196
33764.44,COL-max-Corr,397,1416,858597,0,nrmsd_norm,70,0.34645367290280676
33764.44,COL-max-Corr,397,1416,858597,0,nrmsd_norm,75,0.3463250587672716
33764.44,COL-max-Corr,397,1416,858597,0,nrmsd_norm,80,0.3454037328629339
33764.44,COL-max-Corr,397,1416,858597,0,nrmsd_norm,85,0.3474003765155683
33764.44,COL-max-Corr,397,1416,858597,0,nrmsd_norm,90,0.34865893806017406
33764.44,COL-max-Corr,397,1416,858597,0,nrmsd_norm,95,0.3449875976427208
33764.44,COL-max-Corr,397,1416,858597,0,nrmsd_norm,100,0.340133165597145
33764.44,COL-max-Corr,397,10717,85945,0,nrmsd_norm,5,0.5371776263858369
33764.44,COL-max-Corr,397,1369,85945,0,nrmsd_norm,6,0.4680913631792288
33764.44,COL-max-Corr,397,1369,85945,0,nrmsd_norm,7,0.4997209735798999
33764.44,COL-max-Corr,397,2550,85945,0,nrmsd_norm,8,0.45498102426452763
33764.44,COL-max-Corr,397,7129,85945,0,nrmsd_norm,9,0.43593716244186576
33764.44,COL-max-Corr,397,7129,85945,0,nrmsd_norm,10,0.452588759132542
33764.44,COL-max-Corr,397,7129,85945,0,nrmsd_norm,11,0.44311241587269284
33764.44,COL-max-Corr,397,1301,85945,0,nrmsd_norm,12,0.4218891852766202
33764.44,COL-max-Corr,397,11715,85945,0,nrmsd_norm,13,0.4124671398743741
33764.44,COL-max-Corr,397,11715,85945,0,nrmsd_norm,14,0.4328026372564139
33764.44,COL-max-Corr,397,4512,85945,0,nrmsd_norm,15,0.44683811653147737
33764.44,COL-max-Corr,397,4512,85945,0,nrmsd_norm,16,0.4488433650740191
33764.44,COL-max-Corr,397,2739,85945,0,nrmsd_norm,17,0.4367077941785025
33764.44,COL-max-Corr,397,6951,85945,0,nrmsd_norm,18,0.4194887842383656
33764.44,COL-max-Corr,397,6951,85945,0,nrmsd_norm,19,0.43058567402362324
33764.44,COL-max-Corr,397,9979,85945,0,nrmsd_norm,20,0.41234717365072204
33764.44,COL-max-Corr,397,6951,85945,0,nrmsd_norm,22,0.4215974521958704
33764.44,COL-max-Corr,397,9979,85945,0,nrmsd_norm,24,0.4150840545896875
33764.44,COL-max-Corr,397,6457,85945,0,nrmsd_norm,26,0.3776735555867224
33764.44,COL-max-Corr,397,6457,85945,0,nrmsd_norm,28,0.3865451427747082
33764.44,COL-max-Corr,397,5205,85945,0,nrmsd_norm,30,0.3746836888570816
33764.44,COL-max-Corr,397,6457,85945,0,nrmsd_norm,32,0.371601550241049
33764.44,COL-max-Corr,397,6457,85945,0,nrmsd_norm,34,0.3509759408745303
33764.44,COL-max-Corr,397,6457,85945,0,nrmsd_norm,36,0.35575440335115227
33764.44,COL-max-Corr,397,6457,85945,0,nrmsd_norm,38,0.36409922741910045
33764.44,COL-max-Corr,397,7154,85945,0,nrmsd_norm,40,0.35253482358117
33764.44,COL-max-Corr,397,7154,85945,0,nrmsd_norm,42,0.3579325913290067
33764.44,COL-max-Corr,397,397,85945,0,nrmsd_norm,44,0.34520389244273125
33764.44,COL-max-Corr,397,397,85945,0,nrmsd_norm,46,0.35306692665473155
33764.44,COL-max-Corr,397,397,85945,0,nrmsd_norm,48,0.3483444668091027
33764.44,COL-max-Corr,397,397,85945,0,nrmsd_norm,50,0.35558037135214476
33764.44,COL-max-Corr,397,10355,85945,0,nrmsd_norm,55,0.3589512642279027
33764.44,COL-max-Corr,397,10355,85945,0,nrmsd_norm,60,0.3578559434253971
33764.44,COL-max-Corr,397,10355,85945,0,nrmsd_norm,65,0.35782618765051344
33764.44,COL-max-Corr,397,11715,85945,0,nrmsd_norm,70,0.35483224919249867
33764.44,COL-max-Corr,397,11715,85945,0,nrmsd_norm,75,0.3525589999784074
33764.44,COL-max-Corr,397,397,85945,0,nrmsd_norm,80,0.3473708032391016
33764.44,COL-max-Corr,397,11715,85945,0,nrmsd_norm,85,0.35086408475119085
33764.44,COL-max-Corr,397,11715,85945,0,nrmsd_norm,90,0.35172875302270395
33764.44,COL-max-Corr,397,11715,85945,0,nrmsd_norm,95,0.3493169692155433
33764.44,COL-max-Corr,397,10355,85945,0,nrmsd_norm,100,0.3438144248933292
33764.44,COL-max-Corr,397,1621,697368,0,nrmsd_norm,5,0.5103888335205962
33764.44,COL-max-Corr,397,7287,697368,0,nrmsd_norm,6,0.4708284712836294
33764.44,COL-max-Corr,397,3990,697368,0,nrmsd_norm,7,0.4710035080646045
33764.44,COL-max-Corr,397,3990,697368,0,nrmsd_norm,8,0.4849200777565152
33764.44,COL-max-Corr,397,11108,697368,0,nrmsd_norm,9,0.40897216281868476
33764.44,COL-max-Corr,397,5229,697368,0,nrmsd_norm,10,0.41055258638584274
33764.44,COL-max-Corr,397,1416,697368,0,nrmsd_norm,11,0.4114299588934869
33764.44,COL-max-Corr,397,539,697368,0,nrmsd_norm,12,0.38256555527513797
33764.44,COL-max-Corr,397,539,697368,0,nrmsd_norm,13,0.3623234174922788
33764.44,COL-max-Corr,397,2839,697368,0,nrmsd_norm,14,0.387455209443382
33764.44,COL-max-Corr,397,2839,697368,0,nrmsd_norm,15,0.4096265967791203
33764.44,COL-max-Corr,397,2105,697368,0,nrmsd_norm,16,0.41521922628394653
33764.44,COL-max-Corr,397,7320,697368,0,nrmsd_norm,17,0.4229469806441614
33764.44,COL-max-Corr,397,7139,697368,0,nrmsd_norm,18,0.41172148982086615
33764.44,COL-max-Corr,397,7320,697368,0,nrmsd_norm,19,0.4134452608632587
33764.44,COL-max-Corr,397,7320,697368,0,nrmsd_norm,20,0.39665524955528003
33764.44,COL-max-Corr,397,7139,697368,0,nrmsd_norm,22,0.3967301883205554
33764.44,COL-max-Corr,397,12067,697368,0,nrmsd_norm,24,0.39113168154846295
33764.44,COL-max-Corr,397,12067,697368,0,nrmsd_norm,26,0.3691491267648438
33764.44,COL-max-Corr,397,10355,697368,0,nrmsd_norm,28,0.38705842543566166
33764.44,COL-max-Corr,397,10355,697368,0,nrmsd_norm,30,0.37193778644379566
33764.44,COL-max-Corr,397,10355,697368,0,nrmsd_norm,32,0.3692232344629795
33764.44,COL-max-Corr,397,10355,697368,0,nrmsd_norm,34,0.35874119836986795
33764.44,COL-max-Corr,397,7309,697368,0,nrmsd_norm,36,0.3593085228392457
33764.44,COL-max-Corr,397,7139,697368,0,nrmsd_norm,38,0.36616062161627677
33764.44,COL-max-Corr,397,397,697368,0,nrmsd_norm,40,0.3569912325530218
33764.44,COL-max-Corr,397,7139,697368,0,nrmsd_norm,42,0.360047595806501
33764.44,COL-max-Corr,397,7139,697368,0,nrmsd_norm,44,0.3496509100037327
33764.44,COL-max-Corr,397,7139,697368,0,nrmsd_norm,46,0.35828154904109416
33764.44,COL-max-Corr,397,7139,697368,0,nrmsd_norm,48,0.3444413021649667
33764.44,COL-max-Corr,397,7139,697368,0,nrmsd_norm,50,0.35144840893851365
33764.44,COL-max-Corr,397,397,697368,0,nrmsd_norm,55,0.34602057105034784
33764.44,COL-max-Corr,397,397,697368,0,nrmsd_norm,60,0.3449323213324672
33764.44,COL-max-Corr,397,7139,697368,0,nrmsd_norm,65,0.3420938752517068
33764.44,COL-max-Corr,397,7154,697368,0,nrmsd_norm,70,0.33921785114120917
33764.44,COL-max-Corr,397,7139,697368,0,nrmsd_norm,75,0.3362215123322733
33764.44,COL-max-Corr,397,397,697368,0,nrmsd_norm,80,0.3315135719928365
33764.44,COL-max-Corr,397,397,697368,0,nrmsd_norm,85,0.33549121569984514
33764.44,COL-max-Corr,397,7308,697368,0,nrmsd_norm,90,0.33957643353569705
33764.44,COL-max-Corr,397,7308,697368,0,nrmsd_norm,95,0.3372678435952772
33764.44,COL-max-Corr,397,7308,697368,0,nrmsd_norm,100,0.33300395363355256
33764.44,COL-max-Corr,397,7609,201469,0,nrmsd_norm,5,0.5092585096879243
33764.44,COL-max-Corr,397,7287,201469,0,nrmsd_norm,6,0.4561029657220667
33764.44,COL-max-Corr,397,7287,201469,0,nrmsd_norm,7,0.49325974164433456
33764.44,COL-max-Corr,397,7297,201469,0,nrmsd_norm,8,0.4700253107302144
33764.44,COL-max-Corr,397,6988,201469,0,nrmsd_norm,9,0.4524632104365087
33764.44,COL-max-Corr,397,6988,201469,0,nrmsd_norm,10,0.46258010728157123
33764.44,COL-max-Corr,397,7446,201469,0,nrmsd_norm,11,0.41507441784142857
33764.44,COL-max-Corr,397,7446,201469,0,nrmsd_norm,12,0.40346153104229626
33764.44,COL-max-Corr,397,7446,201469,0,nrmsd_norm,13,0.3648054325268185
33764.44,COL-max-Corr,397,7446,201469,0,nrmsd_norm,14,0.3801819329029866
33764.44,COL-max-Corr,397,7446,201469,0,nrmsd_norm,15,0.39914905693277164
33764.44,COL-max-Corr,397,7446,201469,0,nrmsd_norm,16,0.4060794997716386
33764.44,COL-max-Corr,397,10762,201469,0,nrmsd_norm,17,0.39035472620436806
33764.44,COL-max-Corr,397,10762,201469,0,nrmsd_norm,18,0.3792406026256716
33764.44,COL-max-Corr,397,10762,201469,0,nrmsd_norm,19,0.39371674524645334
33764.44,COL-max-Corr,397,10762,201469,0,nrmsd_norm,20,0.3801943884315261
33764.44,COL-max-Corr,397,9967,201469,0,nrmsd_norm,22,0.3986144644051923
33764.44,COL-max-Corr,397,9967,201469,0,nrmsd_norm,24,0.38692875043543623
33764.44,COL-max-Corr,397,9967,201469,0,nrmsd_norm,26,0.36250194456375506
33764.44,COL-max-Corr,397,1416,201469,0,nrmsd_norm,28,0.3711451398145001
33764.44,COL-max-Corr,397,1416,201469,0,nrmsd_norm,30,0.36007943332644715
33764.44,COL-max-Corr,397,9967,201469,0,nrmsd_norm,32,0.3678303851679109
33764.44,COL-max-Corr,397,9967,201469,0,nrmsd_norm,34,0.3510600051539459
33764.44,COL-max-Corr,397,4512,201469,0,nrmsd_norm,36,0.35094007943578454
33764.44,COL-max-Corr,397,9967,201469,0,nrmsd_norm,38,0.3596060722885908
33764.44,COL-max-Corr,397,397,201469,0,nrmsd_norm,40,0.3439606814396604
33764.44,COL-max-Corr,397,9967,201469,0,nrmsd_norm,42,0.34417946385151454
33764.44,COL-max-Corr,397,9967,201469,0,nrmsd_norm,44,0.33228974288300095
33764.44,COL-max-Corr,397,1416,201469,0,nrmsd_norm,46,0.33694999009276916
33764.44,COL-max-Corr,397,9967,201469,0,nrmsd_norm,48,0.32801711373126446
33764.44,COL-max-Corr,397,9967,201469,0,nrmsd_norm,50,0.336589159004693
33764.44,COL-max-Corr,397,9967,201469,0,nrmsd_norm,55,0.33324798768498193
33764.44,COL-max-Corr,397,9967,201469,0,nrmsd_norm,60,0.34006092006109917
33764.44,COL-max-Corr,397,397,201469,0,nrmsd_norm,65,0.33953356729767636
33764.44,COL-max-Corr,397,397,201469,0,nrmsd_norm,70,0.3362528828636243
33764.44,COL-max-Corr,397,397,201469,0,nrmsd_norm,75,0.33393962994635373
33764.44,COL-max-Corr,397,397,201469,0,nrmsd_norm,80,0.3349976680315216
33764.44,COL-max-Corr,397,397,201469,0,nrmsd_norm,85,0.3366659996179838
33764.44,COL-max-Corr,397,397,201469,0,nrmsd_norm,90,0.34182575777589164
33764.44,COL-max-Corr,397,397,201469,0,nrmsd_norm,95,0.3390550543048909
33764.44,COL-max-Corr,397,397,201469,0,nrmsd_norm,100,0.33390816137116486
33764.44,COL-max-Corr,397,3096,94177,0,nrmsd_norm,5,0.5301491484599116
33764.44,COL-max-Corr,397,7117,94177,0,nrmsd_norm,6,0.46824005925082957
33764.44,COL-max-Corr,397,7132,94177,0,nrmsd_norm,7,0.5027979607328612
33764.44,COL-max-Corr,397,7132,94177,0,nrmsd_norm,8,0.47349492748017036
33764.44,COL-max-Corr,397,7132,94177,0,nrmsd_norm,9,0.4551438716155206
33764.44,COL-max-Corr,397,4512,94177,0,nrmsd_norm,10,0.46334366409437416
33764.44,COL-max-Corr,397,128,94177,0,nrmsd_norm,11,0.4126291724998454
33764.44,COL-max-Corr,397,7308,94177,0,nrmsd_norm,12,0.39262531831315595
33764.44,COL-max-Corr,397,7297,94177,0,nrmsd_norm,13,0.3665868718119703
33764.44,COL-max-Corr,397,7297,94177,0,nrmsd_norm,14,0.3811897413493028
33764.44,COL-max-Corr,397,397,94177,0,nrmsd_norm,15,0.3953697319521506
33764.44,COL-max-Corr,397,397,94177,0,nrmsd_norm,16,0.4049073113992105
33764.44,COL-max-Corr,397,1416,94177,0,nrmsd_norm,17,0.3967648237446272
33764.44,COL-max-Corr,397,1416,94177,0,nrmsd_norm,18,0.3959843155107758
33764.44,COL-max-Corr,397,1416,94177,0,nrmsd_norm,19,0.41093334436260437
33764.44,COL-max-Corr,397,1416,94177,0,nrmsd_norm,20,0.39672900779735626
33764.44,COL-max-Corr,397,397,94177,0,nrmsd_norm,22,0.4122659775291309
33764.44,COL-max-Corr,397,7297,94177,0,nrmsd_norm,24,0.39301287637926396
33764.44,COL-max-Corr,397,1416,94177,0,nrmsd_norm,26,0.37102273183075923
33764.44,COL-max-Corr,397,1416,94177,0,nrmsd_norm,28,0.3827487521707729
33764.44,COL-max-Corr,397,1416,94177,0,nrmsd_norm,30,0.3745029053976324
33764.44,COL-max-Corr,397,1416,94177,0,nrmsd_norm,32,0.36816703682805063
33764.44,COL-max-Corr,397,397,94177,0,nrmsd_norm,34,0.3436187893230997
33764.44,COL-max-Corr,397,397,94177,0,nrmsd_norm,36,0.3471313287671342
33764.44,COL-max-Corr,397,397,94177,0,nrmsd_norm,38,0.35194244198818037
33764.44,COL-max-Corr,397,397,94177,0,nrmsd_norm,40,0.335219883622877
33764.44,COL-max-Corr,397,397,94177,0,nrmsd_norm,42,0.33639687680111785
33764.44,COL-max-Corr,397,397,94177,0,nrmsd_norm,44,0.3227874777444424
33764.44,COL-max-Corr,397,397,94177,0,nrmsd_norm,46,0.3330432569740153
33764.44,COL-max-Corr,397,397,94177,0,nrmsd_norm,48,0.31570675174083423
33764.44,COL-max-Corr,397,397,94177,0,nrmsd_norm,50,0.32477962635123303
33764.44,COL-max-Corr,397,1416,94177,0,nrmsd_norm,55,0.32848370712838354
33764.44,COL-max-Corr,397,1416,94177,0,nrmsd_norm,60,0.33259642679861146
33764.44,COL-max-Corr,397,1416,94177,0,nrmsd_norm,65,0.33399910297523333
33764.44,COL-max-Corr,397,1416,94177,0,nrmsd_norm,70,0.3320699325775522
33764.44,COL-max-Corr,397,397,94177,0,nrmsd_norm,75,0.33428197820966427
33764.44,COL-max-Corr,397,397,94177,0,nrmsd_norm,80,0.3308767959735587
33764.44,COL-max-Corr,397,1416,94177,0,nrmsd_norm,85,0.332892564983704
33764.44,COL-max-Corr,397,1416,94177,0,nrmsd_norm,90,0.33880563908677436
33764.44,COL-max-Corr,397,397,94177,0,nrmsd_norm,95,0.3371436239752019
33764.44,COL-max-Corr,397,397,94177,0,nrmsd_norm,100,0.3348385467659004
33764.44,ROW-mean-ED,397,10913,89250,0,nrmsd_norm,5,0.6827154937424752
33764.44,ROW-mean-ED,397,8635,89250,0,nrmsd_norm,6,0.646043116403948
33764.44,ROW-mean-ED,397,10491,89250,0,nrmsd_norm,7,0.6303913487408092
33764.44,ROW-mean-ED,397,5608,89250,0,nrmsd_norm,8,0.6110210726879584
33764.44,ROW-mean-ED,397,5608,89250,0,nrmsd_norm,9,0.6249989637955684
33764.44,ROW-mean-ED,397,7539,89250,0,nrmsd_norm,10,0.6059800113208178
33764.44,ROW-mean-ED,397,7539,89250,0,nrmsd_norm,11,0.6121330273739843
33764.44,ROW-mean-ED,397,8478,89250,0,nrmsd_norm,12,0.5731872426069007
33764.44,ROW-mean-ED,397,8478,89250,0,nrmsd_norm,13,0.5950270835988355
33764.44,ROW-mean-ED,397,8478,89250,0,nrmsd_norm,14,0.5960258184876643
33764.44,ROW-mean-ED,397,8478,89250,0,nrmsd_norm,15,0.5875186213248673
33764.44,ROW-mean-ED,397,8478,89250,0,nrmsd_norm,16,0.585921519140599
33764.44,ROW-mean-ED,397,8478,89250,0,nrmsd_norm,17,0.5849595746453814
33764.44,ROW-mean-ED,397,7018,89250,0,nrmsd_norm,18,0.581284991091332
33764.44,ROW-mean-ED,397,7018,89250,0,nrmsd_norm,19,0.5899213682557402
33764.44,ROW-mean-ED,397,7018,89250,0,nrmsd_norm,20,0.584620188317136
33764.44,ROW-mean-ED,397,7018,89250,0,nrmsd_norm,22,0.5913653074739695
33764.44,ROW-mean-ED,397,7018,89250,0,nrmsd_norm,24,0.5785274377918541
33764.44,ROW-mean-ED,397,7140,89250,0,nrmsd_norm,26,0.5748933416871969
33764.44,ROW-mean-ED,397,7310,89250,0,nrmsd_norm,28,0.5650887904838251
33764.44,ROW-mean-ED,397,7310,89250,0,nrmsd_norm,30,0.5704497226040494
33764.44,ROW-mean-ED,397,7310,89250,0,nrmsd_norm,32,0.5746702146363908
33764.44,ROW-mean-ED,397,7310,89250,0,nrmsd_norm,34,0.5787106285361081
33764.44,ROW-mean-ED,397,7310,89250,0,nrmsd_norm,36,0.5809255205450611
33764.44,ROW-mean-ED,397,7310,89250,0,nrmsd_norm,38,0.5820571591364203
33764.44,ROW-mean-ED,397,7309,89250,0,nrmsd_norm,40,0.5690505168436213
33764.44,ROW-mean-ED,397,7309,89250,0,nrmsd_norm,42,0.5745508291678801
33764.44,ROW-mean-ED,397,7309,89250,0,nrmsd_norm,44,0.5750852054455311
33764.44,ROW-mean-ED,397,539,89250,0,nrmsd_norm,46,0.5634647608475924
33764.44,ROW-mean-ED,397,539,89250,0,nrmsd_norm,48,0.5653910936364589
33764.44,ROW-mean-ED,397,539,89250,0,nrmsd_norm,50,0.5636656606746772
33764.44,ROW-mean-ED,397,539,89250,0,nrmsd_norm,55,0.5673250111325279
33764.44,ROW-mean-ED,397,7140,89250,0,nrmsd_norm,60,0.565564548120562
33764.44,ROW-mean-ED,397,7140,89250,0,nrmsd_norm,65,0.5651551673611804
33764.44,ROW-mean-ED,397,7140,89250,0,nrmsd_norm,70,0.5679577395751035
33764.44,ROW-mean-ED,397,7310,89250,0,nrmsd_norm,75,0.5659197014795434
33764.44,ROW-mean-ED,397,7310,89250,0,nrmsd_norm,80,0.5628511161770128
33764.44,ROW-mean-ED,397,7310,89250,0,nrmsd_norm,85,0.5622518355250027
33764.44,ROW-mean-ED,397,7139,89250,0,nrmsd_norm,90,0.5673399799073058
33764.44,ROW-mean-ED,397,7309,89250,0,nrmsd_norm,95,0.5681511129365119
33764.44,ROW-mean-ED,397,7139,89250,0,nrmsd_norm,100,0.5630325649367294
33764.44,ROW-mean-ED,397,11515,773956,0,nrmsd_norm,5,0.6736919012249067
33764.44,ROW-mean-ED,397,10762,773956,0,nrmsd_norm,6,0.6402463187024324
33764.44,ROW-mean-ED,397,128,773956,0,nrmsd_norm,7,0.6203750459634331
33764.44,ROW-mean-ED,397,7308,773956,0,nrmsd_norm,8,0.6093787835699165
33764.44,ROW-mean-ED,397,7308,773956,0,nrmsd_norm,9,0.6245385775949149
33764.44,ROW-mean-ED,397,53,773956,0,nrmsd_norm,10,0.6091027564902385
33764.44,ROW-mean-ED,397,128,773956,0,nrmsd_norm,11,0.6172628662699486
33764.44,ROW-mean-ED,397,7308,773956,0,nrmsd_norm,12,0.5846945109697463
33764.44,ROW-mean-ED,397,7308,773956,0,nrmsd_norm,13,0.6054384284365754
33764.44,ROW-mean-ED,397,7308,773956,0,nrmsd_norm,14,0.6019673047450865
33764.44,ROW-mean-ED,397,7308,773956,0,nrmsd_norm,15,0.5911311087562414
33764.44,ROW-mean-ED,397,7308,773956,0,nrmsd_norm,16,0.5886093094754388
33764.44,ROW-mean-ED,397,7308,773956,0,nrmsd_norm,17,0.5890170003500773
33764.44,ROW-mean-ED,397,7308,773956,0,nrmsd_norm,18,0.5658154460246416
33764.44,ROW-mean-ED,397,7308,773956,0,nrmsd_norm,19,0.5772299276135816
33764.44,ROW-mean-ED,397,9967,773956,0,nrmsd_norm,20,0.5703778913705322
33764.44,ROW-mean-ED,397,397,773956,0,nrmsd_norm,22,0.5819992852741942
33764.44,ROW-mean-ED,397,397,773956,0,nrmsd_norm,24,0.5701952271956368
33764.44,ROW-mean-ED,397,7297,773956,0,nrmsd_norm,26,0.5659793027777492
33764.44,ROW-mean-ED,397,7297,773956,0,nrmsd_norm,28,0.5535538576822251
33764.44,ROW-mean-ED,397,7297,773956,0,nrmsd_norm,30,0.5601797048986238
33764.44,ROW-mean-ED,397,7297,773956,0,nrmsd_norm,32,0.5667639575360549
33764.44,ROW-mean-ED,397,7297,773956,0,nrmsd_norm,34,0.5687093882645852
33764.44,ROW-mean-ED,397,7297,773956,0,nrmsd_norm,36,0.5720634160333716
33764.44,ROW-mean-ED,397,9967,773956,0,nrmsd_norm,38,0.5722063877644498
33764.44,ROW-mean-ED,397,7297,773956,0,nrmsd_norm,40,0.55982879462313
33764.44,ROW-mean-ED,397,9967,773956,0,nrmsd_norm,42,0.565928317818718
33764.44,ROW-mean-ED,397,9967,773956,0,nrmsd_norm,44,0.5673615280650303
33764.44,ROW-mean-ED,397,9967,773956,0,nrmsd_norm,46,0.5586897663040105
33764.44,ROW-mean-ED,397,7297,773956,0,nrmsd_norm,48,0.5614320870825172
33764.44,ROW-mean-ED,397,7308,773956,0,nrmsd_norm,50,0.5595579520010178
33764.44,ROW-mean-ED,397,9967,773956,0,nrmsd_norm,55,0.5597397610608067
33764.44,ROW-mean-ED,397,9967,773956,0,nrmsd_norm,60,0.555736295028482
33764.44,ROW-mean-ED,397,1416,773956,0,nrmsd_norm,65,0.5566693176712344
33764.44,ROW-mean-ED,397,1416,773956,0,nrmsd_norm,70,0.5603592094369979
33764.44,ROW-mean-ED,397,1416,773956,0,nrmsd_norm,75,0.5554127201474075
33764.44,ROW-mean-ED,397,1416,773956,0,nrmsd_norm,80,0.551772026190043
33764.44,ROW-mean-ED,397,1416,773956,0,nrmsd_norm,85,0.5523502814515779
33764.44,ROW-mean-ED,397,397,773956,0,nrmsd_norm,90,0.5587141014922389
33764.44,ROW-mean-ED,397,397,773956,0,nrmsd_norm,95,0.560769280202989
33764.44,ROW-mean-ED,397,397,773956,0,nrmsd_norm,100,0.5556209776807115
33764.44,ROW-mean-ED,397,2262,654571,0,nrmsd_norm,5,0.6716126693297624
33764.44,ROW-mean-ED,397,263,654571,0,nrmsd_norm,6,0.6366480018353339
33764.44,ROW-mean-ED,397,7491,654571,0,nrmsd_norm,7,0.612909701664401
33764.44,ROW-mean-ED,397,7491,654571,0,nrmsd_norm,8,0.6004688534416145
33764.44,ROW-mean-ED,397,7491,654571,0,nrmsd_norm,9,0.6186621848596348
33764.44,ROW-mean-ED,397,7446,654571,0,nrmsd_norm,10,0.607717329583642
33764.44,ROW-mean-ED,397,7446,654571,0,nrmsd_norm,11,0.6140878107515112
33764.44,ROW-mean-ED,397,7308,654571,0,nrmsd_norm,12,0.5829518237300836
33764.44,ROW-mean-ED,397,7308,654571,0,nrmsd_norm,13,0.6015728627997821
33764.44,ROW-mean-ED,397,7308,654571,0,nrmsd_norm,14,0.5938797510964156
33764.44,ROW-mean-ED,397,7308,654571,0,nrmsd_norm,15,0.5841605172063642
33764.44,ROW-mean-ED,397,7154,654571,0,nrmsd_norm,16,0.5801400744238824
33764.44,ROW-mean-ED,397,7154,654571,0,nrmsd_norm,17,0.5861538741698237
33764.44,ROW-mean-ED,397,9669,654571,0,nrmsd_norm,18,0.5756807045081084
33764.44,ROW-mean-ED,397,9669,654571,0,nrmsd_norm,19,0.5864835856299087
33764.44,ROW-mean-ED,397,53,654571,0,nrmsd_norm,20,0.5814830618130513
33764.44,ROW-mean-ED,397,53,654571,0,nrmsd_norm,22,0.5921408448539646
33764.44,ROW-mean-ED,397,7320,654571,0,nrmsd_norm,24,0.5791935065807524
33764.44,ROW-mean-ED,397,7319,654571,0,nrmsd_norm,26,0.5766950879032553
33764.44,ROW-mean-ED,397,9669,654571,0,nrmsd_norm,28,0.5653597842389287
33764.44,ROW-mean-ED,397,9669,654571,0,nrmsd_norm,30,0.5714884096717215
33764.44,ROW-mean-ED,397,9669,654571,0,nrmsd_norm,32,0.5738996271673956
33764.44,ROW-mean-ED,397,9669,654571,0,nrmsd_norm,34,0.576121790761878
33764.44,ROW-mean-ED,397,9669,654571,0,nrmsd_norm,36,0.5779564306964996
33764.44,ROW-mean-ED,397,9669,654571,0,nrmsd_norm,38,0.5795419082701195
33764.44,ROW-mean-ED,397,7321,654571,0,nrmsd_norm,40,0.5690279864588729
33764.44,ROW-mean-ED,397,7321,654571,0,nrmsd_norm,42,0.5743717524642461
33764.44,ROW-mean-ED,397,7321,654571,0,nrmsd_norm,44,0.5736266255966425
33764.44,ROW-mean-ED,397,2924,654571,0,nrmsd_norm,46,0.5658378669186723
33764.44,ROW-mean-ED,397,2924,654571,0,nrmsd_norm,48,0.5675870079481458
33764.44,ROW-mean-ED,397,11482,654571,0,nrmsd_norm,50,0.5677418717342547
33764.44,ROW-mean-ED,397,7322,654571,0,nrmsd_norm,55,0.5707758496840223
33764.44,ROW-mean-ED,397,7446,654571,0,nrmsd_norm,60,0.564450974464181
33764.44,ROW-mean-ED,397,7446,654571,0,nrmsd_norm,65,0.5672057404984236
33764.44,ROW-mean-ED,397,7446,654571,0,nrmsd_norm,70,0.5690157016918665
33764.44,ROW-mean-ED,397,2924,654571,0,nrmsd_norm,75,0.5676571778779174
33764.44,ROW-mean-ED,397,7297,654571,0,nrmsd_norm,80,0.5618514654491655
33764.44,ROW-mean-ED,397,9669,654571,0,nrmsd_norm,85,0.5606978942540939
33764.44,ROW-mean-ED,397,9669,654571,0,nrmsd_norm,90,0.5656894208929482
33764.44,ROW-mean-ED,397,9669,654571,0,nrmsd_norm,95,0.5675986264071786
33764.44,ROW-mean-ED,397,9669,654571,0,nrmsd_norm,100,0.5631606341053723
33764.44,ROW-mean-ED,397,8494,438878,0,nrmsd_norm,5,0.6819395216160663
33764.44,ROW-mean-ED,397,6572,438878,0,nrmsd_norm,6,0.6395730000063458
33764.44,ROW-mean-ED,397,6572,438878,0,nrmsd_norm,7,0.626372387878931
33764.44,ROW-mean-ED,397,6572,438878,0,nrmsd_norm,8,0.5973209505168937
33764.44,ROW-mean-ED,397,6572,438878,0,nrmsd_norm,9,0.613577642297098
33764.44,ROW-mean-ED,397,6572,438878,0,nrmsd_norm,10,0.5923848489773373
33764.44,ROW-mean-ED,397,6572,438878,0,nrmsd_norm,11,0.6027985938545165
33764.44,ROW-mean-ED,397,8479,438878,0,nrmsd_norm,12,0.5737103111311993
33764.44,ROW-mean-ED,397,2702,438878,0,nrmsd_norm,13,0.594807177066453
33764.44,ROW-mean-ED,397,2702,438878,0,nrmsd_norm,14,0.5946707940301019
33764.44,ROW-mean-ED,397,2702,438878,0,nrmsd_norm,15,0.5803455391355092
33764.44,ROW-mean-ED,397,2702,438878,0,nrmsd_norm,16,0.5774990558368953
33764.44,ROW-mean-ED,397,2702,438878,0,nrmsd_norm,17,0.5786408180817124
33764.44,ROW-mean-ED,397,1416,438878,0,nrmsd_norm,18,0.563614273392538
33764.44,ROW-mean-ED,397,1416,438878,0,nrmsd_norm,19,0.5741711991931174
33764.44,ROW-mean-ED,397,1416,438878,0,nrmsd_norm,20,0.5712301055913444
33764.44,ROW-mean-ED,397,1416,438878,0,nrmsd_norm,22,0.5795424408467542
33764.44,ROW-mean-ED,397,1416,438878,0,nrmsd_norm,24,0.5704382014176781
33764.44,ROW-mean-ED,397,397,438878,0,nrmsd_norm,26,0.5659474140308206
33764.44,ROW-mean-ED,397,6953,438878,0,nrmsd_norm,28,0.5516892406924835
33764.44,ROW-mean-ED,397,6953,438878,0,nrmsd_norm,30,0.5587588970082515
33764.44,ROW-mean-ED,397,6953,438878,0,nrmsd_norm,32,0.5628517700630088
33764.44,ROW-mean-ED,397,6953,438878,0,nrmsd_norm,34,0.5658682005579566
33764.44,ROW-mean-ED,397,1416,438878,0,nrmsd_norm,36,0.5699086902399423
33764.44,ROW-mean-ED,397,1416,438878,0,nrmsd_norm,38,0.5703754413050419
33764.44,ROW-mean-ED,397,397,438878,0,nrmsd_norm,40,0.5609597778571807
33764.44,ROW-mean-ED,397,397,438878,0,nrmsd_norm,42,0.5679895512913613
33764.44,ROW-mean-ED,397,397,438878,0,nrmsd_norm,44,0.5688272213306638
33764.44,ROW-mean-ED,397,7308,438878,0,nrmsd_norm,46,0.5622733273816409
33764.44,ROW-mean-ED,397,7308,438878,0,nrmsd_norm,48,0.5668149160567814
33764.44,ROW-mean-ED,397,7308,438878,0,nrmsd_norm,50,0.5658465378733227
33764.44,ROW-mean-ED,397,7308,438878,0,nrmsd_norm,55,0.5666845580730415
33764.44,ROW-mean-ED,397,7308,438878,0,nrmsd_norm,60,0.5603413867930415
33764.44,ROW-mean-ED,397,7308,438878,0,nrmsd_norm,65,0.5613123562101201
33764.44,ROW-mean-ED,397,7308,438878,0,nrmsd_norm,70,0.5650393429487517
33764.44,ROW-mean-ED,397,7308,438878,0,nrmsd_norm,75,0.5620759050724451
33764.44,ROW-mean-ED,397,7309,438878,0,nrmsd_norm,80,0.5580664896401514
33764.44,ROW-mean-ED,397,7309,438878,0,nrmsd_norm,85,0.5578434042108029
33764.44,ROW-mean-ED,397,7139,438878,0,nrmsd_norm,90,0.5633360326288847
33764.44,ROW-mean-ED,397,7308,438878,0,nrmsd_norm,95,0.5616506190563559
33764.44,ROW-mean-ED,397,7308,438878,0,nrmsd_norm,100,0.5570520697844981
33764.44,ROW-mean-ED,397,482,433015,0,nrmsd_norm,5,0.6775722351877597
33764.44,ROW-mean-ED,397,5919,433015,0,nrmsd_norm,6,0.6210500837014123
33764.44,ROW-mean-ED,397,5919,433015,0,nrmsd_norm,7,0.6098654176980961
33764.44,ROW-mean-ED,397,5880,433015,0,nrmsd_norm,8,0.6116533261818422
33764.44,ROW-mean-ED,397,5880,433015,0,nrmsd_norm,9,0.6241879136466952
33764.44,ROW-mean-ED,397,5880,433015,0,nrmsd_norm,10,0.6165296908630926
33764.44,ROW-mean-ED,397,990,433015,0,nrmsd_norm,11,0.627350153318005
33764.44,ROW-mean-ED,397,990,433015,0,nrmsd_norm,12,0.5871187000497062
33764.44,ROW-mean-ED,397,4538,433015,0,nrmsd_norm,13,0.6023021614592832
33764.44,ROW-mean-ED,397,4538,433015,0,nrmsd_norm,14,0.6055588204655903
33764.44,ROW-mean-ED,397,4538,433015,0,nrmsd_norm,15,0.5902748973233016
33764.44,ROW-mean-ED,397,6953,433015,0,nrmsd_norm,16,0.5815468685138161
33764.44,ROW-mean-ED,397,6954,433015,0,nrmsd_norm,17,0.5878949370196949
33764.44,ROW-mean-ED,397,6954,433015,0,nrmsd_norm,18,0.5721632912280831
33764.44,ROW-mean-ED,397,6954,433015,0,nrmsd_norm,19,0.5823928141939554
33764.44,ROW-mean-ED,397,6954,433015,0,nrmsd_norm,20,0.5791202412263008
33764.44,ROW-mean-ED,397,6954,433015,0,nrmsd_norm,22,0.5886477499580777
33764.44,ROW-mean-ED,397,7145,433015,0,nrmsd_norm,24,0.5756831773522852
33764.44,ROW-mean-ED,397,7140,433015,0,nrmsd_norm,26,0.5724139595339701
33764.44,ROW-mean-ED,397,7140,433015,0,nrmsd_norm,28,0.5634698553441558
33764.44,ROW-mean-ED,397,7139,433015,0,nrmsd_norm,30,0.5683847402484993
33764.44,ROW-mean-ED,397,7139,433015,0,nrmsd_norm,32,0.5694772775796988
33764.44,ROW-mean-ED,397,7139,433015,0,nrmsd_norm,34,0.5734004160000992
33764.44,ROW-mean-ED,397,7139,433015,0,nrmsd_norm,36,0.5753754186956813
33764.44,ROW-mean-ED,397,7139,433015,0,nrmsd_norm,38,0.579484341626775
33764.44,ROW-mean-ED,397,7139,433015,0,nrmsd_norm,40,0.5644342139165986
33764.44,ROW-mean-ED,397,7139,433015,0,nrmsd_norm,42,0.5693518902730844
33764.44,ROW-mean-ED,397,7139,433015,0,nrmsd_norm,44,0.5698880066166817
33764.44,ROW-mean-ED,397,7139,433015,0,nrmsd_norm,46,0.5587120401284792
33764.44,ROW-mean-ED,397,539,433015,0,nrmsd_norm,48,0.5618231516684818
33764.44,ROW-mean-ED,397,7139,433015,0,nrmsd_norm,50,0.561325754456515
33764.44,ROW-mean-ED,397,539,433015,0,nrmsd_norm,55,0.5645438482679489
33764.44,ROW-mean-ED,397,6954,433015,0,nrmsd_norm,60,0.5617111003580831
33764.44,ROW-mean-ED,397,7139,433015,0,nrmsd_norm,65,0.5621503210900024
33764.44,ROW-mean-ED,397,7139,433015,0,nrmsd_norm,70,0.5641733501471896
33764.44,ROW-mean-ED,397,7139,433015,0,nrmsd_norm,75,0.5619375919493589
33764.44,ROW-mean-ED,397,7139,433015,0,nrmsd_norm,80,0.5572310948423523
33764.44,ROW-mean-ED,397,7139,433015,0,nrmsd_norm,85,0.5579811561107118
33764.44,ROW-mean-ED,397,7139,433015,0,nrmsd_norm,90,0.563980295260481
33764.44,ROW-mean-ED,397,7139,433015,0,nrmsd_norm,95,0.5651170985867471
33764.44,ROW-mean-ED,397,7139,433015,0,nrmsd_norm,100,0.5603649091019953
33764.44,ROW-mean-ED,397,11581,858597,0,nrmsd_norm,5,0.6854350630878445
33764.44,ROW-mean-ED,397,11581,858597,0,nrmsd_norm,6,0.6420501399975549
33764.44,ROW-mean-ED,397,2702,858597,0,nrmsd_norm,7,0.6328858298975105
33764.44,ROW-mean-ED,397,2702,858597,0,nrmsd_norm,8,0.6094207873717966
33764.44,ROW-mean-ED,397,2702,858597,0,nrmsd_norm,9,0.6258673225361726
33764.44,ROW-mean-ED,397,2702,858597,0,nrmsd_norm,10,0.6094272145213682
33764.44,ROW-mean-ED,397,2702,858597,0,nrmsd_norm,11,0.6144252671852818
33764.44,ROW-mean-ED,397,2702,858597,0,nrmsd_norm,12,0.5710269310115672
33764.44,ROW-mean-ED,397,2702,858597,0,nrmsd_norm,13,0.5913174349387914
33764.44,ROW-mean-ED,397,2702,858597,0,nrmsd_norm,14,0.5949611485071156
33764.44,ROW-mean-ED,397,8494,858597,0,nrmsd_norm,15,0.5822854442250835
33764.44,ROW-mean-ED,397,2702,858597,0,nrmsd_norm,16,0.5765831749068793
33764.44,ROW-mean-ED,397,2702,858597,0,nrmsd_norm,17,0.5804241015686294
33764.44,ROW-mean-ED,397,633,858597,0,nrmsd_norm,18,0.5683125407891467
33764.44,ROW-mean-ED,397,633,858597,0,nrmsd_norm,19,0.5788283875758973
33764.44,ROW-mean-ED,397,633,858597,0,nrmsd_norm,20,0.5729759645694028
33764.44,ROW-mean-ED,397,633,858597,0,nrmsd_norm,22,0.5825523625322843
33764.44,ROW-mean-ED,397,3852,858597,0,nrmsd_norm,24,0.5739852043583787
33764.44,ROW-mean-ED,397,7309,858597,0,nrmsd_norm,26,0.5732344947999538
33764.44,ROW-mean-ED,397,7310,858597,0,nrmsd_norm,28,0.5629972156434756
33764.44,ROW-mean-ED,397,7310,858597,0,nrmsd_norm,30,0.5701131153956537
33764.44,ROW-mean-ED,397,7140,858597,0,nrmsd_norm,32,0.5744022340906803
33764.44,ROW-mean-ED,397,7140,858597,0,nrmsd_norm,34,0.578953217513239
33764.44,ROW-mean-ED,397,7140,858597,0,nrmsd_norm,36,0.5805999409267754
33764.44,ROW-mean-ED,397,7140,858597,0,nrmsd_norm,38,0.5836958514453998
33764.44,ROW-mean-ED,397,7140,858597,0,nrmsd_norm,40,0.570511429580097
33764.44,ROW-mean-ED,397,539,858597,0,nrmsd_norm,42,0.5750737715268907
33764.44,ROW-mean-ED,397,539,858597,0,nrmsd_norm,44,0.5750344627715519
33764.44,ROW-mean-ED,397,539,858597,0,nrmsd_norm,46,0.5648732899902691
33764.44,ROW-mean-ED,397,7140,858597,0,nrmsd_norm,48,0.5678342671235904
33764.44,ROW-mean-ED,397,7140,858597,0,nrmsd_norm,50,0.5675782754204848
33764.44,ROW-mean-ED,397,7147,858597,0,nrmsd_norm,55,0.5688946885914996
33764.44,ROW-mean-ED,397,7147,858597,0,nrmsd_norm,60,0.5670087788673449
33764.44,ROW-mean-ED,397,7147,858597,0,nrmsd_norm,65,0.5640939027762205
33764.44,ROW-mean-ED,397,7147,858597,0,nrmsd_norm,70,0.5652833992786576
33764.44,ROW-mean-ED,397,7140,858597,0,nrmsd_norm,75,0.5653324444638763
33764.44,ROW-mean-ED,397,7140,858597,0,nrmsd_norm,80,0.5598345781972742
33764.44,ROW-mean-ED,397,539,858597,0,nrmsd_norm,85,0.5594297048324698
33764.44,ROW-mean-ED,397,539,858597,0,nrmsd_norm,90,0.5643801869395421
33764.44,ROW-mean-ED,397,539,858597,0,nrmsd_norm,95,0.5651756649833126
33764.44,ROW-mean-ED,397,7310,858597,0,nrmsd_norm,100,0.5621918768058942
33764.44,ROW-mean-ED,397,235,85945,0,nrmsd_norm,5,0.6691453267368253
33764.44,ROW-mean-ED,397,4225,85945,0,nrmsd_norm,6,0.6294016474317866
33764.44,ROW-mean-ED,397,655,85945,0,nrmsd_norm,7,0.6042303679482314
33764.44,ROW-mean-ED,397,655,85945,0,nrmsd_norm,8,0.6169607784936355
33764.44,ROW-mean-ED,397,655,85945,0,nrmsd_norm,9,0.6354463686304146
33764.44,ROW-mean-ED,397,655,85945,0,nrmsd_norm,10,0.6312849889092769
33764.44,ROW-mean-ED,397,11519,85945,0,nrmsd_norm,11,0.642522118318615
33764.44,ROW-mean-ED,397,6825,85945,0,nrmsd_norm,12,0.6103353220833615
33764.44,ROW-mean-ED,397,6825,85945,0,nrmsd_norm,13,0.6169454396311362
33764.44,ROW-mean-ED,397,6444,85945,0,nrmsd_norm,14,0.6104028313256356
33764.44,ROW-mean-ED,397,6444,85945,0,nrmsd_norm,15,0.5945593034643247
33764.44,ROW-mean-ED,397,11007,85945,0,nrmsd_norm,16,0.5834485284420072
33764.44,ROW-mean-ED,397,6493,85945,0,nrmsd_norm,17,0.5900756738240799
33764.44,ROW-mean-ED,397,2105,85945,0,nrmsd_norm,18,0.5630397638464406
33764.44,ROW-mean-ED,397,2105,85945,0,nrmsd_norm,19,0.5753522420914503
33764.44,ROW-mean-ED,397,2105,85945,0,nrmsd_norm,20,0.574235336702818
33764.44,ROW-mean-ED,397,2105,85945,0,nrmsd_norm,22,0.5822842530698165
33764.44,ROW-mean-ED,397,2105,85945,0,nrmsd_norm,24,0.5739852529091721
33764.44,ROW-mean-ED,397,2105,85945,0,nrmsd_norm,26,0.5718520744602357
33764.44,ROW-mean-ED,397,11715,85945,0,nrmsd_norm,28,0.5590995475518593
33764.44,ROW-mean-ED,397,11715,85945,0,nrmsd_norm,30,0.5683997110755546
33764.44,ROW-mean-ED,397,11715,85945,0,nrmsd_norm,32,0.5680315030422497
33764.44,ROW-mean-ED,397,7154,85945,0,nrmsd_norm,34,0.5706103502567014
33764.44,ROW-mean-ED,397,7154,85945,0,nrmsd_norm,36,0.5751422796369337
33764.44,ROW-mean-ED,397,7154,85945,0,nrmsd_norm,38,0.5788772496920466
33764.44,ROW-mean-ED,397,630,85945,0,nrmsd_norm,40,0.5692291243942375
33764.44,ROW-mean-ED,397,3103,85945,0,nrmsd_norm,42,0.5722400788492874
33764.44,ROW-mean-ED,397,630,85945,0,nrmsd_norm,44,0.5733741861570727
33764.44,ROW-mean-ED,397,6472,85945,0,nrmsd_norm,46,0.56301554340887
33764.44,ROW-mean-ED,397,630,85945,0,nrmsd_norm,48,0.5651067119120232
33764.44,ROW-mean-ED,397,630,85945,0,nrmsd_norm,50,0.5648722100284387
33764.44,ROW-mean-ED,397,630,85945,0,nrmsd_norm,55,0.566802090195847
33764.44,ROW-mean-ED,397,630,85945,0,nrmsd_norm,60,0.5660918641814332
33764.44,ROW-mean-ED,397,6493,85945,0,nrmsd_norm,65,0.5665006301969717
33764.44,ROW-mean-ED,397,6493,85945,0,nrmsd_norm,70,0.569186961203255
33764.44,ROW-mean-ED,397,630,85945,0,nrmsd_norm,75,0.5685648227284382
33764.44,ROW-mean-ED,397,630,85945,0,nrmsd_norm,80,0.5647621541472022
33764.44,ROW-mean-ED,397,10355,85945,0,nrmsd_norm,85,0.5638570452522295
33764.44,ROW-mean-ED,397,7154,85945,0,nrmsd_norm,90,0.5691158393501261
33764.44,ROW-mean-ED,397,10355,85945,0,nrmsd_norm,95,0.5695282143538668
33764.44,ROW-mean-ED,397,7154,85945,0,nrmsd_norm,100,0.56519780982179
33764.44,ROW-mean-ED,397,482,697368,0,nrmsd_norm,5,0.6804415046380898
33764.44,ROW-mean-ED,397,7491,697368,0,nrmsd_norm,6,0.6340918636946887
33764.44,ROW-mean-ED,397,11291,697368,0,nrmsd_norm,7,0.6105505414202739
33764.44,ROW-mean-ED,397,11291,697368,0,nrmsd_norm,8,0.5886214302354735
33764.44,ROW-mean-ED,397,11291,697368,0,nrmsd_norm,9,0.6043640391109617
33764.44,ROW-mean-ED,397,6625,697368,0,nrmsd_norm,10,0.5951486020294601
33764.44,ROW-mean-ED,397,6625,697368,0,nrmsd_norm,11,0.6041365462653171
33764.44,ROW-mean-ED,397,11581,697368,0,nrmsd_norm,12,0.5792653943791262
33764.44,ROW-mean-ED,397,11581,697368,0,nrmsd_norm,13,0.5975406803834951
33764.44,ROW-mean-ED,397,11581,697368,0,nrmsd_norm,14,0.6010356985898818
33764.44,ROW-mean-ED,397,11581,697368,0,nrmsd_norm,15,0.5915401910494867
33764.44,ROW-mean-ED,397,10914,697368,0,nrmsd_norm,16,0.5790900862898158
33764.44,ROW-mean-ED,397,10914,697368,0,nrmsd_norm,17,0.5858929080643801
33764.44,ROW-mean-ED,397,6493,697368,0,nrmsd_norm,18,0.5769931658554228
33764.44,ROW-mean-ED,397,6493,697368,0,nrmsd_norm,19,0.5863266947863778
33764.44,ROW-mean-ED,397,2105,697368,0,nrmsd_norm,20,0.5806051638161782
33764.44,ROW-mean-ED,397,2105,697368,0,nrmsd_norm,22,0.5886723545871358
33764.44,ROW-mean-ED,397,2105,697368,0,nrmsd_norm,24,0.576692663586511
33764.44,ROW-mean-ED,397,2105,697368,0,nrmsd_norm,26,0.5719834737597209
33764.44,ROW-mean-ED,397,2105,697368,0,nrmsd_norm,28,0.5633076091280261
33764.44,ROW-mean-ED,397,2105,697368,0,nrmsd_norm,30,0.5682876781454528
33764.44,ROW-mean-ED,397,1416,697368,0,nrmsd_norm,32,0.567385776885473
33764.44,ROW-mean-ED,397,1416,697368,0,nrmsd_norm,34,0.5705560038240907
33764.44,ROW-mean-ED,397,1416,697368,0,nrmsd_norm,36,0.5716802935317844
33764.44,ROW-mean-ED,397,1416,697368,0,nrmsd_norm,38,0.5720764191921367
33764.44,ROW-mean-ED,397,1416,697368,0,nrmsd_norm,40,0.5540408040765118
33764.44,ROW-mean-ED,397,1416,697368,0,nrmsd_norm,42,0.5610194086661909
33764.44,ROW-mean-ED,397,1416,697368,0,nrmsd_norm,44,0.5611260107841584
33764.44,ROW-mean-ED,397,1416,697368,0,nrmsd_norm,46,0.5515782692721366
33764.44,ROW-mean-ED,397,1416,697368,0,nrmsd_norm,48,0.5554636733849151
33764.44,ROW-mean-ED,397,1416,697368,0,nrmsd_norm,50,0.5561520982789323
33764.44,ROW-mean-ED,397,9979,697368,0,nrmsd_norm,55,0.5569551425937168
33764.44,ROW-mean-ED,397,2105,697368,0,nrmsd_norm,60,0.5563650371001737
33764.44,ROW-mean-ED,397,1416,697368,0,nrmsd_norm,65,0.5567865642328259
33764.44,ROW-mean-ED,397,1416,697368,0,nrmsd_norm,70,0.5595593319498346
33764.44,ROW-mean-ED,397,1416,697368,0,nrmsd_norm,75,0.5574605512502785
33764.44,ROW-mean-ED,397,397,697368,0,nrmsd_norm,80,0.5555481878620167
33764.44,ROW-mean-ED,397,397,697368,0,nrmsd_norm,85,0.5558578512220932
33764.44,ROW-mean-ED,397,1416,697368,0,nrmsd_norm,90,0.5607684557678599
33764.44,ROW-mean-ED,397,1416,697368,0,nrmsd_norm,95,0.5620055685423608
33764.44,ROW-mean-ED,397,9967,697368,0,nrmsd_norm,100,0.5575949938020394
33764.44,ROW-mean-ED,397,8499,201469,0,nrmsd_norm,5,0.684479962115169
33764.44,ROW-mean-ED,397,9183,201469,0,nrmsd_norm,6,0.6331753267270847
33764.44,ROW-mean-ED,397,7491,201469,0,nrmsd_norm,7,0.6248029775138703
33764.44,ROW-mean-ED,397,6572,201469,0,nrmsd_norm,8,0.5966859808526038
33764.44,ROW-mean-ED,397,6572,201469,0,nrmsd_norm,9,0.6112357924766717
33764.44,ROW-mean-ED,397,7539,201469,0,nrmsd_norm,10,0.5989363343712809
33764.44,ROW-mean-ED,397,7539,201469,0,nrmsd_norm,11,0.606740360235812
33764.44,ROW-mean-ED,397,7308,201469,0,nrmsd_norm,12,0.5777465585993338
33764.44,ROW-mean-ED,397,7308,201469,0,nrmsd_norm,13,0.6012726903879312
33764.44,ROW-mean-ED,397,7308,201469,0,nrmsd_norm,14,0.6039542183317393
33764.44,ROW-mean-ED,397,7308,201469,0,nrmsd_norm,15,0.5947697151299456
33764.44,ROW-mean-ED,397,7297,201469,0,nrmsd_norm,16,0.5921136302099514
33764.44,ROW-mean-ED,397,7297,201469,0,nrmsd_norm,17,0.5911062255752177
33764.44,ROW-mean-ED,397,7297,201469,0,nrmsd_norm,18,0.5806896186121427
33764.44,ROW-mean-ED,397,7297,201469,0,nrmsd_norm,19,0.5893276462398948
33764.44,ROW-mean-ED,397,7297,201469,0,nrmsd_norm,20,0.5819729612093393
33764.44,ROW-mean-ED,397,128,201469,0,nrmsd_norm,22,0.5943448531970646
33764.44,ROW-mean-ED,397,7308,201469,0,nrmsd_norm,24,0.581493559472531
33764.44,ROW-mean-ED,397,7297,201469,0,nrmsd_norm,26,0.5741492140244618
33764.44,ROW-mean-ED,397,7308,201469,0,nrmsd_norm,28,0.5660397975956125
33764.44,ROW-mean-ED,397,7308,201469,0,nrmsd_norm,30,0.5688539766060364
33764.44,ROW-mean-ED,397,7308,201469,0,nrmsd_norm,32,0.5732692699316329
33764.44,ROW-mean-ED,397,7297,201469,0,nrmsd_norm,34,0.576976398792436
33764.44,ROW-mean-ED,397,7297,201469,0,nrmsd_norm,36,0.5778102594251965
33764.44,ROW-mean-ED,397,7297,201469,0,nrmsd_norm,38,0.5793766531213029
33764.44,ROW-mean-ED,397,7297,201469,0,nrmsd_norm,40,0.5630312680370727
33764.44,ROW-mean-ED,397,7308,201469,0,nrmsd_norm,42,0.5709594745853841
33764.44,ROW-mean-ED,397,7308,201469,0,nrmsd_norm,44,0.5703179659750114
33764.44,ROW-mean-ED,397,7308,201469,0,nrmsd_norm,46,0.5602665852751898
33764.44,ROW-mean-ED,397,7308,201469,0,nrmsd_norm,48,0.5645070999473568
33764.44,ROW-mean-ED,397,7308,201469,0,nrmsd_norm,50,0.5632023888293578
33764.44,ROW-mean-ED,397,7308,201469,0,nrmsd_norm,55,0.5661465719289149
33764.44,ROW-mean-ED,397,7308,201469,0,nrmsd_norm,60,0.5642261828033354
33764.44,ROW-mean-ED,397,7308,201469,0,nrmsd_norm,65,0.5654070622121178
33764.44,ROW-mean-ED,397,7308,201469,0,nrmsd_norm,70,0.5669773961313296
33764.44,ROW-mean-ED,397,7309,201469,0,nrmsd_norm,75,0.5642332579962366
33764.44,ROW-mean-ED,397,7139,201469,0,nrmsd_norm,80,0.5584593216049328
33764.44,ROW-mean-ED,397,397,201469,0,nrmsd_norm,85,0.5583649908927533
33764.44,ROW-mean-ED,397,7139,201469,0,nrmsd_norm,90,0.5639967537629016
33764.44,ROW-mean-ED,397,7139,201469,0,nrmsd_norm,95,0.5641183782817514
33764.44,ROW-mean-ED,397,7139,201469,0,nrmsd_norm,100,0.5592008172502644
33764.44,ROW-mean-ED,397,2646,94177,0,nrmsd_norm,5,0.6735975343675485
33764.44,ROW-mean-ED,397,2646,94177,0,nrmsd_norm,6,0.6356937968523296
33764.44,ROW-mean-ED,397,1416,94177,0,nrmsd_norm,7,0.612877443615658
33764.44,ROW-mean-ED,397,397,94177,0,nrmsd_norm,8,0.6021229794431072
33764.44,ROW-mean-ED,397,397,94177,0,nrmsd_norm,9,0.6204629146589581
33764.44,ROW-mean-ED,397,1416,94177,0,nrmsd_norm,10,0.608871633599281
33764.44,ROW-mean-ED,397,1416,94177,0,nrmsd_norm,11,0.6177573782669479
33764.44,ROW-mean-ED,397,9967,94177,0,nrmsd_norm,12,0.5870465172978727
33764.44,ROW-mean-ED,397,9967,94177,0,nrmsd_norm,13,0.6032377527487738
33764.44,ROW-mean-ED,397,9967,94177,0,nrmsd_norm,14,0.5978179712313427
33764.44,ROW-mean-ED,397,9967,94177,0,nrmsd_norm,15,0.58364052102086
33764.44,ROW-mean-ED,397,9967,94177,0,nrmsd_norm,16,0.5799608605885431
33764.44,ROW-mean-ED,397,9967,94177,0,nrmsd_norm,17,0.5847928155587784
33764.44,ROW-mean-ED,397,7297,94177,0,nrmsd_norm,18,0.5736432758568346
33764.44,ROW-mean-ED,397,7297,94177,0,nrmsd_norm,19,0.5843197574814847
33764.44,ROW-mean-ED,397,7297,94177,0,nrmsd_norm,20,0.5803561214000998
33764.44,ROW-mean-ED,397,7308,94177,0,nrmsd_norm,22,0.590226275141884
33764.44,ROW-mean-ED,397,7297,94177,0,nrmsd_norm,24,0.5804246008753845
33764.44,ROW-mean-ED,397,2049,94177,0,nrmsd_norm,26,0.5777586524259741
33764.44,ROW-mean-ED,397,7308,94177,0,nrmsd_norm,28,0.56604181227563
33764.44,ROW-mean-ED,397,7308,94177,0,nrmsd_norm,30,0.5708795804845234
33764.44,ROW-mean-ED,397,7308,94177,0,nrmsd_norm,32,0.5732230225937978
33764.44,ROW-mean-ED,397,7297,94177,0,nrmsd_norm,34,0.574615942077689
33764.44,ROW-mean-ED,397,7297,94177,0,nrmsd_norm,36,0.5778003041351386
33764.44,ROW-mean-ED,397,7297,94177,0,nrmsd_norm,38,0.5793868614974099
33764.44,ROW-mean-ED,397,2924,94177,0,nrmsd_norm,40,0.5703630940934447
33764.44,ROW-mean-ED,397,2924,94177,0,nrmsd_norm,42,0.5772295184313553
33764.44,ROW-mean-ED,397,2924,94177,0,nrmsd_norm,44,0.5766836699804092
33764.44,ROW-mean-ED,397,7321,94177,0,nrmsd_norm,46,0.5673333219887954
33764.44,ROW-mean-ED,397,7321,94177,0,nrmsd_norm,48,0.5704153346144557
33764.44,ROW-mean-ED,397,128,94177,0,nrmsd_norm,50,0.5678749026931059
33764.44,ROW-mean-ED,397,128,94177,0,nrmsd_norm,55,0.5701994040806697
33764.44,ROW-mean-ED,397,128,94177,0,nrmsd_norm,60,0.5676599009388968
33764.44,ROW-mean-ED,397,7308,94177,0,nrmsd_norm,65,0.5653921048207491
33764.44,ROW-mean-ED,397,7308,94177,0,nrmsd_norm,70,0.5675531363348225
33764.44,ROW-mean-ED,397,7308,94177,0,nrmsd_norm,75,0.5652301038164824
33764.44,ROW-mean-ED,397,7308,94177,0,nrmsd_norm,80,0.5616389557675137
33764.44,ROW-mean-ED,397,7308,94177,0,nrmsd_norm,85,0.5612495458055617
33764.44,ROW-mean-ED,397,7308,94177,0,nrmsd_norm,90,0.5668665800896765
33764.44,ROW-mean-ED,397,7308,94177,0,nrmsd_norm,95,0.5667747674323886
33764.44,ROW-mean-ED,397,7308,94177,0,nrmsd_norm,100,0.5620723599249865
33764.44,ROW-min-ED(FPS),397,8486,89250,0,nrmsd_norm,5,0.687503998302835
33764.44,ROW-min-ED(FPS),397,8770,89250,0,nrmsd_norm,6,0.6549729844383854
33764.44,ROW-min-ED(FPS),397,6997,89250,0,nrmsd_norm,7,0.6276720947614055
33764.44,ROW-min-ED(FPS),397,9105,89250,0,nrmsd_norm,8,0.5467721062378947
33764.44,ROW-min-ED(FPS),397,9105,89250,0,nrmsd_norm,9,0.526539084723536
33764.44,ROW-min-ED(FPS),397,7310,89250,0,nrmsd_norm,10,0.506346675751792
33764.44,ROW-min-ED(FPS),397,7310,89250,0,nrmsd_norm,11,0.5121706293326117
33764.44,ROW-min-ED(FPS),397,7310,89250,0,nrmsd_norm,12,0.5124725129724674
33764.44,ROW-min-ED(FPS),397,7310,89250,0,nrmsd_norm,13,0.49044921111835005
33764.44,ROW-min-ED(FPS),397,7320,89250,0,nrmsd_norm,14,0.48151027350605163
33764.44,ROW-min-ED(FPS),397,53,89250,0,nrmsd_norm,15,0.4698476083345792
33764.44,ROW-min-ED(FPS),397,53,89250,0,nrmsd_norm,16,0.4619611065306734
33764.44,ROW-min-ED(FPS),397,53,89250,0,nrmsd_norm,17,0.4404751489142647
33764.44,ROW-min-ED(FPS),397,53,89250,0,nrmsd_norm,18,0.436938712482438
33764.44,ROW-min-ED(FPS),397,7320,89250,0,nrmsd_norm,19,0.4311495105661706
33764.44,ROW-min-ED(FPS),397,7320,89250,0,nrmsd_norm,20,0.4197444688344069
33764.44,ROW-min-ED(FPS),397,7320,89250,0,nrmsd_norm,22,0.4225586331073858
33764.44,ROW-min-ED(FPS),397,53,89250,0,nrmsd_norm,24,0.4004385183036512
33764.44,ROW-min-ED(FPS),397,7321,89250,0,nrmsd_norm,26,0.41036739035486086
33764.44,ROW-min-ED(FPS),397,7321,89250,0,nrmsd_norm,28,0.4096857207426311
33764.44,ROW-min-ED(FPS),397,7321,89250,0,nrmsd_norm,30,0.39595817191744104
33764.44,ROW-min-ED(FPS),397,7321,89250,0,nrmsd_norm,32,0.39560375271123677
33764.44,ROW-min-ED(FPS),397,9669,89250,0,nrmsd_norm,34,0.3830306395155926
33764.44,ROW-min-ED(FPS),397,7321,89250,0,nrmsd_norm,36,0.38202375216838186
33764.44,ROW-min-ED(FPS),397,7321,89250,0,nrmsd_norm,38,0.3853591738745507
33764.44,ROW-min-ED(FPS),397,7321,89250,0,nrmsd_norm,40,0.37749286793041037
33764.44,ROW-min-ED(FPS),397,7321,89250,0,nrmsd_norm,42,0.37993228129237083
33764.44,ROW-min-ED(FPS),397,7321,89250,0,nrmsd_norm,44,0.37436124240263696
33764.44,ROW-min-ED(FPS),397,9669,89250,0,nrmsd_norm,46,0.3663165675176158
33764.44,ROW-min-ED(FPS),397,9669,89250,0,nrmsd_norm,48,0.368301448171655
33764.44,ROW-min-ED(FPS),397,2049,89250,0,nrmsd_norm,50,0.3700255447157385
33764.44,ROW-min-ED(FPS),397,2049,89250,0,nrmsd_norm,55,0.3540754666189341
33764.44,ROW-min-ED(FPS),397,10355,89250,0,nrmsd_norm,60,0.3466812746582132
33764.44,ROW-min-ED(FPS),397,10355,89250,0,nrmsd_norm,65,0.34245832237256385
33764.44,ROW-min-ED(FPS),397,10355,89250,0,nrmsd_norm,70,0.3363478579791503
33764.44,ROW-min-ED(FPS),397,10355,89250,0,nrmsd_norm,75,0.3379824330767416
33764.44,ROW-min-ED(FPS),397,10355,89250,0,nrmsd_norm,80,0.3363327175471076
33764.44,ROW-min-ED(FPS),397,397,89250,0,nrmsd_norm,85,0.33963939788959663
33764.44,ROW-min-ED(FPS),397,397,89250,0,nrmsd_norm,90,0.3334273448234755
33764.44,ROW-min-ED(FPS),397,7154,89250,0,nrmsd_norm,95,0.33032506211950435
33764.44,ROW-min-ED(FPS),397,7154,89250,0,nrmsd_norm,100,0.34424895431425057
33764.44,ROW-min-ED(FPS),397,8498,773956,0,nrmsd_norm,5,0.6787587976842316
33764.44,ROW-min-ED(FPS),397,397,773956,0,nrmsd_norm,6,0.6188653362517837
33764.44,ROW-min-ED(FPS),397,397,773956,0,nrmsd_norm,7,0.574159654438766
33764.44,ROW-min-ED(FPS),397,397,773956,0,nrmsd_norm,8,0.5303409833301391
33764.44,ROW-min-ED(FPS),397,7154,773956,0,nrmsd_norm,9,0.5038590686277744
33764.44,ROW-min-ED(FPS),397,7154,773956,0,nrmsd_norm,10,0.47511064405789055
33764.44,ROW-min-ED(FPS),397,7154,773956,0,nrmsd_norm,11,0.4803924419483828
33764.44,ROW-min-ED(FPS),397,7154,773956,0,nrmsd_norm,12,0.4778344701011921
33764.44,ROW-min-ED(FPS),397,7154,773956,0,nrmsd_norm,13,0.48263994529247445
33764.44,ROW-min-ED(FPS),397,7154,773956,0,nrmsd_norm,14,0.47040126694952444
33764.44,ROW-min-ED(FPS),397,10355,773956,0,nrmsd_norm,15,0.45605846533355815
33764.44,ROW-min-ED(FPS),397,10355,773956,0,nrmsd_norm,16,0.45038714331394336
33764.44,ROW-min-ED(FPS),397,10355,773956,0,nrmsd_norm,17,0.4401486880309086
33764.44,ROW-min-ED(FPS),397,10355,773956,0,nrmsd_norm,18,0.4372788216024304
33764.44,ROW-min-ED(FPS),397,1600,773956,0,nrmsd_norm,19,0.4209976308817577
33764.44,ROW-min-ED(FPS),397,1600,773956,0,nrmsd_norm,20,0.4101116300044345
33764.44,ROW-min-ED(FPS),397,1600,773956,0,nrmsd_norm,22,0.41078938859138614
33764.44,ROW-min-ED(FPS),397,1600,773956,0,nrmsd_norm,24,0.3917752247599556
33764.44,ROW-min-ED(FPS),397,1600,773956,0,nrmsd_norm,26,0.39129813975158434
33764.44,ROW-min-ED(FPS),397,1600,773956,0,nrmsd_norm,28,0.3874792831995613
33764.44,ROW-min-ED(FPS),397,1600,773956,0,nrmsd_norm,30,0.3711186906362598
33764.44,ROW-min-ED(FPS),397,1600,773956,0,nrmsd_norm,32,0.380623445197955
33764.44,ROW-min-ED(FPS),397,1600,773956,0,nrmsd_norm,34,0.37093561158572486
33764.44,ROW-min-ED(FPS),397,1600,773956,0,nrmsd_norm,36,0.3714966971867128
33764.44,ROW-min-ED(FPS),397,1600,773956,0,nrmsd_norm,38,0.3727128502538331
33764.44,ROW-min-ED(FPS),397,9967,773956,0,nrmsd_norm,40,0.36432015936026807
33764.44,ROW-min-ED(FPS),397,9967,773956,0,nrmsd_norm,42,0.36958892726003895
33764.44,ROW-min-ED(FPS),397,9967,773956,0,nrmsd_norm,44,0.3622188929343058
33764.44,ROW-min-ED(FPS),397,9967,773956,0,nrmsd_norm,46,0.3556487613171125
33764.44,ROW-min-ED(FPS),397,9967,773956,0,nrmsd_norm,48,0.3529970832311388
33764.44,ROW-min-ED(FPS),397,9967,773956,0,nrmsd_norm,50,0.35310085427976157
33764.44,ROW-min-ED(FPS),397,9967,773956,0,nrmsd_norm,55,0.33916282687724847
33764.44,ROW-min-ED(FPS),397,9967,773956,0,nrmsd_norm,60,0.3408200861065753
33764.44,ROW-min-ED(FPS),397,11715,773956,0,nrmsd_norm,65,0.3375223223391064
33764.44,ROW-min-ED(FPS),397,397,773956,0,nrmsd_norm,70,0.3326284566003055
33764.44,ROW-min-ED(FPS),397,11715,773956,0,nrmsd_norm,75,0.3332062663697437
33764.44,ROW-min-ED(FPS),397,397,773956,0,nrmsd_norm,80,0.33304762172284624
33764.44,ROW-min-ED(FPS),397,397,773956,0,nrmsd_norm,85,0.3308938998304257
33764.44,ROW-min-ED(FPS),397,397,773956,0,nrmsd_norm,90,0.33061048508555
33764.44,ROW-min-ED(FPS),397,397,773956,0,nrmsd_norm,95,0.3305510514762674
33764.44,ROW-min-ED(FPS),397,9967,773956,0,nrmsd_norm,100,0.34003748634917014
33764.44,ROW-min-ED(FPS),397,6252,654571,0,nrmsd_norm,5,0.6742524697031803
33764.44,ROW-min-ED(FPS),397,7893,654571,0,nrmsd_norm,6,0.6295603779109397
33764.44,ROW-min-ED(FPS),397,6998,654571,0,nrmsd_norm,7,0.5825972479363981
33764.44,ROW-min-ED(FPS),397,6998,654571,0,nrmsd_norm,8,0.5444660798298246
33764.44,ROW-min-ED(FPS),397,6998,654571,0,nrmsd_norm,9,0.5050750705871265
33764.44,ROW-min-ED(FPS),397,7297,654571,0,nrmsd_norm,10,0.4790823260800245
33764.44,ROW-min-ED(FPS),397,7297,654571,0,nrmsd_norm,11,0.4853808789061678
33764.44,ROW-min-ED(FPS),397,7297,654571,0,nrmsd_norm,12,0.48144542415053493
33764.44,ROW-min-ED(FPS),397,9967,654571,0,nrmsd_norm,13,0.47465285416611874
33764.44,ROW-min-ED(FPS),397,397,654571,0,nrmsd_norm,14,0.45652340793954416
33764.44,ROW-min-ED(FPS),397,397,654571,0,nrmsd_norm,15,0.4399685484160842
33764.44,ROW-min-ED(FPS),397,7139,654571,0,nrmsd_norm,16,0.42317048517656103
33764.44,ROW-min-ED(FPS),397,6954,654571,0,nrmsd_norm,17,0.4179151685911216
33764.44,ROW-min-ED(FPS),397,6954,654571,0,nrmsd_norm,18,0.4149532010856394
33764.44,ROW-min-ED(FPS),397,6954,654571,0,nrmsd_norm,19,0.406247800993796
33764.44,ROW-min-ED(FPS),397,6953,654571,0,nrmsd_norm,20,0.3987253318251714
33764.44,ROW-min-ED(FPS),397,7139,654571,0,nrmsd_norm,22,0.40328261526520204
33764.44,ROW-min-ED(FPS),397,7308,654571,0,nrmsd_norm,24,0.3852482961569196
33764.44,ROW-min-ED(FPS),397,7308,654571,0,nrmsd_norm,26,0.38881376345526375
33764.44,ROW-min-ED(FPS),397,7308,654571,0,nrmsd_norm,28,0.3849548532528645
33764.44,ROW-min-ED(FPS),397,397,654571,0,nrmsd_norm,30,0.3691063856618355
33764.44,ROW-min-ED(FPS),397,7139,654571,0,nrmsd_norm,32,0.374971720212478
33764.44,ROW-min-ED(FPS),397,397,654571,0,nrmsd_norm,34,0.3644075203497289
33764.44,ROW-min-ED(FPS),397,7308,654571,0,nrmsd_norm,36,0.36656673714311355
33764.44,ROW-min-ED(FPS),397,7308,654571,0,nrmsd_norm,38,0.37009137310960405
33764.44,ROW-min-ED(FPS),397,7308,654571,0,nrmsd_norm,40,0.3637286184766665
33764.44,ROW-min-ED(FPS),397,7308,654571,0,nrmsd_norm,42,0.36799174153894326
33764.44,ROW-min-ED(FPS),397,7308,654571,0,nrmsd_norm,44,0.36405665936016646
33764.44,ROW-min-ED(FPS),397,7308,654571,0,nrmsd_norm,46,0.35756683046083765
33764.44,ROW-min-ED(FPS),397,7308,654571,0,nrmsd_norm,48,0.3580401972232805
33764.44,ROW-min-ED(FPS),397,7308,654571,0,nrmsd_norm,50,0.35843979432334755
33764.44,ROW-min-ED(FPS),397,397,654571,0,nrmsd_norm,55,0.34011768801386655
33764.44,ROW-min-ED(FPS),397,397,654571,0,nrmsd_norm,60,0.3411138781665719
33764.44,ROW-min-ED(FPS),397,397,654571,0,nrmsd_norm,65,0.3384253177888981
33764.44,ROW-min-ED(FPS),397,397,654571,0,nrmsd_norm,70,0.3327023148092493
33764.44,ROW-min-ED(FPS),397,397,654571,0,nrmsd_norm,75,0.3317934260286945
33764.44,ROW-min-ED(FPS),397,397,654571,0,nrmsd_norm,80,0.33118837205100415
33764.44,ROW-min-ED(FPS),397,397,654571,0,nrmsd_norm,85,0.3295258255519762
33764.44,ROW-min-ED(FPS),397,1416,654571,0,nrmsd_norm,90,0.3242397218974038
33764.44,ROW-min-ED(FPS),397,1416,654571,0,nrmsd_norm,95,0.322618802960954
33764.44,ROW-min-ED(FPS),397,1416,654571,0,nrmsd_norm,100,0.33278162161603725
33764.44,ROW-min-ED(FPS),397,128,438878,0,nrmsd_norm,5,0.6892999467857104
33764.44,ROW-min-ED(FPS),397,11312,438878,0,nrmsd_norm,6,0.6309010561025574
33764.44,ROW-min-ED(FPS),397,6508,438878,0,nrmsd_norm,7,0.5908543981515538
33764.44,ROW-min-ED(FPS),397,5898,438878,0,nrmsd_norm,8,0.5211527524313897
33764.44,ROW-min-ED(FPS),397,12237,438878,0,nrmsd_norm,9,0.5252924829097438
33764.44,ROW-min-ED(FPS),397,7320,438878,0,nrmsd_norm,10,0.5029420861630854
33764.44,ROW-min-ED(FPS),397,7320,438878,0,nrmsd_norm,11,0.5116173624319692
33764.44,ROW-min-ED(FPS),397,7320,438878,0,nrmsd_norm,12,0.5112071695476681
33764.44,ROW-min-ED(FPS),397,7320,438878,0,nrmsd_norm,13,0.49134273865451544
33764.44,ROW-min-ED(FPS),397,7140,438878,0,nrmsd_norm,14,0.4642031513964161
33764.44,ROW-min-ED(FPS),397,7140,438878,0,nrmsd_norm,15,0.45279069578179953
33764.44,ROW-min-ED(FPS),397,7310,438878,0,nrmsd_norm,16,0.44854040577354765
33764.44,ROW-min-ED(FPS),397,53,438878,0,nrmsd_norm,17,0.42633132110703115
33764.44,ROW-min-ED(FPS),397,53,438878,0,nrmsd_norm,18,0.42430920830709956
33764.44,ROW-min-ED(FPS),397,53,438878,0,nrmsd_norm,19,0.41089413633841065
33764.44,ROW-min-ED(FPS),397,53,438878,0,nrmsd_norm,20,0.39815248880190474
33764.44,ROW-min-ED(FPS),397,53,438878,0,nrmsd_norm,22,0.39447048907060156
33764.44,ROW-min-ED(FPS),397,7320,438878,0,nrmsd_norm,24,0.3741124484229102
33764.44,ROW-min-ED(FPS),397,7320,438878,0,nrmsd_norm,26,0.37857864114644485
33764.44,ROW-min-ED(FPS),397,53,438878,0,nrmsd_norm,28,0.3760594335692135
33764.44,ROW-min-ED(FPS),397,9669,438878,0,nrmsd_norm,30,0.3613267416417692
33764.44,ROW-min-ED(FPS),397,9669,438878,0,nrmsd_norm,32,0.36921133373854204
33764.44,ROW-min-ED(FPS),397,7308,438878,0,nrmsd_norm,34,0.3566290147216776
33764.44,ROW-min-ED(FPS),397,7308,438878,0,nrmsd_norm,36,0.35851586618482223
33764.44,ROW-min-ED(FPS),397,7308,438878,0,nrmsd_norm,38,0.3613310674354097
33764.44,ROW-min-ED(FPS),397,53,438878,0,nrmsd_norm,40,0.3517619624938419
33764.44,ROW-min-ED(FPS),397,53,438878,0,nrmsd_norm,42,0.3561422641921648
33764.44,ROW-min-ED(FPS),397,53,438878,0,nrmsd_norm,44,0.3499832296545693
33764.44,ROW-min-ED(FPS),397,10355,438878,0,nrmsd_norm,46,0.3423436921103039
33764.44,ROW-min-ED(FPS),397,10355,438878,0,nrmsd_norm,48,0.34383550391231754
33764.44,ROW-min-ED(FPS),397,10355,438878,0,nrmsd_norm,50,0.3458350497512719
33764.44,ROW-min-ED(FPS),397,10355,438878,0,nrmsd_norm,55,0.33025070595964096
33764.44,ROW-min-ED(FPS),397,10355,438878,0,nrmsd_norm,60,0.33132488309038793
33764.44,ROW-min-ED(FPS),397,7297,438878,0,nrmsd_norm,65,0.33147397455083777
33764.44,ROW-min-ED(FPS),397,7297,438878,0,nrmsd_norm,70,0.32583491831787453
33764.44,ROW-min-ED(FPS),397,7297,438878,0,nrmsd_norm,75,0.3297361556706944
33764.44,ROW-min-ED(FPS),397,7297,438878,0,nrmsd_norm,80,0.3274287074453893
33764.44,ROW-min-ED(FPS),397,397,438878,0,nrmsd_norm,85,0.32598085047817876
33764.44,ROW-min-ED(FPS),397,7308,438878,0,nrmsd_norm,90,0.323723427062684
33764.44,ROW-min-ED(FPS),397,7308,438878,0,nrmsd_norm,95,0.320482008068395
33764.44,ROW-min-ED(FPS),397,7308,438878,0,nrmsd_norm,100,0.33208935196934775
33764.44,ROW-min-ED(FPS),397,6954,433015,0,nrmsd_norm,5,0.6829934097587647
33764.44,ROW-min-ED(FPS),397,2612,433015,0,nrmsd_norm,6,0.6318113922504071
33764.44,ROW-min-ED(FPS),397,6990,433015,0,nrmsd_norm,7,0.5997511045823336
33764.44,ROW-min-ED(FPS),397,11715,433015,0,nrmsd_norm,8,0.5510654148633479
33764.44,ROW-min-ED(FPS),397,11715,433015,0,nrmsd_norm,9,0.49958378631045397
33764.44,ROW-min-ED(FPS),397,1103,433015,0,nrmsd_norm,10,0.4736305201704568
33764.44,ROW-min-ED(FPS),397,1103,433015,0,nrmsd_norm,11,0.4877350496817192
33764.44,ROW-min-ED(FPS),397,11715,433015,0,nrmsd_norm,12,0.49504972574178274
33764.44,ROW-min-ED(FPS),397,1103,433015,0,nrmsd_norm,13,0.4791650243294386
33764.44,ROW-min-ED(FPS),397,11168,433015,0,nrmsd_norm,14,0.45426990892346525
33764.44,ROW-min-ED(FPS),397,11173,433015,0,nrmsd_norm,15,0.4378305955414293
33764.44,ROW-min-ED(FPS),397,1103,433015,0,nrmsd_norm,16,0.4384558391782742
33764.44,ROW-min-ED(FPS),397,11168,433015,0,nrmsd_norm,17,0.4322184739897871
33764.44,ROW-min-ED(FPS),397,11168,433015,0,nrmsd_norm,18,0.4292826872963924
33764.44,ROW-min-ED(FPS),397,11173,433015,0,nrmsd_norm,19,0.4174970625518616
33764.44,ROW-min-ED(FPS),397,11173,433015,0,nrmsd_norm,20,0.41148952702808966
33764.44,ROW-min-ED(FPS),397,6953,433015,0,nrmsd_norm,22,0.416952004913592
33764.44,ROW-min-ED(FPS),397,6954,433015,0,nrmsd_norm,24,0.4003775818672051
33764.44,ROW-min-ED(FPS),397,6954,433015,0,nrmsd_norm,26,0.39236425359502863
33764.44,ROW-min-ED(FPS),397,6954,433015,0,nrmsd_norm,28,0.38417188163078825
33764.44,ROW-min-ED(FPS),397,6954,433015,0,nrmsd_norm,30,0.3763292956741752
33764.44,ROW-min-ED(FPS),397,397,433015,0,nrmsd_norm,32,0.3838140245216441
33764.44,ROW-min-ED(FPS),397,1416,433015,0,nrmsd_norm,34,0.3702731913010094
33764.44,ROW-min-ED(FPS),397,6953,433015,0,nrmsd_norm,36,0.3620912677438337
33764.44,ROW-min-ED(FPS),397,6953,433015,0,nrmsd_norm,38,0.36054197633831725
33764.44,ROW-min-ED(FPS),397,6953,433015,0,nrmsd_norm,40,0.35213973256363285
33764.44,ROW-min-ED(FPS),397,6953,433015,0,nrmsd_norm,42,0.3559243766106744
33764.44,ROW-min-ED(FPS),397,6953,433015,0,nrmsd_norm,44,0.3529269830876169
33764.44,ROW-min-ED(FPS),397,1416,433015,0,nrmsd_norm,46,0.34603845869670097
33764.44,ROW-min-ED(FPS),397,1416,433015,0,nrmsd_norm,48,0.34923831964141483
33764.44,ROW-min-ED(FPS),397,1416,433015,0,nrmsd_norm,50,0.34957986062915386
33764.44,ROW-min-ED(FPS),397,1416,433015,0,nrmsd_norm,55,0.3425482317863135
33764.44,ROW-min-ED(FPS),397,7154,433015,0,nrmsd_norm,60,0.3434910625954945
33764.44,ROW-min-ED(FPS),397,397,433015,0,nrmsd_norm,65,0.34521647889114454
33764.44,ROW-min-ED(FPS),397,397,433015,0,nrmsd_norm,70,0.33764377026355497
33764.44,ROW-min-ED(FPS),397,397,433015,0,nrmsd_norm,75,0.3376202645951881
33764.44,ROW-min-ED(FPS),397,397,433015,0,nrmsd_norm,80,0.3384278620740558
33764.44,ROW-min-ED(FPS),397,397,433015,0,nrmsd_norm,85,0.3357378375043997
33764.44,ROW-min-ED(FPS),397,397,433015,0,nrmsd_norm,90,0.33789199500102773
33764.44,ROW-min-ED(FPS),397,397,433015,0,nrmsd_norm,95,0.3359337763043868
33764.44,ROW-min-ED(FPS),397,397,433015,0,nrmsd_norm,100,0.34877873983808344
33764.44,ROW-min-ED(FPS),397,8635,858597,0,nrmsd_norm,5,0.69187099552192
33764.44,ROW-min-ED(FPS),397,9106,858597,0,nrmsd_norm,6,0.6376377697500135
33764.44,ROW-min-ED(FPS),397,8900,858597,0,nrmsd_norm,7,0.5866878045114512
33764.44,ROW-min-ED(FPS),397,12125,858597,0,nrmsd_norm,8,0.5612777013575659
33764.44,ROW-min-ED(FPS),397,10848,858597,0,nrmsd_norm,9,0.5147025125335075
33764.44,ROW-min-ED(FPS),397,11303,858597,0,nrmsd_norm,10,0.49809790108469126
33764.44,ROW-min-ED(FPS),397,11303,858597,0,nrmsd_norm,11,0.5009529600436441
33764.44,ROW-min-ED(FPS),397,12066,858597,0,nrmsd_norm,12,0.500985620283465
33764.44,ROW-min-ED(FPS),397,630,858597,0,nrmsd_norm,13,0.5010403722558098
33764.44,ROW-min-ED(FPS),397,630,858597,0,nrmsd_norm,14,0.4847787844270374
33764.44,ROW-min-ED(FPS),397,630,858597,0,nrmsd_norm,15,0.46924822095511876
33764.44,ROW-min-ED(FPS),397,11007,858597,0,nrmsd_norm,16,0.46501155816958
33764.44,ROW-min-ED(FPS),397,6445,858597,0,nrmsd_norm,17,0.45245882046345326
33764.44,ROW-min-ED(FPS),397,11007,858597,0,nrmsd_norm,18,0.45431636027222366
33764.44,ROW-min-ED(FPS),397,11007,858597,0,nrmsd_norm,19,0.44411439246559586
33764.44,ROW-min-ED(FPS),397,6445,858597,0,nrmsd_norm,20,0.4381812963897024
33764.44,ROW-min-ED(FPS),397,10870,858597,0,nrmsd_norm,22,0.430681945135565
33764.44,ROW-min-ED(FPS),397,7154,858597,0,nrmsd_norm,24,0.4029049434068802
33764.44,ROW-min-ED(FPS),397,2105,858597,0,nrmsd_norm,26,0.39142638818277314
33764.44,ROW-min-ED(FPS),397,2105,858597,0,nrmsd_norm,28,0.3871904296198513
33764.44,ROW-min-ED(FPS),397,7154,858597,0,nrmsd_norm,30,0.37568675289105496
33764.44,ROW-min-ED(FPS),397,7154,858597,0,nrmsd_norm,32,0.38713282166101076
33764.44,ROW-min-ED(FPS),397,7154,858597,0,nrmsd_norm,34,0.3816823319447983
33764.44,ROW-min-ED(FPS),397,7154,858597,0,nrmsd_norm,36,0.37255795652905804
33764.44,ROW-min-ED(FPS),397,7154,858597,0,nrmsd_norm,38,0.3716270981568742
33764.44,ROW-min-ED(FPS),397,2105,858597,0,nrmsd_norm,40,0.36272035471666186
33764.44,ROW-min-ED(FPS),397,7154,858597,0,nrmsd_norm,42,0.36401390024923264
33764.44,ROW-min-ED(FPS),397,7154,858597,0,nrmsd_norm,44,0.3574896717118269
33764.44,ROW-min-ED(FPS),397,11715,858597,0,nrmsd_norm,46,0.35037661731226133
33764.44,ROW-min-ED(FPS),397,7154,858597,0,nrmsd_norm,48,0.35362866667045967
33764.44,ROW-min-ED(FPS),397,11715,858597,0,nrmsd_norm,50,0.3564977709074474
33764.44,ROW-min-ED(FPS),397,6457,858597,0,nrmsd_norm,55,0.3420284674581079
33764.44,ROW-min-ED(FPS),397,10355,858597,0,nrmsd_norm,60,0.3474102047360969
33764.44,ROW-min-ED(FPS),397,397,858597,0,nrmsd_norm,65,0.3453288341115342
33764.44,ROW-min-ED(FPS),397,397,858597,0,nrmsd_norm,70,0.33821789134257085
33764.44,ROW-min-ED(FPS),397,397,858597,0,nrmsd_norm,75,0.33818425727381574
33764.44,ROW-min-ED(FPS),397,397,858597,0,nrmsd_norm,80,0.3378706192998722
33764.44,ROW-min-ED(FPS),397,397,858597,0,nrmsd_norm,85,0.3352392041241914
33764.44,ROW-min-ED(FPS),397,397,858597,0,nrmsd_norm,90,0.33490052330233144
33764.44,ROW-min-ED(FPS),397,397,858597,0,nrmsd_norm,95,0.3301197712158293
33764.44,ROW-min-ED(FPS),397,397,858597,0,nrmsd_norm,100,0.34045085983732104
33764.44,ROW-min-ED(FPS),397,11594,85945,0,nrmsd_norm,5,0.6781788243343154
33764.44,ROW-min-ED(FPS),397,1237,85945,0,nrmsd_norm,6,0.627476839283064
33764.44,ROW-min-ED(FPS),397,9013,85945,0,nrmsd_norm,7,0.5739364591525292
33764.44,ROW-min-ED(FPS),397,9098,85945,0,nrmsd_norm,8,0.5255102288485934
33764.44,ROW-min-ED(FPS),397,9098,85945,0,nrmsd_norm,9,0.4999888621568111
33764.44,ROW-min-ED(FPS),397,1049,85945,0,nrmsd_norm,10,0.4832615526853485
33764.44,ROW-min-ED(FPS),397,1049,85945,0,nrmsd_norm,11,0.4948185997593071
33764.44,ROW-min-ED(FPS),397,1049,85945,0,nrmsd_norm,12,0.4956274594387664
33764.44,ROW-min-ED(FPS),397,1049,85945,0,nrmsd_norm,13,0.4849067326658994
33764.44,ROW-min-ED(FPS),397,9967,85945,0,nrmsd_norm,14,0.4790864961464469
33764.44,ROW-min-ED(FPS),397,10762,85945,0,nrmsd_norm,15,0.46292601018879187
33764.44,ROW-min-ED(FPS),397,7297,85945,0,nrmsd_norm,16,0.44729402217078323
33764.44,ROW-min-ED(FPS),397,7297,85945,0,nrmsd_norm,17,0.43075583351522934
33764.44,ROW-min-ED(FPS),397,7297,85945,0,nrmsd_norm,18,0.4288986638885775
33764.44,ROW-min-ED(FPS),397,7297,85945,0,nrmsd_norm,19,0.4194370833510745
33764.44,ROW-min-ED(FPS),397,7308,85945,0,nrmsd_norm,20,0.4138556836974272
33764.44,ROW-min-ED(FPS),397,7308,85945,0,nrmsd_norm,22,0.4158839899745487
33764.44,ROW-min-ED(FPS),397,7308,85945,0,nrmsd_norm,24,0.39816782569983145
33764.44,ROW-min-ED(FPS),397,7308,85945,0,nrmsd_norm,26,0.3932600324612607
33764.44,ROW-min-ED(FPS),397,7308,85945,0,nrmsd_norm,28,0.3881058115816429
33764.44,ROW-min-ED(FPS),397,7308,85945,0,nrmsd_norm,30,0.3738105051210091
33764.44,ROW-min-ED(FPS),397,7308,85945,0,nrmsd_norm,32,0.37246965071844024
33764.44,ROW-min-ED(FPS),397,7308,85945,0,nrmsd_norm,34,0.3597664010110635
33764.44,ROW-min-ED(FPS),397,7154,85945,0,nrmsd_norm,36,0.3553829574564701
33764.44,ROW-min-ED(FPS),397,7154,85945,0,nrmsd_norm,38,0.35679487933543447
33764.44,ROW-min-ED(FPS),397,7154,85945,0,nrmsd_norm,40,0.35003399523295325
33764.44,ROW-min-ED(FPS),397,7154,85945,0,nrmsd_norm,42,0.3542742692418453
33764.44,ROW-min-ED(FPS),397,7139,85945,0,nrmsd_norm,44,0.3580552168300084
33764.44,ROW-min-ED(FPS),397,10355,85945,0,nrmsd_norm,46,0.3504057712532909
33764.44,ROW-min-ED(FPS),397,10355,85945,0,nrmsd_norm,48,0.35708643256583444
33764.44,ROW-min-ED(FPS),397,10355,85945,0,nrmsd_norm,50,0.35701939337040134
33764.44,ROW-min-ED(FPS),397,7308,85945,0,nrmsd_norm,55,0.342822659906023
33764.44,ROW-min-ED(FPS),397,397,85945,0,nrmsd_norm,60,0.34069753931953795
33764.44,ROW-min-ED(FPS),397,397,85945,0,nrmsd_norm,65,0.3363781702846156
33764.44,ROW-min-ED(FPS),397,397,85945,0,nrmsd_norm,70,0.33064528444530034
33764.44,ROW-min-ED(FPS),397,397,85945,0,nrmsd_norm,75,0.33054103813414715
33764.44,ROW-min-ED(FPS),397,397,85945,0,nrmsd_norm,80,0.33073026880356043
33764.44,ROW-min-ED(FPS),397,397,85945,0,nrmsd_norm,85,0.32954118033079943
33764.44,ROW-min-ED(FPS),397,397,85945,0,nrmsd_norm,90,0.3296900767981256
33764.44,ROW-min-ED(FPS),397,7139,85945,0,nrmsd_norm,95,0.3286706041755971
33764.44,ROW-min-ED(FPS),397,10355,85945,0,nrmsd_norm,100,0.3386759038008266
33764.44,ROW-min-ED(FPS),397,6088,697368,0,nrmsd_norm,5,0.6879142482001112
33764.44,ROW-min-ED(FPS),397,9121,697368,0,nrmsd_norm,6,0.6357481758532367
33764.44,ROW-min-ED(FPS),397,12067,697368,0,nrmsd_norm,7,0.6020139075514424
33764.44,ROW-min-ED(FPS),397,10668,697368,0,nrmsd_norm,8,0.5220233903507931
33764.44,ROW-min-ED(FPS),397,6800,697368,0,nrmsd_norm,9,0.49929994731300115
33764.44,ROW-min-ED(FPS),397,2220,697368,0,nrmsd_norm,10,0.49170446277133834
33764.44,ROW-min-ED(FPS),397,2220,697368,0,nrmsd_norm,11,0.5030928020335361
33764.44,ROW-min-ED(FPS),397,8995,697368,0,nrmsd_norm,12,0.5113665151666792
33764.44,ROW-min-ED(FPS),397,6954,697368,0,nrmsd_norm,13,0.4925098955335396
33764.44,ROW-min-ED(FPS),397,397,697368,0,nrmsd_norm,14,0.4850522259743415
33764.44,ROW-min-ED(FPS),397,6953,697368,0,nrmsd_norm,15,0.46744558670191333
33764.44,ROW-min-ED(FPS),397,1416,697368,0,nrmsd_norm,16,0.4625946540576093
33764.44,ROW-min-ED(FPS),397,1416,697368,0,nrmsd_norm,17,0.43895311350499316
33764.44,ROW-min-ED(FPS),397,1416,697368,0,nrmsd_norm,18,0.4364710601723189
33764.44,ROW-min-ED(FPS),397,1416,697368,0,nrmsd_norm,19,0.424614340042261
33764.44,ROW-min-ED(FPS),397,1416,697368,0,nrmsd_norm,20,0.41677436221061215
33764.44,ROW-min-ED(FPS),397,397,697368,0,nrmsd_norm,22,0.4173133505500466
33764.44,ROW-min-ED(FPS),397,397,697368,0,nrmsd_norm,24,0.3936774586007214
33764.44,ROW-min-ED(FPS),397,397,697368,0,nrmsd_norm,26,0.39436433081901506
33764.44,ROW-min-ED(FPS),397,397,697368,0,nrmsd_norm,28,0.393632678085227
33764.44,ROW-min-ED(FPS),397,397,697368,0,nrmsd_norm,30,0.38112561151454366
33764.44,ROW-min-ED(FPS),397,397,697368,0,nrmsd_norm,32,0.38210887346594896
33764.44,ROW-min-ED(FPS),397,397,697368,0,nrmsd_norm,34,0.3689075777205107
33764.44,ROW-min-ED(FPS),397,397,697368,0,nrmsd_norm,36,0.36949732936890395
33764.44,ROW-min-ED(FPS),397,397,697368,0,nrmsd_norm,38,0.37214715056727465
33764.44,ROW-min-ED(FPS),397,397,697368,0,nrmsd_norm,40,0.3648530803721213
33764.44,ROW-min-ED(FPS),397,397,697368,0,nrmsd_norm,42,0.36743587164002844
33764.44,ROW-min-ED(FPS),397,397,697368,0,nrmsd_norm,44,0.3646595476830899
33764.44,ROW-min-ED(FPS),397,9967,697368,0,nrmsd_norm,46,0.356191806089336
33764.44,ROW-min-ED(FPS),397,9967,697368,0,nrmsd_norm,48,0.34946905119414307
33764.44,ROW-min-ED(FPS),397,9967,697368,0,nrmsd_norm,50,0.3510689251542994
33764.44,ROW-min-ED(FPS),397,9967,697368,0,nrmsd_norm,55,0.34076712746239834
33764.44,ROW-min-ED(FPS),397,9967,697368,0,nrmsd_norm,60,0.3369968460957045
33764.44,ROW-min-ED(FPS),397,11715,697368,0,nrmsd_norm,65,0.3350071087251612
33764.44,ROW-min-ED(FPS),397,9967,697368,0,nrmsd_norm,70,0.3308537686358717
33764.44,ROW-min-ED(FPS),397,11715,697368,0,nrmsd_norm,75,0.3325986720170451
33764.44,ROW-min-ED(FPS),397,9967,697368,0,nrmsd_norm,80,0.3337575251942884
33764.44,ROW-min-ED(FPS),397,9967,697368,0,nrmsd_norm,85,0.3327252622027577
33764.44,ROW-min-ED(FPS),397,9967,697368,0,nrmsd_norm,90,0.3315657520940583
33764.44,ROW-min-ED(FPS),397,397,697368,0,nrmsd_norm,95,0.3299463021666528
33764.44,ROW-min-ED(FPS),397,11715,697368,0,nrmsd_norm,100,0.3390333837717094
33764.44,ROW-min-ED(FPS),397,3852,201469,0,nrmsd_norm,5,0.6887995696745072
33764.44,ROW-min-ED(FPS),397,11255,201469,0,nrmsd_norm,6,0.6108274474139863
33764.44,ROW-min-ED(FPS),397,2220,201469,0,nrmsd_norm,7,0.5692254346875796
33764.44,ROW-min-ED(FPS),397,8995,201469,0,nrmsd_norm,8,0.5239198522812372
33764.44,ROW-min-ED(FPS),397,1288,201469,0,nrmsd_norm,9,0.5022464377291772
33764.44,ROW-min-ED(FPS),397,1416,201469,0,nrmsd_norm,10,0.4870658372300902
33764.44,ROW-min-ED(FPS),397,1416,201469,0,nrmsd_norm,11,0.4988264809451133
33764.44,ROW-min-ED(FPS),397,1416,201469,0,nrmsd_norm,12,0.5012981250842512
33764.44,ROW-min-ED(FPS),397,1416,201469,0,nrmsd_norm,13,0.4811915434087594
33764.44,ROW-min-ED(FPS),397,1416,201469,0,nrmsd_norm,14,0.46573901711380206
33764.44,ROW-min-ED(FPS),397,1416,201469,0,nrmsd_norm,15,0.45476069069831876
33764.44,ROW-min-ED(FPS),397,1416,201469,0,nrmsd_norm,16,0.4473124983056512
33764.44,ROW-min-ED(FPS),397,397,201469,0,nrmsd_norm,17,0.433086166607609
33764.44,ROW-min-ED(FPS),397,397,201469,0,nrmsd_norm,18,0.43405963963734384
33764.44,ROW-min-ED(FPS),397,397,201469,0,nrmsd_norm,19,0.4234832864105468
33764.44,ROW-min-ED(FPS),397,397,201469,0,nrmsd_norm,20,0.41493632905461053
33764.44,ROW-min-ED(FPS),397,397,201469,0,nrmsd_norm,22,0.41591033281268286
33764.44,ROW-min-ED(FPS),397,397,201469,0,nrmsd_norm,24,0.3915200391832514
33764.44,ROW-min-ED(FPS),397,397,201469,0,nrmsd_norm,26,0.39412825259637546
33764.44,ROW-min-ED(FPS),397,397,201469,0,nrmsd_norm,28,0.38721143627635074
33764.44,ROW-min-ED(FPS),397,397,201469,0,nrmsd_norm,30,0.37356898963598584
33764.44,ROW-min-ED(FPS),397,397,201469,0,nrmsd_norm,32,0.3817490824152671
33764.44,ROW-min-ED(FPS),397,397,201469,0,nrmsd_norm,34,0.373116879286355
33764.44,ROW-min-ED(FPS),397,397,201469,0,nrmsd_norm,36,0.3666805127440886
33764.44,ROW-min-ED(FPS),397,397,201469,0,nrmsd_norm,38,0.3686608896322715
33764.44,ROW-min-ED(FPS),397,7139,201469,0,nrmsd_norm,40,0.36065217540017475
33764.44,ROW-min-ED(FPS),397,7139,201469,0,nrmsd_norm,42,0.3634995373858151
33764.44,ROW-min-ED(FPS),397,7139,201469,0,nrmsd_norm,44,0.35817685160824625
33764.44,ROW-min-ED(FPS),397,397,201469,0,nrmsd_norm,46,0.35101643528573145
33764.44,ROW-min-ED(FPS),397,397,201469,0,nrmsd_norm,48,0.3495103102246714
33764.44,ROW-min-ED(FPS),397,397,201469,0,nrmsd_norm,50,0.3493484901553312
33764.44,ROW-min-ED(FPS),397,397,201469,0,nrmsd_norm,55,0.3396371178814648
33764.44,ROW-min-ED(FPS),397,7308,201469,0,nrmsd_norm,60,0.34839525861716963
33764.44,ROW-min-ED(FPS),397,7297,201469,0,nrmsd_norm,65,0.3495919607759968
33764.44,ROW-min-ED(FPS),397,7297,201469,0,nrmsd_norm,70,0.3451650317067886
33764.44,ROW-min-ED(FPS),397,7297,201469,0,nrmsd_norm,75,0.3439818267305746
33764.44,ROW-min-ED(FPS),397,7297,201469,0,nrmsd_norm,80,0.3425367750224452
33764.44,ROW-min-ED(FPS),397,7297,201469,0,nrmsd_norm,85,0.3390064420951277
33764.44,ROW-min-ED(FPS),397,7297,201469,0,nrmsd_norm,90,0.33707533064608325
33764.44,ROW-min-ED(FPS),397,7297,201469,0,nrmsd_norm,95,0.3365676261864562
33764.44,ROW-min-ED(FPS),397,7297,201469,0,nrmsd_norm,100,0.35083899422242376
33764.44,ROW-min-ED(FPS),397,2830,94177,0,nrmsd_norm,5,0.6828270644681145
33764.44,ROW-min-ED(FPS),397,7308,94177,0,nrmsd_norm,6,0.6383196837927037
33764.44,ROW-min-ED(FPS),397,10762,94177,0,nrmsd_norm,7,0.594545958638144
33764.44,ROW-min-ED(FPS),397,2511,94177,0,nrmsd_norm,8,0.5564801335926873
33764.44,ROW-min-ED(FPS),397,7295,94177,0,nrmsd_norm,9,0.5092018960819107
33764.44,ROW-min-ED(FPS),397,7296,94177,0,nrmsd_norm,10,0.4945429850157001
33764.44,ROW-min-ED(FPS),397,7296,94177,0,nrmsd_norm,11,0.5025715388151463
33764.44,ROW-min-ED(FPS),397,7296,94177,0,nrmsd_norm,12,0.5023186429952927
33764.44,ROW-min-ED(FPS),397,7296,94177,0,nrmsd_norm,13,0.4929436534031249
33764.44,ROW-min-ED(FPS),397,7297,94177,0,nrmsd_norm,14,0.47997269654292035
33764.44,ROW-min-ED(FPS),397,9967,94177,0,nrmsd_norm,15,0.46234768072935883
33764.44,ROW-min-ED(FPS),397,397,94177,0,nrmsd_norm,16,0.45468140022334474
33764.44,ROW-min-ED(FPS),397,397,94177,0,nrmsd_norm,17,0.44200981134788836
33764.44,ROW-min-ED(FPS),397,397,94177,0,nrmsd_norm,18,0.4406376434873705
33764.44,ROW-min-ED(FPS),397,397,94177,0,nrmsd_norm,19,0.4298397342530221
33764.44,ROW-min-ED(FPS),397,7139,94177,0,nrmsd_norm,20,0.42172124523359295
33764.44,ROW-min-ED(FPS),397,7139,94177,0,nrmsd_norm,22,0.4214005269237923
33764.44,ROW-min-ED(FPS),397,7139,94177,0,nrmsd_norm,24,0.39940893069456335
33764.44,ROW-min-ED(FPS),397,7139,94177,0,nrmsd_norm,26,0.39293641353602754
33764.44,ROW-min-ED(FPS),397,7139,94177,0,nrmsd_norm,28,0.38738692096370986
33764.44,ROW-min-ED(FPS),397,7139,94177,0,nrmsd_norm,30,0.3763444098855242
33764.44,ROW-min-ED(FPS),397,7139,94177,0,nrmsd_norm,32,0.37606002305446967
33764.44,ROW-min-ED(FPS),397,7139,94177,0,nrmsd_norm,34,0.36756162594293057
33764.44,ROW-min-ED(FPS),397,7139,94177,0,nrmsd_norm,36,0.3643872283891252
33764.44,ROW-min-ED(FPS),397,7139,94177,0,nrmsd_norm,38,0.36556446301170054
33764.44,ROW-min-ED(FPS),397,7139,94177,0,nrmsd_norm,40,0.3600671308142922
33764.44,ROW-min-ED(FPS),397,7139,94177,0,nrmsd_norm,42,0.36291640771940675
33764.44,ROW-min-ED(FPS),397,7139,94177,0,nrmsd_norm,44,0.36165144855455916
33764.44,ROW-min-ED(FPS),397,397,94177,0,nrmsd_norm,46,0.3541369778140546
33764.44,ROW-min-ED(FPS),397,397,94177,0,nrmsd_norm,48,0.3567992475569626
33764.44,ROW-min-ED(FPS),397,397,94177,0,nrmsd_norm,50,0.3572235456913208
33764.44,ROW-min-ED(FPS),397,7139,94177,0,nrmsd_norm,55,0.346850413347989
33764.44,ROW-min-ED(FPS),397,7139,94177,0,nrmsd_norm,60,0.34678235888087394
33764.44,ROW-min-ED(FPS),397,7308,94177,0,nrmsd_norm,65,0.3489784818864133
33764.44,ROW-min-ED(FPS),397,7308,94177,0,nrmsd_norm,70,0.3429070928486268
33764.44,ROW-min-ED(FPS),397,7308,94177,0,nrmsd_norm,75,0.3439555707082681
33764.44,ROW-min-ED(FPS),397,7308,94177,0,nrmsd_norm,80,0.34353881072363746
33764.44,ROW-min-ED(FPS),397,7308,94177,0,nrmsd_norm,85,0.34239920244955285
33764.44,ROW-min-ED(FPS),397,7308,94177,0,nrmsd_norm,90,0.33827125471053027
33764.44,ROW-min-ED(FPS),397,7308,94177,0,nrmsd_norm,95,0.3367873890935787
33764.44,ROW-min-ED(FPS),397,7308,94177,0,nrmsd_norm,100,0.3504989256351994
33764.44,COL-mean-ED,397,2644,89250,0,nrmsd_norm,5,0.7175686710497241
33764.44,COL-mean-ED,397,10280,89250,0,nrmsd_norm,6,0.6917150777607759
33764.44,COL-mean-ED,397,397,89250,0,nrmsd_norm,7,0.715906421587601
33764.44,COL-mean-ED,397,5416,89250,0,nrmsd_norm,8,0.6910389313018742
33764.44,COL-mean-ED,397,5416,89250,0,nrmsd_norm,9,0.7036452338832153
33764.44,COL-mean-ED,397,5416,89250,0,nrmsd_norm,10,0.7360234899849118
33764.44,COL-mean-ED,397,1481,89250,0,nrmsd_norm,11,0.7249959793602301
33764.44,COL-mean-ED,397,1481,89250,0,nrmsd_norm,12,0.7272974065401092
33764.44,COL-mean-ED,397,9723,89250,0,nrmsd_norm,13,0.6607277550543488
33764.44,COL-mean-ED,397,9723,89250,0,nrmsd_norm,14,0.6566914292800223
33764.44,COL-mean-ED,397,359,89250,0,nrmsd_norm,15,0.6599821798856683
33764.44,COL-mean-ED,397,359,89250,0,nrmsd_norm,16,0.66897959633405
33764.44,COL-mean-ED,397,359,89250,0,nrmsd_norm,17,0.6751244101184873
33764.44,COL-mean-ED,397,359,89250,0,nrmsd_norm,18,0.6715560359054497
33764.44,COL-mean-ED,397,359,89250,0,nrmsd_norm,19,0.6756094305659764
33764.44,COL-mean-ED,397,9723,89250,0,nrmsd_norm,20,0.680475949097669
33764.44,COL-mean-ED,397,359,89250,0,nrmsd_norm,22,0.6504291731873947
33764.44,COL-mean-ED,397,359,89250,0,nrmsd_norm,24,0.6622199717300288
33764.44,COL-mean-ED,397,359,89250,0,nrmsd_norm,26,0.6834475721470292
33764.44,COL-mean-ED,397,7848,89250,0,nrmsd_norm,28,0.666118074347004
33764.44,COL-mean-ED,397,7848,89250,0,nrmsd_norm,30,0.6694033167267333
33764.44,COL-mean-ED,397,7848,89250,0,nrmsd_norm,32,0.6565290983953233
33764.44,COL-mean-ED,397,7848,89250,0,nrmsd_norm,34,0.6572137383670339
33764.44,COL-mean-ED,397,7848,89250,0,nrmsd_norm,36,0.6645861516937203
33764.44,COL-mean-ED,397,7848,89250,0,nrmsd_norm,38,0.6679822258301108
33764.44,COL-mean-ED,397,7848,89250,0,nrmsd_norm,40,0.6695859705485744
33764.44,COL-mean-ED,397,7848,89250,0,nrmsd_norm,42,0.6719304436668148
33764.44,COL-mean-ED,397,7848,89250,0,nrmsd_norm,44,0.6736478250196571
33764.44,COL-mean-ED,397,7848,89250,0,nrmsd_norm,46,0.6760341978422899
33764.44,COL-mean-ED,397,7848,89250,0,nrmsd_norm,48,0.6885764419659653
33764.44,COL-mean-ED,397,5169,89250,0,nrmsd_norm,50,0.6868765464175436
33764.44,COL-mean-ED,397,5169,89250,0,nrmsd_norm,55,0.6860596420318933
33764.44,COL-mean-ED,397,1102,89250,0,nrmsd_norm,60,0.6851479365152079
33764.44,COL-mean-ED,397,2701,89250,0,nrmsd_norm,65,0.6863701741520635
33764.44,COL-mean-ED,397,5169,89250,0,nrmsd_norm,70,0.6701733948939538
33764.44,COL-mean-ED,397,9619,89250,0,nrmsd_norm,75,0.6694734267631098
33764.44,COL-mean-ED,397,5169,89250,0,nrmsd_norm,80,0.6600721213680945
33764.44,COL-mean-ED,397,9030,89250,0,nrmsd_norm,85,0.6564094066356345
33764.44,COL-mean-ED,397,472,89250,0,nrmsd_norm,90,0.6655901701384435
33764.44,COL-mean-ED,397,472,89250,0,nrmsd_norm,95,0.6562773192220929
33764.44,COL-mean-ED,397,472,89250,0,nrmsd_norm,100,0.6575864982694339
33764.44,COL-mean-ED,397,9815,773956,0,nrmsd_norm,5,0.7612918623868073
33764.44,COL-mean-ED,397,8978,773956,0,nrmsd_norm,6,0.7154886337491081
33764.44,COL-mean-ED,397,7320,773956,0,nrmsd_norm,7,0.7441885423899509
33764.44,COL-mean-ED,397,968,773956,0,nrmsd_norm,8,0.7218411083307356
33764.44,COL-mean-ED,397,968,773956,0,nrmsd_norm,9,0.7303219177360308
33764.44,COL-mean-ED,397,11057,773956,0,nrmsd_norm,10,0.7415216059977532
33764.44,COL-mean-ED,397,797,773956,0,nrmsd_norm,11,0.7260498530077351
33764.44,COL-mean-ED,397,5742,773956,0,nrmsd_norm,12,0.7300725001435436
33764.44,COL-mean-ED,397,5742,773956,0,nrmsd_norm,13,0.6141242692836498
33764.44,COL-mean-ED,397,5742,773956,0,nrmsd_norm,14,0.6088823510362749
33764.44,COL-mean-ED,397,5742,773956,0,nrmsd_norm,15,0.6109159929798115
33764.44,COL-mean-ED,397,11057,773956,0,nrmsd_norm,16,0.636716561325495
33764.44,COL-mean-ED,397,11057,773956,0,nrmsd_norm,17,0.6434074913878609
33764.44,COL-mean-ED,397,11057,773956,0,nrmsd_norm,18,0.6392932196579141
33764.44,COL-mean-ED,397,797,773956,0,nrmsd_norm,19,0.6458277545304749
33764.44,COL-mean-ED,397,10732,773956,0,nrmsd_norm,20,0.6537356445066884
33764.44,COL-mean-ED,397,797,773956,0,nrmsd_norm,22,0.6107336206031239
33764.44,COL-mean-ED,397,797,773956,0,nrmsd_norm,24,0.6224760732516621
33764.44,COL-mean-ED,397,797,773956,0,nrmsd_norm,26,0.6445374301388023
33764.44,COL-mean-ED,397,797,773956,0,nrmsd_norm,28,0.6257710080848448
33764.44,COL-mean-ED,397,778,773956,0,nrmsd_norm,30,0.6294383947633728
33764.44,COL-mean-ED,397,10732,773956,0,nrmsd_norm,32,0.6139433917136519
33764.44,COL-mean-ED,397,797,773956,0,nrmsd_norm,34,0.6172121023661169
33764.44,COL-mean-ED,397,797,773956,0,nrmsd_norm,36,0.6319163549942615
33764.44,COL-mean-ED,397,10646,773956,0,nrmsd_norm,38,0.6292151541356082
33764.44,COL-mean-ED,397,474,773956,0,nrmsd_norm,40,0.6335347741827222
33764.44,COL-mean-ED,397,1983,773956,0,nrmsd_norm,42,0.6287497063899965
33764.44,COL-mean-ED,397,1983,773956,0,nrmsd_norm,44,0.6323532068991211
33764.44,COL-mean-ED,397,1983,773956,0,nrmsd_norm,46,0.6375440734278789
33764.44,COL-mean-ED,397,474,773956,0,nrmsd_norm,48,0.6495992933925826
33764.44,COL-mean-ED,397,474,773956,0,nrmsd_norm,50,0.647726611001362
33764.44,COL-mean-ED,397,10646,773956,0,nrmsd_norm,55,0.6424654182785942
33764.44,COL-mean-ED,397,474,773956,0,nrmsd_norm,60,0.6567485093487209
33764.44,COL-mean-ED,397,696,773956,0,nrmsd_norm,65,0.6638613116392599
33764.44,COL-mean-ED,397,696,773956,0,nrmsd_norm,70,0.6429000367840595
33764.44,COL-mean-ED,397,696,773956,0,nrmsd_norm,75,0.6484125115815209
33764.44,COL-mean-ED,397,4301,773956,0,nrmsd_norm,80,0.6430716611803198
33764.44,COL-mean-ED,397,4301,773956,0,nrmsd_norm,85,0.6491906171128154
33764.44,COL-mean-ED,397,4301,773956,0,nrmsd_norm,90,0.6565495045775315
33764.44,COL-mean-ED,397,4301,773956,0,nrmsd_norm,95,0.656911277410149
33764.44,COL-mean-ED,397,4301,773956,0,nrmsd_norm,100,0.6573844846602408
33764.44,COL-mean-ED,397,11711,654571,0,nrmsd_norm,5,0.7816192038072826
33764.44,COL-mean-ED,397,11576,654571,0,nrmsd_norm,6,0.6658226718320525
33764.44,COL-mean-ED,397,11576,654571,0,nrmsd_norm,7,0.7052955981236584
33764.44,COL-mean-ED,397,10342,654571,0,nrmsd_norm,8,0.6743377698102524
33764.44,COL-mean-ED,397,4302,654571,0,nrmsd_norm,9,0.6942826050930937
33764.44,COL-mean-ED,397,8963,654571,0,nrmsd_norm,10,0.6656789620814607
33764.44,COL-mean-ED,397,3499,654571,0,nrmsd_norm,11,0.6702115583032187
33764.44,COL-mean-ED,397,3499,654571,0,nrmsd_norm,12,0.6772317832539649
33764.44,COL-mean-ED,397,4667,654571,0,nrmsd_norm,13,0.594812595941329
33764.44,COL-mean-ED,397,3499,654571,0,nrmsd_norm,14,0.5794500227837687
33764.44,COL-mean-ED,397,10732,654571,0,nrmsd_norm,15,0.5890902662503561
33764.44,COL-mean-ED,397,8832,654571,0,nrmsd_norm,16,0.6057186914527452
33764.44,COL-mean-ED,397,8832,654571,0,nrmsd_norm,17,0.6149677007084946
33764.44,COL-mean-ED,397,8832,654571,0,nrmsd_norm,18,0.6067234184726733
33764.44,COL-mean-ED,397,8832,654571,0,nrmsd_norm,19,0.6161547205566883
33764.44,COL-mean-ED,397,8832,654571,0,nrmsd_norm,20,0.607191673871425
33764.44,COL-mean-ED,397,8832,654571,0,nrmsd_norm,22,0.5660981716595002
33764.44,COL-mean-ED,397,8832,654571,0,nrmsd_norm,24,0.5724928143566952
33764.44,COL-mean-ED,397,8832,654571,0,nrmsd_norm,26,0.6054175271192418
33764.44,COL-mean-ED,397,2707,654571,0,nrmsd_norm,28,0.600961344685533
33764.44,COL-mean-ED,397,2707,654571,0,nrmsd_norm,30,0.6055460656151703
33764.44,COL-mean-ED,397,6112,654571,0,nrmsd_norm,32,0.5959830585557973
33764.44,COL-mean-ED,397,6112,654571,0,nrmsd_norm,34,0.6008933312952819
33764.44,COL-mean-ED,397,7320,654571,0,nrmsd_norm,36,0.6131874110048048
33764.44,COL-mean-ED,397,6297,654571,0,nrmsd_norm,38,0.599810543010436
33764.44,COL-mean-ED,397,6297,654571,0,nrmsd_norm,40,0.605377785244757
33764.44,COL-mean-ED,397,6269,654571,0,nrmsd_norm,42,0.6011561187142104
33764.44,COL-mean-ED,397,6269,654571,0,nrmsd_norm,44,0.6029398957559495
33764.44,COL-mean-ED,397,6269,654571,0,nrmsd_norm,46,0.6021465417476948
33764.44,COL-mean-ED,397,6297,654571,0,nrmsd_norm,48,0.6157395602260968
33764.44,COL-mean-ED,397,7310,654571,0,nrmsd_norm,50,0.6151319143840143
33764.44,COL-mean-ED,397,7319,654571,0,nrmsd_norm,55,0.5982932067128001
33764.44,COL-mean-ED,397,7319,654571,0,nrmsd_norm,60,0.599754743198113
33764.44,COL-mean-ED,397,10856,654571,0,nrmsd_norm,65,0.6048173742401652
33764.44,COL-mean-ED,397,10856,654571,0,nrmsd_norm,70,0.5846895920821176
33764.44,COL-mean-ED,397,10856,654571,0,nrmsd_norm,75,0.5909192941680906
33764.44,COL-mean-ED,397,10856,654571,0,nrmsd_norm,80,0.5918207006989495
33764.44,COL-mean-ED,397,10856,654571,0,nrmsd_norm,85,0.5850633902020629
33764.44,COL-mean-ED,397,10856,654571,0,nrmsd_norm,90,0.5956650895971244
33764.44,COL-mean-ED,397,7320,654571,0,nrmsd_norm,95,0.5960740246936603
33764.44,COL-mean-ED,397,7320,654571,0,nrmsd_norm,100,0.5937092367036233
33764.44,COL-mean-ED,397,5913,438878,0,nrmsd_norm,5,0.6739069260492141
33764.44,COL-mean-ED,397,10086,438878,0,nrmsd_norm,6,0.5397797148280588
33764.44,COL-mean-ED,397,10086,438878,0,nrmsd_norm,7,0.5617893170225524
33764.44,COL-mean-ED,397,250,438878,0,nrmsd_norm,8,0.5546702267556335
33764.44,COL-mean-ED,397,250,438878,0,nrmsd_norm,9,0.5758665173866419
33764.44,COL-mean-ED,397,10446,438878,0,nrmsd_norm,10,0.5994673398927625
33764.44,COL-mean-ED,397,12105,438878,0,nrmsd_norm,11,0.6075820662656741
33764.44,COL-mean-ED,397,7686,438878,0,nrmsd_norm,12,0.6306328538737362
33764.44,COL-mean-ED,397,1840,438878,0,nrmsd_norm,13,0.592843905707535
33764.44,COL-mean-ED,397,7686,438878,0,nrmsd_norm,14,0.5826323271983572
33764.44,COL-mean-ED,397,136,438878,0,nrmsd_norm,15,0.596369975654853
33764.44,COL-mean-ED,397,6193,438878,0,nrmsd_norm,16,0.5934266017399015
33764.44,COL-mean-ED,397,4177,438878,0,nrmsd_norm,17,0.6110228761426585
33764.44,COL-mean-ED,397,204,438878,0,nrmsd_norm,18,0.6127479015774817
33764.44,COL-mean-ED,397,204,438878,0,nrmsd_norm,19,0.6191536945591353
33764.44,COL-mean-ED,397,9505,438878,0,nrmsd_norm,20,0.6572223763556083
33764.44,COL-mean-ED,397,10148,438878,0,nrmsd_norm,22,0.6766925807054265
33764.44,COL-mean-ED,397,10148,438878,0,nrmsd_norm,24,0.6801527842610601
33764.44,COL-mean-ED,397,10148,438878,0,nrmsd_norm,26,0.6957892769160566
33764.44,COL-mean-ED,397,10150,438878,0,nrmsd_norm,28,0.7009832985624579
33764.44,COL-mean-ED,397,10150,438878,0,nrmsd_norm,30,0.7045749858077461
33764.44,COL-mean-ED,397,10050,438878,0,nrmsd_norm,32,0.6820938419881655
33764.44,COL-mean-ED,397,10050,438878,0,nrmsd_norm,34,0.6845271691722737
33764.44,COL-mean-ED,397,10161,438878,0,nrmsd_norm,36,0.6978455547101146
33764.44,COL-mean-ED,397,10150,438878,0,nrmsd_norm,38,0.703895998742766
33764.44,COL-mean-ED,397,10150,438878,0,nrmsd_norm,40,0.7061326615565535
33764.44,COL-mean-ED,397,1708,438878,0,nrmsd_norm,42,0.7019627462926565
33764.44,COL-mean-ED,397,1708,438878,0,nrmsd_norm,44,0.7034502487150193
33764.44,COL-mean-ED,397,1708,438878,0,nrmsd_norm,46,0.7069954958925249
33764.44,COL-mean-ED,397,10050,438878,0,nrmsd_norm,48,0.7075180333815281
33764.44,COL-mean-ED,397,10159,438878,0,nrmsd_norm,50,0.706498820763962
33764.44,COL-mean-ED,397,10050,438878,0,nrmsd_norm,55,0.6863091682332245
33764.44,COL-mean-ED,397,2713,438878,0,nrmsd_norm,60,0.6875141040839623
33764.44,COL-mean-ED,397,10164,438878,0,nrmsd_norm,65,0.682023951348775
33764.44,COL-mean-ED,397,6765,438878,0,nrmsd_norm,70,0.6532164892128173
33764.44,COL-mean-ED,397,6765,438878,0,nrmsd_norm,75,0.6569218049361623
33764.44,COL-mean-ED,397,6765,438878,0,nrmsd_norm,80,0.6462979658014576
33764.44,COL-mean-ED,397,5696,438878,0,nrmsd_norm,85,0.6477931463565652
33764.44,COL-mean-ED,397,5696,438878,0,nrmsd_norm,90,0.6550630186236285
33764.44,COL-mean-ED,397,1416,438878,0,nrmsd_norm,95,0.6501633436906804
33764.44,COL-mean-ED,397,1416,438878,0,nrmsd_norm,100,0.6521866003786162
33764.44,COL-mean-ED,397,12583,433015,0,nrmsd_norm,5,0.648860211567513
33764.44,COL-mean-ED,397,10243,433015,0,nrmsd_norm,6,0.667711215488673
33764.44,COL-mean-ED,397,9983,433015,0,nrmsd_norm,7,0.692647914534641
33764.44,COL-mean-ED,397,9983,433015,0,nrmsd_norm,8,0.687690158749534
33764.44,COL-mean-ED,397,9983,433015,0,nrmsd_norm,9,0.689058755389747
33764.44,COL-mean-ED,397,4535,433015,0,nrmsd_norm,10,0.716439475371396
33764.44,COL-mean-ED,397,4535,433015,0,nrmsd_norm,11,0.7129665342372947
33764.44,COL-mean-ED,397,4535,433015,0,nrmsd_norm,12,0.7162354598151215
33764.44,COL-mean-ED,397,9700,433015,0,nrmsd_norm,13,0.6599416408767602
33764.44,COL-mean-ED,397,9700,433015,0,nrmsd_norm,14,0.6592810607863032
33764.44,COL-mean-ED,397,9700,433015,0,nrmsd_norm,15,0.6611827106957591
33764.44,COL-mean-ED,397,5894,433015,0,nrmsd_norm,16,0.6355859860106577
33764.44,COL-mean-ED,397,5894,433015,0,nrmsd_norm,17,0.6434280427104848
33764.44,COL-mean-ED,397,5894,433015,0,nrmsd_norm,18,0.6400795743364547
33764.44,COL-mean-ED,397,5894,433015,0,nrmsd_norm,19,0.6450377206831471
33764.44,COL-mean-ED,397,5894,433015,0,nrmsd_norm,20,0.6459844802845015
33764.44,COL-mean-ED,397,5894,433015,0,nrmsd_norm,22,0.6107159641722979
33764.44,COL-mean-ED,397,5894,433015,0,nrmsd_norm,24,0.615922419935102
33764.44,COL-mean-ED,397,9926,433015,0,nrmsd_norm,26,0.6655028114097953
33764.44,COL-mean-ED,397,5169,433015,0,nrmsd_norm,28,0.654807441939514
33764.44,COL-mean-ED,397,5169,433015,0,nrmsd_norm,30,0.6577729287943871
33764.44,COL-mean-ED,397,1102,433015,0,nrmsd_norm,32,0.6479651153642213
33764.44,COL-mean-ED,397,1102,433015,0,nrmsd_norm,34,0.6502353892843838
33764.44,COL-mean-ED,397,10070,433015,0,nrmsd_norm,36,0.6520297656071288
33764.44,COL-mean-ED,397,472,433015,0,nrmsd_norm,38,0.6460787601335759
33764.44,COL-mean-ED,397,472,433015,0,nrmsd_norm,40,0.6498094097182088
33764.44,COL-mean-ED,397,9030,433015,0,nrmsd_norm,42,0.6583023530482988
33764.44,COL-mean-ED,397,9030,433015,0,nrmsd_norm,44,0.6597885193249732
33764.44,COL-mean-ED,397,9619,433015,0,nrmsd_norm,46,0.6664039258555271
33764.44,COL-mean-ED,397,9030,433015,0,nrmsd_norm,48,0.6732791733104562
33764.44,COL-mean-ED,397,10070,433015,0,nrmsd_norm,50,0.6693955976684091
33764.44,COL-mean-ED,397,1272,433015,0,nrmsd_norm,55,0.6757236940488517
33764.44,COL-mean-ED,397,1272,433015,0,nrmsd_norm,60,0.6696174824102665
33764.44,COL-mean-ED,397,1272,433015,0,nrmsd_norm,65,0.6710267047876838
33764.44,COL-mean-ED,397,6114,433015,0,nrmsd_norm,70,0.6567142871935425
33764.44,COL-mean-ED,397,877,433015,0,nrmsd_norm,75,0.6574714356964757
33764.44,COL-mean-ED,397,877,433015,0,nrmsd_norm,80,0.6489327738505641
33764.44,COL-mean-ED,397,6114,433015,0,nrmsd_norm,85,0.6477068108753066
33764.44,COL-mean-ED,397,877,433015,0,nrmsd_norm,90,0.6521764709255852
33764.44,COL-mean-ED,397,2299,433015,0,nrmsd_norm,95,0.644855938381266
33764.44,COL-mean-ED,397,2299,433015,0,nrmsd_norm,100,0.6390620746285943
33764.44,COL-mean-ED,397,5272,858597,0,nrmsd_norm,5,0.7404634556633306
33764.44,COL-mean-ED,397,200,858597,0,nrmsd_norm,6,0.762041123832018
33764.44,COL-mean-ED,397,4978,858597,0,nrmsd_norm,7,0.7781699224002592
33764.44,COL-mean-ED,397,10433,858597,0,nrmsd_norm,8,0.7706820106975769
33764.44,COL-mean-ED,397,9569,858597,0,nrmsd_norm,9,0.7707674490185609
33764.44,COL-mean-ED,397,1693,858597,0,nrmsd_norm,10,0.7359918255728384
33764.44,COL-mean-ED,397,1693,858597,0,nrmsd_norm,11,0.7366706560853998
33764.44,COL-mean-ED,397,1693,858597,0,nrmsd_norm,12,0.7373088783054195
33764.44,COL-mean-ED,397,10840,858597,0,nrmsd_norm,13,0.672760481249095
33764.44,COL-mean-ED,397,1102,858597,0,nrmsd_norm,14,0.6713727324605111
33764.44,COL-mean-ED,397,7525,858597,0,nrmsd_norm,15,0.677607169635696
33764.44,COL-mean-ED,397,1102,858597,0,nrmsd_norm,16,0.6976441282153044
33764.44,COL-mean-ED,397,4535,858597,0,nrmsd_norm,17,0.701497967250145
33764.44,COL-mean-ED,397,4535,858597,0,nrmsd_norm,18,0.6938669036887745
33764.44,COL-mean-ED,397,4535,858597,0,nrmsd_norm,19,0.6981858622415852
33764.44,COL-mean-ED,397,7525,858597,0,nrmsd_norm,20,0.6955793506217172
33764.44,COL-mean-ED,397,6111,858597,0,nrmsd_norm,22,0.645919267562572
33764.44,COL-mean-ED,397,6111,858597,0,nrmsd_norm,24,0.6549031944100563
33764.44,COL-mean-ED,397,11158,858597,0,nrmsd_norm,26,0.6832983278418003
33764.44,COL-mean-ED,397,4981,858597,0,nrmsd_norm,28,0.6596407824904874
33764.44,COL-mean-ED,397,4981,858597,0,nrmsd_norm,30,0.6623463819591631
33764.44,COL-mean-ED,397,4981,858597,0,nrmsd_norm,32,0.6162241984170533
33764.44,COL-mean-ED,397,4981,858597,0,nrmsd_norm,34,0.620618265689859
33764.44,COL-mean-ED,397,4981,858597,0,nrmsd_norm,36,0.6337380182349153
33764.44,COL-mean-ED,397,9255,858597,0,nrmsd_norm,38,0.6364063229249171
33764.44,COL-mean-ED,397,9255,858597,0,nrmsd_norm,40,0.6394363816831151
33764.44,COL-mean-ED,397,9255,858597,0,nrmsd_norm,42,0.6478007844362668
33764.44,COL-mean-ED,397,9255,858597,0,nrmsd_norm,44,0.649820358094879
33764.44,COL-mean-ED,397,9255,858597,0,nrmsd_norm,46,0.6557701775545521
33764.44,COL-mean-ED,397,9255,858597,0,nrmsd_norm,48,0.6649139946952762
33764.44,COL-mean-ED,397,9255,858597,0,nrmsd_norm,50,0.6632394054562204
33764.44,COL-mean-ED,397,9255,858597,0,nrmsd_norm,55,0.6477765982776308
33764.44,COL-mean-ED,397,9255,858597,0,nrmsd_norm,60,0.6548474191538795
33764.44,COL-mean-ED,397,9255,858597,0,nrmsd_norm,65,0.651102760870352
33764.44,COL-mean-ED,397,11171,858597,0,nrmsd_norm,70,0.6496512382014588
33764.44,COL-mean-ED,397,2847,858597,0,nrmsd_norm,75,0.6561781594580223
33764.44,COL-mean-ED,397,2847,858597,0,nrmsd_norm,80,0.6504443969681818
33764.44,COL-mean-ED,397,11135,858597,0,nrmsd_norm,85,0.642603165667252
33764.44,COL-mean-ED,397,97,858597,0,nrmsd_norm,90,0.6479335524036515
33764.44,COL-mean-ED,397,11135,858597,0,nrmsd_norm,95,0.6380382885266438
33764.44,COL-mean-ED,397,397,858597,0,nrmsd_norm,100,0.643042674337542
33764.44,COL-mean-ED,397,5272,85945,0,nrmsd_norm,5,0.7486871720493558
33764.44,COL-mean-ED,397,1818,85945,0,nrmsd_norm,6,0.7109909541233437
33764.44,COL-mean-ED,397,1818,85945,0,nrmsd_norm,7,0.7402222263839917
33764.44,COL-mean-ED,397,12476,85945,0,nrmsd_norm,8,0.7324584516705754
33764.44,COL-mean-ED,397,12476,85945,0,nrmsd_norm,9,0.7387715064294862
33764.44,COL-mean-ED,397,12476,85945,0,nrmsd_norm,10,0.7702386612473748
33764.44,COL-mean-ED,397,11321,85945,0,nrmsd_norm,11,0.7586358986191373
33764.44,COL-mean-ED,397,11321,85945,0,nrmsd_norm,12,0.7573656979546844
33764.44,COL-mean-ED,397,11321,85945,0,nrmsd_norm,13,0.6756024890384569
33764.44,COL-mean-ED,397,4981,85945,0,nrmsd_norm,14,0.6798085337267186
33764.44,COL-mean-ED,397,4981,85945,0,nrmsd_norm,15,0.6855831268001512
33764.44,COL-mean-ED,397,4981,85945,0,nrmsd_norm,16,0.6993195395569083
33764.44,COL-mean-ED,397,4981,85945,0,nrmsd_norm,17,0.7034992495713291
33764.44,COL-mean-ED,397,4981,85945,0,nrmsd_norm,18,0.6917728143209927
33764.44,COL-mean-ED,397,4981,85945,0,nrmsd_norm,19,0.6981430605888599
33764.44,COL-mean-ED,397,1248,85945,0,nrmsd_norm,20,0.7063399184318919
33764.44,COL-mean-ED,397,4981,85945,0,nrmsd_norm,22,0.6625916516161925
33764.44,COL-mean-ED,397,11321,85945,0,nrmsd_norm,24,0.6677997642285965
33764.44,COL-mean-ED,397,11321,85945,0,nrmsd_norm,26,0.6895349127144457
33764.44,COL-mean-ED,397,8862,85945,0,nrmsd_norm,28,0.6275296075337415
33764.44,COL-mean-ED,397,2707,85945,0,nrmsd_norm,30,0.6370852662188516
33764.44,COL-mean-ED,397,9255,85945,0,nrmsd_norm,32,0.622516258183369
33764.44,COL-mean-ED,397,9255,85945,0,nrmsd_norm,34,0.6271808988334716
33764.44,COL-mean-ED,397,9255,85945,0,nrmsd_norm,36,0.6405011693480408
33764.44,COL-mean-ED,397,9255,85945,0,nrmsd_norm,38,0.6456302439640165
33764.44,COL-mean-ED,397,9255,85945,0,nrmsd_norm,40,0.649631503285848
33764.44,COL-mean-ED,397,9255,85945,0,nrmsd_norm,42,0.6428056875344424
33764.44,COL-mean-ED,397,9255,85945,0,nrmsd_norm,44,0.6447392646354145
33764.44,COL-mean-ED,397,9255,85945,0,nrmsd_norm,46,0.6528523802103003
33764.44,COL-mean-ED,397,9255,85945,0,nrmsd_norm,48,0.659377214383611
33764.44,COL-mean-ED,397,7309,85945,0,nrmsd_norm,50,0.6623849921465921
33764.44,COL-mean-ED,397,7320,85945,0,nrmsd_norm,55,0.6420355127051517
33764.44,COL-mean-ED,397,7320,85945,0,nrmsd_norm,60,0.6448629477460773
33764.44,COL-mean-ED,397,9669,85945,0,nrmsd_norm,65,0.6487574947180735
33764.44,COL-mean-ED,397,9255,85945,0,nrmsd_norm,70,0.620574895817824
33764.44,COL-mean-ED,397,9669,85945,0,nrmsd_norm,75,0.6297127010053796
33764.44,COL-mean-ED,397,9669,85945,0,nrmsd_norm,80,0.6238829336937222
33764.44,COL-mean-ED,397,9669,85945,0,nrmsd_norm,85,0.6175638019818883
33764.44,COL-mean-ED,397,9669,85945,0,nrmsd_norm,90,0.6231418285535153
33764.44,COL-mean-ED,397,7309,85945,0,nrmsd_norm,95,0.6110166905083343
33764.44,COL-mean-ED,397,7309,85945,0,nrmsd_norm,100,0.6169798268226756
33764.44,COL-mean-ED,397,2105,697368,0,nrmsd_norm,5,0.6402334046907843
33764.44,COL-mean-ED,397,11446,697368,0,nrmsd_norm,6,0.5322187378787984
33764.44,COL-mean-ED,397,11446,697368,0,nrmsd_norm,7,0.5543897384909193
33764.44,COL-mean-ED,397,7439,697368,0,nrmsd_norm,8,0.5390223676711797
33764.44,COL-mean-ED,397,3618,697368,0,nrmsd_norm,9,0.5503405510234958
33764.44,COL-mean-ED,397,7686,697368,0,nrmsd_norm,10,0.5780538902110615
33764.44,COL-mean-ED,397,3597,697368,0,nrmsd_norm,11,0.5921361517682698
33764.44,COL-mean-ED,397,7686,697368,0,nrmsd_norm,12,0.5938973950672762
33764.44,COL-mean-ED,397,7042,697368,0,nrmsd_norm,13,0.5633693042689859
33764.44,COL-mean-ED,397,7042,697368,0,nrmsd_norm,14,0.5827804061756819
33764.44,COL-mean-ED,397,4054,697368,0,nrmsd_norm,15,0.5516929427858777
33764.44,COL-mean-ED,397,3687,697368,0,nrmsd_norm,16,0.5862058585279648
33764.44,COL-mean-ED,397,3687,697368,0,nrmsd_norm,17,0.5909279507777309
33764.44,COL-mean-ED,397,7042,697368,0,nrmsd_norm,18,0.5903339062742272
33764.44,COL-mean-ED,397,7042,697368,0,nrmsd_norm,19,0.5966347066252274
33764.44,COL-mean-ED,397,3687,697368,0,nrmsd_norm,20,0.6194933804337007
33764.44,COL-mean-ED,397,3618,697368,0,nrmsd_norm,22,0.5981800026407624
33764.44,COL-mean-ED,397,5713,697368,0,nrmsd_norm,24,0.6062411066185625
33764.44,COL-mean-ED,397,3687,697368,0,nrmsd_norm,26,0.6305524467859113
33764.44,COL-mean-ED,397,5713,697368,0,nrmsd_norm,28,0.6083452646305236
33764.44,COL-mean-ED,397,6650,697368,0,nrmsd_norm,30,0.6094205186929446
33764.44,COL-mean-ED,397,6650,697368,0,nrmsd_norm,32,0.599846306226396
33764.44,COL-mean-ED,397,6650,697368,0,nrmsd_norm,34,0.6046487279838288
33764.44,COL-mean-ED,397,6650,697368,0,nrmsd_norm,36,0.6259947513387447
33764.44,COL-mean-ED,397,7409,697368,0,nrmsd_norm,38,0.6362661918727462
33764.44,COL-mean-ED,397,7409,697368,0,nrmsd_norm,40,0.6409793574784207
33764.44,COL-mean-ED,397,4494,697368,0,nrmsd_norm,42,0.6322434001030532
33764.44,COL-mean-ED,397,4494,697368,0,nrmsd_norm,44,0.6340170042929633
33764.44,COL-mean-ED,397,4494,697368,0,nrmsd_norm,46,0.639149119918699
33764.44,COL-mean-ED,397,4494,697368,0,nrmsd_norm,48,0.6492734440268396
33764.44,COL-mean-ED,397,4494,697368,0,nrmsd_norm,50,0.6495766374988248
33764.44,COL-mean-ED,397,11566,697368,0,nrmsd_norm,55,0.648132768107835
33764.44,COL-mean-ED,397,10288,697368,0,nrmsd_norm,60,0.6473890497076882
33764.44,COL-mean-ED,397,4494,697368,0,nrmsd_norm,65,0.6478097972362868
33764.44,COL-mean-ED,397,11566,697368,0,nrmsd_norm,70,0.6332214915671734
33764.44,COL-mean-ED,397,10857,697368,0,nrmsd_norm,75,0.6331861560824301
33764.44,COL-mean-ED,397,11566,697368,0,nrmsd_norm,80,0.6298407232690368
33764.44,COL-mean-ED,397,6765,697368,0,nrmsd_norm,85,0.6254532890213148
33764.44,COL-mean-ED,397,10857,697368,0,nrmsd_norm,90,0.6246413353246985
33764.44,COL-mean-ED,397,10539,697368,0,nrmsd_norm,95,0.6337940997230765
33764.44,COL-mean-ED,397,10857,697368,0,nrmsd_norm,100,0.6295536510259845
33764.44,COL-mean-ED,397,10240,201469,0,nrmsd_norm,5,0.6411440870602773
33764.44,COL-mean-ED,397,8486,201469,0,nrmsd_norm,6,0.528828197021744
33764.44,COL-mean-ED,397,8486,201469,0,nrmsd_norm,7,0.5649545637139824
33764.44,COL-mean-ED,397,11067,201469,0,nrmsd_norm,8,0.5365760522480966
33764.44,COL-mean-ED,397,11067,201469,0,nrmsd_norm,9,0.5637284023209812
33764.44,COL-mean-ED,397,935,201469,0,nrmsd_norm,10,0.5891777286892367
33764.44,COL-mean-ED,397,935,201469,0,nrmsd_norm,11,0.5823924854613138
33764.44,COL-mean-ED,397,935,201469,0,nrmsd_norm,12,0.5924550601678833
33764.44,COL-mean-ED,397,830,201469,0,nrmsd_norm,13,0.565825316386051
33764.44,COL-mean-ED,397,830,201469,0,nrmsd_norm,14,0.5615298205897566
33764.44,COL-mean-ED,397,830,201469,0,nrmsd_norm,15,0.563306948001602
33764.44,COL-mean-ED,397,830,201469,0,nrmsd_norm,16,0.5786917894022189
33764.44,COL-mean-ED,397,935,201469,0,nrmsd_norm,17,0.5834832171820309
33764.44,COL-mean-ED,397,935,201469,0,nrmsd_norm,18,0.5706262341227992
33764.44,COL-mean-ED,397,935,201469,0,nrmsd_norm,19,0.5774464525152571
33764.44,COL-mean-ED,397,830,201469,0,nrmsd_norm,20,0.6149684118103155
33764.44,COL-mean-ED,397,935,201469,0,nrmsd_norm,22,0.5919784078369804
33764.44,COL-mean-ED,397,3958,201469,0,nrmsd_norm,24,0.6009012571614334
33764.44,COL-mean-ED,397,3958,201469,0,nrmsd_norm,26,0.6208478866037516
33764.44,COL-mean-ED,397,12086,201469,0,nrmsd_norm,28,0.6045008691106312
33764.44,COL-mean-ED,397,12086,201469,0,nrmsd_norm,30,0.6101053427122818
33764.44,COL-mean-ED,397,3953,201469,0,nrmsd_norm,32,0.5964938874687175
33764.44,COL-mean-ED,397,3953,201469,0,nrmsd_norm,34,0.602379304710402
33764.44,COL-mean-ED,397,9573,201469,0,nrmsd_norm,36,0.6093166885976539
33764.44,COL-mean-ED,397,9573,201469,0,nrmsd_norm,38,0.6022472636059862
33764.44,COL-mean-ED,397,9573,201469,0,nrmsd_norm,40,0.6066164276767155
33764.44,COL-mean-ED,397,9573,201469,0,nrmsd_norm,42,0.606620887378555
33764.44,COL-mean-ED,397,9573,201469,0,nrmsd_norm,44,0.6079266749123545
33764.44,COL-mean-ED,397,9573,201469,0,nrmsd_norm,46,0.6064901280695126
33764.44,COL-mean-ED,397,9573,201469,0,nrmsd_norm,48,0.6182234918540801
33764.44,COL-mean-ED,397,9573,201469,0,nrmsd_norm,50,0.615707850468465
33764.44,COL-mean-ED,397,9573,201469,0,nrmsd_norm,55,0.6045948617268724
33764.44,COL-mean-ED,397,9573,201469,0,nrmsd_norm,60,0.6172529950678722
33764.44,COL-mean-ED,397,10263,201469,0,nrmsd_norm,65,0.6269785128271177
33764.44,COL-mean-ED,397,10263,201469,0,nrmsd_norm,70,0.6061240027242766
33764.44,COL-mean-ED,397,10263,201469,0,nrmsd_norm,75,0.6062436896628838
33764.44,COL-mean-ED,397,3557,201469,0,nrmsd_norm,80,0.6101222429768999
33764.44,COL-mean-ED,397,3557,201469,0,nrmsd_norm,85,0.6017158044153028
33764.44,COL-mean-ED,397,3557,201469,0,nrmsd_norm,90,0.612819914128276
33764.44,COL-mean-ED,397,3557,201469,0,nrmsd_norm,95,0.6067423304248342
33764.44,COL-mean-ED,397,3536,201469,0,nrmsd_norm,100,0.6174880103411999
33764.44,COL-mean-ED,397,9962,94177,0,nrmsd_norm,5,0.691522700192153
33764.44,COL-mean-ED,397,8799,94177,0,nrmsd_norm,6,0.6420026083029349
33764.44,COL-mean-ED,397,8620,94177,0,nrmsd_norm,7,0.6814777496111963
33764.44,COL-mean-ED,397,8620,94177,0,nrmsd_norm,8,0.6648008239417874
33764.44,COL-mean-ED,397,8620,94177,0,nrmsd_norm,9,0.6781592860108313
33764.44,COL-mean-ED,397,9535,94177,0,nrmsd_norm,10,0.7182847649562734
33764.44,COL-mean-ED,397,9842,94177,0,nrmsd_norm,11,0.6945582163735187
33764.44,COL-mean-ED,397,9842,94177,0,nrmsd_norm,12,0.6952211055379798
33764.44,COL-mean-ED,397,9234,94177,0,nrmsd_norm,13,0.631419432217335
33764.44,COL-mean-ED,397,2398,94177,0,nrmsd_norm,14,0.6335517662448421
33764.44,COL-mean-ED,397,2398,94177,0,nrmsd_norm,15,0.6369973037632302
33764.44,COL-mean-ED,397,2398,94177,0,nrmsd_norm,16,0.6614763826299339
33764.44,COL-mean-ED,397,2398,94177,0,nrmsd_norm,17,0.6663240867276816
33764.44,COL-mean-ED,397,2398,94177,0,nrmsd_norm,18,0.6599918781055691
33764.44,COL-mean-ED,397,2398,94177,0,nrmsd_norm,19,0.6635895114542312
33764.44,COL-mean-ED,397,2398,94177,0,nrmsd_norm,20,0.68505600114045
33764.44,COL-mean-ED,397,2398,94177,0,nrmsd_norm,22,0.6665338184626842
33764.44,COL-mean-ED,397,2398,94177,0,nrmsd_norm,24,0.6730932118259321
33764.44,COL-mean-ED,397,2398,94177,0,nrmsd_norm,26,0.6963797564133639
33764.44,COL-mean-ED,397,1638,94177,0,nrmsd_norm,28,0.6919074116199693
33764.44,COL-mean-ED,397,1638,94177,0,nrmsd_norm,30,0.6965504356434423
33764.44,COL-mean-ED,397,1416,94177,0,nrmsd_norm,32,0.6770947965083451
33764.44,COL-mean-ED,397,1416,94177,0,nrmsd_norm,34,0.680554100774438
33764.44,COL-mean-ED,397,1416,94177,0,nrmsd_norm,36,0.6938751199163723
33764.44,COL-mean-ED,397,1416,94177,0,nrmsd_norm,38,0.6993175329284282
33764.44,COL-mean-ED,397,1416,94177,0,nrmsd_norm,40,0.7017587077992323
33764.44,COL-mean-ED,397,1416,94177,0,nrmsd_norm,42,0.6947701642944701
33764.44,COL-mean-ED,397,1416,94177,0,nrmsd_norm,44,0.6952508408783411
33764.44,COL-mean-ED,397,1416,94177,0,nrmsd_norm,46,0.701426904146034
33764.44,COL-mean-ED,397,696,94177,0,nrmsd_norm,48,0.7024096745277919
33764.44,COL-mean-ED,397,696,94177,0,nrmsd_norm,50,0.6951815328474014
33764.44,COL-mean-ED,397,696,94177,0,nrmsd_norm,55,0.6778050683236205
33764.44,COL-mean-ED,397,397,94177,0,nrmsd_norm,60,0.6818293874413445
33764.44,COL-mean-ED,397,397,94177,0,nrmsd_norm,65,0.6850675832324035
33764.44,COL-mean-ED,397,1103,94177,0,nrmsd_norm,70,0.6499993423663983
33764.44,COL-mean-ED,397,6953,94177,0,nrmsd_norm,75,0.6484546455304121
33764.44,COL-mean-ED,397,6953,94177,0,nrmsd_norm,80,0.6365689038956909
33764.44,COL-mean-ED,397,6953,94177,0,nrmsd_norm,85,0.6316475048676772
33764.44,COL-mean-ED,397,6953,94177,0,nrmsd_norm,90,0.6415180806090764
33764.44,COL-mean-ED,397,6953,94177,0,nrmsd_norm,95,0.6269159819406959
33764.44,COL-mean-ED,397,1103,94177,0,nrmsd_norm,100,0.6360349984348825
33764.44,COL-min-ED,397,12283,89250,0,nrmsd_norm,5,0.6373067367218626
33764.44,COL-min-ED,397,6639,89250,0,nrmsd_norm,6,0.6196280284981283
33764.44,COL-min-ED,397,6639,89250,0,nrmsd_norm,7,0.6385710697507783
33764.44,COL-min-ED,397,4208,89250,0,nrmsd_norm,8,0.6277780687745044
33764.44,COL-min-ED,397,4057,89250,0,nrmsd_norm,9,0.6237221169138991
33764.44,COL-min-ED,397,4057,89250,0,nrmsd_norm,10,0.6265092509817944
33764.44,COL-min-ED,397,4057,89250,0,nrmsd_norm,11,0.6694786899218745
33764.44,COL-min-ED,397,4190,89250,0,nrmsd_norm,12,0.6432224919941332
33764.44,COL-min-ED,397,4190,89250,0,nrmsd_norm,13,0.6572699080902501
33764.44,COL-min-ED,397,4190,89250,0,nrmsd_norm,14,0.6600417909043236
33764.44,COL-min-ED,397,4688,89250,0,nrmsd_norm,15,0.6425848914400561
33764.44,COL-min-ED,397,2388,89250,0,nrmsd_norm,16,0.6539259826397692
33764.44,COL-min-ED,397,11015,89250,0,nrmsd_norm,17,0.6410466624565763
33764.44,COL-min-ED,397,5719,89250,0,nrmsd_norm,18,0.6468570336184932
33764.44,COL-min-ED,397,5719,89250,0,nrmsd_norm,19,0.6492431743234979
33764.44,COL-min-ED,397,5719,89250,0,nrmsd_norm,20,0.660893758321715
33764.44,COL-min-ED,397,5719,89250,0,nrmsd_norm,22,0.6522645953126296
33764.44,COL-min-ED,397,10874,89250,0,nrmsd_norm,24,0.6504927669739775
33764.44,COL-min-ED,397,10874,89250,0,nrmsd_norm,26,0.6672837329338527
33764.44,COL-min-ED,397,10874,89250,0,nrmsd_norm,28,0.676096046409738
33764.44,COL-min-ED,397,11999,89250,0,nrmsd_norm,30,0.6775555722639596
33764.44,COL-min-ED,397,7132,89250,0,nrmsd_norm,32,0.6693427907351918
33764.44,COL-min-ED,397,7132,89250,0,nrmsd_norm,34,0.6641977468337515
33764.44,COL-min-ED,397,7132,89250,0,nrmsd_norm,36,0.6669640772642159
33764.44,COL-min-ED,397,11999,89250,0,nrmsd_norm,38,0.6583063677828153
33764.44,COL-min-ED,397,12577,89250,0,nrmsd_norm,40,0.6624835858474752
33764.44,COL-min-ED,397,1244,89250,0,nrmsd_norm,42,0.6646931472012838
33764.44,COL-min-ED,397,11999,89250,0,nrmsd_norm,44,0.6636722323228681
33764.44,COL-min-ED,397,12577,89250,0,nrmsd_norm,46,0.6596553014638729
33764.44,COL-min-ED,397,1244,89250,0,nrmsd_norm,48,0.6510796777736462
33764.44,COL-min-ED,397,1244,89250,0,nrmsd_norm,50,0.6516608899603887
33764.44,COL-min-ED,397,1244,89250,0,nrmsd_norm,55,0.6508671269468285
33764.44,COL-min-ED,397,1244,89250,0,nrmsd_norm,60,0.6520456265729376
33764.44,COL-min-ED,397,12577,89250,0,nrmsd_norm,65,0.6401671042965045
33764.44,COL-min-ED,397,11572,89250,0,nrmsd_norm,70,0.6397255409879844
33764.44,COL-min-ED,397,11572,89250,0,nrmsd_norm,75,0.6374994361593097
33764.44,COL-min-ED,397,11572,89250,0,nrmsd_norm,80,0.6395058713453782
33764.44,COL-min-ED,397,11572,89250,0,nrmsd_norm,85,0.637523960208471
33764.44,COL-min-ED,397,11572,89250,0,nrmsd_norm,90,0.6419556292635062
33764.44,COL-min-ED,397,11572,89250,0,nrmsd_norm,95,0.6390830813439823
33764.44,COL-min-ED,397,11572,89250,0,nrmsd_norm,100,0.6408126693830073
33764.44,COL-min-ED,397,7236,773956,0,nrmsd_norm,5,0.6517835835750876
33764.44,COL-min-ED,397,12339,773956,0,nrmsd_norm,6,0.6809598191599543
33764.44,COL-min-ED,397,1396,773956,0,nrmsd_norm,7,0.7050023385679196
33764.44,COL-min-ED,397,7194,773956,0,nrmsd_norm,8,0.7050514106837132
33764.44,COL-min-ED,397,7194,773956,0,nrmsd_norm,9,0.6834595869915532
33764.44,COL-min-ED,397,2774,773956,0,nrmsd_norm,10,0.6889827608612571
33764.44,COL-min-ED,397,2774,773956,0,nrmsd_norm,11,0.7195146184374206
33764.44,COL-min-ED,397,552,773956,0,nrmsd_norm,12,0.7036635491988041
33764.44,COL-min-ED,397,552,773956,0,nrmsd_norm,13,0.7098426002945973
33764.44,COL-min-ED,397,552,773956,0,nrmsd_norm,14,0.7055977256729572
33764.44,COL-min-ED,397,7181,773956,0,nrmsd_norm,15,0.704439389546487
33764.44,COL-min-ED,397,7181,773956,0,nrmsd_norm,16,0.7141093831951251
33764.44,COL-min-ED,397,3966,773956,0,nrmsd_norm,17,0.702694721005669
33764.44,COL-min-ED,397,3966,773956,0,nrmsd_norm,18,0.7016753056547259
33764.44,COL-min-ED,397,3966,773956,0,nrmsd_norm,19,0.7061593093975125
33764.44,COL-min-ED,397,3966,773956,0,nrmsd_norm,20,0.7118553866787863
33764.44,COL-min-ED,397,12373,773956,0,nrmsd_norm,22,0.697625123775831
33764.44,COL-min-ED,397,12373,773956,0,nrmsd_norm,24,0.6909118130631479
33764.44,COL-min-ED,397,12373,773956,0,nrmsd_norm,26,0.7019087063211219
33764.44,COL-min-ED,397,12373,773956,0,nrmsd_norm,28,0.7100282438439903
33764.44,COL-min-ED,397,12372,773956,0,nrmsd_norm,30,0.7023940494576517
33764.44,COL-min-ED,397,11420,773956,0,nrmsd_norm,32,0.6906637802637396
33764.44,COL-min-ED,397,6988,773956,0,nrmsd_norm,34,0.6816849794958723
33764.44,COL-min-ED,397,11420,773956,0,nrmsd_norm,36,0.6808345450332317
33764.44,COL-min-ED,397,945,773956,0,nrmsd_norm,38,0.6620675274317849
33764.44,COL-min-ED,397,945,773956,0,nrmsd_norm,40,0.6702438333698254
33764.44,COL-min-ED,397,945,773956,0,nrmsd_norm,42,0.670517733196919
33764.44,COL-min-ED,397,945,773956,0,nrmsd_norm,44,0.6688527101425779
33764.44,COL-min-ED,397,945,773956,0,nrmsd_norm,46,0.6641855094813597
33764.44,COL-min-ED,397,723,773956,0,nrmsd_norm,48,0.6574968753886364
33764.44,COL-min-ED,397,723,773956,0,nrmsd_norm,50,0.6580732248469868
33764.44,COL-min-ED,397,723,773956,0,nrmsd_norm,55,0.6540340748560164
33764.44,COL-min-ED,397,723,773956,0,nrmsd_norm,60,0.6562023749645874
33764.44,COL-min-ED,397,397,773956,0,nrmsd_norm,65,0.6438044389676674
33764.44,COL-min-ED,397,397,773956,0,nrmsd_norm,70,0.6384897611394265
33764.44,COL-min-ED,397,397,773956,0,nrmsd_norm,75,0.6411155270071005
33764.44,COL-min-ED,397,397,773956,0,nrmsd_norm,80,0.6475088102044243
33764.44,COL-min-ED,397,397,773956,0,nrmsd_norm,85,0.6456664343432205
33764.44,COL-min-ED,397,397,773956,0,nrmsd_norm,90,0.6439945650525238
33764.44,COL-min-ED,397,7139,773956,0,nrmsd_norm,95,0.6384972421662471
33764.44,COL-min-ED,397,539,773956,0,nrmsd_norm,100,0.6394693621826698
33764.44,COL-min-ED,397,7445,654571,0,nrmsd_norm,5,0.6453844239171477
33764.44,COL-min-ED,397,7281,654571,0,nrmsd_norm,6,0.6609509621227806
33764.44,COL-min-ED,397,10799,654571,0,nrmsd_norm,7,0.6680757860126671
33764.44,COL-min-ED,397,7340,654571,0,nrmsd_norm,8,0.6470823238516131
33764.44,COL-min-ED,397,7340,654571,0,nrmsd_norm,9,0.6339007950162162
33764.44,COL-min-ED,397,7340,654571,0,nrmsd_norm,10,0.6358992381109011
33764.44,COL-min-ED,397,7340,654571,0,nrmsd_norm,11,0.6812472470536272
33764.44,COL-min-ED,397,7340,654571,0,nrmsd_norm,12,0.6723024777758712
33764.44,COL-min-ED,397,7340,654571,0,nrmsd_norm,13,0.6787738307836356
33764.44,COL-min-ED,397,7340,654571,0,nrmsd_norm,14,0.6802025736689896
33764.44,COL-min-ED,397,2146,654571,0,nrmsd_norm,15,0.6790881102144749
33764.44,COL-min-ED,397,2146,654571,0,nrmsd_norm,16,0.6843540766501435
33764.44,COL-min-ED,397,2146,654571,0,nrmsd_norm,17,0.6780411313619853
33764.44,COL-min-ED,397,2146,654571,0,nrmsd_norm,18,0.6793743906490667
33764.44,COL-min-ED,397,1516,654571,0,nrmsd_norm,19,0.6782260699720942
33764.44,COL-min-ED,397,1494,654571,0,nrmsd_norm,20,0.687997462231477
33764.44,COL-min-ED,397,2146,654571,0,nrmsd_norm,22,0.6759258651015682
33764.44,COL-min-ED,397,7117,654571,0,nrmsd_norm,24,0.6740330028071734
33764.44,COL-min-ED,397,7117,654571,0,nrmsd_norm,26,0.6865093574406546
33764.44,COL-min-ED,397,7117,654571,0,nrmsd_norm,28,0.6951683562862215
33764.44,COL-min-ED,397,1131,654571,0,nrmsd_norm,30,0.6963900398929896
33764.44,COL-min-ED,397,7117,654571,0,nrmsd_norm,32,0.6824097229022319
33764.44,COL-min-ED,397,7117,654571,0,nrmsd_norm,34,0.6757537048785667
33764.44,COL-min-ED,397,7117,654571,0,nrmsd_norm,36,0.6755725973937194
33764.44,COL-min-ED,397,10549,654571,0,nrmsd_norm,38,0.6698912932502211
33764.44,COL-min-ED,397,7117,654571,0,nrmsd_norm,40,0.6805206653668712
33764.44,COL-min-ED,397,7117,654571,0,nrmsd_norm,42,0.6808324072946326
33764.44,COL-min-ED,397,7117,654571,0,nrmsd_norm,44,0.6805999784472763
33764.44,COL-min-ED,397,10549,654571,0,nrmsd_norm,46,0.6730390781395506
33764.44,COL-min-ED,397,3238,654571,0,nrmsd_norm,48,0.6668019057822283
33764.44,COL-min-ED,397,3238,654571,0,nrmsd_norm,50,0.6689981373892512
33764.44,COL-min-ED,397,7131,654571,0,nrmsd_norm,55,0.6658985831507005
33764.44,COL-min-ED,397,7131,654571,0,nrmsd_norm,60,0.6642300436598724
33764.44,COL-min-ED,397,7117,654571,0,nrmsd_norm,65,0.6523534917561727
33764.44,COL-min-ED,397,7117,654571,0,nrmsd_norm,70,0.6562849461426908
33764.44,COL-min-ED,397,7132,654571,0,nrmsd_norm,75,0.6545158206300982
33764.44,COL-min-ED,397,7132,654571,0,nrmsd_norm,80,0.6550559710339392
33764.44,COL-min-ED,397,9967,654571,0,nrmsd_norm,85,0.6514352868075
33764.44,COL-min-ED,397,9967,654571,0,nrmsd_norm,90,0.652546768992041
33764.44,COL-min-ED,397,9967,654571,0,nrmsd_norm,95,0.6488717097448569
33764.44,COL-min-ED,397,12258,654571,0,nrmsd_norm,100,0.6506897633761937
33764.44,COL-min-ED,397,2007,438878,0,nrmsd_norm,5,0.6146644065998158
33764.44,COL-min-ED,397,7017,438878,0,nrmsd_norm,6,0.6390443010952592
33764.44,COL-min-ED,397,7018,438878,0,nrmsd_norm,7,0.660246749102657
33764.44,COL-min-ED,397,7341,438878,0,nrmsd_norm,8,0.6571545661147922
33764.44,COL-min-ED,397,10799,438878,0,nrmsd_norm,9,0.6441972996005884
33764.44,COL-min-ED,397,10799,438878,0,nrmsd_norm,10,0.65560167191867
33764.44,COL-min-ED,397,10799,438878,0,nrmsd_norm,11,0.6882751711970365
33764.44,COL-min-ED,397,137,438878,0,nrmsd_norm,12,0.6408993920458124
33764.44,COL-min-ED,397,137,438878,0,nrmsd_norm,13,0.6590451508554047
33764.44,COL-min-ED,397,137,438878,0,nrmsd_norm,14,0.67016616022837
33764.44,COL-min-ED,397,5785,438878,0,nrmsd_norm,15,0.6561946170740127
33764.44,COL-min-ED,397,5785,438878,0,nrmsd_norm,16,0.6700328527990723
33764.44,COL-min-ED,397,5785,438878,0,nrmsd_norm,17,0.6593853227446056
33764.44,COL-min-ED,397,5785,438878,0,nrmsd_norm,18,0.6682412904874891
33764.44,COL-min-ED,397,6293,438878,0,nrmsd_norm,19,0.67199051770692
33764.44,COL-min-ED,397,7217,438878,0,nrmsd_norm,20,0.6771973868219756
33764.44,COL-min-ED,397,5342,438878,0,nrmsd_norm,22,0.6684456973445613
33764.44,COL-min-ED,397,7217,438878,0,nrmsd_norm,24,0.6667463187333081
33764.44,COL-min-ED,397,7217,438878,0,nrmsd_norm,26,0.6769215378479924
33764.44,COL-min-ED,397,7217,438878,0,nrmsd_norm,28,0.6812411251990217
33764.44,COL-min-ED,397,7217,438878,0,nrmsd_norm,30,0.6794950301034884
33764.44,COL-min-ED,397,7217,438878,0,nrmsd_norm,32,0.6693729441407227
33764.44,COL-min-ED,397,2049,438878,0,nrmsd_norm,34,0.6621938355349596
33764.44,COL-min-ED,397,2049,438878,0,nrmsd_norm,36,0.6636830222744399
33764.44,COL-min-ED,397,2049,438878,0,nrmsd_norm,38,0.6597236306388988
33764.44,COL-min-ED,397,128,438878,0,nrmsd_norm,40,0.6668761747391034
33764.44,COL-min-ED,397,7297,438878,0,nrmsd_norm,42,0.6683494663584579
33764.44,COL-min-ED,397,7322,438878,0,nrmsd_norm,44,0.6683623260532395
33764.44,COL-min-ED,397,128,438878,0,nrmsd_norm,46,0.6610308635885083
33764.44,COL-min-ED,397,7322,438878,0,nrmsd_norm,48,0.6519837764834828
33764.44,COL-min-ED,397,7322,438878,0,nrmsd_norm,50,0.6551235647907059
33764.44,COL-min-ED,397,7322,438878,0,nrmsd_norm,55,0.6513500226589071
33764.44,COL-min-ED,397,7321,438878,0,nrmsd_norm,60,0.6561322107461295
33764.44,COL-min-ED,397,7308,438878,0,nrmsd_norm,65,0.6445839426777592
33764.44,COL-min-ED,397,128,438878,0,nrmsd_norm,70,0.6492827120451136
33764.44,COL-min-ED,397,7297,438878,0,nrmsd_norm,75,0.646723680985458
33764.44,COL-min-ED,397,7297,438878,0,nrmsd_norm,80,0.6485479363542664
33764.44,COL-min-ED,397,7297,438878,0,nrmsd_norm,85,0.6398710032971224
33764.44,COL-min-ED,397,7297,438878,0,nrmsd_norm,90,0.6401170981277843
33764.44,COL-min-ED,397,7297,438878,0,nrmsd_norm,95,0.6363192681706928
33764.44,COL-min-ED,397,9967,438878,0,nrmsd_norm,100,0.6384815349292526
33764.44,COL-min-ED,397,490,433015,0,nrmsd_norm,5,0.6352586106496338
33764.44,COL-min-ED,397,1512,433015,0,nrmsd_norm,6,0.6557320689410541
33764.44,COL-min-ED,397,6827,433015,0,nrmsd_norm,7,0.6729211615186503
33764.44,COL-min-ED,397,7341,433015,0,nrmsd_norm,8,0.6812528569351096
33764.44,COL-min-ED,397,7688,433015,0,nrmsd_norm,9,0.6663018850739317
33764.44,COL-min-ED,397,7688,433015,0,nrmsd_norm,10,0.6702279585472793
33764.44,COL-min-ED,397,7688,433015,0,nrmsd_norm,11,0.6983303282174455
33764.44,COL-min-ED,397,10686,433015,0,nrmsd_norm,12,0.6859666486993922
33764.44,COL-min-ED,397,10686,433015,0,nrmsd_norm,13,0.6951805382709948
33764.44,COL-min-ED,397,4117,433015,0,nrmsd_norm,14,0.6967869658520753
33764.44,COL-min-ED,397,211,433015,0,nrmsd_norm,15,0.6752231673032321
33764.44,COL-min-ED,397,211,433015,0,nrmsd_norm,16,0.6840824819293564
33764.44,COL-min-ED,397,1103,433015,0,nrmsd_norm,17,0.6645537078520622
33764.44,COL-min-ED,397,2105,433015,0,nrmsd_norm,18,0.6700426121059784
33764.44,COL-min-ED,397,3536,433015,0,nrmsd_norm,19,0.6764395682381773
33764.44,COL-min-ED,397,3536,433015,0,nrmsd_norm,20,0.6810733766776358
33764.44,COL-min-ED,397,11139,433015,0,nrmsd_norm,22,0.6692836315580595
33764.44,COL-min-ED,397,7154,433015,0,nrmsd_norm,24,0.6620360394361531
33764.44,COL-min-ED,397,7154,433015,0,nrmsd_norm,26,0.6743825883639799
33764.44,COL-min-ED,397,7154,433015,0,nrmsd_norm,28,0.6838468057390239
33764.44,COL-min-ED,397,7154,433015,0,nrmsd_norm,30,0.6808995281926764
33764.44,COL-min-ED,397,12067,433015,0,nrmsd_norm,32,0.6593695664973241
33764.44,COL-min-ED,397,12067,433015,0,nrmsd_norm,34,0.6545733607517116
33764.44,COL-min-ED,397,12067,433015,0,nrmsd_norm,36,0.653099995482875
33764.44,COL-min-ED,397,12067,433015,0,nrmsd_norm,38,0.6437104121589877
33764.44,COL-min-ED,397,12067,433015,0,nrmsd_norm,40,0.6480600108037696
33764.44,COL-min-ED,397,12067,433015,0,nrmsd_norm,42,0.6505042545212357
33764.44,COL-min-ED,397,12067,433015,0,nrmsd_norm,44,0.6515651542632473
33764.44,COL-min-ED,397,12067,433015,0,nrmsd_norm,46,0.6444105670748896
33764.44,COL-min-ED,397,12067,433015,0,nrmsd_norm,48,0.6351467745408268
33764.44,COL-min-ED,397,12067,433015,0,nrmsd_norm,50,0.6369664414886249
33764.44,COL-min-ED,397,11135,433015,0,nrmsd_norm,55,0.6358628349187914
33764.44,COL-min-ED,397,12067,433015,0,nrmsd_norm,60,0.6381408282993554
33764.44,COL-min-ED,397,12067,433015,0,nrmsd_norm,65,0.6177540891775638
33764.44,COL-min-ED,397,11715,433015,0,nrmsd_norm,70,0.6195893851321143
33764.44,COL-min-ED,397,7154,433015,0,nrmsd_norm,75,0.62040262331494
33764.44,COL-min-ED,397,7154,433015,0,nrmsd_norm,80,0.6223137382985295
33764.44,COL-min-ED,397,11715,433015,0,nrmsd_norm,85,0.6246947739272304
33764.44,COL-min-ED,397,7154,433015,0,nrmsd_norm,90,0.6276690287679476
33764.44,COL-min-ED,397,7154,433015,0,nrmsd_norm,95,0.6225283798912745
33764.44,COL-min-ED,397,7139,433015,0,nrmsd_norm,100,0.6257215724878066
33764.44,COL-min-ED,397,6817,858597,0,nrmsd_norm,5,0.6186262387192781
33764.44,COL-min-ED,397,6817,858597,0,nrmsd_norm,6,0.6283051107019589
33764.44,COL-min-ED,397,7117,858597,0,nrmsd_norm,7,0.6479215758009098
33764.44,COL-min-ED,397,7117,858597,0,nrmsd_norm,8,0.6549284663893076
33764.44,COL-min-ED,397,7131,858597,0,nrmsd_norm,9,0.6439453382819813
33764.44,COL-min-ED,397,4494,858597,0,nrmsd_norm,10,0.6387920485576338
33764.44,COL-min-ED,397,2705,858597,0,nrmsd_norm,11,0.680570956650389
33764.44,COL-min-ED,397,4100,858597,0,nrmsd_norm,12,0.6771629819451125
33764.44,COL-min-ED,397,4100,858597,0,nrmsd_norm,13,0.6837835942606654
33764.44,COL-min-ED,397,4100,858597,0,nrmsd_norm,14,0.6842397584780686
33764.44,COL-min-ED,397,5682,858597,0,nrmsd_norm,15,0.6700533896737687
33764.44,COL-min-ED,397,6858,858597,0,nrmsd_norm,16,0.681826185213064
33764.44,COL-min-ED,397,6962,858597,0,nrmsd_norm,17,0.6664904320097064
33764.44,COL-min-ED,397,6953,858597,0,nrmsd_norm,18,0.6703345620060692
33764.44,COL-min-ED,397,7658,858597,0,nrmsd_norm,19,0.6709687218645348
33764.44,COL-min-ED,397,7658,858597,0,nrmsd_norm,20,0.67763716507176
33764.44,COL-min-ED,397,10276,858597,0,nrmsd_norm,22,0.6731621060418196
33764.44,COL-min-ED,397,7146,858597,0,nrmsd_norm,24,0.6678560071800209
33764.44,COL-min-ED,397,7146,858597,0,nrmsd_norm,26,0.6817645794134819
33764.44,COL-min-ED,397,7146,858597,0,nrmsd_norm,28,0.6905270127282095
33764.44,COL-min-ED,397,7146,858597,0,nrmsd_norm,30,0.6889997483437014
33764.44,COL-min-ED,397,6445,858597,0,nrmsd_norm,32,0.66414503470875
33764.44,COL-min-ED,397,2612,858597,0,nrmsd_norm,34,0.6650734595594119
33764.44,COL-min-ED,397,6445,858597,0,nrmsd_norm,36,0.6621518662148299
33764.44,COL-min-ED,397,7146,858597,0,nrmsd_norm,38,0.6568573341113335
33764.44,COL-min-ED,397,6962,858597,0,nrmsd_norm,40,0.6582331998901292
33764.44,COL-min-ED,397,7146,858597,0,nrmsd_norm,42,0.6625985965072951
33764.44,COL-min-ED,397,7146,858597,0,nrmsd_norm,44,0.6625967885734386
33764.44,COL-min-ED,397,7146,858597,0,nrmsd_norm,46,0.6520760127526991
33764.44,COL-min-ED,397,7146,858597,0,nrmsd_norm,48,0.645956654876639
33764.44,COL-min-ED,397,7146,858597,0,nrmsd_norm,50,0.6477829907712457
33764.44,COL-min-ED,397,7146,858597,0,nrmsd_norm,55,0.6472127242311997
33764.44,COL-min-ED,397,7146,858597,0,nrmsd_norm,60,0.6522912917674979
33764.44,COL-min-ED,397,539,858597,0,nrmsd_norm,65,0.642267163339729
33764.44,COL-min-ED,397,539,858597,0,nrmsd_norm,70,0.6420024418597263
33764.44,COL-min-ED,397,397,858597,0,nrmsd_norm,75,0.6388217657491715
33764.44,COL-min-ED,397,397,858597,0,nrmsd_norm,80,0.6458631459796744
33764.44,COL-min-ED,397,397,858597,0,nrmsd_norm,85,0.6407510996828725
33764.44,COL-min-ED,397,397,858597,0,nrmsd_norm,90,0.643869276369732
33764.44,COL-min-ED,397,10355,858597,0,nrmsd_norm,95,0.6384214562277658
33764.44,COL-min-ED,397,10355,858597,0,nrmsd_norm,100,0.640266281107634
33764.44,COL-min-ED,397,7388,85945,0,nrmsd_norm,5,0.6057027127234512
33764.44,COL-min-ED,397,252,85945,0,nrmsd_norm,6,0.6007566601235651
33764.44,COL-min-ED,397,2308,85945,0,nrmsd_norm,7,0.6111234590055925
33764.44,COL-min-ED,397,7106,85945,0,nrmsd_norm,8,0.6209514518355548
33764.44,COL-min-ED,397,7106,85945,0,nrmsd_norm,9,0.613865221584019
33764.44,COL-min-ED,397,7129,85945,0,nrmsd_norm,10,0.6238471298345345
33764.44,COL-min-ED,397,7129,85945,0,nrmsd_norm,11,0.6626082825133341
33764.44,COL-min-ED,397,11999,85945,0,nrmsd_norm,12,0.6494791279234076
33764.44,COL-min-ED,397,11999,85945,0,nrmsd_norm,13,0.6602783394275005
33764.44,COL-min-ED,397,5872,85945,0,nrmsd_norm,14,0.6664751492318878
33764.44,COL-min-ED,397,4501,85945,0,nrmsd_norm,15,0.6589188770520563
33764.44,COL-min-ED,397,4501,85945,0,nrmsd_norm,16,0.6721420503604981
33764.44,COL-min-ED,397,11999,85945,0,nrmsd_norm,17,0.6595445808913208
33764.44,COL-min-ED,397,11999,85945,0,nrmsd_norm,18,0.6682832884329525
33764.44,COL-min-ED,397,6797,85945,0,nrmsd_norm,19,0.6743158775691194
33764.44,COL-min-ED,397,6797,85945,0,nrmsd_norm,20,0.6817543067068107
33764.44,COL-min-ED,397,11840,85945,0,nrmsd_norm,22,0.669792113812888
33764.44,COL-min-ED,397,11840,85945,0,nrmsd_norm,24,0.6639454188443953
33764.44,COL-min-ED,397,11999,85945,0,nrmsd_norm,26,0.6759955419838962
33764.44,COL-min-ED,397,11840,85945,0,nrmsd_norm,28,0.686064847090899
33764.44,COL-min-ED,397,11999,85945,0,nrmsd_norm,30,0.6780222990017221
33764.44,COL-min-ED,397,11999,85945,0,nrmsd_norm,32,0.6566970199699442
33764.44,COL-min-ED,397,11999,85945,0,nrmsd_norm,34,0.6509652822154132
33764.44,COL-min-ED,397,3709,85945,0,nrmsd_norm,36,0.6482177271573214
33764.44,COL-min-ED,397,2707,85945,0,nrmsd_norm,38,0.638955864629641
33764.44,COL-min-ED,397,2707,85945,0,nrmsd_norm,40,0.6447216332397351
33764.44,COL-min-ED,397,2707,85945,0,nrmsd_norm,42,0.6473572911439222
33764.44,COL-min-ED,397,2707,85945,0,nrmsd_norm,44,0.6464605854302444
33764.44,COL-min-ED,397,11999,85945,0,nrmsd_norm,46,0.6477474146588204
33764.44,COL-min-ED,397,3263,85945,0,nrmsd_norm,48,0.6377898687381417
33764.44,COL-min-ED,397,3263,85945,0,nrmsd_norm,50,0.6405145475935233
33764.44,COL-min-ED,397,10717,85945,0,nrmsd_norm,55,0.6395254423996678
33764.44,COL-min-ED,397,3263,85945,0,nrmsd_norm,60,0.6421757739799657
33764.44,COL-min-ED,397,97,85945,0,nrmsd_norm,65,0.6285584901762176
33764.44,COL-min-ED,397,5205,85945,0,nrmsd_norm,70,0.6340365776097504
33764.44,COL-min-ED,397,6493,85945,0,nrmsd_norm,75,0.6312473821077724
33764.44,COL-min-ED,397,7147,85945,0,nrmsd_norm,80,0.6382020315122234
33764.44,COL-min-ED,397,2839,85945,0,nrmsd_norm,85,0.6303003357823771
33764.44,COL-min-ED,397,7154,85945,0,nrmsd_norm,90,0.6329764338721631
33764.44,COL-min-ED,397,7154,85945,0,nrmsd_norm,95,0.6264585873984658
33764.44,COL-min-ED,397,7154,85945,0,nrmsd_norm,100,0.6283510327838744
33764.44,COL-min-ED,397,6627,697368,0,nrmsd_norm,5,0.6404370797915786
33764.44,COL-min-ED,397,11910,697368,0,nrmsd_norm,6,0.6480846950751801
33764.44,COL-min-ED,397,11303,697368,0,nrmsd_norm,7,0.5780281364349006
33764.44,COL-min-ED,397,11303,697368,0,nrmsd_norm,8,0.6065342676044985
33764.44,COL-min-ED,397,11303,697368,0,nrmsd_norm,9,0.6074220427039897
33764.44,COL-min-ED,397,7197,697368,0,nrmsd_norm,10,0.6266305055574093
33764.44,COL-min-ED,397,7547,697368,0,nrmsd_norm,11,0.6621200634293999
33764.44,COL-min-ED,397,7197,697368,0,nrmsd_norm,12,0.6484246565988169
33764.44,COL-min-ED,397,7197,697368,0,nrmsd_norm,13,0.6601284161130412
33764.44,COL-min-ED,397,7197,697368,0,nrmsd_norm,14,0.6659812567718788
33764.44,COL-min-ED,397,7328,697368,0,nrmsd_norm,15,0.6486036617226816
33764.44,COL-min-ED,397,7328,697368,0,nrmsd_norm,16,0.6590542541525783
33764.44,COL-min-ED,397,7328,697368,0,nrmsd_norm,17,0.6510500333815585
33764.44,COL-min-ED,397,7328,697368,0,nrmsd_norm,18,0.655913086829246
33764.44,COL-min-ED,397,7197,697368,0,nrmsd_norm,19,0.6590480856898133
33764.44,COL-min-ED,397,7197,697368,0,nrmsd_norm,20,0.6656429198028317
33764.44,COL-min-ED,397,945,697368,0,nrmsd_norm,22,0.6617514947691187
33764.44,COL-min-ED,397,7212,697368,0,nrmsd_norm,24,0.6541469641441691
33764.44,COL-min-ED,397,6991,697368,0,nrmsd_norm,26,0.6608506696586325
33764.44,COL-min-ED,397,6991,697368,0,nrmsd_norm,28,0.6666326113051608
33764.44,COL-min-ED,397,6991,697368,0,nrmsd_norm,30,0.6659841800612253
33764.44,COL-min-ED,397,7212,697368,0,nrmsd_norm,32,0.6644837185951303
33764.44,COL-min-ED,397,7212,697368,0,nrmsd_norm,34,0.6629157419866186
33764.44,COL-min-ED,397,945,697368,0,nrmsd_norm,36,0.6630168967468717
33764.44,COL-min-ED,397,7321,697368,0,nrmsd_norm,38,0.6585174402820919
33764.44,COL-min-ED,397,7321,697368,0,nrmsd_norm,40,0.6627030948226802
33764.44,COL-min-ED,397,7321,697368,0,nrmsd_norm,42,0.6628451832726948
33764.44,COL-min-ED,397,7321,697368,0,nrmsd_norm,44,0.663108331044891
33764.44,COL-min-ED,397,7321,697368,0,nrmsd_norm,46,0.6548366194679296
33764.44,COL-min-ED,397,7321,697368,0,nrmsd_norm,48,0.6500509964225849
33764.44,COL-min-ED,397,7321,697368,0,nrmsd_norm,50,0.6499417247638772
33764.44,COL-min-ED,397,7321,697368,0,nrmsd_norm,55,0.6483577610089468
33764.44,COL-min-ED,397,7321,697368,0,nrmsd_norm,60,0.6503812862765916
33764.44,COL-min-ED,397,7321,697368,0,nrmsd_norm,65,0.6371742475091863
33764.44,COL-min-ED,397,7321,697368,0,nrmsd_norm,70,0.639392761052429
33764.44,COL-min-ED,397,7321,697368,0,nrmsd_norm,75,0.6371452807047715
33764.44,COL-min-ED,397,7321,697368,0,nrmsd_norm,80,0.6418917703351119
33764.44,COL-min-ED,397,7321,697368,0,nrmsd_norm,85,0.6369623997255215
33764.44,COL-min-ED,397,7321,697368,0,nrmsd_norm,90,0.6359005821845369
33764.44,COL-min-ED,397,53,697368,0,nrmsd_norm,95,0.631310596821378
33764.44,COL-min-ED,397,7308,697368,0,nrmsd_norm,100,0.6340140313450099
33764.44,COL-min-ED,397,7619,201469,0,nrmsd_norm,5,0.6119570326204641
33764.44,COL-min-ED,397,6868,201469,0,nrmsd_norm,6,0.6395194484394084
33764.44,COL-min-ED,397,2007,201469,0,nrmsd_norm,7,0.6554283092410824
33764.44,COL-min-ED,397,5593,201469,0,nrmsd_norm,8,0.6695775756919355
33764.44,COL-min-ED,397,5593,201469,0,nrmsd_norm,9,0.6631287570195561
33764.44,COL-min-ED,397,2007,201469,0,nrmsd_norm,10,0.6709840531752364
33764.44,COL-min-ED,397,2007,201469,0,nrmsd_norm,11,0.7030864113149181
33764.44,COL-min-ED,397,1237,201469,0,nrmsd_norm,12,0.6706641022854128
33764.44,COL-min-ED,397,1237,201469,0,nrmsd_norm,13,0.6839250617986117
33764.44,COL-min-ED,397,1237,201469,0,nrmsd_norm,14,0.6880780357477827
33764.44,COL-min-ED,397,9967,201469,0,nrmsd_norm,15,0.6715392283742002
33764.44,COL-min-ED,397,9967,201469,0,nrmsd_norm,16,0.6815716832796753
33764.44,COL-min-ED,397,618,201469,0,nrmsd_norm,17,0.6688373228955264
33764.44,COL-min-ED,397,618,201469,0,nrmsd_norm,18,0.6750605297058316
33764.44,COL-min-ED,397,6951,201469,0,nrmsd_norm,19,0.6817155098614519
33764.44,COL-min-ED,397,6951,201469,0,nrmsd_norm,20,0.6878267370552291
33764.44,COL-min-ED,397,6951,201469,0,nrmsd_norm,22,0.6824947421923235
33764.44,COL-min-ED,397,1416,201469,0,nrmsd_norm,24,0.6791174940731354
33764.44,COL-min-ED,397,1416,201469,0,nrmsd_norm,26,0.6900670656125132
33764.44,COL-min-ED,397,1416,201469,0,nrmsd_norm,28,0.6920341651102786
33764.44,COL-min-ED,397,1416,201469,0,nrmsd_norm,30,0.6896723576992208
33764.44,COL-min-ED,397,1416,201469,0,nrmsd_norm,32,0.6748694034291053
33764.44,COL-min-ED,397,1416,201469,0,nrmsd_norm,34,0.6724567509329645
33764.44,COL-min-ED,397,1416,201469,0,nrmsd_norm,36,0.6725401011555103
33764.44,COL-min-ED,397,1416,201469,0,nrmsd_norm,38,0.6627097042054166
33764.44,COL-min-ED,397,6953,201469,0,nrmsd_norm,40,0.6647151035985435
33764.44,COL-min-ED,397,6953,201469,0,nrmsd_norm,42,0.6681620172528462
33764.44,COL-min-ED,397,1416,201469,0,nrmsd_norm,44,0.6673750508895618
33764.44,COL-min-ED,397,6953,201469,0,nrmsd_norm,46,0.6580262407812002
33764.44,COL-min-ED,397,6953,201469,0,nrmsd_norm,48,0.6491651395805461
33764.44,COL-min-ED,397,6953,201469,0,nrmsd_norm,50,0.650906772558982
33764.44,COL-min-ED,397,6953,201469,0,nrmsd_norm,55,0.648715532058888
33764.44,COL-min-ED,397,6954,201469,0,nrmsd_norm,60,0.6488245712756167
33764.44,COL-min-ED,397,6954,201469,0,nrmsd_norm,65,0.6373529189869687
33764.44,COL-min-ED,397,6954,201469,0,nrmsd_norm,70,0.635382866037168
33764.44,COL-min-ED,397,6954,201469,0,nrmsd_norm,75,0.6344379955455502
33764.44,COL-min-ED,397,6954,201469,0,nrmsd_norm,80,0.6336411930096137
33764.44,COL-min-ED,397,7154,201469,0,nrmsd_norm,85,0.6247764219110258
33764.44,COL-min-ED,397,7154,201469,0,nrmsd_norm,90,0.6226978850452064
33764.44,COL-min-ED,397,7154,201469,0,nrmsd_norm,95,0.6176636675956183
33764.44,COL-min-ED,397,7154,201469,0,nrmsd_norm,100,0.6208541568674432
33764.44,COL-min-ED,397,2669,94177,0,nrmsd_norm,5,0.613257112970971
33764.44,COL-min-ED,397,11676,94177,0,nrmsd_norm,6,0.6215614795301325
33764.44,COL-min-ED,397,4501,94177,0,nrmsd_norm,7,0.6365392614863207
33764.44,COL-min-ED,397,4501,94177,0,nrmsd_norm,8,0.6446350475093271
33764.44,COL-min-ED,397,4501,94177,0,nrmsd_norm,9,0.641757261190578
33764.44,COL-min-ED,397,4501,94177,0,nrmsd_norm,10,0.6469962345571413
33764.44,COL-min-ED,397,4501,94177,0,nrmsd_norm,11,0.6854193647554316
33764.44,COL-min-ED,397,618,94177,0,nrmsd_norm,12,0.6633745524550282
33764.44,COL-min-ED,397,618,94177,0,nrmsd_norm,13,0.6725244431472824
33764.44,COL-min-ED,397,618,94177,0,nrmsd_norm,14,0.6763986196464818
33764.44,COL-min-ED,397,618,94177,0,nrmsd_norm,15,0.6559341963575894
33764.44,COL-min-ED,397,618,94177,0,nrmsd_norm,16,0.6652143548170674
33764.44,COL-min-ED,397,618,94177,0,nrmsd_norm,17,0.6255441661895561
33764.44,COL-min-ED,397,618,94177,0,nrmsd_norm,18,0.6339466934028903
33764.44,COL-min-ED,397,618,94177,0,nrmsd_norm,19,0.6446830647269738
33764.44,COL-min-ED,397,618,94177,0,nrmsd_norm,20,0.65338213604621
33764.44,COL-min-ED,397,5872,94177,0,nrmsd_norm,22,0.642255233018137
33764.44,COL-min-ED,397,618,94177,0,nrmsd_norm,24,0.640246033310953
33764.44,COL-min-ED,397,618,94177,0,nrmsd_norm,26,0.6551232657650965
33764.44,COL-min-ED,397,618,94177,0,nrmsd_norm,28,0.663132003768983
33764.44,COL-min-ED,397,618,94177,0,nrmsd_norm,30,0.6633312639173986
33764.44,COL-min-ED,397,618,94177,0,nrmsd_norm,32,0.6465049579237191
33764.44,COL-min-ED,397,618,94177,0,nrmsd_norm,34,0.6493086877983628
33764.44,COL-min-ED,397,618,94177,0,nrmsd_norm,36,0.6539524915323394
33764.44,COL-min-ED,397,618,94177,0,nrmsd_norm,38,0.6434191633119413
33764.44,COL-min-ED,397,618,94177,0,nrmsd_norm,40,0.6469394128211621
33764.44,COL-min-ED,397,618,94177,0,nrmsd_norm,42,0.6495941381669891
33764.44,COL-min-ED,397,618,94177,0,nrmsd_norm,44,0.6510908457785444
33764.44,COL-min-ED,397,618,94177,0,nrmsd_norm,46,0.6485001824068718
33764.44,COL-min-ED,397,618,94177,0,nrmsd_norm,48,0.6420392540440797
33764.44,COL-min-ED,397,618,94177,0,nrmsd_norm,50,0.6449112467523208
33764.44,COL-min-ED,397,618,94177,0,nrmsd_norm,55,0.6413087307414981
33764.44,COL-min-ED,397,618,94177,0,nrmsd_norm,60,0.6398623544718544
33764.44,COL-min-ED,397,6951,94177,0,nrmsd_norm,65,0.634017795843417
33764.44,COL-min-ED,397,6951,94177,0,nrmsd_norm,70,0.6338129353094429
33764.44,COL-min-ED,397,4512,94177,0,nrmsd_norm,75,0.6299526361555877
33764.44,COL-min-ED,397,6951,94177,0,nrmsd_norm,80,0.6323943069880432
33764.44,COL-min-ED,397,6951,94177,0,nrmsd_norm,85,0.6280438412779981
33764.44,COL-min-ED,397,4512,94177,0,nrmsd_norm,90,0.6298857724744108
33764.44,COL-min-ED,397,4512,94177,0,nrmsd_norm,95,0.6243271066030398
33764.44,COL-min-ED,397,4512,94177,0,nrmsd_norm,100,0.6266293447786565
33764.44,KDPP,397,11609,89250,0,nrmsd_norm,5,0.6123531576773054
33764.44,KDPP,397,9406,89250,0,nrmsd_norm,6,0.5977883726624919
33764.44,KDPP,397,7458,89250,0,nrmsd_norm,7,0.5547470671726746
33764.44,KDPP,397,7321,89250,0,nrmsd_norm,8,0.5406406965050775
33764.44,KDPP,397,7310,89250,0,nrmsd_norm,9,0.502299642506175
33764.44,KDPP,397,7458,89250,0,nrmsd_norm,10,0.48929773139165006
33764.44,KDPP,397,7458,89250,0,nrmsd_norm,11,0.47165517367365123
33764.44,KDPP,397,1722,89250,0,nrmsd_norm,12,0.4958854145565747
33764.44,KDPP,397,7321,89250,0,nrmsd_norm,13,0.4926565583586532
33764.44,KDPP,397,7321,89250,0,nrmsd_norm,14,0.4628288028458309
33764.44,KDPP,397,7310,89250,0,nrmsd_norm,15,0.4937727290195641
33764.44,KDPP,397,7321,89250,0,nrmsd_norm,16,0.4953170319950022
33764.44,KDPP,397,7321,89250,0,nrmsd_norm,17,0.4936103338157774
33764.44,KDPP,397,7310,89250,0,nrmsd_norm,18,0.4672471371522868
33764.44,KDPP,397,7310,89250,0,nrmsd_norm,19,0.45525931943847003
33764.44,KDPP,397,7310,89250,0,nrmsd_norm,20,0.44450661337932407
33764.44,KDPP,397,128,89250,0,nrmsd_norm,22,0.4299294881049443
33764.44,KDPP,397,7310,89250,0,nrmsd_norm,24,0.4224180075006462
33764.44,KDPP,397,7310,89250,0,nrmsd_norm,26,0.40531041436472887
33764.44,KDPP,397,7310,89250,0,nrmsd_norm,28,0.4011036788316319
33764.44,KDPP,397,7310,89250,0,nrmsd_norm,30,0.4112395289380045
33764.44,KDPP,397,7310,89250,0,nrmsd_norm,32,0.39872279690164175
33764.44,KDPP,397,7320,89250,0,nrmsd_norm,34,0.3995604606687595
33764.44,KDPP,397,7320,89250,0,nrmsd_norm,36,0.40695983712113487
33764.44,KDPP,397,7309,89250,0,nrmsd_norm,38,0.4042078653721908
33764.44,KDPP,397,7309,89250,0,nrmsd_norm,40,0.40891032401436567
33764.44,KDPP,397,53,89250,0,nrmsd_norm,42,0.4214051515399404
33764.44,KDPP,397,53,89250,0,nrmsd_norm,44,0.4221085235528913
33764.44,KDPP,397,53,89250,0,nrmsd_norm,46,0.42880909297928577
33764.44,KDPP,397,53,89250,0,nrmsd_norm,48,0.4300386056102332
33764.44,KDPP,397,7308,89250,0,nrmsd_norm,50,0.4165352586921063
33764.44,KDPP,397,7308,89250,0,nrmsd_norm,55,0.41908907151378705
33764.44,KDPP,397,7308,89250,0,nrmsd_norm,60,0.4136895405567979
33764.44,KDPP,397,7308,89250,0,nrmsd_norm,65,0.40943011677474556
33764.44,KDPP,397,7308,89250,0,nrmsd_norm,70,0.3954501976312574
33764.44,KDPP,397,397,89250,0,nrmsd_norm,75,0.38546066191085065
33764.44,KDPP,397,397,89250,0,nrmsd_norm,80,0.390470206606604
33764.44,KDPP,397,397,89250,0,nrmsd_norm,85,0.3943465848459426
33764.44,KDPP,397,397,89250,0,nrmsd_norm,90,0.39395648998721716
33764.44,KDPP,397,397,89250,0,nrmsd_norm,95,0.38726522610205133
33764.44,KDPP,397,7308,89250,0,nrmsd_norm,100,0.38839540594513966
33764.44,KDPP,397,12081,773956,0,nrmsd_norm,5,0.6103390125626079
33764.44,KDPP,397,12081,773956,0,nrmsd_norm,6,0.5749453713260967
33764.44,KDPP,397,6623,773956,0,nrmsd_norm,7,0.52902745779086
33764.44,KDPP,397,6772,773956,0,nrmsd_norm,8,0.5087815044211847
33764.44,KDPP,397,2924,773956,0,nrmsd_norm,9,0.49314130210556784
33764.44,KDPP,397,7458,773956,0,nrmsd_norm,10,0.4661130063454844
33764.44,KDPP,397,11482,773956,0,nrmsd_norm,11,0.44027001687403944
33764.44,KDPP,397,11482,773956,0,nrmsd_norm,12,0.4570180926247577
33764.44,KDPP,397,11482,773956,0,nrmsd_norm,13,0.4418230023237746
33764.44,KDPP,397,11482,773956,0,nrmsd_norm,14,0.4147256580429653
33764.44,KDPP,397,11482,773956,0,nrmsd_norm,15,0.42648134005660066
33764.44,KDPP,397,11482,773956,0,nrmsd_norm,16,0.441917895931662
33764.44,KDPP,397,11482,773956,0,nrmsd_norm,17,0.446240758102127
33764.44,KDPP,397,10762,773956,0,nrmsd_norm,18,0.42319322857968433
33764.44,KDPP,397,10762,773956,0,nrmsd_norm,19,0.4104592983054363
33764.44,KDPP,397,10762,773956,0,nrmsd_norm,20,0.4078775285211311
33764.44,KDPP,397,10762,773956,0,nrmsd_norm,22,0.40520914585115336
33764.44,KDPP,397,9967,773956,0,nrmsd_norm,24,0.40383219102696105
33764.44,KDPP,397,9967,773956,0,nrmsd_norm,26,0.38505263117041977
33764.44,KDPP,397,9967,773956,0,nrmsd_norm,28,0.37933135596515377
33764.44,KDPP,397,9967,773956,0,nrmsd_norm,30,0.39121909065256627
33764.44,KDPP,397,9967,773956,0,nrmsd_norm,32,0.381982017801357
33764.44,KDPP,397,9967,773956,0,nrmsd_norm,34,0.37996116795694374
33764.44,KDPP,397,9967,773956,0,nrmsd_norm,36,0.38159212275642185
33764.44,KDPP,397,9967,773956,0,nrmsd_norm,38,0.3784165357414989
33764.44,KDPP,397,9967,773956,0,nrmsd_norm,40,0.38549474582527543
33764.44,KDPP,397,9967,773956,0,nrmsd_norm,42,0.3939620302218092
33764.44,KDPP,397,9967,773956,0,nrmsd_norm,44,0.3940518507791895
33764.44,KDPP,397,9967,773956,0,nrmsd_norm,46,0.4013503211872581
33764.44,KDPP,397,9967,773956,0,nrmsd_norm,48,0.40094014386258825
33764.44,KDPP,397,9967,773956,0,nrmsd_norm,50,0.39082438292842353
33764.44,KDPP,397,9967,773956,0,nrmsd_norm,55,0.39403305888660384
33764.44,KDPP,397,1416,773956,0,nrmsd_norm,60,0.38775299820903236
33764.44,KDPP,397,1416,773956,0,nrmsd_norm,65,0.3875259524087101
33764.44,KDPP,397,1416,773956,0,nrmsd_norm,70,0.37997113388618475
33764.44,KDPP,397,1416,773956,0,nrmsd_norm,75,0.37126606624192854
33764.44,KDPP,397,1416,773956,0,nrmsd_norm,80,0.3769014479834329
33764.44,KDPP,397,1416,773956,0,nrmsd_norm,85,0.38142061857415094
33764.44,KDPP,397,1416,773956,0,nrmsd_norm,90,0.3805664234282253
33764.44,KDPP,397,1416,773956,0,nrmsd_norm,95,0.3733451834542439
33764.44,KDPP,397,397,773956,0,nrmsd_norm,100,0.37489363746079807
33764.44,KDPP,397,221,654571,0,nrmsd_norm,5,0.542063007852343
33764.44,KDPP,397,1012,654571,0,nrmsd_norm,6,0.5691468846965384
33764.44,KDPP,397,11639,654571,0,nrmsd_norm,7,0.5225040284922249
33764.44,KDPP,397,2707,654571,0,nrmsd_norm,8,0.49882218154120245
33764.44,KDPP,397,2105,654571,0,nrmsd_norm,9,0.46990894809584915
33764.44,KDPP,397,2105,654571,0,nrmsd_norm,10,0.44619133573912534
33764.44,KDPP,397,6442,654571,0,nrmsd_norm,11,0.4291707491354905
33764.44,KDPP,397,2105,654571,0,nrmsd_norm,12,0.43736422017261906
33764.44,KDPP,397,6442,654571,0,nrmsd_norm,13,0.41846108436100365
33764.44,KDPP,397,10870,654571,0,nrmsd_norm,14,0.41022249066649213
33764.44,KDPP,397,2105,654571,0,nrmsd_norm,15,0.4337141027457417
33764.44,KDPP,397,2105,654571,0,nrmsd_norm,16,0.43889811205929286
33764.44,KDPP,397,2105,654571,0,nrmsd_norm,17,0.44951422301184896
33764.44,KDPP,397,2105,654571,0,nrmsd_norm,18,0.43231214623249425
33764.44,KDPP,397,2105,654571,0,nrmsd_norm,19,0.4194136097400371
33764.44,KDPP,397,2105,654571,0,nrmsd_norm,20,0.4080213893655065
33764.44,KDPP,397,2105,654571,0,nrmsd_norm,22,0.40466664648184797
33764.44,KDPP,397,10355,654571,0,nrmsd_norm,24,0.41086135207423835
33764.44,KDPP,397,10355,654571,0,nrmsd_norm,26,0.3958263080761716
33764.44,KDPP,397,10355,654571,0,nrmsd_norm,28,0.39678744973956104
33764.44,KDPP,397,397,654571,0,nrmsd_norm,30,0.40627019037613676
33764.44,KDPP,397,397,654571,0,nrmsd_norm,32,0.39741504890940504
33764.44,KDPP,397,9967,654571,0,nrmsd_norm,34,0.3936495270175543
33764.44,KDPP,397,9967,654571,0,nrmsd_norm,36,0.3974980318382466
33764.44,KDPP,397,397,654571,0,nrmsd_norm,38,0.39563505464633125
33764.44,KDPP,397,397,654571,0,nrmsd_norm,40,0.40199270334785686
33764.44,KDPP,397,397,654571,0,nrmsd_norm,42,0.4121261695327651
33764.44,KDPP,397,397,654571,0,nrmsd_norm,44,0.4147298135640051
33764.44,KDPP,397,397,654571,0,nrmsd_norm,46,0.41782188176373425
33764.44,KDPP,397,397,654571,0,nrmsd_norm,48,0.4132734511773277
33764.44,KDPP,397,397,654571,0,nrmsd_norm,50,0.4093983624983708
33764.44,KDPP,397,397,654571,0,nrmsd_norm,55,0.4089834984093016
33764.44,KDPP,397,397,654571,0,nrmsd_norm,60,0.4077375706572385
33764.44,KDPP,397,397,654571,0,nrmsd_norm,65,0.4063096219404796
33764.44,KDPP,397,397,654571,0,nrmsd_norm,70,0.39310740923285586
33764.44,KDPP,397,397,654571,0,nrmsd_norm,75,0.3826798910010986
33764.44,KDPP,397,397,654571,0,nrmsd_norm,80,0.38915125588548655
33764.44,KDPP,397,397,654571,0,nrmsd_norm,85,0.39572863465239444
33764.44,KDPP,397,397,654571,0,nrmsd_norm,90,0.39347289117658574
33764.44,KDPP,397,397,654571,0,nrmsd_norm,95,0.3871919593722398
33764.44,KDPP,397,397,654571,0,nrmsd_norm,100,0.38292806318512285
33764.44,KDPP,397,9429,438878,0,nrmsd_norm,5,0.5871528224622786
33764.44,KDPP,397,4685,438878,0,nrmsd_norm,6,0.5559453954065903
33764.44,KDPP,397,4685,438878,0,nrmsd_norm,7,0.5199406996709416
33764.44,KDPP,397,2434,438878,0,nrmsd_norm,8,0.49655146660054694
33764.44,KDPP,397,6951,438878,0,nrmsd_norm,9,0.47414686190582733
33764.44,KDPP,397,2049,438878,0,nrmsd_norm,10,0.4433305701393773
33764.44,KDPP,397,2049,438878,0,nrmsd_norm,11,0.42560390735277287
33764.44,KDPP,397,2049,438878,0,nrmsd_norm,12,0.4466537772333741
33764.44,KDPP,397,2049,438878,0,nrmsd_norm,13,0.4310301352474581
33764.44,KDPP,397,2049,438878,0,nrmsd_norm,14,0.405408879659268
33764.44,KDPP,397,2049,438878,0,nrmsd_norm,15,0.42733277479132636
33764.44,KDPP,397,2049,438878,0,nrmsd_norm,16,0.432392439395872
33764.44,KDPP,397,2049,438878,0,nrmsd_norm,17,0.44003759296574485
33764.44,KDPP,397,2049,438878,0,nrmsd_norm,18,0.4203847032102901
33764.44,KDPP,397,9669,438878,0,nrmsd_norm,19,0.40890423845138213
33764.44,KDPP,397,7139,438878,0,nrmsd_norm,20,0.39997043109553493
33764.44,KDPP,397,397,438878,0,nrmsd_norm,22,0.3958318890708218
33764.44,KDPP,397,397,438878,0,nrmsd_norm,24,0.3894093806800836
33764.44,KDPP,397,397,438878,0,nrmsd_norm,26,0.37951531878133216
33764.44,KDPP,397,7139,438878,0,nrmsd_norm,28,0.3814957099683672
33764.44,KDPP,397,7139,438878,0,nrmsd_norm,30,0.39454830128999535
33764.44,KDPP,397,7139,438878,0,nrmsd_norm,32,0.3811998008945278
33764.44,KDPP,397,397,438878,0,nrmsd_norm,34,0.3772454806535778
33764.44,KDPP,397,397,438878,0,nrmsd_norm,36,0.39035051323688646
33764.44,KDPP,397,397,438878,0,nrmsd_norm,38,0.3895585152876778
33764.44,KDPP,397,7308,438878,0,nrmsd_norm,40,0.39952445490569677
33764.44,KDPP,397,7308,438878,0,nrmsd_norm,42,0.41088864787803936
33764.44,KDPP,397,7297,438878,0,nrmsd_norm,44,0.4092578162461773
33764.44,KDPP,397,7297,438878,0,nrmsd_norm,46,0.41619774827667716
33764.44,KDPP,397,7297,438878,0,nrmsd_norm,48,0.41401525506485615
33764.44,KDPP,397,7297,438878,0,nrmsd_norm,50,0.4098928970648109
33764.44,KDPP,397,10355,438878,0,nrmsd_norm,55,0.4149325333366562
33764.44,KDPP,397,10355,438878,0,nrmsd_norm,60,0.4134059205684601
33764.44,KDPP,397,10355,438878,0,nrmsd_norm,65,0.41164769270616913
33764.44,KDPP,397,7308,438878,0,nrmsd_norm,70,0.39875309544446486
33764.44,KDPP,397,7308,438878,0,nrmsd_norm,75,0.3922559963396484
33764.44,KDPP,397,7308,438878,0,nrmsd_norm,80,0.3991221479502674
33764.44,KDPP,397,7297,438878,0,nrmsd_norm,85,0.40278189374088935
33764.44,KDPP,397,7297,438878,0,nrmsd_norm,90,0.4027652842131879
33764.44,KDPP,397,7297,438878,0,nrmsd_norm,95,0.3944977272443657
33764.44,KDPP,397,7297,438878,0,nrmsd_norm,100,0.3913429259460675
33764.44,KDPP,397,1090,433015,0,nrmsd_norm,5,0.5386023205316602
33764.44,KDPP,397,4663,433015,0,nrmsd_norm,6,0.6299372193694385
33764.44,KDPP,397,11896,433015,0,nrmsd_norm,7,0.5555649052039683
33764.44,KDPP,397,11896,433015,0,nrmsd_norm,8,0.5494351322530169
33764.44,KDPP,397,7773,433015,0,nrmsd_norm,9,0.5135553630446634
33764.44,KDPP,397,4028,433015,0,nrmsd_norm,10,0.5045628204584972
33764.44,KDPP,397,2631,433015,0,nrmsd_norm,11,0.4896289747152213
33764.44,KDPP,397,2631,433015,0,nrmsd_norm,12,0.49243926471068056
33764.44,KDPP,397,2631,433015,0,nrmsd_norm,13,0.4738153723056709
33764.44,KDPP,397,2631,433015,0,nrmsd_norm,14,0.4498975226753499
33764.44,KDPP,397,2631,433015,0,nrmsd_norm,15,0.4748430806068035
33764.44,KDPP,397,7904,433015,0,nrmsd_norm,16,0.47558560042474385
33764.44,KDPP,397,7904,433015,0,nrmsd_norm,17,0.48091030063532664
33764.44,KDPP,397,7904,433015,0,nrmsd_norm,18,0.4664856791671453
33764.44,KDPP,397,7147,433015,0,nrmsd_norm,19,0.45196886397490443
33764.44,KDPP,397,7147,433015,0,nrmsd_norm,20,0.4322910037323135
33764.44,KDPP,397,2839,433015,0,nrmsd_norm,22,0.4218408092244135
33764.44,KDPP,397,7319,433015,0,nrmsd_norm,24,0.4193221562285866
33764.44,KDPP,397,7151,433015,0,nrmsd_norm,26,0.39795977562986967
33764.44,KDPP,397,7151,433015,0,nrmsd_norm,28,0.39689464801209995
33764.44,KDPP,397,7154,433015,0,nrmsd_norm,30,0.41107914417926716
33764.44,KDPP,397,7154,433015,0,nrmsd_norm,32,0.40029411412167837
33764.44,KDPP,397,7154,433015,0,nrmsd_norm,34,0.39525499783161006
33764.44,KDPP,397,7154,433015,0,nrmsd_norm,36,0.40583111617598044
33764.44,KDPP,397,7154,433015,0,nrmsd_norm,38,0.4049340654050356
33764.44,KDPP,397,7154,433015,0,nrmsd_norm,40,0.4088160541628989
33764.44,KDPP,397,7154,433015,0,nrmsd_norm,42,0.4203052895771884
33764.44,KDPP,397,7154,433015,0,nrmsd_norm,44,0.4185328867633808
33764.44,KDPP,397,7154,433015,0,nrmsd_norm,46,0.42075898092307856
33764.44,KDPP,397,7154,433015,0,nrmsd_norm,48,0.4177432100265704
33764.44,KDPP,397,7154,433015,0,nrmsd_norm,50,0.4082273506512615
33764.44,KDPP,397,7139,433015,0,nrmsd_norm,55,0.41141234738523075
33764.44,KDPP,397,7139,433015,0,nrmsd_norm,60,0.4124555810235034
33764.44,KDPP,397,7139,433015,0,nrmsd_norm,65,0.4103287663522413
33764.44,KDPP,397,7139,433015,0,nrmsd_norm,70,0.395071178325437
33764.44,KDPP,397,7139,433015,0,nrmsd_norm,75,0.38770125784670406
33764.44,KDPP,397,7139,433015,0,nrmsd_norm,80,0.39108883858763804
33764.44,KDPP,397,7139,433015,0,nrmsd_norm,85,0.39303107367193385
33764.44,KDPP,397,7139,433015,0,nrmsd_norm,90,0.3907773538771821
33764.44,KDPP,397,6953,433015,0,nrmsd_norm,95,0.3825287326400126
33764.44,KDPP,397,6953,433015,0,nrmsd_norm,100,0.3757311517505975
33764.44,KDPP,397,12445,858597,0,nrmsd_norm,5,0.6688097678453984
33764.44,KDPP,397,11162,858597,0,nrmsd_norm,6,0.6123043845668036
33764.44,KDPP,397,11360,858597,0,nrmsd_norm,7,0.5619652166471436
33764.44,KDPP,397,223,858597,0,nrmsd_norm,8,0.5515336417702061
33764.44,KDPP,397,6782,858597,0,nrmsd_norm,9,0.5163001561030777
33764.44,KDPP,397,53,858597,0,nrmsd_norm,10,0.4947405993035852
33764.44,KDPP,397,53,858597,0,nrmsd_norm,11,0.4797289473846384
33764.44,KDPP,397,53,858597,0,nrmsd_norm,12,0.4987578190720896
33764.44,KDPP,397,53,858597,0,nrmsd_norm,13,0.48691130161712903
33764.44,KDPP,397,128,858597,0,nrmsd_norm,14,0.4603674426166009
33764.44,KDPP,397,128,858597,0,nrmsd_norm,15,0.4802317086622943
33764.44,KDPP,397,128,858597,0,nrmsd_norm,16,0.4809042402093419
33764.44,KDPP,397,128,858597,0,nrmsd_norm,17,0.48165022797757284
33764.44,KDPP,397,128,858597,0,nrmsd_norm,18,0.461235752024089
33764.44,KDPP,397,128,858597,0,nrmsd_norm,19,0.450969786228773
33764.44,KDPP,397,128,858597,0,nrmsd_norm,20,0.4370833691731661
33764.44,KDPP,397,7320,858597,0,nrmsd_norm,22,0.427612957754439
33764.44,KDPP,397,128,858597,0,nrmsd_norm,24,0.4205219851255701
33764.44,KDPP,397,128,858597,0,nrmsd_norm,26,0.4077069496898015
33764.44,KDPP,397,128,858597,0,nrmsd_norm,28,0.4049692264404829
33764.44,KDPP,397,128,858597,0,nrmsd_norm,30,0.4148981238231947
33764.44,KDPP,397,128,858597,0,nrmsd_norm,32,0.40172519285108066
33764.44,KDPP,397,7308,858597,0,nrmsd_norm,34,0.3965902285451844
33764.44,KDPP,397,7308,858597,0,nrmsd_norm,36,0.40144476760192016
33764.44,KDPP,397,7308,858597,0,nrmsd_norm,38,0.3955623834624884
33764.44,KDPP,397,7309,858597,0,nrmsd_norm,40,0.40762640587505056
33764.44,KDPP,397,7309,858597,0,nrmsd_norm,42,0.421806536437634
33764.44,KDPP,397,7139,858597,0,nrmsd_norm,44,0.4205009471519026
33764.44,KDPP,397,7309,858597,0,nrmsd_norm,46,0.4246934488928751
33764.44,KDPP,397,7139,858597,0,nrmsd_norm,48,0.4199348811475887
33764.44,KDPP,397,7139,858597,0,nrmsd_norm,50,0.41056986847650434
33764.44,KDPP,397,7309,858597,0,nrmsd_norm,55,0.4131755021339977
33764.44,KDPP,397,7309,858597,0,nrmsd_norm,60,0.41653285868462697
33764.44,KDPP,397,7139,858597,0,nrmsd_norm,65,0.41092794159864127
33764.44,KDPP,397,7139,858597,0,nrmsd_norm,70,0.3963456633125245
33764.44,KDPP,397,7139,858597,0,nrmsd_norm,75,0.38528479873356897
33764.44,KDPP,397,539,858597,0,nrmsd_norm,80,0.3913909966529238
33764.44,KDPP,397,7139,858597,0,nrmsd_norm,85,0.3959365276119678
33764.44,KDPP,397,7139,858597,0,nrmsd_norm,90,0.39725904163679926
33764.44,KDPP,397,7139,858597,0,nrmsd_norm,95,0.3903733103895485
33764.44,KDPP,397,7139,858597,0,nrmsd_norm,100,0.3878089529188781
33764.44,KDPP,397,9793,85945,0,nrmsd_norm,5,0.6427464751656933
33764.44,KDPP,397,5799,85945,0,nrmsd_norm,6,0.6210090705086772
33764.44,KDPP,397,7145,85945,0,nrmsd_norm,7,0.5643249587921827
33764.44,KDPP,397,7310,85945,0,nrmsd_norm,8,0.5583667382931758
33764.44,KDPP,397,7310,85945,0,nrmsd_norm,9,0.5252541904428203
33764.44,KDPP,397,7310,85945,0,nrmsd_norm,10,0.5046079845919792
33764.44,KDPP,397,7310,85945,0,nrmsd_norm,11,0.48818537101891296
33764.44,KDPP,397,8034,85945,0,nrmsd_norm,12,0.5136415648195398
33764.44,KDPP,397,10477,85945,0,nrmsd_norm,13,0.5032629916316402
33764.44,KDPP,397,9145,85945,0,nrmsd_norm,14,0.4745264923886071
33764.44,KDPP,397,9145,85945,0,nrmsd_norm,15,0.5036901403725603
33764.44,KDPP,397,7903,85945,0,nrmsd_norm,16,0.502755109882761
33764.44,KDPP,397,1358,85945,0,nrmsd_norm,17,0.5029467001181954
33764.44,KDPP,397,7310,85945,0,nrmsd_norm,18,0.4832564105103013
33764.44,KDPP,397,7140,85945,0,nrmsd_norm,19,0.47113325618549146
33764.44,KDPP,397,7310,85945,0,nrmsd_norm,20,0.4480732368159069
33764.44,KDPP,397,53,85945,0,nrmsd_norm,22,0.43009817480409074
33764.44,KDPP,397,7320,85945,0,nrmsd_norm,24,0.42330467016670464
33764.44,KDPP,397,128,85945,0,nrmsd_norm,26,0.4067191356735841
33764.44,KDPP,397,53,85945,0,nrmsd_norm,28,0.40487918481503593
33764.44,KDPP,397,128,85945,0,nrmsd_norm,30,0.4144930925497821
33764.44,KDPP,397,53,85945,0,nrmsd_norm,32,0.40201863208755534
33764.44,KDPP,397,7320,85945,0,nrmsd_norm,34,0.3984759058608255
33764.44,KDPP,397,7320,85945,0,nrmsd_norm,36,0.40353851605622315
33764.44,KDPP,397,7309,85945,0,nrmsd_norm,38,0.3997428065370334
33764.44,KDPP,397,7320,85945,0,nrmsd_norm,40,0.4102282962858379
33764.44,KDPP,397,53,85945,0,nrmsd_norm,42,0.42373343403011693
33764.44,KDPP,397,7320,85945,0,nrmsd_norm,44,0.4271161010624796
33764.44,KDPP,397,53,85945,0,nrmsd_norm,46,0.4311347066344805
33764.44,KDPP,397,7320,85945,0,nrmsd_norm,48,0.42893228607077294
33764.44,KDPP,397,7320,85945,0,nrmsd_norm,50,0.41922676505770473
33764.44,KDPP,397,7320,85945,0,nrmsd_norm,55,0.424000233849921
33764.44,KDPP,397,7309,85945,0,nrmsd_norm,60,0.4240255820066882
33764.44,KDPP,397,7320,85945,0,nrmsd_norm,65,0.4188039832934809
33764.44,KDPP,397,7139,85945,0,nrmsd_norm,70,0.40488345072274456
33764.44,KDPP,397,7139,85945,0,nrmsd_norm,75,0.39416533088306566
33764.44,KDPP,397,7309,85945,0,nrmsd_norm,80,0.4006518070511567
33764.44,KDPP,397,7139,85945,0,nrmsd_norm,85,0.40556543180464316
33764.44,KDPP,397,7139,85945,0,nrmsd_norm,90,0.4032388950730185
33764.44,KDPP,397,7139,85945,0,nrmsd_norm,95,0.394368579564112
33764.44,KDPP,397,7139,85945,0,nrmsd_norm,100,0.3863063191856343
33764.44,KDPP,397,6493,697368,0,nrmsd_norm,5,0.5440750594396649
33764.44,KDPP,397,6493,697368,0,nrmsd_norm,6,0.5524925840860814
33764.44,KDPP,397,10717,697368,0,nrmsd_norm,7,0.5156290242372326
33764.44,KDPP,397,11139,697368,0,nrmsd_norm,8,0.4864929799522215
33764.44,KDPP,397,7018,697368,0,nrmsd_norm,9,0.46694345779585045
33764.44,KDPP,397,10355,697368,0,nrmsd_norm,10,0.4459577302961464
33764.44,KDPP,397,4512,697368,0,nrmsd_norm,11,0.41435678996779407
33764.44,KDPP,397,6951,697368,0,nrmsd_norm,12,0.42424648991302416
33764.44,KDPP,397,6951,697368,0,nrmsd_norm,13,0.4093137810821392
33764.44,KDPP,397,4512,697368,0,nrmsd_norm,14,0.3976710460613062
33764.44,KDPP,397,4512,697368,0,nrmsd_norm,15,0.4179834162419993
33764.44,KDPP,397,4512,697368,0,nrmsd_norm,16,0.4317477762958056
33764.44,KDPP,397,4512,697368,0,nrmsd_norm,17,0.4416661829038928
33764.44,KDPP,397,1416,697368,0,nrmsd_norm,18,0.4290269591804966
33764.44,KDPP,397,7297,697368,0,nrmsd_norm,19,0.4269426929973084
33764.44,KDPP,397,7297,697368,0,nrmsd_norm,20,0.408373930717819
33764.44,KDPP,397,9967,697368,0,nrmsd_norm,22,0.40404241644391026
33764.44,KDPP,397,10762,697368,0,nrmsd_norm,24,0.40435449307706084
33764.44,KDPP,397,10762,697368,0,nrmsd_norm,26,0.39369269505875837
33764.44,KDPP,397,10762,697368,0,nrmsd_norm,28,0.3853365896559045
33764.44,KDPP,397,10762,697368,0,nrmsd_norm,30,0.39910840358325556
33764.44,KDPP,397,7132,697368,0,nrmsd_norm,32,0.388100427996762
33764.44,KDPP,397,7297,697368,0,nrmsd_norm,34,0.3838871803512919
33764.44,KDPP,397,7297,697368,0,nrmsd_norm,36,0.3922435760807
33764.44,KDPP,397,7297,697368,0,nrmsd_norm,38,0.38739573607282785
33764.44,KDPP,397,7297,697368,0,nrmsd_norm,40,0.39637034700467844
33764.44,KDPP,397,7297,697368,0,nrmsd_norm,42,0.40560909836570075
33764.44,KDPP,397,7297,697368,0,nrmsd_norm,44,0.40737041767564625
33764.44,KDPP,397,7297,697368,0,nrmsd_norm,46,0.41201710328712016
33764.44,KDPP,397,7297,697368,0,nrmsd_norm,48,0.4105000610162299
33764.44,KDPP,397,7308,697368,0,nrmsd_norm,50,0.4077176731887474
33764.44,KDPP,397,7308,697368,0,nrmsd_norm,55,0.414437985131131
33764.44,KDPP,397,7297,697368,0,nrmsd_norm,60,0.410288278448478
33764.44,KDPP,397,7297,697368,0,nrmsd_norm,65,0.4078023511820225
33764.44,KDPP,397,397,697368,0,nrmsd_norm,70,0.39063471543700157
33764.44,KDPP,397,7308,697368,0,nrmsd_norm,75,0.3844027087049762
33764.44,KDPP,397,397,697368,0,nrmsd_norm,80,0.3872345090322884
33764.44,KDPP,397,397,697368,0,nrmsd_norm,85,0.39501235040499355
33764.44,KDPP,397,397,697368,0,nrmsd_norm,90,0.389697091123226
33764.44,KDPP,397,397,697368,0,nrmsd_norm,95,0.3803090125038249
33764.44,KDPP,397,397,697368,0,nrmsd_norm,100,0.3761540620107743
33764.44,KDPP,397,6790,201469,0,nrmsd_norm,5,0.5233537696755123
33764.44,KDPP,397,6069,201469,0,nrmsd_norm,6,0.5407075514901902
33764.44,KDPP,397,97,201469,0,nrmsd_norm,7,0.5140209745379162
33764.44,KDPP,397,1682,201469,0,nrmsd_norm,8,0.48089411497116163
33764.44,KDPP,397,6789,201469,0,nrmsd_norm,9,0.4596597623689807
33764.44,KDPP,397,12067,201469,0,nrmsd_norm,10,0.4275781220982329
33764.44,KDPP,397,6445,201469,0,nrmsd_norm,11,0.40859915487790754
33764.44,KDPP,397,6445,201469,0,nrmsd_norm,12,0.4466963206242929
33764.44,KDPP,397,7117,201469,0,nrmsd_norm,13,0.4374941823721114
33764.44,KDPP,397,7117,201469,0,nrmsd_norm,14,0.4164665910824162
33764.44,KDPP,397,11715,201469,0,nrmsd_norm,15,0.44311890954867333
33764.44,KDPP,397,11715,201469,0,nrmsd_norm,16,0.4529466926775609
33764.44,KDPP,397,11715,201469,0,nrmsd_norm,17,0.45634775984048626
33764.44,KDPP,397,7287,201469,0,nrmsd_norm,18,0.44322705505343957
33764.44,KDPP,397,7132,201469,0,nrmsd_norm,19,0.4217415003682704
33764.44,KDPP,397,2105,201469,0,nrmsd_norm,20,0.4124826694737038
33764.44,KDPP,397,4512,201469,0,nrmsd_norm,22,0.40109634911282893
33764.44,KDPP,397,11715,201469,0,nrmsd_norm,24,0.4036498786933243
33764.44,KDPP,397,11715,201469,0,nrmsd_norm,26,0.3919788987065294
33764.44,KDPP,397,11715,201469,0,nrmsd_norm,28,0.39691684997925597
33764.44,KDPP,397,11715,201469,0,nrmsd_norm,30,0.4084557083240001
33764.44,KDPP,397,11715,201469,0,nrmsd_norm,32,0.39840534076248013
33764.44,KDPP,397,11715,201469,0,nrmsd_norm,34,0.3907391583588792
33764.44,KDPP,397,11715,201469,0,nrmsd_norm,36,0.4035504017636804
33764.44,KDPP,397,11715,201469,0,nrmsd_norm,38,0.40355353729341287
33764.44,KDPP,397,11715,201469,0,nrmsd_norm,40,0.4095492760910678
33764.44,KDPP,397,11715,201469,0,nrmsd_norm,42,0.4160230394538459
33764.44,KDPP,397,11715,201469,0,nrmsd_norm,44,0.4158973371630085
33764.44,KDPP,397,6457,201469,0,nrmsd_norm,46,0.4181857155198755
33764.44,KDPP,397,6457,201469,0,nrmsd_norm,48,0.417657384871731
33764.44,KDPP,397,5205,201469,0,nrmsd_norm,50,0.41291349242298403
33764.44,KDPP,397,10355,201469,0,nrmsd_norm,55,0.4191209365364141
33764.44,KDPP,397,11715,201469,0,nrmsd_norm,60,0.4167044299251537
33764.44,KDPP,397,11715,201469,0,nrmsd_norm,65,0.41143505648282475
33764.44,KDPP,397,11715,201469,0,nrmsd_norm,70,0.39941944493385334
33764.44,KDPP,397,10355,201469,0,nrmsd_norm,75,0.39106938286611886
33764.44,KDPP,397,10355,201469,0,nrmsd_norm,80,0.39583160291639946
33764.44,KDPP,397,10355,201469,0,nrmsd_norm,85,0.4013375781514034
33764.44,KDPP,397,10355,201469,0,nrmsd_norm,90,0.4006073845542479
33764.44,KDPP,397,10355,201469,0,nrmsd_norm,95,0.39239798671519355
33764.44,KDPP,397,10355,201469,0,nrmsd_norm,100,0.3907001468997438
33764.44,KDPP,397,6329,94177,0,nrmsd_norm,5,0.635274487608423
33764.44,KDPP,397,5794,94177,0,nrmsd_norm,6,0.6104888691742026
33764.44,KDPP,397,5794,94177,0,nrmsd_norm,7,0.5581323626349831
33764.44,KDPP,397,6991,94177,0,nrmsd_norm,8,0.5608541347941427
33764.44,KDPP,397,7321,94177,0,nrmsd_norm,9,0.5463547505917319
33764.44,KDPP,397,5785,94177,0,nrmsd_norm,10,0.5299136404852915
33764.44,KDPP,397,7309,94177,0,nrmsd_norm,11,0.5085118205054009
33764.44,KDPP,397,7309,94177,0,nrmsd_norm,12,0.5114113917079744
33764.44,KDPP,397,9669,94177,0,nrmsd_norm,13,0.497351323870031
33764.44,KDPP,397,9669,94177,0,nrmsd_norm,14,0.4682964115823543
33764.44,KDPP,397,7309,94177,0,nrmsd_norm,15,0.48850623642171287
33764.44,KDPP,397,7310,94177,0,nrmsd_norm,16,0.4898835101446029
33764.44,KDPP,397,7310,94177,0,nrmsd_norm,17,0.48963891218767946
33764.44,KDPP,397,7139,94177,0,nrmsd_norm,18,0.4689833103929666
33764.44,KDPP,397,6954,94177,0,nrmsd_norm,19,0.45265830697287723
33764.44,KDPP,397,6954,94177,0,nrmsd_norm,20,0.43631427122270117
33764.44,KDPP,397,6954,94177,0,nrmsd_norm,22,0.41874997212261744
33764.44,KDPP,397,6954,94177,0,nrmsd_norm,24,0.4088554047068738
33764.44,KDPP,397,7139,94177,0,nrmsd_norm,26,0.39493123274149344
33764.44,KDPP,397,397,94177,0,nrmsd_norm,28,0.3969718119018197
33764.44,KDPP,397,397,94177,0,nrmsd_norm,30,0.40231216206994863
33764.44,KDPP,397,397,94177,0,nrmsd_norm,32,0.395386407232447
33764.44,KDPP,397,397,94177,0,nrmsd_norm,34,0.39043740820496775
33764.44,KDPP,397,397,94177,0,nrmsd_norm,36,0.4017476009862906
33764.44,KDPP,397,397,94177,0,nrmsd_norm,38,0.3967986698009382
33764.44,KDPP,397,397,94177,0,nrmsd_norm,40,0.40206189899112404
33764.44,KDPP,397,397,94177,0,nrmsd_norm,42,0.416765049796804
33764.44,KDPP,397,397,94177,0,nrmsd_norm,44,0.41830534288376287
33764.44,KDPP,397,397,94177,0,nrmsd_norm,46,0.41930932939142024
33764.44,KDPP,397,397,94177,0,nrmsd_norm,48,0.41657073587382126
33764.44,KDPP,397,397,94177,0,nrmsd_norm,50,0.4125338364598688
33764.44,KDPP,397,7139,94177,0,nrmsd_norm,55,0.42041781006507273
33764.44,KDPP,397,7139,94177,0,nrmsd_norm,60,0.4189212065909782
33764.44,KDPP,397,7139,94177,0,nrmsd_norm,65,0.4148778318194863
33764.44,KDPP,397,397,94177,0,nrmsd_norm,70,0.3989423537534096
33764.44,KDPP,397,397,94177,0,nrmsd_norm,75,0.3913745824543208
33764.44,KDPP,397,397,94177,0,nrmsd_norm,80,0.39550627891246154
33764.44,KDPP,397,397,94177,0,nrmsd_norm,85,0.40079537833634105
33764.44,KDPP,397,6953,94177,0,nrmsd_norm,90,0.39864353977983197
33764.44,KDPP,397,7139,94177,0,nrmsd_norm,95,0.39316185336927745
33764.44,KDPP,397,7139,94177,0,nrmsd_norm,100,0.39275422727071
