subject_id,experiment_name,hotspot_idx,current_hotspot_idx,realization_id,sequence_idx,score_type,sequence_length,score
33764.44,RANDOM,5983,1377,89250,0,nrmsd_norm,5,0.5599430347844156
33764.44,RANDOM,5983,11448,89250,0,nrmsd_norm,6,0.5316907882671623
33764.44,RANDOM,5983,3720,89250,0,nrmsd_norm,7,0.4409965634184727
33764.44,RANDOM,5983,3720,89250,0,nrmsd_norm,8,0.44432189330635846
33764.44,RANDOM,5983,11835,89250,0,nrmsd_norm,9,0.44810683646000143
33764.44,RANDOM,5983,11835,89250,0,nrmsd_norm,10,0.40042640477097774
33764.44,RANDOM,5983,11835,89250,0,nrmsd_norm,11,0.4393204462479261
33764.44,RANDOM,5983,9124,89250,0,nrmsd_norm,12,0.41767622851812813
33764.44,RANDOM,5983,9124,89250,0,nrmsd_norm,13,0.4021974440707283
33764.44,RANDOM,5983,6211,89250,0,nrmsd_norm,14,0.3639318934392819
33764.44,RANDOM,5983,6211,89250,0,nrmsd_norm,15,0.3737840672647124
33764.44,RANDOM,5983,6211,89250,0,nrmsd_norm,16,0.37233796751258397
33764.44,RANDOM,5983,6211,89250,0,nrmsd_norm,17,0.38534459903451934
33764.44,RANDOM,5983,6211,89250,0,nrmsd_norm,18,0.3933998470514953
33764.44,RANDOM,5983,6211,89250,0,nrmsd_norm,19,0.40624171387721186
33764.44,RANDOM,5983,2104,89250,0,nrmsd_norm,20,0.41034719953685367
33764.44,RANDOM,5983,2104,89250,0,nrmsd_norm,22,0.3989750732235538
33764.44,RANDOM,5983,7564,89250,0,nrmsd_norm,24,0.391842872924085
33764.44,RANDOM,5983,7564,89250,0,nrmsd_norm,26,0.40340946203259787
33764.44,RANDOM,5983,2104,89250,0,nrmsd_norm,28,0.3893250852528622
33764.44,RANDOM,5983,2104,89250,0,nrmsd_norm,30,0.3940731892235062
33764.44,RANDOM,5983,2104,89250,0,nrmsd_norm,32,0.37970408895024294
33764.44,RANDOM,5983,2104,89250,0,nrmsd_norm,34,0.3782000147926756
33764.44,RANDOM,5983,499,89250,0,nrmsd_norm,36,0.36244602292273514
33764.44,RANDOM,5983,5983,89250,0,nrmsd_norm,38,0.3707508248840007
33764.44,RANDOM,5983,5983,89250,0,nrmsd_norm,40,0.3660031138521603
33764.44,RANDOM,5983,8484,89250,0,nrmsd_norm,42,0.36147753597679233
33764.44,RANDOM,5983,5983,89250,0,nrmsd_norm,44,0.3629281593480307
33764.44,RANDOM,5983,5983,89250,0,nrmsd_norm,46,0.3665653135243934
33764.44,RANDOM,5983,5983,89250,0,nrmsd_norm,48,0.36065455964789794
33764.44,RANDOM,5983,5983,89250,0,nrmsd_norm,50,0.3547454554127454
33764.44,RANDOM,5983,8484,89250,0,nrmsd_norm,55,0.33892526460519834
33764.44,RANDOM,5983,8484,89250,0,nrmsd_norm,60,0.3339253572958816
33764.44,RANDOM,5983,5982,89250,0,nrmsd_norm,65,0.33407788463204574
33764.44,RANDOM,5983,5982,89250,0,nrmsd_norm,70,0.3282005917884189
33764.44,RANDOM,5983,5983,89250,0,nrmsd_norm,75,0.32690936505056517
33764.44,RANDOM,5983,5983,89250,0,nrmsd_norm,80,0.3164034244257382
33764.44,RANDOM,5983,5983,89250,0,nrmsd_norm,85,0.30961739892856055
33764.44,RANDOM,5983,5983,89250,0,nrmsd_norm,90,0.30451334432027016
33764.44,RANDOM,5983,5983,89250,0,nrmsd_norm,95,0.30311197687055175
33764.44,RANDOM,5983,5983,89250,0,nrmsd_norm,100,0.30386144264284776
33764.44,RANDOM,5983,11648,773956,0,nrmsd_norm,5,0.6081076737977347
33764.44,RANDOM,5983,4162,773956,0,nrmsd_norm,6,0.506134696801034
33764.44,RANDOM,5983,10434,773956,0,nrmsd_norm,7,0.4534749440516871
33764.44,RANDOM,5983,10434,773956,0,nrmsd_norm,8,0.44343782093983286
33764.44,RANDOM,5983,4092,773956,0,nrmsd_norm,9,0.42549908705634826
33764.44,RANDOM,5983,12572,773956,0,nrmsd_norm,10,0.4061832173299688
33764.44,RANDOM,5983,12572,773956,0,nrmsd_norm,11,0.4236359038652695
33764.44,RANDOM,5983,8484,773956,0,nrmsd_norm,12,0.4048025039045637
33764.44,RANDOM,5983,8484,773956,0,nrmsd_norm,13,0.4032687886375431
33764.44,RANDOM,5983,4505,773956,0,nrmsd_norm,14,0.3795598248341519
33764.44,RANDOM,5983,4505,773956,0,nrmsd_norm,15,0.39163812115118246
33764.44,RANDOM,5983,1186,773956,0,nrmsd_norm,16,0.39193897655813265
33764.44,RANDOM,5983,1186,773956,0,nrmsd_norm,17,0.40038459042337243
33764.44,RANDOM,5983,1186,773956,0,nrmsd_norm,18,0.4091912517886998
33764.44,RANDOM,5983,1186,773956,0,nrmsd_norm,19,0.42513475679529344
33764.44,RANDOM,5983,1186,773956,0,nrmsd_norm,20,0.419005032019582
33764.44,RANDOM,5983,1186,773956,0,nrmsd_norm,22,0.40239562717646227
33764.44,RANDOM,5983,1186,773956,0,nrmsd_norm,24,0.39760742416913336
33764.44,RANDOM,5983,1186,773956,0,nrmsd_norm,26,0.40755817904822145
33764.44,RANDOM,5983,1186,773956,0,nrmsd_norm,28,0.3923272830509689
33764.44,RANDOM,5983,1186,773956,0,nrmsd_norm,30,0.395009059357195
33764.44,RANDOM,5983,8585,773956,0,nrmsd_norm,32,0.37127524364662284
33764.44,RANDOM,5983,7259,773956,0,nrmsd_norm,34,0.3740479017376506
33764.44,RANDOM,5983,7259,773956,0,nrmsd_norm,36,0.36407766135525393
33764.44,RANDOM,5983,5982,773956,0,nrmsd_norm,38,0.36963226270379657
33764.44,RANDOM,5983,5982,773956,0,nrmsd_norm,40,0.36420944011530126
33764.44,RANDOM,5983,5982,773956,0,nrmsd_norm,42,0.35764947473083514
33764.44,RANDOM,5983,5982,773956,0,nrmsd_norm,44,0.3610477612241084
33764.44,RANDOM,5983,5982,773956,0,nrmsd_norm,46,0.36156455415210415
33764.44,RANDOM,5983,5982,773956,0,nrmsd_norm,48,0.3552368127220709
33764.44,RANDOM,5983,5982,773956,0,nrmsd_norm,50,0.3521549067313156
33764.44,RANDOM,5983,7259,773956,0,nrmsd_norm,55,0.33527056995917
33764.44,RANDOM,5983,5982,773956,0,nrmsd_norm,60,0.3296657121542808
33764.44,RANDOM,5983,5982,773956,0,nrmsd_norm,65,0.3306552154560809
33764.44,RANDOM,5983,8484,773956,0,nrmsd_norm,70,0.32535204168075355
33764.44,RANDOM,5983,8484,773956,0,nrmsd_norm,75,0.3213184108734947
33764.44,RANDOM,5983,8484,773956,0,nrmsd_norm,80,0.3127425852438607
33764.44,RANDOM,5983,8484,773956,0,nrmsd_norm,85,0.30671087759100796
33764.44,RANDOM,5983,8484,773956,0,nrmsd_norm,90,0.302526205115176
33764.44,RANDOM,5983,5983,773956,0,nrmsd_norm,95,0.2993061661219895
33764.44,RANDOM,5983,5983,773956,0,nrmsd_norm,100,0.2982150873502351
33764.44,RANDOM,5983,2198,654571,0,nrmsd_norm,5,0.5662814157433976
33764.44,RANDOM,5983,11873,654571,0,nrmsd_norm,6,0.5140194756891313
33764.44,RANDOM,5983,9550,654571,0,nrmsd_norm,7,0.44238662063199846
33764.44,RANDOM,5983,9550,654571,0,nrmsd_norm,8,0.45835138071003867
33764.44,RANDOM,5983,6538,654571,0,nrmsd_norm,9,0.46678324625338224
33764.44,RANDOM,5983,4150,654571,0,nrmsd_norm,10,0.3971886520025961
33764.44,RANDOM,5983,4150,654571,0,nrmsd_norm,11,0.4156023773898859
33764.44,RANDOM,5983,3455,654571,0,nrmsd_norm,12,0.4334165945548297
33764.44,RANDOM,5983,5946,654571,0,nrmsd_norm,13,0.42138467640394084
33764.44,RANDOM,5983,5946,654571,0,nrmsd_norm,14,0.3918912554342946
33764.44,RANDOM,5983,5946,654571,0,nrmsd_norm,15,0.41195615716648465
33764.44,RANDOM,5983,850,654571,0,nrmsd_norm,16,0.40812609689294593
33764.44,RANDOM,5983,7538,654571,0,nrmsd_norm,17,0.4076838918725862
33764.44,RANDOM,5983,7538,654571,0,nrmsd_norm,18,0.41616260744057076
33764.44,RANDOM,5983,7538,654571,0,nrmsd_norm,19,0.42122810646861975
33764.44,RANDOM,5983,7538,654571,0,nrmsd_norm,20,0.4157226165300125
33764.44,RANDOM,5983,8484,654571,0,nrmsd_norm,22,0.40870017872659165
33764.44,RANDOM,5983,8059,654571,0,nrmsd_norm,24,0.4026315849926007
33764.44,RANDOM,5983,8059,654571,0,nrmsd_norm,26,0.4109059567316024
33764.44,RANDOM,5983,12418,654571,0,nrmsd_norm,28,0.38938616378012947
33764.44,RANDOM,5983,8059,654571,0,nrmsd_norm,30,0.390591980374233
33764.44,RANDOM,5983,12418,654571,0,nrmsd_norm,32,0.3627424260564639
33764.44,RANDOM,5983,12418,654571,0,nrmsd_norm,34,0.3631921741616974
33764.44,RANDOM,5983,5987,654571,0,nrmsd_norm,36,0.3600291286645394
33764.44,RANDOM,5983,4084,654571,0,nrmsd_norm,38,0.37098705640943014
33764.44,RANDOM,5983,4084,654571,0,nrmsd_norm,40,0.361810893302969
33764.44,RANDOM,5983,4084,654571,0,nrmsd_norm,42,0.35831107765461023
33764.44,RANDOM,5983,5987,654571,0,nrmsd_norm,44,0.35931877191108147
33764.44,RANDOM,5983,5987,654571,0,nrmsd_norm,46,0.361959107936802
33764.44,RANDOM,5983,5987,654571,0,nrmsd_norm,48,0.354627349578993
33764.44,RANDOM,5983,5987,654571,0,nrmsd_norm,50,0.3499907205214533
33764.44,RANDOM,5983,7537,654571,0,nrmsd_norm,55,0.33585468233269
33764.44,RANDOM,5983,7537,654571,0,nrmsd_norm,60,0.3292940810603273
33764.44,RANDOM,5983,7537,654571,0,nrmsd_norm,65,0.33065964778376544
33764.44,RANDOM,5983,7537,654571,0,nrmsd_norm,70,0.3276975091458787
33764.44,RANDOM,5983,7537,654571,0,nrmsd_norm,75,0.3246693443048513
33764.44,RANDOM,5983,7537,654571,0,nrmsd_norm,80,0.31513703766477397
33764.44,RANDOM,5983,7537,654571,0,nrmsd_norm,85,0.3092582114938086
33764.44,RANDOM,5983,7537,654571,0,nrmsd_norm,90,0.3075684869937888
33764.44,RANDOM,5983,7537,654571,0,nrmsd_norm,95,0.3055502506259095
33764.44,RANDOM,5983,7537,654571,0,nrmsd_norm,100,0.30382947034032975
33764.44,RANDOM,5983,3279,438878,0,nrmsd_norm,5,0.6020116583171504
33764.44,RANDOM,5983,3387,438878,0,nrmsd_norm,6,0.539652177354708
33764.44,RANDOM,5983,12105,438878,0,nrmsd_norm,7,0.5199623626982287
33764.44,RANDOM,5983,363,438878,0,nrmsd_norm,8,0.5046380543046463
33764.44,RANDOM,5983,3268,438878,0,nrmsd_norm,9,0.45089972772987635
33764.44,RANDOM,5983,3268,438878,0,nrmsd_norm,10,0.4279273373108999
33764.44,RANDOM,5983,3268,438878,0,nrmsd_norm,11,0.4581485797129633
33764.44,RANDOM,5983,3438,438878,0,nrmsd_norm,12,0.44247452524315917
33764.44,RANDOM,5983,4084,438878,0,nrmsd_norm,13,0.43398302286297946
33764.44,RANDOM,5983,4084,438878,0,nrmsd_norm,14,0.40680245011862837
33764.44,RANDOM,5983,4084,438878,0,nrmsd_norm,15,0.4100174444371737
33764.44,RANDOM,5983,4084,438878,0,nrmsd_norm,16,0.4046174618499145
33764.44,RANDOM,5983,4084,438878,0,nrmsd_norm,17,0.40137156290983117
33764.44,RANDOM,5983,4084,438878,0,nrmsd_norm,18,0.407777127086412
33764.44,RANDOM,5983,4084,438878,0,nrmsd_norm,19,0.41479116546762335
33764.44,RANDOM,5983,4084,438878,0,nrmsd_norm,20,0.40832437368674585
33764.44,RANDOM,5983,4084,438878,0,nrmsd_norm,22,0.38839401331495954
33764.44,RANDOM,5983,4084,438878,0,nrmsd_norm,24,0.38714077482758735
33764.44,RANDOM,5983,4084,438878,0,nrmsd_norm,26,0.38637984347134074
33764.44,RANDOM,5983,4084,438878,0,nrmsd_norm,28,0.3756215842130205
33764.44,RANDOM,5983,4084,438878,0,nrmsd_norm,30,0.37941350144795727
33764.44,RANDOM,5983,8484,438878,0,nrmsd_norm,32,0.3739488248961358
33764.44,RANDOM,5983,4084,438878,0,nrmsd_norm,34,0.37441953683741824
33764.44,RANDOM,5983,8484,438878,0,nrmsd_norm,36,0.37085518749952795
33764.44,RANDOM,5983,5983,438878,0,nrmsd_norm,38,0.37331182431921434
33764.44,RANDOM,5983,5983,438878,0,nrmsd_norm,40,0.3650904108424441
33764.44,RANDOM,5983,5983,438878,0,nrmsd_norm,42,0.36063346351573083
33764.44,RANDOM,5983,5983,438878,0,nrmsd_norm,44,0.3621314824739376
33764.44,RANDOM,5983,5983,438878,0,nrmsd_norm,46,0.36359424069864854
33764.44,RANDOM,5983,7537,438878,0,nrmsd_norm,48,0.3572595829285567
33764.44,RANDOM,5983,5983,438878,0,nrmsd_norm,50,0.3527680825558394
33764.44,RANDOM,5983,5983,438878,0,nrmsd_norm,55,0.3358671154981093
33764.44,RANDOM,5983,5983,438878,0,nrmsd_norm,60,0.3340416957936458
33764.44,RANDOM,5983,5983,438878,0,nrmsd_norm,65,0.3375665484642803
33764.44,RANDOM,5983,5983,438878,0,nrmsd_norm,70,0.3330040057053877
33764.44,RANDOM,5983,7537,438878,0,nrmsd_norm,75,0.32723785394692634
33764.44,RANDOM,5983,7537,438878,0,nrmsd_norm,80,0.31472073728649624
33764.44,RANDOM,5983,7537,438878,0,nrmsd_norm,85,0.3082502836669568
33764.44,RANDOM,5983,5983,438878,0,nrmsd_norm,90,0.3038404079041618
33764.44,RANDOM,5983,7537,438878,0,nrmsd_norm,95,0.30088578535854693
33764.44,RANDOM,5983,7537,438878,0,nrmsd_norm,100,0.2989968256457216
33764.44,RANDOM,5983,8193,433015,0,nrmsd_norm,5,0.6493644052374995
33764.44,RANDOM,5983,5854,433015,0,nrmsd_norm,6,0.6506985717961394
33764.44,RANDOM,5983,5961,433015,0,nrmsd_norm,7,0.6430539757499021
33764.44,RANDOM,5983,4203,433015,0,nrmsd_norm,8,0.5765752234458239
33764.44,RANDOM,5983,6178,433015,0,nrmsd_norm,9,0.49190272575965766
33764.44,RANDOM,5983,998,433015,0,nrmsd_norm,10,0.44847202606911146
33764.44,RANDOM,5983,6178,433015,0,nrmsd_norm,11,0.4758175145670728
33764.44,RANDOM,5983,6178,433015,0,nrmsd_norm,12,0.46974954390574797
33764.44,RANDOM,5983,6178,433015,0,nrmsd_norm,13,0.46585290605863233
33764.44,RANDOM,5983,424,433015,0,nrmsd_norm,14,0.4139634827033015
33764.44,RANDOM,5983,424,433015,0,nrmsd_norm,15,0.4185854569828058
33764.44,RANDOM,5983,424,433015,0,nrmsd_norm,16,0.4229954213054531
33764.44,RANDOM,5983,424,433015,0,nrmsd_norm,17,0.4346417430076869
33764.44,RANDOM,5983,424,433015,0,nrmsd_norm,18,0.4341640577363161
33764.44,RANDOM,5983,424,433015,0,nrmsd_norm,19,0.4469702056263293
33764.44,RANDOM,5983,424,433015,0,nrmsd_norm,20,0.4531629144038423
33764.44,RANDOM,5983,424,433015,0,nrmsd_norm,22,0.43911747020697556
33764.44,RANDOM,5983,424,433015,0,nrmsd_norm,24,0.44358095342916554
33764.44,RANDOM,5983,15,433015,0,nrmsd_norm,26,0.45292941084591465
33764.44,RANDOM,5983,424,433015,0,nrmsd_norm,28,0.42250322303094945
33764.44,RANDOM,5983,424,433015,0,nrmsd_norm,30,0.42127078993821243
33764.44,RANDOM,5983,5976,433015,0,nrmsd_norm,32,0.38987963602129533
33764.44,RANDOM,5983,5985,433015,0,nrmsd_norm,34,0.3917337841244133
33764.44,RANDOM,5983,1965,433015,0,nrmsd_norm,36,0.3704896065788472
33764.44,RANDOM,5983,1965,433015,0,nrmsd_norm,38,0.37406401078481627
33764.44,RANDOM,5983,1965,433015,0,nrmsd_norm,40,0.36772475059646637
33764.44,RANDOM,5983,1965,433015,0,nrmsd_norm,42,0.363230222478478
33764.44,RANDOM,5983,4147,433015,0,nrmsd_norm,44,0.36643668167711063
33764.44,RANDOM,5983,5985,433015,0,nrmsd_norm,46,0.36744010528686416
33764.44,RANDOM,5983,5985,433015,0,nrmsd_norm,48,0.3607032144713321
33764.44,RANDOM,5983,5985,433015,0,nrmsd_norm,50,0.3550187234954337
33764.44,RANDOM,5983,5985,433015,0,nrmsd_norm,55,0.34035926152124485
33764.44,RANDOM,5983,5985,433015,0,nrmsd_norm,60,0.33289079636466934
33764.44,RANDOM,5983,3305,433015,0,nrmsd_norm,65,0.3355503594943941
33764.44,RANDOM,5983,5985,433015,0,nrmsd_norm,70,0.3311710034723388
33764.44,RANDOM,5983,5985,433015,0,nrmsd_norm,75,0.32822418735664943
33764.44,RANDOM,5983,5985,433015,0,nrmsd_norm,80,0.3194739199771921
33764.44,RANDOM,5983,5987,433015,0,nrmsd_norm,85,0.31158776850220216
33764.44,RANDOM,5983,5987,433015,0,nrmsd_norm,90,0.30577131920997236
33764.44,RANDOM,5983,5987,433015,0,nrmsd_norm,95,0.3045892887127898
33764.44,RANDOM,5983,5987,433015,0,nrmsd_norm,100,0.30586068300012575
33764.44,RANDOM,5983,5770,858597,0,nrmsd_norm,5,0.6428314457874655
33764.44,RANDOM,5983,12052,858597,0,nrmsd_norm,6,0.6146457495253749
33764.44,RANDOM,5983,6730,858597,0,nrmsd_norm,7,0.5756462321421707
33764.44,RANDOM,5983,5156,858597,0,nrmsd_norm,8,0.5899801476612914
33764.44,RANDOM,5983,480,858597,0,nrmsd_norm,9,0.5126229192758774
33764.44,RANDOM,5983,5974,858597,0,nrmsd_norm,10,0.45788487199071537
33764.44,RANDOM,5983,5974,858597,0,nrmsd_norm,11,0.4769318575714487
33764.44,RANDOM,5983,5974,858597,0,nrmsd_norm,12,0.4525104246404643
33764.44,RANDOM,5983,10116,858597,0,nrmsd_norm,13,0.4383143702644995
33764.44,RANDOM,5983,5974,858597,0,nrmsd_norm,14,0.4235826497266013
33764.44,RANDOM,5983,11505,858597,0,nrmsd_norm,15,0.42834135824073605
33764.44,RANDOM,5983,10618,858597,0,nrmsd_norm,16,0.4233473007111944
33764.44,RANDOM,5983,499,858597,0,nrmsd_norm,17,0.4280270694758165
33764.44,RANDOM,5983,499,858597,0,nrmsd_norm,18,0.43419343843428937
33764.44,RANDOM,5983,499,858597,0,nrmsd_norm,19,0.4438365592718934
33764.44,RANDOM,5983,499,858597,0,nrmsd_norm,20,0.4339224065295488
33764.44,RANDOM,5983,499,858597,0,nrmsd_norm,22,0.4057361630021553
33764.44,RANDOM,5983,499,858597,0,nrmsd_norm,24,0.3998090494833345
33764.44,RANDOM,5983,499,858597,0,nrmsd_norm,26,0.3935594617669741
33764.44,RANDOM,5983,8585,858597,0,nrmsd_norm,28,0.3882272769208694
33764.44,RANDOM,5983,8585,858597,0,nrmsd_norm,30,0.3950089402333705
33764.44,RANDOM,5983,8585,858597,0,nrmsd_norm,32,0.37844405418310517
33764.44,RANDOM,5983,8585,858597,0,nrmsd_norm,34,0.376427462354259
33764.44,RANDOM,5983,7538,858597,0,nrmsd_norm,36,0.36678023101961554
33764.44,RANDOM,5983,5983,858597,0,nrmsd_norm,38,0.37840485339355445
33764.44,RANDOM,5983,5983,858597,0,nrmsd_norm,40,0.36863041844175326
33764.44,RANDOM,5983,5983,858597,0,nrmsd_norm,42,0.3618814964004383
33764.44,RANDOM,5983,5983,858597,0,nrmsd_norm,44,0.36289727611906986
33764.44,RANDOM,5983,5983,858597,0,nrmsd_norm,46,0.36610569023774625
33764.44,RANDOM,5983,5983,858597,0,nrmsd_norm,48,0.3591815588677859
33764.44,RANDOM,5983,5983,858597,0,nrmsd_norm,50,0.3535273375592919
33764.44,RANDOM,5983,8484,858597,0,nrmsd_norm,55,0.33936794494611355
33764.44,RANDOM,5983,8484,858597,0,nrmsd_norm,60,0.333704176801485
33764.44,RANDOM,5983,5983,858597,0,nrmsd_norm,65,0.3327795152325834
33764.44,RANDOM,5983,5983,858597,0,nrmsd_norm,70,0.32727542012237465
33764.44,RANDOM,5983,5983,858597,0,nrmsd_norm,75,0.32227608763187343
33764.44,RANDOM,5983,5983,858597,0,nrmsd_norm,80,0.31090182434283026
33764.44,RANDOM,5983,5983,858597,0,nrmsd_norm,85,0.3054942437467919
33764.44,RANDOM,5983,5983,858597,0,nrmsd_norm,90,0.30005104949117073
33764.44,RANDOM,5983,5983,858597,0,nrmsd_norm,95,0.29855612432449113
33764.44,RANDOM,5983,5983,858597,0,nrmsd_norm,100,0.2974231204707022
33764.44,RANDOM,5983,148,85945,0,nrmsd_norm,5,0.6243120382934625
33764.44,RANDOM,5983,11413,85945,0,nrmsd_norm,6,0.5782170084897327
33764.44,RANDOM,5983,4831,85945,0,nrmsd_norm,7,0.5549045517327661
33764.44,RANDOM,5983,11164,85945,0,nrmsd_norm,8,0.513522253927719
33764.44,RANDOM,5983,11164,85945,0,nrmsd_norm,9,0.4662974208147449
33764.44,RANDOM,5983,7259,85945,0,nrmsd_norm,10,0.4332103679096652
33764.44,RANDOM,5983,7259,85945,0,nrmsd_norm,11,0.4551992164228517
33764.44,RANDOM,5983,7259,85945,0,nrmsd_norm,12,0.4352543506584872
33764.44,RANDOM,5983,7259,85945,0,nrmsd_norm,13,0.42708003882598383
33764.44,RANDOM,5983,7259,85945,0,nrmsd_norm,14,0.38934796495417107
33764.44,RANDOM,5983,7259,85945,0,nrmsd_norm,15,0.3976209580006261
33764.44,RANDOM,5983,7259,85945,0,nrmsd_norm,16,0.3958337725788202
33764.44,RANDOM,5983,7259,85945,0,nrmsd_norm,17,0.4010806906602646
33764.44,RANDOM,5983,7259,85945,0,nrmsd_norm,18,0.4063646871101551
33764.44,RANDOM,5983,7259,85945,0,nrmsd_norm,19,0.422386859817609
33764.44,RANDOM,5983,7259,85945,0,nrmsd_norm,20,0.412051140475735
33764.44,RANDOM,5983,7259,85945,0,nrmsd_norm,22,0.40284559365627426
33764.44,RANDOM,5983,1186,85945,0,nrmsd_norm,24,0.40052731281882525
33764.44,RANDOM,5983,1186,85945,0,nrmsd_norm,26,0.40551541957479964
33764.44,RANDOM,5983,1186,85945,0,nrmsd_norm,28,0.3874276061252649
33764.44,RANDOM,5983,1186,85945,0,nrmsd_norm,30,0.3901517463832209
33764.44,RANDOM,5983,8585,85945,0,nrmsd_norm,32,0.3633879353075778
33764.44,RANDOM,5983,8585,85945,0,nrmsd_norm,34,0.36205149706568496
33764.44,RANDOM,5983,5983,85945,0,nrmsd_norm,36,0.3574917809233944
33764.44,RANDOM,5983,8484,85945,0,nrmsd_norm,38,0.36405317411183336
33764.44,RANDOM,5983,8484,85945,0,nrmsd_norm,40,0.35281929278503776
33764.44,RANDOM,5983,8484,85945,0,nrmsd_norm,42,0.3476823354154719
33764.44,RANDOM,5983,8484,85945,0,nrmsd_norm,44,0.34812213514550466
33764.44,RANDOM,5983,8484,85945,0,nrmsd_norm,46,0.35184148323089026
33764.44,RANDOM,5983,8484,85945,0,nrmsd_norm,48,0.34477361395259754
33764.44,RANDOM,5983,8484,85945,0,nrmsd_norm,50,0.3439116027092802
33764.44,RANDOM,5983,5983,85945,0,nrmsd_norm,55,0.32890603842291677
33764.44,RANDOM,5983,8484,85945,0,nrmsd_norm,60,0.32399596094975824
33764.44,RANDOM,5983,5983,85945,0,nrmsd_norm,65,0.32551518584227623
33764.44,RANDOM,5983,5983,85945,0,nrmsd_norm,70,0.3206454387458643
33764.44,RANDOM,5983,5983,85945,0,nrmsd_norm,75,0.3172874113117426
33764.44,RANDOM,5983,5983,85945,0,nrmsd_norm,80,0.31230497897239823
33764.44,RANDOM,5983,5983,85945,0,nrmsd_norm,85,0.3065664183368609
33764.44,RANDOM,5983,5983,85945,0,nrmsd_norm,90,0.3012265802187183
33764.44,RANDOM,5983,5983,85945,0,nrmsd_norm,95,0.30070353694974467
33764.44,RANDOM,5983,5983,85945,0,nrmsd_norm,100,0.30007613654935206
33764.44,RANDOM,5983,5768,697368,0,nrmsd_norm,5,0.6530272581567769
33764.44,RANDOM,5983,1211,697368,0,nrmsd_norm,6,0.6199239809373213
33764.44,RANDOM,5983,7489,697368,0,nrmsd_norm,7,0.5899675209108955
33764.44,RANDOM,5983,7489,697368,0,nrmsd_norm,8,0.6000212494335441
33764.44,RANDOM,5983,2104,697368,0,nrmsd_norm,9,0.5454663526197728
33764.44,RANDOM,5983,2104,697368,0,nrmsd_norm,10,0.4527263563136115
33764.44,RANDOM,5983,7564,697368,0,nrmsd_norm,11,0.47817164793528766
33764.44,RANDOM,5983,10788,697368,0,nrmsd_norm,12,0.4468480126180313
33764.44,RANDOM,5983,2104,697368,0,nrmsd_norm,13,0.42720432628665733
33764.44,RANDOM,5983,12461,697368,0,nrmsd_norm,14,0.40730953671911563
33764.44,RANDOM,5983,12461,697368,0,nrmsd_norm,15,0.4122858159003253
33764.44,RANDOM,5983,9124,697368,0,nrmsd_norm,16,0.41076485266385054
33764.44,RANDOM,5983,3029,697368,0,nrmsd_norm,17,0.407596996141559
33764.44,RANDOM,5983,3029,697368,0,nrmsd_norm,18,0.4099230829407109
33764.44,RANDOM,5983,3029,697368,0,nrmsd_norm,19,0.4160873273855086
33764.44,RANDOM,5983,3029,697368,0,nrmsd_norm,20,0.4118642760757308
33764.44,RANDOM,5983,12461,697368,0,nrmsd_norm,22,0.39891508418183563
33764.44,RANDOM,5983,12461,697368,0,nrmsd_norm,24,0.3916049298694011
33764.44,RANDOM,5983,9794,697368,0,nrmsd_norm,26,0.37881906205852867
33764.44,RANDOM,5983,6723,697368,0,nrmsd_norm,28,0.3664250760033069
33764.44,RANDOM,5983,9794,697368,0,nrmsd_norm,30,0.3732512308225091
33764.44,RANDOM,5983,9794,697368,0,nrmsd_norm,32,0.3588348612352568
33764.44,RANDOM,5983,378,697368,0,nrmsd_norm,34,0.36465790230846173
33764.44,RANDOM,5983,2780,697368,0,nrmsd_norm,36,0.36046268475629895
33764.44,RANDOM,5983,2780,697368,0,nrmsd_norm,38,0.36796375982678703
33764.44,RANDOM,5983,2780,697368,0,nrmsd_norm,40,0.3639199110663384
33764.44,RANDOM,5983,10618,697368,0,nrmsd_norm,42,0.3581762227686089
33764.44,RANDOM,5983,10618,697368,0,nrmsd_norm,44,0.35869897422433744
33764.44,RANDOM,5983,10618,697368,0,nrmsd_norm,46,0.3631330037715129
33764.44,RANDOM,5983,10618,697368,0,nrmsd_norm,48,0.3567755126123633
33764.44,RANDOM,5983,10618,697368,0,nrmsd_norm,50,0.35366612454596275
33764.44,RANDOM,5983,10618,697368,0,nrmsd_norm,55,0.3371816393352751
33764.44,RANDOM,5983,10618,697368,0,nrmsd_norm,60,0.3394053496868824
33764.44,RANDOM,5983,499,697368,0,nrmsd_norm,65,0.3412176942234337
33764.44,RANDOM,5983,499,697368,0,nrmsd_norm,70,0.3361450378069715
33764.44,RANDOM,5983,499,697368,0,nrmsd_norm,75,0.334598576799321
33764.44,RANDOM,5983,499,697368,0,nrmsd_norm,80,0.32925621225327406
33764.44,RANDOM,5983,499,697368,0,nrmsd_norm,85,0.3227817529352643
33764.44,RANDOM,5983,499,697368,0,nrmsd_norm,90,0.31611889635151774
33764.44,RANDOM,5983,499,697368,0,nrmsd_norm,95,0.3133491225940691
33764.44,RANDOM,5983,499,697368,0,nrmsd_norm,100,0.3121868842252172
33764.44,RANDOM,5983,10434,201469,0,nrmsd_norm,5,0.5509208026711427
33764.44,RANDOM,5983,9892,201469,0,nrmsd_norm,6,0.5265507579567262
33764.44,RANDOM,5983,10697,201469,0,nrmsd_norm,7,0.5111112760071697
33764.44,RANDOM,5983,12134,201469,0,nrmsd_norm,8,0.49421567490535007
33764.44,RANDOM,5983,12134,201469,0,nrmsd_norm,9,0.49273474873353035
33764.44,RANDOM,5983,2907,201469,0,nrmsd_norm,10,0.4380813089226104
33764.44,RANDOM,5983,7537,201469,0,nrmsd_norm,11,0.46974120507310774
33764.44,RANDOM,5983,7537,201469,0,nrmsd_norm,12,0.45409891787476386
33764.44,RANDOM,5983,4084,201469,0,nrmsd_norm,13,0.43873513777964
33764.44,RANDOM,5983,4084,201469,0,nrmsd_norm,14,0.41351139108298995
33764.44,RANDOM,5983,4084,201469,0,nrmsd_norm,15,0.4182224052942632
33764.44,RANDOM,5983,5983,201469,0,nrmsd_norm,16,0.4108354745558325
33764.44,RANDOM,5983,5983,201469,0,nrmsd_norm,17,0.4124802150146544
33764.44,RANDOM,5983,5983,201469,0,nrmsd_norm,18,0.4139537179347168
33764.44,RANDOM,5983,4084,201469,0,nrmsd_norm,19,0.42221485007957354
33764.44,RANDOM,5983,12461,201469,0,nrmsd_norm,20,0.4094772647078597
33764.44,RANDOM,5983,12461,201469,0,nrmsd_norm,22,0.38964045817984616
33764.44,RANDOM,5983,12461,201469,0,nrmsd_norm,24,0.38417265877992374
33764.44,RANDOM,5983,12461,201469,0,nrmsd_norm,26,0.3767927510985655
33764.44,RANDOM,5983,7537,201469,0,nrmsd_norm,28,0.3675833730716301
33764.44,RANDOM,5983,7537,201469,0,nrmsd_norm,30,0.3718254845904596
33764.44,RANDOM,5983,8585,201469,0,nrmsd_norm,32,0.36073862531013984
33764.44,RANDOM,5983,8585,201469,0,nrmsd_norm,34,0.3594657190896449
33764.44,RANDOM,5983,7538,201469,0,nrmsd_norm,36,0.35289089577353633
33764.44,RANDOM,5983,2780,201469,0,nrmsd_norm,38,0.3586471686061039
33764.44,RANDOM,5983,2780,201469,0,nrmsd_norm,40,0.3519748527557327
33764.44,RANDOM,5983,2780,201469,0,nrmsd_norm,42,0.3477026350552159
33764.44,RANDOM,5983,7538,201469,0,nrmsd_norm,44,0.3486262893596112
33764.44,RANDOM,5983,7538,201469,0,nrmsd_norm,46,0.35143993650752997
33764.44,RANDOM,5983,7538,201469,0,nrmsd_norm,48,0.34605656490314857
33764.44,RANDOM,5983,7538,201469,0,nrmsd_norm,50,0.3430627088786056
33764.44,RANDOM,5983,7538,201469,0,nrmsd_norm,55,0.3292186176134777
33764.44,RANDOM,5983,7538,201469,0,nrmsd_norm,60,0.32436941421152266
33764.44,RANDOM,5983,7538,201469,0,nrmsd_norm,65,0.3266263534658337
33764.44,RANDOM,5983,7538,201469,0,nrmsd_norm,70,0.3209514575519527
33764.44,RANDOM,5983,2780,201469,0,nrmsd_norm,75,0.3164393206087773
33764.44,RANDOM,5983,10618,201469,0,nrmsd_norm,80,0.3090387604126735
33764.44,RANDOM,5983,2780,201469,0,nrmsd_norm,85,0.3030799482536794
33764.44,RANDOM,5983,2780,201469,0,nrmsd_norm,90,0.29915024109913163
33764.44,RANDOM,5983,2780,201469,0,nrmsd_norm,95,0.29752575947476456
33764.44,RANDOM,5983,2780,201469,0,nrmsd_norm,100,0.2972828031539076
33764.44,RANDOM,5983,6125,94177,0,nrmsd_norm,5,0.6542409108349896
33764.44,RANDOM,5983,8345,94177,0,nrmsd_norm,6,0.5594156698153051
33764.44,RANDOM,5983,268,94177,0,nrmsd_norm,7,0.5036880392043703
33764.44,RANDOM,5983,268,94177,0,nrmsd_norm,8,0.5146438168759961
33764.44,RANDOM,5983,446,94177,0,nrmsd_norm,9,0.4165055624974929
33764.44,RANDOM,5983,10970,94177,0,nrmsd_norm,10,0.42313379653703664
33764.44,RANDOM,5983,10970,94177,0,nrmsd_norm,11,0.4633067692551135
33764.44,RANDOM,5983,8262,94177,0,nrmsd_norm,12,0.42744674324276277
33764.44,RANDOM,5983,8262,94177,0,nrmsd_norm,13,0.4133033657156059
33764.44,RANDOM,5983,8262,94177,0,nrmsd_norm,14,0.41828623294049744
33764.44,RANDOM,5983,8262,94177,0,nrmsd_norm,15,0.4253059774858793
33764.44,RANDOM,5983,9102,94177,0,nrmsd_norm,16,0.427666152882951
33764.44,RANDOM,5983,9124,94177,0,nrmsd_norm,17,0.4306362258147146
33764.44,RANDOM,5983,4084,94177,0,nrmsd_norm,18,0.42866866978004753
33764.44,RANDOM,5983,4084,94177,0,nrmsd_norm,19,0.4371360931042829
33764.44,RANDOM,5983,4084,94177,0,nrmsd_norm,20,0.43037169142987375
33764.44,RANDOM,5983,4084,94177,0,nrmsd_norm,22,0.42159041524296387
33764.44,RANDOM,5983,4084,94177,0,nrmsd_norm,24,0.4157307802631519
33764.44,RANDOM,5983,4084,94177,0,nrmsd_norm,26,0.4176451552919073
33764.44,RANDOM,5983,5983,94177,0,nrmsd_norm,28,0.40573833746736365
33764.44,RANDOM,5983,5983,94177,0,nrmsd_norm,30,0.4100013958314101
33764.44,RANDOM,5983,5983,94177,0,nrmsd_norm,32,0.3869491908379499
33764.44,RANDOM,5983,5983,94177,0,nrmsd_norm,34,0.38597980963170664
33764.44,RANDOM,5983,5983,94177,0,nrmsd_norm,36,0.3728344895651667
33764.44,RANDOM,5983,5983,94177,0,nrmsd_norm,38,0.3801956640060933
33764.44,RANDOM,5983,7537,94177,0,nrmsd_norm,40,0.3688225235057869
33764.44,RANDOM,5983,7537,94177,0,nrmsd_norm,42,0.36136462651177453
33764.44,RANDOM,5983,7537,94177,0,nrmsd_norm,44,0.36010586004727596
33764.44,RANDOM,5983,7537,94177,0,nrmsd_norm,46,0.3627210708319679
33764.44,RANDOM,5983,10618,94177,0,nrmsd_norm,48,0.3573669807340132
33764.44,RANDOM,5983,10618,94177,0,nrmsd_norm,50,0.3509817000079306
33764.44,RANDOM,5983,10618,94177,0,nrmsd_norm,55,0.3365585384741905
33764.44,RANDOM,5983,8484,94177,0,nrmsd_norm,60,0.3324677871337422
33764.44,RANDOM,5983,8484,94177,0,nrmsd_norm,65,0.3332556073635996
33764.44,RANDOM,5983,8484,94177,0,nrmsd_norm,70,0.32924255168967576
33764.44,RANDOM,5983,8484,94177,0,nrmsd_norm,75,0.3260553249089287
33764.44,RANDOM,5983,8484,94177,0,nrmsd_norm,80,0.3171880682047143
33764.44,RANDOM,5983,8484,94177,0,nrmsd_norm,85,0.3111698557951867
33764.44,RANDOM,5983,8484,94177,0,nrmsd_norm,90,0.3056241829314582
33764.44,RANDOM,5983,8484,94177,0,nrmsd_norm,95,0.30381493699603274
33764.44,RANDOM,5983,8484,94177,0,nrmsd_norm,100,0.3024717950193636
33764.44,ROW-mean-Corr,5983,1998,89250,0,nrmsd_norm,5,0.5793706691232061
33764.44,ROW-mean-Corr,5983,918,89250,0,nrmsd_norm,6,0.42475468008316186
33764.44,ROW-mean-Corr,5983,918,89250,0,nrmsd_norm,7,0.4453810234415383
33764.44,ROW-mean-Corr,5983,5939,89250,0,nrmsd_norm,8,0.42771658800633633
33764.44,ROW-mean-Corr,5983,918,89250,0,nrmsd_norm,9,0.4112440254570419
33764.44,ROW-mean-Corr,5983,918,89250,0,nrmsd_norm,10,0.4373847348058362
33764.44,ROW-mean-Corr,5983,918,89250,0,nrmsd_norm,11,0.4437762890401569
33764.44,ROW-mean-Corr,5983,5943,89250,0,nrmsd_norm,12,0.4147293541465933
33764.44,ROW-mean-Corr,5983,5942,89250,0,nrmsd_norm,13,0.3913865997967081
33764.44,ROW-mean-Corr,5983,5942,89250,0,nrmsd_norm,14,0.4055621357470108
33764.44,ROW-mean-Corr,5983,918,89250,0,nrmsd_norm,15,0.38962311293418356
33764.44,ROW-mean-Corr,5983,918,89250,0,nrmsd_norm,16,0.36852928587436923
33764.44,ROW-mean-Corr,5983,918,89250,0,nrmsd_norm,17,0.364779297372469
33764.44,ROW-mean-Corr,5983,169,89250,0,nrmsd_norm,18,0.32959758350921153
33764.44,ROW-mean-Corr,5983,169,89250,0,nrmsd_norm,19,0.3204742394928353
33764.44,ROW-mean-Corr,5983,169,89250,0,nrmsd_norm,20,0.32677178892889563
33764.44,ROW-mean-Corr,5983,11263,89250,0,nrmsd_norm,22,0.3154983704297127
33764.44,ROW-mean-Corr,5983,4505,89250,0,nrmsd_norm,24,0.34906124350109596
33764.44,ROW-mean-Corr,5983,15,89250,0,nrmsd_norm,26,0.346916824251428
33764.44,ROW-mean-Corr,5983,169,89250,0,nrmsd_norm,28,0.34199221276418373
33764.44,ROW-mean-Corr,5983,169,89250,0,nrmsd_norm,30,0.36685271717060325
33764.44,ROW-mean-Corr,5983,15,89250,0,nrmsd_norm,32,0.37889778803462776
33764.44,ROW-mean-Corr,5983,7537,89250,0,nrmsd_norm,34,0.3780191280316239
33764.44,ROW-mean-Corr,5983,7537,89250,0,nrmsd_norm,36,0.3758761890628449
33764.44,ROW-mean-Corr,5983,7537,89250,0,nrmsd_norm,38,0.3601775132981691
33764.44,ROW-mean-Corr,5983,7537,89250,0,nrmsd_norm,40,0.37880207321166487
33764.44,ROW-mean-Corr,5983,5983,89250,0,nrmsd_norm,42,0.3659089138860413
33764.44,ROW-mean-Corr,5983,11263,89250,0,nrmsd_norm,44,0.3712232554225317
33764.44,ROW-mean-Corr,5983,5983,89250,0,nrmsd_norm,46,0.3679858073948385
33764.44,ROW-mean-Corr,5983,5983,89250,0,nrmsd_norm,48,0.38438840437676414
33764.44,ROW-mean-Corr,5983,5983,89250,0,nrmsd_norm,50,0.3986893253570751
33764.44,ROW-mean-Corr,5983,726,89250,0,nrmsd_norm,55,0.4122243498445419
33764.44,ROW-mean-Corr,5983,726,89250,0,nrmsd_norm,60,0.4069072760189182
33764.44,ROW-mean-Corr,5983,726,89250,0,nrmsd_norm,65,0.4037037521218164
33764.44,ROW-mean-Corr,5983,726,89250,0,nrmsd_norm,70,0.40658030511619686
33764.44,ROW-mean-Corr,5983,15,89250,0,nrmsd_norm,75,0.3935390016235444
33764.44,ROW-mean-Corr,5983,5983,89250,0,nrmsd_norm,80,0.37399710415404663
33764.44,ROW-mean-Corr,5983,5983,89250,0,nrmsd_norm,85,0.37278217237821576
33764.44,ROW-mean-Corr,5983,5983,89250,0,nrmsd_norm,90,0.3680571217128928
33764.44,ROW-mean-Corr,5983,5983,89250,0,nrmsd_norm,95,0.36728873742294343
33764.44,ROW-mean-Corr,5983,5983,89250,0,nrmsd_norm,100,0.36264168158368304
33764.44,ROW-mean-Corr,5983,12433,773956,0,nrmsd_norm,5,0.4984620637472505
33764.44,ROW-mean-Corr,5983,6136,773956,0,nrmsd_norm,6,0.3637787127116494
33764.44,ROW-mean-Corr,5983,6136,773956,0,nrmsd_norm,7,0.3930870581322648
33764.44,ROW-mean-Corr,5983,5966,773956,0,nrmsd_norm,8,0.39078676153771236
33764.44,ROW-mean-Corr,5983,499,773956,0,nrmsd_norm,9,0.4050536118105053
33764.44,ROW-mean-Corr,5983,11263,773956,0,nrmsd_norm,10,0.32412323668187776
33764.44,ROW-mean-Corr,5983,11263,773956,0,nrmsd_norm,11,0.3275765970921423
33764.44,ROW-mean-Corr,5983,169,773956,0,nrmsd_norm,12,0.3265544560169376
33764.44,ROW-mean-Corr,5983,11263,773956,0,nrmsd_norm,13,0.3057545112801633
33764.44,ROW-mean-Corr,5983,169,773956,0,nrmsd_norm,14,0.3110136715638789
33764.44,ROW-mean-Corr,5983,2104,773956,0,nrmsd_norm,15,0.3445022060628042
33764.44,ROW-mean-Corr,5983,169,773956,0,nrmsd_norm,16,0.3489078872651003
33764.44,ROW-mean-Corr,5983,169,773956,0,nrmsd_norm,17,0.34526862175298967
33764.44,ROW-mean-Corr,5983,800,773956,0,nrmsd_norm,18,0.35345125119538234
33764.44,ROW-mean-Corr,5983,800,773956,0,nrmsd_norm,19,0.35037866900744125
33764.44,ROW-mean-Corr,5983,800,773956,0,nrmsd_norm,20,0.350662178382402
33764.44,ROW-mean-Corr,5983,800,773956,0,nrmsd_norm,22,0.34378175919862536
33764.44,ROW-mean-Corr,5983,5967,773956,0,nrmsd_norm,24,0.36725438289858053
33764.44,ROW-mean-Corr,5983,5967,773956,0,nrmsd_norm,26,0.3860421388572827
33764.44,ROW-mean-Corr,5983,5967,773956,0,nrmsd_norm,28,0.3740542606098994
33764.44,ROW-mean-Corr,5983,5967,773956,0,nrmsd_norm,30,0.41984432926513165
33764.44,ROW-mean-Corr,5983,5967,773956,0,nrmsd_norm,32,0.43322016909413036
33764.44,ROW-mean-Corr,5983,800,773956,0,nrmsd_norm,34,0.39730863134039507
33764.44,ROW-mean-Corr,5983,15,773956,0,nrmsd_norm,36,0.4051208680729153
33764.44,ROW-mean-Corr,5983,15,773956,0,nrmsd_norm,38,0.39153223996728415
33764.44,ROW-mean-Corr,5983,5982,773956,0,nrmsd_norm,40,0.404479202964859
33764.44,ROW-mean-Corr,5983,5982,773956,0,nrmsd_norm,42,0.40007458065281337
33764.44,ROW-mean-Corr,5983,5982,773956,0,nrmsd_norm,44,0.402317251436062
33764.44,ROW-mean-Corr,5983,2104,773956,0,nrmsd_norm,46,0.3889729682555382
33764.44,ROW-mean-Corr,5983,2104,773956,0,nrmsd_norm,48,0.40260819318945223
33764.44,ROW-mean-Corr,5983,2104,773956,0,nrmsd_norm,50,0.41447759699180114
33764.44,ROW-mean-Corr,5983,2104,773956,0,nrmsd_norm,55,0.42862819035178973
33764.44,ROW-mean-Corr,5983,7537,773956,0,nrmsd_norm,60,0.41676040308196566
33764.44,ROW-mean-Corr,5983,7537,773956,0,nrmsd_norm,65,0.41458362150358635
33764.44,ROW-mean-Corr,5983,7537,773956,0,nrmsd_norm,70,0.40940279478502006
33764.44,ROW-mean-Corr,5983,7537,773956,0,nrmsd_norm,75,0.39246195459052324
33764.44,ROW-mean-Corr,5983,7537,773956,0,nrmsd_norm,80,0.37426898708526934
33764.44,ROW-mean-Corr,5983,7537,773956,0,nrmsd_norm,85,0.369631893235702
33764.44,ROW-mean-Corr,5983,7537,773956,0,nrmsd_norm,90,0.3680514613798654
33764.44,ROW-mean-Corr,5983,7537,773956,0,nrmsd_norm,95,0.3703213100459941
33764.44,ROW-mean-Corr,5983,7537,773956,0,nrmsd_norm,100,0.3655167325763434
33764.44,ROW-mean-Corr,5983,11952,654571,0,nrmsd_norm,5,0.5098614119376429
33764.44,ROW-mean-Corr,5983,92,654571,0,nrmsd_norm,6,0.37399333481053415
33764.44,ROW-mean-Corr,5983,12327,654571,0,nrmsd_norm,7,0.3867712677562889
33764.44,ROW-mean-Corr,5983,3455,654571,0,nrmsd_norm,8,0.3773272544397363
33764.44,ROW-mean-Corr,5983,5957,654571,0,nrmsd_norm,9,0.3702523637496362
33764.44,ROW-mean-Corr,5983,2104,654571,0,nrmsd_norm,10,0.30428337443711756
33764.44,ROW-mean-Corr,5983,6211,654571,0,nrmsd_norm,11,0.30765561122491575
33764.44,ROW-mean-Corr,5983,6211,654571,0,nrmsd_norm,12,0.33179070080316675
33764.44,ROW-mean-Corr,5983,11263,654571,0,nrmsd_norm,13,0.3380365528322931
33764.44,ROW-mean-Corr,5983,5985,654571,0,nrmsd_norm,14,0.33151845559191695
33764.44,ROW-mean-Corr,5983,5985,654571,0,nrmsd_norm,15,0.34265864444284455
33764.44,ROW-mean-Corr,5983,5985,654571,0,nrmsd_norm,16,0.3961081032564139
33764.44,ROW-mean-Corr,5983,4147,654571,0,nrmsd_norm,17,0.3971456788557264
33764.44,ROW-mean-Corr,5983,4147,654571,0,nrmsd_norm,18,0.37433860956055515
33764.44,ROW-mean-Corr,5983,5985,654571,0,nrmsd_norm,19,0.38282963347423205
33764.44,ROW-mean-Corr,5983,5985,654571,0,nrmsd_norm,20,0.37528450453511564
33764.44,ROW-mean-Corr,5983,5968,654571,0,nrmsd_norm,22,0.38630508110286155
33764.44,ROW-mean-Corr,5983,5985,654571,0,nrmsd_norm,24,0.4007940393123471
33764.44,ROW-mean-Corr,5983,5985,654571,0,nrmsd_norm,26,0.4075373626872303
33764.44,ROW-mean-Corr,5983,11263,654571,0,nrmsd_norm,28,0.39756186528460774
33764.44,ROW-mean-Corr,5983,5987,654571,0,nrmsd_norm,30,0.41910156325174214
33764.44,ROW-mean-Corr,5983,5987,654571,0,nrmsd_norm,32,0.4177528034543715
33764.44,ROW-mean-Corr,5983,11263,654571,0,nrmsd_norm,34,0.4146569340157162
33764.44,ROW-mean-Corr,5983,5985,654571,0,nrmsd_norm,36,0.39901628962797236
33764.44,ROW-mean-Corr,5983,5985,654571,0,nrmsd_norm,38,0.3976368289229472
33764.44,ROW-mean-Corr,5983,5985,654571,0,nrmsd_norm,40,0.4143969062317594
33764.44,ROW-mean-Corr,5983,5985,654571,0,nrmsd_norm,42,0.4010444870703261
33764.44,ROW-mean-Corr,5983,5985,654571,0,nrmsd_norm,44,0.39449370689461355
33764.44,ROW-mean-Corr,5983,5985,654571,0,nrmsd_norm,46,0.3843894773202419
33764.44,ROW-mean-Corr,5983,5987,654571,0,nrmsd_norm,48,0.3963050807985441
33764.44,ROW-mean-Corr,5983,5987,654571,0,nrmsd_norm,50,0.39609443290335844
33764.44,ROW-mean-Corr,5983,5985,654571,0,nrmsd_norm,55,0.4081259046831154
33764.44,ROW-mean-Corr,5983,5987,654571,0,nrmsd_norm,60,0.3918374545519463
33764.44,ROW-mean-Corr,5983,5987,654571,0,nrmsd_norm,65,0.39726537351269914
33764.44,ROW-mean-Corr,5983,12461,654571,0,nrmsd_norm,70,0.3990332757708825
33764.44,ROW-mean-Corr,5983,12461,654571,0,nrmsd_norm,75,0.3713446000052549
33764.44,ROW-mean-Corr,5983,12461,654571,0,nrmsd_norm,80,0.36899527475188415
33764.44,ROW-mean-Corr,5983,12461,654571,0,nrmsd_norm,85,0.36317544910060995
33764.44,ROW-mean-Corr,5983,5987,654571,0,nrmsd_norm,90,0.35266754348989726
33764.44,ROW-mean-Corr,5983,5987,654571,0,nrmsd_norm,95,0.3549191410959758
33764.44,ROW-mean-Corr,5983,5987,654571,0,nrmsd_norm,100,0.34867593053006923
33764.44,ROW-mean-Corr,5983,4277,438878,0,nrmsd_norm,5,0.5714591708740933
33764.44,ROW-mean-Corr,5983,918,438878,0,nrmsd_norm,6,0.41837868463175987
33764.44,ROW-mean-Corr,5983,918,438878,0,nrmsd_norm,7,0.4416405486141083
33764.44,ROW-mean-Corr,5983,918,438878,0,nrmsd_norm,8,0.42524452768460586
33764.44,ROW-mean-Corr,5983,918,438878,0,nrmsd_norm,9,0.4229281837634572
33764.44,ROW-mean-Corr,5983,10581,438878,0,nrmsd_norm,10,0.4244219809401283
33764.44,ROW-mean-Corr,5983,10788,438878,0,nrmsd_norm,11,0.45200705963256943
33764.44,ROW-mean-Corr,5983,10788,438878,0,nrmsd_norm,12,0.4327595144110693
33764.44,ROW-mean-Corr,5983,2620,438878,0,nrmsd_norm,13,0.4134846721576348
33764.44,ROW-mean-Corr,5983,2620,438878,0,nrmsd_norm,14,0.41572353007562224
33764.44,ROW-mean-Corr,5983,2780,438878,0,nrmsd_norm,15,0.3530739350348085
33764.44,ROW-mean-Corr,5983,7259,438878,0,nrmsd_norm,16,0.38824299813380264
33764.44,ROW-mean-Corr,5983,8585,438878,0,nrmsd_norm,17,0.38778733180076674
33764.44,ROW-mean-Corr,5983,7259,438878,0,nrmsd_norm,18,0.36640527566579495
33764.44,ROW-mean-Corr,5983,7259,438878,0,nrmsd_norm,19,0.36258159781000354
33764.44,ROW-mean-Corr,5983,8585,438878,0,nrmsd_norm,20,0.34488997135608557
33764.44,ROW-mean-Corr,5983,8585,438878,0,nrmsd_norm,22,0.35722448444454297
33764.44,ROW-mean-Corr,5983,7259,438878,0,nrmsd_norm,24,0.3665839624292297
33764.44,ROW-mean-Corr,5983,7259,438878,0,nrmsd_norm,26,0.36908802771110905
33764.44,ROW-mean-Corr,5983,7259,438878,0,nrmsd_norm,28,0.3636708598364771
33764.44,ROW-mean-Corr,5983,7259,438878,0,nrmsd_norm,30,0.3993453920167779
33764.44,ROW-mean-Corr,5983,7259,438878,0,nrmsd_norm,32,0.39972400439801004
33764.44,ROW-mean-Corr,5983,7259,438878,0,nrmsd_norm,34,0.36346120064422593
33764.44,ROW-mean-Corr,5983,7259,438878,0,nrmsd_norm,36,0.37005729428768497
33764.44,ROW-mean-Corr,5983,7259,438878,0,nrmsd_norm,38,0.37577124508128146
33764.44,ROW-mean-Corr,5983,7259,438878,0,nrmsd_norm,40,0.39606354590944864
33764.44,ROW-mean-Corr,5983,7259,438878,0,nrmsd_norm,42,0.38708607681092405
33764.44,ROW-mean-Corr,5983,7259,438878,0,nrmsd_norm,44,0.3925970075848229
33764.44,ROW-mean-Corr,5983,7259,438878,0,nrmsd_norm,46,0.3989013638316003
33764.44,ROW-mean-Corr,5983,7259,438878,0,nrmsd_norm,48,0.4132386263898978
33764.44,ROW-mean-Corr,5983,7259,438878,0,nrmsd_norm,50,0.4188381327407216
33764.44,ROW-mean-Corr,5983,4505,438878,0,nrmsd_norm,55,0.43575386619363254
33764.44,ROW-mean-Corr,5983,7259,438878,0,nrmsd_norm,60,0.4446478498093553
33764.44,ROW-mean-Corr,5983,7259,438878,0,nrmsd_norm,65,0.44393950715086294
33764.44,ROW-mean-Corr,5983,7259,438878,0,nrmsd_norm,70,0.44180326250101876
33764.44,ROW-mean-Corr,5983,8585,438878,0,nrmsd_norm,75,0.4314756984068476
33764.44,ROW-mean-Corr,5983,7259,438878,0,nrmsd_norm,80,0.4084659366195788
33764.44,ROW-mean-Corr,5983,7259,438878,0,nrmsd_norm,85,0.4049382681545998
33764.44,ROW-mean-Corr,5983,7259,438878,0,nrmsd_norm,90,0.39777369002887064
33764.44,ROW-mean-Corr,5983,10618,438878,0,nrmsd_norm,95,0.39985179198887716
33764.44,ROW-mean-Corr,5983,7259,438878,0,nrmsd_norm,100,0.3913910109630494
33764.44,ROW-mean-Corr,5983,6647,433015,0,nrmsd_norm,5,0.6033040923503836
33764.44,ROW-mean-Corr,5983,5301,433015,0,nrmsd_norm,6,0.4848949954753181
33764.44,ROW-mean-Corr,5983,5301,433015,0,nrmsd_norm,7,0.543385521834267
33764.44,ROW-mean-Corr,5983,11577,433015,0,nrmsd_norm,8,0.5350994859612803
33764.44,ROW-mean-Corr,5983,5524,433015,0,nrmsd_norm,9,0.5127535496768579
33764.44,ROW-mean-Corr,5983,12311,433015,0,nrmsd_norm,10,0.4499118298600051
33764.44,ROW-mean-Corr,5983,12311,433015,0,nrmsd_norm,11,0.4419800194432389
33764.44,ROW-mean-Corr,5983,12311,433015,0,nrmsd_norm,12,0.4338888911103584
33764.44,ROW-mean-Corr,5983,12311,433015,0,nrmsd_norm,13,0.3138689232205174
33764.44,ROW-mean-Corr,5983,12311,433015,0,nrmsd_norm,14,0.35784999867585754
33764.44,ROW-mean-Corr,5983,12311,433015,0,nrmsd_norm,15,0.3487301209766099
33764.44,ROW-mean-Corr,5983,12311,433015,0,nrmsd_norm,16,0.3269713111815275
33764.44,ROW-mean-Corr,5983,12311,433015,0,nrmsd_norm,17,0.3279166263013887
33764.44,ROW-mean-Corr,5983,12311,433015,0,nrmsd_norm,18,0.30022146753849105
33764.44,ROW-mean-Corr,5983,12311,433015,0,nrmsd_norm,19,0.29823231574899495
33764.44,ROW-mean-Corr,5983,12311,433015,0,nrmsd_norm,20,0.2992931177756509
33764.44,ROW-mean-Corr,5983,12311,433015,0,nrmsd_norm,22,0.2984769846164849
33764.44,ROW-mean-Corr,5983,12311,433015,0,nrmsd_norm,24,0.31000332612501924
33764.44,ROW-mean-Corr,5983,3001,433015,0,nrmsd_norm,26,0.33076413788434167
33764.44,ROW-mean-Corr,5983,2483,433015,0,nrmsd_norm,28,0.33245106872891733
33764.44,ROW-mean-Corr,5983,2483,433015,0,nrmsd_norm,30,0.362178840275543
33764.44,ROW-mean-Corr,5983,2483,433015,0,nrmsd_norm,32,0.3781422693566361
33764.44,ROW-mean-Corr,5983,10618,433015,0,nrmsd_norm,34,0.3784904499045217
33764.44,ROW-mean-Corr,5983,8484,433015,0,nrmsd_norm,36,0.37429394332871735
33764.44,ROW-mean-Corr,5983,7537,433015,0,nrmsd_norm,38,0.360006166854933
33764.44,ROW-mean-Corr,5983,7537,433015,0,nrmsd_norm,40,0.3699132755052307
33764.44,ROW-mean-Corr,5983,7537,433015,0,nrmsd_norm,42,0.3628433801441383
33764.44,ROW-mean-Corr,5983,5983,433015,0,nrmsd_norm,44,0.37635011170075305
33764.44,ROW-mean-Corr,5983,5983,433015,0,nrmsd_norm,46,0.37350861674417624
33764.44,ROW-mean-Corr,5983,7537,433015,0,nrmsd_norm,48,0.38527973183166137
33764.44,ROW-mean-Corr,5983,7537,433015,0,nrmsd_norm,50,0.39658158497129625
33764.44,ROW-mean-Corr,5983,5983,433015,0,nrmsd_norm,55,0.4094668611993633
33764.44,ROW-mean-Corr,5983,5983,433015,0,nrmsd_norm,60,0.4067548354667885
33764.44,ROW-mean-Corr,5983,5983,433015,0,nrmsd_norm,65,0.4081935264188216
33764.44,ROW-mean-Corr,5983,5983,433015,0,nrmsd_norm,70,0.39793538584848576
33764.44,ROW-mean-Corr,5983,5967,433015,0,nrmsd_norm,75,0.3945720187455525
33764.44,ROW-mean-Corr,5983,5967,433015,0,nrmsd_norm,80,0.3718338115723438
33764.44,ROW-mean-Corr,5983,8484,433015,0,nrmsd_norm,85,0.36327818818394214
33764.44,ROW-mean-Corr,5983,8484,433015,0,nrmsd_norm,90,0.3641967398033683
33764.44,ROW-mean-Corr,5983,8484,433015,0,nrmsd_norm,95,0.36924504955019316
33764.44,ROW-mean-Corr,5983,8484,433015,0,nrmsd_norm,100,0.3596418971454128
33764.44,ROW-mean-Corr,5983,1640,858597,0,nrmsd_norm,5,0.5504120869570044
33764.44,ROW-mean-Corr,5983,894,858597,0,nrmsd_norm,6,0.48262983483377636
33764.44,ROW-mean-Corr,5983,619,858597,0,nrmsd_norm,7,0.5343439235030851
33764.44,ROW-mean-Corr,5983,619,858597,0,nrmsd_norm,8,0.5387088523601495
33764.44,ROW-mean-Corr,5983,619,858597,0,nrmsd_norm,9,0.5227911884059103
33764.44,ROW-mean-Corr,5983,6216,858597,0,nrmsd_norm,10,0.46177049493866995
33764.44,ROW-mean-Corr,5983,4150,858597,0,nrmsd_norm,11,0.4460397097595992
33764.44,ROW-mean-Corr,5983,4150,858597,0,nrmsd_norm,12,0.4146956580351793
33764.44,ROW-mean-Corr,5983,6216,858597,0,nrmsd_norm,13,0.3132309397721155
33764.44,ROW-mean-Corr,5983,10541,858597,0,nrmsd_norm,14,0.3101412307309004
33764.44,ROW-mean-Corr,5983,10541,858597,0,nrmsd_norm,15,0.3327525764686979
33764.44,ROW-mean-Corr,5983,6216,858597,0,nrmsd_norm,16,0.33285934121725635
33764.44,ROW-mean-Corr,5983,6216,858597,0,nrmsd_norm,17,0.3291595865247528
33764.44,ROW-mean-Corr,5983,10541,858597,0,nrmsd_norm,18,0.3056963968014838
33764.44,ROW-mean-Corr,5983,10541,858597,0,nrmsd_norm,19,0.3034473196112826
33764.44,ROW-mean-Corr,5983,10541,858597,0,nrmsd_norm,20,0.3118584536716166
33764.44,ROW-mean-Corr,5983,6216,858597,0,nrmsd_norm,22,0.32750240025810246
33764.44,ROW-mean-Corr,5983,3001,858597,0,nrmsd_norm,24,0.32761573217793155
33764.44,ROW-mean-Corr,5983,3001,858597,0,nrmsd_norm,26,0.3254799580118649
33764.44,ROW-mean-Corr,5983,3001,858597,0,nrmsd_norm,28,0.3124374887296538
33764.44,ROW-mean-Corr,5983,3001,858597,0,nrmsd_norm,30,0.34873107921179614
33764.44,ROW-mean-Corr,5983,3001,858597,0,nrmsd_norm,32,0.368086167544184
33764.44,ROW-mean-Corr,5983,3001,858597,0,nrmsd_norm,34,0.35939920256640606
33764.44,ROW-mean-Corr,5983,3001,858597,0,nrmsd_norm,36,0.36407235491087003
33764.44,ROW-mean-Corr,5983,10788,858597,0,nrmsd_norm,38,0.3853638758794503
33764.44,ROW-mean-Corr,5983,10788,858597,0,nrmsd_norm,40,0.405579858293135
33764.44,ROW-mean-Corr,5983,10788,858597,0,nrmsd_norm,42,0.40485605936871766
33764.44,ROW-mean-Corr,5983,6210,858597,0,nrmsd_norm,44,0.4154970648686265
33764.44,ROW-mean-Corr,5983,10788,858597,0,nrmsd_norm,46,0.4249502282426063
33764.44,ROW-mean-Corr,5983,10788,858597,0,nrmsd_norm,48,0.4333898814461719
33764.44,ROW-mean-Corr,5983,10788,858597,0,nrmsd_norm,50,0.4395486319570494
33764.44,ROW-mean-Corr,5983,2780,858597,0,nrmsd_norm,55,0.44961948010927544
33764.44,ROW-mean-Corr,5983,7538,858597,0,nrmsd_norm,60,0.44518293921247665
33764.44,ROW-mean-Corr,5983,7538,858597,0,nrmsd_norm,65,0.4474306627270477
33764.44,ROW-mean-Corr,5983,2780,858597,0,nrmsd_norm,70,0.4475633567105112
33764.44,ROW-mean-Corr,5983,7564,858597,0,nrmsd_norm,75,0.39786370198339244
33764.44,ROW-mean-Corr,5983,2483,858597,0,nrmsd_norm,80,0.3834520157110819
33764.44,ROW-mean-Corr,5983,2104,858597,0,nrmsd_norm,85,0.36750503525905936
33764.44,ROW-mean-Corr,5983,2104,858597,0,nrmsd_norm,90,0.3595334801686051
33764.44,ROW-mean-Corr,5983,2104,858597,0,nrmsd_norm,95,0.3625270413267174
33764.44,ROW-mean-Corr,5983,7537,858597,0,nrmsd_norm,100,0.3599018625040242
33764.44,ROW-mean-Corr,5983,11209,85945,0,nrmsd_norm,5,0.6049173256596292
33764.44,ROW-mean-Corr,5983,6647,85945,0,nrmsd_norm,6,0.548490287861546
33764.44,ROW-mean-Corr,5983,6647,85945,0,nrmsd_norm,7,0.5684930847439746
33764.44,ROW-mean-Corr,5983,6647,85945,0,nrmsd_norm,8,0.5627586364073615
33764.44,ROW-mean-Corr,5983,5538,85945,0,nrmsd_norm,9,0.5114989582541097
33764.44,ROW-mean-Corr,5983,7331,85945,0,nrmsd_norm,10,0.5049612378790527
33764.44,ROW-mean-Corr,5983,7556,85945,0,nrmsd_norm,11,0.5253633505255914
33764.44,ROW-mean-Corr,5983,7331,85945,0,nrmsd_norm,12,0.5315449988016772
33764.44,ROW-mean-Corr,5983,12461,85945,0,nrmsd_norm,13,0.3758363145499198
33764.44,ROW-mean-Corr,5983,12461,85945,0,nrmsd_norm,14,0.38636256085665255
33764.44,ROW-mean-Corr,5983,12461,85945,0,nrmsd_norm,15,0.3923135083314322
33764.44,ROW-mean-Corr,5983,12461,85945,0,nrmsd_norm,16,0.3642282385433573
33764.44,ROW-mean-Corr,5983,4337,85945,0,nrmsd_norm,17,0.3574564059753824
33764.44,ROW-mean-Corr,5983,11330,85945,0,nrmsd_norm,18,0.38118914286455896
33764.44,ROW-mean-Corr,5983,11079,85945,0,nrmsd_norm,19,0.37406283521994255
33764.44,ROW-mean-Corr,5983,11079,85945,0,nrmsd_norm,20,0.39236720994971996
33764.44,ROW-mean-Corr,5983,11079,85945,0,nrmsd_norm,22,0.3554509895434624
33764.44,ROW-mean-Corr,5983,5967,85945,0,nrmsd_norm,24,0.37508617556503293
33764.44,ROW-mean-Corr,5983,3305,85945,0,nrmsd_norm,26,0.3634187639731493
33764.44,ROW-mean-Corr,5983,3305,85945,0,nrmsd_norm,28,0.3597817295900133
33764.44,ROW-mean-Corr,5983,5959,85945,0,nrmsd_norm,30,0.3810956215415569
33764.44,ROW-mean-Corr,5983,5959,85945,0,nrmsd_norm,32,0.3942526755971638
33764.44,ROW-mean-Corr,5983,5959,85945,0,nrmsd_norm,34,0.3924472593544525
33764.44,ROW-mean-Corr,5983,5967,85945,0,nrmsd_norm,36,0.3942941808687132
33764.44,ROW-mean-Corr,5983,3305,85945,0,nrmsd_norm,38,0.37216689451724566
33764.44,ROW-mean-Corr,5983,3305,85945,0,nrmsd_norm,40,0.3873183488004291
33764.44,ROW-mean-Corr,5983,800,85945,0,nrmsd_norm,42,0.3843285388518152
33764.44,ROW-mean-Corr,5983,8484,85945,0,nrmsd_norm,44,0.390886893999543
33764.44,ROW-mean-Corr,5983,8484,85945,0,nrmsd_norm,46,0.3919141408803228
33764.44,ROW-mean-Corr,5983,8484,85945,0,nrmsd_norm,48,0.4052204250074065
33764.44,ROW-mean-Corr,5983,8484,85945,0,nrmsd_norm,50,0.42506890607916065
33764.44,ROW-mean-Corr,5983,8484,85945,0,nrmsd_norm,55,0.4395878927073656
33764.44,ROW-mean-Corr,5983,8484,85945,0,nrmsd_norm,60,0.44972733574327545
33764.44,ROW-mean-Corr,5983,8484,85945,0,nrmsd_norm,65,0.4453572010052578
33764.44,ROW-mean-Corr,5983,5982,85945,0,nrmsd_norm,70,0.434317087604843
33764.44,ROW-mean-Corr,5983,5983,85945,0,nrmsd_norm,75,0.38760656589421644
33764.44,ROW-mean-Corr,5983,15,85945,0,nrmsd_norm,80,0.3780815142144602
33764.44,ROW-mean-Corr,5983,15,85945,0,nrmsd_norm,85,0.37420129603821256
33764.44,ROW-mean-Corr,5983,800,85945,0,nrmsd_norm,90,0.3663429712296791
33764.44,ROW-mean-Corr,5983,800,85945,0,nrmsd_norm,95,0.36453075567966603
33764.44,ROW-mean-Corr,5983,800,85945,0,nrmsd_norm,100,0.35862564076691816
33764.44,ROW-mean-Corr,5983,5524,697368,0,nrmsd_norm,5,0.5636778709001715
33764.44,ROW-mean-Corr,5983,918,697368,0,nrmsd_norm,6,0.4007524844933082
33764.44,ROW-mean-Corr,5983,918,697368,0,nrmsd_norm,7,0.40954928861733414
33764.44,ROW-mean-Corr,5983,6144,697368,0,nrmsd_norm,8,0.3950605414125385
33764.44,ROW-mean-Corr,5983,6144,697368,0,nrmsd_norm,9,0.37889822974385995
33764.44,ROW-mean-Corr,5983,3455,697368,0,nrmsd_norm,10,0.38731330908650247
33764.44,ROW-mean-Corr,5983,5957,697368,0,nrmsd_norm,11,0.38626198162618863
33764.44,ROW-mean-Corr,5983,5957,697368,0,nrmsd_norm,12,0.36550259670346497
33764.44,ROW-mean-Corr,5983,5957,697368,0,nrmsd_norm,13,0.3403478368193624
33764.44,ROW-mean-Corr,5983,5957,697368,0,nrmsd_norm,14,0.3447288209980957
33764.44,ROW-mean-Corr,5983,12327,697368,0,nrmsd_norm,15,0.3555749788896851
33764.44,ROW-mean-Corr,5983,12327,697368,0,nrmsd_norm,16,0.35813397811924463
33764.44,ROW-mean-Corr,5983,12327,697368,0,nrmsd_norm,17,0.3589137035665649
33764.44,ROW-mean-Corr,5983,4505,697368,0,nrmsd_norm,18,0.33889583694906406
33764.44,ROW-mean-Corr,5983,1186,697368,0,nrmsd_norm,19,0.3302047618649192
33764.44,ROW-mean-Corr,5983,7259,697368,0,nrmsd_norm,20,0.33243303000709357
33764.44,ROW-mean-Corr,5983,7259,697368,0,nrmsd_norm,22,0.34719705673655543
33764.44,ROW-mean-Corr,5983,15,697368,0,nrmsd_norm,24,0.371811372087789
33764.44,ROW-mean-Corr,5983,15,697368,0,nrmsd_norm,26,0.37408419192959225
33764.44,ROW-mean-Corr,5983,15,697368,0,nrmsd_norm,28,0.36566936343888856
33764.44,ROW-mean-Corr,5983,15,697368,0,nrmsd_norm,30,0.3836817443430716
33764.44,ROW-mean-Corr,5983,15,697368,0,nrmsd_norm,32,0.3893608450994992
33764.44,ROW-mean-Corr,5983,15,697368,0,nrmsd_norm,34,0.38199771432008095
33764.44,ROW-mean-Corr,5983,15,697368,0,nrmsd_norm,36,0.3892698004892283
33764.44,ROW-mean-Corr,5983,15,697368,0,nrmsd_norm,38,0.38348991905876845
33764.44,ROW-mean-Corr,5983,169,697368,0,nrmsd_norm,40,0.4018530268620319
33764.44,ROW-mean-Corr,5983,169,697368,0,nrmsd_norm,42,0.39490497879789016
33764.44,ROW-mean-Corr,5983,169,697368,0,nrmsd_norm,44,0.40203113261952406
33764.44,ROW-mean-Corr,5983,169,697368,0,nrmsd_norm,46,0.3968810873351484
33764.44,ROW-mean-Corr,5983,169,697368,0,nrmsd_norm,48,0.4167223963036318
33764.44,ROW-mean-Corr,5983,169,697368,0,nrmsd_norm,50,0.4182103642590139
33764.44,ROW-mean-Corr,5983,5982,697368,0,nrmsd_norm,55,0.43274976575504726
33764.44,ROW-mean-Corr,5983,5982,697368,0,nrmsd_norm,60,0.42378248977797595
33764.44,ROW-mean-Corr,5983,15,697368,0,nrmsd_norm,65,0.4307941128895508
33764.44,ROW-mean-Corr,5983,2483,697368,0,nrmsd_norm,70,0.43709942379634703
33764.44,ROW-mean-Corr,5983,7259,697368,0,nrmsd_norm,75,0.414684405966056
33764.44,ROW-mean-Corr,5983,7259,697368,0,nrmsd_norm,80,0.3974032650963337
33764.44,ROW-mean-Corr,5983,7259,697368,0,nrmsd_norm,85,0.39601469013594387
33764.44,ROW-mean-Corr,5983,5982,697368,0,nrmsd_norm,90,0.38402229648284053
33764.44,ROW-mean-Corr,5983,5982,697368,0,nrmsd_norm,95,0.39167304913201106
33764.44,ROW-mean-Corr,5983,5982,697368,0,nrmsd_norm,100,0.3861127446903565
33764.44,ROW-mean-Corr,5983,2516,201469,0,nrmsd_norm,5,0.5360719987619986
33764.44,ROW-mean-Corr,5983,4523,201469,0,nrmsd_norm,6,0.436582383166816
33764.44,ROW-mean-Corr,5983,4523,201469,0,nrmsd_norm,7,0.4634346426042096
33764.44,ROW-mean-Corr,5983,6209,201469,0,nrmsd_norm,8,0.443663484018725
33764.44,ROW-mean-Corr,5983,6215,201469,0,nrmsd_norm,9,0.42689328840038815
33764.44,ROW-mean-Corr,5983,6447,201469,0,nrmsd_norm,10,0.3667935647761666
33764.44,ROW-mean-Corr,5983,6237,201469,0,nrmsd_norm,11,0.36329249936954155
33764.44,ROW-mean-Corr,5983,6237,201469,0,nrmsd_norm,12,0.350830934017678
33764.44,ROW-mean-Corr,5983,6237,201469,0,nrmsd_norm,13,0.33161748711025774
33764.44,ROW-mean-Corr,5983,6237,201469,0,nrmsd_norm,14,0.3335114390194773
33764.44,ROW-mean-Corr,5983,6237,201469,0,nrmsd_norm,15,0.29514698523286303
33764.44,ROW-mean-Corr,5983,6237,201469,0,nrmsd_norm,16,0.2962170959545371
33764.44,ROW-mean-Corr,5983,6237,201469,0,nrmsd_norm,17,0.2933438372626851
33764.44,ROW-mean-Corr,5983,12625,201469,0,nrmsd_norm,18,0.2736988498352423
33764.44,ROW-mean-Corr,5983,12625,201469,0,nrmsd_norm,19,0.2719937778672557
33764.44,ROW-mean-Corr,5983,6237,201469,0,nrmsd_norm,20,0.27459566958528936
33764.44,ROW-mean-Corr,5983,6237,201469,0,nrmsd_norm,22,0.2870386485950119
33764.44,ROW-mean-Corr,5983,6062,201469,0,nrmsd_norm,24,0.2917152441543284
33764.44,ROW-mean-Corr,5983,6062,201469,0,nrmsd_norm,26,0.3126937253837433
33764.44,ROW-mean-Corr,5983,6062,201469,0,nrmsd_norm,28,0.3189103746384014
33764.44,ROW-mean-Corr,5983,6237,201469,0,nrmsd_norm,30,0.35275635437902997
33764.44,ROW-mean-Corr,5983,6237,201469,0,nrmsd_norm,32,0.35944179082278865
33764.44,ROW-mean-Corr,5983,6237,201469,0,nrmsd_norm,34,0.3605224597402309
33764.44,ROW-mean-Corr,5983,6062,201469,0,nrmsd_norm,36,0.3661376679546395
33764.44,ROW-mean-Corr,5983,2138,201469,0,nrmsd_norm,38,0.36032914517290393
33764.44,ROW-mean-Corr,5983,6237,201469,0,nrmsd_norm,40,0.3812925155421188
33764.44,ROW-mean-Corr,5983,9448,201469,0,nrmsd_norm,42,0.37229457869353905
33764.44,ROW-mean-Corr,5983,9448,201469,0,nrmsd_norm,44,0.35851694031433956
33764.44,ROW-mean-Corr,5983,9448,201469,0,nrmsd_norm,46,0.352837330221434
33764.44,ROW-mean-Corr,5983,9448,201469,0,nrmsd_norm,48,0.3610402300418246
33764.44,ROW-mean-Corr,5983,9448,201469,0,nrmsd_norm,50,0.37146183036063196
33764.44,ROW-mean-Corr,5983,9448,201469,0,nrmsd_norm,55,0.38350406813508425
33764.44,ROW-mean-Corr,5983,9448,201469,0,nrmsd_norm,60,0.3837786849802474
33764.44,ROW-mean-Corr,5983,10541,201469,0,nrmsd_norm,65,0.39922217224404566
33764.44,ROW-mean-Corr,5983,10541,201469,0,nrmsd_norm,70,0.39127065645947334
33764.44,ROW-mean-Corr,5983,12311,201469,0,nrmsd_norm,75,0.3845925528880986
33764.44,ROW-mean-Corr,5983,12311,201469,0,nrmsd_norm,80,0.36635382396852245
33764.44,ROW-mean-Corr,5983,12311,201469,0,nrmsd_norm,85,0.36278846642745055
33764.44,ROW-mean-Corr,5983,12311,201469,0,nrmsd_norm,90,0.3597907944817362
33764.44,ROW-mean-Corr,5983,12311,201469,0,nrmsd_norm,95,0.3713406127017901
33764.44,ROW-mean-Corr,5983,2483,201469,0,nrmsd_norm,100,0.368893862110988
33764.44,ROW-mean-Corr,5983,5032,94177,0,nrmsd_norm,5,0.6037802404214868
33764.44,ROW-mean-Corr,5983,11601,94177,0,nrmsd_norm,6,0.4739292546896942
33764.44,ROW-mean-Corr,5983,11601,94177,0,nrmsd_norm,7,0.49547757802908293
33764.44,ROW-mean-Corr,5983,11209,94177,0,nrmsd_norm,8,0.4924199161400137
33764.44,ROW-mean-Corr,5983,10531,94177,0,nrmsd_norm,9,0.4693423680189108
33764.44,ROW-mean-Corr,5983,12461,94177,0,nrmsd_norm,10,0.3876473642396057
33764.44,ROW-mean-Corr,5983,12461,94177,0,nrmsd_norm,11,0.3833305997529388
33764.44,ROW-mean-Corr,5983,12461,94177,0,nrmsd_norm,12,0.3850058701746741
33764.44,ROW-mean-Corr,5983,12461,94177,0,nrmsd_norm,13,0.33720589728297967
33764.44,ROW-mean-Corr,5983,2104,94177,0,nrmsd_norm,14,0.35680986931326164
33764.44,ROW-mean-Corr,5983,6211,94177,0,nrmsd_norm,15,0.33394566986843827
33764.44,ROW-mean-Corr,5983,6211,94177,0,nrmsd_norm,16,0.31337120993514594
33764.44,ROW-mean-Corr,5983,2104,94177,0,nrmsd_norm,17,0.3154325775241006
33764.44,ROW-mean-Corr,5983,2483,94177,0,nrmsd_norm,18,0.3089095235591026
33764.44,ROW-mean-Corr,5983,2483,94177,0,nrmsd_norm,19,0.302917800968686
33764.44,ROW-mean-Corr,5983,2483,94177,0,nrmsd_norm,20,0.3091539352685729
33764.44,ROW-mean-Corr,5983,12311,94177,0,nrmsd_norm,22,0.31611979754123093
33764.44,ROW-mean-Corr,5983,2483,94177,0,nrmsd_norm,24,0.33136911962072635
33764.44,ROW-mean-Corr,5983,2483,94177,0,nrmsd_norm,26,0.34571183604008743
33764.44,ROW-mean-Corr,5983,12311,94177,0,nrmsd_norm,28,0.3459490381745049
33764.44,ROW-mean-Corr,5983,2483,94177,0,nrmsd_norm,30,0.37771407419975656
33764.44,ROW-mean-Corr,5983,2483,94177,0,nrmsd_norm,32,0.39545026558542756
33764.44,ROW-mean-Corr,5983,2483,94177,0,nrmsd_norm,34,0.3884825943704547
33764.44,ROW-mean-Corr,5983,2483,94177,0,nrmsd_norm,36,0.38898360100008433
33764.44,ROW-mean-Corr,5983,2483,94177,0,nrmsd_norm,38,0.37638191359672785
33764.44,ROW-mean-Corr,5983,2483,94177,0,nrmsd_norm,40,0.39921201347566293
33764.44,ROW-mean-Corr,5983,2483,94177,0,nrmsd_norm,42,0.3966189468234737
33764.44,ROW-mean-Corr,5983,2483,94177,0,nrmsd_norm,44,0.39243219868378293
33764.44,ROW-mean-Corr,5983,2483,94177,0,nrmsd_norm,46,0.39481231944235423
33764.44,ROW-mean-Corr,5983,3001,94177,0,nrmsd_norm,48,0.4047877715600039
33764.44,ROW-mean-Corr,5983,3001,94177,0,nrmsd_norm,50,0.411382368606955
33764.44,ROW-mean-Corr,5983,2483,94177,0,nrmsd_norm,55,0.4261717860676463
33764.44,ROW-mean-Corr,5983,12311,94177,0,nrmsd_norm,60,0.412413683694074
33764.44,ROW-mean-Corr,5983,2483,94177,0,nrmsd_norm,65,0.4269504849617363
33764.44,ROW-mean-Corr,5983,7259,94177,0,nrmsd_norm,70,0.4211633695957877
33764.44,ROW-mean-Corr,5983,5982,94177,0,nrmsd_norm,75,0.39049681366972605
33764.44,ROW-mean-Corr,5983,5983,94177,0,nrmsd_norm,80,0.3738378372815146
33764.44,ROW-mean-Corr,5983,7537,94177,0,nrmsd_norm,85,0.36794386945409424
33764.44,ROW-mean-Corr,5983,7537,94177,0,nrmsd_norm,90,0.3640809116521407
33764.44,ROW-mean-Corr,5983,7537,94177,0,nrmsd_norm,95,0.3697965224466164
33764.44,ROW-mean-Corr,5983,7537,94177,0,nrmsd_norm,100,0.35487731737209843
33764.44,ROW-max-Corr,5983,7336,89250,0,nrmsd_norm,5,0.5105424924883787
33764.44,ROW-max-Corr,5983,5914,89250,0,nrmsd_norm,6,0.46896225719259615
33764.44,ROW-max-Corr,5983,4505,89250,0,nrmsd_norm,7,0.4249564679482967
33764.44,ROW-max-Corr,5983,4505,89250,0,nrmsd_norm,8,0.4210631671210854
33764.44,ROW-max-Corr,5983,800,89250,0,nrmsd_norm,9,0.3970496734147382
33764.44,ROW-max-Corr,5983,800,89250,0,nrmsd_norm,10,0.423645249121154
33764.44,ROW-max-Corr,5983,800,89250,0,nrmsd_norm,11,0.40506838009927065
33764.44,ROW-max-Corr,5983,5980,89250,0,nrmsd_norm,12,0.3937201344188984
33764.44,ROW-max-Corr,5983,12542,89250,0,nrmsd_norm,13,0.39694610289328985
33764.44,ROW-max-Corr,5983,12542,89250,0,nrmsd_norm,14,0.3835192581675274
33764.44,ROW-max-Corr,5983,12542,89250,0,nrmsd_norm,15,0.36073350620087297
33764.44,ROW-max-Corr,5983,12542,89250,0,nrmsd_norm,16,0.35359938264835933
33764.44,ROW-max-Corr,5983,12542,89250,0,nrmsd_norm,17,0.35642936870162484
33764.44,ROW-max-Corr,5983,5968,89250,0,nrmsd_norm,18,0.3433632075659329
33764.44,ROW-max-Corr,5983,12542,89250,0,nrmsd_norm,19,0.3448822151693439
33764.44,ROW-max-Corr,5983,12542,89250,0,nrmsd_norm,20,0.3501352183089135
33764.44,ROW-max-Corr,5983,800,89250,0,nrmsd_norm,22,0.32405729129565186
33764.44,ROW-max-Corr,5983,726,89250,0,nrmsd_norm,24,0.32321399921633637
33764.44,ROW-max-Corr,5983,726,89250,0,nrmsd_norm,26,0.32757701615137896
33764.44,ROW-max-Corr,5983,11263,89250,0,nrmsd_norm,28,0.3280995658652578
33764.44,ROW-max-Corr,5983,12542,89250,0,nrmsd_norm,30,0.31750202812661216
33764.44,ROW-max-Corr,5983,12542,89250,0,nrmsd_norm,32,0.3261914263721266
33764.44,ROW-max-Corr,5983,12542,89250,0,nrmsd_norm,34,0.3145265322266742
33764.44,ROW-max-Corr,5983,169,89250,0,nrmsd_norm,36,0.30778225568131656
33764.44,ROW-max-Corr,5983,5982,89250,0,nrmsd_norm,38,0.3098248138817175
33764.44,ROW-max-Corr,5983,5982,89250,0,nrmsd_norm,40,0.3093697825440949
33764.44,ROW-max-Corr,5983,5982,89250,0,nrmsd_norm,42,0.30848899986828554
33764.44,ROW-max-Corr,5983,5982,89250,0,nrmsd_norm,44,0.3053928110724682
33764.44,ROW-max-Corr,5983,5982,89250,0,nrmsd_norm,46,0.3065795447188799
33764.44,ROW-max-Corr,5983,5982,89250,0,nrmsd_norm,48,0.30578044213135575
33764.44,ROW-max-Corr,5983,8484,89250,0,nrmsd_norm,50,0.2991712469410662
33764.44,ROW-max-Corr,5983,5982,89250,0,nrmsd_norm,55,0.2994070851883902
33764.44,ROW-max-Corr,5983,8484,89250,0,nrmsd_norm,60,0.30479176216462006
33764.44,ROW-max-Corr,5983,5983,89250,0,nrmsd_norm,65,0.3092796230675688
33764.44,ROW-max-Corr,5983,5983,89250,0,nrmsd_norm,70,0.3074623296085177
33764.44,ROW-max-Corr,5983,5983,89250,0,nrmsd_norm,75,0.30782085221580263
33764.44,ROW-max-Corr,5983,5983,89250,0,nrmsd_norm,80,0.30168696549770385
33764.44,ROW-max-Corr,5983,5983,89250,0,nrmsd_norm,85,0.29582043775970507
33764.44,ROW-max-Corr,5983,5983,89250,0,nrmsd_norm,90,0.2977786080258982
33764.44,ROW-max-Corr,5983,5983,89250,0,nrmsd_norm,95,0.2922037389291401
33764.44,ROW-max-Corr,5983,5983,89250,0,nrmsd_norm,100,0.2926572348513182
33764.44,ROW-max-Corr,5983,3679,773956,0,nrmsd_norm,5,0.5239236603733246
33764.44,ROW-max-Corr,5983,1760,773956,0,nrmsd_norm,6,0.4817702323678666
33764.44,ROW-max-Corr,5983,5969,773956,0,nrmsd_norm,7,0.41752521930123077
33764.44,ROW-max-Corr,5983,5981,773956,0,nrmsd_norm,8,0.4106248745153566
33764.44,ROW-max-Corr,5983,5969,773956,0,nrmsd_norm,9,0.3794571167222513
33764.44,ROW-max-Corr,5983,5969,773956,0,nrmsd_norm,10,0.3889954645891577
33764.44,ROW-max-Corr,5983,5969,773956,0,nrmsd_norm,11,0.3727761725803895
33764.44,ROW-max-Corr,5983,2780,773956,0,nrmsd_norm,12,0.37078548424720603
33764.44,ROW-max-Corr,5983,5982,773956,0,nrmsd_norm,13,0.39295204882602425
33764.44,ROW-max-Corr,5983,5982,773956,0,nrmsd_norm,14,0.37505251230021885
33764.44,ROW-max-Corr,5983,5982,773956,0,nrmsd_norm,15,0.3367080805082013
33764.44,ROW-max-Corr,5983,5982,773956,0,nrmsd_norm,16,0.3277388313647328
33764.44,ROW-max-Corr,5983,5982,773956,0,nrmsd_norm,17,0.3297268643561101
33764.44,ROW-max-Corr,5983,11263,773956,0,nrmsd_norm,18,0.319920910211142
33764.44,ROW-max-Corr,5983,5985,773956,0,nrmsd_norm,19,0.31404467182025664
33764.44,ROW-max-Corr,5983,5985,773956,0,nrmsd_norm,20,0.32386566489056945
33764.44,ROW-max-Corr,5983,11263,773956,0,nrmsd_norm,22,0.3098967760159673
33764.44,ROW-max-Corr,5983,11263,773956,0,nrmsd_norm,24,0.3009577915404967
33764.44,ROW-max-Corr,5983,11263,773956,0,nrmsd_norm,26,0.3057740184570704
33764.44,ROW-max-Corr,5983,11263,773956,0,nrmsd_norm,28,0.3102729328572571
33764.44,ROW-max-Corr,5983,11263,773956,0,nrmsd_norm,30,0.29987155983032376
33764.44,ROW-max-Corr,5983,11263,773956,0,nrmsd_norm,32,0.30803393432596854
33764.44,ROW-max-Corr,5983,11263,773956,0,nrmsd_norm,34,0.3045172353349222
33764.44,ROW-max-Corr,5983,11263,773956,0,nrmsd_norm,36,0.29719302021541993
33764.44,ROW-max-Corr,5983,11263,773956,0,nrmsd_norm,38,0.296139080105807
33764.44,ROW-max-Corr,5983,11263,773956,0,nrmsd_norm,40,0.29597258695739714
33764.44,ROW-max-Corr,5983,11263,773956,0,nrmsd_norm,42,0.29929821603648366
33764.44,ROW-max-Corr,5983,11263,773956,0,nrmsd_norm,44,0.2941536004200798
33764.44,ROW-max-Corr,5983,11263,773956,0,nrmsd_norm,46,0.29379585059359886
33764.44,ROW-max-Corr,5983,11263,773956,0,nrmsd_norm,48,0.29459084692201937
33764.44,ROW-max-Corr,5983,11263,773956,0,nrmsd_norm,50,0.29043801875406594
33764.44,ROW-max-Corr,5983,5987,773956,0,nrmsd_norm,55,0.2903370863237656
33764.44,ROW-max-Corr,5983,5983,773956,0,nrmsd_norm,60,0.2928542833438972
33764.44,ROW-max-Corr,5983,5982,773956,0,nrmsd_norm,65,0.2988172598612987
33764.44,ROW-max-Corr,5983,5983,773956,0,nrmsd_norm,70,0.29884661682216473
33764.44,ROW-max-Corr,5983,5982,773956,0,nrmsd_norm,75,0.2977354011887282
33764.44,ROW-max-Corr,5983,8484,773956,0,nrmsd_norm,80,0.2931879345502796
33764.44,ROW-max-Corr,5983,8484,773956,0,nrmsd_norm,85,0.2886757192826736
33764.44,ROW-max-Corr,5983,8484,773956,0,nrmsd_norm,90,0.29194099236757826
33764.44,ROW-max-Corr,5983,5983,773956,0,nrmsd_norm,95,0.2860413457996663
33764.44,ROW-max-Corr,5983,5983,773956,0,nrmsd_norm,100,0.2873799183547389
33764.44,ROW-max-Corr,5983,418,654571,0,nrmsd_norm,5,0.5244815217686181
33764.44,ROW-max-Corr,5983,6982,654571,0,nrmsd_norm,6,0.4767893857557264
33764.44,ROW-max-Corr,5983,10353,654571,0,nrmsd_norm,7,0.4372232402754694
33764.44,ROW-max-Corr,5983,5775,654571,0,nrmsd_norm,8,0.40309165179990153
33764.44,ROW-max-Corr,5983,5775,654571,0,nrmsd_norm,9,0.3688664733206536
33764.44,ROW-max-Corr,5983,5775,654571,0,nrmsd_norm,10,0.38446905411202587
33764.44,ROW-max-Corr,5983,3243,654571,0,nrmsd_norm,11,0.3710339877177644
33764.44,ROW-max-Corr,5983,8119,654571,0,nrmsd_norm,12,0.36153847510599907
33764.44,ROW-max-Corr,5983,12391,654571,0,nrmsd_norm,13,0.3977031306680921
33764.44,ROW-max-Corr,5983,12391,654571,0,nrmsd_norm,14,0.37841355742544563
33764.44,ROW-max-Corr,5983,9149,654571,0,nrmsd_norm,15,0.3292502136081887
33764.44,ROW-max-Corr,5983,5987,654571,0,nrmsd_norm,16,0.32861129441496395
33764.44,ROW-max-Corr,5983,5987,654571,0,nrmsd_norm,17,0.3331838002772174
33764.44,ROW-max-Corr,5983,7537,654571,0,nrmsd_norm,18,0.33438697670397816
33764.44,ROW-max-Corr,5983,7537,654571,0,nrmsd_norm,19,0.3280133380952302
33764.44,ROW-max-Corr,5983,7537,654571,0,nrmsd_norm,20,0.3321879504769328
33764.44,ROW-max-Corr,5983,7537,654571,0,nrmsd_norm,22,0.3133740844900166
33764.44,ROW-max-Corr,5983,7537,654571,0,nrmsd_norm,24,0.30776256303279453
33764.44,ROW-max-Corr,5983,7537,654571,0,nrmsd_norm,26,0.31444811790944716
33764.44,ROW-max-Corr,5983,5983,654571,0,nrmsd_norm,28,0.322800199257075
33764.44,ROW-max-Corr,5983,5983,654571,0,nrmsd_norm,30,0.31238812904481034
33764.44,ROW-max-Corr,5983,5983,654571,0,nrmsd_norm,32,0.31969375925560956
33764.44,ROW-max-Corr,5983,5983,654571,0,nrmsd_norm,34,0.3095521398571397
33764.44,ROW-max-Corr,5983,5983,654571,0,nrmsd_norm,36,0.3023340820360369
33764.44,ROW-max-Corr,5983,8484,654571,0,nrmsd_norm,38,0.30105134115794985
33764.44,ROW-max-Corr,5983,8484,654571,0,nrmsd_norm,40,0.30035971473613654
33764.44,ROW-max-Corr,5983,8484,654571,0,nrmsd_norm,42,0.29957379349807983
33764.44,ROW-max-Corr,5983,8484,654571,0,nrmsd_norm,44,0.2953232023568943
33764.44,ROW-max-Corr,5983,8484,654571,0,nrmsd_norm,46,0.2963705355874659
33764.44,ROW-max-Corr,5983,8484,654571,0,nrmsd_norm,48,0.2957640143501336
33764.44,ROW-max-Corr,5983,8484,654571,0,nrmsd_norm,50,0.2921302930014298
33764.44,ROW-max-Corr,5983,8484,654571,0,nrmsd_norm,55,0.29267704098876074
33764.44,ROW-max-Corr,5983,8484,654571,0,nrmsd_norm,60,0.2982441424599316
33764.44,ROW-max-Corr,5983,5982,654571,0,nrmsd_norm,65,0.3037460113739817
33764.44,ROW-max-Corr,5983,8484,654571,0,nrmsd_norm,70,0.30210585583738125
33764.44,ROW-max-Corr,5983,8484,654571,0,nrmsd_norm,75,0.30041796381289376
33764.44,ROW-max-Corr,5983,5983,654571,0,nrmsd_norm,80,0.29608920756065626
33764.44,ROW-max-Corr,5983,5983,654571,0,nrmsd_norm,85,0.2915766784583276
33764.44,ROW-max-Corr,5983,5983,654571,0,nrmsd_norm,90,0.2955034059976391
33764.44,ROW-max-Corr,5983,5983,654571,0,nrmsd_norm,95,0.28955864549050514
33764.44,ROW-max-Corr,5983,5983,654571,0,nrmsd_norm,100,0.28922983700288113
33764.44,ROW-max-Corr,5983,7332,438878,0,nrmsd_norm,5,0.5139479321756713
33764.44,ROW-max-Corr,5983,10215,438878,0,nrmsd_norm,6,0.4677677678595909
33764.44,ROW-max-Corr,5983,4733,438878,0,nrmsd_norm,7,0.399162896054722
33764.44,ROW-max-Corr,5983,10215,438878,0,nrmsd_norm,8,0.395442184429617
33764.44,ROW-max-Corr,5983,1186,438878,0,nrmsd_norm,9,0.37790070125863545
33764.44,ROW-max-Corr,5983,1186,438878,0,nrmsd_norm,10,0.39551283864404246
33764.44,ROW-max-Corr,5983,1186,438878,0,nrmsd_norm,11,0.38337628135950336
33764.44,ROW-max-Corr,5983,1186,438878,0,nrmsd_norm,12,0.3803870802753136
33764.44,ROW-max-Corr,5983,1186,438878,0,nrmsd_norm,13,0.38283886614571033
33764.44,ROW-max-Corr,5983,8585,438878,0,nrmsd_norm,14,0.3712210463073819
33764.44,ROW-max-Corr,5983,7259,438878,0,nrmsd_norm,15,0.35736713124175334
33764.44,ROW-max-Corr,5983,7538,438878,0,nrmsd_norm,16,0.3478133268111892
33764.44,ROW-max-Corr,5983,7538,438878,0,nrmsd_norm,17,0.3477894044655492
33764.44,ROW-max-Corr,5983,8484,438878,0,nrmsd_norm,18,0.33985525911061115
33764.44,ROW-max-Corr,5983,8484,438878,0,nrmsd_norm,19,0.330042805699848
33764.44,ROW-max-Corr,5983,5982,438878,0,nrmsd_norm,20,0.3383327744380284
33764.44,ROW-max-Corr,5983,5982,438878,0,nrmsd_norm,22,0.3280454688119588
33764.44,ROW-max-Corr,5983,11263,438878,0,nrmsd_norm,24,0.323118959143969
33764.44,ROW-max-Corr,5983,11263,438878,0,nrmsd_norm,26,0.33019114707769004
33764.44,ROW-max-Corr,5983,11263,438878,0,nrmsd_norm,28,0.333652670853548
33764.44,ROW-max-Corr,5983,11263,438878,0,nrmsd_norm,30,0.3235418432546512
33764.44,ROW-max-Corr,5983,11263,438878,0,nrmsd_norm,32,0.32841665904512274
33764.44,ROW-max-Corr,5983,11263,438878,0,nrmsd_norm,34,0.31521412201543225
33764.44,ROW-max-Corr,5983,11263,438878,0,nrmsd_norm,36,0.30815716623776923
33764.44,ROW-max-Corr,5983,11263,438878,0,nrmsd_norm,38,0.3100535629512241
33764.44,ROW-max-Corr,5983,15,438878,0,nrmsd_norm,40,0.30753443362210087
33764.44,ROW-max-Corr,5983,11263,438878,0,nrmsd_norm,42,0.30605592444984386
33764.44,ROW-max-Corr,5983,11263,438878,0,nrmsd_norm,44,0.30236000235961547
33764.44,ROW-max-Corr,5983,11263,438878,0,nrmsd_norm,46,0.30630527592355195
33764.44,ROW-max-Corr,5983,11263,438878,0,nrmsd_norm,48,0.3030696419073831
33764.44,ROW-max-Corr,5983,11263,438878,0,nrmsd_norm,50,0.2964228827168909
33764.44,ROW-max-Corr,5983,11263,438878,0,nrmsd_norm,55,0.2945832335804744
33764.44,ROW-max-Corr,5983,11263,438878,0,nrmsd_norm,60,0.2996303323021153
33764.44,ROW-max-Corr,5983,11263,438878,0,nrmsd_norm,65,0.3069599207711438
33764.44,ROW-max-Corr,5983,11263,438878,0,nrmsd_norm,70,0.30398323463812105
33764.44,ROW-max-Corr,5983,11263,438878,0,nrmsd_norm,75,0.3036346560737333
33764.44,ROW-max-Corr,5983,11263,438878,0,nrmsd_norm,80,0.2994931670941139
33764.44,ROW-max-Corr,5983,11263,438878,0,nrmsd_norm,85,0.2923794203363101
33764.44,ROW-max-Corr,5983,11263,438878,0,nrmsd_norm,90,0.29631891595548
33764.44,ROW-max-Corr,5983,11263,438878,0,nrmsd_norm,95,0.29200492112237575
33764.44,ROW-max-Corr,5983,11263,438878,0,nrmsd_norm,100,0.29241978764200544
33764.44,ROW-max-Corr,5983,11156,433015,0,nrmsd_norm,5,0.5651527872875224
33764.44,ROW-max-Corr,5983,413,433015,0,nrmsd_norm,6,0.4929550860119513
33764.44,ROW-max-Corr,5983,5647,433015,0,nrmsd_norm,7,0.45172656229583574
33764.44,ROW-max-Corr,5983,3483,433015,0,nrmsd_norm,8,0.4185193511273056
33764.44,ROW-max-Corr,5983,4935,433015,0,nrmsd_norm,9,0.38202477137330626
33764.44,ROW-max-Corr,5983,4935,433015,0,nrmsd_norm,10,0.3816531973871426
33764.44,ROW-max-Corr,5983,4935,433015,0,nrmsd_norm,11,0.3806343353804354
33764.44,ROW-max-Corr,5983,4935,433015,0,nrmsd_norm,12,0.38352587538058247
33764.44,ROW-max-Corr,5983,12461,433015,0,nrmsd_norm,13,0.4203723231633013
33764.44,ROW-max-Corr,5983,4084,433015,0,nrmsd_norm,14,0.40216879804767913
33764.44,ROW-max-Corr,5983,4084,433015,0,nrmsd_norm,15,0.3512225500858087
33764.44,ROW-max-Corr,5983,4084,433015,0,nrmsd_norm,16,0.3389634112600543
33764.44,ROW-max-Corr,5983,4084,433015,0,nrmsd_norm,17,0.3434737983962613
33764.44,ROW-max-Corr,5983,4084,433015,0,nrmsd_norm,18,0.3416006702251722
33764.44,ROW-max-Corr,5983,12461,433015,0,nrmsd_norm,19,0.3350762768869171
33764.44,ROW-max-Corr,5983,12461,433015,0,nrmsd_norm,20,0.3446269946777759
33764.44,ROW-max-Corr,5983,12461,433015,0,nrmsd_norm,22,0.3201349089952584
33764.44,ROW-max-Corr,5983,12461,433015,0,nrmsd_norm,24,0.3109109848466218
33764.44,ROW-max-Corr,5983,12461,433015,0,nrmsd_norm,26,0.3234149631639035
33764.44,ROW-max-Corr,5983,7537,433015,0,nrmsd_norm,28,0.32742369160673207
33764.44,ROW-max-Corr,5983,7537,433015,0,nrmsd_norm,30,0.3163948775785599
33764.44,ROW-max-Corr,5983,7537,433015,0,nrmsd_norm,32,0.3196426170659395
33764.44,ROW-max-Corr,5983,7537,433015,0,nrmsd_norm,34,0.31253831006048227
33764.44,ROW-max-Corr,5983,5983,433015,0,nrmsd_norm,36,0.30601647605366783
33764.44,ROW-max-Corr,5983,5983,433015,0,nrmsd_norm,38,0.3137314227366927
33764.44,ROW-max-Corr,5983,5983,433015,0,nrmsd_norm,40,0.3119786414576012
33764.44,ROW-max-Corr,5983,5983,433015,0,nrmsd_norm,42,0.30988089896575766
33764.44,ROW-max-Corr,5983,3305,433015,0,nrmsd_norm,44,0.3032539068105582
33764.44,ROW-max-Corr,5983,3305,433015,0,nrmsd_norm,46,0.3056260661637507
33764.44,ROW-max-Corr,5983,3305,433015,0,nrmsd_norm,48,0.3034530186531701
33764.44,ROW-max-Corr,5983,5982,433015,0,nrmsd_norm,50,0.29924455743484996
33764.44,ROW-max-Corr,5983,8484,433015,0,nrmsd_norm,55,0.30285525258911433
33764.44,ROW-max-Corr,5983,5982,433015,0,nrmsd_norm,60,0.3076605639582474
33764.44,ROW-max-Corr,5983,5983,433015,0,nrmsd_norm,65,0.31248391823680643
33764.44,ROW-max-Corr,5983,5983,433015,0,nrmsd_norm,70,0.3085851203261146
33764.44,ROW-max-Corr,5983,5983,433015,0,nrmsd_norm,75,0.3078036535812451
33764.44,ROW-max-Corr,5983,5983,433015,0,nrmsd_norm,80,0.30307200309932536
33764.44,ROW-max-Corr,5983,5983,433015,0,nrmsd_norm,85,0.29813865937173967
33764.44,ROW-max-Corr,5983,5983,433015,0,nrmsd_norm,90,0.30104285645721734
33764.44,ROW-max-Corr,5983,5983,433015,0,nrmsd_norm,95,0.2934750677478313
33764.44,ROW-max-Corr,5983,5983,433015,0,nrmsd_norm,100,0.2947732625028152
33764.44,ROW-max-Corr,5983,6082,858597,0,nrmsd_norm,5,0.5505860174712967
33764.44,ROW-max-Corr,5983,6965,858597,0,nrmsd_norm,6,0.48676335870401044
33764.44,ROW-max-Corr,5983,10100,858597,0,nrmsd_norm,7,0.4146906413460021
33764.44,ROW-max-Corr,5983,6326,858597,0,nrmsd_norm,8,0.40611690139174805
33764.44,ROW-max-Corr,5983,2907,858597,0,nrmsd_norm,9,0.38887183646840634
33764.44,ROW-max-Corr,5983,756,858597,0,nrmsd_norm,10,0.3941885506819702
33764.44,ROW-max-Corr,5983,12534,858597,0,nrmsd_norm,11,0.3813038013018759
33764.44,ROW-max-Corr,5983,12534,858597,0,nrmsd_norm,12,0.3742065632168866
33764.44,ROW-max-Corr,5983,10536,858597,0,nrmsd_norm,13,0.39295618327913184
33764.44,ROW-max-Corr,5983,3001,858597,0,nrmsd_norm,14,0.38083945877476544
33764.44,ROW-max-Corr,5983,3001,858597,0,nrmsd_norm,15,0.34621830685891153
33764.44,ROW-max-Corr,5983,7564,858597,0,nrmsd_norm,16,0.3384655537234518
33764.44,ROW-max-Corr,5983,10788,858597,0,nrmsd_norm,17,0.33887654727343963
33764.44,ROW-max-Corr,5983,10788,858597,0,nrmsd_norm,18,0.33790750464562275
33764.44,ROW-max-Corr,5983,7564,858597,0,nrmsd_norm,19,0.32823746093716827
33764.44,ROW-max-Corr,5983,7564,858597,0,nrmsd_norm,20,0.33399374714465996
33764.44,ROW-max-Corr,5983,2483,858597,0,nrmsd_norm,22,0.32183608077205816
33764.44,ROW-max-Corr,5983,2483,858597,0,nrmsd_norm,24,0.3141216182546857
33764.44,ROW-max-Corr,5983,2483,858597,0,nrmsd_norm,26,0.32279514654853947
33764.44,ROW-max-Corr,5983,2483,858597,0,nrmsd_norm,28,0.3259622119844562
33764.44,ROW-max-Corr,5983,2483,858597,0,nrmsd_norm,30,0.3149393093293729
33764.44,ROW-max-Corr,5983,2483,858597,0,nrmsd_norm,32,0.3186259482010698
33764.44,ROW-max-Corr,5983,2483,858597,0,nrmsd_norm,34,0.3082917849017342
33764.44,ROW-max-Corr,5983,10618,858597,0,nrmsd_norm,36,0.3033482869617133
33764.44,ROW-max-Corr,5983,10618,858597,0,nrmsd_norm,38,0.3024488604790226
33764.44,ROW-max-Corr,5983,10618,858597,0,nrmsd_norm,40,0.3043020456497484
33764.44,ROW-max-Corr,5983,7537,858597,0,nrmsd_norm,42,0.30468967625265575
33764.44,ROW-max-Corr,5983,10618,858597,0,nrmsd_norm,44,0.3001513888890602
33764.44,ROW-max-Corr,5983,10618,858597,0,nrmsd_norm,46,0.3019456176051988
33764.44,ROW-max-Corr,5983,10618,858597,0,nrmsd_norm,48,0.30093844029946365
33764.44,ROW-max-Corr,5983,10618,858597,0,nrmsd_norm,50,0.29561151914045153
33764.44,ROW-max-Corr,5983,8484,858597,0,nrmsd_norm,55,0.2959161232602574
33764.44,ROW-max-Corr,5983,8484,858597,0,nrmsd_norm,60,0.29930014178826875
33764.44,ROW-max-Corr,5983,8484,858597,0,nrmsd_norm,65,0.3033708587057748
33764.44,ROW-max-Corr,5983,8484,858597,0,nrmsd_norm,70,0.30215494111115054
33764.44,ROW-max-Corr,5983,8484,858597,0,nrmsd_norm,75,0.30145117727842047
33764.44,ROW-max-Corr,5983,8484,858597,0,nrmsd_norm,80,0.2961624678075349
33764.44,ROW-max-Corr,5983,8484,858597,0,nrmsd_norm,85,0.2934687927297939
33764.44,ROW-max-Corr,5983,8484,858597,0,nrmsd_norm,90,0.2968266766731446
33764.44,ROW-max-Corr,5983,8484,858597,0,nrmsd_norm,95,0.29230681587137985
33764.44,ROW-max-Corr,5983,8484,858597,0,nrmsd_norm,100,0.2931882373251777
33764.44,ROW-max-Corr,5983,11122,85945,0,nrmsd_norm,5,0.5351029764960685
33764.44,ROW-max-Corr,5983,11122,85945,0,nrmsd_norm,6,0.48511707231911777
33764.44,ROW-max-Corr,5983,11525,85945,0,nrmsd_norm,7,0.4497640168145494
33764.44,ROW-max-Corr,5983,2355,85945,0,nrmsd_norm,8,0.4312275157042064
33764.44,ROW-max-Corr,5983,2355,85945,0,nrmsd_norm,9,0.392214286149112
33764.44,ROW-max-Corr,5983,12418,85945,0,nrmsd_norm,10,0.39786950582640657
33764.44,ROW-max-Corr,5983,499,85945,0,nrmsd_norm,11,0.3914764898936783
33764.44,ROW-max-Corr,5983,10618,85945,0,nrmsd_norm,12,0.38623348545657943
33764.44,ROW-max-Corr,5983,10618,85945,0,nrmsd_norm,13,0.41091774730197084
33764.44,ROW-max-Corr,5983,10618,85945,0,nrmsd_norm,14,0.39034586194467136
33764.44,ROW-max-Corr,5983,7537,85945,0,nrmsd_norm,15,0.3576910750365758
33764.44,ROW-max-Corr,5983,5983,85945,0,nrmsd_norm,16,0.34851250718796445
33764.44,ROW-max-Corr,5983,5983,85945,0,nrmsd_norm,17,0.3487645629071498
33764.44,ROW-max-Corr,5983,5983,85945,0,nrmsd_norm,18,0.34430799766871306
33764.44,ROW-max-Corr,5983,5983,85945,0,nrmsd_norm,19,0.33754662107233935
33764.44,ROW-max-Corr,5983,5983,85945,0,nrmsd_norm,20,0.34617278549569236
33764.44,ROW-max-Corr,5983,5983,85945,0,nrmsd_norm,22,0.32723128639965676
33764.44,ROW-max-Corr,5983,3305,85945,0,nrmsd_norm,24,0.32030075787797796
33764.44,ROW-max-Corr,5983,3305,85945,0,nrmsd_norm,26,0.3282005679505359
33764.44,ROW-max-Corr,5983,5983,85945,0,nrmsd_norm,28,0.33282916466576984
33764.44,ROW-max-Corr,5983,5983,85945,0,nrmsd_norm,30,0.3203067241436493
33764.44,ROW-max-Corr,5983,5983,85945,0,nrmsd_norm,32,0.3241518049041201
33764.44,ROW-max-Corr,5983,5983,85945,0,nrmsd_norm,34,0.3143120817576236
33764.44,ROW-max-Corr,5983,5983,85945,0,nrmsd_norm,36,0.30745630081954906
33764.44,ROW-max-Corr,5983,5983,85945,0,nrmsd_norm,38,0.3062781127098254
33764.44,ROW-max-Corr,5983,7537,85945,0,nrmsd_norm,40,0.30918456211615314
33764.44,ROW-max-Corr,5983,5983,85945,0,nrmsd_norm,42,0.30875330002023627
33764.44,ROW-max-Corr,5983,7537,85945,0,nrmsd_norm,44,0.30302086301301734
33764.44,ROW-max-Corr,5983,5983,85945,0,nrmsd_norm,46,0.30547403300458975
33764.44,ROW-max-Corr,5983,5983,85945,0,nrmsd_norm,48,0.30535826646296665
33764.44,ROW-max-Corr,5983,5983,85945,0,nrmsd_norm,50,0.3022344376773526
33764.44,ROW-max-Corr,5983,5983,85945,0,nrmsd_norm,55,0.30375026713491127
33764.44,ROW-max-Corr,5983,5983,85945,0,nrmsd_norm,60,0.3064342471264795
33764.44,ROW-max-Corr,5983,5983,85945,0,nrmsd_norm,65,0.3126397263485951
33764.44,ROW-max-Corr,5983,5983,85945,0,nrmsd_norm,70,0.3105079188207569
33764.44,ROW-max-Corr,5983,5983,85945,0,nrmsd_norm,75,0.30772448878869696
33764.44,ROW-max-Corr,5983,5983,85945,0,nrmsd_norm,80,0.3030164513493855
33764.44,ROW-max-Corr,5983,5983,85945,0,nrmsd_norm,85,0.29850853457040294
33764.44,ROW-max-Corr,5983,5983,85945,0,nrmsd_norm,90,0.30133267573509365
33764.44,ROW-max-Corr,5983,5983,85945,0,nrmsd_norm,95,0.29437164271178046
33764.44,ROW-max-Corr,5983,5983,85945,0,nrmsd_norm,100,0.2957578431792348
33764.44,ROW-max-Corr,5983,3480,697368,0,nrmsd_norm,5,0.5625770522374435
33764.44,ROW-max-Corr,5983,3480,697368,0,nrmsd_norm,6,0.49722320797414915
33764.44,ROW-max-Corr,5983,5208,697368,0,nrmsd_norm,7,0.44861732172779695
33764.44,ROW-max-Corr,5983,4935,697368,0,nrmsd_norm,8,0.4213102855286655
33764.44,ROW-max-Corr,5983,4015,697368,0,nrmsd_norm,9,0.39312397820297357
33764.44,ROW-max-Corr,5983,4015,697368,0,nrmsd_norm,10,0.39980859129146806
33764.44,ROW-max-Corr,5983,5527,697368,0,nrmsd_norm,11,0.3971145094692918
33764.44,ROW-max-Corr,5983,4015,697368,0,nrmsd_norm,12,0.40045906657479907
33764.44,ROW-max-Corr,5983,2780,697368,0,nrmsd_norm,13,0.41887160499303
33764.44,ROW-max-Corr,5983,10618,697368,0,nrmsd_norm,14,0.4037740675247545
33764.44,ROW-max-Corr,5983,2780,697368,0,nrmsd_norm,15,0.34440567815868534
33764.44,ROW-max-Corr,5983,5982,697368,0,nrmsd_norm,16,0.33267675869934704
33764.44,ROW-max-Corr,5983,5982,697368,0,nrmsd_norm,17,0.34029338343960225
33764.44,ROW-max-Corr,5983,5982,697368,0,nrmsd_norm,18,0.3404307681160568
33764.44,ROW-max-Corr,5983,5982,697368,0,nrmsd_norm,19,0.3307073360811924
33764.44,ROW-max-Corr,5983,5982,697368,0,nrmsd_norm,20,0.34290297017901744
33764.44,ROW-max-Corr,5983,5967,697368,0,nrmsd_norm,22,0.32152386860035115
33764.44,ROW-max-Corr,5983,11079,697368,0,nrmsd_norm,24,0.3168815244628657
33764.44,ROW-max-Corr,5983,11079,697368,0,nrmsd_norm,26,0.3186053310497378
33764.44,ROW-max-Corr,5983,5982,697368,0,nrmsd_norm,28,0.3240069970253026
33764.44,ROW-max-Corr,5983,5982,697368,0,nrmsd_norm,30,0.3112609595983405
33764.44,ROW-max-Corr,5983,5982,697368,0,nrmsd_norm,32,0.3192972745696028
33764.44,ROW-max-Corr,5983,5982,697368,0,nrmsd_norm,34,0.30921135748706496
33764.44,ROW-max-Corr,5983,8484,697368,0,nrmsd_norm,36,0.30166975333967966
33764.44,ROW-max-Corr,5983,8484,697368,0,nrmsd_norm,38,0.30305692496582143
33764.44,ROW-max-Corr,5983,8484,697368,0,nrmsd_norm,40,0.29932983632926274
33764.44,ROW-max-Corr,5983,5982,697368,0,nrmsd_norm,42,0.299799283259213
33764.44,ROW-max-Corr,5983,8484,697368,0,nrmsd_norm,44,0.2941529810424423
33764.44,ROW-max-Corr,5983,8484,697368,0,nrmsd_norm,46,0.2965264803532526
33764.44,ROW-max-Corr,5983,8484,697368,0,nrmsd_norm,48,0.2958884209750469
33764.44,ROW-max-Corr,5983,8484,697368,0,nrmsd_norm,50,0.29058792113231185
33764.44,ROW-max-Corr,5983,8484,697368,0,nrmsd_norm,55,0.29491191915235243
33764.44,ROW-max-Corr,5983,8484,697368,0,nrmsd_norm,60,0.2984725977788408
33764.44,ROW-max-Corr,5983,5983,697368,0,nrmsd_norm,65,0.3037152443734622
33764.44,ROW-max-Corr,5983,8484,697368,0,nrmsd_norm,70,0.3004506658873395
33764.44,ROW-max-Corr,5983,5983,697368,0,nrmsd_norm,75,0.29898466889475894
33764.44,ROW-max-Corr,5983,5983,697368,0,nrmsd_norm,80,0.29420897239857785
33764.44,ROW-max-Corr,5983,5983,697368,0,nrmsd_norm,85,0.2904376466366318
33764.44,ROW-max-Corr,5983,7537,697368,0,nrmsd_norm,90,0.29207508651466213
33764.44,ROW-max-Corr,5983,5983,697368,0,nrmsd_norm,95,0.28698750143482493
33764.44,ROW-max-Corr,5983,5983,697368,0,nrmsd_norm,100,0.2887441285274905
33764.44,ROW-max-Corr,5983,1719,201469,0,nrmsd_norm,5,0.5456076438285965
33764.44,ROW-max-Corr,5983,15,201469,0,nrmsd_norm,6,0.4851241547618102
33764.44,ROW-max-Corr,5983,7863,201469,0,nrmsd_norm,7,0.3990960495520147
33764.44,ROW-max-Corr,5983,9124,201469,0,nrmsd_norm,8,0.3902481222198429
33764.44,ROW-max-Corr,5983,6211,201469,0,nrmsd_norm,9,0.3762173972444124
33764.44,ROW-max-Corr,5983,6461,201469,0,nrmsd_norm,10,0.37630837625160296
33764.44,ROW-max-Corr,5983,2706,201469,0,nrmsd_norm,11,0.3690145179915396
33764.44,ROW-max-Corr,5983,4733,201469,0,nrmsd_norm,12,0.36335787556209403
33764.44,ROW-max-Corr,5983,6461,201469,0,nrmsd_norm,13,0.37563792333469503
33764.44,ROW-max-Corr,5983,6459,201469,0,nrmsd_norm,14,0.36204227752055773
33764.44,ROW-max-Corr,5983,6238,201469,0,nrmsd_norm,15,0.34970811511815686
33764.44,ROW-max-Corr,5983,8585,201469,0,nrmsd_norm,16,0.34078981504003875
33764.44,ROW-max-Corr,5983,7259,201469,0,nrmsd_norm,17,0.3402366574625577
33764.44,ROW-max-Corr,5983,7259,201469,0,nrmsd_norm,18,0.3363874421616864
33764.44,ROW-max-Corr,5983,9903,201469,0,nrmsd_norm,19,0.32822988961370564
33764.44,ROW-max-Corr,5983,5982,201469,0,nrmsd_norm,20,0.3370186625035236
33764.44,ROW-max-Corr,5983,11263,201469,0,nrmsd_norm,22,0.31596728292870413
33764.44,ROW-max-Corr,5983,11263,201469,0,nrmsd_norm,24,0.3106398616504586
33764.44,ROW-max-Corr,5983,11263,201469,0,nrmsd_norm,26,0.3166132552817949
33764.44,ROW-max-Corr,5983,4084,201469,0,nrmsd_norm,28,0.32396084769042777
33764.44,ROW-max-Corr,5983,5983,201469,0,nrmsd_norm,30,0.3105322031218282
33764.44,ROW-max-Corr,5983,12461,201469,0,nrmsd_norm,32,0.3162275446492048
33764.44,ROW-max-Corr,5983,12461,201469,0,nrmsd_norm,34,0.31059041183212527
33764.44,ROW-max-Corr,5983,5983,201469,0,nrmsd_norm,36,0.30163199105289873
33764.44,ROW-max-Corr,5983,11263,201469,0,nrmsd_norm,38,0.3009176990961058
33764.44,ROW-max-Corr,5983,5983,201469,0,nrmsd_norm,40,0.3006861115672215
33764.44,ROW-max-Corr,5983,5983,201469,0,nrmsd_norm,42,0.3034719084776682
33764.44,ROW-max-Corr,5983,11263,201469,0,nrmsd_norm,44,0.30094351628441135
33764.44,ROW-max-Corr,5983,5983,201469,0,nrmsd_norm,46,0.30129560096431374
33764.44,ROW-max-Corr,5983,5983,201469,0,nrmsd_norm,48,0.3023144111734157
33764.44,ROW-max-Corr,5983,5983,201469,0,nrmsd_norm,50,0.29956575291211535
33764.44,ROW-max-Corr,5983,5982,201469,0,nrmsd_norm,55,0.29932922596335837
33764.44,ROW-max-Corr,5983,5983,201469,0,nrmsd_norm,60,0.3017769340580882
33764.44,ROW-max-Corr,5983,5982,201469,0,nrmsd_norm,65,0.30796047166429397
33764.44,ROW-max-Corr,5983,5982,201469,0,nrmsd_norm,70,0.30666689996449903
33764.44,ROW-max-Corr,5983,5982,201469,0,nrmsd_norm,75,0.3062058098812191
33764.44,ROW-max-Corr,5983,5983,201469,0,nrmsd_norm,80,0.301577022101079
33764.44,ROW-max-Corr,5983,5983,201469,0,nrmsd_norm,85,0.293619956286007
33764.44,ROW-max-Corr,5983,5983,201469,0,nrmsd_norm,90,0.2963551530689765
33764.44,ROW-max-Corr,5983,5983,201469,0,nrmsd_norm,95,0.2902861976803976
33764.44,ROW-max-Corr,5983,5983,201469,0,nrmsd_norm,100,0.291207836909819
33764.44,ROW-max-Corr,5983,10750,94177,0,nrmsd_norm,5,0.5524801477311835
33764.44,ROW-max-Corr,5983,6082,94177,0,nrmsd_norm,6,0.48622064335886755
33764.44,ROW-max-Corr,5983,2780,94177,0,nrmsd_norm,7,0.43546583500421826
33764.44,ROW-max-Corr,5983,8262,94177,0,nrmsd_norm,8,0.40082181973239345
33764.44,ROW-max-Corr,5983,3029,94177,0,nrmsd_norm,9,0.3765473441187146
33764.44,ROW-max-Corr,5983,3029,94177,0,nrmsd_norm,10,0.38337869560640236
33764.44,ROW-max-Corr,5983,3029,94177,0,nrmsd_norm,11,0.37979479475296934
33764.44,ROW-max-Corr,5983,3029,94177,0,nrmsd_norm,12,0.37497451051883973
33764.44,ROW-max-Corr,5983,12461,94177,0,nrmsd_norm,13,0.40706899926027906
33764.44,ROW-max-Corr,5983,7537,94177,0,nrmsd_norm,14,0.38589373541122646
33764.44,ROW-max-Corr,5983,12461,94177,0,nrmsd_norm,15,0.35401417184100914
33764.44,ROW-max-Corr,5983,7537,94177,0,nrmsd_norm,16,0.34209079231387474
33764.44,ROW-max-Corr,5983,7537,94177,0,nrmsd_norm,17,0.3459591135977128
33764.44,ROW-max-Corr,5983,7537,94177,0,nrmsd_norm,18,0.33845130530503326
33764.44,ROW-max-Corr,5983,12461,94177,0,nrmsd_norm,19,0.3298266927679788
33764.44,ROW-max-Corr,5983,12461,94177,0,nrmsd_norm,20,0.33926794223085627
33764.44,ROW-max-Corr,5983,12461,94177,0,nrmsd_norm,22,0.3206496494677435
33764.44,ROW-max-Corr,5983,7537,94177,0,nrmsd_norm,24,0.31547550084244613
33764.44,ROW-max-Corr,5983,12461,94177,0,nrmsd_norm,26,0.3281626247851199
33764.44,ROW-max-Corr,5983,12461,94177,0,nrmsd_norm,28,0.33214690186147444
33764.44,ROW-max-Corr,5983,12461,94177,0,nrmsd_norm,30,0.3214143890796018
33764.44,ROW-max-Corr,5983,12461,94177,0,nrmsd_norm,32,0.32402521416293667
33764.44,ROW-max-Corr,5983,12461,94177,0,nrmsd_norm,34,0.31269260992273423
33764.44,ROW-max-Corr,5983,12461,94177,0,nrmsd_norm,36,0.30415004094880627
33764.44,ROW-max-Corr,5983,5987,94177,0,nrmsd_norm,38,0.3082321171802771
33764.44,ROW-max-Corr,5983,5987,94177,0,nrmsd_norm,40,0.3077584572322496
33764.44,ROW-max-Corr,5983,5987,94177,0,nrmsd_norm,42,0.30866216606767166
33764.44,ROW-max-Corr,5983,5987,94177,0,nrmsd_norm,44,0.30380968590277263
33764.44,ROW-max-Corr,5983,12461,94177,0,nrmsd_norm,46,0.30557736069535946
33764.44,ROW-max-Corr,5983,5987,94177,0,nrmsd_norm,48,0.30524660182252517
33764.44,ROW-max-Corr,5983,12461,94177,0,nrmsd_norm,50,0.299693241312154
33764.44,ROW-max-Corr,5983,12461,94177,0,nrmsd_norm,55,0.30312199494694897
33764.44,ROW-max-Corr,5983,12461,94177,0,nrmsd_norm,60,0.3063576859716236
33764.44,ROW-max-Corr,5983,12461,94177,0,nrmsd_norm,65,0.3123195565106415
33764.44,ROW-max-Corr,5983,7537,94177,0,nrmsd_norm,70,0.3052448484890971
33764.44,ROW-max-Corr,5983,7537,94177,0,nrmsd_norm,75,0.30271004278600144
33764.44,ROW-max-Corr,5983,7537,94177,0,nrmsd_norm,80,0.29711643789307574
33764.44,ROW-max-Corr,5983,7537,94177,0,nrmsd_norm,85,0.29070725548269377
33764.44,ROW-max-Corr,5983,7537,94177,0,nrmsd_norm,90,0.29279626177921164
33764.44,ROW-max-Corr,5983,7537,94177,0,nrmsd_norm,95,0.2873894264973605
33764.44,ROW-max-Corr,5983,7537,94177,0,nrmsd_norm,100,0.2877692989420882
33764.44,COL-mean-Corr(Ben),5983,2810,89250,0,nrmsd_norm,5,0.628395102379683
33764.44,COL-mean-Corr(Ben),5983,2810,89250,0,nrmsd_norm,6,0.6392386635021319
33764.44,COL-mean-Corr(Ben),5983,4542,89250,0,nrmsd_norm,7,0.5939690021848386
33764.44,COL-mean-Corr(Ben),5983,6208,89250,0,nrmsd_norm,8,0.5979445092792849
33764.44,COL-mean-Corr(Ben),5983,2810,89250,0,nrmsd_norm,9,0.5448104801165599
33764.44,COL-mean-Corr(Ben),5983,2810,89250,0,nrmsd_norm,10,0.54059792941889
33764.44,COL-mean-Corr(Ben),5983,11761,89250,0,nrmsd_norm,11,0.5451396405245869
33764.44,COL-mean-Corr(Ben),5983,11229,89250,0,nrmsd_norm,12,0.5735403293782446
33764.44,COL-mean-Corr(Ben),5983,354,89250,0,nrmsd_norm,13,0.5977580017758303
33764.44,COL-mean-Corr(Ben),5983,354,89250,0,nrmsd_norm,14,0.5941120637259826
33764.44,COL-mean-Corr(Ben),5983,354,89250,0,nrmsd_norm,15,0.5966340639602254
33764.44,COL-mean-Corr(Ben),5983,5957,89250,0,nrmsd_norm,16,0.5795178786564613
33764.44,COL-mean-Corr(Ben),5983,6815,89250,0,nrmsd_norm,17,0.5358901999130065
33764.44,COL-mean-Corr(Ben),5983,6815,89250,0,nrmsd_norm,18,0.561729717372621
33764.44,COL-mean-Corr(Ben),5983,10512,89250,0,nrmsd_norm,19,0.5415626211587723
33764.44,COL-mean-Corr(Ben),5983,10512,89250,0,nrmsd_norm,20,0.5464372827744335
33764.44,COL-mean-Corr(Ben),5983,10369,89250,0,nrmsd_norm,22,0.5613680466153251
33764.44,COL-mean-Corr(Ben),5983,10512,89250,0,nrmsd_norm,24,0.5732872394230843
33764.44,COL-mean-Corr(Ben),5983,10512,89250,0,nrmsd_norm,26,0.5572400429702717
33764.44,COL-mean-Corr(Ben),5983,5750,89250,0,nrmsd_norm,28,0.5334612906623546
33764.44,COL-mean-Corr(Ben),5983,5750,89250,0,nrmsd_norm,30,0.5495529771006774
33764.44,COL-mean-Corr(Ben),5983,8222,89250,0,nrmsd_norm,32,0.5356662956693403
33764.44,COL-mean-Corr(Ben),5983,2715,89250,0,nrmsd_norm,34,0.5413727993611529
33764.44,COL-mean-Corr(Ben),5983,4505,89250,0,nrmsd_norm,36,0.5394097979764324
33764.44,COL-mean-Corr(Ben),5983,4505,89250,0,nrmsd_norm,38,0.5520081111978594
33764.44,COL-mean-Corr(Ben),5983,4505,89250,0,nrmsd_norm,40,0.5404128008209235
33764.44,COL-mean-Corr(Ben),5983,4505,89250,0,nrmsd_norm,42,0.5402231745370608
33764.44,COL-mean-Corr(Ben),5983,4505,89250,0,nrmsd_norm,44,0.5359785682652337
33764.44,COL-mean-Corr(Ben),5983,4505,89250,0,nrmsd_norm,46,0.5428775478191715
33764.44,COL-mean-Corr(Ben),5983,4505,89250,0,nrmsd_norm,48,0.5406796537302069
33764.44,COL-mean-Corr(Ben),5983,4505,89250,0,nrmsd_norm,50,0.539547017436327
33764.44,COL-mean-Corr(Ben),5983,7259,89250,0,nrmsd_norm,55,0.5386679721043989
33764.44,COL-mean-Corr(Ben),5983,7259,89250,0,nrmsd_norm,60,0.5460048220289117
33764.44,COL-mean-Corr(Ben),5983,4505,89250,0,nrmsd_norm,65,0.5335986505852763
33764.44,COL-mean-Corr(Ben),5983,7259,89250,0,nrmsd_norm,70,0.5416861341121674
33764.44,COL-mean-Corr(Ben),5983,4505,89250,0,nrmsd_norm,75,0.52566597022533
33764.44,COL-mean-Corr(Ben),5983,7259,89250,0,nrmsd_norm,80,0.5318392156732432
33764.44,COL-mean-Corr(Ben),5983,4505,89250,0,nrmsd_norm,85,0.5269524761778784
33764.44,COL-mean-Corr(Ben),5983,4505,89250,0,nrmsd_norm,90,0.525717952553822
33764.44,COL-mean-Corr(Ben),5983,4505,89250,0,nrmsd_norm,95,0.5266522364752275
33764.44,COL-mean-Corr(Ben),5983,4505,89250,0,nrmsd_norm,100,0.5212409855744439
33764.44,COL-mean-Corr(Ben),5983,11110,773956,0,nrmsd_norm,5,0.5998934554492001
33764.44,COL-mean-Corr(Ben),5983,11110,773956,0,nrmsd_norm,6,0.6126471451085367
33764.44,COL-mean-Corr(Ben),5983,11110,773956,0,nrmsd_norm,7,0.577767908396349
33764.44,COL-mean-Corr(Ben),5983,1819,773956,0,nrmsd_norm,8,0.5793628942333711
33764.44,COL-mean-Corr(Ben),5983,1819,773956,0,nrmsd_norm,9,0.5512088441010069
33764.44,COL-mean-Corr(Ben),5983,11110,773956,0,nrmsd_norm,10,0.5578679505175208
33764.44,COL-mean-Corr(Ben),5983,11110,773956,0,nrmsd_norm,11,0.5609141622366293
33764.44,COL-mean-Corr(Ben),5983,9432,773956,0,nrmsd_norm,12,0.5556819789874362
33764.44,COL-mean-Corr(Ben),5983,10581,773956,0,nrmsd_norm,13,0.5734372814026218
33764.44,COL-mean-Corr(Ben),5983,10581,773956,0,nrmsd_norm,14,0.5708122929086055
33764.44,COL-mean-Corr(Ben),5983,10581,773956,0,nrmsd_norm,15,0.575620339797856
33764.44,COL-mean-Corr(Ben),5983,1198,773956,0,nrmsd_norm,16,0.5666740854528879
33764.44,COL-mean-Corr(Ben),5983,301,773956,0,nrmsd_norm,17,0.5391676128537017
33764.44,COL-mean-Corr(Ben),5983,158,773956,0,nrmsd_norm,18,0.5614616381660087
33764.44,COL-mean-Corr(Ben),5983,2513,773956,0,nrmsd_norm,19,0.5360564936077501
33764.44,COL-mean-Corr(Ben),5983,2513,773956,0,nrmsd_norm,20,0.5424389159756215
33764.44,COL-mean-Corr(Ben),5983,2513,773956,0,nrmsd_norm,22,0.547506606504321
33764.44,COL-mean-Corr(Ben),5983,2513,773956,0,nrmsd_norm,24,0.5615615234838076
33764.44,COL-mean-Corr(Ben),5983,2513,773956,0,nrmsd_norm,26,0.5484181896869047
33764.44,COL-mean-Corr(Ben),5983,1300,773956,0,nrmsd_norm,28,0.5342153397696171
33764.44,COL-mean-Corr(Ben),5983,644,773956,0,nrmsd_norm,30,0.5469982146392047
33764.44,COL-mean-Corr(Ben),5983,11835,773956,0,nrmsd_norm,32,0.5381380799278994
33764.44,COL-mean-Corr(Ben),5983,3001,773956,0,nrmsd_norm,34,0.5490188733581294
33764.44,COL-mean-Corr(Ben),5983,3001,773956,0,nrmsd_norm,36,0.5473831041578
33764.44,COL-mean-Corr(Ben),5983,6813,773956,0,nrmsd_norm,38,0.5598455161570108
33764.44,COL-mean-Corr(Ben),5983,3455,773956,0,nrmsd_norm,40,0.5343586403653903
33764.44,COL-mean-Corr(Ben),5983,3455,773956,0,nrmsd_norm,42,0.5383469895656163
33764.44,COL-mean-Corr(Ben),5983,3455,773956,0,nrmsd_norm,44,0.5308653037996126
33764.44,COL-mean-Corr(Ben),5983,3455,773956,0,nrmsd_norm,46,0.5366828560617783
33764.44,COL-mean-Corr(Ben),5983,3455,773956,0,nrmsd_norm,48,0.536235140793611
33764.44,COL-mean-Corr(Ben),5983,3455,773956,0,nrmsd_norm,50,0.535413494460687
33764.44,COL-mean-Corr(Ben),5983,3455,773956,0,nrmsd_norm,55,0.5259081077946325
33764.44,COL-mean-Corr(Ben),5983,8059,773956,0,nrmsd_norm,60,0.5308374193948621
33764.44,COL-mean-Corr(Ben),5983,3455,773956,0,nrmsd_norm,65,0.5230375624041418
33764.44,COL-mean-Corr(Ben),5983,3455,773956,0,nrmsd_norm,70,0.5297862504121309
33764.44,COL-mean-Corr(Ben),5983,3455,773956,0,nrmsd_norm,75,0.5163331990843109
33764.44,COL-mean-Corr(Ben),5983,3455,773956,0,nrmsd_norm,80,0.5187975078542909
33764.44,COL-mean-Corr(Ben),5983,3455,773956,0,nrmsd_norm,85,0.519179633547392
33764.44,COL-mean-Corr(Ben),5983,3455,773956,0,nrmsd_norm,90,0.5157955287446235
33764.44,COL-mean-Corr(Ben),5983,3455,773956,0,nrmsd_norm,95,0.514106748934157
33764.44,COL-mean-Corr(Ben),5983,4717,773956,0,nrmsd_norm,100,0.5135520363977167
33764.44,COL-mean-Corr(Ben),5983,452,654571,0,nrmsd_norm,5,0.5679961678661468
33764.44,COL-mean-Corr(Ben),5983,452,654571,0,nrmsd_norm,6,0.5733338500894327
33764.44,COL-mean-Corr(Ben),5983,452,654571,0,nrmsd_norm,7,0.5160652679061424
33764.44,COL-mean-Corr(Ben),5983,452,654571,0,nrmsd_norm,8,0.5255132121265927
33764.44,COL-mean-Corr(Ben),5983,452,654571,0,nrmsd_norm,9,0.540546454403652
33764.44,COL-mean-Corr(Ben),5983,452,654571,0,nrmsd_norm,10,0.5439576575446665
33764.44,COL-mean-Corr(Ben),5983,12319,654571,0,nrmsd_norm,11,0.5254304098969659
33764.44,COL-mean-Corr(Ben),5983,12269,654571,0,nrmsd_norm,12,0.460755678131248
33764.44,COL-mean-Corr(Ben),5983,6429,654571,0,nrmsd_norm,13,0.4597110227427399
33764.44,COL-mean-Corr(Ben),5983,6429,654571,0,nrmsd_norm,14,0.46048480474667264
33764.44,COL-mean-Corr(Ben),5983,452,654571,0,nrmsd_norm,15,0.47404531538569605
33764.44,COL-mean-Corr(Ben),5983,10760,654571,0,nrmsd_norm,16,0.4673476576447991
33764.44,COL-mean-Corr(Ben),5983,10760,654571,0,nrmsd_norm,17,0.44835272746771665
33764.44,COL-mean-Corr(Ben),5983,6429,654571,0,nrmsd_norm,18,0.47927901532975764
33764.44,COL-mean-Corr(Ben),5983,5943,654571,0,nrmsd_norm,19,0.4649909142467484
33764.44,COL-mean-Corr(Ben),5983,5943,654571,0,nrmsd_norm,20,0.47194396306001785
33764.44,COL-mean-Corr(Ben),5983,1715,654571,0,nrmsd_norm,22,0.506636905355597
33764.44,COL-mean-Corr(Ben),5983,1715,654571,0,nrmsd_norm,24,0.5212283735686467
33764.44,COL-mean-Corr(Ben),5983,1715,654571,0,nrmsd_norm,26,0.4954476612385737
33764.44,COL-mean-Corr(Ben),5983,1715,654571,0,nrmsd_norm,28,0.48084042223759565
33764.44,COL-mean-Corr(Ben),5983,1715,654571,0,nrmsd_norm,30,0.49964184602496253
33764.44,COL-mean-Corr(Ben),5983,1715,654571,0,nrmsd_norm,32,0.4846492261192158
33764.44,COL-mean-Corr(Ben),5983,1715,654571,0,nrmsd_norm,34,0.49099550191982877
33764.44,COL-mean-Corr(Ben),5983,1715,654571,0,nrmsd_norm,36,0.48929595491219563
33764.44,COL-mean-Corr(Ben),5983,1831,654571,0,nrmsd_norm,38,0.49960188524183585
33764.44,COL-mean-Corr(Ben),5983,1715,654571,0,nrmsd_norm,40,0.4926658767738312
33764.44,COL-mean-Corr(Ben),5983,1715,654571,0,nrmsd_norm,42,0.4964650093262807
33764.44,COL-mean-Corr(Ben),5983,1715,654571,0,nrmsd_norm,44,0.49590489903477947
33764.44,COL-mean-Corr(Ben),5983,1715,654571,0,nrmsd_norm,46,0.49860830090890856
33764.44,COL-mean-Corr(Ben),5983,9795,654571,0,nrmsd_norm,48,0.5009671249997094
33764.44,COL-mean-Corr(Ben),5983,9795,654571,0,nrmsd_norm,50,0.5020357574185573
33764.44,COL-mean-Corr(Ben),5983,9795,654571,0,nrmsd_norm,55,0.4959125675858103
33764.44,COL-mean-Corr(Ben),5983,9795,654571,0,nrmsd_norm,60,0.49718131408960736
33764.44,COL-mean-Corr(Ben),5983,1831,654571,0,nrmsd_norm,65,0.4919374214774941
33764.44,COL-mean-Corr(Ben),5983,1831,654571,0,nrmsd_norm,70,0.48725449814126237
33764.44,COL-mean-Corr(Ben),5983,1831,654571,0,nrmsd_norm,75,0.4771480328815267
33764.44,COL-mean-Corr(Ben),5983,1831,654571,0,nrmsd_norm,80,0.4858167106522539
33764.44,COL-mean-Corr(Ben),5983,1831,654571,0,nrmsd_norm,85,0.48663864668914414
33764.44,COL-mean-Corr(Ben),5983,1831,654571,0,nrmsd_norm,90,0.4859033213026569
33764.44,COL-mean-Corr(Ben),5983,1831,654571,0,nrmsd_norm,95,0.48828899689053856
33764.44,COL-mean-Corr(Ben),5983,1831,654571,0,nrmsd_norm,100,0.48921503868871474
33764.44,COL-mean-Corr(Ben),5983,4257,438878,0,nrmsd_norm,5,0.6703303301092743
33764.44,COL-mean-Corr(Ben),5983,7852,438878,0,nrmsd_norm,6,0.6834800241325918
33764.44,COL-mean-Corr(Ben),5983,3390,438878,0,nrmsd_norm,7,0.6205499307179093
33764.44,COL-mean-Corr(Ben),5983,10860,438878,0,nrmsd_norm,8,0.6037537417465144
33764.44,COL-mean-Corr(Ben),5983,9383,438878,0,nrmsd_norm,9,0.6124252214336469
33764.44,COL-mean-Corr(Ben),5983,5580,438878,0,nrmsd_norm,10,0.6169354460706888
33764.44,COL-mean-Corr(Ben),5983,7950,438878,0,nrmsd_norm,11,0.5779471522111549
33764.44,COL-mean-Corr(Ben),5983,916,438878,0,nrmsd_norm,12,0.5005621175682919
33764.44,COL-mean-Corr(Ben),5983,1961,438878,0,nrmsd_norm,13,0.4890780668754157
33764.44,COL-mean-Corr(Ben),5983,1961,438878,0,nrmsd_norm,14,0.4889932068943253
33764.44,COL-mean-Corr(Ben),5983,2312,438878,0,nrmsd_norm,15,0.49549760058853975
33764.44,COL-mean-Corr(Ben),5983,1961,438878,0,nrmsd_norm,16,0.4950423927109056
33764.44,COL-mean-Corr(Ben),5983,6275,438878,0,nrmsd_norm,17,0.49012079003133896
33764.44,COL-mean-Corr(Ben),5983,3103,438878,0,nrmsd_norm,18,0.5167611743521708
33764.44,COL-mean-Corr(Ben),5983,10539,438878,0,nrmsd_norm,19,0.5182687280274884
33764.44,COL-mean-Corr(Ben),5983,12521,438878,0,nrmsd_norm,20,0.5313314217870779
33764.44,COL-mean-Corr(Ben),5983,7514,438878,0,nrmsd_norm,22,0.556416886063496
33764.44,COL-mean-Corr(Ben),5983,25,438878,0,nrmsd_norm,24,0.5702992760051342
33764.44,COL-mean-Corr(Ben),5983,6745,438878,0,nrmsd_norm,26,0.5305611790919331
33764.44,COL-mean-Corr(Ben),5983,936,438878,0,nrmsd_norm,28,0.5133541565820253
33764.44,COL-mean-Corr(Ben),5983,936,438878,0,nrmsd_norm,30,0.5235560750818745
33764.44,COL-mean-Corr(Ben),5983,9028,438878,0,nrmsd_norm,32,0.5197041277056252
33764.44,COL-mean-Corr(Ben),5983,9028,438878,0,nrmsd_norm,34,0.5303227346878869
33764.44,COL-mean-Corr(Ben),5983,6211,438878,0,nrmsd_norm,36,0.534958475662961
33764.44,COL-mean-Corr(Ben),5983,3455,438878,0,nrmsd_norm,38,0.5513956115600133
33764.44,COL-mean-Corr(Ben),5983,7564,438878,0,nrmsd_norm,40,0.5402341432896268
33764.44,COL-mean-Corr(Ben),5983,10618,438878,0,nrmsd_norm,42,0.5404528401763359
33764.44,COL-mean-Corr(Ben),5983,10618,438878,0,nrmsd_norm,44,0.5354721419961599
33764.44,COL-mean-Corr(Ben),5983,2780,438878,0,nrmsd_norm,46,0.5460456633432272
33764.44,COL-mean-Corr(Ben),5983,756,438878,0,nrmsd_norm,48,0.5502785591537562
33764.44,COL-mean-Corr(Ben),5983,7564,438878,0,nrmsd_norm,50,0.5468065805817068
33764.44,COL-mean-Corr(Ben),5983,7564,438878,0,nrmsd_norm,55,0.5378814733708066
33764.44,COL-mean-Corr(Ben),5983,7564,438878,0,nrmsd_norm,60,0.544645545678971
33764.44,COL-mean-Corr(Ben),5983,10618,438878,0,nrmsd_norm,65,0.5358186239784584
33764.44,COL-mean-Corr(Ben),5983,7538,438878,0,nrmsd_norm,70,0.5473723136950348
33764.44,COL-mean-Corr(Ben),5983,7538,438878,0,nrmsd_norm,75,0.5349981474585376
33764.44,COL-mean-Corr(Ben),5983,7538,438878,0,nrmsd_norm,80,0.5343752923346298
33764.44,COL-mean-Corr(Ben),5983,7259,438878,0,nrmsd_norm,85,0.535075030695191
33764.44,COL-mean-Corr(Ben),5983,8484,438878,0,nrmsd_norm,90,0.530110879357034
33764.44,COL-mean-Corr(Ben),5983,10618,438878,0,nrmsd_norm,95,0.5308370611962206
33764.44,COL-mean-Corr(Ben),5983,7537,438878,0,nrmsd_norm,100,0.5206405487079973
33764.44,COL-mean-Corr(Ben),5983,6792,433015,0,nrmsd_norm,5,0.5501945394354023
33764.44,COL-mean-Corr(Ben),5983,4519,433015,0,nrmsd_norm,6,0.6028395724465163
33764.44,COL-mean-Corr(Ben),5983,3561,433015,0,nrmsd_norm,7,0.5489241686740578
33764.44,COL-mean-Corr(Ben),5983,12136,433015,0,nrmsd_norm,8,0.5339290358326277
33764.44,COL-mean-Corr(Ben),5983,12136,433015,0,nrmsd_norm,9,0.5632576488845319
33764.44,COL-mean-Corr(Ben),5983,12136,433015,0,nrmsd_norm,10,0.571467007593701
33764.44,COL-mean-Corr(Ben),5983,12136,433015,0,nrmsd_norm,11,0.574852776762396
33764.44,COL-mean-Corr(Ben),5983,11109,433015,0,nrmsd_norm,12,0.5550024431622039
33764.44,COL-mean-Corr(Ben),5983,11109,433015,0,nrmsd_norm,13,0.5720977118515782
33764.44,COL-mean-Corr(Ben),5983,8342,433015,0,nrmsd_norm,14,0.5706551115029146
33764.44,COL-mean-Corr(Ben),5983,8342,433015,0,nrmsd_norm,15,0.5743504324380267
33764.44,COL-mean-Corr(Ben),5983,11108,433015,0,nrmsd_norm,16,0.5620708918226205
33764.44,COL-mean-Corr(Ben),5983,11109,433015,0,nrmsd_norm,17,0.5414716193301641
33764.44,COL-mean-Corr(Ben),5983,11109,433015,0,nrmsd_norm,18,0.554646958414655
33764.44,COL-mean-Corr(Ben),5983,11109,433015,0,nrmsd_norm,19,0.5193425561242689
33764.44,COL-mean-Corr(Ben),5983,11109,433015,0,nrmsd_norm,20,0.533419819304917
33764.44,COL-mean-Corr(Ben),5983,6085,433015,0,nrmsd_norm,22,0.5524413173969658
33764.44,COL-mean-Corr(Ben),5983,2360,433015,0,nrmsd_norm,24,0.5577263137606836
33764.44,COL-mean-Corr(Ben),5983,3383,433015,0,nrmsd_norm,26,0.5325692819707938
33764.44,COL-mean-Corr(Ben),5983,3383,433015,0,nrmsd_norm,28,0.5164204042917345
33764.44,COL-mean-Corr(Ben),5983,3383,433015,0,nrmsd_norm,30,0.5289422670316041
33764.44,COL-mean-Corr(Ben),5983,12418,433015,0,nrmsd_norm,32,0.5258729192506755
33764.44,COL-mean-Corr(Ben),5983,12418,433015,0,nrmsd_norm,34,0.5194011349422915
33764.44,COL-mean-Corr(Ben),5983,12418,433015,0,nrmsd_norm,36,0.5128989193479296
33764.44,COL-mean-Corr(Ben),5983,12418,433015,0,nrmsd_norm,38,0.526422787346451
33764.44,COL-mean-Corr(Ben),5983,12418,433015,0,nrmsd_norm,40,0.5109930781434053
33764.44,COL-mean-Corr(Ben),5983,12418,433015,0,nrmsd_norm,42,0.5107246137062131
33764.44,COL-mean-Corr(Ben),5983,1831,433015,0,nrmsd_norm,44,0.517744859090821
33764.44,COL-mean-Corr(Ben),5983,8059,433015,0,nrmsd_norm,46,0.5245244692684633
33764.44,COL-mean-Corr(Ben),5983,1831,433015,0,nrmsd_norm,48,0.5171292810065812
33764.44,COL-mean-Corr(Ben),5983,12418,433015,0,nrmsd_norm,50,0.5217998935751131
33764.44,COL-mean-Corr(Ben),5983,12418,433015,0,nrmsd_norm,55,0.5130119556249391
33764.44,COL-mean-Corr(Ben),5983,8059,433015,0,nrmsd_norm,60,0.5299136339273846
33764.44,COL-mean-Corr(Ben),5983,8059,433015,0,nrmsd_norm,65,0.5212306938443332
33764.44,COL-mean-Corr(Ben),5983,8059,433015,0,nrmsd_norm,70,0.5231770827734666
33764.44,COL-mean-Corr(Ben),5983,8059,433015,0,nrmsd_norm,75,0.5136571598708456
33764.44,COL-mean-Corr(Ben),5983,8059,433015,0,nrmsd_norm,80,0.5163813797485625
33764.44,COL-mean-Corr(Ben),5983,8059,433015,0,nrmsd_norm,85,0.5195581644550861
33764.44,COL-mean-Corr(Ben),5983,499,433015,0,nrmsd_norm,90,0.5180274774177304
33764.44,COL-mean-Corr(Ben),5983,499,433015,0,nrmsd_norm,95,0.5161227741500637
33764.44,COL-mean-Corr(Ben),5983,8059,433015,0,nrmsd_norm,100,0.508044103739692
33764.44,COL-mean-Corr(Ben),5983,4240,858597,0,nrmsd_norm,5,0.6153840538811987
33764.44,COL-mean-Corr(Ben),5983,4240,858597,0,nrmsd_norm,6,0.642915413740597
33764.44,COL-mean-Corr(Ben),5983,4240,858597,0,nrmsd_norm,7,0.5886610576662171
33764.44,COL-mean-Corr(Ben),5983,4240,858597,0,nrmsd_norm,8,0.5805067937220867
33764.44,COL-mean-Corr(Ben),5983,4240,858597,0,nrmsd_norm,9,0.5912933976335645
33764.44,COL-mean-Corr(Ben),5983,5134,858597,0,nrmsd_norm,10,0.5957357492581037
33764.44,COL-mean-Corr(Ben),5983,5134,858597,0,nrmsd_norm,11,0.5976730279074715
33764.44,COL-mean-Corr(Ben),5983,1238,858597,0,nrmsd_norm,12,0.537999776762442
33764.44,COL-mean-Corr(Ben),5983,12140,858597,0,nrmsd_norm,13,0.5365880277827916
33764.44,COL-mean-Corr(Ben),5983,12140,858597,0,nrmsd_norm,14,0.540121604276157
33764.44,COL-mean-Corr(Ben),5983,12140,858597,0,nrmsd_norm,15,0.5435270963927511
33764.44,COL-mean-Corr(Ben),5983,12140,858597,0,nrmsd_norm,16,0.5368449103430292
33764.44,COL-mean-Corr(Ben),5983,6212,858597,0,nrmsd_norm,17,0.5335372508429038
33764.44,COL-mean-Corr(Ben),5983,12140,858597,0,nrmsd_norm,18,0.5528331437821168
33764.44,COL-mean-Corr(Ben),5983,12140,858597,0,nrmsd_norm,19,0.5316638335646371
33764.44,COL-mean-Corr(Ben),5983,12633,858597,0,nrmsd_norm,20,0.5426493504501124
33764.44,COL-mean-Corr(Ben),5983,12633,858597,0,nrmsd_norm,22,0.5615896736581361
33764.44,COL-mean-Corr(Ben),5983,7537,858597,0,nrmsd_norm,24,0.5707600033662487
33764.44,COL-mean-Corr(Ben),5983,7537,858597,0,nrmsd_norm,26,0.5514102269203213
33764.44,COL-mean-Corr(Ben),5983,12382,858597,0,nrmsd_norm,28,0.538367732758343
33764.44,COL-mean-Corr(Ben),5983,7259,858597,0,nrmsd_norm,30,0.5598719603659171
33764.44,COL-mean-Corr(Ben),5983,7259,858597,0,nrmsd_norm,32,0.5467392551477861
33764.44,COL-mean-Corr(Ben),5983,7538,858597,0,nrmsd_norm,34,0.5460117237375576
33764.44,COL-mean-Corr(Ben),5983,12327,858597,0,nrmsd_norm,36,0.5423290931334698
33764.44,COL-mean-Corr(Ben),5983,10618,858597,0,nrmsd_norm,38,0.552898687782664
33764.44,COL-mean-Corr(Ben),5983,12327,858597,0,nrmsd_norm,40,0.54047049043879
33764.44,COL-mean-Corr(Ben),5983,12327,858597,0,nrmsd_norm,42,0.5409590372108497
33764.44,COL-mean-Corr(Ben),5983,4717,858597,0,nrmsd_norm,44,0.5375793100223556
33764.44,COL-mean-Corr(Ben),5983,4717,858597,0,nrmsd_norm,46,0.5411648472345525
33764.44,COL-mean-Corr(Ben),5983,4717,858597,0,nrmsd_norm,48,0.5428540915939497
33764.44,COL-mean-Corr(Ben),5983,4717,858597,0,nrmsd_norm,50,0.5453618904295984
33764.44,COL-mean-Corr(Ben),5983,4717,858597,0,nrmsd_norm,55,0.5324497992402377
33764.44,COL-mean-Corr(Ben),5983,5983,858597,0,nrmsd_norm,60,0.5350625571927333
33764.44,COL-mean-Corr(Ben),5983,11079,858597,0,nrmsd_norm,65,0.5254551182477875
33764.44,COL-mean-Corr(Ben),5983,499,858597,0,nrmsd_norm,70,0.527661168273983
33764.44,COL-mean-Corr(Ben),5983,12461,858597,0,nrmsd_norm,75,0.5125060900990198
33764.44,COL-mean-Corr(Ben),5983,12461,858597,0,nrmsd_norm,80,0.5180684944945194
33764.44,COL-mean-Corr(Ben),5983,5983,858597,0,nrmsd_norm,85,0.5231813295062997
33764.44,COL-mean-Corr(Ben),5983,5983,858597,0,nrmsd_norm,90,0.5220561154077759
33764.44,COL-mean-Corr(Ben),5983,7537,858597,0,nrmsd_norm,95,0.5220957823686659
33764.44,COL-mean-Corr(Ben),5983,12461,858597,0,nrmsd_norm,100,0.5147386805744537
33764.44,COL-mean-Corr(Ben),5983,6731,85945,0,nrmsd_norm,5,0.64200940175753
33764.44,COL-mean-Corr(Ben),5983,11147,85945,0,nrmsd_norm,6,0.6284695948210427
33764.44,COL-mean-Corr(Ben),5983,4015,85945,0,nrmsd_norm,7,0.562105794093775
33764.44,COL-mean-Corr(Ben),5983,5680,85945,0,nrmsd_norm,8,0.5624055224839899
33764.44,COL-mean-Corr(Ben),5983,12308,85945,0,nrmsd_norm,9,0.5472252442218943
33764.44,COL-mean-Corr(Ben),5983,12308,85945,0,nrmsd_norm,10,0.5480428669903851
33764.44,COL-mean-Corr(Ben),5983,12308,85945,0,nrmsd_norm,11,0.5547403947088562
33764.44,COL-mean-Corr(Ben),5983,5499,85945,0,nrmsd_norm,12,0.531749214702043
33764.44,COL-mean-Corr(Ben),5983,5497,85945,0,nrmsd_norm,13,0.5552058263444674
33764.44,COL-mean-Corr(Ben),5983,5497,85945,0,nrmsd_norm,14,0.5536712304573888
33764.44,COL-mean-Corr(Ben),5983,5497,85945,0,nrmsd_norm,15,0.5542189851472507
33764.44,COL-mean-Corr(Ben),5983,8059,85945,0,nrmsd_norm,16,0.5447100934846193
33764.44,COL-mean-Corr(Ben),5983,1831,85945,0,nrmsd_norm,17,0.5036013593874976
33764.44,COL-mean-Corr(Ben),5983,1831,85945,0,nrmsd_norm,18,0.5280668254451161
33764.44,COL-mean-Corr(Ben),5983,12418,85945,0,nrmsd_norm,19,0.49786616143601464
33764.44,COL-mean-Corr(Ben),5983,12418,85945,0,nrmsd_norm,20,0.5043365953940271
33764.44,COL-mean-Corr(Ben),5983,5959,85945,0,nrmsd_norm,22,0.5353824718312794
33764.44,COL-mean-Corr(Ben),5983,5959,85945,0,nrmsd_norm,24,0.54474532194797
33764.44,COL-mean-Corr(Ben),5983,5959,85945,0,nrmsd_norm,26,0.5276252723209782
33764.44,COL-mean-Corr(Ben),5983,499,85945,0,nrmsd_norm,28,0.5165894809310452
33764.44,COL-mean-Corr(Ben),5983,499,85945,0,nrmsd_norm,30,0.5361614153549609
33764.44,COL-mean-Corr(Ben),5983,499,85945,0,nrmsd_norm,32,0.5202149560177232
33764.44,COL-mean-Corr(Ben),5983,11079,85945,0,nrmsd_norm,34,0.5264882614780115
33764.44,COL-mean-Corr(Ben),5983,5967,85945,0,nrmsd_norm,36,0.5250176099224582
33764.44,COL-mean-Corr(Ben),5983,499,85945,0,nrmsd_norm,38,0.5365411296857967
33764.44,COL-mean-Corr(Ben),5983,499,85945,0,nrmsd_norm,40,0.5207220955611216
33764.44,COL-mean-Corr(Ben),5983,3305,85945,0,nrmsd_norm,42,0.5246934474977256
33764.44,COL-mean-Corr(Ben),5983,12542,85945,0,nrmsd_norm,44,0.5246636030190863
33764.44,COL-mean-Corr(Ben),5983,12542,85945,0,nrmsd_norm,46,0.5269754824589508
33764.44,COL-mean-Corr(Ben),5983,12542,85945,0,nrmsd_norm,48,0.524585961235284
33764.44,COL-mean-Corr(Ben),5983,5959,85945,0,nrmsd_norm,50,0.5265231695891606
33764.44,COL-mean-Corr(Ben),5983,5959,85945,0,nrmsd_norm,55,0.5145372079692747
33764.44,COL-mean-Corr(Ben),5983,12542,85945,0,nrmsd_norm,60,0.5276161388133004
33764.44,COL-mean-Corr(Ben),5983,12542,85945,0,nrmsd_norm,65,0.5206520625729665
33764.44,COL-mean-Corr(Ben),5983,12542,85945,0,nrmsd_norm,70,0.5261441284296682
33764.44,COL-mean-Corr(Ben),5983,12542,85945,0,nrmsd_norm,75,0.5135087712319374
33764.44,COL-mean-Corr(Ben),5983,3305,85945,0,nrmsd_norm,80,0.5196355433188551
33764.44,COL-mean-Corr(Ben),5983,3305,85945,0,nrmsd_norm,85,0.521894170098424
33764.44,COL-mean-Corr(Ben),5983,3305,85945,0,nrmsd_norm,90,0.5157359454726855
33764.44,COL-mean-Corr(Ben),5983,12542,85945,0,nrmsd_norm,95,0.5159173605346858
33764.44,COL-mean-Corr(Ben),5983,3305,85945,0,nrmsd_norm,100,0.5098935248340399
33764.44,COL-mean-Corr(Ben),5983,5229,697368,0,nrmsd_norm,5,0.6726181318151895
33764.44,COL-mean-Corr(Ben),5983,10417,697368,0,nrmsd_norm,6,0.6928378730557058
33764.44,COL-mean-Corr(Ben),5983,4179,697368,0,nrmsd_norm,7,0.6258813208843783
33764.44,COL-mean-Corr(Ben),5983,2048,697368,0,nrmsd_norm,8,0.6114397371975308
33764.44,COL-mean-Corr(Ben),5983,1959,697368,0,nrmsd_norm,9,0.6191367163883288
33764.44,COL-mean-Corr(Ben),5983,1959,697368,0,nrmsd_norm,10,0.6262791578861826
33764.44,COL-mean-Corr(Ben),5983,1959,697368,0,nrmsd_norm,11,0.6317040243639431
33764.44,COL-mean-Corr(Ben),5983,7079,697368,0,nrmsd_norm,12,0.6151450338717296
33764.44,COL-mean-Corr(Ben),5983,10812,697368,0,nrmsd_norm,13,0.607786210798794
33764.44,COL-mean-Corr(Ben),5983,3833,697368,0,nrmsd_norm,14,0.6049930036130031
33764.44,COL-mean-Corr(Ben),5983,3833,697368,0,nrmsd_norm,15,0.6050713546488655
33764.44,COL-mean-Corr(Ben),5983,3833,697368,0,nrmsd_norm,16,0.587876531045571
33764.44,COL-mean-Corr(Ben),5983,10301,697368,0,nrmsd_norm,17,0.5611696445053734
33764.44,COL-mean-Corr(Ben),5983,10301,697368,0,nrmsd_norm,18,0.5746147056167322
33764.44,COL-mean-Corr(Ben),5983,5724,697368,0,nrmsd_norm,19,0.5515942202131175
33764.44,COL-mean-Corr(Ben),5983,5724,697368,0,nrmsd_norm,20,0.5615079123610776
33764.44,COL-mean-Corr(Ben),5983,5724,697368,0,nrmsd_norm,22,0.5769336880190229
33764.44,COL-mean-Corr(Ben),5983,11173,697368,0,nrmsd_norm,24,0.5898849502152035
33764.44,COL-mean-Corr(Ben),5983,10320,697368,0,nrmsd_norm,26,0.5760383708930743
33764.44,COL-mean-Corr(Ben),5983,10587,697368,0,nrmsd_norm,28,0.550433529045143
33764.44,COL-mean-Corr(Ben),5983,10587,697368,0,nrmsd_norm,30,0.5577170320067762
33764.44,COL-mean-Corr(Ben),5983,4710,697368,0,nrmsd_norm,32,0.5436356082641439
33764.44,COL-mean-Corr(Ben),5983,6240,697368,0,nrmsd_norm,34,0.5492776778545685
33764.44,COL-mean-Corr(Ben),5983,202,697368,0,nrmsd_norm,36,0.5438957617197021
33764.44,COL-mean-Corr(Ben),5983,739,697368,0,nrmsd_norm,38,0.5586981921496869
33764.44,COL-mean-Corr(Ben),5983,6211,697368,0,nrmsd_norm,40,0.5514344040764629
33764.44,COL-mean-Corr(Ben),5983,6211,697368,0,nrmsd_norm,42,0.5453097613168573
33764.44,COL-mean-Corr(Ben),5983,2104,697368,0,nrmsd_norm,44,0.5439993849546753
33764.44,COL-mean-Corr(Ben),5983,2104,697368,0,nrmsd_norm,46,0.5488030064134605
33764.44,COL-mean-Corr(Ben),5983,11952,697368,0,nrmsd_norm,48,0.5484298536789971
33764.44,COL-mean-Corr(Ben),5983,11952,697368,0,nrmsd_norm,50,0.5515128901752213
33764.44,COL-mean-Corr(Ben),5983,1671,697368,0,nrmsd_norm,55,0.55067471581433
33764.44,COL-mean-Corr(Ben),5983,8253,697368,0,nrmsd_norm,60,0.5542819864634768
33764.44,COL-mean-Corr(Ben),5983,11952,697368,0,nrmsd_norm,65,0.5345281975812268
33764.44,COL-mean-Corr(Ben),5983,12461,697368,0,nrmsd_norm,70,0.5412128202425653
33764.44,COL-mean-Corr(Ben),5983,11952,697368,0,nrmsd_norm,75,0.5203207508674619
33764.44,COL-mean-Corr(Ben),5983,12461,697368,0,nrmsd_norm,80,0.5261933549790547
33764.44,COL-mean-Corr(Ben),5983,12461,697368,0,nrmsd_norm,85,0.5213071163370206
33764.44,COL-mean-Corr(Ben),5983,12461,697368,0,nrmsd_norm,90,0.5202824831442914
33764.44,COL-mean-Corr(Ben),5983,11952,697368,0,nrmsd_norm,95,0.5241083484253067
33764.44,COL-mean-Corr(Ben),5983,11952,697368,0,nrmsd_norm,100,0.5151372323559217
33764.44,COL-mean-Corr(Ben),5983,5892,201469,0,nrmsd_norm,5,0.6476501431564397
33764.44,COL-mean-Corr(Ben),5983,4457,201469,0,nrmsd_norm,6,0.6701917367251603
33764.44,COL-mean-Corr(Ben),5983,7070,201469,0,nrmsd_norm,7,0.610251962697014
33764.44,COL-mean-Corr(Ben),5983,7435,201469,0,nrmsd_norm,8,0.5918770558422464
33764.44,COL-mean-Corr(Ben),5983,4446,201469,0,nrmsd_norm,9,0.6142641806823923
33764.44,COL-mean-Corr(Ben),5983,4446,201469,0,nrmsd_norm,10,0.6201793399207843
33764.44,COL-mean-Corr(Ben),5983,4446,201469,0,nrmsd_norm,11,0.6208073052853973
33764.44,COL-mean-Corr(Ben),5983,5699,201469,0,nrmsd_norm,12,0.5948233256637594
33764.44,COL-mean-Corr(Ben),5983,11300,201469,0,nrmsd_norm,13,0.6074722791599765
33764.44,COL-mean-Corr(Ben),5983,11300,201469,0,nrmsd_norm,14,0.6007391735254939
33764.44,COL-mean-Corr(Ben),5983,11300,201469,0,nrmsd_norm,15,0.6038498496604714
33764.44,COL-mean-Corr(Ben),5983,11300,201469,0,nrmsd_norm,16,0.5840307916701012
33764.44,COL-mean-Corr(Ben),5983,4685,201469,0,nrmsd_norm,17,0.5425492442260356
33764.44,COL-mean-Corr(Ben),5983,4685,201469,0,nrmsd_norm,18,0.5563926374866628
33764.44,COL-mean-Corr(Ben),5983,5574,201469,0,nrmsd_norm,19,0.5314602815087806
33764.44,COL-mean-Corr(Ben),5983,5574,201469,0,nrmsd_norm,20,0.5340662564986685
33764.44,COL-mean-Corr(Ben),5983,5574,201469,0,nrmsd_norm,22,0.548207762882527
33764.44,COL-mean-Corr(Ben),5983,11931,201469,0,nrmsd_norm,24,0.5562753611130458
33764.44,COL-mean-Corr(Ben),5983,11931,201469,0,nrmsd_norm,26,0.5480763031702913
33764.44,COL-mean-Corr(Ben),5983,11931,201469,0,nrmsd_norm,28,0.5373936019107728
33764.44,COL-mean-Corr(Ben),5983,11931,201469,0,nrmsd_norm,30,0.5511744201922798
33764.44,COL-mean-Corr(Ben),5983,11931,201469,0,nrmsd_norm,32,0.537912636687696
33764.44,COL-mean-Corr(Ben),5983,11931,201469,0,nrmsd_norm,34,0.5430361658388494
33764.44,COL-mean-Corr(Ben),5983,11931,201469,0,nrmsd_norm,36,0.5408847007681589
33764.44,COL-mean-Corr(Ben),5983,11931,201469,0,nrmsd_norm,38,0.554639296109231
33764.44,COL-mean-Corr(Ben),5983,11931,201469,0,nrmsd_norm,40,0.5414079962332546
33764.44,COL-mean-Corr(Ben),5983,11931,201469,0,nrmsd_norm,42,0.5406223898731118
33764.44,COL-mean-Corr(Ben),5983,11931,201469,0,nrmsd_norm,44,0.5400962269872599
33764.44,COL-mean-Corr(Ben),5983,11931,201469,0,nrmsd_norm,46,0.5462311232595722
33764.44,COL-mean-Corr(Ben),5983,11931,201469,0,nrmsd_norm,48,0.5440714711484579
33764.44,COL-mean-Corr(Ben),5983,11931,201469,0,nrmsd_norm,50,0.5497775946473568
33764.44,COL-mean-Corr(Ben),5983,11931,201469,0,nrmsd_norm,55,0.5413070195617313
33764.44,COL-mean-Corr(Ben),5983,11931,201469,0,nrmsd_norm,60,0.5528692177633489
33764.44,COL-mean-Corr(Ben),5983,11931,201469,0,nrmsd_norm,65,0.5354563066286748
33764.44,COL-mean-Corr(Ben),5983,9319,201469,0,nrmsd_norm,70,0.5379325304046009
33764.44,COL-mean-Corr(Ben),5983,9207,201469,0,nrmsd_norm,75,0.519534244587202
33764.44,COL-mean-Corr(Ben),5983,9207,201469,0,nrmsd_norm,80,0.526428304871026
33764.44,COL-mean-Corr(Ben),5983,2885,201469,0,nrmsd_norm,85,0.5266353239122598
33764.44,COL-mean-Corr(Ben),5983,6815,201469,0,nrmsd_norm,90,0.527933833662011
33764.44,COL-mean-Corr(Ben),5983,6815,201469,0,nrmsd_norm,95,0.5310488285381862
33764.44,COL-mean-Corr(Ben),5983,6822,201469,0,nrmsd_norm,100,0.5216397333060164
33764.44,COL-mean-Corr(Ben),5983,5210,94177,0,nrmsd_norm,5,0.6450992055624667
33764.44,COL-mean-Corr(Ben),5983,11924,94177,0,nrmsd_norm,6,0.6679563065923657
33764.44,COL-mean-Corr(Ben),5983,1281,94177,0,nrmsd_norm,7,0.6189126762804269
33764.44,COL-mean-Corr(Ben),5983,7259,94177,0,nrmsd_norm,8,0.6141066966536877
33764.44,COL-mean-Corr(Ben),5983,10713,94177,0,nrmsd_norm,9,0.6048316351890902
33764.44,COL-mean-Corr(Ben),5983,10713,94177,0,nrmsd_norm,10,0.6104065409869449
33764.44,COL-mean-Corr(Ben),5983,10713,94177,0,nrmsd_norm,11,0.6110858028923093
33764.44,COL-mean-Corr(Ben),5983,3703,94177,0,nrmsd_norm,12,0.5745833939367516
33764.44,COL-mean-Corr(Ben),5983,3703,94177,0,nrmsd_norm,13,0.5853104779156708
33764.44,COL-mean-Corr(Ben),5983,3703,94177,0,nrmsd_norm,14,0.5819295960869953
33764.44,COL-mean-Corr(Ben),5983,7515,94177,0,nrmsd_norm,15,0.5910212911289904
33764.44,COL-mean-Corr(Ben),5983,7515,94177,0,nrmsd_norm,16,0.5771386040598293
33764.44,COL-mean-Corr(Ben),5983,6431,94177,0,nrmsd_norm,17,0.5207023830549885
33764.44,COL-mean-Corr(Ben),5983,9661,94177,0,nrmsd_norm,18,0.5414792456353935
33764.44,COL-mean-Corr(Ben),5983,11377,94177,0,nrmsd_norm,19,0.5234549313858498
33764.44,COL-mean-Corr(Ben),5983,11377,94177,0,nrmsd_norm,20,0.5274258286674468
33764.44,COL-mean-Corr(Ben),5983,11377,94177,0,nrmsd_norm,22,0.5446216696296758
33764.44,COL-mean-Corr(Ben),5983,11377,94177,0,nrmsd_norm,24,0.5617580074314232
33764.44,COL-mean-Corr(Ben),5983,1931,94177,0,nrmsd_norm,26,0.5425399058810023
33764.44,COL-mean-Corr(Ben),5983,10603,94177,0,nrmsd_norm,28,0.5211991939274876
33764.44,COL-mean-Corr(Ben),5983,936,94177,0,nrmsd_norm,30,0.533887996718845
33764.44,COL-mean-Corr(Ben),5983,5497,94177,0,nrmsd_norm,32,0.5210520293445161
33764.44,COL-mean-Corr(Ben),5983,5497,94177,0,nrmsd_norm,34,0.5243889959411454
33764.44,COL-mean-Corr(Ben),5983,5497,94177,0,nrmsd_norm,36,0.5241045168622004
33764.44,COL-mean-Corr(Ben),5983,5497,94177,0,nrmsd_norm,38,0.5349068227042524
33764.44,COL-mean-Corr(Ben),5983,5497,94177,0,nrmsd_norm,40,0.522540195203381
33764.44,COL-mean-Corr(Ben),5983,5497,94177,0,nrmsd_norm,42,0.5238900383786725
33764.44,COL-mean-Corr(Ben),5983,5497,94177,0,nrmsd_norm,44,0.5233493418707951
33764.44,COL-mean-Corr(Ben),5983,5497,94177,0,nrmsd_norm,46,0.5305919228471235
33764.44,COL-mean-Corr(Ben),5983,5497,94177,0,nrmsd_norm,48,0.533488931957324
33764.44,COL-mean-Corr(Ben),5983,5497,94177,0,nrmsd_norm,50,0.5374916991877371
33764.44,COL-mean-Corr(Ben),5983,9214,94177,0,nrmsd_norm,55,0.525761671670551
33764.44,COL-mean-Corr(Ben),5983,9214,94177,0,nrmsd_norm,60,0.5368543037236259
33764.44,COL-mean-Corr(Ben),5983,9214,94177,0,nrmsd_norm,65,0.52991545950143
33764.44,COL-mean-Corr(Ben),5983,9214,94177,0,nrmsd_norm,70,0.5363687432993923
33764.44,COL-mean-Corr(Ben),5983,9214,94177,0,nrmsd_norm,75,0.5258734602377375
33764.44,COL-mean-Corr(Ben),5983,11079,94177,0,nrmsd_norm,80,0.5287778915612428
33764.44,COL-mean-Corr(Ben),5983,11079,94177,0,nrmsd_norm,85,0.5285112037813494
33764.44,COL-mean-Corr(Ben),5983,9213,94177,0,nrmsd_norm,90,0.5238869221631963
33764.44,COL-mean-Corr(Ben),5983,5967,94177,0,nrmsd_norm,95,0.5255112381427796
33764.44,COL-mean-Corr(Ben),5983,11079,94177,0,nrmsd_norm,100,0.5191353253085512
33764.44,COL-max-Corr,5983,12403,89250,0,nrmsd_norm,5,0.5259454902607419
33764.44,COL-max-Corr,5983,10116,89250,0,nrmsd_norm,6,0.4675875028897616
33764.44,COL-max-Corr,5983,10582,89250,0,nrmsd_norm,7,0.46334555962185464
33764.44,COL-max-Corr,5983,9117,89250,0,nrmsd_norm,8,0.42552171180105497
33764.44,COL-max-Corr,5983,9108,89250,0,nrmsd_norm,9,0.38442022954365374
33764.44,COL-max-Corr,5983,9107,89250,0,nrmsd_norm,10,0.40913487137928206
33764.44,COL-max-Corr,5983,9108,89250,0,nrmsd_norm,11,0.4019203821091647
33764.44,COL-max-Corr,5983,9108,89250,0,nrmsd_norm,12,0.3922589615951488
33764.44,COL-max-Corr,5983,1396,89250,0,nrmsd_norm,13,0.46217088207695806
33764.44,COL-max-Corr,5983,1396,89250,0,nrmsd_norm,14,0.4553916130451641
33764.44,COL-max-Corr,5983,10205,89250,0,nrmsd_norm,15,0.450067998832853
33764.44,COL-max-Corr,5983,10205,89250,0,nrmsd_norm,16,0.4543116945128413
33764.44,COL-max-Corr,5983,9793,89250,0,nrmsd_norm,17,0.4208221019253835
33764.44,COL-max-Corr,5983,9793,89250,0,nrmsd_norm,18,0.4036798131369805
33764.44,COL-max-Corr,5983,9793,89250,0,nrmsd_norm,19,0.4142324699741405
33764.44,COL-max-Corr,5983,9793,89250,0,nrmsd_norm,20,0.4181587902164099
33764.44,COL-max-Corr,5983,9793,89250,0,nrmsd_norm,22,0.4164016084219157
33764.44,COL-max-Corr,5983,12445,89250,0,nrmsd_norm,24,0.40492919735118027
33764.44,COL-max-Corr,5983,12445,89250,0,nrmsd_norm,26,0.39777529109482385
33764.44,COL-max-Corr,5983,9793,89250,0,nrmsd_norm,28,0.4002561799686666
33764.44,COL-max-Corr,5983,9793,89250,0,nrmsd_norm,30,0.3942108389467708
33764.44,COL-max-Corr,5983,2885,89250,0,nrmsd_norm,32,0.39993431522866363
33764.44,COL-max-Corr,5983,2885,89250,0,nrmsd_norm,34,0.3957234735050263
33764.44,COL-max-Corr,5983,3305,89250,0,nrmsd_norm,36,0.3851766232908312
33764.44,COL-max-Corr,5983,3305,89250,0,nrmsd_norm,38,0.38826393201926024
33764.44,COL-max-Corr,5983,12542,89250,0,nrmsd_norm,40,0.3879632161068857
33764.44,COL-max-Corr,5983,12542,89250,0,nrmsd_norm,42,0.38289515559805243
33764.44,COL-max-Corr,5983,12542,89250,0,nrmsd_norm,44,0.3874949917490527
33764.44,COL-max-Corr,5983,3305,89250,0,nrmsd_norm,46,0.38006575840588197
33764.44,COL-max-Corr,5983,3305,89250,0,nrmsd_norm,48,0.38273803591252686
33764.44,COL-max-Corr,5983,3305,89250,0,nrmsd_norm,50,0.38101312863557607
33764.44,COL-max-Corr,5983,3305,89250,0,nrmsd_norm,55,0.38654448002662695
33764.44,COL-max-Corr,5983,11618,89250,0,nrmsd_norm,60,0.38828108014717394
33764.44,COL-max-Corr,5983,5967,89250,0,nrmsd_norm,65,0.38742816423012405
33764.44,COL-max-Corr,5983,2885,89250,0,nrmsd_norm,70,0.3918797392894982
33764.44,COL-max-Corr,5983,5967,89250,0,nrmsd_norm,75,0.395175439766645
33764.44,COL-max-Corr,5983,499,89250,0,nrmsd_norm,80,0.393683799726636
33764.44,COL-max-Corr,5983,3305,89250,0,nrmsd_norm,85,0.3955243576632734
33764.44,COL-max-Corr,5983,3305,89250,0,nrmsd_norm,90,0.39078591759928233
33764.44,COL-max-Corr,5983,5983,89250,0,nrmsd_norm,95,0.3941424467515147
33764.44,COL-max-Corr,5983,5983,89250,0,nrmsd_norm,100,0.3946317916235462
33764.44,COL-max-Corr,5983,8192,773956,0,nrmsd_norm,5,0.5122832851093179
33764.44,COL-max-Corr,5983,10716,773956,0,nrmsd_norm,6,0.46572790617242443
33764.44,COL-max-Corr,5983,410,773956,0,nrmsd_norm,7,0.4409914546471973
33764.44,COL-max-Corr,5983,9294,773956,0,nrmsd_norm,8,0.40993281184346125
33764.44,COL-max-Corr,5983,10200,773956,0,nrmsd_norm,9,0.42815982597632724
33764.44,COL-max-Corr,5983,1931,773956,0,nrmsd_norm,10,0.41491535947310143
33764.44,COL-max-Corr,5983,644,773956,0,nrmsd_norm,11,0.38640336042816076
33764.44,COL-max-Corr,5983,644,773956,0,nrmsd_norm,12,0.388147230187583
33764.44,COL-max-Corr,5983,1931,773956,0,nrmsd_norm,13,0.45474040697779977
33764.44,COL-max-Corr,5983,1931,773956,0,nrmsd_norm,14,0.459269188937231
33764.44,COL-max-Corr,5983,9113,773956,0,nrmsd_norm,15,0.446309276450724
33764.44,COL-max-Corr,5983,9113,773956,0,nrmsd_norm,16,0.451851358182502
33764.44,COL-max-Corr,5983,1931,773956,0,nrmsd_norm,17,0.42108238706977513
33764.44,COL-max-Corr,5983,1931,773956,0,nrmsd_norm,18,0.4030281949533356
33764.44,COL-max-Corr,5983,1931,773956,0,nrmsd_norm,19,0.42087285137726765
33764.44,COL-max-Corr,5983,1931,773956,0,nrmsd_norm,20,0.41578547393958426
33764.44,COL-max-Corr,5983,1931,773956,0,nrmsd_norm,22,0.41565078407030626
33764.44,COL-max-Corr,5983,1931,773956,0,nrmsd_norm,24,0.40168763610144315
33764.44,COL-max-Corr,5983,1931,773956,0,nrmsd_norm,26,0.3913057551743084
33764.44,COL-max-Corr,5983,1931,773956,0,nrmsd_norm,28,0.3936824462984257
33764.44,COL-max-Corr,5983,9903,773956,0,nrmsd_norm,30,0.38361769568761683
33764.44,COL-max-Corr,5983,10603,773956,0,nrmsd_norm,32,0.3881997572973446
33764.44,COL-max-Corr,5983,9903,773956,0,nrmsd_norm,34,0.3900223274976878
33764.44,COL-max-Corr,5983,10603,773956,0,nrmsd_norm,36,0.3759519403952552
33764.44,COL-max-Corr,5983,10603,773956,0,nrmsd_norm,38,0.3792326854883334
33764.44,COL-max-Corr,5983,10603,773956,0,nrmsd_norm,40,0.3809887445262507
33764.44,COL-max-Corr,5983,10603,773956,0,nrmsd_norm,42,0.37656970835197745
33764.44,COL-max-Corr,5983,10603,773956,0,nrmsd_norm,44,0.3814421972085383
33764.44,COL-max-Corr,5983,10603,773956,0,nrmsd_norm,46,0.3759592693374254
33764.44,COL-max-Corr,5983,10603,773956,0,nrmsd_norm,48,0.37770731032718796
33764.44,COL-max-Corr,5983,10603,773956,0,nrmsd_norm,50,0.37606321841100926
33764.44,COL-max-Corr,5983,10603,773956,0,nrmsd_norm,55,0.3812440162871291
33764.44,COL-max-Corr,5983,9903,773956,0,nrmsd_norm,60,0.38030731499287396
33764.44,COL-max-Corr,5983,9903,773956,0,nrmsd_norm,65,0.38225511888092045
33764.44,COL-max-Corr,5983,6728,773956,0,nrmsd_norm,70,0.38976498194253206
33764.44,COL-max-Corr,5983,6728,773956,0,nrmsd_norm,75,0.39353788437355647
33764.44,COL-max-Corr,5983,5750,773956,0,nrmsd_norm,80,0.39223554440155284
33764.44,COL-max-Corr,5983,854,773956,0,nrmsd_norm,85,0.39397443000246946
33764.44,COL-max-Corr,5983,6728,773956,0,nrmsd_norm,90,0.38950182997263005
33764.44,COL-max-Corr,5983,6728,773956,0,nrmsd_norm,95,0.3950210542100488
33764.44,COL-max-Corr,5983,6728,773956,0,nrmsd_norm,100,0.39310977114910534
33764.44,COL-max-Corr,5983,5958,654571,0,nrmsd_norm,5,0.5140916479549348
33764.44,COL-max-Corr,5983,3001,654571,0,nrmsd_norm,6,0.46425341542721615
33764.44,COL-max-Corr,5983,10205,654571,0,nrmsd_norm,7,0.44084311089986894
33764.44,COL-max-Corr,5983,9647,654571,0,nrmsd_norm,8,0.3973425299516687
33764.44,COL-max-Corr,5983,499,654571,0,nrmsd_norm,9,0.40191714042219806
33764.44,COL-max-Corr,5983,499,654571,0,nrmsd_norm,10,0.4055490348490344
33764.44,COL-max-Corr,5983,499,654571,0,nrmsd_norm,11,0.3952306820843525
33764.44,COL-max-Corr,5983,499,654571,0,nrmsd_norm,12,0.39092978837482584
33764.44,COL-max-Corr,5983,499,654571,0,nrmsd_norm,13,0.43081647517346233
33764.44,COL-max-Corr,5983,499,654571,0,nrmsd_norm,14,0.4258598562828433
33764.44,COL-max-Corr,5983,9577,654571,0,nrmsd_norm,15,0.41937987160272155
33764.44,COL-max-Corr,5983,9577,654571,0,nrmsd_norm,16,0.42474078862909426
33764.44,COL-max-Corr,5983,6815,654571,0,nrmsd_norm,17,0.4319399074755508
33764.44,COL-max-Corr,5983,9577,654571,0,nrmsd_norm,18,0.4178218052572129
33764.44,COL-max-Corr,5983,9577,654571,0,nrmsd_norm,19,0.4161791407791787
33764.44,COL-max-Corr,5983,2644,654571,0,nrmsd_norm,20,0.4189568637597636
33764.44,COL-max-Corr,5983,9577,654571,0,nrmsd_norm,22,0.4137582959434338
33764.44,COL-max-Corr,5983,2644,654571,0,nrmsd_norm,24,0.40412342904890425
33764.44,COL-max-Corr,5983,2644,654571,0,nrmsd_norm,26,0.39569717353969475
33764.44,COL-max-Corr,5983,2644,654571,0,nrmsd_norm,28,0.40110658737899013
33764.44,COL-max-Corr,5983,2644,654571,0,nrmsd_norm,30,0.4029701756466106
33764.44,COL-max-Corr,5983,6629,654571,0,nrmsd_norm,32,0.41373383770992006
33764.44,COL-max-Corr,5983,3345,654571,0,nrmsd_norm,34,0.41489569710730356
33764.44,COL-max-Corr,5983,10582,654571,0,nrmsd_norm,36,0.40363869296096333
33764.44,COL-max-Corr,5983,3345,654571,0,nrmsd_norm,38,0.40484418630791297
33764.44,COL-max-Corr,5983,10582,654571,0,nrmsd_norm,40,0.40428364565283875
33764.44,COL-max-Corr,5983,2104,654571,0,nrmsd_norm,42,0.3993282993379118
33764.44,COL-max-Corr,5983,2104,654571,0,nrmsd_norm,44,0.4013555488584981
33764.44,COL-max-Corr,5983,10618,654571,0,nrmsd_norm,46,0.39612895256499225
33764.44,COL-max-Corr,5983,2104,654571,0,nrmsd_norm,48,0.39724208319407417
33764.44,COL-max-Corr,5983,2104,654571,0,nrmsd_norm,50,0.39395446861960326
33764.44,COL-max-Corr,5983,2104,654571,0,nrmsd_norm,55,0.39955232402136587
33764.44,COL-max-Corr,5983,8484,654571,0,nrmsd_norm,60,0.4009424072534564
33764.44,COL-max-Corr,5983,5982,654571,0,nrmsd_norm,65,0.40145378140674703
33764.44,COL-max-Corr,5983,5983,654571,0,nrmsd_norm,70,0.40166845471461216
33764.44,COL-max-Corr,5983,5983,654571,0,nrmsd_norm,75,0.4058266145557671
33764.44,COL-max-Corr,5983,12461,654571,0,nrmsd_norm,80,0.4017929051323403
33764.44,COL-max-Corr,5983,5983,654571,0,nrmsd_norm,85,0.4025456023631046
33764.44,COL-max-Corr,5983,5983,654571,0,nrmsd_norm,90,0.3967084524573247
33764.44,COL-max-Corr,5983,5983,654571,0,nrmsd_norm,95,0.40064825815267047
33764.44,COL-max-Corr,5983,5983,654571,0,nrmsd_norm,100,0.3998207190510796
33764.44,COL-max-Corr,5983,3344,438878,0,nrmsd_norm,5,0.5466822466421384
33764.44,COL-max-Corr,5983,5377,438878,0,nrmsd_norm,6,0.46920956211189924
33764.44,COL-max-Corr,5983,11079,438878,0,nrmsd_norm,7,0.46214526175697834
33764.44,COL-max-Corr,5983,4733,438878,0,nrmsd_norm,8,0.4711492769821123
33764.44,COL-max-Corr,5983,4733,438878,0,nrmsd_norm,9,0.4780974938521794
33764.44,COL-max-Corr,5983,9211,438878,0,nrmsd_norm,10,0.4262139424191671
33764.44,COL-max-Corr,5983,9211,438878,0,nrmsd_norm,11,0.4015378142222572
33764.44,COL-max-Corr,5983,9211,438878,0,nrmsd_norm,12,0.41071137434078286
33764.44,COL-max-Corr,5983,9211,438878,0,nrmsd_norm,13,0.44872301770811895
33764.44,COL-max-Corr,5983,9211,438878,0,nrmsd_norm,14,0.44476259538243246
33764.44,COL-max-Corr,5983,9211,438878,0,nrmsd_norm,15,0.43904877133306797
33764.44,COL-max-Corr,5983,9211,438878,0,nrmsd_norm,16,0.44151866416957775
33764.44,COL-max-Corr,5983,9211,438878,0,nrmsd_norm,17,0.4332182849232984
33764.44,COL-max-Corr,5983,5170,438878,0,nrmsd_norm,18,0.42273724272429813
33764.44,COL-max-Corr,5983,5170,438878,0,nrmsd_norm,19,0.4346482789555447
33764.44,COL-max-Corr,5983,4505,438878,0,nrmsd_norm,20,0.43371424803448344
33764.44,COL-max-Corr,5983,4505,438878,0,nrmsd_norm,22,0.42999078977729177
33764.44,COL-max-Corr,5983,15,438878,0,nrmsd_norm,24,0.41026396277978094
33764.44,COL-max-Corr,5983,15,438878,0,nrmsd_norm,26,0.4055875452284269
33764.44,COL-max-Corr,5983,15,438878,0,nrmsd_norm,28,0.4097900006667676
33764.44,COL-max-Corr,5983,15,438878,0,nrmsd_norm,30,0.4079774851447454
33764.44,COL-max-Corr,5983,15,438878,0,nrmsd_norm,32,0.4113409855484396
33764.44,COL-max-Corr,5983,800,438878,0,nrmsd_norm,34,0.4111182935860851
33764.44,COL-max-Corr,5983,800,438878,0,nrmsd_norm,36,0.40228399293262773
33764.44,COL-max-Corr,5983,800,438878,0,nrmsd_norm,38,0.40321978126992497
33764.44,COL-max-Corr,5983,800,438878,0,nrmsd_norm,40,0.4025842418053236
33764.44,COL-max-Corr,5983,15,438878,0,nrmsd_norm,42,0.3966634992768414
33764.44,COL-max-Corr,5983,15,438878,0,nrmsd_norm,44,0.4000016666980972
33764.44,COL-max-Corr,5983,15,438878,0,nrmsd_norm,46,0.3963267136754787
33764.44,COL-max-Corr,5983,5982,438878,0,nrmsd_norm,48,0.401420570636095
33764.44,COL-max-Corr,5983,5982,438878,0,nrmsd_norm,50,0.39670463848288534
33764.44,COL-max-Corr,5983,5982,438878,0,nrmsd_norm,55,0.39966998098030276
33764.44,COL-max-Corr,5983,5982,438878,0,nrmsd_norm,60,0.3963129891366737
33764.44,COL-max-Corr,5983,5982,438878,0,nrmsd_norm,65,0.3973791553811129
33764.44,COL-max-Corr,5983,169,438878,0,nrmsd_norm,70,0.4015271392423316
33764.44,COL-max-Corr,5983,5982,438878,0,nrmsd_norm,75,0.40221962576470394
33764.44,COL-max-Corr,5983,5982,438878,0,nrmsd_norm,80,0.4010942486927965
33764.44,COL-max-Corr,5983,5982,438878,0,nrmsd_norm,85,0.4018774938670978
33764.44,COL-max-Corr,5983,5982,438878,0,nrmsd_norm,90,0.39389922690549745
33764.44,COL-max-Corr,5983,5982,438878,0,nrmsd_norm,95,0.3978830630473739
33764.44,COL-max-Corr,5983,5982,438878,0,nrmsd_norm,100,0.39863569202117877
33764.44,COL-max-Corr,5983,5212,433015,0,nrmsd_norm,5,0.5508404395831632
33764.44,COL-max-Corr,5983,5212,433015,0,nrmsd_norm,6,0.48103522971149154
33764.44,COL-max-Corr,5983,11391,433015,0,nrmsd_norm,7,0.43444540271209514
33764.44,COL-max-Corr,5983,5184,433015,0,nrmsd_norm,8,0.43990365540290954
33764.44,COL-max-Corr,5983,11580,433015,0,nrmsd_norm,9,0.45163685434451056
33764.44,COL-max-Corr,5983,10583,433015,0,nrmsd_norm,10,0.42789122503248134
33764.44,COL-max-Corr,5983,9118,433015,0,nrmsd_norm,11,0.40406512193031385
33764.44,COL-max-Corr,5983,9118,433015,0,nrmsd_norm,12,0.40119434605196624
33764.44,COL-max-Corr,5983,9118,433015,0,nrmsd_norm,13,0.4114606776559005
33764.44,COL-max-Corr,5983,9118,433015,0,nrmsd_norm,14,0.4163570613262142
33764.44,COL-max-Corr,5983,9118,433015,0,nrmsd_norm,15,0.40362605054459394
33764.44,COL-max-Corr,5983,9118,433015,0,nrmsd_norm,16,0.4139517334671099
33764.44,COL-max-Corr,5983,5165,433015,0,nrmsd_norm,17,0.41847411918792393
33764.44,COL-max-Corr,5983,2820,433015,0,nrmsd_norm,18,0.4189351165312113
33764.44,COL-max-Corr,5983,2820,433015,0,nrmsd_norm,19,0.41886154448553115
33764.44,COL-max-Corr,5983,10215,433015,0,nrmsd_norm,20,0.41809409856600405
33764.44,COL-max-Corr,5983,2820,433015,0,nrmsd_norm,22,0.4138470804390459
33764.44,COL-max-Corr,5983,10116,433015,0,nrmsd_norm,24,0.403977090329397
33764.44,COL-max-Corr,5983,11556,433015,0,nrmsd_norm,26,0.3936688626825821
33764.44,COL-max-Corr,5983,11556,433015,0,nrmsd_norm,28,0.3958892006522048
33764.44,COL-max-Corr,5983,11505,433015,0,nrmsd_norm,30,0.3916118082032258
33764.44,COL-max-Corr,5983,5974,433015,0,nrmsd_norm,32,0.40015810324081047
33764.44,COL-max-Corr,5983,5958,433015,0,nrmsd_norm,34,0.40925947652673533
33764.44,COL-max-Corr,5983,3455,433015,0,nrmsd_norm,36,0.39336993858921043
33764.44,COL-max-Corr,5983,3455,433015,0,nrmsd_norm,38,0.3932146770290113
33764.44,COL-max-Corr,5983,5957,433015,0,nrmsd_norm,40,0.4030943020015198
33764.44,COL-max-Corr,5983,5957,433015,0,nrmsd_norm,42,0.3975389609722769
33764.44,COL-max-Corr,5983,5957,433015,0,nrmsd_norm,44,0.39708859099969934
33764.44,COL-max-Corr,5983,5957,433015,0,nrmsd_norm,46,0.3914671536986559
33764.44,COL-max-Corr,5983,5957,433015,0,nrmsd_norm,48,0.3939271141690843
33764.44,COL-max-Corr,5983,12327,433015,0,nrmsd_norm,50,0.38987647454209745
33764.44,COL-max-Corr,5983,12327,433015,0,nrmsd_norm,55,0.39612208340254584
33764.44,COL-max-Corr,5983,12327,433015,0,nrmsd_norm,60,0.39338045816425204
33764.44,COL-max-Corr,5983,7538,433015,0,nrmsd_norm,65,0.39532201712071763
33764.44,COL-max-Corr,5983,7538,433015,0,nrmsd_norm,70,0.401664798187383
33764.44,COL-max-Corr,5983,7538,433015,0,nrmsd_norm,75,0.4046690781145187
33764.44,COL-max-Corr,5983,7538,433015,0,nrmsd_norm,80,0.40025426581275164
33764.44,COL-max-Corr,5983,7538,433015,0,nrmsd_norm,85,0.40305699060038414
33764.44,COL-max-Corr,5983,7538,433015,0,nrmsd_norm,90,0.3965207572544523
33764.44,COL-max-Corr,5983,7538,433015,0,nrmsd_norm,95,0.40007311924819794
33764.44,COL-max-Corr,5983,10618,433015,0,nrmsd_norm,100,0.39796055421699134
33764.44,COL-max-Corr,5983,5979,858597,0,nrmsd_norm,5,0.5367774727624246
33764.44,COL-max-Corr,5983,7538,858597,0,nrmsd_norm,6,0.47560106455220014
33764.44,COL-max-Corr,5983,11784,858597,0,nrmsd_norm,7,0.4384793765683857
33764.44,COL-max-Corr,5983,12158,858597,0,nrmsd_norm,8,0.4360453691755983
33764.44,COL-max-Corr,5983,12158,858597,0,nrmsd_norm,9,0.412398696903571
33764.44,COL-max-Corr,5983,467,858597,0,nrmsd_norm,10,0.3993238326322861
33764.44,COL-max-Corr,5983,9120,858597,0,nrmsd_norm,11,0.3866556197470999
33764.44,COL-max-Corr,5983,9120,858597,0,nrmsd_norm,12,0.38861779885575504
33764.44,COL-max-Corr,5983,8060,858597,0,nrmsd_norm,13,0.41787481824464157
33764.44,COL-max-Corr,5983,8060,858597,0,nrmsd_norm,14,0.4182009009302476
33764.44,COL-max-Corr,5983,9120,858597,0,nrmsd_norm,15,0.4156598445960778
33764.44,COL-max-Corr,5983,9120,858597,0,nrmsd_norm,16,0.42115693187032294
33764.44,COL-max-Corr,5983,9120,858597,0,nrmsd_norm,17,0.42743152544869595
33764.44,COL-max-Corr,5983,9319,858597,0,nrmsd_norm,18,0.4160231717680966
33764.44,COL-max-Corr,5983,9319,858597,0,nrmsd_norm,19,0.4351791709364428
33764.44,COL-max-Corr,5983,9319,858597,0,nrmsd_norm,20,0.4352524221424813
33764.44,COL-max-Corr,5983,9319,858597,0,nrmsd_norm,22,0.4340903172715213
33764.44,COL-max-Corr,5983,11079,858597,0,nrmsd_norm,24,0.4229867804074055
33764.44,COL-max-Corr,5983,4717,858597,0,nrmsd_norm,26,0.40185971147639993
33764.44,COL-max-Corr,5983,4717,858597,0,nrmsd_norm,28,0.4041600086471878
33764.44,COL-max-Corr,5983,4717,858597,0,nrmsd_norm,30,0.4004194239926497
33764.44,COL-max-Corr,5983,4505,858597,0,nrmsd_norm,32,0.4062603260911951
33764.44,COL-max-Corr,5983,7259,858597,0,nrmsd_norm,34,0.4049630883934097
33764.44,COL-max-Corr,5983,7538,858597,0,nrmsd_norm,36,0.3965754454308842
33764.44,COL-max-Corr,5983,7538,858597,0,nrmsd_norm,38,0.3995942157788869
33764.44,COL-max-Corr,5983,12327,858597,0,nrmsd_norm,40,0.4005520744117698
33764.44,COL-max-Corr,5983,12327,858597,0,nrmsd_norm,42,0.39599460178037077
33764.44,COL-max-Corr,5983,12327,858597,0,nrmsd_norm,44,0.3970565268628804
33764.44,COL-max-Corr,5983,4717,858597,0,nrmsd_norm,46,0.3958421441906242
33764.44,COL-max-Corr,5983,4717,858597,0,nrmsd_norm,48,0.3972598440993197
33764.44,COL-max-Corr,5983,4505,858597,0,nrmsd_norm,50,0.39389808661092957
33764.44,COL-max-Corr,5983,4505,858597,0,nrmsd_norm,55,0.39886291468731744
33764.44,COL-max-Corr,5983,4505,858597,0,nrmsd_norm,60,0.39312387987485414
33764.44,COL-max-Corr,5983,4505,858597,0,nrmsd_norm,65,0.3918312251324559
33764.44,COL-max-Corr,5983,15,858597,0,nrmsd_norm,70,0.3973264574440244
33764.44,COL-max-Corr,5983,4505,858597,0,nrmsd_norm,75,0.4008155012961611
33764.44,COL-max-Corr,5983,4717,858597,0,nrmsd_norm,80,0.3996127067642942
33764.44,COL-max-Corr,5983,4717,858597,0,nrmsd_norm,85,0.399326376364849
33764.44,COL-max-Corr,5983,4505,858597,0,nrmsd_norm,90,0.39316387903874533
33764.44,COL-max-Corr,5983,4505,858597,0,nrmsd_norm,95,0.3971316466446121
33764.44,COL-max-Corr,5983,4505,858597,0,nrmsd_norm,100,0.39684506035187805
33764.44,COL-max-Corr,5983,1671,85945,0,nrmsd_norm,5,0.5381606003481294
33764.44,COL-max-Corr,5983,10215,85945,0,nrmsd_norm,6,0.47156116185480074
33764.44,COL-max-Corr,5983,9214,85945,0,nrmsd_norm,7,0.4509659920642237
33764.44,COL-max-Corr,5983,1186,85945,0,nrmsd_norm,8,0.39906170398537266
33764.44,COL-max-Corr,5983,8104,85945,0,nrmsd_norm,9,0.37281344583446047
33764.44,COL-max-Corr,5983,8104,85945,0,nrmsd_norm,10,0.39938312337471743
33764.44,COL-max-Corr,5983,8104,85945,0,nrmsd_norm,11,0.39905827585150466
33764.44,COL-max-Corr,5983,8104,85945,0,nrmsd_norm,12,0.3969482762543109
33764.44,COL-max-Corr,5983,8104,85945,0,nrmsd_norm,13,0.4277231105249795
33764.44,COL-max-Corr,5983,12418,85945,0,nrmsd_norm,14,0.4250253543820494
33764.44,COL-max-Corr,5983,8104,85945,0,nrmsd_norm,15,0.4168654254504054
33764.44,COL-max-Corr,5983,8104,85945,0,nrmsd_norm,16,0.4241846876216729
33764.44,COL-max-Corr,5983,12418,85945,0,nrmsd_norm,17,0.4206878236901906
33764.44,COL-max-Corr,5983,8104,85945,0,nrmsd_norm,18,0.4136973692822579
33764.44,COL-max-Corr,5983,8104,85945,0,nrmsd_norm,19,0.4181475583490754
33764.44,COL-max-Corr,5983,8104,85945,0,nrmsd_norm,20,0.426108736848579
33764.44,COL-max-Corr,5983,8104,85945,0,nrmsd_norm,22,0.4191136171907218
33764.44,COL-max-Corr,5983,8104,85945,0,nrmsd_norm,24,0.40455060435691215
33764.44,COL-max-Corr,5983,5985,85945,0,nrmsd_norm,26,0.40237602485240864
33764.44,COL-max-Corr,5983,5985,85945,0,nrmsd_norm,28,0.40797961004137173
33764.44,COL-max-Corr,5983,5985,85945,0,nrmsd_norm,30,0.41191553221591076
33764.44,COL-max-Corr,5983,5985,85945,0,nrmsd_norm,32,0.4179660091601056
33764.44,COL-max-Corr,5983,5987,85945,0,nrmsd_norm,34,0.4154426986953461
33764.44,COL-max-Corr,5983,5987,85945,0,nrmsd_norm,36,0.40173396299333775
33764.44,COL-max-Corr,5983,5987,85945,0,nrmsd_norm,38,0.4023813726832585
33764.44,COL-max-Corr,5983,11263,85945,0,nrmsd_norm,40,0.398841798475327
33764.44,COL-max-Corr,5983,11263,85945,0,nrmsd_norm,42,0.3933452900541895
33764.44,COL-max-Corr,5983,11263,85945,0,nrmsd_norm,44,0.3972868809083805
33764.44,COL-max-Corr,5983,11263,85945,0,nrmsd_norm,46,0.3917765607288702
33764.44,COL-max-Corr,5983,12461,85945,0,nrmsd_norm,48,0.3948638215110196
33764.44,COL-max-Corr,5983,11263,85945,0,nrmsd_norm,50,0.39121092722359924
33764.44,COL-max-Corr,5983,11263,85945,0,nrmsd_norm,55,0.3949692680551836
33764.44,COL-max-Corr,5983,11263,85945,0,nrmsd_norm,60,0.3949932669090713
33764.44,COL-max-Corr,5983,5987,85945,0,nrmsd_norm,65,0.39325708081742644
33764.44,COL-max-Corr,5983,12461,85945,0,nrmsd_norm,70,0.39694235427325286
33764.44,COL-max-Corr,5983,12461,85945,0,nrmsd_norm,75,0.39870300396239144
33764.44,COL-max-Corr,5983,12461,85945,0,nrmsd_norm,80,0.39476387529575135
33764.44,COL-max-Corr,5983,12461,85945,0,nrmsd_norm,85,0.396997283057908
33764.44,COL-max-Corr,5983,12461,85945,0,nrmsd_norm,90,0.39068613892191995
33764.44,COL-max-Corr,5983,11263,85945,0,nrmsd_norm,95,0.3955899905480178
33764.44,COL-max-Corr,5983,11263,85945,0,nrmsd_norm,100,0.3961434265069837
33764.44,COL-max-Corr,5983,8827,697368,0,nrmsd_norm,5,0.5698804844350722
33764.44,COL-max-Corr,5983,8894,697368,0,nrmsd_norm,6,0.5034457518959429
33764.44,COL-max-Corr,5983,1550,697368,0,nrmsd_norm,7,0.37921602442760044
33764.44,COL-max-Corr,5983,12069,697368,0,nrmsd_norm,8,0.3802004244115452
33764.44,COL-max-Corr,5983,6853,697368,0,nrmsd_norm,9,0.3775925551543488
33764.44,COL-max-Corr,5983,12521,697368,0,nrmsd_norm,10,0.36868073956103464
33764.44,COL-max-Corr,5983,12521,697368,0,nrmsd_norm,11,0.36337284666244785
33764.44,COL-max-Corr,5983,12521,697368,0,nrmsd_norm,12,0.36696720549927525
33764.44,COL-max-Corr,5983,5190,697368,0,nrmsd_norm,13,0.3760497780822259
33764.44,COL-max-Corr,5983,1229,697368,0,nrmsd_norm,14,0.3825403716877249
33764.44,COL-max-Corr,5983,6254,697368,0,nrmsd_norm,15,0.37063692673448934
33764.44,COL-max-Corr,5983,6254,697368,0,nrmsd_norm,16,0.38072947716592065
33764.44,COL-max-Corr,5983,6254,697368,0,nrmsd_norm,17,0.38893755267533514
33764.44,COL-max-Corr,5983,6254,697368,0,nrmsd_norm,18,0.37139584731945724
33764.44,COL-max-Corr,5983,9146,697368,0,nrmsd_norm,19,0.3941911686871395
33764.44,COL-max-Corr,5983,9146,697368,0,nrmsd_norm,20,0.39417016471250704
33764.44,COL-max-Corr,5983,9146,697368,0,nrmsd_norm,22,0.39114252366025654
33764.44,COL-max-Corr,5983,9146,697368,0,nrmsd_norm,24,0.3837544810522841
33764.44,COL-max-Corr,5983,9146,697368,0,nrmsd_norm,26,0.37435290492322015
33764.44,COL-max-Corr,5983,6265,697368,0,nrmsd_norm,28,0.3778835329663409
33764.44,COL-max-Corr,5983,6265,697368,0,nrmsd_norm,30,0.3799034239714093
33764.44,COL-max-Corr,5983,6235,697368,0,nrmsd_norm,32,0.39714606676844666
33764.44,COL-max-Corr,5983,1659,697368,0,nrmsd_norm,34,0.3953078774143884
33764.44,COL-max-Corr,5983,6823,697368,0,nrmsd_norm,36,0.3929724217437981
33764.44,COL-max-Corr,5983,6823,697368,0,nrmsd_norm,38,0.39365650071856145
33764.44,COL-max-Corr,5983,6823,697368,0,nrmsd_norm,40,0.396459393369634
33764.44,COL-max-Corr,5983,2104,697368,0,nrmsd_norm,42,0.39093580494542274
33764.44,COL-max-Corr,5983,2104,697368,0,nrmsd_norm,44,0.39376488023742634
33764.44,COL-max-Corr,5983,2104,697368,0,nrmsd_norm,46,0.3875624522084512
33764.44,COL-max-Corr,5983,2104,697368,0,nrmsd_norm,48,0.39137589510334386
33764.44,COL-max-Corr,5983,2104,697368,0,nrmsd_norm,50,0.38764966493636854
33764.44,COL-max-Corr,5983,2104,697368,0,nrmsd_norm,55,0.3936058113174065
33764.44,COL-max-Corr,5983,2104,697368,0,nrmsd_norm,60,0.39112424650603916
33764.44,COL-max-Corr,5983,6211,697368,0,nrmsd_norm,65,0.3886506956831517
33764.44,COL-max-Corr,5983,2483,697368,0,nrmsd_norm,70,0.39398800280943963
33764.44,COL-max-Corr,5983,2483,697368,0,nrmsd_norm,75,0.39606442861433516
33764.44,COL-max-Corr,5983,2104,697368,0,nrmsd_norm,80,0.3920225846289093
33764.44,COL-max-Corr,5983,2104,697368,0,nrmsd_norm,85,0.3942999515132229
33764.44,COL-max-Corr,5983,2104,697368,0,nrmsd_norm,90,0.3909074557680474
33764.44,COL-max-Corr,5983,2104,697368,0,nrmsd_norm,95,0.39539924984740965
33764.44,COL-max-Corr,5983,2104,697368,0,nrmsd_norm,100,0.3926109194220113
33764.44,COL-max-Corr,5983,4314,201469,0,nrmsd_norm,5,0.5248194119396199
33764.44,COL-max-Corr,5983,3969,201469,0,nrmsd_norm,6,0.4477039299285564
33764.44,COL-max-Corr,5983,5959,201469,0,nrmsd_norm,7,0.43040674507421317
33764.44,COL-max-Corr,5983,9661,201469,0,nrmsd_norm,8,0.4262719378899207
33764.44,COL-max-Corr,5983,12312,201469,0,nrmsd_norm,9,0.3705997415042724
33764.44,COL-max-Corr,5983,12312,201469,0,nrmsd_norm,10,0.40906222640271284
33764.44,COL-max-Corr,5983,9122,201469,0,nrmsd_norm,11,0.39307941725204865
33764.44,COL-max-Corr,5983,9122,201469,0,nrmsd_norm,12,0.39291116691389266
33764.44,COL-max-Corr,5983,9122,201469,0,nrmsd_norm,13,0.44752442903301426
33764.44,COL-max-Corr,5983,9122,201469,0,nrmsd_norm,14,0.451700574206732
33764.44,COL-max-Corr,5983,9122,201469,0,nrmsd_norm,15,0.44426070463317696
33764.44,COL-max-Corr,5983,9122,201469,0,nrmsd_norm,16,0.44933075826530633
33764.44,COL-max-Corr,5983,9122,201469,0,nrmsd_norm,17,0.40461841224942713
33764.44,COL-max-Corr,5983,9122,201469,0,nrmsd_norm,18,0.39121390799901296
33764.44,COL-max-Corr,5983,800,201469,0,nrmsd_norm,19,0.40510685405927405
33764.44,COL-max-Corr,5983,800,201469,0,nrmsd_norm,20,0.4064026775224127
33764.44,COL-max-Corr,5983,800,201469,0,nrmsd_norm,22,0.4041820124855346
33764.44,COL-max-Corr,5983,726,201469,0,nrmsd_norm,24,0.38874762304393995
33764.44,COL-max-Corr,5983,726,201469,0,nrmsd_norm,26,0.38333543070540677
33764.44,COL-max-Corr,5983,726,201469,0,nrmsd_norm,28,0.3894563282389106
33764.44,COL-max-Corr,5983,726,201469,0,nrmsd_norm,30,0.3847851694812411
33764.44,COL-max-Corr,5983,726,201469,0,nrmsd_norm,32,0.39582434008963246
33764.44,COL-max-Corr,5983,3305,201469,0,nrmsd_norm,34,0.39695207719477477
33764.44,COL-max-Corr,5983,3305,201469,0,nrmsd_norm,36,0.38523968683214904
33764.44,COL-max-Corr,5983,3305,201469,0,nrmsd_norm,38,0.38739153689957173
33764.44,COL-max-Corr,5983,5967,201469,0,nrmsd_norm,40,0.3825114472265075
33764.44,COL-max-Corr,5983,5967,201469,0,nrmsd_norm,42,0.37812206132749865
33764.44,COL-max-Corr,5983,5967,201469,0,nrmsd_norm,44,0.38231976362627124
33764.44,COL-max-Corr,5983,5967,201469,0,nrmsd_norm,46,0.3769508456556768
33764.44,COL-max-Corr,5983,11079,201469,0,nrmsd_norm,48,0.3766029861872563
33764.44,COL-max-Corr,5983,800,201469,0,nrmsd_norm,50,0.37460729351310523
33764.44,COL-max-Corr,5983,800,201469,0,nrmsd_norm,55,0.3799994030050406
33764.44,COL-max-Corr,5983,800,201469,0,nrmsd_norm,60,0.38080332211174267
33764.44,COL-max-Corr,5983,800,201469,0,nrmsd_norm,65,0.3812604546544093
33764.44,COL-max-Corr,5983,11079,201469,0,nrmsd_norm,70,0.38551721941500483
33764.44,COL-max-Corr,5983,11079,201469,0,nrmsd_norm,75,0.3896951373132753
33764.44,COL-max-Corr,5983,11079,201469,0,nrmsd_norm,80,0.38896691774509584
33764.44,COL-max-Corr,5983,11079,201469,0,nrmsd_norm,85,0.38936598754975166
33764.44,COL-max-Corr,5983,11079,201469,0,nrmsd_norm,90,0.38501267028762753
33764.44,COL-max-Corr,5983,11079,201469,0,nrmsd_norm,95,0.38903025235323263
33764.44,COL-max-Corr,5983,4505,201469,0,nrmsd_norm,100,0.3900627294103311
33764.44,COL-max-Corr,5983,8484,94177,0,nrmsd_norm,5,0.5353830682444266
33764.44,COL-max-Corr,5983,10215,94177,0,nrmsd_norm,6,0.4711647659303603
33764.44,COL-max-Corr,5983,10215,94177,0,nrmsd_norm,7,0.4589464359906793
33764.44,COL-max-Corr,5983,499,94177,0,nrmsd_norm,8,0.41517285944582016
33764.44,COL-max-Corr,5983,11079,94177,0,nrmsd_norm,9,0.4116811455283728
33764.44,COL-max-Corr,5983,5959,94177,0,nrmsd_norm,10,0.4218151506744379
33764.44,COL-max-Corr,5983,9118,94177,0,nrmsd_norm,11,0.39413195612148405
33764.44,COL-max-Corr,5983,9118,94177,0,nrmsd_norm,12,0.39867182614336294
33764.44,COL-max-Corr,5983,9118,94177,0,nrmsd_norm,13,0.4488935271125576
33764.44,COL-max-Corr,5983,9118,94177,0,nrmsd_norm,14,0.4577298454052585
33764.44,COL-max-Corr,5983,936,94177,0,nrmsd_norm,15,0.45810749452850913
33764.44,COL-max-Corr,5983,936,94177,0,nrmsd_norm,16,0.46458264463590815
33764.44,COL-max-Corr,5983,1931,94177,0,nrmsd_norm,17,0.4149496120255763
33764.44,COL-max-Corr,5983,4717,94177,0,nrmsd_norm,18,0.414557499666305
33764.44,COL-max-Corr,5983,4717,94177,0,nrmsd_norm,19,0.4241498119028851
33764.44,COL-max-Corr,5983,4717,94177,0,nrmsd_norm,20,0.42589156634242464
33764.44,COL-max-Corr,5983,4717,94177,0,nrmsd_norm,22,0.42384548707595165
33764.44,COL-max-Corr,5983,11079,94177,0,nrmsd_norm,24,0.4055725934350187
33764.44,COL-max-Corr,5983,11079,94177,0,nrmsd_norm,26,0.3968405858688334
33764.44,COL-max-Corr,5983,11079,94177,0,nrmsd_norm,28,0.4027293905414172
33764.44,COL-max-Corr,5983,4505,94177,0,nrmsd_norm,30,0.4003331344534451
33764.44,COL-max-Corr,5983,4505,94177,0,nrmsd_norm,32,0.40721036840492447
33764.44,COL-max-Corr,5983,15,94177,0,nrmsd_norm,34,0.4055403444082819
33764.44,COL-max-Corr,5983,15,94177,0,nrmsd_norm,36,0.39823444928021234
33764.44,COL-max-Corr,5983,4505,94177,0,nrmsd_norm,38,0.4001827333821746
33764.44,COL-max-Corr,5983,4505,94177,0,nrmsd_norm,40,0.3943202900517519
33764.44,COL-max-Corr,5983,4505,94177,0,nrmsd_norm,42,0.3877808601303816
33764.44,COL-max-Corr,5983,4505,94177,0,nrmsd_norm,44,0.3921239251131293
33764.44,COL-max-Corr,5983,4505,94177,0,nrmsd_norm,46,0.3878217395229416
33764.44,COL-max-Corr,5983,4505,94177,0,nrmsd_norm,48,0.38814548765373785
33764.44,COL-max-Corr,5983,4505,94177,0,nrmsd_norm,50,0.3846740455730016
33764.44,COL-max-Corr,5983,4505,94177,0,nrmsd_norm,55,0.3936626231411082
33764.44,COL-max-Corr,5983,15,94177,0,nrmsd_norm,60,0.3899822053398761
33764.44,COL-max-Corr,5983,4505,94177,0,nrmsd_norm,65,0.38965654988600756
33764.44,COL-max-Corr,5983,4505,94177,0,nrmsd_norm,70,0.39285933210338986
33764.44,COL-max-Corr,5983,4505,94177,0,nrmsd_norm,75,0.3977683620741351
33764.44,COL-max-Corr,5983,4505,94177,0,nrmsd_norm,80,0.3955939960132792
33764.44,COL-max-Corr,5983,7259,94177,0,nrmsd_norm,85,0.3981465055913884
33764.44,COL-max-Corr,5983,10618,94177,0,nrmsd_norm,90,0.39321093335040347
33764.44,COL-max-Corr,5983,10618,94177,0,nrmsd_norm,95,0.39786839284313347
33764.44,COL-max-Corr,5983,8484,94177,0,nrmsd_norm,100,0.3990022768952679
33764.44,ROW-mean-ED,5983,6138,89250,0,nrmsd_norm,5,0.5410595659319742
33764.44,ROW-mean-ED,5983,6138,89250,0,nrmsd_norm,6,0.39344269641708896
33764.44,ROW-mean-ED,5983,6138,89250,0,nrmsd_norm,7,0.4090423842266542
33764.44,ROW-mean-ED,5983,6138,89250,0,nrmsd_norm,8,0.3619888569576037
33764.44,ROW-mean-ED,5983,9059,89250,0,nrmsd_norm,9,0.37713624749515945
33764.44,ROW-mean-ED,5983,6143,89250,0,nrmsd_norm,10,0.38302435709081734
33764.44,ROW-mean-ED,5983,6143,89250,0,nrmsd_norm,11,0.4028838910258381
33764.44,ROW-mean-ED,5983,10788,89250,0,nrmsd_norm,12,0.41347235424168355
33764.44,ROW-mean-ED,5983,7564,89250,0,nrmsd_norm,13,0.4007980839199185
33764.44,ROW-mean-ED,5983,10788,89250,0,nrmsd_norm,14,0.4072952631232875
33764.44,ROW-mean-ED,5983,1605,89250,0,nrmsd_norm,15,0.4000366624990714
33764.44,ROW-mean-ED,5983,11122,89250,0,nrmsd_norm,16,0.3702670003442723
33764.44,ROW-mean-ED,5983,11122,89250,0,nrmsd_norm,17,0.3573115498232884
33764.44,ROW-mean-ED,5983,11122,89250,0,nrmsd_norm,18,0.341816633142773
33764.44,ROW-mean-ED,5983,11122,89250,0,nrmsd_norm,19,0.3582882564061991
33764.44,ROW-mean-ED,5983,11122,89250,0,nrmsd_norm,20,0.3537188365356324
33764.44,ROW-mean-ED,5983,7564,89250,0,nrmsd_norm,22,0.34161598595726944
33764.44,ROW-mean-ED,5983,7564,89250,0,nrmsd_norm,24,0.35786713049947705
33764.44,ROW-mean-ED,5983,7564,89250,0,nrmsd_norm,26,0.3492919207544075
33764.44,ROW-mean-ED,5983,7564,89250,0,nrmsd_norm,28,0.3491182785707496
33764.44,ROW-mean-ED,5983,7564,89250,0,nrmsd_norm,30,0.35287768607906056
33764.44,ROW-mean-ED,5983,7564,89250,0,nrmsd_norm,32,0.35713211392057903
33764.44,ROW-mean-ED,5983,7564,89250,0,nrmsd_norm,34,0.34882637432689145
33764.44,ROW-mean-ED,5983,7564,89250,0,nrmsd_norm,36,0.3562032130982235
33764.44,ROW-mean-ED,5983,7564,89250,0,nrmsd_norm,38,0.35317632541446947
33764.44,ROW-mean-ED,5983,10618,89250,0,nrmsd_norm,40,0.3507223683310127
33764.44,ROW-mean-ED,5983,10618,89250,0,nrmsd_norm,42,0.35406329432654804
33764.44,ROW-mean-ED,5983,7537,89250,0,nrmsd_norm,44,0.36370766744419314
33764.44,ROW-mean-ED,5983,7537,89250,0,nrmsd_norm,46,0.3654835080434224
33764.44,ROW-mean-ED,5983,7537,89250,0,nrmsd_norm,48,0.35513323312636313
33764.44,ROW-mean-ED,5983,7537,89250,0,nrmsd_norm,50,0.345857676346061
33764.44,ROW-mean-ED,5983,7537,89250,0,nrmsd_norm,55,0.3432638846565256
33764.44,ROW-mean-ED,5983,7537,89250,0,nrmsd_norm,60,0.35504832968484173
33764.44,ROW-mean-ED,5983,7537,89250,0,nrmsd_norm,65,0.3460520143891686
33764.44,ROW-mean-ED,5983,7537,89250,0,nrmsd_norm,70,0.34979747768953645
33764.44,ROW-mean-ED,5983,7537,89250,0,nrmsd_norm,75,0.3511790590270575
33764.44,ROW-mean-ED,5983,7537,89250,0,nrmsd_norm,80,0.3476237134291275
33764.44,ROW-mean-ED,5983,7537,89250,0,nrmsd_norm,85,0.34876345571659634
33764.44,ROW-mean-ED,5983,7537,89250,0,nrmsd_norm,90,0.3460091578678555
33764.44,ROW-mean-ED,5983,7537,89250,0,nrmsd_norm,95,0.34707455325507486
33764.44,ROW-mean-ED,5983,7537,89250,0,nrmsd_norm,100,0.3398229804878597
33764.44,ROW-mean-ED,5983,5942,773956,0,nrmsd_norm,5,0.568034392387525
33764.44,ROW-mean-ED,5983,6722,773956,0,nrmsd_norm,6,0.41387158758864057
33764.44,ROW-mean-ED,5983,1831,773956,0,nrmsd_norm,7,0.4048628853967359
33764.44,ROW-mean-ED,5983,1831,773956,0,nrmsd_norm,8,0.3593214987672893
33764.44,ROW-mean-ED,5983,1831,773956,0,nrmsd_norm,9,0.38534363877141653
33764.44,ROW-mean-ED,5983,3455,773956,0,nrmsd_norm,10,0.36605805818432346
33764.44,ROW-mean-ED,5983,3455,773956,0,nrmsd_norm,11,0.39718088507098676
33764.44,ROW-mean-ED,5983,7259,773956,0,nrmsd_norm,12,0.4080055089733814
33764.44,ROW-mean-ED,5983,7259,773956,0,nrmsd_norm,13,0.3956353761507877
33764.44,ROW-mean-ED,5983,7259,773956,0,nrmsd_norm,14,0.3931106280704065
33764.44,ROW-mean-ED,5983,5982,773956,0,nrmsd_norm,15,0.37768619134813214
33764.44,ROW-mean-ED,5983,5982,773956,0,nrmsd_norm,16,0.3610485897623956
33764.44,ROW-mean-ED,5983,5982,773956,0,nrmsd_norm,17,0.3509776976283751
33764.44,ROW-mean-ED,5983,5982,773956,0,nrmsd_norm,18,0.3217277265305744
33764.44,ROW-mean-ED,5983,5982,773956,0,nrmsd_norm,19,0.34146057291667803
33764.44,ROW-mean-ED,5983,5982,773956,0,nrmsd_norm,20,0.34576288604365746
33764.44,ROW-mean-ED,5983,5982,773956,0,nrmsd_norm,22,0.3330414158079228
33764.44,ROW-mean-ED,5983,5982,773956,0,nrmsd_norm,24,0.3574458390992287
33764.44,ROW-mean-ED,5983,5982,773956,0,nrmsd_norm,26,0.3498298529015677
33764.44,ROW-mean-ED,5983,5982,773956,0,nrmsd_norm,28,0.33684311482382073
33764.44,ROW-mean-ED,5983,5967,773956,0,nrmsd_norm,30,0.33884997485796287
33764.44,ROW-mean-ED,5983,5967,773956,0,nrmsd_norm,32,0.3432598968638386
33764.44,ROW-mean-ED,5983,5967,773956,0,nrmsd_norm,34,0.3323106441393696
33764.44,ROW-mean-ED,5983,3305,773956,0,nrmsd_norm,36,0.3425351198148365
33764.44,ROW-mean-ED,5983,3305,773956,0,nrmsd_norm,38,0.3352803441005437
33764.44,ROW-mean-ED,5983,3305,773956,0,nrmsd_norm,40,0.3351582936593582
33764.44,ROW-mean-ED,5983,3305,773956,0,nrmsd_norm,42,0.3388254432010833
33764.44,ROW-mean-ED,5983,3305,773956,0,nrmsd_norm,44,0.3475251801820114
33764.44,ROW-mean-ED,5983,3305,773956,0,nrmsd_norm,46,0.35201414759844607
33764.44,ROW-mean-ED,5983,3305,773956,0,nrmsd_norm,48,0.34458328886688727
33764.44,ROW-mean-ED,5983,3305,773956,0,nrmsd_norm,50,0.3383459660540652
33764.44,ROW-mean-ED,5983,5982,773956,0,nrmsd_norm,55,0.33326309520078323
33764.44,ROW-mean-ED,5983,5982,773956,0,nrmsd_norm,60,0.34247199888779684
33764.44,ROW-mean-ED,5983,5982,773956,0,nrmsd_norm,65,0.3370689303430525
33764.44,ROW-mean-ED,5983,5982,773956,0,nrmsd_norm,70,0.3416191123652129
33764.44,ROW-mean-ED,5983,5982,773956,0,nrmsd_norm,75,0.341780539095034
33764.44,ROW-mean-ED,5983,8484,773956,0,nrmsd_norm,80,0.33698297982297865
33764.44,ROW-mean-ED,5983,8484,773956,0,nrmsd_norm,85,0.3400549623845305
33764.44,ROW-mean-ED,5983,8484,773956,0,nrmsd_norm,90,0.3375458410489773
33764.44,ROW-mean-ED,5983,8484,773956,0,nrmsd_norm,95,0.3412090394641205
33764.44,ROW-mean-ED,5983,5983,773956,0,nrmsd_norm,100,0.3356506403799572
33764.44,ROW-mean-ED,5983,5773,654571,0,nrmsd_norm,5,0.5744562231280865
33764.44,ROW-mean-ED,5983,10958,654571,0,nrmsd_norm,6,0.4100946739358953
33764.44,ROW-mean-ED,5983,1211,654571,0,nrmsd_norm,7,0.3976780960534681
33764.44,ROW-mean-ED,5983,1211,654571,0,nrmsd_norm,8,0.36692338109209877
33764.44,ROW-mean-ED,5983,1211,654571,0,nrmsd_norm,9,0.40257108330121766
33764.44,ROW-mean-ED,5983,5983,654571,0,nrmsd_norm,10,0.3974297138539932
33764.44,ROW-mean-ED,5983,5983,654571,0,nrmsd_norm,11,0.4303755318059227
33764.44,ROW-mean-ED,5983,169,654571,0,nrmsd_norm,12,0.4159840653083186
33764.44,ROW-mean-ED,5983,169,654571,0,nrmsd_norm,13,0.40386266490746
33764.44,ROW-mean-ED,5983,5982,654571,0,nrmsd_norm,14,0.4022799513643264
33764.44,ROW-mean-ED,5983,11263,654571,0,nrmsd_norm,15,0.3835256375615383
33764.44,ROW-mean-ED,5983,11263,654571,0,nrmsd_norm,16,0.3743527788372614
33764.44,ROW-mean-ED,5983,5987,654571,0,nrmsd_norm,17,0.36406374803892794
33764.44,ROW-mean-ED,5983,5987,654571,0,nrmsd_norm,18,0.35132180423095843
33764.44,ROW-mean-ED,5983,5987,654571,0,nrmsd_norm,19,0.3777671311037169
33764.44,ROW-mean-ED,5983,5983,654571,0,nrmsd_norm,20,0.370548486551776
33764.44,ROW-mean-ED,5983,7537,654571,0,nrmsd_norm,22,0.35548166030027945
33764.44,ROW-mean-ED,5983,7537,654571,0,nrmsd_norm,24,0.3774094376127041
33764.44,ROW-mean-ED,5983,7537,654571,0,nrmsd_norm,26,0.36486043437355276
33764.44,ROW-mean-ED,5983,7537,654571,0,nrmsd_norm,28,0.3595432705048344
33764.44,ROW-mean-ED,5983,7537,654571,0,nrmsd_norm,30,0.37026969191522136
33764.44,ROW-mean-ED,5983,7537,654571,0,nrmsd_norm,32,0.3774974004309141
33764.44,ROW-mean-ED,5983,5983,654571,0,nrmsd_norm,34,0.36031729418314334
33764.44,ROW-mean-ED,5983,5987,654571,0,nrmsd_norm,36,0.37230078227801244
33764.44,ROW-mean-ED,5983,5983,654571,0,nrmsd_norm,38,0.35928214011955517
33764.44,ROW-mean-ED,5983,5983,654571,0,nrmsd_norm,40,0.3597369210209578
33764.44,ROW-mean-ED,5983,5983,654571,0,nrmsd_norm,42,0.3646976547421119
33764.44,ROW-mean-ED,5983,5983,654571,0,nrmsd_norm,44,0.37170155106159264
33764.44,ROW-mean-ED,5983,8484,654571,0,nrmsd_norm,46,0.37629808958713407
33764.44,ROW-mean-ED,5983,8484,654571,0,nrmsd_norm,48,0.36562944034729106
33764.44,ROW-mean-ED,5983,8484,654571,0,nrmsd_norm,50,0.3624658085549905
33764.44,ROW-mean-ED,5983,5983,654571,0,nrmsd_norm,55,0.35827194015040675
33764.44,ROW-mean-ED,5983,5982,654571,0,nrmsd_norm,60,0.3605838275070696
33764.44,ROW-mean-ED,5983,5983,654571,0,nrmsd_norm,65,0.35531188910620404
33764.44,ROW-mean-ED,5983,5987,654571,0,nrmsd_norm,70,0.35900128025769684
33764.44,ROW-mean-ED,5983,5983,654571,0,nrmsd_norm,75,0.3610066908916302
33764.44,ROW-mean-ED,5983,5987,654571,0,nrmsd_norm,80,0.35251757837207387
33764.44,ROW-mean-ED,5983,5987,654571,0,nrmsd_norm,85,0.355691542568629
33764.44,ROW-mean-ED,5983,5987,654571,0,nrmsd_norm,90,0.35399175871164207
33764.44,ROW-mean-ED,5983,5987,654571,0,nrmsd_norm,95,0.3572939241143433
33764.44,ROW-mean-ED,5983,5987,654571,0,nrmsd_norm,100,0.3475826739304306
33764.44,ROW-mean-ED,5983,918,438878,0,nrmsd_norm,5,0.5311507010765419
33764.44,ROW-mean-ED,5983,10265,438878,0,nrmsd_norm,6,0.3752171081260024
33764.44,ROW-mean-ED,5983,1186,438878,0,nrmsd_norm,7,0.370321265132867
33764.44,ROW-mean-ED,5983,1186,438878,0,nrmsd_norm,8,0.35495425004799575
33764.44,ROW-mean-ED,5983,1186,438878,0,nrmsd_norm,9,0.3728940174550536
33764.44,ROW-mean-ED,5983,8059,438878,0,nrmsd_norm,10,0.37233942167715794
33764.44,ROW-mean-ED,5983,8059,438878,0,nrmsd_norm,11,0.394369127164198
33764.44,ROW-mean-ED,5983,7259,438878,0,nrmsd_norm,12,0.4018695316672044
33764.44,ROW-mean-ED,5983,7259,438878,0,nrmsd_norm,13,0.38760685579650045
33764.44,ROW-mean-ED,5983,7259,438878,0,nrmsd_norm,14,0.38820654553304046
33764.44,ROW-mean-ED,5983,11079,438878,0,nrmsd_norm,15,0.3786009784343485
33764.44,ROW-mean-ED,5983,11079,438878,0,nrmsd_norm,16,0.351218104190481
33764.44,ROW-mean-ED,5983,8484,438878,0,nrmsd_norm,17,0.3484204190378121
33764.44,ROW-mean-ED,5983,8484,438878,0,nrmsd_norm,18,0.32228564765563755
33764.44,ROW-mean-ED,5983,8484,438878,0,nrmsd_norm,19,0.341854006083406
33764.44,ROW-mean-ED,5983,8484,438878,0,nrmsd_norm,20,0.34207105882907735
33764.44,ROW-mean-ED,5983,8484,438878,0,nrmsd_norm,22,0.3282262681120643
33764.44,ROW-mean-ED,5983,8484,438878,0,nrmsd_norm,24,0.3517036214435454
33764.44,ROW-mean-ED,5983,5982,438878,0,nrmsd_norm,26,0.33788020203114894
33764.44,ROW-mean-ED,5983,8484,438878,0,nrmsd_norm,28,0.3326182535856836
33764.44,ROW-mean-ED,5983,8484,438878,0,nrmsd_norm,30,0.3347243915172298
33764.44,ROW-mean-ED,5983,7538,438878,0,nrmsd_norm,32,0.3349430152422285
33764.44,ROW-mean-ED,5983,12327,438878,0,nrmsd_norm,34,0.32502892319223164
33764.44,ROW-mean-ED,5983,12327,438878,0,nrmsd_norm,36,0.3319100487228254
33764.44,ROW-mean-ED,5983,5982,438878,0,nrmsd_norm,38,0.32999769308130183
33764.44,ROW-mean-ED,5983,8585,438878,0,nrmsd_norm,40,0.3298136270108176
33764.44,ROW-mean-ED,5983,8585,438878,0,nrmsd_norm,42,0.3324707154908905
33764.44,ROW-mean-ED,5983,8585,438878,0,nrmsd_norm,44,0.3391156520147699
33764.44,ROW-mean-ED,5983,8585,438878,0,nrmsd_norm,46,0.34470088512155234
33764.44,ROW-mean-ED,5983,8585,438878,0,nrmsd_norm,48,0.3398264336206875
33764.44,ROW-mean-ED,5983,8585,438878,0,nrmsd_norm,50,0.3351271654060757
33764.44,ROW-mean-ED,5983,8585,438878,0,nrmsd_norm,55,0.3295484649189452
33764.44,ROW-mean-ED,5983,8585,438878,0,nrmsd_norm,60,0.3348009750399426
33764.44,ROW-mean-ED,5983,8585,438878,0,nrmsd_norm,65,0.3312827632771945
33764.44,ROW-mean-ED,5983,8585,438878,0,nrmsd_norm,70,0.3360374107339654
33764.44,ROW-mean-ED,5983,8585,438878,0,nrmsd_norm,75,0.34032259997002084
33764.44,ROW-mean-ED,5983,8585,438878,0,nrmsd_norm,80,0.33467180538125046
33764.44,ROW-mean-ED,5983,8585,438878,0,nrmsd_norm,85,0.3366704149811915
33764.44,ROW-mean-ED,5983,8484,438878,0,nrmsd_norm,90,0.3382894051799613
33764.44,ROW-mean-ED,5983,5982,438878,0,nrmsd_norm,95,0.3354148303444946
33764.44,ROW-mean-ED,5983,7259,438878,0,nrmsd_norm,100,0.32877186725282626
33764.44,ROW-mean-ED,5983,5508,433015,0,nrmsd_norm,5,0.5698627455511803
33764.44,ROW-mean-ED,5983,10341,433015,0,nrmsd_norm,6,0.46954264393545964
33764.44,ROW-mean-ED,5983,9549,433015,0,nrmsd_norm,7,0.4765241901046518
33764.44,ROW-mean-ED,5983,5271,433015,0,nrmsd_norm,8,0.40068921882522424
33764.44,ROW-mean-ED,5983,5271,433015,0,nrmsd_norm,9,0.4090275133051039
33764.44,ROW-mean-ED,5983,2133,433015,0,nrmsd_norm,10,0.4079952052949317
33764.44,ROW-mean-ED,5983,6194,433015,0,nrmsd_norm,11,0.43430495993152396
33764.44,ROW-mean-ED,5983,5522,433015,0,nrmsd_norm,12,0.45332798720590883
33764.44,ROW-mean-ED,5983,966,433015,0,nrmsd_norm,13,0.4364674078726588
33764.44,ROW-mean-ED,5983,966,433015,0,nrmsd_norm,14,0.4359333151125206
33764.44,ROW-mean-ED,5983,5983,433015,0,nrmsd_norm,15,0.4268556653112729
33764.44,ROW-mean-ED,5983,8484,433015,0,nrmsd_norm,16,0.373201122957843
33764.44,ROW-mean-ED,5983,5983,433015,0,nrmsd_norm,17,0.3647430391030569
33764.44,ROW-mean-ED,5983,5983,433015,0,nrmsd_norm,18,0.3431664400956635
33764.44,ROW-mean-ED,5983,5983,433015,0,nrmsd_norm,19,0.3608446902818228
33764.44,ROW-mean-ED,5983,5983,433015,0,nrmsd_norm,20,0.3526409666715844
33764.44,ROW-mean-ED,5983,10618,433015,0,nrmsd_norm,22,0.3450160994753141
33764.44,ROW-mean-ED,5983,10618,433015,0,nrmsd_norm,24,0.36891377345176435
33764.44,ROW-mean-ED,5983,10618,433015,0,nrmsd_norm,26,0.3519454193812964
33764.44,ROW-mean-ED,5983,8484,433015,0,nrmsd_norm,28,0.3504420829141284
33764.44,ROW-mean-ED,5983,8484,433015,0,nrmsd_norm,30,0.3516967572034379
33764.44,ROW-mean-ED,5983,8484,433015,0,nrmsd_norm,32,0.3518972456151156
33764.44,ROW-mean-ED,5983,8484,433015,0,nrmsd_norm,34,0.3405303390666442
33764.44,ROW-mean-ED,5983,8484,433015,0,nrmsd_norm,36,0.34805532705985576
33764.44,ROW-mean-ED,5983,8484,433015,0,nrmsd_norm,38,0.3461830717310191
33764.44,ROW-mean-ED,5983,8484,433015,0,nrmsd_norm,40,0.3444760771217506
33764.44,ROW-mean-ED,5983,8484,433015,0,nrmsd_norm,42,0.346584730170171
33764.44,ROW-mean-ED,5983,8484,433015,0,nrmsd_norm,44,0.35476977463981535
33764.44,ROW-mean-ED,5983,8484,433015,0,nrmsd_norm,46,0.3557067159310931
33764.44,ROW-mean-ED,5983,8484,433015,0,nrmsd_norm,48,0.34716700871281814
33764.44,ROW-mean-ED,5983,8484,433015,0,nrmsd_norm,50,0.3414725665771345
33764.44,ROW-mean-ED,5983,10618,433015,0,nrmsd_norm,55,0.3374634463306314
33764.44,ROW-mean-ED,5983,10618,433015,0,nrmsd_norm,60,0.3437140619063199
33764.44,ROW-mean-ED,5983,8484,433015,0,nrmsd_norm,65,0.33625582417189487
33764.44,ROW-mean-ED,5983,8484,433015,0,nrmsd_norm,70,0.33630159220665184
33764.44,ROW-mean-ED,5983,8484,433015,0,nrmsd_norm,75,0.3395583125393276
33764.44,ROW-mean-ED,5983,8484,433015,0,nrmsd_norm,80,0.3363923868032806
33764.44,ROW-mean-ED,5983,8484,433015,0,nrmsd_norm,85,0.33854790317598965
33764.44,ROW-mean-ED,5983,8484,433015,0,nrmsd_norm,90,0.3361714717444358
33764.44,ROW-mean-ED,5983,8484,433015,0,nrmsd_norm,95,0.33938936528942515
33764.44,ROW-mean-ED,5983,8484,433015,0,nrmsd_norm,100,0.3316169998917227
33764.44,ROW-mean-ED,5983,6146,858597,0,nrmsd_norm,5,0.5520313160661754
33764.44,ROW-mean-ED,5983,6146,858597,0,nrmsd_norm,6,0.41667757994410753
33764.44,ROW-mean-ED,5983,2597,858597,0,nrmsd_norm,7,0.42258207865869535
33764.44,ROW-mean-ED,5983,3001,858597,0,nrmsd_norm,8,0.40827760844546607
33764.44,ROW-mean-ED,5983,3001,858597,0,nrmsd_norm,9,0.4328115686606868
33764.44,ROW-mean-ED,5983,3001,858597,0,nrmsd_norm,10,0.43261023730710435
33764.44,ROW-mean-ED,5983,3001,858597,0,nrmsd_norm,11,0.4609005568624478
33764.44,ROW-mean-ED,5983,2483,858597,0,nrmsd_norm,12,0.43868999119966307
33764.44,ROW-mean-ED,5983,2483,858597,0,nrmsd_norm,13,0.42720781349939985
33764.44,ROW-mean-ED,5983,2483,858597,0,nrmsd_norm,14,0.42960973232780575
33764.44,ROW-mean-ED,5983,2104,858597,0,nrmsd_norm,15,0.41126445686365337
33764.44,ROW-mean-ED,5983,2104,858597,0,nrmsd_norm,16,0.38850376390601815
33764.44,ROW-mean-ED,5983,2104,858597,0,nrmsd_norm,17,0.3741257512048841
33764.44,ROW-mean-ED,5983,12461,858597,0,nrmsd_norm,18,0.35110475929823476
33764.44,ROW-mean-ED,5983,12461,858597,0,nrmsd_norm,19,0.37356566359784205
33764.44,ROW-mean-ED,5983,7537,858597,0,nrmsd_norm,20,0.3671741121901154
33764.44,ROW-mean-ED,5983,7537,858597,0,nrmsd_norm,22,0.35057825489970085
33764.44,ROW-mean-ED,5983,7564,858597,0,nrmsd_norm,24,0.3745197809465159
33764.44,ROW-mean-ED,5983,7564,858597,0,nrmsd_norm,26,0.3621728728993276
33764.44,ROW-mean-ED,5983,7564,858597,0,nrmsd_norm,28,0.35450252885646233
33764.44,ROW-mean-ED,5983,2483,858597,0,nrmsd_norm,30,0.3675131205120038
33764.44,ROW-mean-ED,5983,2483,858597,0,nrmsd_norm,32,0.3726612007663182
33764.44,ROW-mean-ED,5983,7564,858597,0,nrmsd_norm,34,0.359913546181846
33764.44,ROW-mean-ED,5983,7564,858597,0,nrmsd_norm,36,0.3675170493827424
33764.44,ROW-mean-ED,5983,7564,858597,0,nrmsd_norm,38,0.3604137405871613
33764.44,ROW-mean-ED,5983,7564,858597,0,nrmsd_norm,40,0.35733521119175027
33764.44,ROW-mean-ED,5983,7564,858597,0,nrmsd_norm,42,0.3576570988035213
33764.44,ROW-mean-ED,5983,7564,858597,0,nrmsd_norm,44,0.3643917755502526
33764.44,ROW-mean-ED,5983,7564,858597,0,nrmsd_norm,46,0.37106032420471213
33764.44,ROW-mean-ED,5983,7564,858597,0,nrmsd_norm,48,0.36354254497114
33764.44,ROW-mean-ED,5983,7564,858597,0,nrmsd_norm,50,0.3544603304268752
33764.44,ROW-mean-ED,5983,7564,858597,0,nrmsd_norm,55,0.34981960645937143
33764.44,ROW-mean-ED,5983,7564,858597,0,nrmsd_norm,60,0.358978144682682
33764.44,ROW-mean-ED,5983,7564,858597,0,nrmsd_norm,65,0.3448726502956566
33764.44,ROW-mean-ED,5983,7564,858597,0,nrmsd_norm,70,0.3473700998808176
33764.44,ROW-mean-ED,5983,7564,858597,0,nrmsd_norm,75,0.3526928637350316
33764.44,ROW-mean-ED,5983,7564,858597,0,nrmsd_norm,80,0.3476899923545271
33764.44,ROW-mean-ED,5983,7537,858597,0,nrmsd_norm,85,0.3500206513090144
33764.44,ROW-mean-ED,5983,7537,858597,0,nrmsd_norm,90,0.34803779913869276
33764.44,ROW-mean-ED,5983,7537,858597,0,nrmsd_norm,95,0.3470423318203697
33764.44,ROW-mean-ED,5983,10618,858597,0,nrmsd_norm,100,0.3405700390218566
33764.44,ROW-mean-ED,5983,11907,85945,0,nrmsd_norm,5,0.5550659266229762
33764.44,ROW-mean-ED,5983,3483,85945,0,nrmsd_norm,6,0.49448301325713956
33764.44,ROW-mean-ED,5983,5771,85945,0,nrmsd_norm,7,0.47637841881715826
33764.44,ROW-mean-ED,5983,5944,85945,0,nrmsd_norm,8,0.43555789307468923
33764.44,ROW-mean-ED,5983,5944,85945,0,nrmsd_norm,9,0.452458199834627
33764.44,ROW-mean-ED,5983,5944,85945,0,nrmsd_norm,10,0.4603317506252836
33764.44,ROW-mean-ED,5983,5944,85945,0,nrmsd_norm,11,0.48107363586052543
33764.44,ROW-mean-ED,5983,5945,85945,0,nrmsd_norm,12,0.48902317255427946
33764.44,ROW-mean-ED,5983,5945,85945,0,nrmsd_norm,13,0.46863667961689864
33764.44,ROW-mean-ED,5983,5945,85945,0,nrmsd_norm,14,0.4569992540265111
33764.44,ROW-mean-ED,5983,11097,85945,0,nrmsd_norm,15,0.44871673408786444
33764.44,ROW-mean-ED,5983,11097,85945,0,nrmsd_norm,16,0.40763927895155183
33764.44,ROW-mean-ED,5983,11097,85945,0,nrmsd_norm,17,0.37461723209465264
33764.44,ROW-mean-ED,5983,12655,85945,0,nrmsd_norm,18,0.3467280202469535
33764.44,ROW-mean-ED,5983,12655,85945,0,nrmsd_norm,19,0.36820055557912
33764.44,ROW-mean-ED,5983,12655,85945,0,nrmsd_norm,20,0.36225356663897995
33764.44,ROW-mean-ED,5983,9149,85945,0,nrmsd_norm,22,0.3474455202404082
33764.44,ROW-mean-ED,5983,9149,85945,0,nrmsd_norm,24,0.3759053781093375
33764.44,ROW-mean-ED,5983,5985,85945,0,nrmsd_norm,26,0.3560485357578003
33764.44,ROW-mean-ED,5983,5985,85945,0,nrmsd_norm,28,0.35630223459789767
33764.44,ROW-mean-ED,5983,5985,85945,0,nrmsd_norm,30,0.36965999670133665
33764.44,ROW-mean-ED,5983,5985,85945,0,nrmsd_norm,32,0.36510920163742777
33764.44,ROW-mean-ED,5983,5987,85945,0,nrmsd_norm,34,0.3504747247730964
33764.44,ROW-mean-ED,5983,5987,85945,0,nrmsd_norm,36,0.3631876424028878
33764.44,ROW-mean-ED,5983,1965,85945,0,nrmsd_norm,38,0.3603002094647121
33764.44,ROW-mean-ED,5983,5987,85945,0,nrmsd_norm,40,0.3652467619206727
33764.44,ROW-mean-ED,5983,5987,85945,0,nrmsd_norm,42,0.36846822039636684
33764.44,ROW-mean-ED,5983,5987,85945,0,nrmsd_norm,44,0.3815823443992498
33764.44,ROW-mean-ED,5983,5987,85945,0,nrmsd_norm,46,0.3853174559462029
33764.44,ROW-mean-ED,5983,5987,85945,0,nrmsd_norm,48,0.37610574942748154
33764.44,ROW-mean-ED,5983,5987,85945,0,nrmsd_norm,50,0.3629114804014464
33764.44,ROW-mean-ED,5983,5987,85945,0,nrmsd_norm,55,0.35302724229656707
33764.44,ROW-mean-ED,5983,5987,85945,0,nrmsd_norm,60,0.3654270347224654
33764.44,ROW-mean-ED,5983,5987,85945,0,nrmsd_norm,65,0.3574502515277971
33764.44,ROW-mean-ED,5983,5987,85945,0,nrmsd_norm,70,0.364693429314989
33764.44,ROW-mean-ED,5983,5987,85945,0,nrmsd_norm,75,0.35928312639939863
33764.44,ROW-mean-ED,5983,5987,85945,0,nrmsd_norm,80,0.3543121026702231
33764.44,ROW-mean-ED,5983,5987,85945,0,nrmsd_norm,85,0.35456615933026975
33764.44,ROW-mean-ED,5983,5987,85945,0,nrmsd_norm,90,0.3516997003066598
33764.44,ROW-mean-ED,5983,5987,85945,0,nrmsd_norm,95,0.3506456784001427
33764.44,ROW-mean-ED,5983,5987,85945,0,nrmsd_norm,100,0.3426329553279381
33764.44,ROW-mean-ED,5983,4730,697368,0,nrmsd_norm,5,0.5629271576090654
33764.44,ROW-mean-ED,5983,6828,697368,0,nrmsd_norm,6,0.41066420210049137
33764.44,ROW-mean-ED,5983,10215,697368,0,nrmsd_norm,7,0.36943416228270676
33764.44,ROW-mean-ED,5983,7438,697368,0,nrmsd_norm,8,0.3577835760309688
33764.44,ROW-mean-ED,5983,7438,697368,0,nrmsd_norm,9,0.38749785630078004
33764.44,ROW-mean-ED,5983,1186,697368,0,nrmsd_norm,10,0.3840360630581859
33764.44,ROW-mean-ED,5983,1186,697368,0,nrmsd_norm,11,0.4206863422205354
33764.44,ROW-mean-ED,5983,7259,697368,0,nrmsd_norm,12,0.41296471889713976
33764.44,ROW-mean-ED,5983,7259,697368,0,nrmsd_norm,13,0.39886999821816416
33764.44,ROW-mean-ED,5983,7259,697368,0,nrmsd_norm,14,0.3982614717514126
33764.44,ROW-mean-ED,5983,7259,697368,0,nrmsd_norm,15,0.393855736270327
33764.44,ROW-mean-ED,5983,8484,697368,0,nrmsd_norm,16,0.39135587576898234
33764.44,ROW-mean-ED,5983,8484,697368,0,nrmsd_norm,17,0.3706872477677817
33764.44,ROW-mean-ED,5983,8484,697368,0,nrmsd_norm,18,0.3563748309685999
33764.44,ROW-mean-ED,5983,8484,697368,0,nrmsd_norm,19,0.37503504354017125
33764.44,ROW-mean-ED,5983,7538,697368,0,nrmsd_norm,20,0.3630632240234869
33764.44,ROW-mean-ED,5983,7538,697368,0,nrmsd_norm,22,0.3544838122232053
33764.44,ROW-mean-ED,5983,8484,697368,0,nrmsd_norm,24,0.3800446142375335
33764.44,ROW-mean-ED,5983,7538,697368,0,nrmsd_norm,26,0.35539657182786755
33764.44,ROW-mean-ED,5983,8484,697368,0,nrmsd_norm,28,0.3582265787420784
33764.44,ROW-mean-ED,5983,8484,697368,0,nrmsd_norm,30,0.3637524787127354
33764.44,ROW-mean-ED,5983,7538,697368,0,nrmsd_norm,32,0.3535589019587953
33764.44,ROW-mean-ED,5983,7538,697368,0,nrmsd_norm,34,0.3420130092712754
33764.44,ROW-mean-ED,5983,7538,697368,0,nrmsd_norm,36,0.348837779970934
33764.44,ROW-mean-ED,5983,7538,697368,0,nrmsd_norm,38,0.3433069248185943
33764.44,ROW-mean-ED,5983,8484,697368,0,nrmsd_norm,40,0.3401891732569729
33764.44,ROW-mean-ED,5983,8484,697368,0,nrmsd_norm,42,0.3439725484066721
33764.44,ROW-mean-ED,5983,8484,697368,0,nrmsd_norm,44,0.3533100177260882
33764.44,ROW-mean-ED,5983,8484,697368,0,nrmsd_norm,46,0.3561489147777237
33764.44,ROW-mean-ED,5983,8484,697368,0,nrmsd_norm,48,0.3473825263582687
33764.44,ROW-mean-ED,5983,8484,697368,0,nrmsd_norm,50,0.34154429710689355
33764.44,ROW-mean-ED,5983,8484,697368,0,nrmsd_norm,55,0.3386541364668514
33764.44,ROW-mean-ED,5983,8484,697368,0,nrmsd_norm,60,0.3500828067953403
33764.44,ROW-mean-ED,5983,8484,697368,0,nrmsd_norm,65,0.34136987732561713
33764.44,ROW-mean-ED,5983,8484,697368,0,nrmsd_norm,70,0.34277464790624834
33764.44,ROW-mean-ED,5983,8484,697368,0,nrmsd_norm,75,0.3445639806318821
33764.44,ROW-mean-ED,5983,8484,697368,0,nrmsd_norm,80,0.33989426713634635
33764.44,ROW-mean-ED,5983,8484,697368,0,nrmsd_norm,85,0.3444290108646589
33764.44,ROW-mean-ED,5983,8484,697368,0,nrmsd_norm,90,0.34387993341999673
33764.44,ROW-mean-ED,5983,8484,697368,0,nrmsd_norm,95,0.34709652024698057
33764.44,ROW-mean-ED,5983,8484,697368,0,nrmsd_norm,100,0.33993480239843116
33764.44,ROW-mean-ED,5983,6421,201469,0,nrmsd_norm,5,0.5630839314614043
33764.44,ROW-mean-ED,5983,12149,201469,0,nrmsd_norm,6,0.3978227718880502
33764.44,ROW-mean-ED,5983,12149,201469,0,nrmsd_norm,7,0.40961891677883583
33764.44,ROW-mean-ED,5983,4150,201469,0,nrmsd_norm,8,0.40512072528992343
33764.44,ROW-mean-ED,5983,6728,201469,0,nrmsd_norm,9,0.4169889778424885
33764.44,ROW-mean-ED,5983,2483,201469,0,nrmsd_norm,10,0.4060461629065099
33764.44,ROW-mean-ED,5983,7564,201469,0,nrmsd_norm,11,0.42436104995307894
33764.44,ROW-mean-ED,5983,7564,201469,0,nrmsd_norm,12,0.4156075664825556
33764.44,ROW-mean-ED,5983,6210,201469,0,nrmsd_norm,13,0.41266374065710354
33764.44,ROW-mean-ED,5983,3001,201469,0,nrmsd_norm,14,0.41970682140675014
33764.44,ROW-mean-ED,5983,6217,201469,0,nrmsd_norm,15,0.4009142475888379
33764.44,ROW-mean-ED,5983,10536,201469,0,nrmsd_norm,16,0.4026958655724987
33764.44,ROW-mean-ED,5983,6238,201469,0,nrmsd_norm,17,0.39824620809522093
33764.44,ROW-mean-ED,5983,6237,201469,0,nrmsd_norm,18,0.3841193002641682
33764.44,ROW-mean-ED,5983,6237,201469,0,nrmsd_norm,19,0.40231289668750675
33764.44,ROW-mean-ED,5983,6238,201469,0,nrmsd_norm,20,0.39817843953637877
33764.44,ROW-mean-ED,5983,6237,201469,0,nrmsd_norm,22,0.38918181410736646
33764.44,ROW-mean-ED,5983,6237,201469,0,nrmsd_norm,24,0.39871807398168957
33764.44,ROW-mean-ED,5983,6732,201469,0,nrmsd_norm,26,0.3839961735059705
33764.44,ROW-mean-ED,5983,6732,201469,0,nrmsd_norm,28,0.36892738894692384
33764.44,ROW-mean-ED,5983,6732,201469,0,nrmsd_norm,30,0.37001111316399005
33764.44,ROW-mean-ED,5983,6732,201469,0,nrmsd_norm,32,0.3844987289941331
33764.44,ROW-mean-ED,5983,6728,201469,0,nrmsd_norm,34,0.37531155149138395
33764.44,ROW-mean-ED,5983,6728,201469,0,nrmsd_norm,36,0.38171773576762413
33764.44,ROW-mean-ED,5983,6728,201469,0,nrmsd_norm,38,0.36833828831175675
33764.44,ROW-mean-ED,5983,6728,201469,0,nrmsd_norm,40,0.3595501511457589
33764.44,ROW-mean-ED,5983,6728,201469,0,nrmsd_norm,42,0.3652966110420549
33764.44,ROW-mean-ED,5983,6728,201469,0,nrmsd_norm,44,0.37201029972705657
33764.44,ROW-mean-ED,5983,7537,201469,0,nrmsd_norm,46,0.3710004027753135
33764.44,ROW-mean-ED,5983,7537,201469,0,nrmsd_norm,48,0.36537191472843056
33764.44,ROW-mean-ED,5983,7537,201469,0,nrmsd_norm,50,0.35868376832595433
33764.44,ROW-mean-ED,5983,5983,201469,0,nrmsd_norm,55,0.35120381707742443
33764.44,ROW-mean-ED,5983,7537,201469,0,nrmsd_norm,60,0.35794064277187493
33764.44,ROW-mean-ED,5983,7537,201469,0,nrmsd_norm,65,0.3523111295846339
33764.44,ROW-mean-ED,5983,10618,201469,0,nrmsd_norm,70,0.35166019748128685
33764.44,ROW-mean-ED,5983,10618,201469,0,nrmsd_norm,75,0.3542515443124472
33764.44,ROW-mean-ED,5983,7537,201469,0,nrmsd_norm,80,0.3474476778862404
33764.44,ROW-mean-ED,5983,7537,201469,0,nrmsd_norm,85,0.3531398953121683
33764.44,ROW-mean-ED,5983,7537,201469,0,nrmsd_norm,90,0.3527477152870745
33764.44,ROW-mean-ED,5983,7537,201469,0,nrmsd_norm,95,0.35208660162315375
33764.44,ROW-mean-ED,5983,7537,201469,0,nrmsd_norm,100,0.34645491812103607
33764.44,ROW-mean-ED,5983,9059,94177,0,nrmsd_norm,5,0.5528695192454695
33764.44,ROW-mean-ED,5983,6144,94177,0,nrmsd_norm,6,0.4201614411517055
33764.44,ROW-mean-ED,5983,11079,94177,0,nrmsd_norm,7,0.39001605730948663
33764.44,ROW-mean-ED,5983,5967,94177,0,nrmsd_norm,8,0.3556574271091205
33764.44,ROW-mean-ED,5983,5967,94177,0,nrmsd_norm,9,0.3964162464877718
33764.44,ROW-mean-ED,5983,3305,94177,0,nrmsd_norm,10,0.3963034005857194
33764.44,ROW-mean-ED,5983,3305,94177,0,nrmsd_norm,11,0.4277060367571799
33764.44,ROW-mean-ED,5983,3305,94177,0,nrmsd_norm,12,0.44657649522565046
33764.44,ROW-mean-ED,5983,5959,94177,0,nrmsd_norm,13,0.43248448492294383
33764.44,ROW-mean-ED,5983,3305,94177,0,nrmsd_norm,14,0.41667705772597763
33764.44,ROW-mean-ED,5983,11263,94177,0,nrmsd_norm,15,0.40134477332894436
33764.44,ROW-mean-ED,5983,11263,94177,0,nrmsd_norm,16,0.37868818380321884
33764.44,ROW-mean-ED,5983,11263,94177,0,nrmsd_norm,17,0.3634685023416444
33764.44,ROW-mean-ED,5983,5987,94177,0,nrmsd_norm,18,0.3512998699808912
33764.44,ROW-mean-ED,5983,5987,94177,0,nrmsd_norm,19,0.37401133614287524
33764.44,ROW-mean-ED,5983,5987,94177,0,nrmsd_norm,20,0.369834429190169
33764.44,ROW-mean-ED,5983,5987,94177,0,nrmsd_norm,22,0.35865341337632817
33764.44,ROW-mean-ED,5983,5983,94177,0,nrmsd_norm,24,0.3859593936546532
33764.44,ROW-mean-ED,5983,5983,94177,0,nrmsd_norm,26,0.3741159527386338
33764.44,ROW-mean-ED,5983,5983,94177,0,nrmsd_norm,28,0.3643485559194078
33764.44,ROW-mean-ED,5983,5983,94177,0,nrmsd_norm,30,0.36873370009088086
33764.44,ROW-mean-ED,5983,5983,94177,0,nrmsd_norm,32,0.3730833467104943
33764.44,ROW-mean-ED,5983,5985,94177,0,nrmsd_norm,34,0.358788401187081
33764.44,ROW-mean-ED,5983,5982,94177,0,nrmsd_norm,36,0.3681001289566299
33764.44,ROW-mean-ED,5983,5985,94177,0,nrmsd_norm,38,0.3628970148937707
33764.44,ROW-mean-ED,5983,5982,94177,0,nrmsd_norm,40,0.36502201618375996
33764.44,ROW-mean-ED,5983,8484,94177,0,nrmsd_norm,42,0.373323861905615
33764.44,ROW-mean-ED,5983,5982,94177,0,nrmsd_norm,44,0.3814337705749695
33764.44,ROW-mean-ED,5983,5982,94177,0,nrmsd_norm,46,0.3811320319938368
33764.44,ROW-mean-ED,5983,8484,94177,0,nrmsd_norm,48,0.37385690767792656
33764.44,ROW-mean-ED,5983,8484,94177,0,nrmsd_norm,50,0.36132766943473305
33764.44,ROW-mean-ED,5983,8484,94177,0,nrmsd_norm,55,0.3582551775320134
33764.44,ROW-mean-ED,5983,8484,94177,0,nrmsd_norm,60,0.36333605550596376
33764.44,ROW-mean-ED,5983,8484,94177,0,nrmsd_norm,65,0.3488737855923021
33764.44,ROW-mean-ED,5983,8484,94177,0,nrmsd_norm,70,0.3496934633000281
33764.44,ROW-mean-ED,5983,8484,94177,0,nrmsd_norm,75,0.3540905985703684
33764.44,ROW-mean-ED,5983,8484,94177,0,nrmsd_norm,80,0.34810520181497445
33764.44,ROW-mean-ED,5983,8484,94177,0,nrmsd_norm,85,0.35373826060094243
33764.44,ROW-mean-ED,5983,8484,94177,0,nrmsd_norm,90,0.35163003578159513
33764.44,ROW-mean-ED,5983,8484,94177,0,nrmsd_norm,95,0.34830305854942195
33764.44,ROW-mean-ED,5983,8484,94177,0,nrmsd_norm,100,0.34266225138445916
33764.44,ROW-min-ED(FPS),5983,6138,89250,0,nrmsd_norm,5,0.538452732927101
33764.44,ROW-min-ED(FPS),5983,5958,89250,0,nrmsd_norm,6,0.5030322438230883
33764.44,ROW-min-ED(FPS),5983,5958,89250,0,nrmsd_norm,7,0.4628549732727026
33764.44,ROW-min-ED(FPS),5983,9478,89250,0,nrmsd_norm,8,0.44687477022831024
33764.44,ROW-min-ED(FPS),5983,9478,89250,0,nrmsd_norm,9,0.3811835049434112
33764.44,ROW-min-ED(FPS),5983,6194,89250,0,nrmsd_norm,10,0.35478522482452846
33764.44,ROW-min-ED(FPS),5983,6194,89250,0,nrmsd_norm,11,0.3540003874214741
33764.44,ROW-min-ED(FPS),5983,6194,89250,0,nrmsd_norm,12,0.36423884589142
33764.44,ROW-min-ED(FPS),5983,6194,89250,0,nrmsd_norm,13,0.3523766491996066
33764.44,ROW-min-ED(FPS),5983,6201,89250,0,nrmsd_norm,14,0.3500176017105487
33764.44,ROW-min-ED(FPS),5983,6201,89250,0,nrmsd_norm,15,0.3402330145535011
33764.44,ROW-min-ED(FPS),5983,756,89250,0,nrmsd_norm,16,0.3290050586152712
33764.44,ROW-min-ED(FPS),5983,756,89250,0,nrmsd_norm,17,0.32404206068354435
33764.44,ROW-min-ED(FPS),5983,7538,89250,0,nrmsd_norm,18,0.31530074590131896
33764.44,ROW-min-ED(FPS),5983,2780,89250,0,nrmsd_norm,19,0.31119719417667835
33764.44,ROW-min-ED(FPS),5983,2780,89250,0,nrmsd_norm,20,0.30349656121804425
33764.44,ROW-min-ED(FPS),5983,7564,89250,0,nrmsd_norm,22,0.32333551308731606
33764.44,ROW-min-ED(FPS),5983,7564,89250,0,nrmsd_norm,24,0.331715345111704
33764.44,ROW-min-ED(FPS),5983,10618,89250,0,nrmsd_norm,26,0.33335392664768254
33764.44,ROW-min-ED(FPS),5983,7537,89250,0,nrmsd_norm,28,0.3292768903229987
33764.44,ROW-min-ED(FPS),5983,7537,89250,0,nrmsd_norm,30,0.32494312484064497
33764.44,ROW-min-ED(FPS),5983,7537,89250,0,nrmsd_norm,32,0.32092114880108713
33764.44,ROW-min-ED(FPS),5983,5983,89250,0,nrmsd_norm,34,0.3151813753207348
33764.44,ROW-min-ED(FPS),5983,8059,89250,0,nrmsd_norm,36,0.32839797660954495
33764.44,ROW-min-ED(FPS),5983,7537,89250,0,nrmsd_norm,38,0.31731656324767343
33764.44,ROW-min-ED(FPS),5983,7537,89250,0,nrmsd_norm,40,0.31576629421790126
33764.44,ROW-min-ED(FPS),5983,7537,89250,0,nrmsd_norm,42,0.31618280627919815
33764.44,ROW-min-ED(FPS),5983,5983,89250,0,nrmsd_norm,44,0.30869950909771954
33764.44,ROW-min-ED(FPS),5983,7537,89250,0,nrmsd_norm,46,0.30167036128143054
33764.44,ROW-min-ED(FPS),5983,7537,89250,0,nrmsd_norm,48,0.30539845242867064
33764.44,ROW-min-ED(FPS),5983,7537,89250,0,nrmsd_norm,50,0.30137450979969127
33764.44,ROW-min-ED(FPS),5983,5987,89250,0,nrmsd_norm,55,0.30928001052650655
33764.44,ROW-min-ED(FPS),5983,5983,89250,0,nrmsd_norm,60,0.3072455160671347
33764.44,ROW-min-ED(FPS),5983,5987,89250,0,nrmsd_norm,65,0.3054702887487833
33764.44,ROW-min-ED(FPS),5983,5983,89250,0,nrmsd_norm,70,0.3092176780925113
33764.44,ROW-min-ED(FPS),5983,5987,89250,0,nrmsd_norm,75,0.30441752892341883
33764.44,ROW-min-ED(FPS),5983,5983,89250,0,nrmsd_norm,80,0.3025129060852047
33764.44,ROW-min-ED(FPS),5983,5983,89250,0,nrmsd_norm,85,0.2967916161947617
33764.44,ROW-min-ED(FPS),5983,5983,89250,0,nrmsd_norm,90,0.3002107336150527
33764.44,ROW-min-ED(FPS),5983,5983,89250,0,nrmsd_norm,95,0.30296412127860595
33764.44,ROW-min-ED(FPS),5983,5983,89250,0,nrmsd_norm,100,0.2996257314161998
33764.44,ROW-min-ED(FPS),5983,5942,773956,0,nrmsd_norm,5,0.5454640260257775
33764.44,ROW-min-ED(FPS),5983,4717,773956,0,nrmsd_norm,6,0.5131174110928702
33764.44,ROW-min-ED(FPS),5983,4717,773956,0,nrmsd_norm,7,0.47540131791706863
33764.44,ROW-min-ED(FPS),5983,4717,773956,0,nrmsd_norm,8,0.46942583914991115
33764.44,ROW-min-ED(FPS),5983,4717,773956,0,nrmsd_norm,9,0.38495840266285375
33764.44,ROW-min-ED(FPS),5983,8059,773956,0,nrmsd_norm,10,0.36013511872777615
33764.44,ROW-min-ED(FPS),5983,1831,773956,0,nrmsd_norm,11,0.3490300716491615
33764.44,ROW-min-ED(FPS),5983,1831,773956,0,nrmsd_norm,12,0.35933132790003497
33764.44,ROW-min-ED(FPS),5983,8484,773956,0,nrmsd_norm,13,0.3413194316897899
33764.44,ROW-min-ED(FPS),5983,5983,773956,0,nrmsd_norm,14,0.3276251571107647
33764.44,ROW-min-ED(FPS),5983,8484,773956,0,nrmsd_norm,15,0.35477417591080085
33764.44,ROW-min-ED(FPS),5983,499,773956,0,nrmsd_norm,16,0.34017312371139996
33764.44,ROW-min-ED(FPS),5983,8059,773956,0,nrmsd_norm,17,0.3313075135880313
33764.44,ROW-min-ED(FPS),5983,499,773956,0,nrmsd_norm,18,0.32164817587344435
33764.44,ROW-min-ED(FPS),5983,499,773956,0,nrmsd_norm,19,0.31130460710730556
33764.44,ROW-min-ED(FPS),5983,499,773956,0,nrmsd_norm,20,0.30349034222194066
33764.44,ROW-min-ED(FPS),5983,499,773956,0,nrmsd_norm,22,0.32579609760412614
33764.44,ROW-min-ED(FPS),5983,499,773956,0,nrmsd_norm,24,0.3267921559585828
33764.44,ROW-min-ED(FPS),5983,499,773956,0,nrmsd_norm,26,0.33020593276805044
33764.44,ROW-min-ED(FPS),5983,5985,773956,0,nrmsd_norm,28,0.31975335250625936
33764.44,ROW-min-ED(FPS),5983,5985,773956,0,nrmsd_norm,30,0.313936685278076
33764.44,ROW-min-ED(FPS),5983,5987,773956,0,nrmsd_norm,32,0.30970677904195976
33764.44,ROW-min-ED(FPS),5983,5987,773956,0,nrmsd_norm,34,0.30575003378538873
33764.44,ROW-min-ED(FPS),5983,5987,773956,0,nrmsd_norm,36,0.31354788383259113
33764.44,ROW-min-ED(FPS),5983,5987,773956,0,nrmsd_norm,38,0.3024745346698114
33764.44,ROW-min-ED(FPS),5983,5987,773956,0,nrmsd_norm,40,0.3000988785865104
33764.44,ROW-min-ED(FPS),5983,5987,773956,0,nrmsd_norm,42,0.300510049884264
33764.44,ROW-min-ED(FPS),5983,5987,773956,0,nrmsd_norm,44,0.2925244545724406
33764.44,ROW-min-ED(FPS),5983,5987,773956,0,nrmsd_norm,46,0.2851305958533669
33764.44,ROW-min-ED(FPS),5983,5987,773956,0,nrmsd_norm,48,0.2894485594089342
33764.44,ROW-min-ED(FPS),5983,5959,773956,0,nrmsd_norm,50,0.2833682639593266
33764.44,ROW-min-ED(FPS),5983,5987,773956,0,nrmsd_norm,55,0.2970403774169116
33764.44,ROW-min-ED(FPS),5983,5987,773956,0,nrmsd_norm,60,0.29845592352010003
33764.44,ROW-min-ED(FPS),5983,5987,773956,0,nrmsd_norm,65,0.30025979277010706
33764.44,ROW-min-ED(FPS),5983,5987,773956,0,nrmsd_norm,70,0.30360950180937857
33764.44,ROW-min-ED(FPS),5983,5987,773956,0,nrmsd_norm,75,0.29962448017025745
33764.44,ROW-min-ED(FPS),5983,5987,773956,0,nrmsd_norm,80,0.3017743246631579
33764.44,ROW-min-ED(FPS),5983,5983,773956,0,nrmsd_norm,85,0.2958495492648951
33764.44,ROW-min-ED(FPS),5983,5983,773956,0,nrmsd_norm,90,0.3001923073190708
33764.44,ROW-min-ED(FPS),5983,5983,773956,0,nrmsd_norm,95,0.30315341763656056
33764.44,ROW-min-ED(FPS),5983,5987,773956,0,nrmsd_norm,100,0.2992875687735459
33764.44,ROW-min-ED(FPS),5983,11074,654571,0,nrmsd_norm,5,0.5617286895654688
33764.44,ROW-min-ED(FPS),5983,3676,654571,0,nrmsd_norm,6,0.5207697531779845
33764.44,ROW-min-ED(FPS),5983,5948,654571,0,nrmsd_norm,7,0.46385454209161375
33764.44,ROW-min-ED(FPS),5983,8438,654571,0,nrmsd_norm,8,0.4590221855114948
33764.44,ROW-min-ED(FPS),5983,492,654571,0,nrmsd_norm,9,0.4181655919800604
33764.44,ROW-min-ED(FPS),5983,4147,654571,0,nrmsd_norm,10,0.39535538088469585
33764.44,ROW-min-ED(FPS),5983,4147,654571,0,nrmsd_norm,11,0.39172804030950403
33764.44,ROW-min-ED(FPS),5983,5985,654571,0,nrmsd_norm,12,0.3943529075563644
33764.44,ROW-min-ED(FPS),5983,10369,654571,0,nrmsd_norm,13,0.3708846383592012
33764.44,ROW-min-ED(FPS),5983,10369,654571,0,nrmsd_norm,14,0.3552019639744998
33764.44,ROW-min-ED(FPS),5983,10369,654571,0,nrmsd_norm,15,0.33925156479364027
33764.44,ROW-min-ED(FPS),5983,4893,654571,0,nrmsd_norm,16,0.32327666141170014
33764.44,ROW-min-ED(FPS),5983,4893,654571,0,nrmsd_norm,17,0.31704600524286886
33764.44,ROW-min-ED(FPS),5983,4893,654571,0,nrmsd_norm,18,0.31319942029225994
33764.44,ROW-min-ED(FPS),5983,4893,654571,0,nrmsd_norm,19,0.3071126245760106
33764.44,ROW-min-ED(FPS),5983,4893,654571,0,nrmsd_norm,20,0.30395145515864014
33764.44,ROW-min-ED(FPS),5983,10369,654571,0,nrmsd_norm,22,0.3213296676054303
33764.44,ROW-min-ED(FPS),5983,10369,654571,0,nrmsd_norm,24,0.3302588464895182
33764.44,ROW-min-ED(FPS),5983,10369,654571,0,nrmsd_norm,26,0.337132041387229
33764.44,ROW-min-ED(FPS),5983,4893,654571,0,nrmsd_norm,28,0.3350399249743376
33764.44,ROW-min-ED(FPS),5983,8484,654571,0,nrmsd_norm,30,0.3296273735147525
33764.44,ROW-min-ED(FPS),5983,8484,654571,0,nrmsd_norm,32,0.32575629682903173
33764.44,ROW-min-ED(FPS),5983,8484,654571,0,nrmsd_norm,34,0.3124813625531053
33764.44,ROW-min-ED(FPS),5983,8484,654571,0,nrmsd_norm,36,0.32635648491442926
33764.44,ROW-min-ED(FPS),5983,5983,654571,0,nrmsd_norm,38,0.3153503959393004
33764.44,ROW-min-ED(FPS),5983,5983,654571,0,nrmsd_norm,40,0.315916990816139
33764.44,ROW-min-ED(FPS),5983,5983,654571,0,nrmsd_norm,42,0.3163430182152709
33764.44,ROW-min-ED(FPS),5983,5983,654571,0,nrmsd_norm,44,0.3111127569169298
33764.44,ROW-min-ED(FPS),5983,8484,654571,0,nrmsd_norm,46,0.30542364320216486
33764.44,ROW-min-ED(FPS),5983,5983,654571,0,nrmsd_norm,48,0.3086015031938482
33764.44,ROW-min-ED(FPS),5983,5983,654571,0,nrmsd_norm,50,0.3041528818972047
33764.44,ROW-min-ED(FPS),5983,5982,654571,0,nrmsd_norm,55,0.309149266535497
33764.44,ROW-min-ED(FPS),5983,5982,654571,0,nrmsd_norm,60,0.30997880449842885
33764.44,ROW-min-ED(FPS),5983,8484,654571,0,nrmsd_norm,65,0.305972414074448
33764.44,ROW-min-ED(FPS),5983,8484,654571,0,nrmsd_norm,70,0.3110050577287927
33764.44,ROW-min-ED(FPS),5983,5982,654571,0,nrmsd_norm,75,0.30436666107388977
33764.44,ROW-min-ED(FPS),5983,5982,654571,0,nrmsd_norm,80,0.302985855968068
33764.44,ROW-min-ED(FPS),5983,5982,654571,0,nrmsd_norm,85,0.29829270791903106
33764.44,ROW-min-ED(FPS),5983,5982,654571,0,nrmsd_norm,90,0.3003873631781843
33764.44,ROW-min-ED(FPS),5983,5982,654571,0,nrmsd_norm,95,0.3032107491791824
33764.44,ROW-min-ED(FPS),5983,5982,654571,0,nrmsd_norm,100,0.2983695792108803
33764.44,ROW-min-ED(FPS),5983,8059,438878,0,nrmsd_norm,5,0.5676936410332909
33764.44,ROW-min-ED(FPS),5983,499,438878,0,nrmsd_norm,6,0.5264988476894855
33764.44,ROW-min-ED(FPS),5983,499,438878,0,nrmsd_norm,7,0.48763832772690197
33764.44,ROW-min-ED(FPS),5983,1186,438878,0,nrmsd_norm,8,0.4785695504893897
33764.44,ROW-min-ED(FPS),5983,1186,438878,0,nrmsd_norm,9,0.4048445811856101
33764.44,ROW-min-ED(FPS),5983,8484,438878,0,nrmsd_norm,10,0.3923619435176331
33764.44,ROW-min-ED(FPS),5983,8484,438878,0,nrmsd_norm,11,0.388573821247781
33764.44,ROW-min-ED(FPS),5983,7538,438878,0,nrmsd_norm,12,0.3939186121104375
33764.44,ROW-min-ED(FPS),5983,8484,438878,0,nrmsd_norm,13,0.37931407296679304
33764.44,ROW-min-ED(FPS),5983,8585,438878,0,nrmsd_norm,14,0.35963465901818176
33764.44,ROW-min-ED(FPS),5983,7538,438878,0,nrmsd_norm,15,0.34221331454613263
33764.44,ROW-min-ED(FPS),5983,8585,438878,0,nrmsd_norm,16,0.3294754563720092
33764.44,ROW-min-ED(FPS),5983,5982,438878,0,nrmsd_norm,17,0.32635543235466713
33764.44,ROW-min-ED(FPS),5983,11263,438878,0,nrmsd_norm,18,0.32221857537220466
33764.44,ROW-min-ED(FPS),5983,11263,438878,0,nrmsd_norm,19,0.31469874407586007
33764.44,ROW-min-ED(FPS),5983,169,438878,0,nrmsd_norm,20,0.3084741420327007
33764.44,ROW-min-ED(FPS),5983,169,438878,0,nrmsd_norm,22,0.32088079127058705
33764.44,ROW-min-ED(FPS),5983,169,438878,0,nrmsd_norm,24,0.3289440506758164
33764.44,ROW-min-ED(FPS),5983,169,438878,0,nrmsd_norm,26,0.33226872218335435
33764.44,ROW-min-ED(FPS),5983,11263,438878,0,nrmsd_norm,28,0.3236687667274858
33764.44,ROW-min-ED(FPS),5983,169,438878,0,nrmsd_norm,30,0.3184633801138839
33764.44,ROW-min-ED(FPS),5983,169,438878,0,nrmsd_norm,32,0.3122676558919574
33764.44,ROW-min-ED(FPS),5983,11263,438878,0,nrmsd_norm,34,0.3010995510526648
33764.44,ROW-min-ED(FPS),5983,3305,438878,0,nrmsd_norm,36,0.31218906282036746
33764.44,ROW-min-ED(FPS),5983,3305,438878,0,nrmsd_norm,38,0.3013365789883459
33764.44,ROW-min-ED(FPS),5983,5982,438878,0,nrmsd_norm,40,0.29897073891263065
33764.44,ROW-min-ED(FPS),5983,3305,438878,0,nrmsd_norm,42,0.3002365169710185
33764.44,ROW-min-ED(FPS),5983,5982,438878,0,nrmsd_norm,44,0.29904223826752124
33764.44,ROW-min-ED(FPS),5983,11263,438878,0,nrmsd_norm,46,0.2938965455240618
33764.44,ROW-min-ED(FPS),5983,11263,438878,0,nrmsd_norm,48,0.29776143919530745
33764.44,ROW-min-ED(FPS),5983,11263,438878,0,nrmsd_norm,50,0.2940461908029323
33764.44,ROW-min-ED(FPS),5983,11263,438878,0,nrmsd_norm,55,0.30415702659107385
33764.44,ROW-min-ED(FPS),5983,11263,438878,0,nrmsd_norm,60,0.3082203563677052
33764.44,ROW-min-ED(FPS),5983,5985,438878,0,nrmsd_norm,65,0.3086537784604465
33764.44,ROW-min-ED(FPS),5983,11263,438878,0,nrmsd_norm,70,0.31320137632281525
33764.44,ROW-min-ED(FPS),5983,5983,438878,0,nrmsd_norm,75,0.3081841143550163
33764.44,ROW-min-ED(FPS),5983,5983,438878,0,nrmsd_norm,80,0.30498134274075933
33764.44,ROW-min-ED(FPS),5983,5987,438878,0,nrmsd_norm,85,0.2986794193456532
33764.44,ROW-min-ED(FPS),5983,5982,438878,0,nrmsd_norm,90,0.3029488107021743
33764.44,ROW-min-ED(FPS),5983,5982,438878,0,nrmsd_norm,95,0.30440421034247034
33764.44,ROW-min-ED(FPS),5983,5982,438878,0,nrmsd_norm,100,0.3012358348930638
33764.44,ROW-min-ED(FPS),5983,12188,433015,0,nrmsd_norm,5,0.5650386665498461
33764.44,ROW-min-ED(FPS),5983,7273,433015,0,nrmsd_norm,6,0.5056449485853951
33764.44,ROW-min-ED(FPS),5983,6354,433015,0,nrmsd_norm,7,0.4526901586421988
33764.44,ROW-min-ED(FPS),5983,9124,433015,0,nrmsd_norm,8,0.4562552301021069
33764.44,ROW-min-ED(FPS),5983,9124,433015,0,nrmsd_norm,9,0.39562644471060704
33764.44,ROW-min-ED(FPS),5983,5983,433015,0,nrmsd_norm,10,0.3659385745341927
33764.44,ROW-min-ED(FPS),5983,5983,433015,0,nrmsd_norm,11,0.37152011114063455
33764.44,ROW-min-ED(FPS),5983,5983,433015,0,nrmsd_norm,12,0.38284233342432406
33764.44,ROW-min-ED(FPS),5983,5983,433015,0,nrmsd_norm,13,0.35457843051494947
33764.44,ROW-min-ED(FPS),5983,8484,433015,0,nrmsd_norm,14,0.3401594613110235
33764.44,ROW-min-ED(FPS),5983,8484,433015,0,nrmsd_norm,15,0.3365928210794488
33764.44,ROW-min-ED(FPS),5983,5982,433015,0,nrmsd_norm,16,0.32490301346353273
33764.44,ROW-min-ED(FPS),5983,5982,433015,0,nrmsd_norm,17,0.3203494201945369
33764.44,ROW-min-ED(FPS),5983,5982,433015,0,nrmsd_norm,18,0.312954442186864
33764.44,ROW-min-ED(FPS),5983,5982,433015,0,nrmsd_norm,19,0.3069018664669199
33764.44,ROW-min-ED(FPS),5983,7538,433015,0,nrmsd_norm,20,0.2994567471503282
33764.44,ROW-min-ED(FPS),5983,5983,433015,0,nrmsd_norm,22,0.31971373237970735
33764.44,ROW-min-ED(FPS),5983,7537,433015,0,nrmsd_norm,24,0.3248147731961849
33764.44,ROW-min-ED(FPS),5983,10618,433015,0,nrmsd_norm,26,0.33165991896735225
33764.44,ROW-min-ED(FPS),5983,10618,433015,0,nrmsd_norm,28,0.3238626210560631
33764.44,ROW-min-ED(FPS),5983,7537,433015,0,nrmsd_norm,30,0.3190146613103547
33764.44,ROW-min-ED(FPS),5983,5983,433015,0,nrmsd_norm,32,0.31329130589236714
33764.44,ROW-min-ED(FPS),5983,5983,433015,0,nrmsd_norm,34,0.30469388224497923
33764.44,ROW-min-ED(FPS),5983,5983,433015,0,nrmsd_norm,36,0.3104499689846304
33764.44,ROW-min-ED(FPS),5983,10618,433015,0,nrmsd_norm,38,0.2987409031994816
33764.44,ROW-min-ED(FPS),5983,10618,433015,0,nrmsd_norm,40,0.2972426738301126
33764.44,ROW-min-ED(FPS),5983,10618,433015,0,nrmsd_norm,42,0.2977908869971207
33764.44,ROW-min-ED(FPS),5983,10618,433015,0,nrmsd_norm,44,0.29181058930466336
33764.44,ROW-min-ED(FPS),5983,5983,433015,0,nrmsd_norm,46,0.2877045069223441
33764.44,ROW-min-ED(FPS),5983,5983,433015,0,nrmsd_norm,48,0.2917126924447383
33764.44,ROW-min-ED(FPS),5983,5983,433015,0,nrmsd_norm,50,0.2851216703665217
33764.44,ROW-min-ED(FPS),5983,7537,433015,0,nrmsd_norm,55,0.2974269617634331
33764.44,ROW-min-ED(FPS),5983,7537,433015,0,nrmsd_norm,60,0.29857812831746683
33764.44,ROW-min-ED(FPS),5983,7537,433015,0,nrmsd_norm,65,0.3019222679889451
33764.44,ROW-min-ED(FPS),5983,7537,433015,0,nrmsd_norm,70,0.30495708974565927
33764.44,ROW-min-ED(FPS),5983,7537,433015,0,nrmsd_norm,75,0.30298210187943364
33764.44,ROW-min-ED(FPS),5983,5983,433015,0,nrmsd_norm,80,0.30396582416316287
33764.44,ROW-min-ED(FPS),5983,7537,433015,0,nrmsd_norm,85,0.2976443701354297
33764.44,ROW-min-ED(FPS),5983,7537,433015,0,nrmsd_norm,90,0.30042845426741105
33764.44,ROW-min-ED(FPS),5983,7537,433015,0,nrmsd_norm,95,0.30273546613361774
33764.44,ROW-min-ED(FPS),5983,7537,433015,0,nrmsd_norm,100,0.2995415754073763
33764.44,ROW-min-ED(FPS),5983,11502,858597,0,nrmsd_norm,5,0.5673286505255817
33764.44,ROW-min-ED(FPS),5983,10116,858597,0,nrmsd_norm,6,0.5278086237930734
33764.44,ROW-min-ED(FPS),5983,1242,858597,0,nrmsd_norm,7,0.47205077259212497
33764.44,ROW-min-ED(FPS),5983,1242,858597,0,nrmsd_norm,8,0.4631155765867237
33764.44,ROW-min-ED(FPS),5983,1242,858597,0,nrmsd_norm,9,0.38612726126366104
33764.44,ROW-min-ED(FPS),5983,6671,858597,0,nrmsd_norm,10,0.35881991631499444
33764.44,ROW-min-ED(FPS),5983,4084,858597,0,nrmsd_norm,11,0.3535096751760461
33764.44,ROW-min-ED(FPS),5983,4084,858597,0,nrmsd_norm,12,0.3653775172829343
33764.44,ROW-min-ED(FPS),5983,5987,858597,0,nrmsd_norm,13,0.3417617253279061
33764.44,ROW-min-ED(FPS),5983,7537,858597,0,nrmsd_norm,14,0.32840621071724513
33764.44,ROW-min-ED(FPS),5983,3305,858597,0,nrmsd_norm,15,0.3504106340428181
33764.44,ROW-min-ED(FPS),5983,5983,858597,0,nrmsd_norm,16,0.34047837603491665
33764.44,ROW-min-ED(FPS),5983,8484,858597,0,nrmsd_norm,17,0.331052816538637
33764.44,ROW-min-ED(FPS),5983,10618,858597,0,nrmsd_norm,18,0.32473028562207706
33764.44,ROW-min-ED(FPS),5983,10618,858597,0,nrmsd_norm,19,0.31970057224743925
33764.44,ROW-min-ED(FPS),5983,10618,858597,0,nrmsd_norm,20,0.31420092126016935
33764.44,ROW-min-ED(FPS),5983,7538,858597,0,nrmsd_norm,22,0.3342566370144226
33764.44,ROW-min-ED(FPS),5983,4717,858597,0,nrmsd_norm,24,0.32553297741341464
33764.44,ROW-min-ED(FPS),5983,12327,858597,0,nrmsd_norm,26,0.3253507185147201
33764.44,ROW-min-ED(FPS),5983,4717,858597,0,nrmsd_norm,28,0.3168751065320876
33764.44,ROW-min-ED(FPS),5983,7538,858597,0,nrmsd_norm,30,0.31107317143823915
33764.44,ROW-min-ED(FPS),5983,10618,858597,0,nrmsd_norm,32,0.3054299833916903
33764.44,ROW-min-ED(FPS),5983,10618,858597,0,nrmsd_norm,34,0.3008961986827069
33764.44,ROW-min-ED(FPS),5983,10618,858597,0,nrmsd_norm,36,0.3075477568761841
33764.44,ROW-min-ED(FPS),5983,10618,858597,0,nrmsd_norm,38,0.30126799455757053
33764.44,ROW-min-ED(FPS),5983,10618,858597,0,nrmsd_norm,40,0.29795963445044177
33764.44,ROW-min-ED(FPS),5983,8484,858597,0,nrmsd_norm,42,0.29842175074417016
33764.44,ROW-min-ED(FPS),5983,8484,858597,0,nrmsd_norm,44,0.2925709216038033
33764.44,ROW-min-ED(FPS),5983,5983,858597,0,nrmsd_norm,46,0.287699957788518
33764.44,ROW-min-ED(FPS),5983,5983,858597,0,nrmsd_norm,48,0.2905088476939108
33764.44,ROW-min-ED(FPS),5983,12461,858597,0,nrmsd_norm,50,0.2865491710823692
33764.44,ROW-min-ED(FPS),5983,12461,858597,0,nrmsd_norm,55,0.29923047913781026
33764.44,ROW-min-ED(FPS),5983,5983,858597,0,nrmsd_norm,60,0.30228338727540094
33764.44,ROW-min-ED(FPS),5983,5983,858597,0,nrmsd_norm,65,0.30135033646828024
33764.44,ROW-min-ED(FPS),5983,5983,858597,0,nrmsd_norm,70,0.3054385479092452
33764.44,ROW-min-ED(FPS),5983,5983,858597,0,nrmsd_norm,75,0.2986741479103519
33764.44,ROW-min-ED(FPS),5983,7537,858597,0,nrmsd_norm,80,0.29930851226424965
33764.44,ROW-min-ED(FPS),5983,7537,858597,0,nrmsd_norm,85,0.2928885886573792
33764.44,ROW-min-ED(FPS),5983,7537,858597,0,nrmsd_norm,90,0.29645080577427907
33764.44,ROW-min-ED(FPS),5983,7537,858597,0,nrmsd_norm,95,0.2999255882739097
33764.44,ROW-min-ED(FPS),5983,7537,858597,0,nrmsd_norm,100,0.2966826012894387
33764.44,ROW-min-ED(FPS),5983,12352,85945,0,nrmsd_norm,5,0.5614452266980656
33764.44,ROW-min-ED(FPS),5983,11074,85945,0,nrmsd_norm,6,0.5209569245410032
33764.44,ROW-min-ED(FPS),5983,492,85945,0,nrmsd_norm,7,0.4630065553449858
33764.44,ROW-min-ED(FPS),5983,5987,85945,0,nrmsd_norm,8,0.45616519393867955
33764.44,ROW-min-ED(FPS),5983,5987,85945,0,nrmsd_norm,9,0.3905554144612624
33764.44,ROW-min-ED(FPS),5983,5987,85945,0,nrmsd_norm,10,0.36256665868614674
33764.44,ROW-min-ED(FPS),5983,5985,85945,0,nrmsd_norm,11,0.35957798882057207
33764.44,ROW-min-ED(FPS),5983,5985,85945,0,nrmsd_norm,12,0.3677549858673592
33764.44,ROW-min-ED(FPS),5983,5959,85945,0,nrmsd_norm,13,0.3454027323996984
33764.44,ROW-min-ED(FPS),5983,9149,85945,0,nrmsd_norm,14,0.33983918381354256
33764.44,ROW-min-ED(FPS),5983,9149,85945,0,nrmsd_norm,15,0.3433283800299383
33764.44,ROW-min-ED(FPS),5983,7537,85945,0,nrmsd_norm,16,0.3364515487631018
33764.44,ROW-min-ED(FPS),5983,5987,85945,0,nrmsd_norm,17,0.3293185169064924
33764.44,ROW-min-ED(FPS),5983,5987,85945,0,nrmsd_norm,18,0.321215495721823
33764.44,ROW-min-ED(FPS),5983,5987,85945,0,nrmsd_norm,19,0.3155393198509017
33764.44,ROW-min-ED(FPS),5983,7537,85945,0,nrmsd_norm,20,0.30757586690818217
33764.44,ROW-min-ED(FPS),5983,12461,85945,0,nrmsd_norm,22,0.32162991429969956
33764.44,ROW-min-ED(FPS),5983,12461,85945,0,nrmsd_norm,24,0.32370878080027765
33764.44,ROW-min-ED(FPS),5983,12461,85945,0,nrmsd_norm,26,0.3310739984771329
33764.44,ROW-min-ED(FPS),5983,12461,85945,0,nrmsd_norm,28,0.3236835443671286
33764.44,ROW-min-ED(FPS),5983,12461,85945,0,nrmsd_norm,30,0.3188759978571311
33764.44,ROW-min-ED(FPS),5983,5983,85945,0,nrmsd_norm,32,0.3139630810599349
33764.44,ROW-min-ED(FPS),5983,5983,85945,0,nrmsd_norm,34,0.30922400565654623
33764.44,ROW-min-ED(FPS),5983,5983,85945,0,nrmsd_norm,36,0.3132950009173257
33764.44,ROW-min-ED(FPS),5983,5983,85945,0,nrmsd_norm,38,0.30296927847728405
33764.44,ROW-min-ED(FPS),5983,5983,85945,0,nrmsd_norm,40,0.29969026207101385
33764.44,ROW-min-ED(FPS),5983,5983,85945,0,nrmsd_norm,42,0.2997508414478495
33764.44,ROW-min-ED(FPS),5983,12461,85945,0,nrmsd_norm,44,0.2959529900743151
33764.44,ROW-min-ED(FPS),5983,12461,85945,0,nrmsd_norm,46,0.2917237822746211
33764.44,ROW-min-ED(FPS),5983,12461,85945,0,nrmsd_norm,48,0.29581351407848877
33764.44,ROW-min-ED(FPS),5983,12461,85945,0,nrmsd_norm,50,0.2903084690930809
33764.44,ROW-min-ED(FPS),5983,5983,85945,0,nrmsd_norm,55,0.30075529598711775
33764.44,ROW-min-ED(FPS),5983,5983,85945,0,nrmsd_norm,60,0.30194195906069327
33764.44,ROW-min-ED(FPS),5983,7537,85945,0,nrmsd_norm,65,0.2987286818272095
33764.44,ROW-min-ED(FPS),5983,7537,85945,0,nrmsd_norm,70,0.30230299868083677
33764.44,ROW-min-ED(FPS),5983,7537,85945,0,nrmsd_norm,75,0.3009945703407952
33764.44,ROW-min-ED(FPS),5983,7537,85945,0,nrmsd_norm,80,0.29925415868608113
33764.44,ROW-min-ED(FPS),5983,12461,85945,0,nrmsd_norm,85,0.29459231560345606
33764.44,ROW-min-ED(FPS),5983,5983,85945,0,nrmsd_norm,90,0.29791492052548035
33764.44,ROW-min-ED(FPS),5983,5983,85945,0,nrmsd_norm,95,0.30005433404345233
33764.44,ROW-min-ED(FPS),5983,5983,85945,0,nrmsd_norm,100,0.29703009700406585
33764.44,ROW-min-ED(FPS),5983,1040,697368,0,nrmsd_norm,5,0.5489848541079346
33764.44,ROW-min-ED(FPS),5983,4733,697368,0,nrmsd_norm,6,0.4979576915476125
33764.44,ROW-min-ED(FPS),5983,4733,697368,0,nrmsd_norm,7,0.4540724485473839
33764.44,ROW-min-ED(FPS),5983,4733,697368,0,nrmsd_norm,8,0.45206822543640207
33764.44,ROW-min-ED(FPS),5983,5979,697368,0,nrmsd_norm,9,0.38379665544573377
33764.44,ROW-min-ED(FPS),5983,756,697368,0,nrmsd_norm,10,0.3675044630922031
33764.44,ROW-min-ED(FPS),5983,756,697368,0,nrmsd_norm,11,0.3714160250397124
33764.44,ROW-min-ED(FPS),5983,756,697368,0,nrmsd_norm,12,0.3776348987220429
33764.44,ROW-min-ED(FPS),5983,2780,697368,0,nrmsd_norm,13,0.3630522912061985
33764.44,ROW-min-ED(FPS),5983,2780,697368,0,nrmsd_norm,14,0.35875377098900824
33764.44,ROW-min-ED(FPS),5983,2780,697368,0,nrmsd_norm,15,0.3402890913766612
33764.44,ROW-min-ED(FPS),5983,2780,697368,0,nrmsd_norm,16,0.3292958695776765
33764.44,ROW-min-ED(FPS),5983,8484,697368,0,nrmsd_norm,17,0.32538759722887695
33764.44,ROW-min-ED(FPS),5983,10618,697368,0,nrmsd_norm,18,0.31364429323641096
33764.44,ROW-min-ED(FPS),5983,10618,697368,0,nrmsd_norm,19,0.30717533037000433
33764.44,ROW-min-ED(FPS),5983,10618,697368,0,nrmsd_norm,20,0.3001385052760962
33764.44,ROW-min-ED(FPS),5983,10618,697368,0,nrmsd_norm,22,0.31091535377490953
33764.44,ROW-min-ED(FPS),5983,10618,697368,0,nrmsd_norm,24,0.31397569494520916
33764.44,ROW-min-ED(FPS),5983,7537,697368,0,nrmsd_norm,26,0.31742120370614235
33764.44,ROW-min-ED(FPS),5983,7537,697368,0,nrmsd_norm,28,0.312956143917602
33764.44,ROW-min-ED(FPS),5983,7537,697368,0,nrmsd_norm,30,0.3077968371518441
33764.44,ROW-min-ED(FPS),5983,7537,697368,0,nrmsd_norm,32,0.30352535296009625
33764.44,ROW-min-ED(FPS),5983,7537,697368,0,nrmsd_norm,34,0.3015419113511658
33764.44,ROW-min-ED(FPS),5983,7537,697368,0,nrmsd_norm,36,0.3107924554318551
33764.44,ROW-min-ED(FPS),5983,7537,697368,0,nrmsd_norm,38,0.3024905379714742
33764.44,ROW-min-ED(FPS),5983,5983,697368,0,nrmsd_norm,40,0.301451424826391
33764.44,ROW-min-ED(FPS),5983,5983,697368,0,nrmsd_norm,42,0.3026731609769302
33764.44,ROW-min-ED(FPS),5983,5983,697368,0,nrmsd_norm,44,0.2945358605258228
33764.44,ROW-min-ED(FPS),5983,5987,697368,0,nrmsd_norm,46,0.28980777901888916
33764.44,ROW-min-ED(FPS),5983,5987,697368,0,nrmsd_norm,48,0.2942950281338246
33764.44,ROW-min-ED(FPS),5983,5987,697368,0,nrmsd_norm,50,0.28884175157319886
33764.44,ROW-min-ED(FPS),5983,5987,697368,0,nrmsd_norm,55,0.299594312242209
33764.44,ROW-min-ED(FPS),5983,5987,697368,0,nrmsd_norm,60,0.2985386141957346
33764.44,ROW-min-ED(FPS),5983,5987,697368,0,nrmsd_norm,65,0.3002898064960746
33764.44,ROW-min-ED(FPS),5983,5987,697368,0,nrmsd_norm,70,0.3029062263333072
33764.44,ROW-min-ED(FPS),5983,5987,697368,0,nrmsd_norm,75,0.29863342663179154
33764.44,ROW-min-ED(FPS),5983,5987,697368,0,nrmsd_norm,80,0.30071837094109527
33764.44,ROW-min-ED(FPS),5983,5987,697368,0,nrmsd_norm,85,0.29481778271528697
33764.44,ROW-min-ED(FPS),5983,5987,697368,0,nrmsd_norm,90,0.29894690033853827
33764.44,ROW-min-ED(FPS),5983,5987,697368,0,nrmsd_norm,95,0.30188460620932595
33764.44,ROW-min-ED(FPS),5983,5987,697368,0,nrmsd_norm,100,0.2985304414108582
33764.44,ROW-min-ED(FPS),5983,3213,201469,0,nrmsd_norm,5,0.5548377380197106
33764.44,ROW-min-ED(FPS),5983,10215,201469,0,nrmsd_norm,6,0.5171479483442084
33764.44,ROW-min-ED(FPS),5983,10215,201469,0,nrmsd_norm,7,0.4839633549977143
33764.44,ROW-min-ED(FPS),5983,10215,201469,0,nrmsd_norm,8,0.4819815823885562
33764.44,ROW-min-ED(FPS),5983,1186,201469,0,nrmsd_norm,9,0.39148224019716793
33764.44,ROW-min-ED(FPS),5983,7259,201469,0,nrmsd_norm,10,0.36046107289695983
33764.44,ROW-min-ED(FPS),5983,4505,201469,0,nrmsd_norm,11,0.3607057982764927
33764.44,ROW-min-ED(FPS),5983,4505,201469,0,nrmsd_norm,12,0.3668354797970331
33764.44,ROW-min-ED(FPS),5983,12327,201469,0,nrmsd_norm,13,0.35660810722418
33764.44,ROW-min-ED(FPS),5983,12327,201469,0,nrmsd_norm,14,0.3443244012102845
33764.44,ROW-min-ED(FPS),5983,12327,201469,0,nrmsd_norm,15,0.3321254476087159
33764.44,ROW-min-ED(FPS),5983,4505,201469,0,nrmsd_norm,16,0.3197086971874116
33764.44,ROW-min-ED(FPS),5983,12327,201469,0,nrmsd_norm,17,0.31491648358018126
33764.44,ROW-min-ED(FPS),5983,4717,201469,0,nrmsd_norm,18,0.30538582435979017
33764.44,ROW-min-ED(FPS),5983,5957,201469,0,nrmsd_norm,19,0.30034624014442474
33764.44,ROW-min-ED(FPS),5983,5957,201469,0,nrmsd_norm,20,0.29495195619955666
33764.44,ROW-min-ED(FPS),5983,7538,201469,0,nrmsd_norm,22,0.3184357488868213
33764.44,ROW-min-ED(FPS),5983,7538,201469,0,nrmsd_norm,24,0.32769259376534476
33764.44,ROW-min-ED(FPS),5983,7538,201469,0,nrmsd_norm,26,0.3287789120653075
33764.44,ROW-min-ED(FPS),5983,7538,201469,0,nrmsd_norm,28,0.3218631106828831
33764.44,ROW-min-ED(FPS),5983,7538,201469,0,nrmsd_norm,30,0.3167901711148213
33764.44,ROW-min-ED(FPS),5983,7538,201469,0,nrmsd_norm,32,0.3132596417532331
33764.44,ROW-min-ED(FPS),5983,7538,201469,0,nrmsd_norm,34,0.30736653595469166
33764.44,ROW-min-ED(FPS),5983,7538,201469,0,nrmsd_norm,36,0.3134105628766962
33764.44,ROW-min-ED(FPS),5983,7538,201469,0,nrmsd_norm,38,0.3024407030185655
33764.44,ROW-min-ED(FPS),5983,7538,201469,0,nrmsd_norm,40,0.30205150844138506
33764.44,ROW-min-ED(FPS),5983,7538,201469,0,nrmsd_norm,42,0.30293566496053875
33764.44,ROW-min-ED(FPS),5983,7538,201469,0,nrmsd_norm,44,0.2960415432121934
33764.44,ROW-min-ED(FPS),5983,7538,201469,0,nrmsd_norm,46,0.29022293088292234
33764.44,ROW-min-ED(FPS),5983,7538,201469,0,nrmsd_norm,48,0.29433675184112584
33764.44,ROW-min-ED(FPS),5983,7538,201469,0,nrmsd_norm,50,0.2898837815007401
33764.44,ROW-min-ED(FPS),5983,2780,201469,0,nrmsd_norm,55,0.30081764509262543
33764.44,ROW-min-ED(FPS),5983,2780,201469,0,nrmsd_norm,60,0.3114650116372293
33764.44,ROW-min-ED(FPS),5983,8484,201469,0,nrmsd_norm,65,0.3160736702780564
33764.44,ROW-min-ED(FPS),5983,8484,201469,0,nrmsd_norm,70,0.3210895164750607
33764.44,ROW-min-ED(FPS),5983,8484,201469,0,nrmsd_norm,75,0.31278219290352777
33764.44,ROW-min-ED(FPS),5983,499,201469,0,nrmsd_norm,80,0.3120418825364666
33764.44,ROW-min-ED(FPS),5983,5983,201469,0,nrmsd_norm,85,0.3067549388719167
33764.44,ROW-min-ED(FPS),5983,499,201469,0,nrmsd_norm,90,0.3057527337735282
33764.44,ROW-min-ED(FPS),5983,499,201469,0,nrmsd_norm,95,0.3091537826830187
33764.44,ROW-min-ED(FPS),5983,499,201469,0,nrmsd_norm,100,0.30453942355050134
33764.44,ROW-min-ED(FPS),5983,5987,94177,0,nrmsd_norm,5,0.5610061668445979
33764.44,ROW-min-ED(FPS),5983,12461,94177,0,nrmsd_norm,6,0.5176824683299593
33764.44,ROW-min-ED(FPS),5983,12461,94177,0,nrmsd_norm,7,0.4616992809661052
33764.44,ROW-min-ED(FPS),5983,4084,94177,0,nrmsd_norm,8,0.4562139555198236
33764.44,ROW-min-ED(FPS),5983,12461,94177,0,nrmsd_norm,9,0.40445670291414143
33764.44,ROW-min-ED(FPS),5983,12461,94177,0,nrmsd_norm,10,0.3806776433993454
33764.44,ROW-min-ED(FPS),5983,12461,94177,0,nrmsd_norm,11,0.37907155917097196
33764.44,ROW-min-ED(FPS),5983,12461,94177,0,nrmsd_norm,12,0.3893687510438626
33764.44,ROW-min-ED(FPS),5983,12461,94177,0,nrmsd_norm,13,0.36903671954330086
33764.44,ROW-min-ED(FPS),5983,12461,94177,0,nrmsd_norm,14,0.3563073805822476
33764.44,ROW-min-ED(FPS),5983,12461,94177,0,nrmsd_norm,15,0.3449119983419433
33764.44,ROW-min-ED(FPS),5983,12461,94177,0,nrmsd_norm,16,0.3343529402103507
33764.44,ROW-min-ED(FPS),5983,12461,94177,0,nrmsd_norm,17,0.3275163938812928
33764.44,ROW-min-ED(FPS),5983,12461,94177,0,nrmsd_norm,18,0.321356737969089
33764.44,ROW-min-ED(FPS),5983,12461,94177,0,nrmsd_norm,19,0.31470780754558564
33764.44,ROW-min-ED(FPS),5983,7537,94177,0,nrmsd_norm,20,0.3058638960924463
33764.44,ROW-min-ED(FPS),5983,7537,94177,0,nrmsd_norm,22,0.31343727099868934
33764.44,ROW-min-ED(FPS),5983,7537,94177,0,nrmsd_norm,24,0.3172262571823628
33764.44,ROW-min-ED(FPS),5983,2483,94177,0,nrmsd_norm,26,0.32461915788205564
33764.44,ROW-min-ED(FPS),5983,2483,94177,0,nrmsd_norm,28,0.3178642140386067
33764.44,ROW-min-ED(FPS),5983,2483,94177,0,nrmsd_norm,30,0.3131544011539574
33764.44,ROW-min-ED(FPS),5983,7564,94177,0,nrmsd_norm,32,0.3096126590390302
33764.44,ROW-min-ED(FPS),5983,2483,94177,0,nrmsd_norm,34,0.3037576456991124
33764.44,ROW-min-ED(FPS),5983,2483,94177,0,nrmsd_norm,36,0.3103889320887173
33764.44,ROW-min-ED(FPS),5983,7537,94177,0,nrmsd_norm,38,0.3044203163819774
33764.44,ROW-min-ED(FPS),5983,7537,94177,0,nrmsd_norm,40,0.30288633075857
33764.44,ROW-min-ED(FPS),5983,5983,94177,0,nrmsd_norm,42,0.303661795558743
33764.44,ROW-min-ED(FPS),5983,12461,94177,0,nrmsd_norm,44,0.29761458826508325
33764.44,ROW-min-ED(FPS),5983,12461,94177,0,nrmsd_norm,46,0.2928340656031122
33764.44,ROW-min-ED(FPS),5983,12461,94177,0,nrmsd_norm,48,0.2960650983492116
33764.44,ROW-min-ED(FPS),5983,12461,94177,0,nrmsd_norm,50,0.2908954805108921
33764.44,ROW-min-ED(FPS),5983,12461,94177,0,nrmsd_norm,55,0.3001776956357959
33764.44,ROW-min-ED(FPS),5983,12461,94177,0,nrmsd_norm,60,0.3035389054370776
33764.44,ROW-min-ED(FPS),5983,12461,94177,0,nrmsd_norm,65,0.30909235190365064
33764.44,ROW-min-ED(FPS),5983,12461,94177,0,nrmsd_norm,70,0.31278228072878755
33764.44,ROW-min-ED(FPS),5983,12461,94177,0,nrmsd_norm,75,0.30920704726440446
33764.44,ROW-min-ED(FPS),5983,5987,94177,0,nrmsd_norm,80,0.307311828327799
33764.44,ROW-min-ED(FPS),5983,12461,94177,0,nrmsd_norm,85,0.30029636534739895
33764.44,ROW-min-ED(FPS),5983,5983,94177,0,nrmsd_norm,90,0.3029033894552008
33764.44,ROW-min-ED(FPS),5983,12461,94177,0,nrmsd_norm,95,0.30762415012403427
33764.44,ROW-min-ED(FPS),5983,12461,94177,0,nrmsd_norm,100,0.3034192988766172
33764.44,COL-mean-ED,5983,3702,89250,0,nrmsd_norm,5,0.6990724786695919
33764.44,COL-mean-ED,5983,2200,89250,0,nrmsd_norm,6,0.7496828969389099
33764.44,COL-mean-ED,5983,9671,89250,0,nrmsd_norm,7,0.7567306819701658
33764.44,COL-mean-ED,5983,3621,89250,0,nrmsd_norm,8,0.7500261370783105
33764.44,COL-mean-ED,5983,11114,89250,0,nrmsd_norm,9,0.7509331883784808
33764.44,COL-mean-ED,5983,11114,89250,0,nrmsd_norm,10,0.7815117487089729
33764.44,COL-mean-ED,5983,11114,89250,0,nrmsd_norm,11,0.7732138191911759
33764.44,COL-mean-ED,5983,6589,89250,0,nrmsd_norm,12,0.7612345594007079
33764.44,COL-mean-ED,5983,1714,89250,0,nrmsd_norm,13,0.7400928636677875
33764.44,COL-mean-ED,5983,1714,89250,0,nrmsd_norm,14,0.7408370081649226
33764.44,COL-mean-ED,5983,1714,89250,0,nrmsd_norm,15,0.7430914033414827
33764.44,COL-mean-ED,5983,1714,89250,0,nrmsd_norm,16,0.7636535918148775
33764.44,COL-mean-ED,5983,1714,89250,0,nrmsd_norm,17,0.7589616634912052
33764.44,COL-mean-ED,5983,6523,89250,0,nrmsd_norm,18,0.7530976156095489
33764.44,COL-mean-ED,5983,6208,89250,0,nrmsd_norm,19,0.752694293652353
33764.44,COL-mean-ED,5983,11952,89250,0,nrmsd_norm,20,0.7619502163766028
33764.44,COL-mean-ED,5983,11213,89250,0,nrmsd_norm,22,0.7509669103089951
33764.44,COL-mean-ED,5983,11213,89250,0,nrmsd_norm,24,0.7558346701246209
33764.44,COL-mean-ED,5983,11213,89250,0,nrmsd_norm,26,0.7658662147094029
33764.44,COL-mean-ED,5983,11213,89250,0,nrmsd_norm,28,0.7571716229160305
33764.44,COL-mean-ED,5983,11213,89250,0,nrmsd_norm,30,0.7568266133850176
33764.44,COL-mean-ED,5983,2104,89250,0,nrmsd_norm,32,0.7497131447673021
33764.44,COL-mean-ED,5983,12461,89250,0,nrmsd_norm,34,0.748865082347746
33764.44,COL-mean-ED,5983,2104,89250,0,nrmsd_norm,36,0.7577660795268668
33764.44,COL-mean-ED,5983,12461,89250,0,nrmsd_norm,38,0.7595420870087667
33764.44,COL-mean-ED,5983,12461,89250,0,nrmsd_norm,40,0.759262987713896
33764.44,COL-mean-ED,5983,6728,89250,0,nrmsd_norm,42,0.7590225396852971
33764.44,COL-mean-ED,5983,6728,89250,0,nrmsd_norm,44,0.7609523786371518
33764.44,COL-mean-ED,5983,6728,89250,0,nrmsd_norm,46,0.7612152184617054
33764.44,COL-mean-ED,5983,6723,89250,0,nrmsd_norm,48,0.7551086190968966
33764.44,COL-mean-ED,5983,6723,89250,0,nrmsd_norm,50,0.7510409715573251
33764.44,COL-mean-ED,5983,4542,89250,0,nrmsd_norm,55,0.7521762898801413
33764.44,COL-mean-ED,5983,3029,89250,0,nrmsd_norm,60,0.7525415459497854
33764.44,COL-mean-ED,5983,9795,89250,0,nrmsd_norm,65,0.7526157789460436
33764.44,COL-mean-ED,5983,9795,89250,0,nrmsd_norm,70,0.7465085628314299
33764.44,COL-mean-ED,5983,9795,89250,0,nrmsd_norm,75,0.7484842730941915
33764.44,COL-mean-ED,5983,6728,89250,0,nrmsd_norm,80,0.7403421896267011
33764.44,COL-mean-ED,5983,6728,89250,0,nrmsd_norm,85,0.7332963099346825
33764.44,COL-mean-ED,5983,9795,89250,0,nrmsd_norm,90,0.7351111231852342
33764.44,COL-mean-ED,5983,9795,89250,0,nrmsd_norm,95,0.7288934162941659
33764.44,COL-mean-ED,5983,9795,89250,0,nrmsd_norm,100,0.7337279033450482
33764.44,COL-mean-ED,5983,5240,773956,0,nrmsd_norm,5,0.7391869951012838
33764.44,COL-mean-ED,5983,12468,773956,0,nrmsd_norm,6,0.7728241362062299
33764.44,COL-mean-ED,5983,4225,773956,0,nrmsd_norm,7,0.7813757559958008
33764.44,COL-mean-ED,5983,3702,773956,0,nrmsd_norm,8,0.780113340605425
33764.44,COL-mean-ED,5983,3702,773956,0,nrmsd_norm,9,0.7773850783657537
33764.44,COL-mean-ED,5983,6758,773956,0,nrmsd_norm,10,0.7924714798721356
33764.44,COL-mean-ED,5983,10035,773956,0,nrmsd_norm,11,0.7852365210460366
33764.44,COL-mean-ED,5983,3404,773956,0,nrmsd_norm,12,0.758600650578154
33764.44,COL-mean-ED,5983,5913,773956,0,nrmsd_norm,13,0.7118941619690237
33764.44,COL-mean-ED,5983,5913,773956,0,nrmsd_norm,14,0.7172564335952153
33764.44,COL-mean-ED,5983,5913,773956,0,nrmsd_norm,15,0.7199911993786393
33764.44,COL-mean-ED,5983,5913,773956,0,nrmsd_norm,16,0.7402650406449819
33764.44,COL-mean-ED,5983,5913,773956,0,nrmsd_norm,17,0.7403410261540597
33764.44,COL-mean-ED,5983,6217,773956,0,nrmsd_norm,18,0.7351839415544146
33764.44,COL-mean-ED,5983,6217,773956,0,nrmsd_norm,19,0.7283740320266804
33764.44,COL-mean-ED,5983,11184,773956,0,nrmsd_norm,20,0.7304270026732336
33764.44,COL-mean-ED,5983,11184,773956,0,nrmsd_norm,22,0.711076980044448
33764.44,COL-mean-ED,5983,11502,773956,0,nrmsd_norm,24,0.7165646465525758
33764.44,COL-mean-ED,5983,11184,773956,0,nrmsd_norm,26,0.7311716076125798
33764.44,COL-mean-ED,5983,11184,773956,0,nrmsd_norm,28,0.7261138857425131
33764.44,COL-mean-ED,5983,11184,773956,0,nrmsd_norm,30,0.7271009268460463
33764.44,COL-mean-ED,5983,11184,773956,0,nrmsd_norm,32,0.7193789531346139
33764.44,COL-mean-ED,5983,11184,773956,0,nrmsd_norm,34,0.713726102341715
33764.44,COL-mean-ED,5983,11184,773956,0,nrmsd_norm,36,0.7240877106214929
33764.44,COL-mean-ED,5983,9448,773956,0,nrmsd_norm,38,0.7359474969136343
33764.44,COL-mean-ED,5983,6299,773956,0,nrmsd_norm,40,0.6921949557868721
33764.44,COL-mean-ED,5983,6299,773956,0,nrmsd_norm,42,0.6988049231513661
33764.44,COL-mean-ED,5983,6299,773956,0,nrmsd_norm,44,0.6999140170584938
33764.44,COL-mean-ED,5983,6299,773956,0,nrmsd_norm,46,0.7064044359391931
33764.44,COL-mean-ED,5983,6216,773956,0,nrmsd_norm,48,0.7146818648976061
33764.44,COL-mean-ED,5983,6216,773956,0,nrmsd_norm,50,0.7110685071849401
33764.44,COL-mean-ED,5983,2138,773956,0,nrmsd_norm,55,0.7117848658361264
33764.44,COL-mean-ED,5983,10541,773956,0,nrmsd_norm,60,0.7243051998354958
33764.44,COL-mean-ED,5983,2138,773956,0,nrmsd_norm,65,0.7083112980005085
33764.44,COL-mean-ED,5983,9448,773956,0,nrmsd_norm,70,0.7087129237006107
33764.44,COL-mean-ED,5983,10541,773956,0,nrmsd_norm,75,0.7121845651622244
33764.44,COL-mean-ED,5983,10541,773956,0,nrmsd_norm,80,0.7070478928639331
33764.44,COL-mean-ED,5983,10541,773956,0,nrmsd_norm,85,0.7029925399066084
33764.44,COL-mean-ED,5983,10541,773956,0,nrmsd_norm,90,0.7101242533533263
33764.44,COL-mean-ED,5983,3001,773956,0,nrmsd_norm,95,0.7144530602965372
33764.44,COL-mean-ED,5983,3001,773956,0,nrmsd_norm,100,0.7208982302742892
33764.44,COL-mean-ED,5983,6215,654571,0,nrmsd_norm,5,0.7469759492702617
33764.44,COL-mean-ED,5983,9782,654571,0,nrmsd_norm,6,0.7664824041304866
33764.44,COL-mean-ED,5983,9782,654571,0,nrmsd_norm,7,0.7746801014507426
33764.44,COL-mean-ED,5983,9341,654571,0,nrmsd_norm,8,0.7776762968405674
33764.44,COL-mean-ED,5983,1169,654571,0,nrmsd_norm,9,0.7605774843960399
33764.44,COL-mean-ED,5983,8670,654571,0,nrmsd_norm,10,0.729704640285935
33764.44,COL-mean-ED,5983,8670,654571,0,nrmsd_norm,11,0.7302324695807413
33764.44,COL-mean-ED,5983,8670,654571,0,nrmsd_norm,12,0.728242321929512
33764.44,COL-mean-ED,5983,3893,654571,0,nrmsd_norm,13,0.7072712682427295
33764.44,COL-mean-ED,5983,3893,654571,0,nrmsd_norm,14,0.7117483242877628
33764.44,COL-mean-ED,5983,3893,654571,0,nrmsd_norm,15,0.7174979789317375
33764.44,COL-mean-ED,5983,9077,654571,0,nrmsd_norm,16,0.7411881507253258
33764.44,COL-mean-ED,5983,9077,654571,0,nrmsd_norm,17,0.7410253721528838
33764.44,COL-mean-ED,5983,7436,654571,0,nrmsd_norm,18,0.7376775504308448
33764.44,COL-mean-ED,5983,7436,654571,0,nrmsd_norm,19,0.7384144505853442
33764.44,COL-mean-ED,5983,2408,654571,0,nrmsd_norm,20,0.7059575892412493
33764.44,COL-mean-ED,5983,5951,654571,0,nrmsd_norm,22,0.6712931596382139
33764.44,COL-mean-ED,5983,5951,654571,0,nrmsd_norm,24,0.6740319185443501
33764.44,COL-mean-ED,5983,2408,654571,0,nrmsd_norm,26,0.6956376123351419
33764.44,COL-mean-ED,5983,10840,654571,0,nrmsd_norm,28,0.6993575926832358
33764.44,COL-mean-ED,5983,10840,654571,0,nrmsd_norm,30,0.7020575450861353
33764.44,COL-mean-ED,5983,10840,654571,0,nrmsd_norm,32,0.6998187459601676
33764.44,COL-mean-ED,5983,1362,654571,0,nrmsd_norm,34,0.702111024729154
33764.44,COL-mean-ED,5983,1362,654571,0,nrmsd_norm,36,0.7111827406377406
33764.44,COL-mean-ED,5983,10840,654571,0,nrmsd_norm,38,0.7196676790136897
33764.44,COL-mean-ED,5983,10840,654571,0,nrmsd_norm,40,0.7185013214824088
33764.44,COL-mean-ED,5983,10840,654571,0,nrmsd_norm,42,0.7261323567392896
33764.44,COL-mean-ED,5983,10840,654571,0,nrmsd_norm,44,0.728612995746882
33764.44,COL-mean-ED,5983,10840,654571,0,nrmsd_norm,46,0.7325240979679799
33764.44,COL-mean-ED,5983,10840,654571,0,nrmsd_norm,48,0.7365525714848532
33764.44,COL-mean-ED,5983,202,654571,0,nrmsd_norm,50,0.736132477484578
33764.44,COL-mean-ED,5983,12052,654571,0,nrmsd_norm,55,0.720196391880805
33764.44,COL-mean-ED,5983,6940,654571,0,nrmsd_norm,60,0.7215791876839108
33764.44,COL-mean-ED,5983,6940,654571,0,nrmsd_norm,65,0.7254094001323019
33764.44,COL-mean-ED,5983,6940,654571,0,nrmsd_norm,70,0.7177154793388734
33764.44,COL-mean-ED,5983,6744,654571,0,nrmsd_norm,75,0.7210695578013705
33764.44,COL-mean-ED,5983,6744,654571,0,nrmsd_norm,80,0.7207339766788258
33764.44,COL-mean-ED,5983,12382,654571,0,nrmsd_norm,85,0.6985862604330374
33764.44,COL-mean-ED,5983,6744,654571,0,nrmsd_norm,90,0.7029771504328659
33764.44,COL-mean-ED,5983,8253,654571,0,nrmsd_norm,95,0.7060736949264097
33764.44,COL-mean-ED,5983,8253,654571,0,nrmsd_norm,100,0.712932870816035
33764.44,COL-mean-ED,5983,5538,438878,0,nrmsd_norm,5,0.5967307107577007
33764.44,COL-mean-ED,5983,6404,438878,0,nrmsd_norm,6,0.5600474697217452
33764.44,COL-mean-ED,5983,6404,438878,0,nrmsd_norm,7,0.576596712438913
33764.44,COL-mean-ED,5983,6404,438878,0,nrmsd_norm,8,0.5910104045533107
33764.44,COL-mean-ED,5983,4586,438878,0,nrmsd_norm,9,0.6438021548472774
33764.44,COL-mean-ED,5983,4586,438878,0,nrmsd_norm,10,0.6466845265973719
33764.44,COL-mean-ED,5983,4586,438878,0,nrmsd_norm,11,0.6543142097307658
33764.44,COL-mean-ED,5983,4586,438878,0,nrmsd_norm,12,0.6585933912663353
33764.44,COL-mean-ED,5983,7315,438878,0,nrmsd_norm,13,0.6520862460552957
33764.44,COL-mean-ED,5983,7315,438878,0,nrmsd_norm,14,0.6650379129581315
33764.44,COL-mean-ED,5983,7249,438878,0,nrmsd_norm,15,0.6777784784635668
33764.44,COL-mean-ED,5983,5915,438878,0,nrmsd_norm,16,0.7171455274941493
33764.44,COL-mean-ED,5983,1641,438878,0,nrmsd_norm,17,0.7117338265512216
33764.44,COL-mean-ED,5983,1641,438878,0,nrmsd_norm,18,0.7108337944285223
33764.44,COL-mean-ED,5983,2724,438878,0,nrmsd_norm,19,0.7064859638662376
33764.44,COL-mean-ED,5983,2783,438878,0,nrmsd_norm,20,0.7245285814459468
33764.44,COL-mean-ED,5983,4481,438878,0,nrmsd_norm,22,0.7130399843431495
33764.44,COL-mean-ED,5983,4439,438878,0,nrmsd_norm,24,0.7181186263193848
33764.44,COL-mean-ED,5983,1520,438878,0,nrmsd_norm,26,0.7364348122487908
33764.44,COL-mean-ED,5983,4439,438878,0,nrmsd_norm,28,0.7287102974022862
33764.44,COL-mean-ED,5983,4439,438878,0,nrmsd_norm,30,0.7312677775348577
33764.44,COL-mean-ED,5983,4439,438878,0,nrmsd_norm,32,0.7295616813619753
33764.44,COL-mean-ED,5983,10215,438878,0,nrmsd_norm,34,0.7231873003059007
33764.44,COL-mean-ED,5983,10215,438878,0,nrmsd_norm,36,0.7312981273510696
33764.44,COL-mean-ED,5983,5966,438878,0,nrmsd_norm,38,0.7396898879679366
33764.44,COL-mean-ED,5983,5966,438878,0,nrmsd_norm,40,0.7261346953234099
33764.44,COL-mean-ED,5983,5966,438878,0,nrmsd_norm,42,0.7341234686390006
33764.44,COL-mean-ED,5983,5966,438878,0,nrmsd_norm,44,0.7312997780602851
33764.44,COL-mean-ED,5983,5966,438878,0,nrmsd_norm,46,0.7339640419926753
33764.44,COL-mean-ED,5983,11505,438878,0,nrmsd_norm,48,0.7128637268894724
33764.44,COL-mean-ED,5983,11505,438878,0,nrmsd_norm,50,0.7118346779676369
33764.44,COL-mean-ED,5983,5966,438878,0,nrmsd_norm,55,0.7087514215988037
33764.44,COL-mean-ED,5983,3213,438878,0,nrmsd_norm,60,0.7059824535425306
33764.44,COL-mean-ED,5983,5966,438878,0,nrmsd_norm,65,0.7217226179771767
33764.44,COL-mean-ED,5983,5966,438878,0,nrmsd_norm,70,0.7141537121190707
33764.44,COL-mean-ED,5983,5966,438878,0,nrmsd_norm,75,0.7158934748927641
33764.44,COL-mean-ED,5983,5966,438878,0,nrmsd_norm,80,0.7113147985988288
33764.44,COL-mean-ED,5983,10618,438878,0,nrmsd_norm,85,0.7031202817696818
33764.44,COL-mean-ED,5983,10618,438878,0,nrmsd_norm,90,0.7075296797952763
33764.44,COL-mean-ED,5983,7537,438878,0,nrmsd_norm,95,0.7054124086595527
33764.44,COL-mean-ED,5983,5957,438878,0,nrmsd_norm,100,0.7046526781779869
33764.44,COL-mean-ED,5983,3386,433015,0,nrmsd_norm,5,0.6586565690060125
33764.44,COL-mean-ED,5983,10557,433015,0,nrmsd_norm,6,0.7029610714044336
33764.44,COL-mean-ED,5983,10557,433015,0,nrmsd_norm,7,0.7144419395108882
33764.44,COL-mean-ED,5983,10557,433015,0,nrmsd_norm,8,0.721945346275866
33764.44,COL-mean-ED,5983,5913,433015,0,nrmsd_norm,9,0.7313787373387117
33764.44,COL-mean-ED,5983,2380,433015,0,nrmsd_norm,10,0.7386322146809261
33764.44,COL-mean-ED,5983,1226,433015,0,nrmsd_norm,11,0.739648958980336
33764.44,COL-mean-ED,5983,11577,433015,0,nrmsd_norm,12,0.7285551893813472
33764.44,COL-mean-ED,5983,2620,433015,0,nrmsd_norm,13,0.7077521519135503
33764.44,COL-mean-ED,5983,2620,433015,0,nrmsd_norm,14,0.7122556545683225
33764.44,COL-mean-ED,5983,2620,433015,0,nrmsd_norm,15,0.7159206211747474
33764.44,COL-mean-ED,5983,5501,433015,0,nrmsd_norm,16,0.6817261373802561
33764.44,COL-mean-ED,5983,5501,433015,0,nrmsd_norm,17,0.6826255174968582
33764.44,COL-mean-ED,5983,5501,433015,0,nrmsd_norm,18,0.6815752858646372
33764.44,COL-mean-ED,5983,3441,433015,0,nrmsd_norm,19,0.6793763276759537
33764.44,COL-mean-ED,5983,3441,433015,0,nrmsd_norm,20,0.6800707929648216
33764.44,COL-mean-ED,5983,3441,433015,0,nrmsd_norm,22,0.6635735592839204
33764.44,COL-mean-ED,5983,3441,433015,0,nrmsd_norm,24,0.6657620044205291
33764.44,COL-mean-ED,5983,5501,433015,0,nrmsd_norm,26,0.7021192111714174
33764.44,COL-mean-ED,5983,5501,433015,0,nrmsd_norm,28,0.6985481380678721
33764.44,COL-mean-ED,5983,5501,433015,0,nrmsd_norm,30,0.698980975789101
33764.44,COL-mean-ED,5983,1168,433015,0,nrmsd_norm,32,0.7138674581809363
33764.44,COL-mean-ED,5983,10348,433015,0,nrmsd_norm,34,0.711462547948195
33764.44,COL-mean-ED,5983,10348,433015,0,nrmsd_norm,36,0.7269754770612682
33764.44,COL-mean-ED,5983,1605,433015,0,nrmsd_norm,38,0.7241320729349756
33764.44,COL-mean-ED,5983,11225,433015,0,nrmsd_norm,40,0.725365071045093
33764.44,COL-mean-ED,5983,3455,433015,0,nrmsd_norm,42,0.733392763251492
33764.44,COL-mean-ED,5983,3455,433015,0,nrmsd_norm,44,0.7350245651921302
33764.44,COL-mean-ED,5983,3455,433015,0,nrmsd_norm,46,0.7386053555640425
33764.44,COL-mean-ED,5983,5957,433015,0,nrmsd_norm,48,0.7452824701476737
33764.44,COL-mean-ED,5983,5957,433015,0,nrmsd_norm,50,0.7446673208472327
33764.44,COL-mean-ED,5983,12327,433015,0,nrmsd_norm,55,0.7458159386928661
33764.44,COL-mean-ED,5983,3455,433015,0,nrmsd_norm,60,0.7371876905448999
33764.44,COL-mean-ED,5983,5957,433015,0,nrmsd_norm,65,0.7380878517077712
33764.44,COL-mean-ED,5983,12327,433015,0,nrmsd_norm,70,0.7360592065437664
33764.44,COL-mean-ED,5983,7259,433015,0,nrmsd_norm,75,0.738249356717977
33764.44,COL-mean-ED,5983,8585,433015,0,nrmsd_norm,80,0.7334017389963311
33764.44,COL-mean-ED,5983,3455,433015,0,nrmsd_norm,85,0.7090281163307115
33764.44,COL-mean-ED,5983,756,433015,0,nrmsd_norm,90,0.7150930484364096
33764.44,COL-mean-ED,5983,5966,433015,0,nrmsd_norm,95,0.7066194961181225
33764.44,COL-mean-ED,5983,2780,433015,0,nrmsd_norm,100,0.7087438137925786
33764.44,COL-mean-ED,5983,9236,858597,0,nrmsd_norm,5,0.702423591597992
33764.44,COL-mean-ED,5983,6001,858597,0,nrmsd_norm,6,0.725199710220953
33764.44,COL-mean-ED,5983,104,858597,0,nrmsd_norm,7,0.7414423143543859
33764.44,COL-mean-ED,5983,104,858597,0,nrmsd_norm,8,0.7363961386552721
33764.44,COL-mean-ED,5983,6671,858597,0,nrmsd_norm,9,0.7272745982927862
33764.44,COL-mean-ED,5983,1597,858597,0,nrmsd_norm,10,0.7503198382165133
33764.44,COL-mean-ED,5983,1597,858597,0,nrmsd_norm,11,0.7484197686305148
33764.44,COL-mean-ED,5983,6811,858597,0,nrmsd_norm,12,0.7421579295296672
33764.44,COL-mean-ED,5983,12212,858597,0,nrmsd_norm,13,0.7272372459555769
33764.44,COL-mean-ED,5983,12212,858597,0,nrmsd_norm,14,0.7306677984684444
33764.44,COL-mean-ED,5983,12212,858597,0,nrmsd_norm,15,0.7327188127934269
33764.44,COL-mean-ED,5983,6143,858597,0,nrmsd_norm,16,0.7602602608217381
33764.44,COL-mean-ED,5983,11213,858597,0,nrmsd_norm,17,0.7521403721388955
33764.44,COL-mean-ED,5983,11213,858597,0,nrmsd_norm,18,0.7455202629113362
33764.44,COL-mean-ED,5983,11213,858597,0,nrmsd_norm,19,0.7397444597468178
33764.44,COL-mean-ED,5983,11213,858597,0,nrmsd_norm,20,0.7399486993356713
33764.44,COL-mean-ED,5983,11213,858597,0,nrmsd_norm,22,0.7186116063436782
33764.44,COL-mean-ED,5983,11213,858597,0,nrmsd_norm,24,0.7234323987005709
33764.44,COL-mean-ED,5983,11213,858597,0,nrmsd_norm,26,0.7367154407951275
33764.44,COL-mean-ED,5983,11213,858597,0,nrmsd_norm,28,0.7410990679210012
33764.44,COL-mean-ED,5983,11213,858597,0,nrmsd_norm,30,0.7421415035926064
33764.44,COL-mean-ED,5983,11445,858597,0,nrmsd_norm,32,0.7194489788860847
33764.44,COL-mean-ED,5983,4165,858597,0,nrmsd_norm,34,0.7171799112362813
33764.44,COL-mean-ED,5983,5514,858597,0,nrmsd_norm,36,0.718538015008032
33764.44,COL-mean-ED,5983,5514,858597,0,nrmsd_norm,38,0.7234056235683051
33764.44,COL-mean-ED,5983,5514,858597,0,nrmsd_norm,40,0.7258542039074194
33764.44,COL-mean-ED,5983,5514,858597,0,nrmsd_norm,42,0.733602805874393
33764.44,COL-mean-ED,5983,5514,858597,0,nrmsd_norm,44,0.7349217803860576
33764.44,COL-mean-ED,5983,2104,858597,0,nrmsd_norm,46,0.7504777661344101
33764.44,COL-mean-ED,5983,2104,858597,0,nrmsd_norm,48,0.7465349012618571
33764.44,COL-mean-ED,5983,2104,858597,0,nrmsd_norm,50,0.7440321329672459
33764.44,COL-mean-ED,5983,2104,858597,0,nrmsd_norm,55,0.7351771324423837
33764.44,COL-mean-ED,5983,2104,858597,0,nrmsd_norm,60,0.7328769095077177
33764.44,COL-mean-ED,5983,2104,858597,0,nrmsd_norm,65,0.7376084992382819
33764.44,COL-mean-ED,5983,12461,858597,0,nrmsd_norm,70,0.7365174380563133
33764.44,COL-mean-ED,5983,12461,858597,0,nrmsd_norm,75,0.7388637612466123
33764.44,COL-mean-ED,5983,12461,858597,0,nrmsd_norm,80,0.7358847120099099
33764.44,COL-mean-ED,5983,5982,858597,0,nrmsd_norm,85,0.7345959268442664
33764.44,COL-mean-ED,5983,5982,858597,0,nrmsd_norm,90,0.7382368844388851
33764.44,COL-mean-ED,5983,5982,858597,0,nrmsd_norm,95,0.7340545102620245
33764.44,COL-mean-ED,5983,5982,858597,0,nrmsd_norm,100,0.7347660272088096
33764.44,COL-mean-ED,5983,11515,85945,0,nrmsd_norm,5,0.6974731554319299
33764.44,COL-mean-ED,5983,1863,85945,0,nrmsd_norm,6,0.7408453265809296
33764.44,COL-mean-ED,5983,4025,85945,0,nrmsd_norm,7,0.7665505353499639
33764.44,COL-mean-ED,5983,4225,85945,0,nrmsd_norm,8,0.7774987441107158
33764.44,COL-mean-ED,5983,1863,85945,0,nrmsd_norm,9,0.755344897970542
33764.44,COL-mean-ED,5983,1863,85945,0,nrmsd_norm,10,0.7683162832655906
33764.44,COL-mean-ED,5983,11938,85945,0,nrmsd_norm,11,0.7783201200522444
33764.44,COL-mean-ED,5983,12250,85945,0,nrmsd_norm,12,0.7668445745804076
33764.44,COL-mean-ED,5983,10541,85945,0,nrmsd_norm,13,0.7533711612051228
33764.44,COL-mean-ED,5983,10541,85945,0,nrmsd_norm,14,0.7519492365070047
33764.44,COL-mean-ED,5983,10541,85945,0,nrmsd_norm,15,0.7533864968174021
33764.44,COL-mean-ED,5983,10218,85945,0,nrmsd_norm,16,0.7591780768457178
33764.44,COL-mean-ED,5983,10218,85945,0,nrmsd_norm,17,0.7572157019377418
33764.44,COL-mean-ED,5983,10218,85945,0,nrmsd_norm,18,0.7515260530608371
33764.44,COL-mean-ED,5983,10218,85945,0,nrmsd_norm,19,0.7465034078811817
33764.44,COL-mean-ED,5983,10218,85945,0,nrmsd_norm,20,0.754246147532543
33764.44,COL-mean-ED,5983,9541,85945,0,nrmsd_norm,22,0.7408945763998217
33764.44,COL-mean-ED,5983,9541,85945,0,nrmsd_norm,24,0.7443299102666464
33764.44,COL-mean-ED,5983,10218,85945,0,nrmsd_norm,26,0.7525546177541625
33764.44,COL-mean-ED,5983,9541,85945,0,nrmsd_norm,28,0.7456627874214692
33764.44,COL-mean-ED,5983,9541,85945,0,nrmsd_norm,30,0.7479514272572798
33764.44,COL-mean-ED,5983,9541,85945,0,nrmsd_norm,32,0.7419457921372848
33764.44,COL-mean-ED,5983,9541,85945,0,nrmsd_norm,34,0.7386800496876237
33764.44,COL-mean-ED,5983,9541,85945,0,nrmsd_norm,36,0.744592397339886
33764.44,COL-mean-ED,5983,9541,85945,0,nrmsd_norm,38,0.7504958332275696
33764.44,COL-mean-ED,5983,9541,85945,0,nrmsd_norm,40,0.7469064304089066
33764.44,COL-mean-ED,5983,9541,85945,0,nrmsd_norm,42,0.7512376861667919
33764.44,COL-mean-ED,5983,9541,85945,0,nrmsd_norm,44,0.7516148438306013
33764.44,COL-mean-ED,5983,9541,85945,0,nrmsd_norm,46,0.7579717259805908
33764.44,COL-mean-ED,5983,9541,85945,0,nrmsd_norm,48,0.7562424428612526
33764.44,COL-mean-ED,5983,9541,85945,0,nrmsd_norm,50,0.7481763567474359
33764.44,COL-mean-ED,5983,9541,85945,0,nrmsd_norm,55,0.7379109545728888
33764.44,COL-mean-ED,5983,9541,85945,0,nrmsd_norm,60,0.7387937855629391
33764.44,COL-mean-ED,5983,9541,85945,0,nrmsd_norm,65,0.7408622109351993
33764.44,COL-mean-ED,5983,9541,85945,0,nrmsd_norm,70,0.7390544775488301
33764.44,COL-mean-ED,5983,9541,85945,0,nrmsd_norm,75,0.7428853879946221
33764.44,COL-mean-ED,5983,9541,85945,0,nrmsd_norm,80,0.7391629110303273
33764.44,COL-mean-ED,5983,6328,85945,0,nrmsd_norm,85,0.7314962325967208
33764.44,COL-mean-ED,5983,6328,85945,0,nrmsd_norm,90,0.7361520036698047
33764.44,COL-mean-ED,5983,6328,85945,0,nrmsd_norm,95,0.7290602282866958
33764.44,COL-mean-ED,5983,6328,85945,0,nrmsd_norm,100,0.7307713437041837
33764.44,COL-mean-ED,5983,6163,697368,0,nrmsd_norm,5,0.6323352213527038
33764.44,COL-mean-ED,5983,6164,697368,0,nrmsd_norm,6,0.5992196097922193
33764.44,COL-mean-ED,5983,7558,697368,0,nrmsd_norm,7,0.6201312798408076
33764.44,COL-mean-ED,5983,7558,697368,0,nrmsd_norm,8,0.6348030925163096
33764.44,COL-mean-ED,5983,1098,697368,0,nrmsd_norm,9,0.6509842390966243
33764.44,COL-mean-ED,5983,2718,697368,0,nrmsd_norm,10,0.6714294561490552
33764.44,COL-mean-ED,5983,2718,697368,0,nrmsd_norm,11,0.6787855759951285
33764.44,COL-mean-ED,5983,1044,697368,0,nrmsd_norm,12,0.6335828230648195
33764.44,COL-mean-ED,5983,1252,697368,0,nrmsd_norm,13,0.6351635855216027
33764.44,COL-mean-ED,5983,1252,697368,0,nrmsd_norm,14,0.6410595976718726
33764.44,COL-mean-ED,5983,1252,697368,0,nrmsd_norm,15,0.6435767618282129
33764.44,COL-mean-ED,5983,3452,697368,0,nrmsd_norm,16,0.6847915750087736
33764.44,COL-mean-ED,5983,3452,697368,0,nrmsd_norm,17,0.6874253150711312
33764.44,COL-mean-ED,5983,3452,697368,0,nrmsd_norm,18,0.6872300464853056
33764.44,COL-mean-ED,5983,3452,697368,0,nrmsd_norm,19,0.6903874173107704
33764.44,COL-mean-ED,5983,2208,697368,0,nrmsd_norm,20,0.7159688905472755
33764.44,COL-mean-ED,5983,12045,697368,0,nrmsd_norm,22,0.7045833977819396
33764.44,COL-mean-ED,5983,2208,697368,0,nrmsd_norm,24,0.7097221124532447
33764.44,COL-mean-ED,5983,9156,697368,0,nrmsd_norm,26,0.7213197873460839
33764.44,COL-mean-ED,5983,3041,697368,0,nrmsd_norm,28,0.7216790557167163
33764.44,COL-mean-ED,5983,6692,697368,0,nrmsd_norm,30,0.7252839541611996
33764.44,COL-mean-ED,5983,7404,697368,0,nrmsd_norm,32,0.723178762264467
33764.44,COL-mean-ED,5983,10215,697368,0,nrmsd_norm,34,0.7226045014898398
33764.44,COL-mean-ED,5983,10215,697368,0,nrmsd_norm,36,0.7316152660344737
33764.44,COL-mean-ED,5983,10215,697368,0,nrmsd_norm,38,0.7354169178732467
33764.44,COL-mean-ED,5983,2820,697368,0,nrmsd_norm,40,0.7281310963113851
33764.44,COL-mean-ED,5983,2820,697368,0,nrmsd_norm,42,0.7339947691179632
33764.44,COL-mean-ED,5983,2820,697368,0,nrmsd_norm,44,0.736527018494526
33764.44,COL-mean-ED,5983,2820,697368,0,nrmsd_norm,46,0.7389302395255644
33764.44,COL-mean-ED,5983,1186,697368,0,nrmsd_norm,48,0.7449651096414008
33764.44,COL-mean-ED,5983,1186,697368,0,nrmsd_norm,50,0.7402361876666782
33764.44,COL-mean-ED,5983,1186,697368,0,nrmsd_norm,55,0.735962619229391
33764.44,COL-mean-ED,5983,10215,697368,0,nrmsd_norm,60,0.7327015519307495
33764.44,COL-mean-ED,5983,1186,697368,0,nrmsd_norm,65,0.7376253388333348
33764.44,COL-mean-ED,5983,1186,697368,0,nrmsd_norm,70,0.7326891596040966
33764.44,COL-mean-ED,5983,1186,697368,0,nrmsd_norm,75,0.7366871483597696
33764.44,COL-mean-ED,5983,1186,697368,0,nrmsd_norm,80,0.7341826679727328
33764.44,COL-mean-ED,5983,7259,697368,0,nrmsd_norm,85,0.7235434703333984
33764.44,COL-mean-ED,5983,1186,697368,0,nrmsd_norm,90,0.7275325399065796
33764.44,COL-mean-ED,5983,7259,697368,0,nrmsd_norm,95,0.734809374225002
33764.44,COL-mean-ED,5983,7259,697368,0,nrmsd_norm,100,0.7341568639886056
33764.44,COL-mean-ED,5983,7939,201469,0,nrmsd_norm,5,0.6732641320329817
33764.44,COL-mean-ED,5983,10045,201469,0,nrmsd_norm,6,0.6632829058969298
33764.44,COL-mean-ED,5983,2745,201469,0,nrmsd_norm,7,0.6864192987176579
33764.44,COL-mean-ED,5983,1098,201469,0,nrmsd_norm,8,0.6816813022481992
33764.44,COL-mean-ED,5983,1098,201469,0,nrmsd_norm,9,0.6902357170130449
33764.44,COL-mean-ED,5983,1098,201469,0,nrmsd_norm,10,0.6914369525382181
33764.44,COL-mean-ED,5983,3535,201469,0,nrmsd_norm,11,0.6948519269632684
33764.44,COL-mean-ED,5983,10530,201469,0,nrmsd_norm,12,0.655998067624551
33764.44,COL-mean-ED,5983,8062,201469,0,nrmsd_norm,13,0.6614448377597153
33764.44,COL-mean-ED,5983,4733,201469,0,nrmsd_norm,14,0.6769165693845265
33764.44,COL-mean-ED,5983,4733,201469,0,nrmsd_norm,15,0.6824249362309339
33764.44,COL-mean-ED,5983,4733,201469,0,nrmsd_norm,16,0.7034748498895963
33764.44,COL-mean-ED,5983,10116,201469,0,nrmsd_norm,17,0.7131613061514686
33764.44,COL-mean-ED,5983,1098,201469,0,nrmsd_norm,18,0.7103344080072366
33764.44,COL-mean-ED,5983,1098,201469,0,nrmsd_norm,19,0.709963576220731
33764.44,COL-mean-ED,5983,10116,201469,0,nrmsd_norm,20,0.7293193630972463
33764.44,COL-mean-ED,5983,10116,201469,0,nrmsd_norm,22,0.7157712378490885
33764.44,COL-mean-ED,5983,2820,201469,0,nrmsd_norm,24,0.7248238027450089
33764.44,COL-mean-ED,5983,2800,201469,0,nrmsd_norm,26,0.7303104607511227
33764.44,COL-mean-ED,5983,2800,201469,0,nrmsd_norm,28,0.7282473252921394
33764.44,COL-mean-ED,5983,2800,201469,0,nrmsd_norm,30,0.7294205244250207
33764.44,COL-mean-ED,5983,1186,201469,0,nrmsd_norm,32,0.7305890514139458
33764.44,COL-mean-ED,5983,1186,201469,0,nrmsd_norm,34,0.7341901123246032
33764.44,COL-mean-ED,5983,1186,201469,0,nrmsd_norm,36,0.7446723914484833
33764.44,COL-mean-ED,5983,1186,201469,0,nrmsd_norm,38,0.7464735445527158
33764.44,COL-mean-ED,5983,1186,201469,0,nrmsd_norm,40,0.7438184065274129
33764.44,COL-mean-ED,5983,1186,201469,0,nrmsd_norm,42,0.7473231421275937
33764.44,COL-mean-ED,5983,1186,201469,0,nrmsd_norm,44,0.7475194916057266
33764.44,COL-mean-ED,5983,1186,201469,0,nrmsd_norm,46,0.7504302660933908
33764.44,COL-mean-ED,5983,1186,201469,0,nrmsd_norm,48,0.7419716950919366
33764.44,COL-mean-ED,5983,1186,201469,0,nrmsd_norm,50,0.7369995660208581
33764.44,COL-mean-ED,5983,1186,201469,0,nrmsd_norm,55,0.7261994717335503
33764.44,COL-mean-ED,5983,1186,201469,0,nrmsd_norm,60,0.7338048329862675
33764.44,COL-mean-ED,5983,1186,201469,0,nrmsd_norm,65,0.7387641369648671
33764.44,COL-mean-ED,5983,1186,201469,0,nrmsd_norm,70,0.7324138508273678
33764.44,COL-mean-ED,5983,1186,201469,0,nrmsd_norm,75,0.736258245851943
33764.44,COL-mean-ED,5983,1186,201469,0,nrmsd_norm,80,0.7386104071566724
33764.44,COL-mean-ED,5983,1186,201469,0,nrmsd_norm,85,0.7231060575253679
33764.44,COL-mean-ED,5983,7259,201469,0,nrmsd_norm,90,0.7272033155399931
33764.44,COL-mean-ED,5983,7259,201469,0,nrmsd_norm,95,0.7259662403120568
33764.44,COL-mean-ED,5983,7259,201469,0,nrmsd_norm,100,0.7215525460885776
33764.44,COL-mean-ED,5983,5723,94177,0,nrmsd_norm,5,0.7020839661166467
33764.44,COL-mean-ED,5983,11176,94177,0,nrmsd_norm,6,0.7432721361512047
33764.44,COL-mean-ED,5983,2139,94177,0,nrmsd_norm,7,0.7509822569269959
33764.44,COL-mean-ED,5983,5740,94177,0,nrmsd_norm,8,0.7498024829855479
33764.44,COL-mean-ED,5983,10173,94177,0,nrmsd_norm,9,0.7504763022478647
33764.44,COL-mean-ED,5983,10096,94177,0,nrmsd_norm,10,0.7803973791791231
33764.44,COL-mean-ED,5983,10096,94177,0,nrmsd_norm,11,0.7696805059898378
33764.44,COL-mean-ED,5983,2494,94177,0,nrmsd_norm,12,0.7601317914556708
33764.44,COL-mean-ED,5983,6236,94177,0,nrmsd_norm,13,0.7393873896800524
33764.44,COL-mean-ED,5983,6232,94177,0,nrmsd_norm,14,0.7376664792398643
33764.44,COL-mean-ED,5983,6232,94177,0,nrmsd_norm,15,0.7415513738457619
33764.44,COL-mean-ED,5983,9541,94177,0,nrmsd_norm,16,0.7552449613833521
33764.44,COL-mean-ED,5983,9541,94177,0,nrmsd_norm,17,0.7508328427269997
33764.44,COL-mean-ED,5983,9541,94177,0,nrmsd_norm,18,0.7455251975257973
33764.44,COL-mean-ED,5983,9541,94177,0,nrmsd_norm,19,0.7473029836928338
33764.44,COL-mean-ED,5983,9541,94177,0,nrmsd_norm,20,0.7595778778197105
33764.44,COL-mean-ED,5983,726,94177,0,nrmsd_norm,22,0.7543847052229378
33764.44,COL-mean-ED,5983,726,94177,0,nrmsd_norm,24,0.757276385744926
33764.44,COL-mean-ED,5983,10218,94177,0,nrmsd_norm,26,0.7586131224326893
33764.44,COL-mean-ED,5983,10218,94177,0,nrmsd_norm,28,0.7525958806349105
33764.44,COL-mean-ED,5983,10218,94177,0,nrmsd_norm,30,0.7550357469193131
33764.44,COL-mean-ED,5983,10218,94177,0,nrmsd_norm,32,0.7492055180007988
33764.44,COL-mean-ED,5983,10218,94177,0,nrmsd_norm,34,0.7406472978997197
33764.44,COL-mean-ED,5983,1198,94177,0,nrmsd_norm,36,0.7519521632331488
33764.44,COL-mean-ED,5983,12542,94177,0,nrmsd_norm,38,0.757035101180885
33764.44,COL-mean-ED,5983,12542,94177,0,nrmsd_norm,40,0.7540514614820975
33764.44,COL-mean-ED,5983,12542,94177,0,nrmsd_norm,42,0.7618420511936687
33764.44,COL-mean-ED,5983,12542,94177,0,nrmsd_norm,44,0.7613501175130486
33764.44,COL-mean-ED,5983,12542,94177,0,nrmsd_norm,46,0.7677312077520997
33764.44,COL-mean-ED,5983,726,94177,0,nrmsd_norm,48,0.765799235113087
33764.44,COL-mean-ED,5983,726,94177,0,nrmsd_norm,50,0.7634683633698868
33764.44,COL-mean-ED,5983,726,94177,0,nrmsd_norm,55,0.7563582817821821
33764.44,COL-mean-ED,5983,2483,94177,0,nrmsd_norm,60,0.7532669827537398
33764.44,COL-mean-ED,5983,7564,94177,0,nrmsd_norm,65,0.7518585840439354
33764.44,COL-mean-ED,5983,6233,94177,0,nrmsd_norm,70,0.7384858109042145
33764.44,COL-mean-ED,5983,2139,94177,0,nrmsd_norm,75,0.7385302660642917
33764.44,COL-mean-ED,5983,6233,94177,0,nrmsd_norm,80,0.7286732200084698
33764.44,COL-mean-ED,5983,2139,94177,0,nrmsd_norm,85,0.7247846324139348
33764.44,COL-mean-ED,5983,2139,94177,0,nrmsd_norm,90,0.7280491007087705
33764.44,COL-mean-ED,5983,2139,94177,0,nrmsd_norm,95,0.7204776006793512
33764.44,COL-mean-ED,5983,6328,94177,0,nrmsd_norm,100,0.7249751258392388
33764.44,COL-min-ED,5983,169,89250,0,nrmsd_norm,5,0.47196093682243184
33764.44,COL-min-ED,5983,2985,89250,0,nrmsd_norm,6,0.49825451480908234
33764.44,COL-min-ED,5983,9163,89250,0,nrmsd_norm,7,0.44655006703834466
33764.44,COL-min-ED,5983,7077,89250,0,nrmsd_norm,8,0.46457758144021555
33764.44,COL-min-ED,5983,5941,89250,0,nrmsd_norm,9,0.4665357724610395
33764.44,COL-min-ED,5983,5941,89250,0,nrmsd_norm,10,0.4769619016612064
33764.44,COL-min-ED,5983,5941,89250,0,nrmsd_norm,11,0.528039127961173
33764.44,COL-min-ED,5983,11233,89250,0,nrmsd_norm,12,0.5422336084194417
33764.44,COL-min-ED,5983,11233,89250,0,nrmsd_norm,13,0.5586603564589824
33764.44,COL-min-ED,5983,11233,89250,0,nrmsd_norm,14,0.5699740147190162
33764.44,COL-min-ED,5983,11233,89250,0,nrmsd_norm,15,0.5723925091350901
33764.44,COL-min-ED,5983,11233,89250,0,nrmsd_norm,16,0.5933611714355065
33764.44,COL-min-ED,5983,5496,89250,0,nrmsd_norm,17,0.5565147178133265
33764.44,COL-min-ED,5983,11233,89250,0,nrmsd_norm,18,0.5681932940476357
33764.44,COL-min-ED,5983,11225,89250,0,nrmsd_norm,19,0.5914398818711741
33764.44,COL-min-ED,5983,11225,89250,0,nrmsd_norm,20,0.6020738940663247
33764.44,COL-min-ED,5983,11225,89250,0,nrmsd_norm,22,0.6010224233333326
33764.44,COL-min-ED,5983,11225,89250,0,nrmsd_norm,24,0.6048311698176448
33764.44,COL-min-ED,5983,11225,89250,0,nrmsd_norm,26,0.6298817059817403
33764.44,COL-min-ED,5983,6153,89250,0,nrmsd_norm,28,0.6465568358413095
33764.44,COL-min-ED,5983,6153,89250,0,nrmsd_norm,30,0.6492341150629394
33764.44,COL-min-ED,5983,6153,89250,0,nrmsd_norm,32,0.6436392369095355
33764.44,COL-min-ED,5983,6153,89250,0,nrmsd_norm,34,0.645984236667559
33764.44,COL-min-ED,5983,6153,89250,0,nrmsd_norm,36,0.6489790002447561
33764.44,COL-min-ED,5983,5983,89250,0,nrmsd_norm,38,0.649204399754219
33764.44,COL-min-ED,5983,5983,89250,0,nrmsd_norm,40,0.6572935429409476
33764.44,COL-min-ED,5983,5983,89250,0,nrmsd_norm,42,0.6608803857649043
33764.44,COL-min-ED,5983,1211,89250,0,nrmsd_norm,44,0.6606469512750999
33764.44,COL-min-ED,5983,1211,89250,0,nrmsd_norm,46,0.6600956910323763
33764.44,COL-min-ED,5983,5983,89250,0,nrmsd_norm,48,0.6601326222555136
33764.44,COL-min-ED,5983,5983,89250,0,nrmsd_norm,50,0.6627965650898678
33764.44,COL-min-ED,5983,5983,89250,0,nrmsd_norm,55,0.6618317088597638
33764.44,COL-min-ED,5983,5983,89250,0,nrmsd_norm,60,0.662861992815693
33764.44,COL-min-ED,5983,5983,89250,0,nrmsd_norm,65,0.6355755849654903
33764.44,COL-min-ED,5983,5983,89250,0,nrmsd_norm,70,0.6453308828440427
33764.44,COL-min-ED,5983,5983,89250,0,nrmsd_norm,75,0.6459199936999087
33764.44,COL-min-ED,5983,5983,89250,0,nrmsd_norm,80,0.6543706803501467
33764.44,COL-min-ED,5983,5983,89250,0,nrmsd_norm,85,0.6485509198957943
33764.44,COL-min-ED,5983,5983,89250,0,nrmsd_norm,90,0.6565391904049114
33764.44,COL-min-ED,5983,6153,89250,0,nrmsd_norm,95,0.6495404151921436
33764.44,COL-min-ED,5983,5987,89250,0,nrmsd_norm,100,0.6459212898460972
33764.44,COL-min-ED,5983,11122,773956,0,nrmsd_norm,5,0.46833593391023315
33764.44,COL-min-ED,5983,2907,773956,0,nrmsd_norm,6,0.49778052901929215
33764.44,COL-min-ED,5983,10215,773956,0,nrmsd_norm,7,0.46131216748460574
33764.44,COL-min-ED,5983,5966,773956,0,nrmsd_norm,8,0.46729441578013603
33764.44,COL-min-ED,5983,3455,773956,0,nrmsd_norm,9,0.49172258366672683
33764.44,COL-min-ED,5983,3455,773956,0,nrmsd_norm,10,0.5162165946693613
33764.44,COL-min-ED,5983,3455,773956,0,nrmsd_norm,11,0.5835595216559395
33764.44,COL-min-ED,5983,3455,773956,0,nrmsd_norm,12,0.5854221760420604
33764.44,COL-min-ED,5983,3455,773956,0,nrmsd_norm,13,0.5989325386715756
33764.44,COL-min-ED,5983,3455,773956,0,nrmsd_norm,14,0.6051576581189712
33764.44,COL-min-ED,5983,8059,773956,0,nrmsd_norm,15,0.6084930575172124
33764.44,COL-min-ED,5983,8059,773956,0,nrmsd_norm,16,0.6264565588705121
33764.44,COL-min-ED,5983,1831,773956,0,nrmsd_norm,17,0.5744025970019911
33764.44,COL-min-ED,5983,1831,773956,0,nrmsd_norm,18,0.5847444130041998
33764.44,COL-min-ED,5983,1831,773956,0,nrmsd_norm,19,0.6013770529785591
33764.44,COL-min-ED,5983,1831,773956,0,nrmsd_norm,20,0.6123828825858926
33764.44,COL-min-ED,5983,1831,773956,0,nrmsd_norm,22,0.6036339738446285
33764.44,COL-min-ED,5983,8059,773956,0,nrmsd_norm,24,0.6048870618108758
33764.44,COL-min-ED,5983,8059,773956,0,nrmsd_norm,26,0.6285737559202932
33764.44,COL-min-ED,5983,8059,773956,0,nrmsd_norm,28,0.6419448864658024
33764.44,COL-min-ED,5983,8059,773956,0,nrmsd_norm,30,0.6400917189211169
33764.44,COL-min-ED,5983,8059,773956,0,nrmsd_norm,32,0.635912377569586
33764.44,COL-min-ED,5983,8059,773956,0,nrmsd_norm,34,0.6365890624093528
33764.44,COL-min-ED,5983,8059,773956,0,nrmsd_norm,36,0.6410640975768389
33764.44,COL-min-ED,5983,8059,773956,0,nrmsd_norm,38,0.6458557540935194
33764.44,COL-min-ED,5983,8059,773956,0,nrmsd_norm,40,0.6590445846029511
33764.44,COL-min-ED,5983,8059,773956,0,nrmsd_norm,42,0.6614310325158799
33764.44,COL-min-ED,5983,3455,773956,0,nrmsd_norm,44,0.662556017200356
33764.44,COL-min-ED,5983,3455,773956,0,nrmsd_norm,46,0.662999558487113
33764.44,COL-min-ED,5983,3455,773956,0,nrmsd_norm,48,0.6613624801474214
33764.44,COL-min-ED,5983,3455,773956,0,nrmsd_norm,50,0.6641426150221572
33764.44,COL-min-ED,5983,3455,773956,0,nrmsd_norm,55,0.6636986936807682
33764.44,COL-min-ED,5983,3455,773956,0,nrmsd_norm,60,0.6659829647828149
33764.44,COL-min-ED,5983,3455,773956,0,nrmsd_norm,65,0.6341182006702687
33764.44,COL-min-ED,5983,3455,773956,0,nrmsd_norm,70,0.6419671293038207
33764.44,COL-min-ED,5983,3455,773956,0,nrmsd_norm,75,0.643016271342445
33764.44,COL-min-ED,5983,3455,773956,0,nrmsd_norm,80,0.6541837857176349
33764.44,COL-min-ED,5983,3455,773956,0,nrmsd_norm,85,0.6469022025604657
33764.44,COL-min-ED,5983,3455,773956,0,nrmsd_norm,90,0.6531668131692123
33764.44,COL-min-ED,5983,3455,773956,0,nrmsd_norm,95,0.6401428005706757
33764.44,COL-min-ED,5983,3455,773956,0,nrmsd_norm,100,0.6304922562141388
33764.44,COL-min-ED,5983,5508,654571,0,nrmsd_norm,5,0.4186823973917522
33764.44,COL-min-ED,5983,10581,654571,0,nrmsd_norm,6,0.4506830813051417
33764.44,COL-min-ED,5983,11336,654571,0,nrmsd_norm,7,0.44946161588708833
33764.44,COL-min-ED,5983,619,654571,0,nrmsd_norm,8,0.3985820459068207
33764.44,COL-min-ED,5983,6144,654571,0,nrmsd_norm,9,0.5009052424612052
33764.44,COL-min-ED,5983,6153,654571,0,nrmsd_norm,10,0.5126803309029351
33764.44,COL-min-ED,5983,6153,654571,0,nrmsd_norm,11,0.5706497561684338
33764.44,COL-min-ED,5983,1211,654571,0,nrmsd_norm,12,0.5540833919328116
33764.44,COL-min-ED,5983,1211,654571,0,nrmsd_norm,13,0.5660321759268128
33764.44,COL-min-ED,5983,1211,654571,0,nrmsd_norm,14,0.5738864741313249
33764.44,COL-min-ED,5983,1211,654571,0,nrmsd_norm,15,0.589341610955194
33764.44,COL-min-ED,5983,1211,654571,0,nrmsd_norm,16,0.6069709084838095
33764.44,COL-min-ED,5983,12418,654571,0,nrmsd_norm,17,0.5566031936053375
33764.44,COL-min-ED,5983,12418,654571,0,nrmsd_norm,18,0.5677734745693661
33764.44,COL-min-ED,5983,12418,654571,0,nrmsd_norm,19,0.582470712921576
33764.44,COL-min-ED,5983,12418,654571,0,nrmsd_norm,20,0.5957274292921911
33764.44,COL-min-ED,5983,12418,654571,0,nrmsd_norm,22,0.5888367987762203
33764.44,COL-min-ED,5983,12418,654571,0,nrmsd_norm,24,0.5914647480290548
33764.44,COL-min-ED,5983,12418,654571,0,nrmsd_norm,26,0.6147724103974291
33764.44,COL-min-ED,5983,12418,654571,0,nrmsd_norm,28,0.6310582071564057
33764.44,COL-min-ED,5983,12418,654571,0,nrmsd_norm,30,0.635645429414884
33764.44,COL-min-ED,5983,12418,654571,0,nrmsd_norm,32,0.6293666379255378
33764.44,COL-min-ED,5983,12418,654571,0,nrmsd_norm,34,0.6321585505204932
33764.44,COL-min-ED,5983,12418,654571,0,nrmsd_norm,36,0.6360121437474521
33764.44,COL-min-ED,5983,12655,654571,0,nrmsd_norm,38,0.6415180120808637
33764.44,COL-min-ED,5983,12655,654571,0,nrmsd_norm,40,0.651722773285333
33764.44,COL-min-ED,5983,12655,654571,0,nrmsd_norm,42,0.655106882313084
33764.44,COL-min-ED,5983,12655,654571,0,nrmsd_norm,44,0.6540694501739829
33764.44,COL-min-ED,5983,5959,654571,0,nrmsd_norm,46,0.6568054526011978
33764.44,COL-min-ED,5983,5959,654571,0,nrmsd_norm,48,0.6551551962840603
33764.44,COL-min-ED,5983,5959,654571,0,nrmsd_norm,50,0.6578885606257981
33764.44,COL-min-ED,5983,5959,654571,0,nrmsd_norm,55,0.6577975124515991
33764.44,COL-min-ED,5983,5959,654571,0,nrmsd_norm,60,0.6588754959028934
33764.44,COL-min-ED,5983,8059,654571,0,nrmsd_norm,65,0.635981691841529
33764.44,COL-min-ED,5983,8059,654571,0,nrmsd_norm,70,0.6490539926389952
33764.44,COL-min-ED,5983,8059,654571,0,nrmsd_norm,75,0.652184334253883
33764.44,COL-min-ED,5983,8059,654571,0,nrmsd_norm,80,0.6598018945264922
33764.44,COL-min-ED,5983,8059,654571,0,nrmsd_norm,85,0.6548151982115556
33764.44,COL-min-ED,5983,8059,654571,0,nrmsd_norm,90,0.6613957268665487
33764.44,COL-min-ED,5983,8059,654571,0,nrmsd_norm,95,0.6531507582990342
33764.44,COL-min-ED,5983,8059,654571,0,nrmsd_norm,100,0.6426606091934552
33764.44,COL-min-ED,5983,3600,438878,0,nrmsd_norm,5,0.4852603106328927
33764.44,COL-min-ED,5983,11263,438878,0,nrmsd_norm,6,0.5231411884221573
33764.44,COL-min-ED,5983,5983,438878,0,nrmsd_norm,7,0.5141997679671271
33764.44,COL-min-ED,5983,5894,438878,0,nrmsd_norm,8,0.5181748993341572
33764.44,COL-min-ED,5983,5894,438878,0,nrmsd_norm,9,0.5352515641866387
33764.44,COL-min-ED,5983,3600,438878,0,nrmsd_norm,10,0.5617708767942206
33764.44,COL-min-ED,5983,5983,438878,0,nrmsd_norm,11,0.6063859869371294
33764.44,COL-min-ED,5983,8444,438878,0,nrmsd_norm,12,0.6009301420252312
33764.44,COL-min-ED,5983,8444,438878,0,nrmsd_norm,13,0.6190467746398409
33764.44,COL-min-ED,5983,8444,438878,0,nrmsd_norm,14,0.6313356254852318
33764.44,COL-min-ED,5983,7537,438878,0,nrmsd_norm,15,0.6347687087830525
33764.44,COL-min-ED,5983,7537,438878,0,nrmsd_norm,16,0.6507900040340034
33764.44,COL-min-ED,5983,12311,438878,0,nrmsd_norm,17,0.6218689242100626
33764.44,COL-min-ED,5983,12311,438878,0,nrmsd_norm,18,0.6340158636999506
33764.44,COL-min-ED,5983,12311,438878,0,nrmsd_norm,19,0.6464213135884417
33764.44,COL-min-ED,5983,12311,438878,0,nrmsd_norm,20,0.6546847706108581
33764.44,COL-min-ED,5983,12311,438878,0,nrmsd_norm,22,0.6515251352795065
33764.44,COL-min-ED,5983,12311,438878,0,nrmsd_norm,24,0.6524291642068705
33764.44,COL-min-ED,5983,12311,438878,0,nrmsd_norm,26,0.6680919838815247
33764.44,COL-min-ED,5983,12311,438878,0,nrmsd_norm,28,0.6777972558114296
33764.44,COL-min-ED,5983,12311,438878,0,nrmsd_norm,30,0.6812005855153472
33764.44,COL-min-ED,5983,2104,438878,0,nrmsd_norm,32,0.6740727384565633
33764.44,COL-min-ED,5983,2104,438878,0,nrmsd_norm,34,0.6770014903810762
33764.44,COL-min-ED,5983,2104,438878,0,nrmsd_norm,36,0.6786724595237602
33764.44,COL-min-ED,5983,2104,438878,0,nrmsd_norm,38,0.6764053029007937
33764.44,COL-min-ED,5983,2104,438878,0,nrmsd_norm,40,0.6835027852200146
33764.44,COL-min-ED,5983,1605,438878,0,nrmsd_norm,42,0.6852354611194602
33764.44,COL-min-ED,5983,1605,438878,0,nrmsd_norm,44,0.6865805370622285
33764.44,COL-min-ED,5983,12461,438878,0,nrmsd_norm,46,0.6861482630351438
33764.44,COL-min-ED,5983,2104,438878,0,nrmsd_norm,48,0.6829939181152864
33764.44,COL-min-ED,5983,2104,438878,0,nrmsd_norm,50,0.6856589768224242
33764.44,COL-min-ED,5983,12461,438878,0,nrmsd_norm,55,0.6858315613511675
33764.44,COL-min-ED,5983,2104,438878,0,nrmsd_norm,60,0.6883503117612737
33764.44,COL-min-ED,5983,2104,438878,0,nrmsd_norm,65,0.6628293054509699
33764.44,COL-min-ED,5983,12461,438878,0,nrmsd_norm,70,0.6741401516604673
33764.44,COL-min-ED,5983,4084,438878,0,nrmsd_norm,75,0.6746636334159888
33764.44,COL-min-ED,5983,4084,438878,0,nrmsd_norm,80,0.6801736635128097
33764.44,COL-min-ED,5983,4084,438878,0,nrmsd_norm,85,0.6740245011116403
33764.44,COL-min-ED,5983,4084,438878,0,nrmsd_norm,90,0.6770462092853864
33764.44,COL-min-ED,5983,4084,438878,0,nrmsd_norm,95,0.6690188138118659
33764.44,COL-min-ED,5983,5987,438878,0,nrmsd_norm,100,0.6543435149722916
33764.44,COL-min-ED,5983,9448,433015,0,nrmsd_norm,5,0.5644374643642084
33764.44,COL-min-ED,5983,12572,433015,0,nrmsd_norm,6,0.6016004619128977
33764.44,COL-min-ED,5983,6211,433015,0,nrmsd_norm,7,0.6025733072261659
33764.44,COL-min-ED,5983,6211,433015,0,nrmsd_norm,8,0.6130379815103322
33764.44,COL-min-ED,5983,6211,433015,0,nrmsd_norm,9,0.60279280099081
33764.44,COL-min-ED,5983,6211,433015,0,nrmsd_norm,10,0.6116529673953102
33764.44,COL-min-ED,5983,6211,433015,0,nrmsd_norm,11,0.6482236242323473
33764.44,COL-min-ED,5983,12461,433015,0,nrmsd_norm,12,0.6384569544647312
33764.44,COL-min-ED,5983,12461,433015,0,nrmsd_norm,13,0.6530173369582661
33764.44,COL-min-ED,5983,12461,433015,0,nrmsd_norm,14,0.6617304404041175
33764.44,COL-min-ED,5983,6211,433015,0,nrmsd_norm,15,0.6618420396027904
33764.44,COL-min-ED,5983,6211,433015,0,nrmsd_norm,16,0.6758876686278052
33764.44,COL-min-ED,5983,11263,433015,0,nrmsd_norm,17,0.5951997396830554
33764.44,COL-min-ED,5983,11263,433015,0,nrmsd_norm,18,0.6051785499207538
33764.44,COL-min-ED,5983,11263,433015,0,nrmsd_norm,19,0.618670432426518
33764.44,COL-min-ED,5983,11263,433015,0,nrmsd_norm,20,0.6282619198509659
33764.44,COL-min-ED,5983,11263,433015,0,nrmsd_norm,22,0.627087967780182
33764.44,COL-min-ED,5983,11263,433015,0,nrmsd_norm,24,0.6312745747457579
33764.44,COL-min-ED,5983,11263,433015,0,nrmsd_norm,26,0.6492814705882793
33764.44,COL-min-ED,5983,11263,433015,0,nrmsd_norm,28,0.6601189986417582
33764.44,COL-min-ED,5983,11263,433015,0,nrmsd_norm,30,0.6626144844630276
33764.44,COL-min-ED,5983,169,433015,0,nrmsd_norm,32,0.6591670689397218
33764.44,COL-min-ED,5983,169,433015,0,nrmsd_norm,34,0.6615899465494368
33764.44,COL-min-ED,5983,169,433015,0,nrmsd_norm,36,0.6657119430120901
33764.44,COL-min-ED,5983,169,433015,0,nrmsd_norm,38,0.6615801851900687
33764.44,COL-min-ED,5983,169,433015,0,nrmsd_norm,40,0.6703179884058991
33764.44,COL-min-ED,5983,169,433015,0,nrmsd_norm,42,0.6737676766543286
33764.44,COL-min-ED,5983,169,433015,0,nrmsd_norm,44,0.6733342219768678
33764.44,COL-min-ED,5983,169,433015,0,nrmsd_norm,46,0.673026040511412
33764.44,COL-min-ED,5983,7259,433015,0,nrmsd_norm,48,0.6702256094108138
33764.44,COL-min-ED,5983,7259,433015,0,nrmsd_norm,50,0.6726900296019002
33764.44,COL-min-ED,5983,169,433015,0,nrmsd_norm,55,0.669715221826956
33764.44,COL-min-ED,5983,169,433015,0,nrmsd_norm,60,0.6701959876921961
33764.44,COL-min-ED,5983,169,433015,0,nrmsd_norm,65,0.6398584388574937
33764.44,COL-min-ED,5983,7259,433015,0,nrmsd_norm,70,0.6482499784703639
33764.44,COL-min-ED,5983,7259,433015,0,nrmsd_norm,75,0.6497900044411553
33764.44,COL-min-ED,5983,7259,433015,0,nrmsd_norm,80,0.6579891005579198
33764.44,COL-min-ED,5983,169,433015,0,nrmsd_norm,85,0.6512458705789403
33764.44,COL-min-ED,5983,11263,433015,0,nrmsd_norm,90,0.6579114872632797
33764.44,COL-min-ED,5983,11263,433015,0,nrmsd_norm,95,0.6499969681978134
33764.44,COL-min-ED,5983,5983,433015,0,nrmsd_norm,100,0.6507013540148955
33764.44,COL-min-ED,5983,5508,858597,0,nrmsd_norm,5,0.4295398508206366
33764.44,COL-min-ED,5983,12418,858597,0,nrmsd_norm,6,0.4485733095276467
33764.44,COL-min-ED,5983,12418,858597,0,nrmsd_norm,7,0.4243872932477151
33764.44,COL-min-ED,5983,5943,858597,0,nrmsd_norm,8,0.4380604196644483
33764.44,COL-min-ED,5983,5943,858597,0,nrmsd_norm,9,0.4590011001820395
33764.44,COL-min-ED,5983,12418,858597,0,nrmsd_norm,10,0.47936463144408104
33764.44,COL-min-ED,5983,12418,858597,0,nrmsd_norm,11,0.5385954583254603
33764.44,COL-min-ED,5983,5943,858597,0,nrmsd_norm,12,0.5398664005366136
33764.44,COL-min-ED,5983,6671,858597,0,nrmsd_norm,13,0.5604866079228081
33764.44,COL-min-ED,5983,6671,858597,0,nrmsd_norm,14,0.5704683644666804
33764.44,COL-min-ED,5983,5496,858597,0,nrmsd_norm,15,0.5786736872024917
33764.44,COL-min-ED,5983,5496,858597,0,nrmsd_norm,16,0.5977951016775322
33764.44,COL-min-ED,5983,12418,858597,0,nrmsd_norm,17,0.5369395154469628
33764.44,COL-min-ED,5983,12418,858597,0,nrmsd_norm,18,0.5512201649918622
33764.44,COL-min-ED,5983,12418,858597,0,nrmsd_norm,19,0.5648427631796772
33764.44,COL-min-ED,5983,12418,858597,0,nrmsd_norm,20,0.5747506744802674
33764.44,COL-min-ED,5983,12418,858597,0,nrmsd_norm,22,0.5764043957400166
33764.44,COL-min-ED,5983,12418,858597,0,nrmsd_norm,24,0.5810779181687825
33764.44,COL-min-ED,5983,5496,858597,0,nrmsd_norm,26,0.6061591119719799
33764.44,COL-min-ED,5983,12418,858597,0,nrmsd_norm,28,0.6232447531236851
33764.44,COL-min-ED,5983,12418,858597,0,nrmsd_norm,30,0.6281132138323536
33764.44,COL-min-ED,5983,7259,858597,0,nrmsd_norm,32,0.6273216191458686
33764.44,COL-min-ED,5983,7259,858597,0,nrmsd_norm,34,0.6327868250450424
33764.44,COL-min-ED,5983,7259,858597,0,nrmsd_norm,36,0.6359930040263552
33764.44,COL-min-ED,5983,12327,858597,0,nrmsd_norm,38,0.634634638553095
33764.44,COL-min-ED,5983,12327,858597,0,nrmsd_norm,40,0.6447591951260414
33764.44,COL-min-ED,5983,5982,858597,0,nrmsd_norm,42,0.6497672689276318
33764.44,COL-min-ED,5983,5982,858597,0,nrmsd_norm,44,0.6518373012831753
33764.44,COL-min-ED,5983,1186,858597,0,nrmsd_norm,46,0.6523550249248058
33764.44,COL-min-ED,5983,7259,858597,0,nrmsd_norm,48,0.6502532034397711
33764.44,COL-min-ED,5983,7259,858597,0,nrmsd_norm,50,0.6527850680965034
33764.44,COL-min-ED,5983,1186,858597,0,nrmsd_norm,55,0.6544269875572376
33764.44,COL-min-ED,5983,1186,858597,0,nrmsd_norm,60,0.6586683219801622
33764.44,COL-min-ED,5983,8484,858597,0,nrmsd_norm,65,0.6411783002214452
33764.44,COL-min-ED,5983,5983,858597,0,nrmsd_norm,70,0.649569462955508
33764.44,COL-min-ED,5983,8484,858597,0,nrmsd_norm,75,0.6506088318916983
33764.44,COL-min-ED,5983,8484,858597,0,nrmsd_norm,80,0.6605091393849498
33764.44,COL-min-ED,5983,8484,858597,0,nrmsd_norm,85,0.653303967289473
33764.44,COL-min-ED,5983,8484,858597,0,nrmsd_norm,90,0.6606734627169573
33764.44,COL-min-ED,5983,5987,858597,0,nrmsd_norm,95,0.654495582576108
33764.44,COL-min-ED,5983,5987,858597,0,nrmsd_norm,100,0.6502871923878577
33764.44,COL-min-ED,5983,5516,85945,0,nrmsd_norm,5,0.43132855780959156
33764.44,COL-min-ED,5983,1406,85945,0,nrmsd_norm,6,0.43042139411987096
33764.44,COL-min-ED,5983,5941,85945,0,nrmsd_norm,7,0.4045626481202195
33764.44,COL-min-ED,5983,5947,85945,0,nrmsd_norm,8,0.41156308513163575
33764.44,COL-min-ED,5983,850,85945,0,nrmsd_norm,9,0.44585512006007966
33764.44,COL-min-ED,5983,850,85945,0,nrmsd_norm,10,0.47897788067152947
33764.44,COL-min-ED,5983,850,85945,0,nrmsd_norm,11,0.5283656861903636
33764.44,COL-min-ED,5983,850,85945,0,nrmsd_norm,12,0.5417380287467046
33764.44,COL-min-ED,5983,850,85945,0,nrmsd_norm,13,0.5571105896111584
33764.44,COL-min-ED,5983,850,85945,0,nrmsd_norm,14,0.5668141668364733
33764.44,COL-min-ED,5983,850,85945,0,nrmsd_norm,15,0.5730874972984688
33764.44,COL-min-ED,5983,850,85945,0,nrmsd_norm,16,0.5941788071522007
33764.44,COL-min-ED,5983,5947,85945,0,nrmsd_norm,17,0.559664571007886
33764.44,COL-min-ED,5983,5947,85945,0,nrmsd_norm,18,0.5743326663594631
33764.44,COL-min-ED,5983,5947,85945,0,nrmsd_norm,19,0.5931434647047834
33764.44,COL-min-ED,5983,5947,85945,0,nrmsd_norm,20,0.6027468217529856
33764.44,COL-min-ED,5983,5947,85945,0,nrmsd_norm,22,0.6000638558727478
33764.44,COL-min-ED,5983,5947,85945,0,nrmsd_norm,24,0.6026972000636946
33764.44,COL-min-ED,5983,5947,85945,0,nrmsd_norm,26,0.6214376461681211
33764.44,COL-min-ED,5983,5947,85945,0,nrmsd_norm,28,0.6384616840843715
33764.44,COL-min-ED,5983,5945,85945,0,nrmsd_norm,30,0.6412854369677914
33764.44,COL-min-ED,5983,5945,85945,0,nrmsd_norm,32,0.6476338280167249
33764.44,COL-min-ED,5983,5945,85945,0,nrmsd_norm,34,0.6504682893669256
33764.44,COL-min-ED,5983,5945,85945,0,nrmsd_norm,36,0.6528183001630968
33764.44,COL-min-ED,5983,5945,85945,0,nrmsd_norm,38,0.6537850442600883
33764.44,COL-min-ED,5983,5945,85945,0,nrmsd_norm,40,0.6626723289880734
33764.44,COL-min-ED,5983,5945,85945,0,nrmsd_norm,42,0.664950441513739
33764.44,COL-min-ED,5983,5947,85945,0,nrmsd_norm,44,0.6653241854146158
33764.44,COL-min-ED,5983,5947,85945,0,nrmsd_norm,46,0.663382716416626
33764.44,COL-min-ED,5983,5947,85945,0,nrmsd_norm,48,0.6614481446790405
33764.44,COL-min-ED,5983,5947,85945,0,nrmsd_norm,50,0.6647522567360679
33764.44,COL-min-ED,5983,5947,85945,0,nrmsd_norm,55,0.6632818939796897
33764.44,COL-min-ED,5983,5947,85945,0,nrmsd_norm,60,0.6652274134517477
33764.44,COL-min-ED,5983,1211,85945,0,nrmsd_norm,65,0.6274169726194166
33764.44,COL-min-ED,5983,1211,85945,0,nrmsd_norm,70,0.6386613021423408
33764.44,COL-min-ED,5983,1211,85945,0,nrmsd_norm,75,0.6422107952705669
33764.44,COL-min-ED,5983,1211,85945,0,nrmsd_norm,80,0.6534716381293839
33764.44,COL-min-ED,5983,5987,85945,0,nrmsd_norm,85,0.6512807630841978
33764.44,COL-min-ED,5983,5987,85945,0,nrmsd_norm,90,0.6577431202343645
33764.44,COL-min-ED,5983,5983,85945,0,nrmsd_norm,95,0.6454095701384558
33764.44,COL-min-ED,5983,8484,85945,0,nrmsd_norm,100,0.6366649371864623
33764.44,COL-min-ED,5983,8484,697368,0,nrmsd_norm,5,0.4551622810678049
33764.44,COL-min-ED,5983,2904,697368,0,nrmsd_norm,6,0.4675752235890687
33764.44,COL-min-ED,5983,1823,697368,0,nrmsd_norm,7,0.49650121489779797
33764.44,COL-min-ED,5983,11487,697368,0,nrmsd_norm,8,0.5279350783534615
33764.44,COL-min-ED,5983,11487,697368,0,nrmsd_norm,9,0.5306200408404494
33764.44,COL-min-ED,5983,1006,697368,0,nrmsd_norm,10,0.5454459075871116
33764.44,COL-min-ED,5983,1006,697368,0,nrmsd_norm,11,0.5953967551832243
33764.44,COL-min-ED,5983,5517,697368,0,nrmsd_norm,12,0.6008869583895935
33764.44,COL-min-ED,5983,5517,697368,0,nrmsd_norm,13,0.6183534743286843
33764.44,COL-min-ED,5983,5517,697368,0,nrmsd_norm,14,0.6297863801372813
33764.44,COL-min-ED,5983,11336,697368,0,nrmsd_norm,15,0.6285915578865644
33764.44,COL-min-ED,5983,11336,697368,0,nrmsd_norm,16,0.6424965748516025
33764.44,COL-min-ED,5983,11445,697368,0,nrmsd_norm,17,0.6217274535112909
33764.44,COL-min-ED,5983,11445,697368,0,nrmsd_norm,18,0.6316873844313795
33764.44,COL-min-ED,5983,11445,697368,0,nrmsd_norm,19,0.646122036994171
33764.44,COL-min-ED,5983,11445,697368,0,nrmsd_norm,20,0.6518009248196578
33764.44,COL-min-ED,5983,6299,697368,0,nrmsd_norm,22,0.6526609086275401
33764.44,COL-min-ED,5983,6299,697368,0,nrmsd_norm,24,0.6534911526579223
33764.44,COL-min-ED,5983,6299,697368,0,nrmsd_norm,26,0.6700010310628938
33764.44,COL-min-ED,5983,6299,697368,0,nrmsd_norm,28,0.6800927948552192
33764.44,COL-min-ED,5983,6299,697368,0,nrmsd_norm,30,0.6800834967482084
33764.44,COL-min-ED,5983,11743,697368,0,nrmsd_norm,32,0.6706009141406761
33764.44,COL-min-ED,5983,11743,697368,0,nrmsd_norm,34,0.6732165456317365
33764.44,COL-min-ED,5983,11743,697368,0,nrmsd_norm,36,0.6753642811490809
33764.44,COL-min-ED,5983,11743,697368,0,nrmsd_norm,38,0.6741701133194562
33764.44,COL-min-ED,5983,11743,697368,0,nrmsd_norm,40,0.6818276725311068
33764.44,COL-min-ED,5983,11184,697368,0,nrmsd_norm,42,0.6851277716912938
33764.44,COL-min-ED,5983,11184,697368,0,nrmsd_norm,44,0.6842148871710625
33764.44,COL-min-ED,5983,11743,697368,0,nrmsd_norm,46,0.685568014097209
33764.44,COL-min-ED,5983,11184,697368,0,nrmsd_norm,48,0.6814963473744593
33764.44,COL-min-ED,5983,11184,697368,0,nrmsd_norm,50,0.6822610217667077
33764.44,COL-min-ED,5983,11184,697368,0,nrmsd_norm,55,0.6805174865643233
33764.44,COL-min-ED,5983,11184,697368,0,nrmsd_norm,60,0.6850919560167386
33764.44,COL-min-ED,5983,11502,697368,0,nrmsd_norm,65,0.6612191408537265
33764.44,COL-min-ED,5983,10581,697368,0,nrmsd_norm,70,0.6688714124425191
33764.44,COL-min-ED,5983,9059,697368,0,nrmsd_norm,75,0.6682820818789249
33764.44,COL-min-ED,5983,9059,697368,0,nrmsd_norm,80,0.6765893475944623
33764.44,COL-min-ED,5983,9794,697368,0,nrmsd_norm,85,0.6697173220470266
33764.44,COL-min-ED,5983,11502,697368,0,nrmsd_norm,90,0.6743158222735259
33764.44,COL-min-ED,5983,11502,697368,0,nrmsd_norm,95,0.6606296832039863
33764.44,COL-min-ED,5983,301,697368,0,nrmsd_norm,100,0.6521990563804818
33764.44,COL-min-ED,5983,5983,201469,0,nrmsd_norm,5,0.4510112101844563
33764.44,COL-min-ED,5983,11445,201469,0,nrmsd_norm,6,0.4918248239515759
33764.44,COL-min-ED,5983,800,201469,0,nrmsd_norm,7,0.4691196742689798
33764.44,COL-min-ED,5983,5967,201469,0,nrmsd_norm,8,0.48741391028841974
33764.44,COL-min-ED,5983,5967,201469,0,nrmsd_norm,9,0.5115545333471145
33764.44,COL-min-ED,5983,5967,201469,0,nrmsd_norm,10,0.540508386637117
33764.44,COL-min-ED,5983,5967,201469,0,nrmsd_norm,11,0.5859345423916069
33764.44,COL-min-ED,5983,11336,201469,0,nrmsd_norm,12,0.5932357088082908
33764.44,COL-min-ED,5983,11336,201469,0,nrmsd_norm,13,0.611300562157269
33764.44,COL-min-ED,5983,11336,201469,0,nrmsd_norm,14,0.6207263299217218
33764.44,COL-min-ED,5983,11445,201469,0,nrmsd_norm,15,0.6224148773716573
33764.44,COL-min-ED,5983,11445,201469,0,nrmsd_norm,16,0.6364590297789813
33764.44,COL-min-ED,5983,7538,201469,0,nrmsd_norm,17,0.5778651411590024
33764.44,COL-min-ED,5983,7538,201469,0,nrmsd_norm,18,0.5886181518487481
33764.44,COL-min-ED,5983,8585,201469,0,nrmsd_norm,19,0.6080437422322431
33764.44,COL-min-ED,5983,8585,201469,0,nrmsd_norm,20,0.6143143758117439
33764.44,COL-min-ED,5983,8585,201469,0,nrmsd_norm,22,0.6111737905523488
33764.44,COL-min-ED,5983,8585,201469,0,nrmsd_norm,24,0.6174341485781221
33764.44,COL-min-ED,5983,8585,201469,0,nrmsd_norm,26,0.6359812947474064
33764.44,COL-min-ED,5983,8585,201469,0,nrmsd_norm,28,0.6455837886002372
33764.44,COL-min-ED,5983,8585,201469,0,nrmsd_norm,30,0.6494373463884651
33764.44,COL-min-ED,5983,8585,201469,0,nrmsd_norm,32,0.6429708881970642
33764.44,COL-min-ED,5983,8585,201469,0,nrmsd_norm,34,0.6471467928320439
33764.44,COL-min-ED,5983,8585,201469,0,nrmsd_norm,36,0.6501590874879599
33764.44,COL-min-ED,5983,2907,201469,0,nrmsd_norm,38,0.6491838945713464
33764.44,COL-min-ED,5983,2907,201469,0,nrmsd_norm,40,0.6573966335544705
33764.44,COL-min-ED,5983,2907,201469,0,nrmsd_norm,42,0.6628929336580118
33764.44,COL-min-ED,5983,5979,201469,0,nrmsd_norm,44,0.6625737547569669
33764.44,COL-min-ED,5983,5979,201469,0,nrmsd_norm,46,0.6595108072020052
33764.44,COL-min-ED,5983,10116,201469,0,nrmsd_norm,48,0.6580455188672799
33764.44,COL-min-ED,5983,10116,201469,0,nrmsd_norm,50,0.661217062418925
33764.44,COL-min-ED,5983,10116,201469,0,nrmsd_norm,55,0.6601416903921987
33764.44,COL-min-ED,5983,10116,201469,0,nrmsd_norm,60,0.6619011310074165
33764.44,COL-min-ED,5983,2907,201469,0,nrmsd_norm,65,0.6369981935655293
33764.44,COL-min-ED,5983,2907,201469,0,nrmsd_norm,70,0.6441741055645812
33764.44,COL-min-ED,5983,2907,201469,0,nrmsd_norm,75,0.6462841445456368
33764.44,COL-min-ED,5983,2907,201469,0,nrmsd_norm,80,0.6540465490981517
33764.44,COL-min-ED,5983,11587,201469,0,nrmsd_norm,85,0.649831516142255
33764.44,COL-min-ED,5983,11587,201469,0,nrmsd_norm,90,0.6534988027748916
33764.44,COL-min-ED,5983,2907,201469,0,nrmsd_norm,95,0.6386196078477564
33764.44,COL-min-ED,5983,2907,201469,0,nrmsd_norm,100,0.633946824541375
33764.44,COL-min-ED,5983,1605,94177,0,nrmsd_norm,5,0.43357671240864776
33764.44,COL-min-ED,5983,1211,94177,0,nrmsd_norm,6,0.4465068080546088
33764.44,COL-min-ED,5983,1211,94177,0,nrmsd_norm,7,0.4094625096684717
33764.44,COL-min-ED,5983,1211,94177,0,nrmsd_norm,8,0.4270316543068493
33764.44,COL-min-ED,5983,1211,94177,0,nrmsd_norm,9,0.46105497733570905
33764.44,COL-min-ED,5983,1211,94177,0,nrmsd_norm,10,0.48777009612623295
33764.44,COL-min-ED,5983,1211,94177,0,nrmsd_norm,11,0.5417787968975774
33764.44,COL-min-ED,5983,1211,94177,0,nrmsd_norm,12,0.556046681729953
33764.44,COL-min-ED,5983,1211,94177,0,nrmsd_norm,13,0.5729059749674836
33764.44,COL-min-ED,5983,1211,94177,0,nrmsd_norm,14,0.5821201184766055
33764.44,COL-min-ED,5983,1211,94177,0,nrmsd_norm,15,0.587729841928522
33764.44,COL-min-ED,5983,1211,94177,0,nrmsd_norm,16,0.6067240739751762
33764.44,COL-min-ED,5983,12655,94177,0,nrmsd_norm,17,0.5071725606799357
33764.44,COL-min-ED,5983,12655,94177,0,nrmsd_norm,18,0.5221005247637983
33764.44,COL-min-ED,5983,12655,94177,0,nrmsd_norm,19,0.5412000489895903
33764.44,COL-min-ED,5983,12655,94177,0,nrmsd_norm,20,0.5523273313972816
33764.44,COL-min-ED,5983,12655,94177,0,nrmsd_norm,22,0.5509712652146583
33764.44,COL-min-ED,5983,12655,94177,0,nrmsd_norm,24,0.5546709645634688
33764.44,COL-min-ED,5983,12655,94177,0,nrmsd_norm,26,0.5777174634766522
33764.44,COL-min-ED,5983,12655,94177,0,nrmsd_norm,28,0.5941943062905876
33764.44,COL-min-ED,5983,12655,94177,0,nrmsd_norm,30,0.6005451543950269
33764.44,COL-min-ED,5983,15,94177,0,nrmsd_norm,32,0.5991875853605609
33764.44,COL-min-ED,5983,800,94177,0,nrmsd_norm,34,0.6050392949977007
33764.44,COL-min-ED,5983,800,94177,0,nrmsd_norm,36,0.6104139232971476
33764.44,COL-min-ED,5983,1186,94177,0,nrmsd_norm,38,0.6127659892607817
33764.44,COL-min-ED,5983,1186,94177,0,nrmsd_norm,40,0.6243936123161821
33764.44,COL-min-ED,5983,1186,94177,0,nrmsd_norm,42,0.6276265524791883
33764.44,COL-min-ED,5983,1186,94177,0,nrmsd_norm,44,0.6289468704923334
33764.44,COL-min-ED,5983,12655,94177,0,nrmsd_norm,46,0.6295011407121284
33764.44,COL-min-ED,5983,12655,94177,0,nrmsd_norm,48,0.6309764264271691
33764.44,COL-min-ED,5983,12655,94177,0,nrmsd_norm,50,0.6331691435641694
33764.44,COL-min-ED,5983,15,94177,0,nrmsd_norm,55,0.6337391628886146
33764.44,COL-min-ED,5983,15,94177,0,nrmsd_norm,60,0.6336700029272044
33764.44,COL-min-ED,5983,12418,94177,0,nrmsd_norm,65,0.6189105238798821
33764.44,COL-min-ED,5983,5982,94177,0,nrmsd_norm,70,0.6295386048130714
33764.44,COL-min-ED,5983,5982,94177,0,nrmsd_norm,75,0.6304707703911149
33764.44,COL-min-ED,5983,5982,94177,0,nrmsd_norm,80,0.6397718456204696
33764.44,COL-min-ED,5983,5982,94177,0,nrmsd_norm,85,0.6338785920285162
33764.44,COL-min-ED,5983,11263,94177,0,nrmsd_norm,90,0.6418104071377511
33764.44,COL-min-ED,5983,5982,94177,0,nrmsd_norm,95,0.6321627859900484
33764.44,COL-min-ED,5983,5982,94177,0,nrmsd_norm,100,0.6252079632998063
33764.44,KDPP,5983,11577,89250,0,nrmsd_norm,5,0.5196429555585471
33764.44,KDPP,5983,10581,89250,0,nrmsd_norm,6,0.4404147039049759
33764.44,KDPP,5983,10581,89250,0,nrmsd_norm,7,0.4153516928850742
33764.44,KDPP,5983,11213,89250,0,nrmsd_norm,8,0.3900572161522366
33764.44,KDPP,5983,2620,89250,0,nrmsd_norm,9,0.35949417527039806
33764.44,KDPP,5983,11213,89250,0,nrmsd_norm,10,0.3533582338707544
33764.44,KDPP,5983,11213,89250,0,nrmsd_norm,11,0.3565996995752776
33764.44,KDPP,5983,9059,89250,0,nrmsd_norm,12,0.3482337894841747
33764.44,KDPP,5983,9059,89250,0,nrmsd_norm,13,0.35757242669440414
33764.44,KDPP,5983,9059,89250,0,nrmsd_norm,14,0.339305996249047
33764.44,KDPP,5983,9059,89250,0,nrmsd_norm,15,0.3342970325507133
33764.44,KDPP,5983,4542,89250,0,nrmsd_norm,16,0.3236172170737879
33764.44,KDPP,5983,9795,89250,0,nrmsd_norm,17,0.31896188378882623
33764.44,KDPP,5983,9795,89250,0,nrmsd_norm,18,0.30210819766201474
33764.44,KDPP,5983,9795,89250,0,nrmsd_norm,19,0.31470983466935365
33764.44,KDPP,5983,9795,89250,0,nrmsd_norm,20,0.30900085006015593
33764.44,KDPP,5983,6728,89250,0,nrmsd_norm,22,0.29617858085847
33764.44,KDPP,5983,6728,89250,0,nrmsd_norm,24,0.3004455668513015
33764.44,KDPP,5983,6728,89250,0,nrmsd_norm,26,0.2962559190950718
33764.44,KDPP,5983,2780,89250,0,nrmsd_norm,28,0.28832752502845427
33764.44,KDPP,5983,2780,89250,0,nrmsd_norm,30,0.28764171506252995
33764.44,KDPP,5983,2780,89250,0,nrmsd_norm,32,0.29296383081878047
33764.44,KDPP,5983,10618,89250,0,nrmsd_norm,34,0.2871749182044949
33764.44,KDPP,5983,10618,89250,0,nrmsd_norm,36,0.2895698778162548
33764.44,KDPP,5983,6728,89250,0,nrmsd_norm,38,0.28289413315371575
33764.44,KDPP,5983,10618,89250,0,nrmsd_norm,40,0.2808117821307383
33764.44,KDPP,5983,8484,89250,0,nrmsd_norm,42,0.27595229585000247
33764.44,KDPP,5983,8484,89250,0,nrmsd_norm,44,0.2733211151874598
33764.44,KDPP,5983,10618,89250,0,nrmsd_norm,46,0.2664130154573188
33764.44,KDPP,5983,10618,89250,0,nrmsd_norm,48,0.2683350526762525
33764.44,KDPP,5983,8484,89250,0,nrmsd_norm,50,0.26579502066031213
33764.44,KDPP,5983,8484,89250,0,nrmsd_norm,55,0.2669404079922319
33764.44,KDPP,5983,8484,89250,0,nrmsd_norm,60,0.266698815285379
33764.44,KDPP,5983,8484,89250,0,nrmsd_norm,65,0.2666245181888865
33764.44,KDPP,5983,8484,89250,0,nrmsd_norm,70,0.2787722412280776
33764.44,KDPP,5983,8484,89250,0,nrmsd_norm,75,0.28060204466380595
33764.44,KDPP,5983,8484,89250,0,nrmsd_norm,80,0.2768034021223134
33764.44,KDPP,5983,8484,89250,0,nrmsd_norm,85,0.281029070125724
33764.44,KDPP,5983,8484,89250,0,nrmsd_norm,90,0.2815672270823941
33764.44,KDPP,5983,8484,89250,0,nrmsd_norm,95,0.28449262615908577
33764.44,KDPP,5983,8484,89250,0,nrmsd_norm,100,0.28639229116752074
33764.44,KDPP,5983,242,773956,0,nrmsd_norm,5,0.47088724796662246
33764.44,KDPP,5983,1526,773956,0,nrmsd_norm,6,0.3985519363043234
33764.44,KDPP,5983,1251,773956,0,nrmsd_norm,7,0.4036812144926403
33764.44,KDPP,5983,1251,773956,0,nrmsd_norm,8,0.39560776873754716
33764.44,KDPP,5983,10843,773956,0,nrmsd_norm,9,0.382230922408094
33764.44,KDPP,5983,535,773956,0,nrmsd_norm,10,0.3858057960366729
33764.44,KDPP,5983,11082,773956,0,nrmsd_norm,11,0.37897089866472805
33764.44,KDPP,5983,1186,773956,0,nrmsd_norm,12,0.3793020698875338
33764.44,KDPP,5983,1186,773956,0,nrmsd_norm,13,0.37389080847704304
33764.44,KDPP,5983,11263,773956,0,nrmsd_norm,14,0.35871478582094607
33764.44,KDPP,5983,11263,773956,0,nrmsd_norm,15,0.34860528041990513
33764.44,KDPP,5983,11263,773956,0,nrmsd_norm,16,0.3337683775905315
33764.44,KDPP,5983,11263,773956,0,nrmsd_norm,17,0.3267103379174971
33764.44,KDPP,5983,11263,773956,0,nrmsd_norm,18,0.3167655606232472
33764.44,KDPP,5983,11263,773956,0,nrmsd_norm,19,0.3137965027756303
33764.44,KDPP,5983,11263,773956,0,nrmsd_norm,20,0.30959718671940156
33764.44,KDPP,5983,11263,773956,0,nrmsd_norm,22,0.30202553273394234
33764.44,KDPP,5983,11263,773956,0,nrmsd_norm,24,0.30368689500304846
33764.44,KDPP,5983,11263,773956,0,nrmsd_norm,26,0.29024598046217276
33764.44,KDPP,5983,11263,773956,0,nrmsd_norm,28,0.286500927481285
33764.44,KDPP,5983,11263,773956,0,nrmsd_norm,30,0.2908936853838349
33764.44,KDPP,5983,11263,773956,0,nrmsd_norm,32,0.30053043719678907
33764.44,KDPP,5983,5987,773956,0,nrmsd_norm,34,0.2906874978706155
33764.44,KDPP,5983,5987,773956,0,nrmsd_norm,36,0.2939332491669627
33764.44,KDPP,5983,5983,773956,0,nrmsd_norm,38,0.2887441497974418
33764.44,KDPP,5983,5983,773956,0,nrmsd_norm,40,0.2871146314899832
33764.44,KDPP,5983,5983,773956,0,nrmsd_norm,42,0.28296120255241364
33764.44,KDPP,5983,5983,773956,0,nrmsd_norm,44,0.27978233511101797
33764.44,KDPP,5983,5983,773956,0,nrmsd_norm,46,0.2750501703314728
33764.44,KDPP,5983,5983,773956,0,nrmsd_norm,48,0.2704341196694349
33764.44,KDPP,5983,5983,773956,0,nrmsd_norm,50,0.26771862592424134
33764.44,KDPP,5983,5983,773956,0,nrmsd_norm,55,0.27007697426770444
33764.44,KDPP,5983,5983,773956,0,nrmsd_norm,60,0.2688917074178784
33764.44,KDPP,5983,5983,773956,0,nrmsd_norm,65,0.27038218172110273
33764.44,KDPP,5983,5982,773956,0,nrmsd_norm,70,0.28006681115274484
33764.44,KDPP,5983,5983,773956,0,nrmsd_norm,75,0.28054904039526385
33764.44,KDPP,5983,5983,773956,0,nrmsd_norm,80,0.27775804911785146
33764.44,KDPP,5983,5983,773956,0,nrmsd_norm,85,0.279597984710187
33764.44,KDPP,5983,5983,773956,0,nrmsd_norm,90,0.280764216041549
33764.44,KDPP,5983,5983,773956,0,nrmsd_norm,95,0.28408458581950347
33764.44,KDPP,5983,5983,773956,0,nrmsd_norm,100,0.2847020959790684
33764.44,KDPP,5983,2497,654571,0,nrmsd_norm,5,0.47446795563330374
33764.44,KDPP,5983,8262,654571,0,nrmsd_norm,6,0.4263818252928579
33764.44,KDPP,5983,2104,654571,0,nrmsd_norm,7,0.4246971691952507
33764.44,KDPP,5983,4084,654571,0,nrmsd_norm,8,0.4145605503018206
33764.44,KDPP,5983,12461,654571,0,nrmsd_norm,9,0.3966491084381144
33764.44,KDPP,5983,4084,654571,0,nrmsd_norm,10,0.37043935303360453
33764.44,KDPP,5983,4084,654571,0,nrmsd_norm,11,0.3572595724253592
33764.44,KDPP,5983,5987,654571,0,nrmsd_norm,12,0.34109552434382195
33764.44,KDPP,5983,5987,654571,0,nrmsd_norm,13,0.3453430917321001
33764.44,KDPP,5983,11263,654571,0,nrmsd_norm,14,0.3296621024150673
33764.44,KDPP,5983,5983,654571,0,nrmsd_norm,15,0.32219966360085384
33764.44,KDPP,5983,5983,654571,0,nrmsd_norm,16,0.30440477387699333
33764.44,KDPP,5983,11263,654571,0,nrmsd_norm,17,0.2998538810266682
33764.44,KDPP,5983,11263,654571,0,nrmsd_norm,18,0.29914959696855464
33764.44,KDPP,5983,11263,654571,0,nrmsd_norm,19,0.31804265032110074
33764.44,KDPP,5983,11263,654571,0,nrmsd_norm,20,0.3120734520862268
33764.44,KDPP,5983,11263,654571,0,nrmsd_norm,22,0.29911896461752574
33764.44,KDPP,5983,5987,654571,0,nrmsd_norm,24,0.2919048878914428
33764.44,KDPP,5983,5987,654571,0,nrmsd_norm,26,0.28441550774448
33764.44,KDPP,5983,5987,654571,0,nrmsd_norm,28,0.27965356689518817
33764.44,KDPP,5983,12461,654571,0,nrmsd_norm,30,0.2840154205532908
33764.44,KDPP,5983,12461,654571,0,nrmsd_norm,32,0.2979197168139257
33764.44,KDPP,5983,11263,654571,0,nrmsd_norm,34,0.29036116470429135
33764.44,KDPP,5983,5983,654571,0,nrmsd_norm,36,0.2915388925337234
33764.44,KDPP,5983,5983,654571,0,nrmsd_norm,38,0.2835855518095821
33764.44,KDPP,5983,5983,654571,0,nrmsd_norm,40,0.2833845115847688
33764.44,KDPP,5983,12461,654571,0,nrmsd_norm,42,0.27735391224148404
33764.44,KDPP,5983,12461,654571,0,nrmsd_norm,44,0.27742262175952626
33764.44,KDPP,5983,12461,654571,0,nrmsd_norm,46,0.2736610591644105
33764.44,KDPP,5983,5983,654571,0,nrmsd_norm,48,0.26936114635397784
33764.44,KDPP,5983,12461,654571,0,nrmsd_norm,50,0.26756157825084886
33764.44,KDPP,5983,12461,654571,0,nrmsd_norm,55,0.26693843282867147
33764.44,KDPP,5983,12461,654571,0,nrmsd_norm,60,0.26372655073906787
33764.44,KDPP,5983,12461,654571,0,nrmsd_norm,65,0.2725606799772434
33764.44,KDPP,5983,12461,654571,0,nrmsd_norm,70,0.2841392810829889
33764.44,KDPP,5983,12461,654571,0,nrmsd_norm,75,0.2834152583729338
33764.44,KDPP,5983,12461,654571,0,nrmsd_norm,80,0.2807046864144405
33764.44,KDPP,5983,5987,654571,0,nrmsd_norm,85,0.28254677316246274
33764.44,KDPP,5983,5987,654571,0,nrmsd_norm,90,0.28176737784269507
33764.44,KDPP,5983,5983,654571,0,nrmsd_norm,95,0.2839761312947445
33764.44,KDPP,5983,5983,654571,0,nrmsd_norm,100,0.2835636883881251
33764.44,KDPP,5983,242,438878,0,nrmsd_norm,5,0.46862577256748944
33764.44,KDPP,5983,6354,438878,0,nrmsd_norm,6,0.38513151067285384
33764.44,KDPP,5983,11263,438878,0,nrmsd_norm,7,0.3688794917424486
33764.44,KDPP,5983,15,438878,0,nrmsd_norm,8,0.36232653261050557
33764.44,KDPP,5983,15,438878,0,nrmsd_norm,9,0.34467308382884443
33764.44,KDPP,5983,7259,438878,0,nrmsd_norm,10,0.3435542830842802
33764.44,KDPP,5983,12461,438878,0,nrmsd_norm,11,0.34864485573910536
33764.44,KDPP,5983,5983,438878,0,nrmsd_norm,12,0.32876979577290283
33764.44,KDPP,5983,5983,438878,0,nrmsd_norm,13,0.33746722795184614
33764.44,KDPP,5983,12461,438878,0,nrmsd_norm,14,0.31910875274688494
33764.44,KDPP,5983,12461,438878,0,nrmsd_norm,15,0.30974223028383113
33764.44,KDPP,5983,12461,438878,0,nrmsd_norm,16,0.2957018677881572
33764.44,KDPP,5983,12461,438878,0,nrmsd_norm,17,0.28944617596864314
33764.44,KDPP,5983,12461,438878,0,nrmsd_norm,18,0.29097668945149385
33764.44,KDPP,5983,12461,438878,0,nrmsd_norm,19,0.2996975355562955
33764.44,KDPP,5983,5987,438878,0,nrmsd_norm,20,0.2961962751820813
33764.44,KDPP,5983,12461,438878,0,nrmsd_norm,22,0.28932103867750714
33764.44,KDPP,5983,12461,438878,0,nrmsd_norm,24,0.2867432647528805
33764.44,KDPP,5983,5983,438878,0,nrmsd_norm,26,0.28080714153492187
33764.44,KDPP,5983,10618,438878,0,nrmsd_norm,28,0.2782393204463696
33764.44,KDPP,5983,10618,438878,0,nrmsd_norm,30,0.28109971537311
33764.44,KDPP,5983,7538,438878,0,nrmsd_norm,32,0.2891257143696554
33764.44,KDPP,5983,7259,438878,0,nrmsd_norm,34,0.28039515623602485
33764.44,KDPP,5983,5982,438878,0,nrmsd_norm,36,0.28233315550357924
33764.44,KDPP,5983,5982,438878,0,nrmsd_norm,38,0.2763509544521945
33764.44,KDPP,5983,5982,438878,0,nrmsd_norm,40,0.2745575931286233
33764.44,KDPP,5983,5982,438878,0,nrmsd_norm,42,0.269460670510337
33764.44,KDPP,5983,5982,438878,0,nrmsd_norm,44,0.2673905587294726
33764.44,KDPP,5983,5982,438878,0,nrmsd_norm,46,0.2588359741732717
33764.44,KDPP,5983,5982,438878,0,nrmsd_norm,48,0.2610999467881577
33764.44,KDPP,5983,5982,438878,0,nrmsd_norm,50,0.26042445616131127
33764.44,KDPP,5983,8484,438878,0,nrmsd_norm,55,0.2603009421234482
33764.44,KDPP,5983,8484,438878,0,nrmsd_norm,60,0.2592975107657172
33764.44,KDPP,5983,5982,438878,0,nrmsd_norm,65,0.26510655804399763
33764.44,KDPP,5983,8484,438878,0,nrmsd_norm,70,0.2766649066430966
33764.44,KDPP,5983,8484,438878,0,nrmsd_norm,75,0.27816335056658126
33764.44,KDPP,5983,8484,438878,0,nrmsd_norm,80,0.2776622039557801
33764.44,KDPP,5983,8484,438878,0,nrmsd_norm,85,0.28212360132850856
33764.44,KDPP,5983,8484,438878,0,nrmsd_norm,90,0.28254847091198454
33764.44,KDPP,5983,8484,438878,0,nrmsd_norm,95,0.28480128858874987
33764.44,KDPP,5983,8484,438878,0,nrmsd_norm,100,0.28655341524258965
33764.44,KDPP,5983,6647,433015,0,nrmsd_norm,5,0.4964289923038426
33764.44,KDPP,5983,1653,433015,0,nrmsd_norm,6,0.4459448574221983
33764.44,KDPP,5983,1653,433015,0,nrmsd_norm,7,0.4405127410232617
33764.44,KDPP,5983,1653,433015,0,nrmsd_norm,8,0.4293705763230121
33764.44,KDPP,5983,1653,433015,0,nrmsd_norm,9,0.40704989797989954
33764.44,KDPP,5983,1653,433015,0,nrmsd_norm,10,0.4181963069568412
33764.44,KDPP,5983,7559,433015,0,nrmsd_norm,11,0.4055434871440119
33764.44,KDPP,5983,7559,433015,0,nrmsd_norm,12,0.38367608243083245
33764.44,KDPP,5983,7559,433015,0,nrmsd_norm,13,0.3845375438032104
33764.44,KDPP,5983,6854,433015,0,nrmsd_norm,14,0.3664653602285251
33764.44,KDPP,5983,6163,433015,0,nrmsd_norm,15,0.3555779067523496
33764.44,KDPP,5983,10788,433015,0,nrmsd_norm,16,0.3399551622989334
33764.44,KDPP,5983,6201,433015,0,nrmsd_norm,17,0.3300332883050402
33764.44,KDPP,5983,10788,433015,0,nrmsd_norm,18,0.31507550126439754
33764.44,KDPP,5983,10788,433015,0,nrmsd_norm,19,0.33776527587739774
33764.44,KDPP,5983,10618,433015,0,nrmsd_norm,20,0.33447080701531384
33764.44,KDPP,5983,10618,433015,0,nrmsd_norm,22,0.31060564634624893
33764.44,KDPP,5983,10618,433015,0,nrmsd_norm,24,0.2998601950149509
33764.44,KDPP,5983,10618,433015,0,nrmsd_norm,26,0.290452970009936
33764.44,KDPP,5983,10618,433015,0,nrmsd_norm,28,0.2857516020102705
33764.44,KDPP,5983,7537,433015,0,nrmsd_norm,30,0.28949398242998753
33764.44,KDPP,5983,7537,433015,0,nrmsd_norm,32,0.3033766316769936
33764.44,KDPP,5983,10618,433015,0,nrmsd_norm,34,0.293922116327976
33764.44,KDPP,5983,10618,433015,0,nrmsd_norm,36,0.2880398332802727
33764.44,KDPP,5983,7537,433015,0,nrmsd_norm,38,0.27958259779356176
33764.44,KDPP,5983,7537,433015,0,nrmsd_norm,40,0.28326936632294664
33764.44,KDPP,5983,7537,433015,0,nrmsd_norm,42,0.2782057431073503
33764.44,KDPP,5983,7537,433015,0,nrmsd_norm,44,0.2739902402221832
33764.44,KDPP,5983,7537,433015,0,nrmsd_norm,46,0.26341506192348585
33764.44,KDPP,5983,7537,433015,0,nrmsd_norm,48,0.268612655052802
33764.44,KDPP,5983,7537,433015,0,nrmsd_norm,50,0.2649185473018442
33764.44,KDPP,5983,7564,433015,0,nrmsd_norm,55,0.2599353386252546
33764.44,KDPP,5983,7564,433015,0,nrmsd_norm,60,0.25951604137426587
33764.44,KDPP,5983,7564,433015,0,nrmsd_norm,65,0.2690954135304876
33764.44,KDPP,5983,7537,433015,0,nrmsd_norm,70,0.28218481985427685
33764.44,KDPP,5983,2483,433015,0,nrmsd_norm,75,0.2817735782379934
33764.44,KDPP,5983,7537,433015,0,nrmsd_norm,80,0.2778778934742876
33764.44,KDPP,5983,10618,433015,0,nrmsd_norm,85,0.2816765097405829
33764.44,KDPP,5983,10618,433015,0,nrmsd_norm,90,0.28142953776617596
33764.44,KDPP,5983,10618,433015,0,nrmsd_norm,95,0.2839698618652707
33764.44,KDPP,5983,10618,433015,0,nrmsd_norm,100,0.2832085518041909
33764.44,KDPP,5983,5293,858597,0,nrmsd_norm,5,0.4800755160369889
33764.44,KDPP,5983,6158,858597,0,nrmsd_norm,6,0.41344494676658694
33764.44,KDPP,5983,1227,858597,0,nrmsd_norm,7,0.38015994758209337
33764.44,KDPP,5983,6722,858597,0,nrmsd_norm,8,0.37581089908939797
33764.44,KDPP,5983,1605,858597,0,nrmsd_norm,9,0.34947138653486043
33764.44,KDPP,5983,8059,858597,0,nrmsd_norm,10,0.33879323307210135
33764.44,KDPP,5983,1605,858597,0,nrmsd_norm,11,0.33697722930543034
33764.44,KDPP,5983,1605,858597,0,nrmsd_norm,12,0.3213450302004907
33764.44,KDPP,5983,1605,858597,0,nrmsd_norm,13,0.34099026365730245
33764.44,KDPP,5983,11213,858597,0,nrmsd_norm,14,0.3253902056630338
33764.44,KDPP,5983,10581,858597,0,nrmsd_norm,15,0.31452590990433843
33764.44,KDPP,5983,1831,858597,0,nrmsd_norm,16,0.297520635700477
33764.44,KDPP,5983,8059,858597,0,nrmsd_norm,17,0.29124279451868634
33764.44,KDPP,5983,8059,858597,0,nrmsd_norm,18,0.28819480786338614
33764.44,KDPP,5983,8059,858597,0,nrmsd_norm,19,0.3070450095676629
33764.44,KDPP,5983,8059,858597,0,nrmsd_norm,20,0.3039526277087464
33764.44,KDPP,5983,8059,858597,0,nrmsd_norm,22,0.3001208814565534
33764.44,KDPP,5983,8059,858597,0,nrmsd_norm,24,0.3010852358500075
33764.44,KDPP,5983,8059,858597,0,nrmsd_norm,26,0.2922130001460484
33764.44,KDPP,5983,3455,858597,0,nrmsd_norm,28,0.2869993540231513
33764.44,KDPP,5983,3455,858597,0,nrmsd_norm,30,0.28682142693528856
33764.44,KDPP,5983,8059,858597,0,nrmsd_norm,32,0.29197912571496953
33764.44,KDPP,5983,4717,858597,0,nrmsd_norm,34,0.2857213302460475
33764.44,KDPP,5983,4717,858597,0,nrmsd_norm,36,0.28896786320519596
33764.44,KDPP,5983,3455,858597,0,nrmsd_norm,38,0.28208743802538316
33764.44,KDPP,5983,2780,858597,0,nrmsd_norm,40,0.2798567149837588
33764.44,KDPP,5983,2780,858597,0,nrmsd_norm,42,0.2729255339570749
33764.44,KDPP,5983,2780,858597,0,nrmsd_norm,44,0.2694182922450623
33764.44,KDPP,5983,7538,858597,0,nrmsd_norm,46,0.263409577588016
33764.44,KDPP,5983,7538,858597,0,nrmsd_norm,48,0.2658982045347229
33764.44,KDPP,5983,7538,858597,0,nrmsd_norm,50,0.2644355825709824
33764.44,KDPP,5983,2780,858597,0,nrmsd_norm,55,0.26277759886705654
33764.44,KDPP,5983,2780,858597,0,nrmsd_norm,60,0.2616904435954252
33764.44,KDPP,5983,2780,858597,0,nrmsd_norm,65,0.2675973798384812
33764.44,KDPP,5983,2780,858597,0,nrmsd_norm,70,0.2799858429618258
33764.44,KDPP,5983,2780,858597,0,nrmsd_norm,75,0.281069663564646
33764.44,KDPP,5983,10618,858597,0,nrmsd_norm,80,0.2774544936287701
33764.44,KDPP,5983,10618,858597,0,nrmsd_norm,85,0.28090145092497887
33764.44,KDPP,5983,10618,858597,0,nrmsd_norm,90,0.28048053270875434
33764.44,KDPP,5983,10618,858597,0,nrmsd_norm,95,0.28290677966338446
33764.44,KDPP,5983,10618,858597,0,nrmsd_norm,100,0.28316377865369496
33764.44,KDPP,5983,7556,85945,0,nrmsd_norm,5,0.4776304132427252
33764.44,KDPP,5983,6143,85945,0,nrmsd_norm,6,0.41113094571172526
33764.44,KDPP,5983,2620,85945,0,nrmsd_norm,7,0.3880589986581918
33764.44,KDPP,5983,2620,85945,0,nrmsd_norm,8,0.37497526600267106
33764.44,KDPP,5983,5501,85945,0,nrmsd_norm,9,0.3565017435020122
33764.44,KDPP,5983,11213,85945,0,nrmsd_norm,10,0.34723728387746616
33764.44,KDPP,5983,11213,85945,0,nrmsd_norm,11,0.34395067306044613
33764.44,KDPP,5983,1609,85945,0,nrmsd_norm,12,0.33110214844577096
33764.44,KDPP,5983,1609,85945,0,nrmsd_norm,13,0.349352581577119
33764.44,KDPP,5983,2620,85945,0,nrmsd_norm,14,0.3317160930592861
33764.44,KDPP,5983,11502,85945,0,nrmsd_norm,15,0.3251514138321271
33764.44,KDPP,5983,11502,85945,0,nrmsd_norm,16,0.3070997037024305
33764.44,KDPP,5983,11122,85945,0,nrmsd_norm,17,0.3003257235853103
33764.44,KDPP,5983,11122,85945,0,nrmsd_norm,18,0.29544184635769716
33764.44,KDPP,5983,11122,85945,0,nrmsd_norm,19,0.31394843768291836
33764.44,KDPP,5983,10788,85945,0,nrmsd_norm,20,0.3103623329126384
33764.44,KDPP,5983,10788,85945,0,nrmsd_norm,22,0.3027344914154625
33764.44,KDPP,5983,10788,85945,0,nrmsd_norm,24,0.2999127504842257
33764.44,KDPP,5983,7564,85945,0,nrmsd_norm,26,0.2929446367735515
33764.44,KDPP,5983,7564,85945,0,nrmsd_norm,28,0.28616425207395396
33764.44,KDPP,5983,7564,85945,0,nrmsd_norm,30,0.286382785276471
33764.44,KDPP,5983,7564,85945,0,nrmsd_norm,32,0.2985004782300395
33764.44,KDPP,5983,10618,85945,0,nrmsd_norm,34,0.28929288985380963
33764.44,KDPP,5983,10618,85945,0,nrmsd_norm,36,0.28893700280309503
33764.44,KDPP,5983,10618,85945,0,nrmsd_norm,38,0.2815223216790218
33764.44,KDPP,5983,10618,85945,0,nrmsd_norm,40,0.28152314982520565
33764.44,KDPP,5983,10618,85945,0,nrmsd_norm,42,0.2777388447658134
33764.44,KDPP,5983,10618,85945,0,nrmsd_norm,44,0.2775050536166634
33764.44,KDPP,5983,10618,85945,0,nrmsd_norm,46,0.2688775515180857
33764.44,KDPP,5983,10618,85945,0,nrmsd_norm,48,0.2707247171648698
33764.44,KDPP,5983,10618,85945,0,nrmsd_norm,50,0.2682997666394715
33764.44,KDPP,5983,10618,85945,0,nrmsd_norm,55,0.26408821330120785
33764.44,KDPP,5983,7537,85945,0,nrmsd_norm,60,0.2627062430135197
33764.44,KDPP,5983,10618,85945,0,nrmsd_norm,65,0.27060451481086223
33764.44,KDPP,5983,7537,85945,0,nrmsd_norm,70,0.28664304263356605
33764.44,KDPP,5983,7537,85945,0,nrmsd_norm,75,0.2863273986171047
33764.44,KDPP,5983,5983,85945,0,nrmsd_norm,80,0.28313170061224746
33764.44,KDPP,5983,5983,85945,0,nrmsd_norm,85,0.2872726322284871
33764.44,KDPP,5983,5983,85945,0,nrmsd_norm,90,0.2861964696931561
33764.44,KDPP,5983,5983,85945,0,nrmsd_norm,95,0.2899961858744011
33764.44,KDPP,5983,5983,85945,0,nrmsd_norm,100,0.2888917751664134
33764.44,KDPP,5983,25,697368,0,nrmsd_norm,5,0.5049031922784452
33764.44,KDPP,5983,6354,697368,0,nrmsd_norm,6,0.41189142876035134
33764.44,KDPP,5983,1965,697368,0,nrmsd_norm,7,0.38520781571204255
33764.44,KDPP,5983,1965,697368,0,nrmsd_norm,8,0.3638838372417264
33764.44,KDPP,5983,1965,697368,0,nrmsd_norm,9,0.3553404246134075
33764.44,KDPP,5983,5985,697368,0,nrmsd_norm,10,0.3450455062990139
33764.44,KDPP,5983,726,697368,0,nrmsd_norm,11,0.3456758809012398
33764.44,KDPP,5983,12542,697368,0,nrmsd_norm,12,0.32674484395982045
33764.44,KDPP,5983,12542,697368,0,nrmsd_norm,13,0.33914933107175255
33764.44,KDPP,5983,800,697368,0,nrmsd_norm,14,0.32487870309216643
33764.44,KDPP,5983,800,697368,0,nrmsd_norm,15,0.31658057766719633
33764.44,KDPP,5983,800,697368,0,nrmsd_norm,16,0.30440074979890686
33764.44,KDPP,5983,8059,697368,0,nrmsd_norm,17,0.2972419372179909
33764.44,KDPP,5983,8059,697368,0,nrmsd_norm,18,0.3005292797669088
33764.44,KDPP,5983,8059,697368,0,nrmsd_norm,19,0.3096872616966945
33764.44,KDPP,5983,8059,697368,0,nrmsd_norm,20,0.30221961176229173
33764.44,KDPP,5983,8059,697368,0,nrmsd_norm,22,0.3004338663394101
33764.44,KDPP,5983,12418,697368,0,nrmsd_norm,24,0.31173043101823417
33764.44,KDPP,5983,8059,697368,0,nrmsd_norm,26,0.30119086019975555
33764.44,KDPP,5983,8059,697368,0,nrmsd_norm,28,0.2974523675822652
33764.44,KDPP,5983,8059,697368,0,nrmsd_norm,30,0.29642269489215634
33764.44,KDPP,5983,8059,697368,0,nrmsd_norm,32,0.29526576154576284
33764.44,KDPP,5983,12418,697368,0,nrmsd_norm,34,0.2860759703186597
33764.44,KDPP,5983,1831,697368,0,nrmsd_norm,36,0.29368702969685156
33764.44,KDPP,5983,8059,697368,0,nrmsd_norm,38,0.28663331302333317
33764.44,KDPP,5983,8059,697368,0,nrmsd_norm,40,0.28565579003407165
33764.44,KDPP,5983,8059,697368,0,nrmsd_norm,42,0.2759436139951784
33764.44,KDPP,5983,8059,697368,0,nrmsd_norm,44,0.2739573144114149
33764.44,KDPP,5983,8059,697368,0,nrmsd_norm,46,0.26767274322586154
33764.44,KDPP,5983,8059,697368,0,nrmsd_norm,48,0.2682887548011024
33764.44,KDPP,5983,1831,697368,0,nrmsd_norm,50,0.26600753150189765
33764.44,KDPP,5983,1831,697368,0,nrmsd_norm,55,0.26394326049628464
33764.44,KDPP,5983,8059,697368,0,nrmsd_norm,60,0.2622765513268462
33764.44,KDPP,5983,8059,697368,0,nrmsd_norm,65,0.2685557856113546
33764.44,KDPP,5983,8059,697368,0,nrmsd_norm,70,0.28379440600047395
33764.44,KDPP,5983,8059,697368,0,nrmsd_norm,75,0.28487299246042935
33764.44,KDPP,5983,8059,697368,0,nrmsd_norm,80,0.28186545202271246
33764.44,KDPP,5983,8059,697368,0,nrmsd_norm,85,0.2860164587180496
33764.44,KDPP,5983,8059,697368,0,nrmsd_norm,90,0.2857021009540109
33764.44,KDPP,5983,10618,697368,0,nrmsd_norm,95,0.2893777039703803
33764.44,KDPP,5983,10618,697368,0,nrmsd_norm,100,0.2893715489598289
33764.44,KDPP,5983,12458,201469,0,nrmsd_norm,5,0.5810001827328843
33764.44,KDPP,5983,6354,201469,0,nrmsd_norm,6,0.4544115463572747
33764.44,KDPP,5983,4147,201469,0,nrmsd_norm,7,0.43468591912097454
33764.44,KDPP,5983,4147,201469,0,nrmsd_norm,8,0.4262678727803309
33764.44,KDPP,5983,4147,201469,0,nrmsd_norm,9,0.4221174656436838
33764.44,KDPP,5983,4147,201469,0,nrmsd_norm,10,0.38719051538400606
33764.44,KDPP,5983,4147,201469,0,nrmsd_norm,11,0.3826561097033122
33764.44,KDPP,5983,5985,201469,0,nrmsd_norm,12,0.34268301708911036
33764.44,KDPP,5983,5985,201469,0,nrmsd_norm,13,0.3558075943627239
33764.44,KDPP,5983,5985,201469,0,nrmsd_norm,14,0.33767732259584377
33764.44,KDPP,5983,4147,201469,0,nrmsd_norm,15,0.32804127026380164
33764.44,KDPP,5983,5985,201469,0,nrmsd_norm,16,0.308112831225811
33764.44,KDPP,5983,4147,201469,0,nrmsd_norm,17,0.3046365296738032
33764.44,KDPP,5983,4147,201469,0,nrmsd_norm,18,0.3097205081461251
33764.44,KDPP,5983,1965,201469,0,nrmsd_norm,19,0.32427068284685684
33764.44,KDPP,5983,1965,201469,0,nrmsd_norm,20,0.3196119178058646
33764.44,KDPP,5983,1965,201469,0,nrmsd_norm,22,0.3057867131727635
33764.44,KDPP,5983,1965,201469,0,nrmsd_norm,24,0.301842857912939
33764.44,KDPP,5983,5985,201469,0,nrmsd_norm,26,0.2986637003772142
33764.44,KDPP,5983,5987,201469,0,nrmsd_norm,28,0.2948591532213582
33764.44,KDPP,5983,5987,201469,0,nrmsd_norm,30,0.2952052103839564
33764.44,KDPP,5983,5987,201469,0,nrmsd_norm,32,0.3096564690927858
33764.44,KDPP,5983,11263,201469,0,nrmsd_norm,34,0.3018959568362532
33764.44,KDPP,5983,11263,201469,0,nrmsd_norm,36,0.2993569148740011
33764.44,KDPP,5983,5985,201469,0,nrmsd_norm,38,0.29076776938977844
33764.44,KDPP,5983,5985,201469,0,nrmsd_norm,40,0.29034240786814497
33764.44,KDPP,5983,5985,201469,0,nrmsd_norm,42,0.2811307572058144
33764.44,KDPP,5983,5985,201469,0,nrmsd_norm,44,0.27829454611639387
33764.44,KDPP,5983,5985,201469,0,nrmsd_norm,46,0.26827911140343386
33764.44,KDPP,5983,5985,201469,0,nrmsd_norm,48,0.26802877971302635
33764.44,KDPP,5983,5985,201469,0,nrmsd_norm,50,0.2656568386199253
33764.44,KDPP,5983,5987,201469,0,nrmsd_norm,55,0.2629968439714013
33764.44,KDPP,5983,5987,201469,0,nrmsd_norm,60,0.2617667031998822
33764.44,KDPP,5983,5987,201469,0,nrmsd_norm,65,0.27042427243541617
33764.44,KDPP,5983,5987,201469,0,nrmsd_norm,70,0.28530500053414626
33764.44,KDPP,5983,5987,201469,0,nrmsd_norm,75,0.2843808551438205
33764.44,KDPP,5983,5987,201469,0,nrmsd_norm,80,0.28004415704840824
33764.44,KDPP,5983,5987,201469,0,nrmsd_norm,85,0.2806853045088815
33764.44,KDPP,5983,5987,201469,0,nrmsd_norm,90,0.28050770292879623
33764.44,KDPP,5983,5987,201469,0,nrmsd_norm,95,0.28506830956633855
33764.44,KDPP,5983,5987,201469,0,nrmsd_norm,100,0.2842739416766598
33764.44,KDPP,5983,8444,94177,0,nrmsd_norm,5,0.4541706243536507
33764.44,KDPP,5983,6421,94177,0,nrmsd_norm,6,0.39771987487605526
33764.44,KDPP,5983,6299,94177,0,nrmsd_norm,7,0.37420843949595795
33764.44,KDPP,5983,2104,94177,0,nrmsd_norm,8,0.3826716939338005
33764.44,KDPP,5983,6211,94177,0,nrmsd_norm,9,0.3782810107414244
33764.44,KDPP,5983,6211,94177,0,nrmsd_norm,10,0.36433728240203056
33764.44,KDPP,5983,2483,94177,0,nrmsd_norm,11,0.3529004230171818
33764.44,KDPP,5983,2483,94177,0,nrmsd_norm,12,0.3358880860887237
33764.44,KDPP,5983,2483,94177,0,nrmsd_norm,13,0.3446384213545114
33764.44,KDPP,5983,2483,94177,0,nrmsd_norm,14,0.32928972144548274
33764.44,KDPP,5983,2483,94177,0,nrmsd_norm,15,0.31986211876969767
33764.44,KDPP,5983,12534,94177,0,nrmsd_norm,16,0.3040137842682448
33764.44,KDPP,5983,3001,94177,0,nrmsd_norm,17,0.2984728711629415
33764.44,KDPP,5983,3001,94177,0,nrmsd_norm,18,0.2978633049871211
33764.44,KDPP,5983,2483,94177,0,nrmsd_norm,19,0.3159495880134403
33764.44,KDPP,5983,2483,94177,0,nrmsd_norm,20,0.31267478935578497
33764.44,KDPP,5983,2483,94177,0,nrmsd_norm,22,0.30074077202220767
33764.44,KDPP,5983,7564,94177,0,nrmsd_norm,24,0.293949281682786
33764.44,KDPP,5983,7564,94177,0,nrmsd_norm,26,0.2865409897675693
33764.44,KDPP,5983,7537,94177,0,nrmsd_norm,28,0.28496581803118176
33764.44,KDPP,5983,7537,94177,0,nrmsd_norm,30,0.2859474847161506
33764.44,KDPP,5983,7564,94177,0,nrmsd_norm,32,0.29880373150320877
33764.44,KDPP,5983,10618,94177,0,nrmsd_norm,34,0.28762982414810884
33764.44,KDPP,5983,7564,94177,0,nrmsd_norm,36,0.2872233071344436
33764.44,KDPP,5983,10618,94177,0,nrmsd_norm,38,0.28011716396257075
33764.44,KDPP,5983,10618,94177,0,nrmsd_norm,40,0.2805328284083053
33764.44,KDPP,5983,10618,94177,0,nrmsd_norm,42,0.2750546830730262
33764.44,KDPP,5983,10618,94177,0,nrmsd_norm,44,0.2751289916928148
33764.44,KDPP,5983,10618,94177,0,nrmsd_norm,46,0.2679442225952495
33764.44,KDPP,5983,10618,94177,0,nrmsd_norm,48,0.2692804031640673
33764.44,KDPP,5983,10618,94177,0,nrmsd_norm,50,0.2689856969471639
33764.44,KDPP,5983,2483,94177,0,nrmsd_norm,55,0.2668299411178826
33764.44,KDPP,5983,2483,94177,0,nrmsd_norm,60,0.2638540401473712
33764.44,KDPP,5983,2483,94177,0,nrmsd_norm,65,0.2699427810126783
33764.44,KDPP,5983,2483,94177,0,nrmsd_norm,70,0.2830195200690864
33764.44,KDPP,5983,7537,94177,0,nrmsd_norm,75,0.28369579733456624
33764.44,KDPP,5983,7537,94177,0,nrmsd_norm,80,0.27984957361871965
33764.44,KDPP,5983,7537,94177,0,nrmsd_norm,85,0.28326115823336506
33764.44,KDPP,5983,7537,94177,0,nrmsd_norm,90,0.28304907707076815
33764.44,KDPP,5983,10618,94177,0,nrmsd_norm,95,0.2848552546633022
33764.44,KDPP,5983,10618,94177,0,nrmsd_norm,100,0.28441830547942853
33764.44,KDPP-Norm,5983,1772,89250,0,nrmsd_norm,5,0.5321004959275946
33764.44,KDPP-Norm,5983,6211,89250,0,nrmsd_norm,6,0.45124941315966144
33764.44,KDPP-Norm,5983,4084,89250,0,nrmsd_norm,7,0.44017654460231803
33764.44,KDPP-Norm,5983,5980,89250,0,nrmsd_norm,8,0.41385608274963254
33764.44,KDPP-Norm,5983,1965,89250,0,nrmsd_norm,9,0.4468555560090858
33764.44,KDPP-Norm,5983,5980,89250,0,nrmsd_norm,10,0.41170042422853265
33764.44,KDPP-Norm,5983,1965,89250,0,nrmsd_norm,11,0.41402381620917733
33764.44,KDPP-Norm,5983,1965,89250,0,nrmsd_norm,12,0.4166399783370203
33764.44,KDPP-Norm,5983,1965,89250,0,nrmsd_norm,13,0.3972091268045435
33764.44,KDPP-Norm,5983,11952,89250,0,nrmsd_norm,14,0.38321024642876167
33764.44,KDPP-Norm,5983,3029,89250,0,nrmsd_norm,15,0.3810995223659378
33764.44,KDPP-Norm,5983,11952,89250,0,nrmsd_norm,16,0.3781212808611052
33764.44,KDPP-Norm,5983,11952,89250,0,nrmsd_norm,17,0.3569045226236686
33764.44,KDPP-Norm,5983,11952,89250,0,nrmsd_norm,18,0.36245222768975316
33764.44,KDPP-Norm,5983,11952,89250,0,nrmsd_norm,19,0.3559754083202772
33764.44,KDPP-Norm,5983,12461,89250,0,nrmsd_norm,20,0.35799532098192405
33764.44,KDPP-Norm,5983,7537,89250,0,nrmsd_norm,22,0.33735162108472555
33764.44,KDPP-Norm,5983,5983,89250,0,nrmsd_norm,24,0.3270567630270973
33764.44,KDPP-Norm,5983,5983,89250,0,nrmsd_norm,26,0.3287147365941284
33764.44,KDPP-Norm,5983,5983,89250,0,nrmsd_norm,28,0.330890750539773
33764.44,KDPP-Norm,5983,12461,89250,0,nrmsd_norm,30,0.31013833488042325
33764.44,KDPP-Norm,5983,5983,89250,0,nrmsd_norm,32,0.31125920138768814
33764.44,KDPP-Norm,5983,5983,89250,0,nrmsd_norm,34,0.3111485337423103
33764.44,KDPP-Norm,5983,5983,89250,0,nrmsd_norm,36,0.30781323014243794
33764.44,KDPP-Norm,5983,5983,89250,0,nrmsd_norm,38,0.30204410838412654
33764.44,KDPP-Norm,5983,5983,89250,0,nrmsd_norm,40,0.29734724817537533
33764.44,KDPP-Norm,5983,5983,89250,0,nrmsd_norm,42,0.29439443788795844
33764.44,KDPP-Norm,5983,5983,89250,0,nrmsd_norm,44,0.30224283589929796
33764.44,KDPP-Norm,5983,5983,89250,0,nrmsd_norm,46,0.2931167565334155
33764.44,KDPP-Norm,5983,5983,89250,0,nrmsd_norm,48,0.28798712081808736
33764.44,KDPP-Norm,5983,5983,89250,0,nrmsd_norm,50,0.28333687303837757
33764.44,KDPP-Norm,5983,5983,89250,0,nrmsd_norm,55,0.2881968938046909
33764.44,KDPP-Norm,5983,5982,89250,0,nrmsd_norm,60,0.2798575382884418
33764.44,KDPP-Norm,5983,5982,89250,0,nrmsd_norm,65,0.2790318832035918
33764.44,KDPP-Norm,5983,5982,89250,0,nrmsd_norm,70,0.2833009348570899
33764.44,KDPP-Norm,5983,5982,89250,0,nrmsd_norm,75,0.28126920050577575
33764.44,KDPP-Norm,5983,5983,89250,0,nrmsd_norm,80,0.2832684409766331
33764.44,KDPP-Norm,5983,5982,89250,0,nrmsd_norm,85,0.280459027749564
33764.44,KDPP-Norm,5983,5983,89250,0,nrmsd_norm,90,0.28060338647067523
33764.44,KDPP-Norm,5983,5983,89250,0,nrmsd_norm,95,0.27688201930819384
33764.44,KDPP-Norm,5983,5983,89250,0,nrmsd_norm,100,0.28067314299907303
33764.44,KDPP-Norm,5983,3992,773956,0,nrmsd_norm,5,0.5320058375087329
33764.44,KDPP-Norm,5983,10541,773956,0,nrmsd_norm,6,0.4561611743420692
33764.44,KDPP-Norm,5983,2987,773956,0,nrmsd_norm,7,0.4555652479676155
33764.44,KDPP-Norm,5983,2987,773956,0,nrmsd_norm,8,0.4348969255475679
33764.44,KDPP-Norm,5983,2104,773956,0,nrmsd_norm,9,0.45447260864461037
33764.44,KDPP-Norm,5983,8585,773956,0,nrmsd_norm,10,0.4419884349928174
33764.44,KDPP-Norm,5983,8585,773956,0,nrmsd_norm,11,0.4429591446046981
33764.44,KDPP-Norm,5983,8585,773956,0,nrmsd_norm,12,0.4433660424998238
33764.44,KDPP-Norm,5983,8585,773956,0,nrmsd_norm,13,0.42565065921059275
33764.44,KDPP-Norm,5983,8585,773956,0,nrmsd_norm,14,0.3974050453714251
33764.44,KDPP-Norm,5983,2907,773956,0,nrmsd_norm,15,0.3799987357466502
33764.44,KDPP-Norm,5983,2907,773956,0,nrmsd_norm,16,0.37747242139737786
33764.44,KDPP-Norm,5983,3001,773956,0,nrmsd_norm,17,0.36308909023416563
33764.44,KDPP-Norm,5983,2483,773956,0,nrmsd_norm,18,0.3669682775054753
33764.44,KDPP-Norm,5983,1186,773956,0,nrmsd_norm,19,0.36342257773766695
33764.44,KDPP-Norm,5983,1186,773956,0,nrmsd_norm,20,0.35214996836756596
33764.44,KDPP-Norm,5983,2104,773956,0,nrmsd_norm,22,0.31328809573860456
33764.44,KDPP-Norm,5983,2104,773956,0,nrmsd_norm,24,0.30604597696779756
33764.44,KDPP-Norm,5983,2104,773956,0,nrmsd_norm,26,0.31726386918029686
33764.44,KDPP-Norm,5983,2483,773956,0,nrmsd_norm,28,0.32082078435957145
33764.44,KDPP-Norm,5983,12461,773956,0,nrmsd_norm,30,0.3008726614868268
33764.44,KDPP-Norm,5983,2483,773956,0,nrmsd_norm,32,0.30095169882019757
33764.44,KDPP-Norm,5983,2104,773956,0,nrmsd_norm,34,0.29115481298882107
33764.44,KDPP-Norm,5983,2104,773956,0,nrmsd_norm,36,0.29714232263268225
33764.44,KDPP-Norm,5983,12461,773956,0,nrmsd_norm,38,0.2897513864492158
33764.44,KDPP-Norm,5983,2104,773956,0,nrmsd_norm,40,0.2933694225423046
33764.44,KDPP-Norm,5983,2104,773956,0,nrmsd_norm,42,0.2904399624113923
33764.44,KDPP-Norm,5983,2104,773956,0,nrmsd_norm,44,0.3013538667524468
33764.44,KDPP-Norm,5983,2104,773956,0,nrmsd_norm,46,0.29382185550710566
33764.44,KDPP-Norm,5983,2104,773956,0,nrmsd_norm,48,0.28653806593099324
33764.44,KDPP-Norm,5983,12461,773956,0,nrmsd_norm,50,0.28521905744638365
33764.44,KDPP-Norm,5983,12461,773956,0,nrmsd_norm,55,0.2803637237730995
33764.44,KDPP-Norm,5983,12461,773956,0,nrmsd_norm,60,0.2741948762710243
33764.44,KDPP-Norm,5983,12461,773956,0,nrmsd_norm,65,0.2723292780131946
33764.44,KDPP-Norm,5983,12461,773956,0,nrmsd_norm,70,0.28709432980130234
33764.44,KDPP-Norm,5983,12461,773956,0,nrmsd_norm,75,0.2854848233901835
33764.44,KDPP-Norm,5983,12461,773956,0,nrmsd_norm,80,0.28394376040783337
33764.44,KDPP-Norm,5983,12461,773956,0,nrmsd_norm,85,0.27918799070256806
33764.44,KDPP-Norm,5983,7537,773956,0,nrmsd_norm,90,0.2817352893252712
33764.44,KDPP-Norm,5983,7537,773956,0,nrmsd_norm,95,0.2798709426148661
33764.44,KDPP-Norm,5983,7537,773956,0,nrmsd_norm,100,0.28423319055118906
33764.44,KDPP-Norm,5983,10581,654571,0,nrmsd_norm,5,0.5461838299456203
33764.44,KDPP-Norm,5983,5496,654571,0,nrmsd_norm,6,0.4776514795120445
33764.44,KDPP-Norm,5983,9028,654571,0,nrmsd_norm,7,0.433007762112042
33764.44,KDPP-Norm,5983,11225,654571,0,nrmsd_norm,8,0.4042738197562121
33764.44,KDPP-Norm,5983,9028,654571,0,nrmsd_norm,9,0.38619235221078757
33764.44,KDPP-Norm,5983,9028,654571,0,nrmsd_norm,10,0.38133996254457986
33764.44,KDPP-Norm,5983,9028,654571,0,nrmsd_norm,11,0.39626112836963834
33764.44,KDPP-Norm,5983,9028,654571,0,nrmsd_norm,12,0.39656121586080545
33764.44,KDPP-Norm,5983,11225,654571,0,nrmsd_norm,13,0.38875607684730246
33764.44,KDPP-Norm,5983,499,654571,0,nrmsd_norm,14,0.3723200075150587
33764.44,KDPP-Norm,5983,499,654571,0,nrmsd_norm,15,0.3787872829096278
33764.44,KDPP-Norm,5983,6732,654571,0,nrmsd_norm,16,0.37938667060240344
33764.44,KDPP-Norm,5983,10536,654571,0,nrmsd_norm,17,0.35116297548043895
33764.44,KDPP-Norm,5983,10536,654571,0,nrmsd_norm,18,0.3614956199225455
33764.44,KDPP-Norm,5983,10536,654571,0,nrmsd_norm,19,0.34821555705005297
33764.44,KDPP-Norm,5983,10536,654571,0,nrmsd_norm,20,0.3418935225142197
33764.44,KDPP-Norm,5983,10618,654571,0,nrmsd_norm,22,0.30829299604802474
33764.44,KDPP-Norm,5983,11502,654571,0,nrmsd_norm,24,0.2860256143966869
33764.44,KDPP-Norm,5983,11502,654571,0,nrmsd_norm,26,0.3034218898149674
33764.44,KDPP-Norm,5983,11502,654571,0,nrmsd_norm,28,0.3076313461097828
33764.44,KDPP-Norm,5983,9794,654571,0,nrmsd_norm,30,0.29362327776706965
33764.44,KDPP-Norm,5983,10788,654571,0,nrmsd_norm,32,0.2987720448758066
33764.44,KDPP-Norm,5983,10788,654571,0,nrmsd_norm,34,0.28646652580791304
33764.44,KDPP-Norm,5983,10788,654571,0,nrmsd_norm,36,0.288257413131025
33764.44,KDPP-Norm,5983,10788,654571,0,nrmsd_norm,38,0.2828574929734213
33764.44,KDPP-Norm,5983,10788,654571,0,nrmsd_norm,40,0.2874084119468841
33764.44,KDPP-Norm,5983,10788,654571,0,nrmsd_norm,42,0.2842244813156993
33764.44,KDPP-Norm,5983,10788,654571,0,nrmsd_norm,44,0.29584730732644254
33764.44,KDPP-Norm,5983,7564,654571,0,nrmsd_norm,46,0.29056569843958935
33764.44,KDPP-Norm,5983,7564,654571,0,nrmsd_norm,48,0.28475282990492967
33764.44,KDPP-Norm,5983,7564,654571,0,nrmsd_norm,50,0.2799921042264051
33764.44,KDPP-Norm,5983,10788,654571,0,nrmsd_norm,55,0.27428598677832033
33764.44,KDPP-Norm,5983,7564,654571,0,nrmsd_norm,60,0.2671029991114296
33764.44,KDPP-Norm,5983,2483,654571,0,nrmsd_norm,65,0.26770975728616736
33764.44,KDPP-Norm,5983,2483,654571,0,nrmsd_norm,70,0.2858255041923457
33764.44,KDPP-Norm,5983,2483,654571,0,nrmsd_norm,75,0.28425056100763596
33764.44,KDPP-Norm,5983,2483,654571,0,nrmsd_norm,80,0.28184217735443534
33764.44,KDPP-Norm,5983,2483,654571,0,nrmsd_norm,85,0.2801389477018799
33764.44,KDPP-Norm,5983,2483,654571,0,nrmsd_norm,90,0.28520954435077367
33764.44,KDPP-Norm,5983,7564,654571,0,nrmsd_norm,95,0.283653277870648
33764.44,KDPP-Norm,5983,7564,654571,0,nrmsd_norm,100,0.2870372468817396
33764.44,KDPP-Norm,5983,4147,438878,0,nrmsd_norm,5,0.5401082761966394
33764.44,KDPP-Norm,5983,1943,438878,0,nrmsd_norm,6,0.4752405926734265
33764.44,KDPP-Norm,5983,12542,438878,0,nrmsd_norm,7,0.45084162269842687
33764.44,KDPP-Norm,5983,6728,438878,0,nrmsd_norm,8,0.42745376515354655
33764.44,KDPP-Norm,5983,3305,438878,0,nrmsd_norm,9,0.4164586405504788
33764.44,KDPP-Norm,5983,4084,438878,0,nrmsd_norm,10,0.395259950334553
33764.44,KDPP-Norm,5983,9124,438878,0,nrmsd_norm,11,0.39894988256024855
33764.44,KDPP-Norm,5983,9124,438878,0,nrmsd_norm,12,0.41642032491342895
33764.44,KDPP-Norm,5983,4084,438878,0,nrmsd_norm,13,0.40757892419266617
33764.44,KDPP-Norm,5983,4084,438878,0,nrmsd_norm,14,0.38133437521946595
33764.44,KDPP-Norm,5983,4084,438878,0,nrmsd_norm,15,0.3714332110217613
33764.44,KDPP-Norm,5983,9124,438878,0,nrmsd_norm,16,0.3561074903644442
33764.44,KDPP-Norm,5983,9124,438878,0,nrmsd_norm,17,0.3501871725329385
33764.44,KDPP-Norm,5983,9124,438878,0,nrmsd_norm,18,0.37033496824038914
33764.44,KDPP-Norm,5983,4084,438878,0,nrmsd_norm,19,0.3714009712854311
33764.44,KDPP-Norm,5983,4084,438878,0,nrmsd_norm,20,0.36543298113980305
33764.44,KDPP-Norm,5983,5987,438878,0,nrmsd_norm,22,0.33814962261528503
33764.44,KDPP-Norm,5983,5987,438878,0,nrmsd_norm,24,0.31165085194901243
33764.44,KDPP-Norm,5983,5987,438878,0,nrmsd_norm,26,0.3063467515727411
33764.44,KDPP-Norm,5983,5987,438878,0,nrmsd_norm,28,0.3106353020937632
33764.44,KDPP-Norm,5983,12461,438878,0,nrmsd_norm,30,0.28944073820542493
33764.44,KDPP-Norm,5983,12461,438878,0,nrmsd_norm,32,0.293326269693894
33764.44,KDPP-Norm,5983,12461,438878,0,nrmsd_norm,34,0.2901497459280874
33764.44,KDPP-Norm,5983,12461,438878,0,nrmsd_norm,36,0.2885080201247039
33764.44,KDPP-Norm,5983,7537,438878,0,nrmsd_norm,38,0.28216951452365596
33764.44,KDPP-Norm,5983,7537,438878,0,nrmsd_norm,40,0.2847227766096909
33764.44,KDPP-Norm,5983,7537,438878,0,nrmsd_norm,42,0.2826125226566688
33764.44,KDPP-Norm,5983,7537,438878,0,nrmsd_norm,44,0.2899414972837859
33764.44,KDPP-Norm,5983,7537,438878,0,nrmsd_norm,46,0.2813644936981191
33764.44,KDPP-Norm,5983,7537,438878,0,nrmsd_norm,48,0.2800470100874455
33764.44,KDPP-Norm,5983,7537,438878,0,nrmsd_norm,50,0.2780341462680315
33764.44,KDPP-Norm,5983,7537,438878,0,nrmsd_norm,55,0.2820789998131105
33764.44,KDPP-Norm,5983,5983,438878,0,nrmsd_norm,60,0.27496557677920164
33764.44,KDPP-Norm,5983,5983,438878,0,nrmsd_norm,65,0.2738419232051051
33764.44,KDPP-Norm,5983,5983,438878,0,nrmsd_norm,70,0.283321704990687
33764.44,KDPP-Norm,5983,8484,438878,0,nrmsd_norm,75,0.2826189512371263
33764.44,KDPP-Norm,5983,8484,438878,0,nrmsd_norm,80,0.28540360536218706
33764.44,KDPP-Norm,5983,8484,438878,0,nrmsd_norm,85,0.28182476797777445
33764.44,KDPP-Norm,5983,8484,438878,0,nrmsd_norm,90,0.28601570029273177
33764.44,KDPP-Norm,5983,8484,438878,0,nrmsd_norm,95,0.2825806298341702
33764.44,KDPP-Norm,5983,8484,438878,0,nrmsd_norm,100,0.28528958667808224
33764.44,KDPP-Norm,5983,8606,433015,0,nrmsd_norm,5,0.5358399241710716
33764.44,KDPP-Norm,5983,6744,433015,0,nrmsd_norm,6,0.4831700832396517
33764.44,KDPP-Norm,5983,6744,433015,0,nrmsd_norm,7,0.48258827577610947
33764.44,KDPP-Norm,5983,9903,433015,0,nrmsd_norm,8,0.480133893787082
33764.44,KDPP-Norm,5983,9903,433015,0,nrmsd_norm,9,0.45525614100812845
33764.44,KDPP-Norm,5983,9903,433015,0,nrmsd_norm,10,0.4179522077384498
33764.44,KDPP-Norm,5983,9903,433015,0,nrmsd_norm,11,0.4314727129875831
33764.44,KDPP-Norm,5983,9903,433015,0,nrmsd_norm,12,0.44125241256514725
33764.44,KDPP-Norm,5983,9903,433015,0,nrmsd_norm,13,0.4201074907416954
33764.44,KDPP-Norm,5983,9903,433015,0,nrmsd_norm,14,0.397718392072293
33764.44,KDPP-Norm,5983,9903,433015,0,nrmsd_norm,15,0.38423195693195544
33764.44,KDPP-Norm,5983,9903,433015,0,nrmsd_norm,16,0.3758056715105848
33764.44,KDPP-Norm,5983,10536,433015,0,nrmsd_norm,17,0.373358669280312
33764.44,KDPP-Norm,5983,10536,433015,0,nrmsd_norm,18,0.3650565626746714
33764.44,KDPP-Norm,5983,10536,433015,0,nrmsd_norm,19,0.3557731145253678
33764.44,KDPP-Norm,5983,7259,433015,0,nrmsd_norm,20,0.353363221387243
33764.44,KDPP-Norm,5983,7259,433015,0,nrmsd_norm,22,0.3242326770568721
33764.44,KDPP-Norm,5983,6728,433015,0,nrmsd_norm,24,0.3166218877096976
33764.44,KDPP-Norm,5983,8585,433015,0,nrmsd_norm,26,0.32629438870531563
33764.44,KDPP-Norm,5983,7538,433015,0,nrmsd_norm,28,0.32696341234020976
33764.44,KDPP-Norm,5983,7538,433015,0,nrmsd_norm,30,0.30581653503281064
33764.44,KDPP-Norm,5983,8585,433015,0,nrmsd_norm,32,0.3069064414645456
33764.44,KDPP-Norm,5983,8585,433015,0,nrmsd_norm,34,0.30108475180763905
33764.44,KDPP-Norm,5983,8585,433015,0,nrmsd_norm,36,0.3012393469617774
33764.44,KDPP-Norm,5983,7538,433015,0,nrmsd_norm,38,0.29874385318792285
33764.44,KDPP-Norm,5983,8585,433015,0,nrmsd_norm,40,0.30175669753652207
33764.44,KDPP-Norm,5983,7538,433015,0,nrmsd_norm,42,0.29873454030121155
33764.44,KDPP-Norm,5983,8585,433015,0,nrmsd_norm,44,0.31152394916602544
33764.44,KDPP-Norm,5983,7538,433015,0,nrmsd_norm,46,0.3057038123207034
33764.44,KDPP-Norm,5983,8585,433015,0,nrmsd_norm,48,0.29461171005271336
33764.44,KDPP-Norm,5983,8585,433015,0,nrmsd_norm,50,0.2921662623526159
33764.44,KDPP-Norm,5983,2780,433015,0,nrmsd_norm,55,0.2801914316639103
33764.44,KDPP-Norm,5983,2780,433015,0,nrmsd_norm,60,0.27163666727752667
33764.44,KDPP-Norm,5983,2780,433015,0,nrmsd_norm,65,0.26811194084690315
33764.44,KDPP-Norm,5983,10618,433015,0,nrmsd_norm,70,0.2858125084865099
33764.44,KDPP-Norm,5983,10618,433015,0,nrmsd_norm,75,0.28225273752619434
33764.44,KDPP-Norm,5983,10618,433015,0,nrmsd_norm,80,0.28016986805662136
33764.44,KDPP-Norm,5983,10618,433015,0,nrmsd_norm,85,0.27820433048791304
33764.44,KDPP-Norm,5983,10618,433015,0,nrmsd_norm,90,0.28198628099716755
33764.44,KDPP-Norm,5983,10618,433015,0,nrmsd_norm,95,0.2791057284800301
33764.44,KDPP-Norm,5983,10618,433015,0,nrmsd_norm,100,0.2821527163186244
33764.44,KDPP-Norm,5983,5723,858597,0,nrmsd_norm,5,0.5557891625927368
33764.44,KDPP-Norm,5983,475,858597,0,nrmsd_norm,6,0.510192044551672
33764.44,KDPP-Norm,5983,475,858597,0,nrmsd_norm,7,0.48239033885882876
33764.44,KDPP-Norm,5983,475,858597,0,nrmsd_norm,8,0.4921152529949883
33764.44,KDPP-Norm,5983,2104,858597,0,nrmsd_norm,9,0.42887881738761024
33764.44,KDPP-Norm,5983,2104,858597,0,nrmsd_norm,10,0.4105214795824259
33764.44,KDPP-Norm,5983,2104,858597,0,nrmsd_norm,11,0.42354550668774926
33764.44,KDPP-Norm,5983,2104,858597,0,nrmsd_norm,12,0.4377880575151125
33764.44,KDPP-Norm,5983,3992,858597,0,nrmsd_norm,13,0.41629845491846507
33764.44,KDPP-Norm,5983,9903,858597,0,nrmsd_norm,14,0.4049451994319368
33764.44,KDPP-Norm,5983,9903,858597,0,nrmsd_norm,15,0.3903637319770321
33764.44,KDPP-Norm,5983,11263,858597,0,nrmsd_norm,16,0.3814978068739766
33764.44,KDPP-Norm,5983,726,858597,0,nrmsd_norm,17,0.3689337183078969
33764.44,KDPP-Norm,5983,726,858597,0,nrmsd_norm,18,0.3657297496561128
33764.44,KDPP-Norm,5983,169,858597,0,nrmsd_norm,19,0.35738283200378573
33764.44,KDPP-Norm,5983,800,858597,0,nrmsd_norm,20,0.35165061273416404
33764.44,KDPP-Norm,5983,800,858597,0,nrmsd_norm,22,0.32425717432834955
33764.44,KDPP-Norm,5983,800,858597,0,nrmsd_norm,24,0.310477542369588
33764.44,KDPP-Norm,5983,800,858597,0,nrmsd_norm,26,0.32509943813815123
33764.44,KDPP-Norm,5983,800,858597,0,nrmsd_norm,28,0.3271341605250651
33764.44,KDPP-Norm,5983,800,858597,0,nrmsd_norm,30,0.30956905416553865
33764.44,KDPP-Norm,5983,800,858597,0,nrmsd_norm,32,0.31863932786288013
33764.44,KDPP-Norm,5983,800,858597,0,nrmsd_norm,34,0.31086233207123004
33764.44,KDPP-Norm,5983,800,858597,0,nrmsd_norm,36,0.3096481693827136
33764.44,KDPP-Norm,5983,169,858597,0,nrmsd_norm,38,0.3046049777474657
33764.44,KDPP-Norm,5983,169,858597,0,nrmsd_norm,40,0.30520615555191233
33764.44,KDPP-Norm,5983,169,858597,0,nrmsd_norm,42,0.3038331782260634
33764.44,KDPP-Norm,5983,169,858597,0,nrmsd_norm,44,0.3136837543525213
33764.44,KDPP-Norm,5983,169,858597,0,nrmsd_norm,46,0.3070784150258555
33764.44,KDPP-Norm,5983,169,858597,0,nrmsd_norm,48,0.2992550962756277
33764.44,KDPP-Norm,5983,169,858597,0,nrmsd_norm,50,0.29701962415672484
33764.44,KDPP-Norm,5983,5982,858597,0,nrmsd_norm,55,0.28659621378446387
33764.44,KDPP-Norm,5983,5982,858597,0,nrmsd_norm,60,0.27682569042195576
33764.44,KDPP-Norm,5983,5982,858597,0,nrmsd_norm,65,0.27735250696015035
33764.44,KDPP-Norm,5983,8484,858597,0,nrmsd_norm,70,0.29525632920184736
33764.44,KDPP-Norm,5983,8484,858597,0,nrmsd_norm,75,0.2893829999685927
33764.44,KDPP-Norm,5983,8484,858597,0,nrmsd_norm,80,0.2800973876014463
33764.44,KDPP-Norm,5983,8484,858597,0,nrmsd_norm,85,0.277018540927174
33764.44,KDPP-Norm,5983,8484,858597,0,nrmsd_norm,90,0.28375663964279735
33764.44,KDPP-Norm,5983,8484,858597,0,nrmsd_norm,95,0.2827575398784313
33764.44,KDPP-Norm,5983,8484,858597,0,nrmsd_norm,100,0.28516740436603866
33764.44,KDPP-Norm,5983,9903,85945,0,nrmsd_norm,5,0.5293659330880919
33764.44,KDPP-Norm,5983,6074,85945,0,nrmsd_norm,6,0.4568594247745774
33764.44,KDPP-Norm,5983,5984,85945,0,nrmsd_norm,7,0.4480066032098588
33764.44,KDPP-Norm,5983,4084,85945,0,nrmsd_norm,8,0.44742407787559163
33764.44,KDPP-Norm,5983,4084,85945,0,nrmsd_norm,9,0.4081005617915368
33764.44,KDPP-Norm,5983,4084,85945,0,nrmsd_norm,10,0.396026086214975
33764.44,KDPP-Norm,5983,4084,85945,0,nrmsd_norm,11,0.4055969204056313
33764.44,KDPP-Norm,5983,4084,85945,0,nrmsd_norm,12,0.41760067675320456
33764.44,KDPP-Norm,5983,11263,85945,0,nrmsd_norm,13,0.4169187995625971
33764.44,KDPP-Norm,5983,5985,85945,0,nrmsd_norm,14,0.4009784201574671
33764.44,KDPP-Norm,5983,3389,85945,0,nrmsd_norm,15,0.3742636824614741
33764.44,KDPP-Norm,5983,12662,85945,0,nrmsd_norm,16,0.35932733860373917
33764.44,KDPP-Norm,5983,3305,85945,0,nrmsd_norm,17,0.3496235789053354
33764.44,KDPP-Norm,5983,3305,85945,0,nrmsd_norm,18,0.3521591861536243
33764.44,KDPP-Norm,5983,3305,85945,0,nrmsd_norm,19,0.34764921570914553
33764.44,KDPP-Norm,5983,5987,85945,0,nrmsd_norm,20,0.3357836972261318
33764.44,KDPP-Norm,5983,5987,85945,0,nrmsd_norm,22,0.3099873358876543
33764.44,KDPP-Norm,5983,5987,85945,0,nrmsd_norm,24,0.2963874525590624
33764.44,KDPP-Norm,5983,5987,85945,0,nrmsd_norm,26,0.301817434393899
33764.44,KDPP-Norm,5983,5987,85945,0,nrmsd_norm,28,0.3050156709338522
33764.44,KDPP-Norm,5983,4084,85945,0,nrmsd_norm,30,0.28750427367116915
33764.44,KDPP-Norm,5983,4084,85945,0,nrmsd_norm,32,0.29361753131595125
33764.44,KDPP-Norm,5983,4084,85945,0,nrmsd_norm,34,0.2863066718152284
33764.44,KDPP-Norm,5983,4084,85945,0,nrmsd_norm,36,0.2896276890774852
33764.44,KDPP-Norm,5983,4084,85945,0,nrmsd_norm,38,0.28415799835847294
33764.44,KDPP-Norm,5983,4084,85945,0,nrmsd_norm,40,0.28788437822981294
33764.44,KDPP-Norm,5983,4084,85945,0,nrmsd_norm,42,0.284519170156334
33764.44,KDPP-Norm,5983,4084,85945,0,nrmsd_norm,44,0.2958002428034191
33764.44,KDPP-Norm,5983,5987,85945,0,nrmsd_norm,46,0.28883750932475316
33764.44,KDPP-Norm,5983,5987,85945,0,nrmsd_norm,48,0.27696464466113047
33764.44,KDPP-Norm,5983,12461,85945,0,nrmsd_norm,50,0.2742170284685004
33764.44,KDPP-Norm,5983,7537,85945,0,nrmsd_norm,55,0.27563736826163543
33764.44,KDPP-Norm,5983,5983,85945,0,nrmsd_norm,60,0.27105098389578297
33764.44,KDPP-Norm,5983,5987,85945,0,nrmsd_norm,65,0.26929713215181184
33764.44,KDPP-Norm,5983,5987,85945,0,nrmsd_norm,70,0.2831023508619737
33764.44,KDPP-Norm,5983,5983,85945,0,nrmsd_norm,75,0.2850733902210458
33764.44,KDPP-Norm,5983,7537,85945,0,nrmsd_norm,80,0.2827917212553374
33764.44,KDPP-Norm,5983,7537,85945,0,nrmsd_norm,85,0.2785131719340212
33764.44,KDPP-Norm,5983,7537,85945,0,nrmsd_norm,90,0.2822121181288585
33764.44,KDPP-Norm,5983,7537,85945,0,nrmsd_norm,95,0.2790829373145144
33764.44,KDPP-Norm,5983,7537,85945,0,nrmsd_norm,100,0.28328426762249803
33764.44,KDPP-Norm,5983,5723,697368,0,nrmsd_norm,5,0.530968599880517
33764.44,KDPP-Norm,5983,5723,697368,0,nrmsd_norm,6,0.4721053493964548
33764.44,KDPP-Norm,5983,6074,697368,0,nrmsd_norm,7,0.4460981628995216
33764.44,KDPP-Norm,5983,6138,697368,0,nrmsd_norm,8,0.43567349080767725
33764.44,KDPP-Norm,5983,10536,697368,0,nrmsd_norm,9,0.42447409627911337
33764.44,KDPP-Norm,5983,1023,697368,0,nrmsd_norm,10,0.3996936210305305
33764.44,KDPP-Norm,5983,5155,697368,0,nrmsd_norm,11,0.44003898833116073
33764.44,KDPP-Norm,5983,1993,697368,0,nrmsd_norm,12,0.44124768311003243
33764.44,KDPP-Norm,5983,4542,697368,0,nrmsd_norm,13,0.4280372465414157
33764.44,KDPP-Norm,5983,4542,697368,0,nrmsd_norm,14,0.41133599018490413
33764.44,KDPP-Norm,5983,4542,697368,0,nrmsd_norm,15,0.40796169073049865
33764.44,KDPP-Norm,5983,4542,697368,0,nrmsd_norm,16,0.3992108692300927
33764.44,KDPP-Norm,5983,4542,697368,0,nrmsd_norm,17,0.38343447919282075
33764.44,KDPP-Norm,5983,4542,697368,0,nrmsd_norm,18,0.3779315325080511
33764.44,KDPP-Norm,5983,4542,697368,0,nrmsd_norm,19,0.3664695769221521
33764.44,KDPP-Norm,5983,4542,697368,0,nrmsd_norm,20,0.3643230241831859
33764.44,KDPP-Norm,5983,4542,697368,0,nrmsd_norm,22,0.32874074421902455
33764.44,KDPP-Norm,5983,9795,697368,0,nrmsd_norm,24,0.31158147660867347
33764.44,KDPP-Norm,5983,9795,697368,0,nrmsd_norm,26,0.33482301221054156
33764.44,KDPP-Norm,5983,9795,697368,0,nrmsd_norm,28,0.3379417145355562
33764.44,KDPP-Norm,5983,9795,697368,0,nrmsd_norm,30,0.32010887895743195
33764.44,KDPP-Norm,5983,6728,697368,0,nrmsd_norm,32,0.32822621000334584
33764.44,KDPP-Norm,5983,6728,697368,0,nrmsd_norm,34,0.3111943805142633
33764.44,KDPP-Norm,5983,6728,697368,0,nrmsd_norm,36,0.3119978419630332
33764.44,KDPP-Norm,5983,9795,697368,0,nrmsd_norm,38,0.3113889295867064
33764.44,KDPP-Norm,5983,9795,697368,0,nrmsd_norm,40,0.31802295424749827
33764.44,KDPP-Norm,5983,9795,697368,0,nrmsd_norm,42,0.3165478161807535
33764.44,KDPP-Norm,5983,8059,697368,0,nrmsd_norm,44,0.3255940535087489
33764.44,KDPP-Norm,5983,8059,697368,0,nrmsd_norm,46,0.3192505551964275
33764.44,KDPP-Norm,5983,8059,697368,0,nrmsd_norm,48,0.30383908256178055
33764.44,KDPP-Norm,5983,8059,697368,0,nrmsd_norm,50,0.3020623466691492
33764.44,KDPP-Norm,5983,8059,697368,0,nrmsd_norm,55,0.2954424925354926
33764.44,KDPP-Norm,5983,499,697368,0,nrmsd_norm,60,0.2852863386671138
33764.44,KDPP-Norm,5983,8059,697368,0,nrmsd_norm,65,0.2778497814808753
33764.44,KDPP-Norm,5983,499,697368,0,nrmsd_norm,70,0.2943264821644439
33764.44,KDPP-Norm,5983,8484,697368,0,nrmsd_norm,75,0.2890257233656959
33764.44,KDPP-Norm,5983,8484,697368,0,nrmsd_norm,80,0.28651558002116323
33764.44,KDPP-Norm,5983,8484,697368,0,nrmsd_norm,85,0.2828201619083605
33764.44,KDPP-Norm,5983,8484,697368,0,nrmsd_norm,90,0.28620027946297943
33764.44,KDPP-Norm,5983,8484,697368,0,nrmsd_norm,95,0.283052005852638
33764.44,KDPP-Norm,5983,8484,697368,0,nrmsd_norm,100,0.2856721606279844
33764.44,KDPP-Norm,5983,1943,201469,0,nrmsd_norm,5,0.5412229524795198
33764.44,KDPP-Norm,5983,11549,201469,0,nrmsd_norm,6,0.47359858126988486
33764.44,KDPP-Norm,5983,475,201469,0,nrmsd_norm,7,0.436530355181451
33764.44,KDPP-Norm,5983,7435,201469,0,nrmsd_norm,8,0.42916641010260803
33764.44,KDPP-Norm,5983,7435,201469,0,nrmsd_norm,9,0.3989902231729098
33764.44,KDPP-Norm,5983,7435,201469,0,nrmsd_norm,10,0.3904061867731436
33764.44,KDPP-Norm,5983,7435,201469,0,nrmsd_norm,11,0.40673943399014734
33764.44,KDPP-Norm,5983,7435,201469,0,nrmsd_norm,12,0.4142215590584255
33764.44,KDPP-Norm,5983,10618,201469,0,nrmsd_norm,13,0.4072628059514176
33764.44,KDPP-Norm,5983,10788,201469,0,nrmsd_norm,14,0.3824749978786186
33764.44,KDPP-Norm,5983,10788,201469,0,nrmsd_norm,15,0.38265119509423035
33764.44,KDPP-Norm,5983,7537,201469,0,nrmsd_norm,16,0.374296976300817
33764.44,KDPP-Norm,5983,2483,201469,0,nrmsd_norm,17,0.35381259689122785
33764.44,KDPP-Norm,5983,2483,201469,0,nrmsd_norm,18,0.3519711252448086
33764.44,KDPP-Norm,5983,3001,201469,0,nrmsd_norm,19,0.3416553600093854
33764.44,KDPP-Norm,5983,7564,201469,0,nrmsd_norm,20,0.33454743978050105
33764.44,KDPP-Norm,5983,7564,201469,0,nrmsd_norm,22,0.3096033135650615
33764.44,KDPP-Norm,5983,2483,201469,0,nrmsd_norm,24,0.2930812715861142
33764.44,KDPP-Norm,5983,7564,201469,0,nrmsd_norm,26,0.30062524618364694
33764.44,KDPP-Norm,5983,2483,201469,0,nrmsd_norm,28,0.3034611095979565
33764.44,KDPP-Norm,5983,7564,201469,0,nrmsd_norm,30,0.28845955859158
33764.44,KDPP-Norm,5983,7564,201469,0,nrmsd_norm,32,0.2920520337803837
33764.44,KDPP-Norm,5983,7564,201469,0,nrmsd_norm,34,0.2899907140677683
33764.44,KDPP-Norm,5983,10618,201469,0,nrmsd_norm,36,0.29102308664117554
33764.44,KDPP-Norm,5983,10618,201469,0,nrmsd_norm,38,0.2857303431154877
33764.44,KDPP-Norm,5983,10618,201469,0,nrmsd_norm,40,0.29053587842628564
33764.44,KDPP-Norm,5983,10618,201469,0,nrmsd_norm,42,0.2912946766986183
33764.44,KDPP-Norm,5983,10618,201469,0,nrmsd_norm,44,0.30216972019976845
33764.44,KDPP-Norm,5983,10618,201469,0,nrmsd_norm,46,0.29370061683905746
33764.44,KDPP-Norm,5983,10618,201469,0,nrmsd_norm,48,0.2802343232903612
33764.44,KDPP-Norm,5983,10618,201469,0,nrmsd_norm,50,0.27578208246158936
33764.44,KDPP-Norm,5983,10618,201469,0,nrmsd_norm,55,0.2773609915471097
33764.44,KDPP-Norm,5983,5983,201469,0,nrmsd_norm,60,0.27342673274317364
33764.44,KDPP-Norm,5983,7537,201469,0,nrmsd_norm,65,0.2730100308592179
33764.44,KDPP-Norm,5983,5983,201469,0,nrmsd_norm,70,0.2865949706535968
33764.44,KDPP-Norm,5983,5983,201469,0,nrmsd_norm,75,0.28360005190173543
33764.44,KDPP-Norm,5983,5983,201469,0,nrmsd_norm,80,0.2799303586534686
33764.44,KDPP-Norm,5983,5983,201469,0,nrmsd_norm,85,0.2783887761404032
33764.44,KDPP-Norm,5983,5983,201469,0,nrmsd_norm,90,0.2835540502600106
33764.44,KDPP-Norm,5983,7537,201469,0,nrmsd_norm,95,0.28266297064171964
33764.44,KDPP-Norm,5983,7537,201469,0,nrmsd_norm,100,0.2862112640349683
33764.44,KDPP-Norm,5983,10011,94177,0,nrmsd_norm,5,0.5262966575705661
33764.44,KDPP-Norm,5983,189,94177,0,nrmsd_norm,6,0.47118693190511524
33764.44,KDPP-Norm,5983,6215,94177,0,nrmsd_norm,7,0.47694461504209035
33764.44,KDPP-Norm,5983,169,94177,0,nrmsd_norm,8,0.4469577965676664
33764.44,KDPP-Norm,5983,2987,94177,0,nrmsd_norm,9,0.4193673904721278
33764.44,KDPP-Norm,5983,3491,94177,0,nrmsd_norm,10,0.4209212722487434
33764.44,KDPP-Norm,5983,1965,94177,0,nrmsd_norm,11,0.42070139151122576
33764.44,KDPP-Norm,5983,1965,94177,0,nrmsd_norm,12,0.42845206901670707
33764.44,KDPP-Norm,5983,1965,94177,0,nrmsd_norm,13,0.4202952900357449
33764.44,KDPP-Norm,5983,4084,94177,0,nrmsd_norm,14,0.4030036373136663
33764.44,KDPP-Norm,5983,4084,94177,0,nrmsd_norm,15,0.396702418709893
33764.44,KDPP-Norm,5983,7537,94177,0,nrmsd_norm,16,0.3966090330670439
33764.44,KDPP-Norm,5983,7537,94177,0,nrmsd_norm,17,0.38008756769500174
33764.44,KDPP-Norm,5983,12461,94177,0,nrmsd_norm,18,0.3958200769067248
33764.44,KDPP-Norm,5983,12461,94177,0,nrmsd_norm,19,0.3934439241240106
33764.44,KDPP-Norm,5983,5983,94177,0,nrmsd_norm,20,0.38349012117488196
33764.44,KDPP-Norm,5983,5983,94177,0,nrmsd_norm,22,0.350053352874683
33764.44,KDPP-Norm,5983,7537,94177,0,nrmsd_norm,24,0.3134863757280823
33764.44,KDPP-Norm,5983,7537,94177,0,nrmsd_norm,26,0.31707997550812694
33764.44,KDPP-Norm,5983,7537,94177,0,nrmsd_norm,28,0.31668611544144626
33764.44,KDPP-Norm,5983,5983,94177,0,nrmsd_norm,30,0.30151619352964476
33764.44,KDPP-Norm,5983,5983,94177,0,nrmsd_norm,32,0.3053721389776124
33764.44,KDPP-Norm,5983,5983,94177,0,nrmsd_norm,34,0.3054486090494317
33764.44,KDPP-Norm,5983,5983,94177,0,nrmsd_norm,36,0.3047980995968627
33764.44,KDPP-Norm,5983,5987,94177,0,nrmsd_norm,38,0.3040326910476507
33764.44,KDPP-Norm,5983,5987,94177,0,nrmsd_norm,40,0.30111059473849133
33764.44,KDPP-Norm,5983,5987,94177,0,nrmsd_norm,42,0.29788852581224534
33764.44,KDPP-Norm,5983,5987,94177,0,nrmsd_norm,44,0.3075934113920432
33764.44,KDPP-Norm,5983,5987,94177,0,nrmsd_norm,46,0.29743339087071946
33764.44,KDPP-Norm,5983,5987,94177,0,nrmsd_norm,48,0.2929084044824519
33764.44,KDPP-Norm,5983,5987,94177,0,nrmsd_norm,50,0.2912765077626229
33764.44,KDPP-Norm,5983,5987,94177,0,nrmsd_norm,55,0.28684493861510246
33764.44,KDPP-Norm,5983,5987,94177,0,nrmsd_norm,60,0.2801516213092767
33764.44,KDPP-Norm,5983,5987,94177,0,nrmsd_norm,65,0.27701932019007913
33764.44,KDPP-Norm,5983,5987,94177,0,nrmsd_norm,70,0.286899672718537
33764.44,KDPP-Norm,5983,5987,94177,0,nrmsd_norm,75,0.2860640237062887
33764.44,KDPP-Norm,5983,5987,94177,0,nrmsd_norm,80,0.2875874247929946
33764.44,KDPP-Norm,5983,5983,94177,0,nrmsd_norm,85,0.28376632107954286
33764.44,KDPP-Norm,5983,5987,94177,0,nrmsd_norm,90,0.2855121125456765
33764.44,KDPP-Norm,5983,5983,94177,0,nrmsd_norm,95,0.28225203971978174
33764.44,KDPP-Norm,5983,5983,94177,0,nrmsd_norm,100,0.28513595808477277
