subject_id,experiment_name,hotspot_idx,current_hotspot_idx,realization_id,sequence_idx,score_type,sequence_length,score
33764.44,RANDOM,5983,1377,89250,0,geod_dist_to_target,5,44.24426854267161
33764.44,RANDOM,5983,11448,89250,0,geod_dist_to_target,6,46.684524814038646
33764.44,RANDOM,5983,3720,89250,0,geod_dist_to_target,7,5.16621637845767
33764.44,RANDOM,5983,3720,89250,0,geod_dist_to_target,8,5.16621637845767
33764.44,RANDOM,5983,11835,89250,0,geod_dist_to_target,9,2.267569547252035
33764.44,RANDOM,5983,11835,89250,0,geod_dist_to_target,10,2.267569547252035
33764.44,RANDOM,5983,11835,89250,0,geod_dist_to_target,11,2.267569547252035
33764.44,RANDOM,5983,9124,89250,0,geod_dist_to_target,12,0.7243505570719936
33764.44,RANDOM,5983,9124,89250,0,geod_dist_to_target,13,0.7243505570719936
33764.44,RANDOM,5983,6211,89250,0,geod_dist_to_target,14,1.3002540924168604
33764.44,RANDOM,5983,6211,89250,0,geod_dist_to_target,15,1.3002540924168604
33764.44,RANDOM,5983,6211,89250,0,geod_dist_to_target,16,1.3002540924168604
33764.44,RANDOM,5983,6211,89250,0,geod_dist_to_target,17,1.3002540924168604
33764.44,RANDOM,5983,6211,89250,0,geod_dist_to_target,18,1.3002540924168604
33764.44,RANDOM,5983,6211,89250,0,geod_dist_to_target,19,1.3002540924168604
33764.44,RANDOM,5983,2104,89250,0,geod_dist_to_target,20,0.8494817018879054
33764.44,RANDOM,5983,2104,89250,0,geod_dist_to_target,22,0.8494817018879054
33764.44,RANDOM,5983,7564,89250,0,geod_dist_to_target,24,0.6938234922285013
33764.44,RANDOM,5983,7564,89250,0,geod_dist_to_target,26,0.6938234922285013
33764.44,RANDOM,5983,2104,89250,0,geod_dist_to_target,28,0.8494817018879054
33764.44,RANDOM,5983,2104,89250,0,geod_dist_to_target,30,0.8494817018879054
33764.44,RANDOM,5983,2104,89250,0,geod_dist_to_target,32,0.8494817018879054
33764.44,RANDOM,5983,2104,89250,0,geod_dist_to_target,34,0.8494817018879054
33764.44,RANDOM,5983,499,89250,0,geod_dist_to_target,36,5.334583897701716
33764.44,RANDOM,5983,5983,89250,0,geod_dist_to_target,38,0.0
33764.44,RANDOM,5983,5983,89250,0,geod_dist_to_target,40,0.0
33764.44,RANDOM,5983,8484,89250,0,geod_dist_to_target,42,0.23128259924412295
33764.44,RANDOM,5983,5983,89250,0,geod_dist_to_target,44,0.0
33764.44,RANDOM,5983,5983,89250,0,geod_dist_to_target,46,0.0
33764.44,RANDOM,5983,5983,89250,0,geod_dist_to_target,48,0.0
33764.44,RANDOM,5983,5983,89250,0,geod_dist_to_target,50,0.0
33764.44,RANDOM,5983,8484,89250,0,geod_dist_to_target,55,0.23128259924412295
33764.44,RANDOM,5983,8484,89250,0,geod_dist_to_target,60,0.23128259924412295
33764.44,RANDOM,5983,5982,89250,0,geod_dist_to_target,65,0.5119943161671362
33764.44,RANDOM,5983,5982,89250,0,geod_dist_to_target,70,0.5119943161671362
33764.44,RANDOM,5983,5983,89250,0,geod_dist_to_target,75,0.0
33764.44,RANDOM,5983,5983,89250,0,geod_dist_to_target,80,0.0
33764.44,RANDOM,5983,5983,89250,0,geod_dist_to_target,85,0.0
33764.44,RANDOM,5983,5983,89250,0,geod_dist_to_target,90,0.0
33764.44,RANDOM,5983,5983,89250,0,geod_dist_to_target,95,0.0
33764.44,RANDOM,5983,5983,89250,0,geod_dist_to_target,100,0.0
33764.44,RANDOM,5983,11648,773956,0,geod_dist_to_target,5,48.27721861954587
33764.44,RANDOM,5983,4162,773956,0,geod_dist_to_target,6,4.950314961324197
33764.44,RANDOM,5983,10434,773956,0,geod_dist_to_target,7,6.843696635104895
33764.44,RANDOM,5983,10434,773956,0,geod_dist_to_target,8,6.843696635104895
33764.44,RANDOM,5983,4092,773956,0,geod_dist_to_target,9,40.81301593743661
33764.44,RANDOM,5983,12572,773956,0,geod_dist_to_target,10,3.4451128771275936
33764.44,RANDOM,5983,12572,773956,0,geod_dist_to_target,11,3.4451128771275936
33764.44,RANDOM,5983,8484,773956,0,geod_dist_to_target,12,0.23128259924412295
33764.44,RANDOM,5983,8484,773956,0,geod_dist_to_target,13,0.23128259924412295
33764.44,RANDOM,5983,4505,773956,0,geod_dist_to_target,14,3.1275996981222725
33764.44,RANDOM,5983,4505,773956,0,geod_dist_to_target,15,3.1275996981222725
33764.44,RANDOM,5983,1186,773956,0,geod_dist_to_target,16,2.195340195654131
33764.44,RANDOM,5983,1186,773956,0,geod_dist_to_target,17,2.195340195654131
33764.44,RANDOM,5983,1186,773956,0,geod_dist_to_target,18,2.195340195654131
33764.44,RANDOM,5983,1186,773956,0,geod_dist_to_target,19,2.195340195654131
33764.44,RANDOM,5983,1186,773956,0,geod_dist_to_target,20,2.195340195654131
33764.44,RANDOM,5983,1186,773956,0,geod_dist_to_target,22,2.195340195654131
33764.44,RANDOM,5983,1186,773956,0,geod_dist_to_target,24,2.195340195654131
33764.44,RANDOM,5983,1186,773956,0,geod_dist_to_target,26,2.195340195654131
33764.44,RANDOM,5983,1186,773956,0,geod_dist_to_target,28,2.195340195654131
33764.44,RANDOM,5983,1186,773956,0,geod_dist_to_target,30,2.195340195654131
33764.44,RANDOM,5983,8585,773956,0,geod_dist_to_target,32,1.0077340930379142
33764.44,RANDOM,5983,7259,773956,0,geod_dist_to_target,34,1.3521345105016975
33764.44,RANDOM,5983,7259,773956,0,geod_dist_to_target,36,1.3521345105016975
33764.44,RANDOM,5983,5982,773956,0,geod_dist_to_target,38,0.5119943161671362
33764.44,RANDOM,5983,5982,773956,0,geod_dist_to_target,40,0.5119943161671362
33764.44,RANDOM,5983,5982,773956,0,geod_dist_to_target,42,0.5119943161671362
33764.44,RANDOM,5983,5982,773956,0,geod_dist_to_target,44,0.5119943161671362
33764.44,RANDOM,5983,5982,773956,0,geod_dist_to_target,46,0.5119943161671362
33764.44,RANDOM,5983,5982,773956,0,geod_dist_to_target,48,0.5119943161671362
33764.44,RANDOM,5983,5982,773956,0,geod_dist_to_target,50,0.5119943161671362
33764.44,RANDOM,5983,7259,773956,0,geod_dist_to_target,55,1.3521345105016975
33764.44,RANDOM,5983,5982,773956,0,geod_dist_to_target,60,0.5119943161671362
33764.44,RANDOM,5983,5982,773956,0,geod_dist_to_target,65,0.5119943161671362
33764.44,RANDOM,5983,8484,773956,0,geod_dist_to_target,70,0.23128259924412295
33764.44,RANDOM,5983,8484,773956,0,geod_dist_to_target,75,0.23128259924412295
33764.44,RANDOM,5983,8484,773956,0,geod_dist_to_target,80,0.23128259924412295
33764.44,RANDOM,5983,8484,773956,0,geod_dist_to_target,85,0.23128259924412295
33764.44,RANDOM,5983,8484,773956,0,geod_dist_to_target,90,0.23128259924412295
33764.44,RANDOM,5983,5983,773956,0,geod_dist_to_target,95,0.0
33764.44,RANDOM,5983,5983,773956,0,geod_dist_to_target,100,0.0
33764.44,RANDOM,5983,2198,654571,0,geod_dist_to_target,5,21.990041941737456
33764.44,RANDOM,5983,11873,654571,0,geod_dist_to_target,6,22.888342654341898
33764.44,RANDOM,5983,9550,654571,0,geod_dist_to_target,7,6.3837553605971395
33764.44,RANDOM,5983,9550,654571,0,geod_dist_to_target,8,6.3837553605971395
33764.44,RANDOM,5983,6538,654571,0,geod_dist_to_target,9,37.3835394684509
33764.44,RANDOM,5983,4150,654571,0,geod_dist_to_target,10,2.8321054304814623
33764.44,RANDOM,5983,4150,654571,0,geod_dist_to_target,11,2.8321054304814623
33764.44,RANDOM,5983,3455,654571,0,geod_dist_to_target,12,5.725011245953163
33764.44,RANDOM,5983,5946,654571,0,geod_dist_to_target,13,7.549585125639823
33764.44,RANDOM,5983,5946,654571,0,geod_dist_to_target,14,7.549585125639823
33764.44,RANDOM,5983,5946,654571,0,geod_dist_to_target,15,7.549585125639823
33764.44,RANDOM,5983,850,654571,0,geod_dist_to_target,16,6.620285825924729
33764.44,RANDOM,5983,7538,654571,0,geod_dist_to_target,17,0.4426840496055589
33764.44,RANDOM,5983,7538,654571,0,geod_dist_to_target,18,0.4426840496055589
33764.44,RANDOM,5983,7538,654571,0,geod_dist_to_target,19,0.4426840496055589
33764.44,RANDOM,5983,7538,654571,0,geod_dist_to_target,20,0.4426840496055589
33764.44,RANDOM,5983,8484,654571,0,geod_dist_to_target,22,0.23128259924412295
33764.44,RANDOM,5983,8059,654571,0,geod_dist_to_target,24,5.7971971025203715
33764.44,RANDOM,5983,8059,654571,0,geod_dist_to_target,26,5.7971971025203715
33764.44,RANDOM,5983,12418,654571,0,geod_dist_to_target,28,6.484968195821966
33764.44,RANDOM,5983,8059,654571,0,geod_dist_to_target,30,5.7971971025203715
33764.44,RANDOM,5983,12418,654571,0,geod_dist_to_target,32,6.484968195821966
33764.44,RANDOM,5983,12418,654571,0,geod_dist_to_target,34,6.484968195821966
33764.44,RANDOM,5983,5987,654571,0,geod_dist_to_target,36,0.14875433460620147
33764.44,RANDOM,5983,4084,654571,0,geod_dist_to_target,38,0.4336323330152751
33764.44,RANDOM,5983,4084,654571,0,geod_dist_to_target,40,0.4336323330152751
33764.44,RANDOM,5983,4084,654571,0,geod_dist_to_target,42,0.4336323330152751
33764.44,RANDOM,5983,5987,654571,0,geod_dist_to_target,44,0.14875433460620147
33764.44,RANDOM,5983,5987,654571,0,geod_dist_to_target,46,0.14875433460620147
33764.44,RANDOM,5983,5987,654571,0,geod_dist_to_target,48,0.14875433460620147
33764.44,RANDOM,5983,5987,654571,0,geod_dist_to_target,50,0.14875433460620147
33764.44,RANDOM,5983,7537,654571,0,geod_dist_to_target,55,0.16751588878275958
33764.44,RANDOM,5983,7537,654571,0,geod_dist_to_target,60,0.16751588878275958
33764.44,RANDOM,5983,7537,654571,0,geod_dist_to_target,65,0.16751588878275958
33764.44,RANDOM,5983,7537,654571,0,geod_dist_to_target,70,0.16751588878275958
33764.44,RANDOM,5983,7537,654571,0,geod_dist_to_target,75,0.16751588878275958
33764.44,RANDOM,5983,7537,654571,0,geod_dist_to_target,80,0.16751588878275958
33764.44,RANDOM,5983,7537,654571,0,geod_dist_to_target,85,0.16751588878275958
33764.44,RANDOM,5983,7537,654571,0,geod_dist_to_target,90,0.16751588878275958
33764.44,RANDOM,5983,7537,654571,0,geod_dist_to_target,95,0.16751588878275958
33764.44,RANDOM,5983,7537,654571,0,geod_dist_to_target,100,0.16751588878275958
33764.44,RANDOM,5983,3279,438878,0,geod_dist_to_target,5,45.32901481138149
33764.44,RANDOM,5983,3387,438878,0,geod_dist_to_target,6,44.445244840546984
33764.44,RANDOM,5983,12105,438878,0,geod_dist_to_target,7,48.919992791928706
33764.44,RANDOM,5983,363,438878,0,geod_dist_to_target,8,42.15370068194137
33764.44,RANDOM,5983,3268,438878,0,geod_dist_to_target,9,47.161863925855535
33764.44,RANDOM,5983,3268,438878,0,geod_dist_to_target,10,47.161863925855535
33764.44,RANDOM,5983,3268,438878,0,geod_dist_to_target,11,47.161863925855535
33764.44,RANDOM,5983,3438,438878,0,geod_dist_to_target,12,47.10140059575169
33764.44,RANDOM,5983,4084,438878,0,geod_dist_to_target,13,0.4336323330152751
33764.44,RANDOM,5983,4084,438878,0,geod_dist_to_target,14,0.4336323330152751
33764.44,RANDOM,5983,4084,438878,0,geod_dist_to_target,15,0.4336323330152751
33764.44,RANDOM,5983,4084,438878,0,geod_dist_to_target,16,0.4336323330152751
33764.44,RANDOM,5983,4084,438878,0,geod_dist_to_target,17,0.4336323330152751
33764.44,RANDOM,5983,4084,438878,0,geod_dist_to_target,18,0.4336323330152751
33764.44,RANDOM,5983,4084,438878,0,geod_dist_to_target,19,0.4336323330152751
33764.44,RANDOM,5983,4084,438878,0,geod_dist_to_target,20,0.4336323330152751
33764.44,RANDOM,5983,4084,438878,0,geod_dist_to_target,22,0.4336323330152751
33764.44,RANDOM,5983,4084,438878,0,geod_dist_to_target,24,0.4336323330152751
33764.44,RANDOM,5983,4084,438878,0,geod_dist_to_target,26,0.4336323330152751
33764.44,RANDOM,5983,4084,438878,0,geod_dist_to_target,28,0.4336323330152751
33764.44,RANDOM,5983,4084,438878,0,geod_dist_to_target,30,0.4336323330152751
33764.44,RANDOM,5983,8484,438878,0,geod_dist_to_target,32,0.23128259924412295
33764.44,RANDOM,5983,4084,438878,0,geod_dist_to_target,34,0.4336323330152751
33764.44,RANDOM,5983,8484,438878,0,geod_dist_to_target,36,0.23128259924412295
33764.44,RANDOM,5983,5983,438878,0,geod_dist_to_target,38,0.0
33764.44,RANDOM,5983,5983,438878,0,geod_dist_to_target,40,0.0
33764.44,RANDOM,5983,5983,438878,0,geod_dist_to_target,42,0.0
33764.44,RANDOM,5983,5983,438878,0,geod_dist_to_target,44,0.0
33764.44,RANDOM,5983,5983,438878,0,geod_dist_to_target,46,0.0
33764.44,RANDOM,5983,7537,438878,0,geod_dist_to_target,48,0.16751588878275958
33764.44,RANDOM,5983,5983,438878,0,geod_dist_to_target,50,0.0
33764.44,RANDOM,5983,5983,438878,0,geod_dist_to_target,55,0.0
33764.44,RANDOM,5983,5983,438878,0,geod_dist_to_target,60,0.0
33764.44,RANDOM,5983,5983,438878,0,geod_dist_to_target,65,0.0
33764.44,RANDOM,5983,5983,438878,0,geod_dist_to_target,70,0.0
33764.44,RANDOM,5983,7537,438878,0,geod_dist_to_target,75,0.16751588878275958
33764.44,RANDOM,5983,7537,438878,0,geod_dist_to_target,80,0.16751588878275958
33764.44,RANDOM,5983,7537,438878,0,geod_dist_to_target,85,0.16751588878275958
33764.44,RANDOM,5983,5983,438878,0,geod_dist_to_target,90,0.0
33764.44,RANDOM,5983,7537,438878,0,geod_dist_to_target,95,0.16751588878275958
33764.44,RANDOM,5983,7537,438878,0,geod_dist_to_target,100,0.16751588878275958
33764.44,RANDOM,5983,8193,433015,0,geod_dist_to_target,5,42.74146999360595
33764.44,RANDOM,5983,5854,433015,0,geod_dist_to_target,6,36.351668998757326
33764.44,RANDOM,5983,5961,433015,0,geod_dist_to_target,7,6.278525925908878
33764.44,RANDOM,5983,4203,433015,0,geod_dist_to_target,8,7.521933619771342
33764.44,RANDOM,5983,6178,433015,0,geod_dist_to_target,9,5.037979685235293
33764.44,RANDOM,5983,998,433015,0,geod_dist_to_target,10,0.6817599366737821
33764.44,RANDOM,5983,6178,433015,0,geod_dist_to_target,11,5.037979685235293
33764.44,RANDOM,5983,6178,433015,0,geod_dist_to_target,12,5.037979685235293
33764.44,RANDOM,5983,6178,433015,0,geod_dist_to_target,13,5.037979685235293
33764.44,RANDOM,5983,424,433015,0,geod_dist_to_target,14,3.033474798021683
33764.44,RANDOM,5983,424,433015,0,geod_dist_to_target,15,3.033474798021683
33764.44,RANDOM,5983,424,433015,0,geod_dist_to_target,16,3.033474798021683
33764.44,RANDOM,5983,424,433015,0,geod_dist_to_target,17,3.033474798021683
33764.44,RANDOM,5983,424,433015,0,geod_dist_to_target,18,3.033474798021683
33764.44,RANDOM,5983,424,433015,0,geod_dist_to_target,19,3.033474798021683
33764.44,RANDOM,5983,424,433015,0,geod_dist_to_target,20,3.033474798021683
33764.44,RANDOM,5983,424,433015,0,geod_dist_to_target,22,3.033474798021683
33764.44,RANDOM,5983,424,433015,0,geod_dist_to_target,24,3.033474798021683
33764.44,RANDOM,5983,15,433015,0,geod_dist_to_target,26,2.173616594454181
33764.44,RANDOM,5983,424,433015,0,geod_dist_to_target,28,3.033474798021683
33764.44,RANDOM,5983,424,433015,0,geod_dist_to_target,30,3.033474798021683
33764.44,RANDOM,5983,5976,433015,0,geod_dist_to_target,32,3.2173869995069286
33764.44,RANDOM,5983,5985,433015,0,geod_dist_to_target,34,0.4702370103112021
33764.44,RANDOM,5983,1965,433015,0,geod_dist_to_target,36,0.33827962799439026
33764.44,RANDOM,5983,1965,433015,0,geod_dist_to_target,38,0.33827962799439026
33764.44,RANDOM,5983,1965,433015,0,geod_dist_to_target,40,0.33827962799439026
33764.44,RANDOM,5983,1965,433015,0,geod_dist_to_target,42,0.33827962799439026
33764.44,RANDOM,5983,4147,433015,0,geod_dist_to_target,44,0.8972680897674626
33764.44,RANDOM,5983,5985,433015,0,geod_dist_to_target,46,0.4702370103112021
33764.44,RANDOM,5983,5985,433015,0,geod_dist_to_target,48,0.4702370103112021
33764.44,RANDOM,5983,5985,433015,0,geod_dist_to_target,50,0.4702370103112021
33764.44,RANDOM,5983,5985,433015,0,geod_dist_to_target,55,0.4702370103112021
33764.44,RANDOM,5983,5985,433015,0,geod_dist_to_target,60,0.4702370103112021
33764.44,RANDOM,5983,3305,433015,0,geod_dist_to_target,65,3.5282318567488584
33764.44,RANDOM,5983,5985,433015,0,geod_dist_to_target,70,0.4702370103112021
33764.44,RANDOM,5983,5985,433015,0,geod_dist_to_target,75,0.4702370103112021
33764.44,RANDOM,5983,5985,433015,0,geod_dist_to_target,80,0.4702370103112021
33764.44,RANDOM,5983,5987,433015,0,geod_dist_to_target,85,0.14875433460620147
33764.44,RANDOM,5983,5987,433015,0,geod_dist_to_target,90,0.14875433460620147
33764.44,RANDOM,5983,5987,433015,0,geod_dist_to_target,95,0.14875433460620147
33764.44,RANDOM,5983,5987,433015,0,geod_dist_to_target,100,0.14875433460620147
33764.44,RANDOM,5983,5770,858597,0,geod_dist_to_target,5,11.74361340369878
33764.44,RANDOM,5983,12052,858597,0,geod_dist_to_target,6,4.717976476214495
33764.44,RANDOM,5983,6730,858597,0,geod_dist_to_target,7,48.61858376749168
33764.44,RANDOM,5983,5156,858597,0,geod_dist_to_target,8,40.10265067427423
33764.44,RANDOM,5983,480,858597,0,geod_dist_to_target,9,40.81073189905732
33764.44,RANDOM,5983,5974,858597,0,geod_dist_to_target,10,2.3501275935722883
33764.44,RANDOM,5983,5974,858597,0,geod_dist_to_target,11,2.3501275935722883
33764.44,RANDOM,5983,5974,858597,0,geod_dist_to_target,12,2.3501275935722883
33764.44,RANDOM,5983,10116,858597,0,geod_dist_to_target,13,1.6792729924689096
33764.44,RANDOM,5983,5974,858597,0,geod_dist_to_target,14,2.3501275935722883
33764.44,RANDOM,5983,11505,858597,0,geod_dist_to_target,15,2.731643835775626
33764.44,RANDOM,5983,10618,858597,0,geod_dist_to_target,16,0.33925358679234946
33764.44,RANDOM,5983,499,858597,0,geod_dist_to_target,17,5.334583897701716
33764.44,RANDOM,5983,499,858597,0,geod_dist_to_target,18,5.334583897701716
33764.44,RANDOM,5983,499,858597,0,geod_dist_to_target,19,5.334583897701716
33764.44,RANDOM,5983,499,858597,0,geod_dist_to_target,20,5.334583897701716
33764.44,RANDOM,5983,499,858597,0,geod_dist_to_target,22,5.334583897701716
33764.44,RANDOM,5983,499,858597,0,geod_dist_to_target,24,5.334583897701716
33764.44,RANDOM,5983,499,858597,0,geod_dist_to_target,26,5.334583897701716
33764.44,RANDOM,5983,8585,858597,0,geod_dist_to_target,28,1.0077340930379142
33764.44,RANDOM,5983,8585,858597,0,geod_dist_to_target,30,1.0077340930379142
33764.44,RANDOM,5983,8585,858597,0,geod_dist_to_target,32,1.0077340930379142
33764.44,RANDOM,5983,8585,858597,0,geod_dist_to_target,34,1.0077340930379142
33764.44,RANDOM,5983,7538,858597,0,geod_dist_to_target,36,0.4426840496055589
33764.44,RANDOM,5983,5983,858597,0,geod_dist_to_target,38,0.0
33764.44,RANDOM,5983,5983,858597,0,geod_dist_to_target,40,0.0
33764.44,RANDOM,5983,5983,858597,0,geod_dist_to_target,42,0.0
33764.44,RANDOM,5983,5983,858597,0,geod_dist_to_target,44,0.0
33764.44,RANDOM,5983,5983,858597,0,geod_dist_to_target,46,0.0
33764.44,RANDOM,5983,5983,858597,0,geod_dist_to_target,48,0.0
33764.44,RANDOM,5983,5983,858597,0,geod_dist_to_target,50,0.0
33764.44,RANDOM,5983,8484,858597,0,geod_dist_to_target,55,0.23128259924412295
33764.44,RANDOM,5983,8484,858597,0,geod_dist_to_target,60,0.23128259924412295
33764.44,RANDOM,5983,5983,858597,0,geod_dist_to_target,65,0.0
33764.44,RANDOM,5983,5983,858597,0,geod_dist_to_target,70,0.0
33764.44,RANDOM,5983,5983,858597,0,geod_dist_to_target,75,0.0
33764.44,RANDOM,5983,5983,858597,0,geod_dist_to_target,80,0.0
33764.44,RANDOM,5983,5983,858597,0,geod_dist_to_target,85,0.0
33764.44,RANDOM,5983,5983,858597,0,geod_dist_to_target,90,0.0
33764.44,RANDOM,5983,5983,858597,0,geod_dist_to_target,95,0.0
33764.44,RANDOM,5983,5983,858597,0,geod_dist_to_target,100,0.0
33764.44,RANDOM,5983,148,85945,0,geod_dist_to_target,5,39.752012713883346
33764.44,RANDOM,5983,11413,85945,0,geod_dist_to_target,6,9.196709952533803
33764.44,RANDOM,5983,4831,85945,0,geod_dist_to_target,7,44.51826732619973
33764.44,RANDOM,5983,11164,85945,0,geod_dist_to_target,8,43.86146984503036
33764.44,RANDOM,5983,11164,85945,0,geod_dist_to_target,9,43.86146984503036
33764.44,RANDOM,5983,7259,85945,0,geod_dist_to_target,10,1.3521345105016975
33764.44,RANDOM,5983,7259,85945,0,geod_dist_to_target,11,1.3521345105016975
33764.44,RANDOM,5983,7259,85945,0,geod_dist_to_target,12,1.3521345105016975
33764.44,RANDOM,5983,7259,85945,0,geod_dist_to_target,13,1.3521345105016975
33764.44,RANDOM,5983,7259,85945,0,geod_dist_to_target,14,1.3521345105016975
33764.44,RANDOM,5983,7259,85945,0,geod_dist_to_target,15,1.3521345105016975
33764.44,RANDOM,5983,7259,85945,0,geod_dist_to_target,16,1.3521345105016975
33764.44,RANDOM,5983,7259,85945,0,geod_dist_to_target,17,1.3521345105016975
33764.44,RANDOM,5983,7259,85945,0,geod_dist_to_target,18,1.3521345105016975
33764.44,RANDOM,5983,7259,85945,0,geod_dist_to_target,19,1.3521345105016975
33764.44,RANDOM,5983,7259,85945,0,geod_dist_to_target,20,1.3521345105016975
33764.44,RANDOM,5983,7259,85945,0,geod_dist_to_target,22,1.3521345105016975
33764.44,RANDOM,5983,1186,85945,0,geod_dist_to_target,24,2.195340195654131
33764.44,RANDOM,5983,1186,85945,0,geod_dist_to_target,26,2.195340195654131
33764.44,RANDOM,5983,1186,85945,0,geod_dist_to_target,28,2.195340195654131
33764.44,RANDOM,5983,1186,85945,0,geod_dist_to_target,30,2.195340195654131
33764.44,RANDOM,5983,8585,85945,0,geod_dist_to_target,32,1.0077340930379142
33764.44,RANDOM,5983,8585,85945,0,geod_dist_to_target,34,1.0077340930379142
33764.44,RANDOM,5983,5983,85945,0,geod_dist_to_target,36,0.0
33764.44,RANDOM,5983,8484,85945,0,geod_dist_to_target,38,0.23128259924412295
33764.44,RANDOM,5983,8484,85945,0,geod_dist_to_target,40,0.23128259924412295
33764.44,RANDOM,5983,8484,85945,0,geod_dist_to_target,42,0.23128259924412295
33764.44,RANDOM,5983,8484,85945,0,geod_dist_to_target,44,0.23128259924412295
33764.44,RANDOM,5983,8484,85945,0,geod_dist_to_target,46,0.23128259924412295
33764.44,RANDOM,5983,8484,85945,0,geod_dist_to_target,48,0.23128259924412295
33764.44,RANDOM,5983,8484,85945,0,geod_dist_to_target,50,0.23128259924412295
33764.44,RANDOM,5983,5983,85945,0,geod_dist_to_target,55,0.0
33764.44,RANDOM,5983,8484,85945,0,geod_dist_to_target,60,0.23128259924412295
33764.44,RANDOM,5983,5983,85945,0,geod_dist_to_target,65,0.0
33764.44,RANDOM,5983,5983,85945,0,geod_dist_to_target,70,0.0
33764.44,RANDOM,5983,5983,85945,0,geod_dist_to_target,75,0.0
33764.44,RANDOM,5983,5983,85945,0,geod_dist_to_target,80,0.0
33764.44,RANDOM,5983,5983,85945,0,geod_dist_to_target,85,0.0
33764.44,RANDOM,5983,5983,85945,0,geod_dist_to_target,90,0.0
33764.44,RANDOM,5983,5983,85945,0,geod_dist_to_target,95,0.0
33764.44,RANDOM,5983,5983,85945,0,geod_dist_to_target,100,0.0
33764.44,RANDOM,5983,5768,697368,0,geod_dist_to_target,5,11.216115559324171
33764.44,RANDOM,5983,1211,697368,0,geod_dist_to_target,6,7.7340754302886054
33764.44,RANDOM,5983,7489,697368,0,geod_dist_to_target,7,36.82817066129993
33764.44,RANDOM,5983,7489,697368,0,geod_dist_to_target,8,36.82817066129993
33764.44,RANDOM,5983,2104,697368,0,geod_dist_to_target,9,0.8494817018879054
33764.44,RANDOM,5983,2104,697368,0,geod_dist_to_target,10,0.8494817018879054
33764.44,RANDOM,5983,7564,697368,0,geod_dist_to_target,11,0.6938234922285013
33764.44,RANDOM,5983,10788,697368,0,geod_dist_to_target,12,0.9087044266107857
33764.44,RANDOM,5983,2104,697368,0,geod_dist_to_target,13,0.8494817018879054
33764.44,RANDOM,5983,12461,697368,0,geod_dist_to_target,14,0.45239388719183316
33764.44,RANDOM,5983,12461,697368,0,geod_dist_to_target,15,0.45239388719183316
33764.44,RANDOM,5983,9124,697368,0,geod_dist_to_target,16,0.7243505570719936
33764.44,RANDOM,5983,3029,697368,0,geod_dist_to_target,17,1.0669524779254604
33764.44,RANDOM,5983,3029,697368,0,geod_dist_to_target,18,1.0669524779254604
33764.44,RANDOM,5983,3029,697368,0,geod_dist_to_target,19,1.0669524779254604
33764.44,RANDOM,5983,3029,697368,0,geod_dist_to_target,20,1.0669524779254604
33764.44,RANDOM,5983,12461,697368,0,geod_dist_to_target,22,0.45239388719183316
33764.44,RANDOM,5983,12461,697368,0,geod_dist_to_target,24,0.45239388719183316
33764.44,RANDOM,5983,9794,697368,0,geod_dist_to_target,26,3.6744430965784844
33764.44,RANDOM,5983,6723,697368,0,geod_dist_to_target,28,3.601150593460273
33764.44,RANDOM,5983,9794,697368,0,geod_dist_to_target,30,3.6744430965784844
33764.44,RANDOM,5983,9794,697368,0,geod_dist_to_target,32,3.6744430965784844
33764.44,RANDOM,5983,378,697368,0,geod_dist_to_target,34,3.518894333645027
33764.44,RANDOM,5983,2780,697368,0,geod_dist_to_target,36,0.38313914837102586
33764.44,RANDOM,5983,2780,697368,0,geod_dist_to_target,38,0.38313914837102586
33764.44,RANDOM,5983,2780,697368,0,geod_dist_to_target,40,0.38313914837102586
33764.44,RANDOM,5983,10618,697368,0,geod_dist_to_target,42,0.33925358679234946
33764.44,RANDOM,5983,10618,697368,0,geod_dist_to_target,44,0.33925358679234946
33764.44,RANDOM,5983,10618,697368,0,geod_dist_to_target,46,0.33925358679234946
33764.44,RANDOM,5983,10618,697368,0,geod_dist_to_target,48,0.33925358679234946
33764.44,RANDOM,5983,10618,697368,0,geod_dist_to_target,50,0.33925358679234946
33764.44,RANDOM,5983,10618,697368,0,geod_dist_to_target,55,0.33925358679234946
33764.44,RANDOM,5983,10618,697368,0,geod_dist_to_target,60,0.33925358679234946
33764.44,RANDOM,5983,499,697368,0,geod_dist_to_target,65,5.334583897701716
33764.44,RANDOM,5983,499,697368,0,geod_dist_to_target,70,5.334583897701716
33764.44,RANDOM,5983,499,697368,0,geod_dist_to_target,75,5.334583897701716
33764.44,RANDOM,5983,499,697368,0,geod_dist_to_target,80,5.334583897701716
33764.44,RANDOM,5983,499,697368,0,geod_dist_to_target,85,5.334583897701716
33764.44,RANDOM,5983,499,697368,0,geod_dist_to_target,90,5.334583897701716
33764.44,RANDOM,5983,499,697368,0,geod_dist_to_target,95,5.334583897701716
33764.44,RANDOM,5983,499,697368,0,geod_dist_to_target,100,5.334583897701716
33764.44,RANDOM,5983,10434,201469,0,geod_dist_to_target,5,6.843696635104895
33764.44,RANDOM,5983,9892,201469,0,geod_dist_to_target,6,11.88352818487319
33764.44,RANDOM,5983,10697,201469,0,geod_dist_to_target,7,42.801744980868925
33764.44,RANDOM,5983,12134,201469,0,geod_dist_to_target,8,43.11978520767255
33764.44,RANDOM,5983,12134,201469,0,geod_dist_to_target,9,43.11978520767255
33764.44,RANDOM,5983,2907,201469,0,geod_dist_to_target,10,0.9362377411337676
33764.44,RANDOM,5983,7537,201469,0,geod_dist_to_target,11,0.16751588878275958
33764.44,RANDOM,5983,7537,201469,0,geod_dist_to_target,12,0.16751588878275958
33764.44,RANDOM,5983,4084,201469,0,geod_dist_to_target,13,0.4336323330152751
33764.44,RANDOM,5983,4084,201469,0,geod_dist_to_target,14,0.4336323330152751
33764.44,RANDOM,5983,4084,201469,0,geod_dist_to_target,15,0.4336323330152751
33764.44,RANDOM,5983,5983,201469,0,geod_dist_to_target,16,0.0
33764.44,RANDOM,5983,5983,201469,0,geod_dist_to_target,17,0.0
33764.44,RANDOM,5983,5983,201469,0,geod_dist_to_target,18,0.0
33764.44,RANDOM,5983,4084,201469,0,geod_dist_to_target,19,0.4336323330152751
33764.44,RANDOM,5983,12461,201469,0,geod_dist_to_target,20,0.45239388719183316
33764.44,RANDOM,5983,12461,201469,0,geod_dist_to_target,22,0.45239388719183316
33764.44,RANDOM,5983,12461,201469,0,geod_dist_to_target,24,0.45239388719183316
33764.44,RANDOM,5983,12461,201469,0,geod_dist_to_target,26,0.45239388719183316
33764.44,RANDOM,5983,7537,201469,0,geod_dist_to_target,28,0.16751588878275958
33764.44,RANDOM,5983,7537,201469,0,geod_dist_to_target,30,0.16751588878275958
33764.44,RANDOM,5983,8585,201469,0,geod_dist_to_target,32,1.0077340930379142
33764.44,RANDOM,5983,8585,201469,0,geod_dist_to_target,34,1.0077340930379142
33764.44,RANDOM,5983,7538,201469,0,geod_dist_to_target,36,0.4426840496055589
33764.44,RANDOM,5983,2780,201469,0,geod_dist_to_target,38,0.38313914837102586
33764.44,RANDOM,5983,2780,201469,0,geod_dist_to_target,40,0.38313914837102586
33764.44,RANDOM,5983,2780,201469,0,geod_dist_to_target,42,0.38313914837102586
33764.44,RANDOM,5983,7538,201469,0,geod_dist_to_target,44,0.4426840496055589
33764.44,RANDOM,5983,7538,201469,0,geod_dist_to_target,46,0.4426840496055589
33764.44,RANDOM,5983,7538,201469,0,geod_dist_to_target,48,0.4426840496055589
33764.44,RANDOM,5983,7538,201469,0,geod_dist_to_target,50,0.4426840496055589
33764.44,RANDOM,5983,7538,201469,0,geod_dist_to_target,55,0.4426840496055589
33764.44,RANDOM,5983,7538,201469,0,geod_dist_to_target,60,0.4426840496055589
33764.44,RANDOM,5983,7538,201469,0,geod_dist_to_target,65,0.4426840496055589
33764.44,RANDOM,5983,7538,201469,0,geod_dist_to_target,70,0.4426840496055589
33764.44,RANDOM,5983,2780,201469,0,geod_dist_to_target,75,0.38313914837102586
33764.44,RANDOM,5983,10618,201469,0,geod_dist_to_target,80,0.33925358679234946
33764.44,RANDOM,5983,2780,201469,0,geod_dist_to_target,85,0.38313914837102586
33764.44,RANDOM,5983,2780,201469,0,geod_dist_to_target,90,0.38313914837102586
33764.44,RANDOM,5983,2780,201469,0,geod_dist_to_target,95,0.38313914837102586
33764.44,RANDOM,5983,2780,201469,0,geod_dist_to_target,100,0.38313914837102586
33764.44,RANDOM,5983,6125,94177,0,geod_dist_to_target,5,18.433483702077535
33764.44,RANDOM,5983,8345,94177,0,geod_dist_to_target,6,32.379937239760984
33764.44,RANDOM,5983,268,94177,0,geod_dist_to_target,7,25.658903942488465
33764.44,RANDOM,5983,268,94177,0,geod_dist_to_target,8,25.658903942488465
33764.44,RANDOM,5983,446,94177,0,geod_dist_to_target,9,44.616629553240024
33764.44,RANDOM,5983,10970,94177,0,geod_dist_to_target,10,45.534938428950056
33764.44,RANDOM,5983,10970,94177,0,geod_dist_to_target,11,45.534938428950056
33764.44,RANDOM,5983,8262,94177,0,geod_dist_to_target,12,1.1388174811163212
33764.44,RANDOM,5983,8262,94177,0,geod_dist_to_target,13,1.1388174811163212
33764.44,RANDOM,5983,8262,94177,0,geod_dist_to_target,14,1.1388174811163212
33764.44,RANDOM,5983,8262,94177,0,geod_dist_to_target,15,1.1388174811163212
33764.44,RANDOM,5983,9102,94177,0,geod_dist_to_target,16,3.3285437316616515
33764.44,RANDOM,5983,9124,94177,0,geod_dist_to_target,17,0.7243505570719936
33764.44,RANDOM,5983,4084,94177,0,geod_dist_to_target,18,0.4336323330152751
33764.44,RANDOM,5983,4084,94177,0,geod_dist_to_target,19,0.4336323330152751
33764.44,RANDOM,5983,4084,94177,0,geod_dist_to_target,20,0.4336323330152751
33764.44,RANDOM,5983,4084,94177,0,geod_dist_to_target,22,0.4336323330152751
33764.44,RANDOM,5983,4084,94177,0,geod_dist_to_target,24,0.4336323330152751
33764.44,RANDOM,5983,4084,94177,0,geod_dist_to_target,26,0.4336323330152751
33764.44,RANDOM,5983,5983,94177,0,geod_dist_to_target,28,0.0
33764.44,RANDOM,5983,5983,94177,0,geod_dist_to_target,30,0.0
33764.44,RANDOM,5983,5983,94177,0,geod_dist_to_target,32,0.0
33764.44,RANDOM,5983,5983,94177,0,geod_dist_to_target,34,0.0
33764.44,RANDOM,5983,5983,94177,0,geod_dist_to_target,36,0.0
33764.44,RANDOM,5983,5983,94177,0,geod_dist_to_target,38,0.0
33764.44,RANDOM,5983,7537,94177,0,geod_dist_to_target,40,0.16751588878275958
33764.44,RANDOM,5983,7537,94177,0,geod_dist_to_target,42,0.16751588878275958
33764.44,RANDOM,5983,7537,94177,0,geod_dist_to_target,44,0.16751588878275958
33764.44,RANDOM,5983,7537,94177,0,geod_dist_to_target,46,0.16751588878275958
33764.44,RANDOM,5983,10618,94177,0,geod_dist_to_target,48,0.33925358679234946
33764.44,RANDOM,5983,10618,94177,0,geod_dist_to_target,50,0.33925358679234946
33764.44,RANDOM,5983,10618,94177,0,geod_dist_to_target,55,0.33925358679234946
33764.44,RANDOM,5983,8484,94177,0,geod_dist_to_target,60,0.23128259924412295
33764.44,RANDOM,5983,8484,94177,0,geod_dist_to_target,65,0.23128259924412295
33764.44,RANDOM,5983,8484,94177,0,geod_dist_to_target,70,0.23128259924412295
33764.44,RANDOM,5983,8484,94177,0,geod_dist_to_target,75,0.23128259924412295
33764.44,RANDOM,5983,8484,94177,0,geod_dist_to_target,80,0.23128259924412295
33764.44,RANDOM,5983,8484,94177,0,geod_dist_to_target,85,0.23128259924412295
33764.44,RANDOM,5983,8484,94177,0,geod_dist_to_target,90,0.23128259924412295
33764.44,RANDOM,5983,8484,94177,0,geod_dist_to_target,95,0.23128259924412295
33764.44,RANDOM,5983,8484,94177,0,geod_dist_to_target,100,0.23128259924412295
33764.44,ROW-mean-Corr,5983,1998,89250,0,geod_dist_to_target,5,37.396573599822965
33764.44,ROW-mean-Corr,5983,918,89250,0,geod_dist_to_target,6,9.718177332146496
33764.44,ROW-mean-Corr,5983,918,89250,0,geod_dist_to_target,7,9.718177332146496
33764.44,ROW-mean-Corr,5983,5939,89250,0,geod_dist_to_target,8,10.226653399755682
33764.44,ROW-mean-Corr,5983,918,89250,0,geod_dist_to_target,9,9.718177332146496
33764.44,ROW-mean-Corr,5983,918,89250,0,geod_dist_to_target,10,9.718177332146496
33764.44,ROW-mean-Corr,5983,918,89250,0,geod_dist_to_target,11,9.718177332146496
33764.44,ROW-mean-Corr,5983,5943,89250,0,geod_dist_to_target,12,8.80498124690997
33764.44,ROW-mean-Corr,5983,5942,89250,0,geod_dist_to_target,13,9.40418629017946
33764.44,ROW-mean-Corr,5983,5942,89250,0,geod_dist_to_target,14,9.40418629017946
33764.44,ROW-mean-Corr,5983,918,89250,0,geod_dist_to_target,15,9.718177332146496
33764.44,ROW-mean-Corr,5983,918,89250,0,geod_dist_to_target,16,9.718177332146496
33764.44,ROW-mean-Corr,5983,918,89250,0,geod_dist_to_target,17,9.718177332146496
33764.44,ROW-mean-Corr,5983,169,89250,0,geod_dist_to_target,18,1.28342581308718
33764.44,ROW-mean-Corr,5983,169,89250,0,geod_dist_to_target,19,1.28342581308718
33764.44,ROW-mean-Corr,5983,169,89250,0,geod_dist_to_target,20,1.28342581308718
33764.44,ROW-mean-Corr,5983,11263,89250,0,geod_dist_to_target,22,1.7202879502600252
33764.44,ROW-mean-Corr,5983,4505,89250,0,geod_dist_to_target,24,3.1275996981222725
33764.44,ROW-mean-Corr,5983,15,89250,0,geod_dist_to_target,26,2.173616594454181
33764.44,ROW-mean-Corr,5983,169,89250,0,geod_dist_to_target,28,1.28342581308718
33764.44,ROW-mean-Corr,5983,169,89250,0,geod_dist_to_target,30,1.28342581308718
33764.44,ROW-mean-Corr,5983,15,89250,0,geod_dist_to_target,32,2.173616594454181
33764.44,ROW-mean-Corr,5983,7537,89250,0,geod_dist_to_target,34,0.16751588878275958
33764.44,ROW-mean-Corr,5983,7537,89250,0,geod_dist_to_target,36,0.16751588878275958
33764.44,ROW-mean-Corr,5983,7537,89250,0,geod_dist_to_target,38,0.16751588878275958
33764.44,ROW-mean-Corr,5983,7537,89250,0,geod_dist_to_target,40,0.16751588878275958
33764.44,ROW-mean-Corr,5983,5983,89250,0,geod_dist_to_target,42,0.0
33764.44,ROW-mean-Corr,5983,11263,89250,0,geod_dist_to_target,44,1.7202879502600252
33764.44,ROW-mean-Corr,5983,5983,89250,0,geod_dist_to_target,46,0.0
33764.44,ROW-mean-Corr,5983,5983,89250,0,geod_dist_to_target,48,0.0
33764.44,ROW-mean-Corr,5983,5983,89250,0,geod_dist_to_target,50,0.0
33764.44,ROW-mean-Corr,5983,726,89250,0,geod_dist_to_target,55,2.627340030795267
33764.44,ROW-mean-Corr,5983,726,89250,0,geod_dist_to_target,60,2.627340030795267
33764.44,ROW-mean-Corr,5983,726,89250,0,geod_dist_to_target,65,2.627340030795267
33764.44,ROW-mean-Corr,5983,726,89250,0,geod_dist_to_target,70,2.627340030795267
33764.44,ROW-mean-Corr,5983,15,89250,0,geod_dist_to_target,75,2.173616594454181
33764.44,ROW-mean-Corr,5983,5983,89250,0,geod_dist_to_target,80,0.0
33764.44,ROW-mean-Corr,5983,5983,89250,0,geod_dist_to_target,85,0.0
33764.44,ROW-mean-Corr,5983,5983,89250,0,geod_dist_to_target,90,0.0
33764.44,ROW-mean-Corr,5983,5983,89250,0,geod_dist_to_target,95,0.0
33764.44,ROW-mean-Corr,5983,5983,89250,0,geod_dist_to_target,100,0.0
33764.44,ROW-mean-Corr,5983,12433,773956,0,geod_dist_to_target,5,1.8107202488744927
33764.44,ROW-mean-Corr,5983,6136,773956,0,geod_dist_to_target,6,10.53118266815565
33764.44,ROW-mean-Corr,5983,6136,773956,0,geod_dist_to_target,7,10.53118266815565
33764.44,ROW-mean-Corr,5983,5966,773956,0,geod_dist_to_target,8,3.7670664053919487
33764.44,ROW-mean-Corr,5983,499,773956,0,geod_dist_to_target,9,5.334583897701716
33764.44,ROW-mean-Corr,5983,11263,773956,0,geod_dist_to_target,10,1.7202879502600252
33764.44,ROW-mean-Corr,5983,11263,773956,0,geod_dist_to_target,11,1.7202879502600252
33764.44,ROW-mean-Corr,5983,169,773956,0,geod_dist_to_target,12,1.28342581308718
33764.44,ROW-mean-Corr,5983,11263,773956,0,geod_dist_to_target,13,1.7202879502600252
33764.44,ROW-mean-Corr,5983,169,773956,0,geod_dist_to_target,14,1.28342581308718
33764.44,ROW-mean-Corr,5983,2104,773956,0,geod_dist_to_target,15,0.8494817018879054
33764.44,ROW-mean-Corr,5983,169,773956,0,geod_dist_to_target,16,1.28342581308718
33764.44,ROW-mean-Corr,5983,169,773956,0,geod_dist_to_target,17,1.28342581308718
33764.44,ROW-mean-Corr,5983,800,773956,0,geod_dist_to_target,18,3.0855103848980043
33764.44,ROW-mean-Corr,5983,800,773956,0,geod_dist_to_target,19,3.0855103848980043
33764.44,ROW-mean-Corr,5983,800,773956,0,geod_dist_to_target,20,3.0855103848980043
33764.44,ROW-mean-Corr,5983,800,773956,0,geod_dist_to_target,22,3.0855103848980043
33764.44,ROW-mean-Corr,5983,5967,773956,0,geod_dist_to_target,24,4.040824219337639
33764.44,ROW-mean-Corr,5983,5967,773956,0,geod_dist_to_target,26,4.040824219337639
33764.44,ROW-mean-Corr,5983,5967,773956,0,geod_dist_to_target,28,4.040824219337639
33764.44,ROW-mean-Corr,5983,5967,773956,0,geod_dist_to_target,30,4.040824219337639
33764.44,ROW-mean-Corr,5983,5967,773956,0,geod_dist_to_target,32,4.040824219337639
33764.44,ROW-mean-Corr,5983,800,773956,0,geod_dist_to_target,34,3.0855103848980043
33764.44,ROW-mean-Corr,5983,15,773956,0,geod_dist_to_target,36,2.173616594454181
33764.44,ROW-mean-Corr,5983,15,773956,0,geod_dist_to_target,38,2.173616594454181
33764.44,ROW-mean-Corr,5983,5982,773956,0,geod_dist_to_target,40,0.5119943161671362
33764.44,ROW-mean-Corr,5983,5982,773956,0,geod_dist_to_target,42,0.5119943161671362
33764.44,ROW-mean-Corr,5983,5982,773956,0,geod_dist_to_target,44,0.5119943161671362
33764.44,ROW-mean-Corr,5983,2104,773956,0,geod_dist_to_target,46,0.8494817018879054
33764.44,ROW-mean-Corr,5983,2104,773956,0,geod_dist_to_target,48,0.8494817018879054
33764.44,ROW-mean-Corr,5983,2104,773956,0,geod_dist_to_target,50,0.8494817018879054
33764.44,ROW-mean-Corr,5983,2104,773956,0,geod_dist_to_target,55,0.8494817018879054
33764.44,ROW-mean-Corr,5983,7537,773956,0,geod_dist_to_target,60,0.16751588878275958
33764.44,ROW-mean-Corr,5983,7537,773956,0,geod_dist_to_target,65,0.16751588878275958
33764.44,ROW-mean-Corr,5983,7537,773956,0,geod_dist_to_target,70,0.16751588878275958
33764.44,ROW-mean-Corr,5983,7537,773956,0,geod_dist_to_target,75,0.16751588878275958
33764.44,ROW-mean-Corr,5983,7537,773956,0,geod_dist_to_target,80,0.16751588878275958
33764.44,ROW-mean-Corr,5983,7537,773956,0,geod_dist_to_target,85,0.16751588878275958
33764.44,ROW-mean-Corr,5983,7537,773956,0,geod_dist_to_target,90,0.16751588878275958
33764.44,ROW-mean-Corr,5983,7537,773956,0,geod_dist_to_target,95,0.16751588878275958
33764.44,ROW-mean-Corr,5983,7537,773956,0,geod_dist_to_target,100,0.16751588878275958
33764.44,ROW-mean-Corr,5983,11952,654571,0,geod_dist_to_target,5,1.4432440174222272
33764.44,ROW-mean-Corr,5983,92,654571,0,geod_dist_to_target,6,11.513427287873322
33764.44,ROW-mean-Corr,5983,12327,654571,0,geod_dist_to_target,7,3.6153704271089886
33764.44,ROW-mean-Corr,5983,3455,654571,0,geod_dist_to_target,8,5.725011245953163
33764.44,ROW-mean-Corr,5983,5957,654571,0,geod_dist_to_target,9,4.372391862046229
33764.44,ROW-mean-Corr,5983,2104,654571,0,geod_dist_to_target,10,0.8494817018879054
33764.44,ROW-mean-Corr,5983,6211,654571,0,geod_dist_to_target,11,1.3002540924168604
33764.44,ROW-mean-Corr,5983,6211,654571,0,geod_dist_to_target,12,1.3002540924168604
33764.44,ROW-mean-Corr,5983,11263,654571,0,geod_dist_to_target,13,1.7202879502600252
33764.44,ROW-mean-Corr,5983,5985,654571,0,geod_dist_to_target,14,0.4702370103112021
33764.44,ROW-mean-Corr,5983,5985,654571,0,geod_dist_to_target,15,0.4702370103112021
33764.44,ROW-mean-Corr,5983,5985,654571,0,geod_dist_to_target,16,0.4702370103112021
33764.44,ROW-mean-Corr,5983,4147,654571,0,geod_dist_to_target,17,0.8972680897674626
33764.44,ROW-mean-Corr,5983,4147,654571,0,geod_dist_to_target,18,0.8972680897674626
33764.44,ROW-mean-Corr,5983,5985,654571,0,geod_dist_to_target,19,0.4702370103112021
33764.44,ROW-mean-Corr,5983,5985,654571,0,geod_dist_to_target,20,0.4702370103112021
33764.44,ROW-mean-Corr,5983,5968,654571,0,geod_dist_to_target,22,4.476086600920124
33764.44,ROW-mean-Corr,5983,5985,654571,0,geod_dist_to_target,24,0.4702370103112021
33764.44,ROW-mean-Corr,5983,5985,654571,0,geod_dist_to_target,26,0.4702370103112021
33764.44,ROW-mean-Corr,5983,11263,654571,0,geod_dist_to_target,28,1.7202879502600252
33764.44,ROW-mean-Corr,5983,5987,654571,0,geod_dist_to_target,30,0.14875433460620147
33764.44,ROW-mean-Corr,5983,5987,654571,0,geod_dist_to_target,32,0.14875433460620147
33764.44,ROW-mean-Corr,5983,11263,654571,0,geod_dist_to_target,34,1.7202879502600252
33764.44,ROW-mean-Corr,5983,5985,654571,0,geod_dist_to_target,36,0.4702370103112021
33764.44,ROW-mean-Corr,5983,5985,654571,0,geod_dist_to_target,38,0.4702370103112021
33764.44,ROW-mean-Corr,5983,5985,654571,0,geod_dist_to_target,40,0.4702370103112021
33764.44,ROW-mean-Corr,5983,5985,654571,0,geod_dist_to_target,42,0.4702370103112021
33764.44,ROW-mean-Corr,5983,5985,654571,0,geod_dist_to_target,44,0.4702370103112021
33764.44,ROW-mean-Corr,5983,5985,654571,0,geod_dist_to_target,46,0.4702370103112021
33764.44,ROW-mean-Corr,5983,5987,654571,0,geod_dist_to_target,48,0.14875433460620147
33764.44,ROW-mean-Corr,5983,5987,654571,0,geod_dist_to_target,50,0.14875433460620147
33764.44,ROW-mean-Corr,5983,5985,654571,0,geod_dist_to_target,55,0.4702370103112021
33764.44,ROW-mean-Corr,5983,5987,654571,0,geod_dist_to_target,60,0.14875433460620147
33764.44,ROW-mean-Corr,5983,5987,654571,0,geod_dist_to_target,65,0.14875433460620147
33764.44,ROW-mean-Corr,5983,12461,654571,0,geod_dist_to_target,70,0.45239388719183316
33764.44,ROW-mean-Corr,5983,12461,654571,0,geod_dist_to_target,75,0.45239388719183316
33764.44,ROW-mean-Corr,5983,12461,654571,0,geod_dist_to_target,80,0.45239388719183316
33764.44,ROW-mean-Corr,5983,12461,654571,0,geod_dist_to_target,85,0.45239388719183316
33764.44,ROW-mean-Corr,5983,5987,654571,0,geod_dist_to_target,90,0.14875433460620147
33764.44,ROW-mean-Corr,5983,5987,654571,0,geod_dist_to_target,95,0.14875433460620147
33764.44,ROW-mean-Corr,5983,5987,654571,0,geod_dist_to_target,100,0.14875433460620147
33764.44,ROW-mean-Corr,5983,4277,438878,0,geod_dist_to_target,5,29.711490892157126
33764.44,ROW-mean-Corr,5983,918,438878,0,geod_dist_to_target,6,9.718177332146496
33764.44,ROW-mean-Corr,5983,918,438878,0,geod_dist_to_target,7,9.718177332146496
33764.44,ROW-mean-Corr,5983,918,438878,0,geod_dist_to_target,8,9.718177332146496
33764.44,ROW-mean-Corr,5983,918,438878,0,geod_dist_to_target,9,9.718177332146496
33764.44,ROW-mean-Corr,5983,10581,438878,0,geod_dist_to_target,10,29.14326319301667
33764.44,ROW-mean-Corr,5983,10788,438878,0,geod_dist_to_target,11,0.9087044266107857
33764.44,ROW-mean-Corr,5983,10788,438878,0,geod_dist_to_target,12,0.9087044266107857
33764.44,ROW-mean-Corr,5983,2620,438878,0,geod_dist_to_target,13,28.9852946092047
33764.44,ROW-mean-Corr,5983,2620,438878,0,geod_dist_to_target,14,28.9852946092047
33764.44,ROW-mean-Corr,5983,2780,438878,0,geod_dist_to_target,15,0.38313914837102586
33764.44,ROW-mean-Corr,5983,7259,438878,0,geod_dist_to_target,16,1.3521345105016975
33764.44,ROW-mean-Corr,5983,8585,438878,0,geod_dist_to_target,17,1.0077340930379142
33764.44,ROW-mean-Corr,5983,7259,438878,0,geod_dist_to_target,18,1.3521345105016975
33764.44,ROW-mean-Corr,5983,7259,438878,0,geod_dist_to_target,19,1.3521345105016975
33764.44,ROW-mean-Corr,5983,8585,438878,0,geod_dist_to_target,20,1.0077340930379142
33764.44,ROW-mean-Corr,5983,8585,438878,0,geod_dist_to_target,22,1.0077340930379142
33764.44,ROW-mean-Corr,5983,7259,438878,0,geod_dist_to_target,24,1.3521345105016975
33764.44,ROW-mean-Corr,5983,7259,438878,0,geod_dist_to_target,26,1.3521345105016975
33764.44,ROW-mean-Corr,5983,7259,438878,0,geod_dist_to_target,28,1.3521345105016975
33764.44,ROW-mean-Corr,5983,7259,438878,0,geod_dist_to_target,30,1.3521345105016975
33764.44,ROW-mean-Corr,5983,7259,438878,0,geod_dist_to_target,32,1.3521345105016975
33764.44,ROW-mean-Corr,5983,7259,438878,0,geod_dist_to_target,34,1.3521345105016975
33764.44,ROW-mean-Corr,5983,7259,438878,0,geod_dist_to_target,36,1.3521345105016975
33764.44,ROW-mean-Corr,5983,7259,438878,0,geod_dist_to_target,38,1.3521345105016975
33764.44,ROW-mean-Corr,5983,7259,438878,0,geod_dist_to_target,40,1.3521345105016975
33764.44,ROW-mean-Corr,5983,7259,438878,0,geod_dist_to_target,42,1.3521345105016975
33764.44,ROW-mean-Corr,5983,7259,438878,0,geod_dist_to_target,44,1.3521345105016975
33764.44,ROW-mean-Corr,5983,7259,438878,0,geod_dist_to_target,46,1.3521345105016975
33764.44,ROW-mean-Corr,5983,7259,438878,0,geod_dist_to_target,48,1.3521345105016975
33764.44,ROW-mean-Corr,5983,7259,438878,0,geod_dist_to_target,50,1.3521345105016975
33764.44,ROW-mean-Corr,5983,4505,438878,0,geod_dist_to_target,55,3.1275996981222725
33764.44,ROW-mean-Corr,5983,7259,438878,0,geod_dist_to_target,60,1.3521345105016975
33764.44,ROW-mean-Corr,5983,7259,438878,0,geod_dist_to_target,65,1.3521345105016975
33764.44,ROW-mean-Corr,5983,7259,438878,0,geod_dist_to_target,70,1.3521345105016975
33764.44,ROW-mean-Corr,5983,8585,438878,0,geod_dist_to_target,75,1.0077340930379142
33764.44,ROW-mean-Corr,5983,7259,438878,0,geod_dist_to_target,80,1.3521345105016975
33764.44,ROW-mean-Corr,5983,7259,438878,0,geod_dist_to_target,85,1.3521345105016975
33764.44,ROW-mean-Corr,5983,7259,438878,0,geod_dist_to_target,90,1.3521345105016975
33764.44,ROW-mean-Corr,5983,10618,438878,0,geod_dist_to_target,95,0.33925358679234946
33764.44,ROW-mean-Corr,5983,7259,438878,0,geod_dist_to_target,100,1.3521345105016975
33764.44,ROW-mean-Corr,5983,6647,433015,0,geod_dist_to_target,5,33.80309926520699
33764.44,ROW-mean-Corr,5983,5301,433015,0,geod_dist_to_target,6,33.44968911612758
33764.44,ROW-mean-Corr,5983,5301,433015,0,geod_dist_to_target,7,33.44968911612758
33764.44,ROW-mean-Corr,5983,11577,433015,0,geod_dist_to_target,8,33.10359657678533
33764.44,ROW-mean-Corr,5983,5524,433015,0,geod_dist_to_target,9,30.745049870313697
33764.44,ROW-mean-Corr,5983,12311,433015,0,geod_dist_to_target,10,1.6244979423553634
33764.44,ROW-mean-Corr,5983,12311,433015,0,geod_dist_to_target,11,1.6244979423553634
33764.44,ROW-mean-Corr,5983,12311,433015,0,geod_dist_to_target,12,1.6244979423553634
33764.44,ROW-mean-Corr,5983,12311,433015,0,geod_dist_to_target,13,1.6244979423553634
33764.44,ROW-mean-Corr,5983,12311,433015,0,geod_dist_to_target,14,1.6244979423553634
33764.44,ROW-mean-Corr,5983,12311,433015,0,geod_dist_to_target,15,1.6244979423553634
33764.44,ROW-mean-Corr,5983,12311,433015,0,geod_dist_to_target,16,1.6244979423553634
33764.44,ROW-mean-Corr,5983,12311,433015,0,geod_dist_to_target,17,1.6244979423553634
33764.44,ROW-mean-Corr,5983,12311,433015,0,geod_dist_to_target,18,1.6244979423553634
33764.44,ROW-mean-Corr,5983,12311,433015,0,geod_dist_to_target,19,1.6244979423553634
33764.44,ROW-mean-Corr,5983,12311,433015,0,geod_dist_to_target,20,1.6244979423553634
33764.44,ROW-mean-Corr,5983,12311,433015,0,geod_dist_to_target,22,1.6244979423553634
33764.44,ROW-mean-Corr,5983,12311,433015,0,geod_dist_to_target,24,1.6244979423553634
33764.44,ROW-mean-Corr,5983,3001,433015,0,geod_dist_to_target,26,1.3607795684798007
33764.44,ROW-mean-Corr,5983,2483,433015,0,geod_dist_to_target,28,0.9191736089149836
33764.44,ROW-mean-Corr,5983,2483,433015,0,geod_dist_to_target,30,0.9191736089149836
33764.44,ROW-mean-Corr,5983,2483,433015,0,geod_dist_to_target,32,0.9191736089149836
33764.44,ROW-mean-Corr,5983,10618,433015,0,geod_dist_to_target,34,0.33925358679234946
33764.44,ROW-mean-Corr,5983,8484,433015,0,geod_dist_to_target,36,0.23128259924412295
33764.44,ROW-mean-Corr,5983,7537,433015,0,geod_dist_to_target,38,0.16751588878275958
33764.44,ROW-mean-Corr,5983,7537,433015,0,geod_dist_to_target,40,0.16751588878275958
33764.44,ROW-mean-Corr,5983,7537,433015,0,geod_dist_to_target,42,0.16751588878275958
33764.44,ROW-mean-Corr,5983,5983,433015,0,geod_dist_to_target,44,0.0
33764.44,ROW-mean-Corr,5983,5983,433015,0,geod_dist_to_target,46,0.0
33764.44,ROW-mean-Corr,5983,7537,433015,0,geod_dist_to_target,48,0.16751588878275958
33764.44,ROW-mean-Corr,5983,7537,433015,0,geod_dist_to_target,50,0.16751588878275958
33764.44,ROW-mean-Corr,5983,5983,433015,0,geod_dist_to_target,55,0.0
33764.44,ROW-mean-Corr,5983,5983,433015,0,geod_dist_to_target,60,0.0
33764.44,ROW-mean-Corr,5983,5983,433015,0,geod_dist_to_target,65,0.0
33764.44,ROW-mean-Corr,5983,5983,433015,0,geod_dist_to_target,70,0.0
33764.44,ROW-mean-Corr,5983,5967,433015,0,geod_dist_to_target,75,4.040824219337639
33764.44,ROW-mean-Corr,5983,5967,433015,0,geod_dist_to_target,80,4.040824219337639
33764.44,ROW-mean-Corr,5983,8484,433015,0,geod_dist_to_target,85,0.23128259924412295
33764.44,ROW-mean-Corr,5983,8484,433015,0,geod_dist_to_target,90,0.23128259924412295
33764.44,ROW-mean-Corr,5983,8484,433015,0,geod_dist_to_target,95,0.23128259924412295
33764.44,ROW-mean-Corr,5983,8484,433015,0,geod_dist_to_target,100,0.23128259924412295
33764.44,ROW-mean-Corr,5983,1640,858597,0,geod_dist_to_target,5,35.37197383304825
33764.44,ROW-mean-Corr,5983,894,858597,0,geod_dist_to_target,6,28.80402445436133
33764.44,ROW-mean-Corr,5983,619,858597,0,geod_dist_to_target,7,27.707635478983747
33764.44,ROW-mean-Corr,5983,619,858597,0,geod_dist_to_target,8,27.707635478983747
33764.44,ROW-mean-Corr,5983,619,858597,0,geod_dist_to_target,9,27.707635478983747
33764.44,ROW-mean-Corr,5983,6216,858597,0,geod_dist_to_target,10,2.315436623840125
33764.44,ROW-mean-Corr,5983,4150,858597,0,geod_dist_to_target,11,2.8321054304814623
33764.44,ROW-mean-Corr,5983,4150,858597,0,geod_dist_to_target,12,2.8321054304814623
33764.44,ROW-mean-Corr,5983,6216,858597,0,geod_dist_to_target,13,2.315436623840125
33764.44,ROW-mean-Corr,5983,10541,858597,0,geod_dist_to_target,14,2.068514378624252
33764.44,ROW-mean-Corr,5983,10541,858597,0,geod_dist_to_target,15,2.068514378624252
33764.44,ROW-mean-Corr,5983,6216,858597,0,geod_dist_to_target,16,2.315436623840125
33764.44,ROW-mean-Corr,5983,6216,858597,0,geod_dist_to_target,17,2.315436623840125
33764.44,ROW-mean-Corr,5983,10541,858597,0,geod_dist_to_target,18,2.068514378624252
33764.44,ROW-mean-Corr,5983,10541,858597,0,geod_dist_to_target,19,2.068514378624252
33764.44,ROW-mean-Corr,5983,10541,858597,0,geod_dist_to_target,20,2.068514378624252
33764.44,ROW-mean-Corr,5983,6216,858597,0,geod_dist_to_target,22,2.315436623840125
33764.44,ROW-mean-Corr,5983,3001,858597,0,geod_dist_to_target,24,1.3607795684798007
33764.44,ROW-mean-Corr,5983,3001,858597,0,geod_dist_to_target,26,1.3607795684798007
33764.44,ROW-mean-Corr,5983,3001,858597,0,geod_dist_to_target,28,1.3607795684798007
33764.44,ROW-mean-Corr,5983,3001,858597,0,geod_dist_to_target,30,1.3607795684798007
33764.44,ROW-mean-Corr,5983,3001,858597,0,geod_dist_to_target,32,1.3607795684798007
33764.44,ROW-mean-Corr,5983,3001,858597,0,geod_dist_to_target,34,1.3607795684798007
33764.44,ROW-mean-Corr,5983,3001,858597,0,geod_dist_to_target,36,1.3607795684798007
33764.44,ROW-mean-Corr,5983,10788,858597,0,geod_dist_to_target,38,0.9087044266107857
33764.44,ROW-mean-Corr,5983,10788,858597,0,geod_dist_to_target,40,0.9087044266107857
33764.44,ROW-mean-Corr,5983,10788,858597,0,geod_dist_to_target,42,0.9087044266107857
33764.44,ROW-mean-Corr,5983,6210,858597,0,geod_dist_to_target,44,1.6064042846988782
33764.44,ROW-mean-Corr,5983,10788,858597,0,geod_dist_to_target,46,0.9087044266107857
33764.44,ROW-mean-Corr,5983,10788,858597,0,geod_dist_to_target,48,0.9087044266107857
33764.44,ROW-mean-Corr,5983,10788,858597,0,geod_dist_to_target,50,0.9087044266107857
33764.44,ROW-mean-Corr,5983,2780,858597,0,geod_dist_to_target,55,0.38313914837102586
33764.44,ROW-mean-Corr,5983,7538,858597,0,geod_dist_to_target,60,0.4426840496055589
33764.44,ROW-mean-Corr,5983,7538,858597,0,geod_dist_to_target,65,0.4426840496055589
33764.44,ROW-mean-Corr,5983,2780,858597,0,geod_dist_to_target,70,0.38313914837102586
33764.44,ROW-mean-Corr,5983,7564,858597,0,geod_dist_to_target,75,0.6938234922285013
33764.44,ROW-mean-Corr,5983,2483,858597,0,geod_dist_to_target,80,0.9191736089149836
33764.44,ROW-mean-Corr,5983,2104,858597,0,geod_dist_to_target,85,0.8494817018879054
33764.44,ROW-mean-Corr,5983,2104,858597,0,geod_dist_to_target,90,0.8494817018879054
33764.44,ROW-mean-Corr,5983,2104,858597,0,geod_dist_to_target,95,0.8494817018879054
33764.44,ROW-mean-Corr,5983,7537,858597,0,geod_dist_to_target,100,0.16751588878275958
33764.44,ROW-mean-Corr,5983,11209,85945,0,geod_dist_to_target,5,25.294296932700394
33764.44,ROW-mean-Corr,5983,6647,85945,0,geod_dist_to_target,6,33.80309926520699
33764.44,ROW-mean-Corr,5983,6647,85945,0,geod_dist_to_target,7,33.80309926520699
33764.44,ROW-mean-Corr,5983,6647,85945,0,geod_dist_to_target,8,33.80309926520699
33764.44,ROW-mean-Corr,5983,5538,85945,0,geod_dist_to_target,9,33.139152892039256
33764.44,ROW-mean-Corr,5983,7331,85945,0,geod_dist_to_target,10,9.013825800961252
33764.44,ROW-mean-Corr,5983,7556,85945,0,geod_dist_to_target,11,31.710488533460907
33764.44,ROW-mean-Corr,5983,7331,85945,0,geod_dist_to_target,12,9.013825800961252
33764.44,ROW-mean-Corr,5983,12461,85945,0,geod_dist_to_target,13,0.45239388719183316
33764.44,ROW-mean-Corr,5983,12461,85945,0,geod_dist_to_target,14,0.45239388719183316
33764.44,ROW-mean-Corr,5983,12461,85945,0,geod_dist_to_target,15,0.45239388719183316
33764.44,ROW-mean-Corr,5983,12461,85945,0,geod_dist_to_target,16,0.45239388719183316
33764.44,ROW-mean-Corr,5983,4337,85945,0,geod_dist_to_target,17,3.608558994135526
33764.44,ROW-mean-Corr,5983,11330,85945,0,geod_dist_to_target,18,10.924887562347266
33764.44,ROW-mean-Corr,5983,11079,85945,0,geod_dist_to_target,19,4.533816213915923
33764.44,ROW-mean-Corr,5983,11079,85945,0,geod_dist_to_target,20,4.533816213915923
33764.44,ROW-mean-Corr,5983,11079,85945,0,geod_dist_to_target,22,4.533816213915923
33764.44,ROW-mean-Corr,5983,5967,85945,0,geod_dist_to_target,24,4.040824219337639
33764.44,ROW-mean-Corr,5983,3305,85945,0,geod_dist_to_target,26,3.5282318567488584
33764.44,ROW-mean-Corr,5983,3305,85945,0,geod_dist_to_target,28,3.5282318567488584
33764.44,ROW-mean-Corr,5983,5959,85945,0,geod_dist_to_target,30,5.0273961753915275
33764.44,ROW-mean-Corr,5983,5959,85945,0,geod_dist_to_target,32,5.0273961753915275
33764.44,ROW-mean-Corr,5983,5959,85945,0,geod_dist_to_target,34,5.0273961753915275
33764.44,ROW-mean-Corr,5983,5967,85945,0,geod_dist_to_target,36,4.040824219337639
33764.44,ROW-mean-Corr,5983,3305,85945,0,geod_dist_to_target,38,3.5282318567488584
33764.44,ROW-mean-Corr,5983,3305,85945,0,geod_dist_to_target,40,3.5282318567488584
33764.44,ROW-mean-Corr,5983,800,85945,0,geod_dist_to_target,42,3.0855103848980043
33764.44,ROW-mean-Corr,5983,8484,85945,0,geod_dist_to_target,44,0.23128259924412295
33764.44,ROW-mean-Corr,5983,8484,85945,0,geod_dist_to_target,46,0.23128259924412295
33764.44,ROW-mean-Corr,5983,8484,85945,0,geod_dist_to_target,48,0.23128259924412295
33764.44,ROW-mean-Corr,5983,8484,85945,0,geod_dist_to_target,50,0.23128259924412295
33764.44,ROW-mean-Corr,5983,8484,85945,0,geod_dist_to_target,55,0.23128259924412295
33764.44,ROW-mean-Corr,5983,8484,85945,0,geod_dist_to_target,60,0.23128259924412295
33764.44,ROW-mean-Corr,5983,8484,85945,0,geod_dist_to_target,65,0.23128259924412295
33764.44,ROW-mean-Corr,5983,5982,85945,0,geod_dist_to_target,70,0.5119943161671362
33764.44,ROW-mean-Corr,5983,5983,85945,0,geod_dist_to_target,75,0.0
33764.44,ROW-mean-Corr,5983,15,85945,0,geod_dist_to_target,80,2.173616594454181
33764.44,ROW-mean-Corr,5983,15,85945,0,geod_dist_to_target,85,2.173616594454181
33764.44,ROW-mean-Corr,5983,800,85945,0,geod_dist_to_target,90,3.0855103848980043
33764.44,ROW-mean-Corr,5983,800,85945,0,geod_dist_to_target,95,3.0855103848980043
33764.44,ROW-mean-Corr,5983,800,85945,0,geod_dist_to_target,100,3.0855103848980043
33764.44,ROW-mean-Corr,5983,5524,697368,0,geod_dist_to_target,5,30.745049870313697
33764.44,ROW-mean-Corr,5983,918,697368,0,geod_dist_to_target,6,9.718177332146496
33764.44,ROW-mean-Corr,5983,918,697368,0,geod_dist_to_target,7,9.718177332146496
33764.44,ROW-mean-Corr,5983,6144,697368,0,geod_dist_to_target,8,8.684560760132896
33764.44,ROW-mean-Corr,5983,6144,697368,0,geod_dist_to_target,9,8.684560760132896
33764.44,ROW-mean-Corr,5983,3455,697368,0,geod_dist_to_target,10,5.725011245953163
33764.44,ROW-mean-Corr,5983,5957,697368,0,geod_dist_to_target,11,4.372391862046229
33764.44,ROW-mean-Corr,5983,5957,697368,0,geod_dist_to_target,12,4.372391862046229
33764.44,ROW-mean-Corr,5983,5957,697368,0,geod_dist_to_target,13,4.372391862046229
33764.44,ROW-mean-Corr,5983,5957,697368,0,geod_dist_to_target,14,4.372391862046229
33764.44,ROW-mean-Corr,5983,12327,697368,0,geod_dist_to_target,15,3.6153704271089886
33764.44,ROW-mean-Corr,5983,12327,697368,0,geod_dist_to_target,16,3.6153704271089886
33764.44,ROW-mean-Corr,5983,12327,697368,0,geod_dist_to_target,17,3.6153704271089886
33764.44,ROW-mean-Corr,5983,4505,697368,0,geod_dist_to_target,18,3.1275996981222725
33764.44,ROW-mean-Corr,5983,1186,697368,0,geod_dist_to_target,19,2.195340195654131
33764.44,ROW-mean-Corr,5983,7259,697368,0,geod_dist_to_target,20,1.3521345105016975
33764.44,ROW-mean-Corr,5983,7259,697368,0,geod_dist_to_target,22,1.3521345105016975
33764.44,ROW-mean-Corr,5983,15,697368,0,geod_dist_to_target,24,2.173616594454181
33764.44,ROW-mean-Corr,5983,15,697368,0,geod_dist_to_target,26,2.173616594454181
33764.44,ROW-mean-Corr,5983,15,697368,0,geod_dist_to_target,28,2.173616594454181
33764.44,ROW-mean-Corr,5983,15,697368,0,geod_dist_to_target,30,2.173616594454181
33764.44,ROW-mean-Corr,5983,15,697368,0,geod_dist_to_target,32,2.173616594454181
33764.44,ROW-mean-Corr,5983,15,697368,0,geod_dist_to_target,34,2.173616594454181
33764.44,ROW-mean-Corr,5983,15,697368,0,geod_dist_to_target,36,2.173616594454181
33764.44,ROW-mean-Corr,5983,15,697368,0,geod_dist_to_target,38,2.173616594454181
33764.44,ROW-mean-Corr,5983,169,697368,0,geod_dist_to_target,40,1.28342581308718
33764.44,ROW-mean-Corr,5983,169,697368,0,geod_dist_to_target,42,1.28342581308718
33764.44,ROW-mean-Corr,5983,169,697368,0,geod_dist_to_target,44,1.28342581308718
33764.44,ROW-mean-Corr,5983,169,697368,0,geod_dist_to_target,46,1.28342581308718
33764.44,ROW-mean-Corr,5983,169,697368,0,geod_dist_to_target,48,1.28342581308718
33764.44,ROW-mean-Corr,5983,169,697368,0,geod_dist_to_target,50,1.28342581308718
33764.44,ROW-mean-Corr,5983,5982,697368,0,geod_dist_to_target,55,0.5119943161671362
33764.44,ROW-mean-Corr,5983,5982,697368,0,geod_dist_to_target,60,0.5119943161671362
33764.44,ROW-mean-Corr,5983,15,697368,0,geod_dist_to_target,65,2.173616594454181
33764.44,ROW-mean-Corr,5983,2483,697368,0,geod_dist_to_target,70,0.9191736089149836
33764.44,ROW-mean-Corr,5983,7259,697368,0,geod_dist_to_target,75,1.3521345105016975
33764.44,ROW-mean-Corr,5983,7259,697368,0,geod_dist_to_target,80,1.3521345105016975
33764.44,ROW-mean-Corr,5983,7259,697368,0,geod_dist_to_target,85,1.3521345105016975
33764.44,ROW-mean-Corr,5983,5982,697368,0,geod_dist_to_target,90,0.5119943161671362
33764.44,ROW-mean-Corr,5983,5982,697368,0,geod_dist_to_target,95,0.5119943161671362
33764.44,ROW-mean-Corr,5983,5982,697368,0,geod_dist_to_target,100,0.5119943161671362
33764.44,ROW-mean-Corr,5983,2516,201469,0,geod_dist_to_target,5,28.825269696538758
33764.44,ROW-mean-Corr,5983,4523,201469,0,geod_dist_to_target,6,2.3852567187036593
33764.44,ROW-mean-Corr,5983,4523,201469,0,geod_dist_to_target,7,2.3852567187036593
33764.44,ROW-mean-Corr,5983,6209,201469,0,geod_dist_to_target,8,2.8211203330443535
33764.44,ROW-mean-Corr,5983,6215,201469,0,geod_dist_to_target,9,3.0781682126256062
33764.44,ROW-mean-Corr,5983,6447,201469,0,geod_dist_to_target,10,6.140522287391921
33764.44,ROW-mean-Corr,5983,6237,201469,0,geod_dist_to_target,11,5.4833330393626385
33764.44,ROW-mean-Corr,5983,6237,201469,0,geod_dist_to_target,12,5.4833330393626385
33764.44,ROW-mean-Corr,5983,6237,201469,0,geod_dist_to_target,13,5.4833330393626385
33764.44,ROW-mean-Corr,5983,6237,201469,0,geod_dist_to_target,14,5.4833330393626385
33764.44,ROW-mean-Corr,5983,6237,201469,0,geod_dist_to_target,15,5.4833330393626385
33764.44,ROW-mean-Corr,5983,6237,201469,0,geod_dist_to_target,16,5.4833330393626385
33764.44,ROW-mean-Corr,5983,6237,201469,0,geod_dist_to_target,17,5.4833330393626385
33764.44,ROW-mean-Corr,5983,12625,201469,0,geod_dist_to_target,18,4.805767479329602
33764.44,ROW-mean-Corr,5983,12625,201469,0,geod_dist_to_target,19,4.805767479329602
33764.44,ROW-mean-Corr,5983,6237,201469,0,geod_dist_to_target,20,5.4833330393626385
33764.44,ROW-mean-Corr,5983,6237,201469,0,geod_dist_to_target,22,5.4833330393626385
33764.44,ROW-mean-Corr,5983,6062,201469,0,geod_dist_to_target,24,3.8694173956634503
33764.44,ROW-mean-Corr,5983,6062,201469,0,geod_dist_to_target,26,3.8694173956634503
33764.44,ROW-mean-Corr,5983,6062,201469,0,geod_dist_to_target,28,3.8694173956634503
33764.44,ROW-mean-Corr,5983,6237,201469,0,geod_dist_to_target,30,5.4833330393626385
33764.44,ROW-mean-Corr,5983,6237,201469,0,geod_dist_to_target,32,5.4833330393626385
33764.44,ROW-mean-Corr,5983,6237,201469,0,geod_dist_to_target,34,5.4833330393626385
33764.44,ROW-mean-Corr,5983,6062,201469,0,geod_dist_to_target,36,3.8694173956634503
33764.44,ROW-mean-Corr,5983,2138,201469,0,geod_dist_to_target,38,2.6875436310647456
33764.44,ROW-mean-Corr,5983,6237,201469,0,geod_dist_to_target,40,5.4833330393626385
33764.44,ROW-mean-Corr,5983,9448,201469,0,geod_dist_to_target,42,2.282332400231057
33764.44,ROW-mean-Corr,5983,9448,201469,0,geod_dist_to_target,44,2.282332400231057
33764.44,ROW-mean-Corr,5983,9448,201469,0,geod_dist_to_target,46,2.282332400231057
33764.44,ROW-mean-Corr,5983,9448,201469,0,geod_dist_to_target,48,2.282332400231057
33764.44,ROW-mean-Corr,5983,9448,201469,0,geod_dist_to_target,50,2.282332400231057
33764.44,ROW-mean-Corr,5983,9448,201469,0,geod_dist_to_target,55,2.282332400231057
33764.44,ROW-mean-Corr,5983,9448,201469,0,geod_dist_to_target,60,2.282332400231057
33764.44,ROW-mean-Corr,5983,10541,201469,0,geod_dist_to_target,65,2.068514378624252
33764.44,ROW-mean-Corr,5983,10541,201469,0,geod_dist_to_target,70,2.068514378624252
33764.44,ROW-mean-Corr,5983,12311,201469,0,geod_dist_to_target,75,1.6244979423553634
33764.44,ROW-mean-Corr,5983,12311,201469,0,geod_dist_to_target,80,1.6244979423553634
33764.44,ROW-mean-Corr,5983,12311,201469,0,geod_dist_to_target,85,1.6244979423553634
33764.44,ROW-mean-Corr,5983,12311,201469,0,geod_dist_to_target,90,1.6244979423553634
33764.44,ROW-mean-Corr,5983,12311,201469,0,geod_dist_to_target,95,1.6244979423553634
33764.44,ROW-mean-Corr,5983,2483,201469,0,geod_dist_to_target,100,0.9191736089149836
33764.44,ROW-mean-Corr,5983,5032,94177,0,geod_dist_to_target,5,35.546076536803874
33764.44,ROW-mean-Corr,5983,11601,94177,0,geod_dist_to_target,6,24.86267945342509
33764.44,ROW-mean-Corr,5983,11601,94177,0,geod_dist_to_target,7,24.86267945342509
33764.44,ROW-mean-Corr,5983,11209,94177,0,geod_dist_to_target,8,25.294296932700394
33764.44,ROW-mean-Corr,5983,10531,94177,0,geod_dist_to_target,9,26.834453977062623
33764.44,ROW-mean-Corr,5983,12461,94177,0,geod_dist_to_target,10,0.45239388719183316
33764.44,ROW-mean-Corr,5983,12461,94177,0,geod_dist_to_target,11,0.45239388719183316
33764.44,ROW-mean-Corr,5983,12461,94177,0,geod_dist_to_target,12,0.45239388719183316
33764.44,ROW-mean-Corr,5983,12461,94177,0,geod_dist_to_target,13,0.45239388719183316
33764.44,ROW-mean-Corr,5983,2104,94177,0,geod_dist_to_target,14,0.8494817018879054
33764.44,ROW-mean-Corr,5983,6211,94177,0,geod_dist_to_target,15,1.3002540924168604
33764.44,ROW-mean-Corr,5983,6211,94177,0,geod_dist_to_target,16,1.3002540924168604
33764.44,ROW-mean-Corr,5983,2104,94177,0,geod_dist_to_target,17,0.8494817018879054
33764.44,ROW-mean-Corr,5983,2483,94177,0,geod_dist_to_target,18,0.9191736089149836
33764.44,ROW-mean-Corr,5983,2483,94177,0,geod_dist_to_target,19,0.9191736089149836
33764.44,ROW-mean-Corr,5983,2483,94177,0,geod_dist_to_target,20,0.9191736089149836
33764.44,ROW-mean-Corr,5983,12311,94177,0,geod_dist_to_target,22,1.6244979423553634
33764.44,ROW-mean-Corr,5983,2483,94177,0,geod_dist_to_target,24,0.9191736089149836
33764.44,ROW-mean-Corr,5983,2483,94177,0,geod_dist_to_target,26,0.9191736089149836
33764.44,ROW-mean-Corr,5983,12311,94177,0,geod_dist_to_target,28,1.6244979423553634
33764.44,ROW-mean-Corr,5983,2483,94177,0,geod_dist_to_target,30,0.9191736089149836
33764.44,ROW-mean-Corr,5983,2483,94177,0,geod_dist_to_target,32,0.9191736089149836
33764.44,ROW-mean-Corr,5983,2483,94177,0,geod_dist_to_target,34,0.9191736089149836
33764.44,ROW-mean-Corr,5983,2483,94177,0,geod_dist_to_target,36,0.9191736089149836
33764.44,ROW-mean-Corr,5983,2483,94177,0,geod_dist_to_target,38,0.9191736089149836
33764.44,ROW-mean-Corr,5983,2483,94177,0,geod_dist_to_target,40,0.9191736089149836
33764.44,ROW-mean-Corr,5983,2483,94177,0,geod_dist_to_target,42,0.9191736089149836
33764.44,ROW-mean-Corr,5983,2483,94177,0,geod_dist_to_target,44,0.9191736089149836
33764.44,ROW-mean-Corr,5983,2483,94177,0,geod_dist_to_target,46,0.9191736089149836
33764.44,ROW-mean-Corr,5983,3001,94177,0,geod_dist_to_target,48,1.3607795684798007
33764.44,ROW-mean-Corr,5983,3001,94177,0,geod_dist_to_target,50,1.3607795684798007
33764.44,ROW-mean-Corr,5983,2483,94177,0,geod_dist_to_target,55,0.9191736089149836
33764.44,ROW-mean-Corr,5983,12311,94177,0,geod_dist_to_target,60,1.6244979423553634
33764.44,ROW-mean-Corr,5983,2483,94177,0,geod_dist_to_target,65,0.9191736089149836
33764.44,ROW-mean-Corr,5983,7259,94177,0,geod_dist_to_target,70,1.3521345105016975
33764.44,ROW-mean-Corr,5983,5982,94177,0,geod_dist_to_target,75,0.5119943161671362
33764.44,ROW-mean-Corr,5983,5983,94177,0,geod_dist_to_target,80,0.0
33764.44,ROW-mean-Corr,5983,7537,94177,0,geod_dist_to_target,85,0.16751588878275958
33764.44,ROW-mean-Corr,5983,7537,94177,0,geod_dist_to_target,90,0.16751588878275958
33764.44,ROW-mean-Corr,5983,7537,94177,0,geod_dist_to_target,95,0.16751588878275958
33764.44,ROW-mean-Corr,5983,7537,94177,0,geod_dist_to_target,100,0.16751588878275958
33764.44,ROW-max-Corr,5983,7336,89250,0,geod_dist_to_target,5,11.815101974617448
33764.44,ROW-max-Corr,5983,5914,89250,0,geod_dist_to_target,6,22.404208160014434
33764.44,ROW-max-Corr,5983,4505,89250,0,geod_dist_to_target,7,3.1275996981222725
33764.44,ROW-max-Corr,5983,4505,89250,0,geod_dist_to_target,8,3.1275996981222725
33764.44,ROW-max-Corr,5983,800,89250,0,geod_dist_to_target,9,3.0855103848980043
33764.44,ROW-max-Corr,5983,800,89250,0,geod_dist_to_target,10,3.0855103848980043
33764.44,ROW-max-Corr,5983,800,89250,0,geod_dist_to_target,11,3.0855103848980043
33764.44,ROW-max-Corr,5983,5980,89250,0,geod_dist_to_target,12,1.7811997132479132
33764.44,ROW-max-Corr,5983,12542,89250,0,geod_dist_to_target,13,3.9957749622017773
33764.44,ROW-max-Corr,5983,12542,89250,0,geod_dist_to_target,14,3.9957749622017773
33764.44,ROW-max-Corr,5983,12542,89250,0,geod_dist_to_target,15,3.9957749622017773
33764.44,ROW-max-Corr,5983,12542,89250,0,geod_dist_to_target,16,3.9957749622017773
33764.44,ROW-max-Corr,5983,12542,89250,0,geod_dist_to_target,17,3.9957749622017773
33764.44,ROW-max-Corr,5983,5968,89250,0,geod_dist_to_target,18,4.476086600920124
33764.44,ROW-max-Corr,5983,12542,89250,0,geod_dist_to_target,19,3.9957749622017773
33764.44,ROW-max-Corr,5983,12542,89250,0,geod_dist_to_target,20,3.9957749622017773
33764.44,ROW-max-Corr,5983,800,89250,0,geod_dist_to_target,22,3.0855103848980043
33764.44,ROW-max-Corr,5983,726,89250,0,geod_dist_to_target,24,2.627340030795267
33764.44,ROW-max-Corr,5983,726,89250,0,geod_dist_to_target,26,2.627340030795267
33764.44,ROW-max-Corr,5983,11263,89250,0,geod_dist_to_target,28,1.7202879502600252
33764.44,ROW-max-Corr,5983,12542,89250,0,geod_dist_to_target,30,3.9957749622017773
33764.44,ROW-max-Corr,5983,12542,89250,0,geod_dist_to_target,32,3.9957749622017773
33764.44,ROW-max-Corr,5983,12542,89250,0,geod_dist_to_target,34,3.9957749622017773
33764.44,ROW-max-Corr,5983,169,89250,0,geod_dist_to_target,36,1.28342581308718
33764.44,ROW-max-Corr,5983,5982,89250,0,geod_dist_to_target,38,0.5119943161671362
33764.44,ROW-max-Corr,5983,5982,89250,0,geod_dist_to_target,40,0.5119943161671362
33764.44,ROW-max-Corr,5983,5982,89250,0,geod_dist_to_target,42,0.5119943161671362
33764.44,ROW-max-Corr,5983,5982,89250,0,geod_dist_to_target,44,0.5119943161671362
33764.44,ROW-max-Corr,5983,5982,89250,0,geod_dist_to_target,46,0.5119943161671362
33764.44,ROW-max-Corr,5983,5982,89250,0,geod_dist_to_target,48,0.5119943161671362
33764.44,ROW-max-Corr,5983,8484,89250,0,geod_dist_to_target,50,0.23128259924412295
33764.44,ROW-max-Corr,5983,5982,89250,0,geod_dist_to_target,55,0.5119943161671362
33764.44,ROW-max-Corr,5983,8484,89250,0,geod_dist_to_target,60,0.23128259924412295
33764.44,ROW-max-Corr,5983,5983,89250,0,geod_dist_to_target,65,0.0
33764.44,ROW-max-Corr,5983,5983,89250,0,geod_dist_to_target,70,0.0
33764.44,ROW-max-Corr,5983,5983,89250,0,geod_dist_to_target,75,0.0
33764.44,ROW-max-Corr,5983,5983,89250,0,geod_dist_to_target,80,0.0
33764.44,ROW-max-Corr,5983,5983,89250,0,geod_dist_to_target,85,0.0
33764.44,ROW-max-Corr,5983,5983,89250,0,geod_dist_to_target,90,0.0
33764.44,ROW-max-Corr,5983,5983,89250,0,geod_dist_to_target,95,0.0
33764.44,ROW-max-Corr,5983,5983,89250,0,geod_dist_to_target,100,0.0
33764.44,ROW-max-Corr,5983,3679,773956,0,geod_dist_to_target,5,22.815234665774074
33764.44,ROW-max-Corr,5983,1760,773956,0,geod_dist_to_target,6,9.95893507258493
33764.44,ROW-max-Corr,5983,5969,773956,0,geod_dist_to_target,7,4.281391053622449
33764.44,ROW-max-Corr,5983,5981,773956,0,geod_dist_to_target,8,1.4756555440199193
33764.44,ROW-max-Corr,5983,5969,773956,0,geod_dist_to_target,9,4.281391053622449
33764.44,ROW-max-Corr,5983,5969,773956,0,geod_dist_to_target,10,4.281391053622449
33764.44,ROW-max-Corr,5983,5969,773956,0,geod_dist_to_target,11,4.281391053622449
33764.44,ROW-max-Corr,5983,2780,773956,0,geod_dist_to_target,12,0.38313914837102586
33764.44,ROW-max-Corr,5983,5982,773956,0,geod_dist_to_target,13,0.5119943161671362
33764.44,ROW-max-Corr,5983,5982,773956,0,geod_dist_to_target,14,0.5119943161671362
33764.44,ROW-max-Corr,5983,5982,773956,0,geod_dist_to_target,15,0.5119943161671362
33764.44,ROW-max-Corr,5983,5982,773956,0,geod_dist_to_target,16,0.5119943161671362
33764.44,ROW-max-Corr,5983,5982,773956,0,geod_dist_to_target,17,0.5119943161671362
33764.44,ROW-max-Corr,5983,11263,773956,0,geod_dist_to_target,18,1.7202879502600252
33764.44,ROW-max-Corr,5983,5985,773956,0,geod_dist_to_target,19,0.4702370103112021
33764.44,ROW-max-Corr,5983,5985,773956,0,geod_dist_to_target,20,0.4702370103112021
33764.44,ROW-max-Corr,5983,11263,773956,0,geod_dist_to_target,22,1.7202879502600252
33764.44,ROW-max-Corr,5983,11263,773956,0,geod_dist_to_target,24,1.7202879502600252
33764.44,ROW-max-Corr,5983,11263,773956,0,geod_dist_to_target,26,1.7202879502600252
33764.44,ROW-max-Corr,5983,11263,773956,0,geod_dist_to_target,28,1.7202879502600252
33764.44,ROW-max-Corr,5983,11263,773956,0,geod_dist_to_target,30,1.7202879502600252
33764.44,ROW-max-Corr,5983,11263,773956,0,geod_dist_to_target,32,1.7202879502600252
33764.44,ROW-max-Corr,5983,11263,773956,0,geod_dist_to_target,34,1.7202879502600252
33764.44,ROW-max-Corr,5983,11263,773956,0,geod_dist_to_target,36,1.7202879502600252
33764.44,ROW-max-Corr,5983,11263,773956,0,geod_dist_to_target,38,1.7202879502600252
33764.44,ROW-max-Corr,5983,11263,773956,0,geod_dist_to_target,40,1.7202879502600252
33764.44,ROW-max-Corr,5983,11263,773956,0,geod_dist_to_target,42,1.7202879502600252
33764.44,ROW-max-Corr,5983,11263,773956,0,geod_dist_to_target,44,1.7202879502600252
33764.44,ROW-max-Corr,5983,11263,773956,0,geod_dist_to_target,46,1.7202879502600252
33764.44,ROW-max-Corr,5983,11263,773956,0,geod_dist_to_target,48,1.7202879502600252
33764.44,ROW-max-Corr,5983,11263,773956,0,geod_dist_to_target,50,1.7202879502600252
33764.44,ROW-max-Corr,5983,5987,773956,0,geod_dist_to_target,55,0.14875433460620147
33764.44,ROW-max-Corr,5983,5983,773956,0,geod_dist_to_target,60,0.0
33764.44,ROW-max-Corr,5983,5982,773956,0,geod_dist_to_target,65,0.5119943161671362
33764.44,ROW-max-Corr,5983,5983,773956,0,geod_dist_to_target,70,0.0
33764.44,ROW-max-Corr,5983,5982,773956,0,geod_dist_to_target,75,0.5119943161671362
33764.44,ROW-max-Corr,5983,8484,773956,0,geod_dist_to_target,80,0.23128259924412295
33764.44,ROW-max-Corr,5983,8484,773956,0,geod_dist_to_target,85,0.23128259924412295
33764.44,ROW-max-Corr,5983,8484,773956,0,geod_dist_to_target,90,0.23128259924412295
33764.44,ROW-max-Corr,5983,5983,773956,0,geod_dist_to_target,95,0.0
33764.44,ROW-max-Corr,5983,5983,773956,0,geod_dist_to_target,100,0.0
33764.44,ROW-max-Corr,5983,418,654571,0,geod_dist_to_target,5,22.37685973141986
33764.44,ROW-max-Corr,5983,6982,654571,0,geod_dist_to_target,6,9.93931797377335
33764.44,ROW-max-Corr,5983,10353,654571,0,geod_dist_to_target,7,2.442861017736459
33764.44,ROW-max-Corr,5983,5775,654571,0,geod_dist_to_target,8,10.287249380021551
33764.44,ROW-max-Corr,5983,5775,654571,0,geod_dist_to_target,9,10.287249380021551
33764.44,ROW-max-Corr,5983,5775,654571,0,geod_dist_to_target,10,10.287249380021551
33764.44,ROW-max-Corr,5983,3243,654571,0,geod_dist_to_target,11,6.703770974615846
33764.44,ROW-max-Corr,5983,8119,654571,0,geod_dist_to_target,12,5.637985036297361
33764.44,ROW-max-Corr,5983,12391,654571,0,geod_dist_to_target,13,6.117403923808329
33764.44,ROW-max-Corr,5983,12391,654571,0,geod_dist_to_target,14,6.117403923808329
33764.44,ROW-max-Corr,5983,9149,654571,0,geod_dist_to_target,15,5.014715819531591
33764.44,ROW-max-Corr,5983,5987,654571,0,geod_dist_to_target,16,0.14875433460620147
33764.44,ROW-max-Corr,5983,5987,654571,0,geod_dist_to_target,17,0.14875433460620147
33764.44,ROW-max-Corr,5983,7537,654571,0,geod_dist_to_target,18,0.16751588878275958
33764.44,ROW-max-Corr,5983,7537,654571,0,geod_dist_to_target,19,0.16751588878275958
33764.44,ROW-max-Corr,5983,7537,654571,0,geod_dist_to_target,20,0.16751588878275958
33764.44,ROW-max-Corr,5983,7537,654571,0,geod_dist_to_target,22,0.16751588878275958
33764.44,ROW-max-Corr,5983,7537,654571,0,geod_dist_to_target,24,0.16751588878275958
33764.44,ROW-max-Corr,5983,7537,654571,0,geod_dist_to_target,26,0.16751588878275958
33764.44,ROW-max-Corr,5983,5983,654571,0,geod_dist_to_target,28,0.0
33764.44,ROW-max-Corr,5983,5983,654571,0,geod_dist_to_target,30,0.0
33764.44,ROW-max-Corr,5983,5983,654571,0,geod_dist_to_target,32,0.0
33764.44,ROW-max-Corr,5983,5983,654571,0,geod_dist_to_target,34,0.0
33764.44,ROW-max-Corr,5983,5983,654571,0,geod_dist_to_target,36,0.0
33764.44,ROW-max-Corr,5983,8484,654571,0,geod_dist_to_target,38,0.23128259924412295
33764.44,ROW-max-Corr,5983,8484,654571,0,geod_dist_to_target,40,0.23128259924412295
33764.44,ROW-max-Corr,5983,8484,654571,0,geod_dist_to_target,42,0.23128259924412295
33764.44,ROW-max-Corr,5983,8484,654571,0,geod_dist_to_target,44,0.23128259924412295
33764.44,ROW-max-Corr,5983,8484,654571,0,geod_dist_to_target,46,0.23128259924412295
33764.44,ROW-max-Corr,5983,8484,654571,0,geod_dist_to_target,48,0.23128259924412295
33764.44,ROW-max-Corr,5983,8484,654571,0,geod_dist_to_target,50,0.23128259924412295
33764.44,ROW-max-Corr,5983,8484,654571,0,geod_dist_to_target,55,0.23128259924412295
33764.44,ROW-max-Corr,5983,8484,654571,0,geod_dist_to_target,60,0.23128259924412295
33764.44,ROW-max-Corr,5983,5982,654571,0,geod_dist_to_target,65,0.5119943161671362
33764.44,ROW-max-Corr,5983,8484,654571,0,geod_dist_to_target,70,0.23128259924412295
33764.44,ROW-max-Corr,5983,8484,654571,0,geod_dist_to_target,75,0.23128259924412295
33764.44,ROW-max-Corr,5983,5983,654571,0,geod_dist_to_target,80,0.0
33764.44,ROW-max-Corr,5983,5983,654571,0,geod_dist_to_target,85,0.0
33764.44,ROW-max-Corr,5983,5983,654571,0,geod_dist_to_target,90,0.0
33764.44,ROW-max-Corr,5983,5983,654571,0,geod_dist_to_target,95,0.0
33764.44,ROW-max-Corr,5983,5983,654571,0,geod_dist_to_target,100,0.0
33764.44,ROW-max-Corr,5983,7332,438878,0,geod_dist_to_target,5,8.934877200580642
33764.44,ROW-max-Corr,5983,10215,438878,0,geod_dist_to_target,6,2.6911529452194856
33764.44,ROW-max-Corr,5983,4733,438878,0,geod_dist_to_target,7,1.9723145261385564
33764.44,ROW-max-Corr,5983,10215,438878,0,geod_dist_to_target,8,2.6911529452194856
33764.44,ROW-max-Corr,5983,1186,438878,0,geod_dist_to_target,9,2.195340195654131
33764.44,ROW-max-Corr,5983,1186,438878,0,geod_dist_to_target,10,2.195340195654131
33764.44,ROW-max-Corr,5983,1186,438878,0,geod_dist_to_target,11,2.195340195654131
33764.44,ROW-max-Corr,5983,1186,438878,0,geod_dist_to_target,12,2.195340195654131
33764.44,ROW-max-Corr,5983,1186,438878,0,geod_dist_to_target,13,2.195340195654131
33764.44,ROW-max-Corr,5983,8585,438878,0,geod_dist_to_target,14,1.0077340930379142
33764.44,ROW-max-Corr,5983,7259,438878,0,geod_dist_to_target,15,1.3521345105016975
33764.44,ROW-max-Corr,5983,7538,438878,0,geod_dist_to_target,16,0.4426840496055589
33764.44,ROW-max-Corr,5983,7538,438878,0,geod_dist_to_target,17,0.4426840496055589
33764.44,ROW-max-Corr,5983,8484,438878,0,geod_dist_to_target,18,0.23128259924412295
33764.44,ROW-max-Corr,5983,8484,438878,0,geod_dist_to_target,19,0.23128259924412295
33764.44,ROW-max-Corr,5983,5982,438878,0,geod_dist_to_target,20,0.5119943161671362
33764.44,ROW-max-Corr,5983,5982,438878,0,geod_dist_to_target,22,0.5119943161671362
33764.44,ROW-max-Corr,5983,11263,438878,0,geod_dist_to_target,24,1.7202879502600252
33764.44,ROW-max-Corr,5983,11263,438878,0,geod_dist_to_target,26,1.7202879502600252
33764.44,ROW-max-Corr,5983,11263,438878,0,geod_dist_to_target,28,1.7202879502600252
33764.44,ROW-max-Corr,5983,11263,438878,0,geod_dist_to_target,30,1.7202879502600252
33764.44,ROW-max-Corr,5983,11263,438878,0,geod_dist_to_target,32,1.7202879502600252
33764.44,ROW-max-Corr,5983,11263,438878,0,geod_dist_to_target,34,1.7202879502600252
33764.44,ROW-max-Corr,5983,11263,438878,0,geod_dist_to_target,36,1.7202879502600252
33764.44,ROW-max-Corr,5983,11263,438878,0,geod_dist_to_target,38,1.7202879502600252
33764.44,ROW-max-Corr,5983,15,438878,0,geod_dist_to_target,40,2.173616594454181
33764.44,ROW-max-Corr,5983,11263,438878,0,geod_dist_to_target,42,1.7202879502600252
33764.44,ROW-max-Corr,5983,11263,438878,0,geod_dist_to_target,44,1.7202879502600252
33764.44,ROW-max-Corr,5983,11263,438878,0,geod_dist_to_target,46,1.7202879502600252
33764.44,ROW-max-Corr,5983,11263,438878,0,geod_dist_to_target,48,1.7202879502600252
33764.44,ROW-max-Corr,5983,11263,438878,0,geod_dist_to_target,50,1.7202879502600252
33764.44,ROW-max-Corr,5983,11263,438878,0,geod_dist_to_target,55,1.7202879502600252
33764.44,ROW-max-Corr,5983,11263,438878,0,geod_dist_to_target,60,1.7202879502600252
33764.44,ROW-max-Corr,5983,11263,438878,0,geod_dist_to_target,65,1.7202879502600252
33764.44,ROW-max-Corr,5983,11263,438878,0,geod_dist_to_target,70,1.7202879502600252
33764.44,ROW-max-Corr,5983,11263,438878,0,geod_dist_to_target,75,1.7202879502600252
33764.44,ROW-max-Corr,5983,11263,438878,0,geod_dist_to_target,80,1.7202879502600252
33764.44,ROW-max-Corr,5983,11263,438878,0,geod_dist_to_target,85,1.7202879502600252
33764.44,ROW-max-Corr,5983,11263,438878,0,geod_dist_to_target,90,1.7202879502600252
33764.44,ROW-max-Corr,5983,11263,438878,0,geod_dist_to_target,95,1.7202879502600252
33764.44,ROW-max-Corr,5983,11263,438878,0,geod_dist_to_target,100,1.7202879502600252
33764.44,ROW-max-Corr,5983,11156,433015,0,geod_dist_to_target,5,44.91894691781382
33764.44,ROW-max-Corr,5983,413,433015,0,geod_dist_to_target,6,46.43595187900066
33764.44,ROW-max-Corr,5983,5647,433015,0,geod_dist_to_target,7,12.760090974309797
33764.44,ROW-max-Corr,5983,3483,433015,0,geod_dist_to_target,8,12.331964914968962
33764.44,ROW-max-Corr,5983,4935,433015,0,geod_dist_to_target,9,16.343541768825986
33764.44,ROW-max-Corr,5983,4935,433015,0,geod_dist_to_target,10,16.343541768825986
33764.44,ROW-max-Corr,5983,4935,433015,0,geod_dist_to_target,11,16.343541768825986
33764.44,ROW-max-Corr,5983,4935,433015,0,geod_dist_to_target,12,16.343541768825986
33764.44,ROW-max-Corr,5983,12461,433015,0,geod_dist_to_target,13,0.45239388719183316
33764.44,ROW-max-Corr,5983,4084,433015,0,geod_dist_to_target,14,0.4336323330152751
33764.44,ROW-max-Corr,5983,4084,433015,0,geod_dist_to_target,15,0.4336323330152751
33764.44,ROW-max-Corr,5983,4084,433015,0,geod_dist_to_target,16,0.4336323330152751
33764.44,ROW-max-Corr,5983,4084,433015,0,geod_dist_to_target,17,0.4336323330152751
33764.44,ROW-max-Corr,5983,4084,433015,0,geod_dist_to_target,18,0.4336323330152751
33764.44,ROW-max-Corr,5983,12461,433015,0,geod_dist_to_target,19,0.45239388719183316
33764.44,ROW-max-Corr,5983,12461,433015,0,geod_dist_to_target,20,0.45239388719183316
33764.44,ROW-max-Corr,5983,12461,433015,0,geod_dist_to_target,22,0.45239388719183316
33764.44,ROW-max-Corr,5983,12461,433015,0,geod_dist_to_target,24,0.45239388719183316
33764.44,ROW-max-Corr,5983,12461,433015,0,geod_dist_to_target,26,0.45239388719183316
33764.44,ROW-max-Corr,5983,7537,433015,0,geod_dist_to_target,28,0.16751588878275958
33764.44,ROW-max-Corr,5983,7537,433015,0,geod_dist_to_target,30,0.16751588878275958
33764.44,ROW-max-Corr,5983,7537,433015,0,geod_dist_to_target,32,0.16751588878275958
33764.44,ROW-max-Corr,5983,7537,433015,0,geod_dist_to_target,34,0.16751588878275958
33764.44,ROW-max-Corr,5983,5983,433015,0,geod_dist_to_target,36,0.0
33764.44,ROW-max-Corr,5983,5983,433015,0,geod_dist_to_target,38,0.0
33764.44,ROW-max-Corr,5983,5983,433015,0,geod_dist_to_target,40,0.0
33764.44,ROW-max-Corr,5983,5983,433015,0,geod_dist_to_target,42,0.0
33764.44,ROW-max-Corr,5983,3305,433015,0,geod_dist_to_target,44,3.5282318567488584
33764.44,ROW-max-Corr,5983,3305,433015,0,geod_dist_to_target,46,3.5282318567488584
33764.44,ROW-max-Corr,5983,3305,433015,0,geod_dist_to_target,48,3.5282318567488584
33764.44,ROW-max-Corr,5983,5982,433015,0,geod_dist_to_target,50,0.5119943161671362
33764.44,ROW-max-Corr,5983,8484,433015,0,geod_dist_to_target,55,0.23128259924412295
33764.44,ROW-max-Corr,5983,5982,433015,0,geod_dist_to_target,60,0.5119943161671362
33764.44,ROW-max-Corr,5983,5983,433015,0,geod_dist_to_target,65,0.0
33764.44,ROW-max-Corr,5983,5983,433015,0,geod_dist_to_target,70,0.0
33764.44,ROW-max-Corr,5983,5983,433015,0,geod_dist_to_target,75,0.0
33764.44,ROW-max-Corr,5983,5983,433015,0,geod_dist_to_target,80,0.0
33764.44,ROW-max-Corr,5983,5983,433015,0,geod_dist_to_target,85,0.0
33764.44,ROW-max-Corr,5983,5983,433015,0,geod_dist_to_target,90,0.0
33764.44,ROW-max-Corr,5983,5983,433015,0,geod_dist_to_target,95,0.0
33764.44,ROW-max-Corr,5983,5983,433015,0,geod_dist_to_target,100,0.0
33764.44,ROW-max-Corr,5983,6082,858597,0,geod_dist_to_target,5,6.602365805853974
33764.44,ROW-max-Corr,5983,6965,858597,0,geod_dist_to_target,6,6.981728192040049
33764.44,ROW-max-Corr,5983,10100,858597,0,geod_dist_to_target,7,1.6300037524431008
33764.44,ROW-max-Corr,5983,6326,858597,0,geod_dist_to_target,8,1.6633009754413661
33764.44,ROW-max-Corr,5983,2907,858597,0,geod_dist_to_target,9,0.9362377411337676
33764.44,ROW-max-Corr,5983,756,858597,0,geod_dist_to_target,10,0.6276745866063177
33764.44,ROW-max-Corr,5983,12534,858597,0,geod_dist_to_target,11,1.3796792595163454
33764.44,ROW-max-Corr,5983,12534,858597,0,geod_dist_to_target,12,1.3796792595163454
33764.44,ROW-max-Corr,5983,10536,858597,0,geod_dist_to_target,13,4.685631080618894
33764.44,ROW-max-Corr,5983,3001,858597,0,geod_dist_to_target,14,1.3607795684798007
33764.44,ROW-max-Corr,5983,3001,858597,0,geod_dist_to_target,15,1.3607795684798007
33764.44,ROW-max-Corr,5983,7564,858597,0,geod_dist_to_target,16,0.6938234922285013
33764.44,ROW-max-Corr,5983,10788,858597,0,geod_dist_to_target,17,0.9087044266107857
33764.44,ROW-max-Corr,5983,10788,858597,0,geod_dist_to_target,18,0.9087044266107857
33764.44,ROW-max-Corr,5983,7564,858597,0,geod_dist_to_target,19,0.6938234922285013
33764.44,ROW-max-Corr,5983,7564,858597,0,geod_dist_to_target,20,0.6938234922285013
33764.44,ROW-max-Corr,5983,2483,858597,0,geod_dist_to_target,22,0.9191736089149836
33764.44,ROW-max-Corr,5983,2483,858597,0,geod_dist_to_target,24,0.9191736089149836
33764.44,ROW-max-Corr,5983,2483,858597,0,geod_dist_to_target,26,0.9191736089149836
33764.44,ROW-max-Corr,5983,2483,858597,0,geod_dist_to_target,28,0.9191736089149836
33764.44,ROW-max-Corr,5983,2483,858597,0,geod_dist_to_target,30,0.9191736089149836
33764.44,ROW-max-Corr,5983,2483,858597,0,geod_dist_to_target,32,0.9191736089149836
33764.44,ROW-max-Corr,5983,2483,858597,0,geod_dist_to_target,34,0.9191736089149836
33764.44,ROW-max-Corr,5983,10618,858597,0,geod_dist_to_target,36,0.33925358679234946
33764.44,ROW-max-Corr,5983,10618,858597,0,geod_dist_to_target,38,0.33925358679234946
33764.44,ROW-max-Corr,5983,10618,858597,0,geod_dist_to_target,40,0.33925358679234946
33764.44,ROW-max-Corr,5983,7537,858597,0,geod_dist_to_target,42,0.16751588878275958
33764.44,ROW-max-Corr,5983,10618,858597,0,geod_dist_to_target,44,0.33925358679234946
33764.44,ROW-max-Corr,5983,10618,858597,0,geod_dist_to_target,46,0.33925358679234946
33764.44,ROW-max-Corr,5983,10618,858597,0,geod_dist_to_target,48,0.33925358679234946
33764.44,ROW-max-Corr,5983,10618,858597,0,geod_dist_to_target,50,0.33925358679234946
33764.44,ROW-max-Corr,5983,8484,858597,0,geod_dist_to_target,55,0.23128259924412295
33764.44,ROW-max-Corr,5983,8484,858597,0,geod_dist_to_target,60,0.23128259924412295
33764.44,ROW-max-Corr,5983,8484,858597,0,geod_dist_to_target,65,0.23128259924412295
33764.44,ROW-max-Corr,5983,8484,858597,0,geod_dist_to_target,70,0.23128259924412295
33764.44,ROW-max-Corr,5983,8484,858597,0,geod_dist_to_target,75,0.23128259924412295
33764.44,ROW-max-Corr,5983,8484,858597,0,geod_dist_to_target,80,0.23128259924412295
33764.44,ROW-max-Corr,5983,8484,858597,0,geod_dist_to_target,85,0.23128259924412295
33764.44,ROW-max-Corr,5983,8484,858597,0,geod_dist_to_target,90,0.23128259924412295
33764.44,ROW-max-Corr,5983,8484,858597,0,geod_dist_to_target,95,0.23128259924412295
33764.44,ROW-max-Corr,5983,8484,858597,0,geod_dist_to_target,100,0.23128259924412295
33764.44,ROW-max-Corr,5983,11122,85945,0,geod_dist_to_target,5,1.3827705773146313
33764.44,ROW-max-Corr,5983,11122,85945,0,geod_dist_to_target,6,1.3827705773146313
33764.44,ROW-max-Corr,5983,11525,85945,0,geod_dist_to_target,7,10.607800048729805
33764.44,ROW-max-Corr,5983,2355,85945,0,geod_dist_to_target,8,10.289120640857654
33764.44,ROW-max-Corr,5983,2355,85945,0,geod_dist_to_target,9,10.289120640857654
33764.44,ROW-max-Corr,5983,12418,85945,0,geod_dist_to_target,10,6.484968195821966
33764.44,ROW-max-Corr,5983,499,85945,0,geod_dist_to_target,11,5.334583897701716
33764.44,ROW-max-Corr,5983,10618,85945,0,geod_dist_to_target,12,0.33925358679234946
33764.44,ROW-max-Corr,5983,10618,85945,0,geod_dist_to_target,13,0.33925358679234946
33764.44,ROW-max-Corr,5983,10618,85945,0,geod_dist_to_target,14,0.33925358679234946
33764.44,ROW-max-Corr,5983,7537,85945,0,geod_dist_to_target,15,0.16751588878275958
33764.44,ROW-max-Corr,5983,5983,85945,0,geod_dist_to_target,16,0.0
33764.44,ROW-max-Corr,5983,5983,85945,0,geod_dist_to_target,17,0.0
33764.44,ROW-max-Corr,5983,5983,85945,0,geod_dist_to_target,18,0.0
33764.44,ROW-max-Corr,5983,5983,85945,0,geod_dist_to_target,19,0.0
33764.44,ROW-max-Corr,5983,5983,85945,0,geod_dist_to_target,20,0.0
33764.44,ROW-max-Corr,5983,5983,85945,0,geod_dist_to_target,22,0.0
33764.44,ROW-max-Corr,5983,3305,85945,0,geod_dist_to_target,24,3.5282318567488584
33764.44,ROW-max-Corr,5983,3305,85945,0,geod_dist_to_target,26,3.5282318567488584
33764.44,ROW-max-Corr,5983,5983,85945,0,geod_dist_to_target,28,0.0
33764.44,ROW-max-Corr,5983,5983,85945,0,geod_dist_to_target,30,0.0
33764.44,ROW-max-Corr,5983,5983,85945,0,geod_dist_to_target,32,0.0
33764.44,ROW-max-Corr,5983,5983,85945,0,geod_dist_to_target,34,0.0
33764.44,ROW-max-Corr,5983,5983,85945,0,geod_dist_to_target,36,0.0
33764.44,ROW-max-Corr,5983,5983,85945,0,geod_dist_to_target,38,0.0
33764.44,ROW-max-Corr,5983,7537,85945,0,geod_dist_to_target,40,0.16751588878275958
33764.44,ROW-max-Corr,5983,5983,85945,0,geod_dist_to_target,42,0.0
33764.44,ROW-max-Corr,5983,7537,85945,0,geod_dist_to_target,44,0.16751588878275958
33764.44,ROW-max-Corr,5983,5983,85945,0,geod_dist_to_target,46,0.0
33764.44,ROW-max-Corr,5983,5983,85945,0,geod_dist_to_target,48,0.0
33764.44,ROW-max-Corr,5983,5983,85945,0,geod_dist_to_target,50,0.0
33764.44,ROW-max-Corr,5983,5983,85945,0,geod_dist_to_target,55,0.0
33764.44,ROW-max-Corr,5983,5983,85945,0,geod_dist_to_target,60,0.0
33764.44,ROW-max-Corr,5983,5983,85945,0,geod_dist_to_target,65,0.0
33764.44,ROW-max-Corr,5983,5983,85945,0,geod_dist_to_target,70,0.0
33764.44,ROW-max-Corr,5983,5983,85945,0,geod_dist_to_target,75,0.0
33764.44,ROW-max-Corr,5983,5983,85945,0,geod_dist_to_target,80,0.0
33764.44,ROW-max-Corr,5983,5983,85945,0,geod_dist_to_target,85,0.0
33764.44,ROW-max-Corr,5983,5983,85945,0,geod_dist_to_target,90,0.0
33764.44,ROW-max-Corr,5983,5983,85945,0,geod_dist_to_target,95,0.0
33764.44,ROW-max-Corr,5983,5983,85945,0,geod_dist_to_target,100,0.0
33764.44,ROW-max-Corr,5983,3480,697368,0,geod_dist_to_target,5,45.21201454938151
33764.44,ROW-max-Corr,5983,3480,697368,0,geod_dist_to_target,6,45.21201454938151
33764.44,ROW-max-Corr,5983,5208,697368,0,geod_dist_to_target,7,16.103270771561622
33764.44,ROW-max-Corr,5983,4935,697368,0,geod_dist_to_target,8,16.343541768825986
33764.44,ROW-max-Corr,5983,4015,697368,0,geod_dist_to_target,9,33.309237113655094
33764.44,ROW-max-Corr,5983,4015,697368,0,geod_dist_to_target,10,33.309237113655094
33764.44,ROW-max-Corr,5983,5527,697368,0,geod_dist_to_target,11,32.76072400477734
33764.44,ROW-max-Corr,5983,4015,697368,0,geod_dist_to_target,12,33.309237113655094
33764.44,ROW-max-Corr,5983,2780,697368,0,geod_dist_to_target,13,0.38313914837102586
33764.44,ROW-max-Corr,5983,10618,697368,0,geod_dist_to_target,14,0.33925358679234946
33764.44,ROW-max-Corr,5983,2780,697368,0,geod_dist_to_target,15,0.38313914837102586
33764.44,ROW-max-Corr,5983,5982,697368,0,geod_dist_to_target,16,0.5119943161671362
33764.44,ROW-max-Corr,5983,5982,697368,0,geod_dist_to_target,17,0.5119943161671362
33764.44,ROW-max-Corr,5983,5982,697368,0,geod_dist_to_target,18,0.5119943161671362
33764.44,ROW-max-Corr,5983,5982,697368,0,geod_dist_to_target,19,0.5119943161671362
33764.44,ROW-max-Corr,5983,5982,697368,0,geod_dist_to_target,20,0.5119943161671362
33764.44,ROW-max-Corr,5983,5967,697368,0,geod_dist_to_target,22,4.040824219337639
33764.44,ROW-max-Corr,5983,11079,697368,0,geod_dist_to_target,24,4.533816213915923
33764.44,ROW-max-Corr,5983,11079,697368,0,geod_dist_to_target,26,4.533816213915923
33764.44,ROW-max-Corr,5983,5982,697368,0,geod_dist_to_target,28,0.5119943161671362
33764.44,ROW-max-Corr,5983,5982,697368,0,geod_dist_to_target,30,0.5119943161671362
33764.44,ROW-max-Corr,5983,5982,697368,0,geod_dist_to_target,32,0.5119943161671362
33764.44,ROW-max-Corr,5983,5982,697368,0,geod_dist_to_target,34,0.5119943161671362
33764.44,ROW-max-Corr,5983,8484,697368,0,geod_dist_to_target,36,0.23128259924412295
33764.44,ROW-max-Corr,5983,8484,697368,0,geod_dist_to_target,38,0.23128259924412295
33764.44,ROW-max-Corr,5983,8484,697368,0,geod_dist_to_target,40,0.23128259924412295
33764.44,ROW-max-Corr,5983,5982,697368,0,geod_dist_to_target,42,0.5119943161671362
33764.44,ROW-max-Corr,5983,8484,697368,0,geod_dist_to_target,44,0.23128259924412295
33764.44,ROW-max-Corr,5983,8484,697368,0,geod_dist_to_target,46,0.23128259924412295
33764.44,ROW-max-Corr,5983,8484,697368,0,geod_dist_to_target,48,0.23128259924412295
33764.44,ROW-max-Corr,5983,8484,697368,0,geod_dist_to_target,50,0.23128259924412295
33764.44,ROW-max-Corr,5983,8484,697368,0,geod_dist_to_target,55,0.23128259924412295
33764.44,ROW-max-Corr,5983,8484,697368,0,geod_dist_to_target,60,0.23128259924412295
33764.44,ROW-max-Corr,5983,5983,697368,0,geod_dist_to_target,65,0.0
33764.44,ROW-max-Corr,5983,8484,697368,0,geod_dist_to_target,70,0.23128259924412295
33764.44,ROW-max-Corr,5983,5983,697368,0,geod_dist_to_target,75,0.0
33764.44,ROW-max-Corr,5983,5983,697368,0,geod_dist_to_target,80,0.0
33764.44,ROW-max-Corr,5983,5983,697368,0,geod_dist_to_target,85,0.0
33764.44,ROW-max-Corr,5983,7537,697368,0,geod_dist_to_target,90,0.16751588878275958
33764.44,ROW-max-Corr,5983,5983,697368,0,geod_dist_to_target,95,0.0
33764.44,ROW-max-Corr,5983,5983,697368,0,geod_dist_to_target,100,0.0
33764.44,ROW-max-Corr,5983,1719,201469,0,geod_dist_to_target,5,10.706387960851288
33764.44,ROW-max-Corr,5983,15,201469,0,geod_dist_to_target,6,2.173616594454181
33764.44,ROW-max-Corr,5983,7863,201469,0,geod_dist_to_target,7,30.008458446961157
33764.44,ROW-max-Corr,5983,9124,201469,0,geod_dist_to_target,8,0.7243505570719936
33764.44,ROW-max-Corr,5983,6211,201469,0,geod_dist_to_target,9,1.3002540924168604
33764.44,ROW-max-Corr,5983,6461,201469,0,geod_dist_to_target,10,7.876757217010572
33764.44,ROW-max-Corr,5983,2706,201469,0,geod_dist_to_target,11,1.97736899023293
33764.44,ROW-max-Corr,5983,4733,201469,0,geod_dist_to_target,12,1.9723145261385564
33764.44,ROW-max-Corr,5983,6461,201469,0,geod_dist_to_target,13,7.876757217010572
33764.44,ROW-max-Corr,5983,6459,201469,0,geod_dist_to_target,14,7.189217087354863
33764.44,ROW-max-Corr,5983,6238,201469,0,geod_dist_to_target,15,5.963447448101005
33764.44,ROW-max-Corr,5983,8585,201469,0,geod_dist_to_target,16,1.0077340930379142
33764.44,ROW-max-Corr,5983,7259,201469,0,geod_dist_to_target,17,1.3521345105016975
33764.44,ROW-max-Corr,5983,7259,201469,0,geod_dist_to_target,18,1.3521345105016975
33764.44,ROW-max-Corr,5983,9903,201469,0,geod_dist_to_target,19,5.4053107264947675
33764.44,ROW-max-Corr,5983,5982,201469,0,geod_dist_to_target,20,0.5119943161671362
33764.44,ROW-max-Corr,5983,11263,201469,0,geod_dist_to_target,22,1.7202879502600252
33764.44,ROW-max-Corr,5983,11263,201469,0,geod_dist_to_target,24,1.7202879502600252
33764.44,ROW-max-Corr,5983,11263,201469,0,geod_dist_to_target,26,1.7202879502600252
33764.44,ROW-max-Corr,5983,4084,201469,0,geod_dist_to_target,28,0.4336323330152751
33764.44,ROW-max-Corr,5983,5983,201469,0,geod_dist_to_target,30,0.0
33764.44,ROW-max-Corr,5983,12461,201469,0,geod_dist_to_target,32,0.45239388719183316
33764.44,ROW-max-Corr,5983,12461,201469,0,geod_dist_to_target,34,0.45239388719183316
33764.44,ROW-max-Corr,5983,5983,201469,0,geod_dist_to_target,36,0.0
33764.44,ROW-max-Corr,5983,11263,201469,0,geod_dist_to_target,38,1.7202879502600252
33764.44,ROW-max-Corr,5983,5983,201469,0,geod_dist_to_target,40,0.0
33764.44,ROW-max-Corr,5983,5983,201469,0,geod_dist_to_target,42,0.0
33764.44,ROW-max-Corr,5983,11263,201469,0,geod_dist_to_target,44,1.7202879502600252
33764.44,ROW-max-Corr,5983,5983,201469,0,geod_dist_to_target,46,0.0
33764.44,ROW-max-Corr,5983,5983,201469,0,geod_dist_to_target,48,0.0
33764.44,ROW-max-Corr,5983,5983,201469,0,geod_dist_to_target,50,0.0
33764.44,ROW-max-Corr,5983,5982,201469,0,geod_dist_to_target,55,0.5119943161671362
33764.44,ROW-max-Corr,5983,5983,201469,0,geod_dist_to_target,60,0.0
33764.44,ROW-max-Corr,5983,5982,201469,0,geod_dist_to_target,65,0.5119943161671362
33764.44,ROW-max-Corr,5983,5982,201469,0,geod_dist_to_target,70,0.5119943161671362
33764.44,ROW-max-Corr,5983,5982,201469,0,geod_dist_to_target,75,0.5119943161671362
33764.44,ROW-max-Corr,5983,5983,201469,0,geod_dist_to_target,80,0.0
33764.44,ROW-max-Corr,5983,5983,201469,0,geod_dist_to_target,85,0.0
33764.44,ROW-max-Corr,5983,5983,201469,0,geod_dist_to_target,90,0.0
33764.44,ROW-max-Corr,5983,5983,201469,0,geod_dist_to_target,95,0.0
33764.44,ROW-max-Corr,5983,5983,201469,0,geod_dist_to_target,100,0.0
33764.44,ROW-max-Corr,5983,10750,94177,0,geod_dist_to_target,5,23.160548421404282
33764.44,ROW-max-Corr,5983,6082,94177,0,geod_dist_to_target,6,6.602365805853974
33764.44,ROW-max-Corr,5983,2780,94177,0,geod_dist_to_target,7,0.38313914837102586
33764.44,ROW-max-Corr,5983,8262,94177,0,geod_dist_to_target,8,1.1388174811163212
33764.44,ROW-max-Corr,5983,3029,94177,0,geod_dist_to_target,9,1.0669524779254604
33764.44,ROW-max-Corr,5983,3029,94177,0,geod_dist_to_target,10,1.0669524779254604
33764.44,ROW-max-Corr,5983,3029,94177,0,geod_dist_to_target,11,1.0669524779254604
33764.44,ROW-max-Corr,5983,3029,94177,0,geod_dist_to_target,12,1.0669524779254604
33764.44,ROW-max-Corr,5983,12461,94177,0,geod_dist_to_target,13,0.45239388719183316
33764.44,ROW-max-Corr,5983,7537,94177,0,geod_dist_to_target,14,0.16751588878275958
33764.44,ROW-max-Corr,5983,12461,94177,0,geod_dist_to_target,15,0.45239388719183316
33764.44,ROW-max-Corr,5983,7537,94177,0,geod_dist_to_target,16,0.16751588878275958
33764.44,ROW-max-Corr,5983,7537,94177,0,geod_dist_to_target,17,0.16751588878275958
33764.44,ROW-max-Corr,5983,7537,94177,0,geod_dist_to_target,18,0.16751588878275958
33764.44,ROW-max-Corr,5983,12461,94177,0,geod_dist_to_target,19,0.45239388719183316
33764.44,ROW-max-Corr,5983,12461,94177,0,geod_dist_to_target,20,0.45239388719183316
33764.44,ROW-max-Corr,5983,12461,94177,0,geod_dist_to_target,22,0.45239388719183316
33764.44,ROW-max-Corr,5983,7537,94177,0,geod_dist_to_target,24,0.16751588878275958
33764.44,ROW-max-Corr,5983,12461,94177,0,geod_dist_to_target,26,0.45239388719183316
33764.44,ROW-max-Corr,5983,12461,94177,0,geod_dist_to_target,28,0.45239388719183316
33764.44,ROW-max-Corr,5983,12461,94177,0,geod_dist_to_target,30,0.45239388719183316
33764.44,ROW-max-Corr,5983,12461,94177,0,geod_dist_to_target,32,0.45239388719183316
33764.44,ROW-max-Corr,5983,12461,94177,0,geod_dist_to_target,34,0.45239388719183316
33764.44,ROW-max-Corr,5983,12461,94177,0,geod_dist_to_target,36,0.45239388719183316
33764.44,ROW-max-Corr,5983,5987,94177,0,geod_dist_to_target,38,0.14875433460620147
33764.44,ROW-max-Corr,5983,5987,94177,0,geod_dist_to_target,40,0.14875433460620147
33764.44,ROW-max-Corr,5983,5987,94177,0,geod_dist_to_target,42,0.14875433460620147
33764.44,ROW-max-Corr,5983,5987,94177,0,geod_dist_to_target,44,0.14875433460620147
33764.44,ROW-max-Corr,5983,12461,94177,0,geod_dist_to_target,46,0.45239388719183316
33764.44,ROW-max-Corr,5983,5987,94177,0,geod_dist_to_target,48,0.14875433460620147
33764.44,ROW-max-Corr,5983,12461,94177,0,geod_dist_to_target,50,0.45239388719183316
33764.44,ROW-max-Corr,5983,12461,94177,0,geod_dist_to_target,55,0.45239388719183316
33764.44,ROW-max-Corr,5983,12461,94177,0,geod_dist_to_target,60,0.45239388719183316
33764.44,ROW-max-Corr,5983,12461,94177,0,geod_dist_to_target,65,0.45239388719183316
33764.44,ROW-max-Corr,5983,7537,94177,0,geod_dist_to_target,70,0.16751588878275958
33764.44,ROW-max-Corr,5983,7537,94177,0,geod_dist_to_target,75,0.16751588878275958
33764.44,ROW-max-Corr,5983,7537,94177,0,geod_dist_to_target,80,0.16751588878275958
33764.44,ROW-max-Corr,5983,7537,94177,0,geod_dist_to_target,85,0.16751588878275958
33764.44,ROW-max-Corr,5983,7537,94177,0,geod_dist_to_target,90,0.16751588878275958
33764.44,ROW-max-Corr,5983,7537,94177,0,geod_dist_to_target,95,0.16751588878275958
33764.44,ROW-max-Corr,5983,7537,94177,0,geod_dist_to_target,100,0.16751588878275958
33764.44,COL-mean-Corr(Ben),5983,2810,89250,0,geod_dist_to_target,5,31.46879283765519
33764.44,COL-mean-Corr(Ben),5983,2810,89250,0,geod_dist_to_target,6,31.46879283765519
33764.44,COL-mean-Corr(Ben),5983,4542,89250,0,geod_dist_to_target,7,4.440870406657651
33764.44,COL-mean-Corr(Ben),5983,6208,89250,0,geod_dist_to_target,8,2.125221578892161
33764.44,COL-mean-Corr(Ben),5983,2810,89250,0,geod_dist_to_target,9,31.46879283765519
33764.44,COL-mean-Corr(Ben),5983,2810,89250,0,geod_dist_to_target,10,31.46879283765519
33764.44,COL-mean-Corr(Ben),5983,11761,89250,0,geod_dist_to_target,11,31.212847366830157
33764.44,COL-mean-Corr(Ben),5983,11229,89250,0,geod_dist_to_target,12,28.138442700272822
33764.44,COL-mean-Corr(Ben),5983,354,89250,0,geod_dist_to_target,13,44.20660289990841
33764.44,COL-mean-Corr(Ben),5983,354,89250,0,geod_dist_to_target,14,44.20660289990841
33764.44,COL-mean-Corr(Ben),5983,354,89250,0,geod_dist_to_target,15,44.20660289990841
33764.44,COL-mean-Corr(Ben),5983,5957,89250,0,geod_dist_to_target,16,4.372391862046229
33764.44,COL-mean-Corr(Ben),5983,6815,89250,0,geod_dist_to_target,17,10.616232852543595
33764.44,COL-mean-Corr(Ben),5983,6815,89250,0,geod_dist_to_target,18,10.616232852543595
33764.44,COL-mean-Corr(Ben),5983,10512,89250,0,geod_dist_to_target,19,26.423007230141263
33764.44,COL-mean-Corr(Ben),5983,10512,89250,0,geod_dist_to_target,20,26.423007230141263
33764.44,COL-mean-Corr(Ben),5983,10369,89250,0,geod_dist_to_target,22,10.296712454749619
33764.44,COL-mean-Corr(Ben),5983,10512,89250,0,geod_dist_to_target,24,26.423007230141263
33764.44,COL-mean-Corr(Ben),5983,10512,89250,0,geod_dist_to_target,26,26.423007230141263
33764.44,COL-mean-Corr(Ben),5983,5750,89250,0,geod_dist_to_target,28,10.96993004984723
33764.44,COL-mean-Corr(Ben),5983,5750,89250,0,geod_dist_to_target,30,10.96993004984723
33764.44,COL-mean-Corr(Ben),5983,8222,89250,0,geod_dist_to_target,32,24.98729900753287
33764.44,COL-mean-Corr(Ben),5983,2715,89250,0,geod_dist_to_target,34,24.627498552096725
33764.44,COL-mean-Corr(Ben),5983,4505,89250,0,geod_dist_to_target,36,3.1275996981222725
33764.44,COL-mean-Corr(Ben),5983,4505,89250,0,geod_dist_to_target,38,3.1275996981222725
33764.44,COL-mean-Corr(Ben),5983,4505,89250,0,geod_dist_to_target,40,3.1275996981222725
33764.44,COL-mean-Corr(Ben),5983,4505,89250,0,geod_dist_to_target,42,3.1275996981222725
33764.44,COL-mean-Corr(Ben),5983,4505,89250,0,geod_dist_to_target,44,3.1275996981222725
33764.44,COL-mean-Corr(Ben),5983,4505,89250,0,geod_dist_to_target,46,3.1275996981222725
33764.44,COL-mean-Corr(Ben),5983,4505,89250,0,geod_dist_to_target,48,3.1275996981222725
33764.44,COL-mean-Corr(Ben),5983,4505,89250,0,geod_dist_to_target,50,3.1275996981222725
33764.44,COL-mean-Corr(Ben),5983,7259,89250,0,geod_dist_to_target,55,1.3521345105016975
33764.44,COL-mean-Corr(Ben),5983,7259,89250,0,geod_dist_to_target,60,1.3521345105016975
33764.44,COL-mean-Corr(Ben),5983,4505,89250,0,geod_dist_to_target,65,3.1275996981222725
33764.44,COL-mean-Corr(Ben),5983,7259,89250,0,geod_dist_to_target,70,1.3521345105016975
33764.44,COL-mean-Corr(Ben),5983,4505,89250,0,geod_dist_to_target,75,3.1275996981222725
33764.44,COL-mean-Corr(Ben),5983,7259,89250,0,geod_dist_to_target,80,1.3521345105016975
33764.44,COL-mean-Corr(Ben),5983,4505,89250,0,geod_dist_to_target,85,3.1275996981222725
33764.44,COL-mean-Corr(Ben),5983,4505,89250,0,geod_dist_to_target,90,3.1275996981222725
33764.44,COL-mean-Corr(Ben),5983,4505,89250,0,geod_dist_to_target,95,3.1275996981222725
33764.44,COL-mean-Corr(Ben),5983,4505,89250,0,geod_dist_to_target,100,3.1275996981222725
33764.44,COL-mean-Corr(Ben),5983,11110,773956,0,geod_dist_to_target,5,32.185333510233235
33764.44,COL-mean-Corr(Ben),5983,11110,773956,0,geod_dist_to_target,6,32.185333510233235
33764.44,COL-mean-Corr(Ben),5983,11110,773956,0,geod_dist_to_target,7,32.185333510233235
33764.44,COL-mean-Corr(Ben),5983,1819,773956,0,geod_dist_to_target,8,31.18604463263422
33764.44,COL-mean-Corr(Ben),5983,1819,773956,0,geod_dist_to_target,9,31.18604463263422
33764.44,COL-mean-Corr(Ben),5983,11110,773956,0,geod_dist_to_target,10,32.185333510233235
33764.44,COL-mean-Corr(Ben),5983,11110,773956,0,geod_dist_to_target,11,32.185333510233235
33764.44,COL-mean-Corr(Ben),5983,9432,773956,0,geod_dist_to_target,12,30.177077925607392
33764.44,COL-mean-Corr(Ben),5983,10581,773956,0,geod_dist_to_target,13,29.14326319301667
33764.44,COL-mean-Corr(Ben),5983,10581,773956,0,geod_dist_to_target,14,29.14326319301667
33764.44,COL-mean-Corr(Ben),5983,10581,773956,0,geod_dist_to_target,15,29.14326319301667
33764.44,COL-mean-Corr(Ben),5983,1198,773956,0,geod_dist_to_target,16,6.405546596042963
33764.44,COL-mean-Corr(Ben),5983,301,773956,0,geod_dist_to_target,17,1.7075531260173313
33764.44,COL-mean-Corr(Ben),5983,158,773956,0,geod_dist_to_target,18,1.9556547009095624
33764.44,COL-mean-Corr(Ben),5983,2513,773956,0,geod_dist_to_target,19,22.93805466669633
33764.44,COL-mean-Corr(Ben),5983,2513,773956,0,geod_dist_to_target,20,22.93805466669633
33764.44,COL-mean-Corr(Ben),5983,2513,773956,0,geod_dist_to_target,22,22.93805466669633
33764.44,COL-mean-Corr(Ben),5983,2513,773956,0,geod_dist_to_target,24,22.93805466669633
33764.44,COL-mean-Corr(Ben),5983,2513,773956,0,geod_dist_to_target,26,22.93805466669633
33764.44,COL-mean-Corr(Ben),5983,1300,773956,0,geod_dist_to_target,28,6.989153621191265
33764.44,COL-mean-Corr(Ben),5983,644,773956,0,geod_dist_to_target,30,6.455258258755003
33764.44,COL-mean-Corr(Ben),5983,11835,773956,0,geod_dist_to_target,32,2.267569547252035
33764.44,COL-mean-Corr(Ben),5983,3001,773956,0,geod_dist_to_target,34,1.3607795684798007
33764.44,COL-mean-Corr(Ben),5983,3001,773956,0,geod_dist_to_target,36,1.3607795684798007
33764.44,COL-mean-Corr(Ben),5983,6813,773956,0,geod_dist_to_target,38,9.990035442734161
33764.44,COL-mean-Corr(Ben),5983,3455,773956,0,geod_dist_to_target,40,5.725011245953163
33764.44,COL-mean-Corr(Ben),5983,3455,773956,0,geod_dist_to_target,42,5.725011245953163
33764.44,COL-mean-Corr(Ben),5983,3455,773956,0,geod_dist_to_target,44,5.725011245953163
33764.44,COL-mean-Corr(Ben),5983,3455,773956,0,geod_dist_to_target,46,5.725011245953163
33764.44,COL-mean-Corr(Ben),5983,3455,773956,0,geod_dist_to_target,48,5.725011245953163
33764.44,COL-mean-Corr(Ben),5983,3455,773956,0,geod_dist_to_target,50,5.725011245953163
33764.44,COL-mean-Corr(Ben),5983,3455,773956,0,geod_dist_to_target,55,5.725011245953163
33764.44,COL-mean-Corr(Ben),5983,8059,773956,0,geod_dist_to_target,60,5.7971971025203715
33764.44,COL-mean-Corr(Ben),5983,3455,773956,0,geod_dist_to_target,65,5.725011245953163
33764.44,COL-mean-Corr(Ben),5983,3455,773956,0,geod_dist_to_target,70,5.725011245953163
33764.44,COL-mean-Corr(Ben),5983,3455,773956,0,geod_dist_to_target,75,5.725011245953163
33764.44,COL-mean-Corr(Ben),5983,3455,773956,0,geod_dist_to_target,80,5.725011245953163
33764.44,COL-mean-Corr(Ben),5983,3455,773956,0,geod_dist_to_target,85,5.725011245953163
33764.44,COL-mean-Corr(Ben),5983,3455,773956,0,geod_dist_to_target,90,5.725011245953163
33764.44,COL-mean-Corr(Ben),5983,3455,773956,0,geod_dist_to_target,95,5.725011245953163
33764.44,COL-mean-Corr(Ben),5983,4717,773956,0,geod_dist_to_target,100,4.7136878783415534
33764.44,COL-mean-Corr(Ben),5983,452,654571,0,geod_dist_to_target,5,13.23866107279026
33764.44,COL-mean-Corr(Ben),5983,452,654571,0,geod_dist_to_target,6,13.23866107279026
33764.44,COL-mean-Corr(Ben),5983,452,654571,0,geod_dist_to_target,7,13.23866107279026
33764.44,COL-mean-Corr(Ben),5983,452,654571,0,geod_dist_to_target,8,13.23866107279026
33764.44,COL-mean-Corr(Ben),5983,452,654571,0,geod_dist_to_target,9,13.23866107279026
33764.44,COL-mean-Corr(Ben),5983,452,654571,0,geod_dist_to_target,10,13.23866107279026
33764.44,COL-mean-Corr(Ben),5983,12319,654571,0,geod_dist_to_target,11,1.9266367131090985
33764.44,COL-mean-Corr(Ben),5983,12269,654571,0,geod_dist_to_target,12,1.6956930005835116
33764.44,COL-mean-Corr(Ben),5983,6429,654571,0,geod_dist_to_target,13,3.6819200583225205
33764.44,COL-mean-Corr(Ben),5983,6429,654571,0,geod_dist_to_target,14,3.6819200583225205
33764.44,COL-mean-Corr(Ben),5983,452,654571,0,geod_dist_to_target,15,13.23866107279026
33764.44,COL-mean-Corr(Ben),5983,10760,654571,0,geod_dist_to_target,16,22.799284209143234
33764.44,COL-mean-Corr(Ben),5983,10760,654571,0,geod_dist_to_target,17,22.799284209143234
33764.44,COL-mean-Corr(Ben),5983,6429,654571,0,geod_dist_to_target,18,3.6819200583225205
33764.44,COL-mean-Corr(Ben),5983,5943,654571,0,geod_dist_to_target,19,8.80498124690997
33764.44,COL-mean-Corr(Ben),5983,5943,654571,0,geod_dist_to_target,20,8.80498124690997
33764.44,COL-mean-Corr(Ben),5983,1715,654571,0,geod_dist_to_target,22,11.585059780394154
33764.44,COL-mean-Corr(Ben),5983,1715,654571,0,geod_dist_to_target,24,11.585059780394154
33764.44,COL-mean-Corr(Ben),5983,1715,654571,0,geod_dist_to_target,26,11.585059780394154
33764.44,COL-mean-Corr(Ben),5983,1715,654571,0,geod_dist_to_target,28,11.585059780394154
33764.44,COL-mean-Corr(Ben),5983,1715,654571,0,geod_dist_to_target,30,11.585059780394154
33764.44,COL-mean-Corr(Ben),5983,1715,654571,0,geod_dist_to_target,32,11.585059780394154
33764.44,COL-mean-Corr(Ben),5983,1715,654571,0,geod_dist_to_target,34,11.585059780394154
33764.44,COL-mean-Corr(Ben),5983,1715,654571,0,geod_dist_to_target,36,11.585059780394154
33764.44,COL-mean-Corr(Ben),5983,1831,654571,0,geod_dist_to_target,38,7.0241289217949605
33764.44,COL-mean-Corr(Ben),5983,1715,654571,0,geod_dist_to_target,40,11.585059780394154
33764.44,COL-mean-Corr(Ben),5983,1715,654571,0,geod_dist_to_target,42,11.585059780394154
33764.44,COL-mean-Corr(Ben),5983,1715,654571,0,geod_dist_to_target,44,11.585059780394154
33764.44,COL-mean-Corr(Ben),5983,1715,654571,0,geod_dist_to_target,46,11.585059780394154
33764.44,COL-mean-Corr(Ben),5983,9795,654571,0,geod_dist_to_target,48,4.123026492814799
33764.44,COL-mean-Corr(Ben),5983,9795,654571,0,geod_dist_to_target,50,4.123026492814799
33764.44,COL-mean-Corr(Ben),5983,9795,654571,0,geod_dist_to_target,55,4.123026492814799
33764.44,COL-mean-Corr(Ben),5983,9795,654571,0,geod_dist_to_target,60,4.123026492814799
33764.44,COL-mean-Corr(Ben),5983,1831,654571,0,geod_dist_to_target,65,7.0241289217949605
33764.44,COL-mean-Corr(Ben),5983,1831,654571,0,geod_dist_to_target,70,7.0241289217949605
33764.44,COL-mean-Corr(Ben),5983,1831,654571,0,geod_dist_to_target,75,7.0241289217949605
33764.44,COL-mean-Corr(Ben),5983,1831,654571,0,geod_dist_to_target,80,7.0241289217949605
33764.44,COL-mean-Corr(Ben),5983,1831,654571,0,geod_dist_to_target,85,7.0241289217949605
33764.44,COL-mean-Corr(Ben),5983,1831,654571,0,geod_dist_to_target,90,7.0241289217949605
33764.44,COL-mean-Corr(Ben),5983,1831,654571,0,geod_dist_to_target,95,7.0241289217949605
33764.44,COL-mean-Corr(Ben),5983,1831,654571,0,geod_dist_to_target,100,7.0241289217949605
33764.44,COL-mean-Corr(Ben),5983,4257,438878,0,geod_dist_to_target,5,39.48445535895856
33764.44,COL-mean-Corr(Ben),5983,7852,438878,0,geod_dist_to_target,6,29.535205409569414
33764.44,COL-mean-Corr(Ben),5983,3390,438878,0,geod_dist_to_target,7,35.63751952829707
33764.44,COL-mean-Corr(Ben),5983,10860,438878,0,geod_dist_to_target,8,49.738306905206116
33764.44,COL-mean-Corr(Ben),5983,9383,438878,0,geod_dist_to_target,9,36.30286270761156
33764.44,COL-mean-Corr(Ben),5983,5580,438878,0,geod_dist_to_target,10,38.4547264586014
33764.44,COL-mean-Corr(Ben),5983,7950,438878,0,geod_dist_to_target,11,22.72694899648496
33764.44,COL-mean-Corr(Ben),5983,916,438878,0,geod_dist_to_target,12,23.656937392853347
33764.44,COL-mean-Corr(Ben),5983,1961,438878,0,geod_dist_to_target,13,4.670098750288569
33764.44,COL-mean-Corr(Ben),5983,1961,438878,0,geod_dist_to_target,14,4.670098750288569
33764.44,COL-mean-Corr(Ben),5983,2312,438878,0,geod_dist_to_target,15,3.6750454112756366
33764.44,COL-mean-Corr(Ben),5983,1961,438878,0,geod_dist_to_target,16,4.670098750288569
33764.44,COL-mean-Corr(Ben),5983,6275,438878,0,geod_dist_to_target,17,26.57689853288902
33764.44,COL-mean-Corr(Ben),5983,3103,438878,0,geod_dist_to_target,18,23.858861507642434
33764.44,COL-mean-Corr(Ben),5983,10539,438878,0,geod_dist_to_target,19,22.18138846907699
33764.44,COL-mean-Corr(Ben),5983,12521,438878,0,geod_dist_to_target,20,16.145318164074865
33764.44,COL-mean-Corr(Ben),5983,7514,438878,0,geod_dist_to_target,22,3.786679361161893
33764.44,COL-mean-Corr(Ben),5983,25,438878,0,geod_dist_to_target,24,2.898280040938643
33764.44,COL-mean-Corr(Ben),5983,6745,438878,0,geod_dist_to_target,26,5.876008718074772
33764.44,COL-mean-Corr(Ben),5983,936,438878,0,geod_dist_to_target,28,6.000016128519039
33764.44,COL-mean-Corr(Ben),5983,936,438878,0,geod_dist_to_target,30,6.000016128519039
33764.44,COL-mean-Corr(Ben),5983,9028,438878,0,geod_dist_to_target,32,28.838919216898535
33764.44,COL-mean-Corr(Ben),5983,9028,438878,0,geod_dist_to_target,34,28.838919216898535
33764.44,COL-mean-Corr(Ben),5983,6211,438878,0,geod_dist_to_target,36,1.3002540924168604
33764.44,COL-mean-Corr(Ben),5983,3455,438878,0,geod_dist_to_target,38,5.725011245953163
33764.44,COL-mean-Corr(Ben),5983,7564,438878,0,geod_dist_to_target,40,0.6938234922285013
33764.44,COL-mean-Corr(Ben),5983,10618,438878,0,geod_dist_to_target,42,0.33925358679234946
33764.44,COL-mean-Corr(Ben),5983,10618,438878,0,geod_dist_to_target,44,0.33925358679234946
33764.44,COL-mean-Corr(Ben),5983,2780,438878,0,geod_dist_to_target,46,0.38313914837102586
33764.44,COL-mean-Corr(Ben),5983,756,438878,0,geod_dist_to_target,48,0.6276745866063177
33764.44,COL-mean-Corr(Ben),5983,7564,438878,0,geod_dist_to_target,50,0.6938234922285013
33764.44,COL-mean-Corr(Ben),5983,7564,438878,0,geod_dist_to_target,55,0.6938234922285013
33764.44,COL-mean-Corr(Ben),5983,7564,438878,0,geod_dist_to_target,60,0.6938234922285013
33764.44,COL-mean-Corr(Ben),5983,10618,438878,0,geod_dist_to_target,65,0.33925358679234946
33764.44,COL-mean-Corr(Ben),5983,7538,438878,0,geod_dist_to_target,70,0.4426840496055589
33764.44,COL-mean-Corr(Ben),5983,7538,438878,0,geod_dist_to_target,75,0.4426840496055589
33764.44,COL-mean-Corr(Ben),5983,7538,438878,0,geod_dist_to_target,80,0.4426840496055589
33764.44,COL-mean-Corr(Ben),5983,7259,438878,0,geod_dist_to_target,85,1.3521345105016975
33764.44,COL-mean-Corr(Ben),5983,8484,438878,0,geod_dist_to_target,90,0.23128259924412295
33764.44,COL-mean-Corr(Ben),5983,10618,438878,0,geod_dist_to_target,95,0.33925358679234946
33764.44,COL-mean-Corr(Ben),5983,7537,438878,0,geod_dist_to_target,100,0.16751588878275958
33764.44,COL-mean-Corr(Ben),5983,6792,433015,0,geod_dist_to_target,5,8.259143344619662
33764.44,COL-mean-Corr(Ben),5983,4519,433015,0,geod_dist_to_target,6,6.6738412757856835
33764.44,COL-mean-Corr(Ben),5983,3561,433015,0,geod_dist_to_target,7,13.540408885681137
33764.44,COL-mean-Corr(Ben),5983,12136,433015,0,geod_dist_to_target,8,5.738082838108718
33764.44,COL-mean-Corr(Ben),5983,12136,433015,0,geod_dist_to_target,9,5.738082838108718
33764.44,COL-mean-Corr(Ben),5983,12136,433015,0,geod_dist_to_target,10,5.738082838108718
33764.44,COL-mean-Corr(Ben),5983,12136,433015,0,geod_dist_to_target,11,5.738082838108718
33764.44,COL-mean-Corr(Ben),5983,11109,433015,0,geod_dist_to_target,12,33.969314710638315
33764.44,COL-mean-Corr(Ben),5983,11109,433015,0,geod_dist_to_target,13,33.969314710638315
33764.44,COL-mean-Corr(Ben),5983,8342,433015,0,geod_dist_to_target,14,42.35941843194063
33764.44,COL-mean-Corr(Ben),5983,8342,433015,0,geod_dist_to_target,15,42.35941843194063
33764.44,COL-mean-Corr(Ben),5983,11108,433015,0,geod_dist_to_target,16,34.407714777688916
33764.44,COL-mean-Corr(Ben),5983,11109,433015,0,geod_dist_to_target,17,33.969314710638315
33764.44,COL-mean-Corr(Ben),5983,11109,433015,0,geod_dist_to_target,18,33.969314710638315
33764.44,COL-mean-Corr(Ben),5983,11109,433015,0,geod_dist_to_target,19,33.969314710638315
33764.44,COL-mean-Corr(Ben),5983,11109,433015,0,geod_dist_to_target,20,33.969314710638315
33764.44,COL-mean-Corr(Ben),5983,6085,433015,0,geod_dist_to_target,22,11.890132335274934
33764.44,COL-mean-Corr(Ben),5983,2360,433015,0,geod_dist_to_target,24,49.18447687642762
33764.44,COL-mean-Corr(Ben),5983,3383,433015,0,geod_dist_to_target,26,45.49440406934866
33764.44,COL-mean-Corr(Ben),5983,3383,433015,0,geod_dist_to_target,28,45.49440406934866
33764.44,COL-mean-Corr(Ben),5983,3383,433015,0,geod_dist_to_target,30,45.49440406934866
33764.44,COL-mean-Corr(Ben),5983,12418,433015,0,geod_dist_to_target,32,6.484968195821966
33764.44,COL-mean-Corr(Ben),5983,12418,433015,0,geod_dist_to_target,34,6.484968195821966
33764.44,COL-mean-Corr(Ben),5983,12418,433015,0,geod_dist_to_target,36,6.484968195821966
33764.44,COL-mean-Corr(Ben),5983,12418,433015,0,geod_dist_to_target,38,6.484968195821966
33764.44,COL-mean-Corr(Ben),5983,12418,433015,0,geod_dist_to_target,40,6.484968195821966
33764.44,COL-mean-Corr(Ben),5983,12418,433015,0,geod_dist_to_target,42,6.484968195821966
33764.44,COL-mean-Corr(Ben),5983,1831,433015,0,geod_dist_to_target,44,7.0241289217949605
33764.44,COL-mean-Corr(Ben),5983,8059,433015,0,geod_dist_to_target,46,5.7971971025203715
33764.44,COL-mean-Corr(Ben),5983,1831,433015,0,geod_dist_to_target,48,7.0241289217949605
33764.44,COL-mean-Corr(Ben),5983,12418,433015,0,geod_dist_to_target,50,6.484968195821966
33764.44,COL-mean-Corr(Ben),5983,12418,433015,0,geod_dist_to_target,55,6.484968195821966
33764.44,COL-mean-Corr(Ben),5983,8059,433015,0,geod_dist_to_target,60,5.7971971025203715
33764.44,COL-mean-Corr(Ben),5983,8059,433015,0,geod_dist_to_target,65,5.7971971025203715
33764.44,COL-mean-Corr(Ben),5983,8059,433015,0,geod_dist_to_target,70,5.7971971025203715
33764.44,COL-mean-Corr(Ben),5983,8059,433015,0,geod_dist_to_target,75,5.7971971025203715
33764.44,COL-mean-Corr(Ben),5983,8059,433015,0,geod_dist_to_target,80,5.7971971025203715
33764.44,COL-mean-Corr(Ben),5983,8059,433015,0,geod_dist_to_target,85,5.7971971025203715
33764.44,COL-mean-Corr(Ben),5983,499,433015,0,geod_dist_to_target,90,5.334583897701716
33764.44,COL-mean-Corr(Ben),5983,499,433015,0,geod_dist_to_target,95,5.334583897701716
33764.44,COL-mean-Corr(Ben),5983,8059,433015,0,geod_dist_to_target,100,5.7971971025203715
33764.44,COL-mean-Corr(Ben),5983,4240,858597,0,geod_dist_to_target,5,41.69541206555457
33764.44,COL-mean-Corr(Ben),5983,4240,858597,0,geod_dist_to_target,6,41.69541206555457
33764.44,COL-mean-Corr(Ben),5983,4240,858597,0,geod_dist_to_target,7,41.69541206555457
33764.44,COL-mean-Corr(Ben),5983,4240,858597,0,geod_dist_to_target,8,41.69541206555457
33764.44,COL-mean-Corr(Ben),5983,4240,858597,0,geod_dist_to_target,9,41.69541206555457
33764.44,COL-mean-Corr(Ben),5983,5134,858597,0,geod_dist_to_target,10,39.110477014524086
33764.44,COL-mean-Corr(Ben),5983,5134,858597,0,geod_dist_to_target,11,39.110477014524086
33764.44,COL-mean-Corr(Ben),5983,1238,858597,0,geod_dist_to_target,12,47.182115064051544
33764.44,COL-mean-Corr(Ben),5983,12140,858597,0,geod_dist_to_target,13,21.809333052190627
33764.44,COL-mean-Corr(Ben),5983,12140,858597,0,geod_dist_to_target,14,21.809333052190627
33764.44,COL-mean-Corr(Ben),5983,12140,858597,0,geod_dist_to_target,15,21.809333052190627
33764.44,COL-mean-Corr(Ben),5983,12140,858597,0,geod_dist_to_target,16,21.809333052190627
33764.44,COL-mean-Corr(Ben),5983,6212,858597,0,geod_dist_to_target,17,2.1019817985931755
33764.44,COL-mean-Corr(Ben),5983,12140,858597,0,geod_dist_to_target,18,21.809333052190627
33764.44,COL-mean-Corr(Ben),5983,12140,858597,0,geod_dist_to_target,19,21.809333052190627
33764.44,COL-mean-Corr(Ben),5983,12633,858597,0,geod_dist_to_target,20,21.998201260258423
33764.44,COL-mean-Corr(Ben),5983,12633,858597,0,geod_dist_to_target,22,21.998201260258423
33764.44,COL-mean-Corr(Ben),5983,7537,858597,0,geod_dist_to_target,24,0.16751588878275958
33764.44,COL-mean-Corr(Ben),5983,7537,858597,0,geod_dist_to_target,26,0.16751588878275958
33764.44,COL-mean-Corr(Ben),5983,12382,858597,0,geod_dist_to_target,28,3.6280951661282437
33764.44,COL-mean-Corr(Ben),5983,7259,858597,0,geod_dist_to_target,30,1.3521345105016975
33764.44,COL-mean-Corr(Ben),5983,7259,858597,0,geod_dist_to_target,32,1.3521345105016975
33764.44,COL-mean-Corr(Ben),5983,7538,858597,0,geod_dist_to_target,34,0.4426840496055589
33764.44,COL-mean-Corr(Ben),5983,12327,858597,0,geod_dist_to_target,36,3.6153704271089886
33764.44,COL-mean-Corr(Ben),5983,10618,858597,0,geod_dist_to_target,38,0.33925358679234946
33764.44,COL-mean-Corr(Ben),5983,12327,858597,0,geod_dist_to_target,40,3.6153704271089886
33764.44,COL-mean-Corr(Ben),5983,12327,858597,0,geod_dist_to_target,42,3.6153704271089886
33764.44,COL-mean-Corr(Ben),5983,4717,858597,0,geod_dist_to_target,44,4.7136878783415534
33764.44,COL-mean-Corr(Ben),5983,4717,858597,0,geod_dist_to_target,46,4.7136878783415534
33764.44,COL-mean-Corr(Ben),5983,4717,858597,0,geod_dist_to_target,48,4.7136878783415534
33764.44,COL-mean-Corr(Ben),5983,4717,858597,0,geod_dist_to_target,50,4.7136878783415534
33764.44,COL-mean-Corr(Ben),5983,4717,858597,0,geod_dist_to_target,55,4.7136878783415534
33764.44,COL-mean-Corr(Ben),5983,5983,858597,0,geod_dist_to_target,60,0.0
33764.44,COL-mean-Corr(Ben),5983,11079,858597,0,geod_dist_to_target,65,4.533816213915923
33764.44,COL-mean-Corr(Ben),5983,499,858597,0,geod_dist_to_target,70,5.334583897701716
33764.44,COL-mean-Corr(Ben),5983,12461,858597,0,geod_dist_to_target,75,0.45239388719183316
33764.44,COL-mean-Corr(Ben),5983,12461,858597,0,geod_dist_to_target,80,0.45239388719183316
33764.44,COL-mean-Corr(Ben),5983,5983,858597,0,geod_dist_to_target,85,0.0
33764.44,COL-mean-Corr(Ben),5983,5983,858597,0,geod_dist_to_target,90,0.0
33764.44,COL-mean-Corr(Ben),5983,7537,858597,0,geod_dist_to_target,95,0.16751588878275958
33764.44,COL-mean-Corr(Ben),5983,12461,858597,0,geod_dist_to_target,100,0.45239388719183316
33764.44,COL-mean-Corr(Ben),5983,6731,85945,0,geod_dist_to_target,5,4.096172410047823
33764.44,COL-mean-Corr(Ben),5983,11147,85945,0,geod_dist_to_target,6,29.26366082082022
33764.44,COL-mean-Corr(Ben),5983,4015,85945,0,geod_dist_to_target,7,33.309237113655094
33764.44,COL-mean-Corr(Ben),5983,5680,85945,0,geod_dist_to_target,8,24.32433440951844
33764.44,COL-mean-Corr(Ben),5983,12308,85945,0,geod_dist_to_target,9,26.109383519902682
33764.44,COL-mean-Corr(Ben),5983,12308,85945,0,geod_dist_to_target,10,26.109383519902682
33764.44,COL-mean-Corr(Ben),5983,12308,85945,0,geod_dist_to_target,11,26.109383519902682
33764.44,COL-mean-Corr(Ben),5983,5499,85945,0,geod_dist_to_target,12,27.140935597214394
33764.44,COL-mean-Corr(Ben),5983,5497,85945,0,geod_dist_to_target,13,28.014603015236542
33764.44,COL-mean-Corr(Ben),5983,5497,85945,0,geod_dist_to_target,14,28.014603015236542
33764.44,COL-mean-Corr(Ben),5983,5497,85945,0,geod_dist_to_target,15,28.014603015236542
33764.44,COL-mean-Corr(Ben),5983,8059,85945,0,geod_dist_to_target,16,5.7971971025203715
33764.44,COL-mean-Corr(Ben),5983,1831,85945,0,geod_dist_to_target,17,7.0241289217949605
33764.44,COL-mean-Corr(Ben),5983,1831,85945,0,geod_dist_to_target,18,7.0241289217949605
33764.44,COL-mean-Corr(Ben),5983,12418,85945,0,geod_dist_to_target,19,6.484968195821966
33764.44,COL-mean-Corr(Ben),5983,12418,85945,0,geod_dist_to_target,20,6.484968195821966
33764.44,COL-mean-Corr(Ben),5983,5959,85945,0,geod_dist_to_target,22,5.0273961753915275
33764.44,COL-mean-Corr(Ben),5983,5959,85945,0,geod_dist_to_target,24,5.0273961753915275
33764.44,COL-mean-Corr(Ben),5983,5959,85945,0,geod_dist_to_target,26,5.0273961753915275
33764.44,COL-mean-Corr(Ben),5983,499,85945,0,geod_dist_to_target,28,5.334583897701716
33764.44,COL-mean-Corr(Ben),5983,499,85945,0,geod_dist_to_target,30,5.334583897701716
33764.44,COL-mean-Corr(Ben),5983,499,85945,0,geod_dist_to_target,32,5.334583897701716
33764.44,COL-mean-Corr(Ben),5983,11079,85945,0,geod_dist_to_target,34,4.533816213915923
33764.44,COL-mean-Corr(Ben),5983,5967,85945,0,geod_dist_to_target,36,4.040824219337639
33764.44,COL-mean-Corr(Ben),5983,499,85945,0,geod_dist_to_target,38,5.334583897701716
33764.44,COL-mean-Corr(Ben),5983,499,85945,0,geod_dist_to_target,40,5.334583897701716
33764.44,COL-mean-Corr(Ben),5983,3305,85945,0,geod_dist_to_target,42,3.5282318567488584
33764.44,COL-mean-Corr(Ben),5983,12542,85945,0,geod_dist_to_target,44,3.9957749622017773
33764.44,COL-mean-Corr(Ben),5983,12542,85945,0,geod_dist_to_target,46,3.9957749622017773
33764.44,COL-mean-Corr(Ben),5983,12542,85945,0,geod_dist_to_target,48,3.9957749622017773
33764.44,COL-mean-Corr(Ben),5983,5959,85945,0,geod_dist_to_target,50,5.0273961753915275
33764.44,COL-mean-Corr(Ben),5983,5959,85945,0,geod_dist_to_target,55,5.0273961753915275
33764.44,COL-mean-Corr(Ben),5983,12542,85945,0,geod_dist_to_target,60,3.9957749622017773
33764.44,COL-mean-Corr(Ben),5983,12542,85945,0,geod_dist_to_target,65,3.9957749622017773
33764.44,COL-mean-Corr(Ben),5983,12542,85945,0,geod_dist_to_target,70,3.9957749622017773
33764.44,COL-mean-Corr(Ben),5983,12542,85945,0,geod_dist_to_target,75,3.9957749622017773
33764.44,COL-mean-Corr(Ben),5983,3305,85945,0,geod_dist_to_target,80,3.5282318567488584
33764.44,COL-mean-Corr(Ben),5983,3305,85945,0,geod_dist_to_target,85,3.5282318567488584
33764.44,COL-mean-Corr(Ben),5983,3305,85945,0,geod_dist_to_target,90,3.5282318567488584
33764.44,COL-mean-Corr(Ben),5983,12542,85945,0,geod_dist_to_target,95,3.9957749622017773
33764.44,COL-mean-Corr(Ben),5983,3305,85945,0,geod_dist_to_target,100,3.5282318567488584
33764.44,COL-mean-Corr(Ben),5983,5229,697368,0,geod_dist_to_target,5,15.980572770493032
33764.44,COL-mean-Corr(Ben),5983,10417,697368,0,geod_dist_to_target,6,50.120724115282165
33764.44,COL-mean-Corr(Ben),5983,4179,697368,0,geod_dist_to_target,7,14.395814534098271
33764.44,COL-mean-Corr(Ben),5983,2048,697368,0,geod_dist_to_target,8,16.49925306487973
33764.44,COL-mean-Corr(Ben),5983,1959,697368,0,geod_dist_to_target,9,15.916039306746981
33764.44,COL-mean-Corr(Ben),5983,1959,697368,0,geod_dist_to_target,10,15.916039306746981
33764.44,COL-mean-Corr(Ben),5983,1959,697368,0,geod_dist_to_target,11,15.916039306746981
33764.44,COL-mean-Corr(Ben),5983,7079,697368,0,geod_dist_to_target,12,8.581428785873472
33764.44,COL-mean-Corr(Ben),5983,10812,697368,0,geod_dist_to_target,13,32.23993295223979
33764.44,COL-mean-Corr(Ben),5983,3833,697368,0,geod_dist_to_target,14,33.36443613209769
33764.44,COL-mean-Corr(Ben),5983,3833,697368,0,geod_dist_to_target,15,33.36443613209769
33764.44,COL-mean-Corr(Ben),5983,3833,697368,0,geod_dist_to_target,16,33.36443613209769
33764.44,COL-mean-Corr(Ben),5983,10301,697368,0,geod_dist_to_target,17,7.2854107951919245
33764.44,COL-mean-Corr(Ben),5983,10301,697368,0,geod_dist_to_target,18,7.2854107951919245
33764.44,COL-mean-Corr(Ben),5983,5724,697368,0,geod_dist_to_target,19,7.173707861824821
33764.44,COL-mean-Corr(Ben),5983,5724,697368,0,geod_dist_to_target,20,7.173707861824821
33764.44,COL-mean-Corr(Ben),5983,5724,697368,0,geod_dist_to_target,22,7.173707861824821
33764.44,COL-mean-Corr(Ben),5983,11173,697368,0,geod_dist_to_target,24,20.158452526850997
33764.44,COL-mean-Corr(Ben),5983,10320,697368,0,geod_dist_to_target,26,7.480546418638757
33764.44,COL-mean-Corr(Ben),5983,10587,697368,0,geod_dist_to_target,28,30.433780481444373
33764.44,COL-mean-Corr(Ben),5983,10587,697368,0,geod_dist_to_target,30,30.433780481444373
33764.44,COL-mean-Corr(Ben),5983,4710,697368,0,geod_dist_to_target,32,44.53922295694985
33764.44,COL-mean-Corr(Ben),5983,6240,697368,0,geod_dist_to_target,34,4.759273563905162
33764.44,COL-mean-Corr(Ben),5983,202,697368,0,geod_dist_to_target,36,3.982391359147916
33764.44,COL-mean-Corr(Ben),5983,739,697368,0,geod_dist_to_target,38,4.7775031882371515
33764.44,COL-mean-Corr(Ben),5983,6211,697368,0,geod_dist_to_target,40,1.3002540924168604
33764.44,COL-mean-Corr(Ben),5983,6211,697368,0,geod_dist_to_target,42,1.3002540924168604
33764.44,COL-mean-Corr(Ben),5983,2104,697368,0,geod_dist_to_target,44,0.8494817018879054
33764.44,COL-mean-Corr(Ben),5983,2104,697368,0,geod_dist_to_target,46,0.8494817018879054
33764.44,COL-mean-Corr(Ben),5983,11952,697368,0,geod_dist_to_target,48,1.4432440174222272
33764.44,COL-mean-Corr(Ben),5983,11952,697368,0,geod_dist_to_target,50,1.4432440174222272
33764.44,COL-mean-Corr(Ben),5983,1671,697368,0,geod_dist_to_target,55,4.366288254815378
33764.44,COL-mean-Corr(Ben),5983,8253,697368,0,geod_dist_to_target,60,3.615359655453556
33764.44,COL-mean-Corr(Ben),5983,11952,697368,0,geod_dist_to_target,65,1.4432440174222272
33764.44,COL-mean-Corr(Ben),5983,12461,697368,0,geod_dist_to_target,70,0.45239388719183316
33764.44,COL-mean-Corr(Ben),5983,11952,697368,0,geod_dist_to_target,75,1.4432440174222272
33764.44,COL-mean-Corr(Ben),5983,12461,697368,0,geod_dist_to_target,80,0.45239388719183316
33764.44,COL-mean-Corr(Ben),5983,12461,697368,0,geod_dist_to_target,85,0.45239388719183316
33764.44,COL-mean-Corr(Ben),5983,12461,697368,0,geod_dist_to_target,90,0.45239388719183316
33764.44,COL-mean-Corr(Ben),5983,11952,697368,0,geod_dist_to_target,95,1.4432440174222272
33764.44,COL-mean-Corr(Ben),5983,11952,697368,0,geod_dist_to_target,100,1.4432440174222272
33764.44,COL-mean-Corr(Ben),5983,5892,201469,0,geod_dist_to_target,5,52.98905929502649
33764.44,COL-mean-Corr(Ben),5983,4457,201469,0,geod_dist_to_target,6,36.55208425585965
33764.44,COL-mean-Corr(Ben),5983,7070,201469,0,geod_dist_to_target,7,35.44746291483665
33764.44,COL-mean-Corr(Ben),5983,7435,201469,0,geod_dist_to_target,8,2.6788895080175243
33764.44,COL-mean-Corr(Ben),5983,4446,201469,0,geod_dist_to_target,9,37.458800144783176
33764.44,COL-mean-Corr(Ben),5983,4446,201469,0,geod_dist_to_target,10,37.458800144783176
33764.44,COL-mean-Corr(Ben),5983,4446,201469,0,geod_dist_to_target,11,37.458800144783176
33764.44,COL-mean-Corr(Ben),5983,5699,201469,0,geod_dist_to_target,12,37.66115052546019
33764.44,COL-mean-Corr(Ben),5983,11300,201469,0,geod_dist_to_target,13,32.443271349026936
33764.44,COL-mean-Corr(Ben),5983,11300,201469,0,geod_dist_to_target,14,32.443271349026936
33764.44,COL-mean-Corr(Ben),5983,11300,201469,0,geod_dist_to_target,15,32.443271349026936
33764.44,COL-mean-Corr(Ben),5983,11300,201469,0,geod_dist_to_target,16,32.443271349026936
33764.44,COL-mean-Corr(Ben),5983,4685,201469,0,geod_dist_to_target,17,10.368229183410243
33764.44,COL-mean-Corr(Ben),5983,4685,201469,0,geod_dist_to_target,18,10.368229183410243
33764.44,COL-mean-Corr(Ben),5983,5574,201469,0,geod_dist_to_target,19,36.87401837386471
33764.44,COL-mean-Corr(Ben),5983,5574,201469,0,geod_dist_to_target,20,36.87401837386471
33764.44,COL-mean-Corr(Ben),5983,5574,201469,0,geod_dist_to_target,22,36.87401837386471
33764.44,COL-mean-Corr(Ben),5983,11931,201469,0,geod_dist_to_target,24,23.684706172184622
33764.44,COL-mean-Corr(Ben),5983,11931,201469,0,geod_dist_to_target,26,23.684706172184622
33764.44,COL-mean-Corr(Ben),5983,11931,201469,0,geod_dist_to_target,28,23.684706172184622
33764.44,COL-mean-Corr(Ben),5983,11931,201469,0,geod_dist_to_target,30,23.684706172184622
33764.44,COL-mean-Corr(Ben),5983,11931,201469,0,geod_dist_to_target,32,23.684706172184622
33764.44,COL-mean-Corr(Ben),5983,11931,201469,0,geod_dist_to_target,34,23.684706172184622
33764.44,COL-mean-Corr(Ben),5983,11931,201469,0,geod_dist_to_target,36,23.684706172184622
33764.44,COL-mean-Corr(Ben),5983,11931,201469,0,geod_dist_to_target,38,23.684706172184622
33764.44,COL-mean-Corr(Ben),5983,11931,201469,0,geod_dist_to_target,40,23.684706172184622
33764.44,COL-mean-Corr(Ben),5983,11931,201469,0,geod_dist_to_target,42,23.684706172184622
33764.44,COL-mean-Corr(Ben),5983,11931,201469,0,geod_dist_to_target,44,23.684706172184622
33764.44,COL-mean-Corr(Ben),5983,11931,201469,0,geod_dist_to_target,46,23.684706172184622
33764.44,COL-mean-Corr(Ben),5983,11931,201469,0,geod_dist_to_target,48,23.684706172184622
33764.44,COL-mean-Corr(Ben),5983,11931,201469,0,geod_dist_to_target,50,23.684706172184622
33764.44,COL-mean-Corr(Ben),5983,11931,201469,0,geod_dist_to_target,55,23.684706172184622
33764.44,COL-mean-Corr(Ben),5983,11931,201469,0,geod_dist_to_target,60,23.684706172184622
33764.44,COL-mean-Corr(Ben),5983,11931,201469,0,geod_dist_to_target,65,23.684706172184622
33764.44,COL-mean-Corr(Ben),5983,9319,201469,0,geod_dist_to_target,70,24.328248494355947
33764.44,COL-mean-Corr(Ben),5983,9207,201469,0,geod_dist_to_target,75,25.11261383942635
33764.44,COL-mean-Corr(Ben),5983,9207,201469,0,geod_dist_to_target,80,25.11261383942635
33764.44,COL-mean-Corr(Ben),5983,2885,201469,0,geod_dist_to_target,85,10.778414291994636
33764.44,COL-mean-Corr(Ben),5983,6815,201469,0,geod_dist_to_target,90,10.616232852543595
33764.44,COL-mean-Corr(Ben),5983,6815,201469,0,geod_dist_to_target,95,10.616232852543595
33764.44,COL-mean-Corr(Ben),5983,6822,201469,0,geod_dist_to_target,100,10.602853031605017
33764.44,COL-mean-Corr(Ben),5983,5210,94177,0,geod_dist_to_target,5,14.786893204324729
33764.44,COL-mean-Corr(Ben),5983,11924,94177,0,geod_dist_to_target,6,31.12645374666519
33764.44,COL-mean-Corr(Ben),5983,1281,94177,0,geod_dist_to_target,7,14.520500359893424
33764.44,COL-mean-Corr(Ben),5983,7259,94177,0,geod_dist_to_target,8,1.3521345105016975
33764.44,COL-mean-Corr(Ben),5983,10713,94177,0,geod_dist_to_target,9,4.531929494716692
33764.44,COL-mean-Corr(Ben),5983,10713,94177,0,geod_dist_to_target,10,4.531929494716692
33764.44,COL-mean-Corr(Ben),5983,10713,94177,0,geod_dist_to_target,11,4.531929494716692
33764.44,COL-mean-Corr(Ben),5983,3703,94177,0,geod_dist_to_target,12,3.863317731319544
33764.44,COL-mean-Corr(Ben),5983,3703,94177,0,geod_dist_to_target,13,3.863317731319544
33764.44,COL-mean-Corr(Ben),5983,3703,94177,0,geod_dist_to_target,14,3.863317731319544
33764.44,COL-mean-Corr(Ben),5983,7515,94177,0,geod_dist_to_target,15,4.240953620582203
33764.44,COL-mean-Corr(Ben),5983,7515,94177,0,geod_dist_to_target,16,4.240953620582203
33764.44,COL-mean-Corr(Ben),5983,6431,94177,0,geod_dist_to_target,17,4.115042262825948
33764.44,COL-mean-Corr(Ben),5983,9661,94177,0,geod_dist_to_target,18,22.99847290265255
33764.44,COL-mean-Corr(Ben),5983,11377,94177,0,geod_dist_to_target,19,24.834998915674316
33764.44,COL-mean-Corr(Ben),5983,11377,94177,0,geod_dist_to_target,20,24.834998915674316
33764.44,COL-mean-Corr(Ben),5983,11377,94177,0,geod_dist_to_target,22,24.834998915674316
33764.44,COL-mean-Corr(Ben),5983,11377,94177,0,geod_dist_to_target,24,24.834998915674316
33764.44,COL-mean-Corr(Ben),5983,1931,94177,0,geod_dist_to_target,26,6.262892671147
33764.44,COL-mean-Corr(Ben),5983,10603,94177,0,geod_dist_to_target,28,5.465849363843989
33764.44,COL-mean-Corr(Ben),5983,936,94177,0,geod_dist_to_target,30,6.000016128519039
33764.44,COL-mean-Corr(Ben),5983,5497,94177,0,geod_dist_to_target,32,28.014603015236542
33764.44,COL-mean-Corr(Ben),5983,5497,94177,0,geod_dist_to_target,34,28.014603015236542
33764.44,COL-mean-Corr(Ben),5983,5497,94177,0,geod_dist_to_target,36,28.014603015236542
33764.44,COL-mean-Corr(Ben),5983,5497,94177,0,geod_dist_to_target,38,28.014603015236542
33764.44,COL-mean-Corr(Ben),5983,5497,94177,0,geod_dist_to_target,40,28.014603015236542
33764.44,COL-mean-Corr(Ben),5983,5497,94177,0,geod_dist_to_target,42,28.014603015236542
33764.44,COL-mean-Corr(Ben),5983,5497,94177,0,geod_dist_to_target,44,28.014603015236542
33764.44,COL-mean-Corr(Ben),5983,5497,94177,0,geod_dist_to_target,46,28.014603015236542
33764.44,COL-mean-Corr(Ben),5983,5497,94177,0,geod_dist_to_target,48,28.014603015236542
33764.44,COL-mean-Corr(Ben),5983,5497,94177,0,geod_dist_to_target,50,28.014603015236542
33764.44,COL-mean-Corr(Ben),5983,9214,94177,0,geod_dist_to_target,55,24.831326276018363
33764.44,COL-mean-Corr(Ben),5983,9214,94177,0,geod_dist_to_target,60,24.831326276018363
33764.44,COL-mean-Corr(Ben),5983,9214,94177,0,geod_dist_to_target,65,24.831326276018363
33764.44,COL-mean-Corr(Ben),5983,9214,94177,0,geod_dist_to_target,70,24.831326276018363
33764.44,COL-mean-Corr(Ben),5983,9214,94177,0,geod_dist_to_target,75,24.831326276018363
33764.44,COL-mean-Corr(Ben),5983,11079,94177,0,geod_dist_to_target,80,4.533816213915923
33764.44,COL-mean-Corr(Ben),5983,11079,94177,0,geod_dist_to_target,85,4.533816213915923
33764.44,COL-mean-Corr(Ben),5983,9213,94177,0,geod_dist_to_target,90,24.087357468485795
33764.44,COL-mean-Corr(Ben),5983,5967,94177,0,geod_dist_to_target,95,4.040824219337639
33764.44,COL-mean-Corr(Ben),5983,11079,94177,0,geod_dist_to_target,100,4.533816213915923
33764.44,COL-max-Corr,5983,12403,89250,0,geod_dist_to_target,5,30.510318574039626
33764.44,COL-max-Corr,5983,10116,89250,0,geod_dist_to_target,6,1.6792729924689096
33764.44,COL-max-Corr,5983,10582,89250,0,geod_dist_to_target,7,9.98516680073848
33764.44,COL-max-Corr,5983,9117,89250,0,geod_dist_to_target,8,23.670066070113347
33764.44,COL-max-Corr,5983,9108,89250,0,geod_dist_to_target,9,24.894311489048945
33764.44,COL-max-Corr,5983,9107,89250,0,geod_dist_to_target,10,24.51535574447797
33764.44,COL-max-Corr,5983,9108,89250,0,geod_dist_to_target,11,24.894311489048945
33764.44,COL-max-Corr,5983,9108,89250,0,geod_dist_to_target,12,24.894311489048945
33764.44,COL-max-Corr,5983,1396,89250,0,geod_dist_to_target,13,11.796639211835279
33764.44,COL-max-Corr,5983,1396,89250,0,geod_dist_to_target,14,11.796639211835279
33764.44,COL-max-Corr,5983,10205,89250,0,geod_dist_to_target,15,27.319179995029106
33764.44,COL-max-Corr,5983,10205,89250,0,geod_dist_to_target,16,27.319179995029106
33764.44,COL-max-Corr,5983,9793,89250,0,geod_dist_to_target,17,11.218260703361727
33764.44,COL-max-Corr,5983,9793,89250,0,geod_dist_to_target,18,11.218260703361727
33764.44,COL-max-Corr,5983,9793,89250,0,geod_dist_to_target,19,11.218260703361727
33764.44,COL-max-Corr,5983,9793,89250,0,geod_dist_to_target,20,11.218260703361727
33764.44,COL-max-Corr,5983,9793,89250,0,geod_dist_to_target,22,11.218260703361727
33764.44,COL-max-Corr,5983,12445,89250,0,geod_dist_to_target,24,11.325753056649516
33764.44,COL-max-Corr,5983,12445,89250,0,geod_dist_to_target,26,11.325753056649516
33764.44,COL-max-Corr,5983,9793,89250,0,geod_dist_to_target,28,11.218260703361727
33764.44,COL-max-Corr,5983,9793,89250,0,geod_dist_to_target,30,11.218260703361727
33764.44,COL-max-Corr,5983,2885,89250,0,geod_dist_to_target,32,10.778414291994636
33764.44,COL-max-Corr,5983,2885,89250,0,geod_dist_to_target,34,10.778414291994636
33764.44,COL-max-Corr,5983,3305,89250,0,geod_dist_to_target,36,3.5282318567488584
33764.44,COL-max-Corr,5983,3305,89250,0,geod_dist_to_target,38,3.5282318567488584
33764.44,COL-max-Corr,5983,12542,89250,0,geod_dist_to_target,40,3.9957749622017773
33764.44,COL-max-Corr,5983,12542,89250,0,geod_dist_to_target,42,3.9957749622017773
33764.44,COL-max-Corr,5983,12542,89250,0,geod_dist_to_target,44,3.9957749622017773
33764.44,COL-max-Corr,5983,3305,89250,0,geod_dist_to_target,46,3.5282318567488584
33764.44,COL-max-Corr,5983,3305,89250,0,geod_dist_to_target,48,3.5282318567488584
33764.44,COL-max-Corr,5983,3305,89250,0,geod_dist_to_target,50,3.5282318567488584
33764.44,COL-max-Corr,5983,3305,89250,0,geod_dist_to_target,55,3.5282318567488584
33764.44,COL-max-Corr,5983,11618,89250,0,geod_dist_to_target,60,10.935353332036689
33764.44,COL-max-Corr,5983,5967,89250,0,geod_dist_to_target,65,4.040824219337639
33764.44,COL-max-Corr,5983,2885,89250,0,geod_dist_to_target,70,10.778414291994636
33764.44,COL-max-Corr,5983,5967,89250,0,geod_dist_to_target,75,4.040824219337639
33764.44,COL-max-Corr,5983,499,89250,0,geod_dist_to_target,80,5.334583897701716
33764.44,COL-max-Corr,5983,3305,89250,0,geod_dist_to_target,85,3.5282318567488584
33764.44,COL-max-Corr,5983,3305,89250,0,geod_dist_to_target,90,3.5282318567488584
33764.44,COL-max-Corr,5983,5983,89250,0,geod_dist_to_target,95,0.0
33764.44,COL-max-Corr,5983,5983,89250,0,geod_dist_to_target,100,0.0
33764.44,COL-max-Corr,5983,8192,773956,0,geod_dist_to_target,5,43.192605986648886
33764.44,COL-max-Corr,5983,10716,773956,0,geod_dist_to_target,6,26.015878838990343
33764.44,COL-max-Corr,5983,410,773956,0,geod_dist_to_target,7,8.665855126921608
33764.44,COL-max-Corr,5983,9294,773956,0,geod_dist_to_target,8,25.763898133012088
33764.44,COL-max-Corr,5983,10200,773956,0,geod_dist_to_target,9,25.528557037961097
33764.44,COL-max-Corr,5983,1931,773956,0,geod_dist_to_target,10,6.262892671147
33764.44,COL-max-Corr,5983,644,773956,0,geod_dist_to_target,11,6.455258258755003
33764.44,COL-max-Corr,5983,644,773956,0,geod_dist_to_target,12,6.455258258755003
33764.44,COL-max-Corr,5983,1931,773956,0,geod_dist_to_target,13,6.262892671147
33764.44,COL-max-Corr,5983,1931,773956,0,geod_dist_to_target,14,6.262892671147
33764.44,COL-max-Corr,5983,9113,773956,0,geod_dist_to_target,15,24.174964793403106
33764.44,COL-max-Corr,5983,9113,773956,0,geod_dist_to_target,16,24.174964793403106
33764.44,COL-max-Corr,5983,1931,773956,0,geod_dist_to_target,17,6.262892671147
33764.44,COL-max-Corr,5983,1931,773956,0,geod_dist_to_target,18,6.262892671147
33764.44,COL-max-Corr,5983,1931,773956,0,geod_dist_to_target,19,6.262892671147
33764.44,COL-max-Corr,5983,1931,773956,0,geod_dist_to_target,20,6.262892671147
33764.44,COL-max-Corr,5983,1931,773956,0,geod_dist_to_target,22,6.262892671147
33764.44,COL-max-Corr,5983,1931,773956,0,geod_dist_to_target,24,6.262892671147
33764.44,COL-max-Corr,5983,1931,773956,0,geod_dist_to_target,26,6.262892671147
33764.44,COL-max-Corr,5983,1931,773956,0,geod_dist_to_target,28,6.262892671147
33764.44,COL-max-Corr,5983,9903,773956,0,geod_dist_to_target,30,5.4053107264947675
33764.44,COL-max-Corr,5983,10603,773956,0,geod_dist_to_target,32,5.465849363843989
33764.44,COL-max-Corr,5983,9903,773956,0,geod_dist_to_target,34,5.4053107264947675
33764.44,COL-max-Corr,5983,10603,773956,0,geod_dist_to_target,36,5.465849363843989
33764.44,COL-max-Corr,5983,10603,773956,0,geod_dist_to_target,38,5.465849363843989
33764.44,COL-max-Corr,5983,10603,773956,0,geod_dist_to_target,40,5.465849363843989
33764.44,COL-max-Corr,5983,10603,773956,0,geod_dist_to_target,42,5.465849363843989
33764.44,COL-max-Corr,5983,10603,773956,0,geod_dist_to_target,44,5.465849363843989
33764.44,COL-max-Corr,5983,10603,773956,0,geod_dist_to_target,46,5.465849363843989
33764.44,COL-max-Corr,5983,10603,773956,0,geod_dist_to_target,48,5.465849363843989
33764.44,COL-max-Corr,5983,10603,773956,0,geod_dist_to_target,50,5.465849363843989
33764.44,COL-max-Corr,5983,10603,773956,0,geod_dist_to_target,55,5.465849363843989
33764.44,COL-max-Corr,5983,9903,773956,0,geod_dist_to_target,60,5.4053107264947675
33764.44,COL-max-Corr,5983,9903,773956,0,geod_dist_to_target,65,5.4053107264947675
33764.44,COL-max-Corr,5983,6728,773956,0,geod_dist_to_target,70,4.196318995933011
33764.44,COL-max-Corr,5983,6728,773956,0,geod_dist_to_target,75,4.196318995933011
33764.44,COL-max-Corr,5983,5750,773956,0,geod_dist_to_target,80,10.96993004984723
33764.44,COL-max-Corr,5983,854,773956,0,geod_dist_to_target,85,10.62667584979664
33764.44,COL-max-Corr,5983,6728,773956,0,geod_dist_to_target,90,4.196318995933011
33764.44,COL-max-Corr,5983,6728,773956,0,geod_dist_to_target,95,4.196318995933011
33764.44,COL-max-Corr,5983,6728,773956,0,geod_dist_to_target,100,4.196318995933011
33764.44,COL-max-Corr,5983,5958,654571,0,geod_dist_to_target,5,4.489720430147345
33764.44,COL-max-Corr,5983,3001,654571,0,geod_dist_to_target,6,1.3607795684798007
33764.44,COL-max-Corr,5983,10205,654571,0,geod_dist_to_target,7,27.319179995029106
33764.44,COL-max-Corr,5983,9647,654571,0,geod_dist_to_target,8,26.27170724110451
33764.44,COL-max-Corr,5983,499,654571,0,geod_dist_to_target,9,5.334583897701716
33764.44,COL-max-Corr,5983,499,654571,0,geod_dist_to_target,10,5.334583897701716
33764.44,COL-max-Corr,5983,499,654571,0,geod_dist_to_target,11,5.334583897701716
33764.44,COL-max-Corr,5983,499,654571,0,geod_dist_to_target,12,5.334583897701716
33764.44,COL-max-Corr,5983,499,654571,0,geod_dist_to_target,13,5.334583897701716
33764.44,COL-max-Corr,5983,499,654571,0,geod_dist_to_target,14,5.334583897701716
33764.44,COL-max-Corr,5983,9577,654571,0,geod_dist_to_target,15,24.466372548477096
33764.44,COL-max-Corr,5983,9577,654571,0,geod_dist_to_target,16,24.466372548477096
33764.44,COL-max-Corr,5983,6815,654571,0,geod_dist_to_target,17,10.616232852543595
33764.44,COL-max-Corr,5983,9577,654571,0,geod_dist_to_target,18,24.466372548477096
33764.44,COL-max-Corr,5983,9577,654571,0,geod_dist_to_target,19,24.466372548477096
33764.44,COL-max-Corr,5983,2644,654571,0,geod_dist_to_target,20,24.687794929004202
33764.44,COL-max-Corr,5983,9577,654571,0,geod_dist_to_target,22,24.466372548477096
33764.44,COL-max-Corr,5983,2644,654571,0,geod_dist_to_target,24,24.687794929004202
33764.44,COL-max-Corr,5983,2644,654571,0,geod_dist_to_target,26,24.687794929004202
33764.44,COL-max-Corr,5983,2644,654571,0,geod_dist_to_target,28,24.687794929004202
33764.44,COL-max-Corr,5983,2644,654571,0,geod_dist_to_target,30,24.687794929004202
33764.44,COL-max-Corr,5983,6629,654571,0,geod_dist_to_target,32,9.459041178849057
33764.44,COL-max-Corr,5983,3345,654571,0,geod_dist_to_target,34,10.183743479733417
33764.44,COL-max-Corr,5983,10582,654571,0,geod_dist_to_target,36,9.98516680073848
33764.44,COL-max-Corr,5983,3345,654571,0,geod_dist_to_target,38,10.183743479733417
33764.44,COL-max-Corr,5983,10582,654571,0,geod_dist_to_target,40,9.98516680073848
33764.44,COL-max-Corr,5983,2104,654571,0,geod_dist_to_target,42,0.8494817018879054
33764.44,COL-max-Corr,5983,2104,654571,0,geod_dist_to_target,44,0.8494817018879054
33764.44,COL-max-Corr,5983,10618,654571,0,geod_dist_to_target,46,0.33925358679234946
33764.44,COL-max-Corr,5983,2104,654571,0,geod_dist_to_target,48,0.8494817018879054
33764.44,COL-max-Corr,5983,2104,654571,0,geod_dist_to_target,50,0.8494817018879054
33764.44,COL-max-Corr,5983,2104,654571,0,geod_dist_to_target,55,0.8494817018879054
33764.44,COL-max-Corr,5983,8484,654571,0,geod_dist_to_target,60,0.23128259924412295
33764.44,COL-max-Corr,5983,5982,654571,0,geod_dist_to_target,65,0.5119943161671362
33764.44,COL-max-Corr,5983,5983,654571,0,geod_dist_to_target,70,0.0
33764.44,COL-max-Corr,5983,5983,654571,0,geod_dist_to_target,75,0.0
33764.44,COL-max-Corr,5983,12461,654571,0,geod_dist_to_target,80,0.45239388719183316
33764.44,COL-max-Corr,5983,5983,654571,0,geod_dist_to_target,85,0.0
33764.44,COL-max-Corr,5983,5983,654571,0,geod_dist_to_target,90,0.0
33764.44,COL-max-Corr,5983,5983,654571,0,geod_dist_to_target,95,0.0
33764.44,COL-max-Corr,5983,5983,654571,0,geod_dist_to_target,100,0.0
33764.44,COL-max-Corr,5983,3344,438878,0,geod_dist_to_target,5,30.338580467972704
33764.44,COL-max-Corr,5983,5377,438878,0,geod_dist_to_target,6,38.76697825093217
33764.44,COL-max-Corr,5983,11079,438878,0,geod_dist_to_target,7,4.533816213915923
33764.44,COL-max-Corr,5983,4733,438878,0,geod_dist_to_target,8,1.9723145261385564
33764.44,COL-max-Corr,5983,4733,438878,0,geod_dist_to_target,9,1.9723145261385564
33764.44,COL-max-Corr,5983,9211,438878,0,geod_dist_to_target,10,24.709171376870902
33764.44,COL-max-Corr,5983,9211,438878,0,geod_dist_to_target,11,24.709171376870902
33764.44,COL-max-Corr,5983,9211,438878,0,geod_dist_to_target,12,24.709171376870902
33764.44,COL-max-Corr,5983,9211,438878,0,geod_dist_to_target,13,24.709171376870902
33764.44,COL-max-Corr,5983,9211,438878,0,geod_dist_to_target,14,24.709171376870902
33764.44,COL-max-Corr,5983,9211,438878,0,geod_dist_to_target,15,24.709171376870902
33764.44,COL-max-Corr,5983,9211,438878,0,geod_dist_to_target,16,24.709171376870902
33764.44,COL-max-Corr,5983,9211,438878,0,geod_dist_to_target,17,24.709171376870902
33764.44,COL-max-Corr,5983,5170,438878,0,geod_dist_to_target,18,24.887273243858264
33764.44,COL-max-Corr,5983,5170,438878,0,geod_dist_to_target,19,24.887273243858264
33764.44,COL-max-Corr,5983,4505,438878,0,geod_dist_to_target,20,3.1275996981222725
33764.44,COL-max-Corr,5983,4505,438878,0,geod_dist_to_target,22,3.1275996981222725
33764.44,COL-max-Corr,5983,15,438878,0,geod_dist_to_target,24,2.173616594454181
33764.44,COL-max-Corr,5983,15,438878,0,geod_dist_to_target,26,2.173616594454181
33764.44,COL-max-Corr,5983,15,438878,0,geod_dist_to_target,28,2.173616594454181
33764.44,COL-max-Corr,5983,15,438878,0,geod_dist_to_target,30,2.173616594454181
33764.44,COL-max-Corr,5983,15,438878,0,geod_dist_to_target,32,2.173616594454181
33764.44,COL-max-Corr,5983,800,438878,0,geod_dist_to_target,34,3.0855103848980043
33764.44,COL-max-Corr,5983,800,438878,0,geod_dist_to_target,36,3.0855103848980043
33764.44,COL-max-Corr,5983,800,438878,0,geod_dist_to_target,38,3.0855103848980043
33764.44,COL-max-Corr,5983,800,438878,0,geod_dist_to_target,40,3.0855103848980043
33764.44,COL-max-Corr,5983,15,438878,0,geod_dist_to_target,42,2.173616594454181
33764.44,COL-max-Corr,5983,15,438878,0,geod_dist_to_target,44,2.173616594454181
33764.44,COL-max-Corr,5983,15,438878,0,geod_dist_to_target,46,2.173616594454181
33764.44,COL-max-Corr,5983,5982,438878,0,geod_dist_to_target,48,0.5119943161671362
33764.44,COL-max-Corr,5983,5982,438878,0,geod_dist_to_target,50,0.5119943161671362
33764.44,COL-max-Corr,5983,5982,438878,0,geod_dist_to_target,55,0.5119943161671362
33764.44,COL-max-Corr,5983,5982,438878,0,geod_dist_to_target,60,0.5119943161671362
33764.44,COL-max-Corr,5983,5982,438878,0,geod_dist_to_target,65,0.5119943161671362
33764.44,COL-max-Corr,5983,169,438878,0,geod_dist_to_target,70,1.28342581308718
33764.44,COL-max-Corr,5983,5982,438878,0,geod_dist_to_target,75,0.5119943161671362
33764.44,COL-max-Corr,5983,5982,438878,0,geod_dist_to_target,80,0.5119943161671362
33764.44,COL-max-Corr,5983,5982,438878,0,geod_dist_to_target,85,0.5119943161671362
33764.44,COL-max-Corr,5983,5982,438878,0,geod_dist_to_target,90,0.5119943161671362
33764.44,COL-max-Corr,5983,5982,438878,0,geod_dist_to_target,95,0.5119943161671362
33764.44,COL-max-Corr,5983,5982,438878,0,geod_dist_to_target,100,0.5119943161671362
33764.44,COL-max-Corr,5983,5212,433015,0,geod_dist_to_target,5,15.30359741057733
33764.44,COL-max-Corr,5983,5212,433015,0,geod_dist_to_target,6,15.30359741057733
33764.44,COL-max-Corr,5983,11391,433015,0,geod_dist_to_target,7,24.23207797117659
33764.44,COL-max-Corr,5983,5184,433015,0,geod_dist_to_target,8,9.358574898000938
33764.44,COL-max-Corr,5983,11580,433015,0,geod_dist_to_target,9,9.027418738785183
33764.44,COL-max-Corr,5983,10583,433015,0,geod_dist_to_target,10,9.824627308329553
33764.44,COL-max-Corr,5983,9118,433015,0,geod_dist_to_target,11,23.391531945044914
33764.44,COL-max-Corr,5983,9118,433015,0,geod_dist_to_target,12,23.391531945044914
33764.44,COL-max-Corr,5983,9118,433015,0,geod_dist_to_target,13,23.391531945044914
33764.44,COL-max-Corr,5983,9118,433015,0,geod_dist_to_target,14,23.391531945044914
33764.44,COL-max-Corr,5983,9118,433015,0,geod_dist_to_target,15,23.391531945044914
33764.44,COL-max-Corr,5983,9118,433015,0,geod_dist_to_target,16,23.391531945044914
33764.44,COL-max-Corr,5983,5165,433015,0,geod_dist_to_target,17,6.960266410267219
33764.44,COL-max-Corr,5983,2820,433015,0,geod_dist_to_target,18,1.9250167562365093
33764.44,COL-max-Corr,5983,2820,433015,0,geod_dist_to_target,19,1.9250167562365093
33764.44,COL-max-Corr,5983,10215,433015,0,geod_dist_to_target,20,2.6911529452194856
33764.44,COL-max-Corr,5983,2820,433015,0,geod_dist_to_target,22,1.9250167562365093
33764.44,COL-max-Corr,5983,10116,433015,0,geod_dist_to_target,24,1.6792729924689096
33764.44,COL-max-Corr,5983,11556,433015,0,geod_dist_to_target,26,3.175073424307025
33764.44,COL-max-Corr,5983,11556,433015,0,geod_dist_to_target,28,3.175073424307025
33764.44,COL-max-Corr,5983,11505,433015,0,geod_dist_to_target,30,2.731643835775626
33764.44,COL-max-Corr,5983,5974,433015,0,geod_dist_to_target,32,2.3501275935722883
33764.44,COL-max-Corr,5983,5958,433015,0,geod_dist_to_target,34,4.489720430147345
33764.44,COL-max-Corr,5983,3455,433015,0,geod_dist_to_target,36,5.725011245953163
33764.44,COL-max-Corr,5983,3455,433015,0,geod_dist_to_target,38,5.725011245953163
33764.44,COL-max-Corr,5983,5957,433015,0,geod_dist_to_target,40,4.372391862046229
33764.44,COL-max-Corr,5983,5957,433015,0,geod_dist_to_target,42,4.372391862046229
33764.44,COL-max-Corr,5983,5957,433015,0,geod_dist_to_target,44,4.372391862046229
33764.44,COL-max-Corr,5983,5957,433015,0,geod_dist_to_target,46,4.372391862046229
33764.44,COL-max-Corr,5983,5957,433015,0,geod_dist_to_target,48,4.372391862046229
33764.44,COL-max-Corr,5983,12327,433015,0,geod_dist_to_target,50,3.6153704271089886
33764.44,COL-max-Corr,5983,12327,433015,0,geod_dist_to_target,55,3.6153704271089886
33764.44,COL-max-Corr,5983,12327,433015,0,geod_dist_to_target,60,3.6153704271089886
33764.44,COL-max-Corr,5983,7538,433015,0,geod_dist_to_target,65,0.4426840496055589
33764.44,COL-max-Corr,5983,7538,433015,0,geod_dist_to_target,70,0.4426840496055589
33764.44,COL-max-Corr,5983,7538,433015,0,geod_dist_to_target,75,0.4426840496055589
33764.44,COL-max-Corr,5983,7538,433015,0,geod_dist_to_target,80,0.4426840496055589
33764.44,COL-max-Corr,5983,7538,433015,0,geod_dist_to_target,85,0.4426840496055589
33764.44,COL-max-Corr,5983,7538,433015,0,geod_dist_to_target,90,0.4426840496055589
33764.44,COL-max-Corr,5983,7538,433015,0,geod_dist_to_target,95,0.4426840496055589
33764.44,COL-max-Corr,5983,10618,433015,0,geod_dist_to_target,100,0.33925358679234946
33764.44,COL-max-Corr,5983,5979,858597,0,geod_dist_to_target,5,1.2205760676431099
33764.44,COL-max-Corr,5983,7538,858597,0,geod_dist_to_target,6,0.4426840496055589
33764.44,COL-max-Corr,5983,11784,858597,0,geod_dist_to_target,7,8.709336563782253
33764.44,COL-max-Corr,5983,12158,858597,0,geod_dist_to_target,8,23.515672569920422
33764.44,COL-max-Corr,5983,12158,858597,0,geod_dist_to_target,9,23.515672569920422
33764.44,COL-max-Corr,5983,467,858597,0,geod_dist_to_target,10,23.768586588297676
33764.44,COL-max-Corr,5983,9120,858597,0,geod_dist_to_target,11,24.014589424711303
33764.44,COL-max-Corr,5983,9120,858597,0,geod_dist_to_target,12,24.014589424711303
33764.44,COL-max-Corr,5983,8060,858597,0,geod_dist_to_target,13,24.347671385653086
33764.44,COL-max-Corr,5983,8060,858597,0,geod_dist_to_target,14,24.347671385653086
33764.44,COL-max-Corr,5983,9120,858597,0,geod_dist_to_target,15,24.014589424711303
33764.44,COL-max-Corr,5983,9120,858597,0,geod_dist_to_target,16,24.014589424711303
33764.44,COL-max-Corr,5983,9120,858597,0,geod_dist_to_target,17,24.014589424711303
33764.44,COL-max-Corr,5983,9319,858597,0,geod_dist_to_target,18,24.328248494355947
33764.44,COL-max-Corr,5983,9319,858597,0,geod_dist_to_target,19,24.328248494355947
33764.44,COL-max-Corr,5983,9319,858597,0,geod_dist_to_target,20,24.328248494355947
33764.44,COL-max-Corr,5983,9319,858597,0,geod_dist_to_target,22,24.328248494355947
33764.44,COL-max-Corr,5983,11079,858597,0,geod_dist_to_target,24,4.533816213915923
33764.44,COL-max-Corr,5983,4717,858597,0,geod_dist_to_target,26,4.7136878783415534
33764.44,COL-max-Corr,5983,4717,858597,0,geod_dist_to_target,28,4.7136878783415534
33764.44,COL-max-Corr,5983,4717,858597,0,geod_dist_to_target,30,4.7136878783415534
33764.44,COL-max-Corr,5983,4505,858597,0,geod_dist_to_target,32,3.1275996981222725
33764.44,COL-max-Corr,5983,7259,858597,0,geod_dist_to_target,34,1.3521345105016975
33764.44,COL-max-Corr,5983,7538,858597,0,geod_dist_to_target,36,0.4426840496055589
33764.44,COL-max-Corr,5983,7538,858597,0,geod_dist_to_target,38,0.4426840496055589
33764.44,COL-max-Corr,5983,12327,858597,0,geod_dist_to_target,40,3.6153704271089886
33764.44,COL-max-Corr,5983,12327,858597,0,geod_dist_to_target,42,3.6153704271089886
33764.44,COL-max-Corr,5983,12327,858597,0,geod_dist_to_target,44,3.6153704271089886
33764.44,COL-max-Corr,5983,4717,858597,0,geod_dist_to_target,46,4.7136878783415534
33764.44,COL-max-Corr,5983,4717,858597,0,geod_dist_to_target,48,4.7136878783415534
33764.44,COL-max-Corr,5983,4505,858597,0,geod_dist_to_target,50,3.1275996981222725
33764.44,COL-max-Corr,5983,4505,858597,0,geod_dist_to_target,55,3.1275996981222725
33764.44,COL-max-Corr,5983,4505,858597,0,geod_dist_to_target,60,3.1275996981222725
33764.44,COL-max-Corr,5983,4505,858597,0,geod_dist_to_target,65,3.1275996981222725
33764.44,COL-max-Corr,5983,15,858597,0,geod_dist_to_target,70,2.173616594454181
33764.44,COL-max-Corr,5983,4505,858597,0,geod_dist_to_target,75,3.1275996981222725
33764.44,COL-max-Corr,5983,4717,858597,0,geod_dist_to_target,80,4.7136878783415534
33764.44,COL-max-Corr,5983,4717,858597,0,geod_dist_to_target,85,4.7136878783415534
33764.44,COL-max-Corr,5983,4505,858597,0,geod_dist_to_target,90,3.1275996981222725
33764.44,COL-max-Corr,5983,4505,858597,0,geod_dist_to_target,95,3.1275996981222725
33764.44,COL-max-Corr,5983,4505,858597,0,geod_dist_to_target,100,3.1275996981222725
33764.44,COL-max-Corr,5983,1671,85945,0,geod_dist_to_target,5,4.366288254815378
33764.44,COL-max-Corr,5983,10215,85945,0,geod_dist_to_target,6,2.6911529452194856
33764.44,COL-max-Corr,5983,9214,85945,0,geod_dist_to_target,7,24.831326276018363
33764.44,COL-max-Corr,5983,1186,85945,0,geod_dist_to_target,8,2.195340195654131
33764.44,COL-max-Corr,5983,8104,85945,0,geod_dist_to_target,9,23.88347195942855
33764.44,COL-max-Corr,5983,8104,85945,0,geod_dist_to_target,10,23.88347195942855
33764.44,COL-max-Corr,5983,8104,85945,0,geod_dist_to_target,11,23.88347195942855
33764.44,COL-max-Corr,5983,8104,85945,0,geod_dist_to_target,12,23.88347195942855
33764.44,COL-max-Corr,5983,8104,85945,0,geod_dist_to_target,13,23.88347195942855
33764.44,COL-max-Corr,5983,12418,85945,0,geod_dist_to_target,14,6.484968195821966
33764.44,COL-max-Corr,5983,8104,85945,0,geod_dist_to_target,15,23.88347195942855
33764.44,COL-max-Corr,5983,8104,85945,0,geod_dist_to_target,16,23.88347195942855
33764.44,COL-max-Corr,5983,12418,85945,0,geod_dist_to_target,17,6.484968195821966
33764.44,COL-max-Corr,5983,8104,85945,0,geod_dist_to_target,18,23.88347195942855
33764.44,COL-max-Corr,5983,8104,85945,0,geod_dist_to_target,19,23.88347195942855
33764.44,COL-max-Corr,5983,8104,85945,0,geod_dist_to_target,20,23.88347195942855
33764.44,COL-max-Corr,5983,8104,85945,0,geod_dist_to_target,22,23.88347195942855
33764.44,COL-max-Corr,5983,8104,85945,0,geod_dist_to_target,24,23.88347195942855
33764.44,COL-max-Corr,5983,5985,85945,0,geod_dist_to_target,26,0.4702370103112021
33764.44,COL-max-Corr,5983,5985,85945,0,geod_dist_to_target,28,0.4702370103112021
33764.44,COL-max-Corr,5983,5985,85945,0,geod_dist_to_target,30,0.4702370103112021
33764.44,COL-max-Corr,5983,5985,85945,0,geod_dist_to_target,32,0.4702370103112021
33764.44,COL-max-Corr,5983,5987,85945,0,geod_dist_to_target,34,0.14875433460620147
33764.44,COL-max-Corr,5983,5987,85945,0,geod_dist_to_target,36,0.14875433460620147
33764.44,COL-max-Corr,5983,5987,85945,0,geod_dist_to_target,38,0.14875433460620147
33764.44,COL-max-Corr,5983,11263,85945,0,geod_dist_to_target,40,1.7202879502600252
33764.44,COL-max-Corr,5983,11263,85945,0,geod_dist_to_target,42,1.7202879502600252
33764.44,COL-max-Corr,5983,11263,85945,0,geod_dist_to_target,44,1.7202879502600252
33764.44,COL-max-Corr,5983,11263,85945,0,geod_dist_to_target,46,1.7202879502600252
33764.44,COL-max-Corr,5983,12461,85945,0,geod_dist_to_target,48,0.45239388719183316
33764.44,COL-max-Corr,5983,11263,85945,0,geod_dist_to_target,50,1.7202879502600252
33764.44,COL-max-Corr,5983,11263,85945,0,geod_dist_to_target,55,1.7202879502600252
33764.44,COL-max-Corr,5983,11263,85945,0,geod_dist_to_target,60,1.7202879502600252
33764.44,COL-max-Corr,5983,5987,85945,0,geod_dist_to_target,65,0.14875433460620147
33764.44,COL-max-Corr,5983,12461,85945,0,geod_dist_to_target,70,0.45239388719183316
33764.44,COL-max-Corr,5983,12461,85945,0,geod_dist_to_target,75,0.45239388719183316
33764.44,COL-max-Corr,5983,12461,85945,0,geod_dist_to_target,80,0.45239388719183316
33764.44,COL-max-Corr,5983,12461,85945,0,geod_dist_to_target,85,0.45239388719183316
33764.44,COL-max-Corr,5983,12461,85945,0,geod_dist_to_target,90,0.45239388719183316
33764.44,COL-max-Corr,5983,11263,85945,0,geod_dist_to_target,95,1.7202879502600252
33764.44,COL-max-Corr,5983,11263,85945,0,geod_dist_to_target,100,1.7202879502600252
33764.44,COL-max-Corr,5983,8827,697368,0,geod_dist_to_target,5,31.728801344820962
33764.44,COL-max-Corr,5983,8894,697368,0,geod_dist_to_target,6,38.467558119036184
33764.44,COL-max-Corr,5983,1550,697368,0,geod_dist_to_target,7,4.96510972650337
33764.44,COL-max-Corr,5983,12069,697368,0,geod_dist_to_target,8,4.769835918612405
33764.44,COL-max-Corr,5983,6853,697368,0,geod_dist_to_target,9,35.64109799935903
33764.44,COL-max-Corr,5983,12521,697368,0,geod_dist_to_target,10,16.145318164074865
33764.44,COL-max-Corr,5983,12521,697368,0,geod_dist_to_target,11,16.145318164074865
33764.44,COL-max-Corr,5983,12521,697368,0,geod_dist_to_target,12,16.145318164074865
33764.44,COL-max-Corr,5983,5190,697368,0,geod_dist_to_target,13,4.621264503356162
33764.44,COL-max-Corr,5983,1229,697368,0,geod_dist_to_target,14,46.98754265289719
33764.44,COL-max-Corr,5983,6254,697368,0,geod_dist_to_target,15,5.688849710934352
33764.44,COL-max-Corr,5983,6254,697368,0,geod_dist_to_target,16,5.688849710934352
33764.44,COL-max-Corr,5983,6254,697368,0,geod_dist_to_target,17,5.688849710934352
33764.44,COL-max-Corr,5983,6254,697368,0,geod_dist_to_target,18,5.688849710934352
33764.44,COL-max-Corr,5983,9146,697368,0,geod_dist_to_target,19,6.738302446073251
33764.44,COL-max-Corr,5983,9146,697368,0,geod_dist_to_target,20,6.738302446073251
33764.44,COL-max-Corr,5983,9146,697368,0,geod_dist_to_target,22,6.738302446073251
33764.44,COL-max-Corr,5983,9146,697368,0,geod_dist_to_target,24,6.738302446073251
33764.44,COL-max-Corr,5983,9146,697368,0,geod_dist_to_target,26,6.738302446073251
33764.44,COL-max-Corr,5983,6265,697368,0,geod_dist_to_target,28,6.815182320228164
33764.44,COL-max-Corr,5983,6265,697368,0,geod_dist_to_target,30,6.815182320228164
33764.44,COL-max-Corr,5983,6235,697368,0,geod_dist_to_target,32,4.428771053285313
33764.44,COL-max-Corr,5983,1659,697368,0,geod_dist_to_target,34,10.132411896338592
33764.44,COL-max-Corr,5983,6823,697368,0,geod_dist_to_target,36,10.506737839182923
33764.44,COL-max-Corr,5983,6823,697368,0,geod_dist_to_target,38,10.506737839182923
33764.44,COL-max-Corr,5983,6823,697368,0,geod_dist_to_target,40,10.506737839182923
33764.44,COL-max-Corr,5983,2104,697368,0,geod_dist_to_target,42,0.8494817018879054
33764.44,COL-max-Corr,5983,2104,697368,0,geod_dist_to_target,44,0.8494817018879054
33764.44,COL-max-Corr,5983,2104,697368,0,geod_dist_to_target,46,0.8494817018879054
33764.44,COL-max-Corr,5983,2104,697368,0,geod_dist_to_target,48,0.8494817018879054
33764.44,COL-max-Corr,5983,2104,697368,0,geod_dist_to_target,50,0.8494817018879054
33764.44,COL-max-Corr,5983,2104,697368,0,geod_dist_to_target,55,0.8494817018879054
33764.44,COL-max-Corr,5983,2104,697368,0,geod_dist_to_target,60,0.8494817018879054
33764.44,COL-max-Corr,5983,6211,697368,0,geod_dist_to_target,65,1.3002540924168604
33764.44,COL-max-Corr,5983,2483,697368,0,geod_dist_to_target,70,0.9191736089149836
33764.44,COL-max-Corr,5983,2483,697368,0,geod_dist_to_target,75,0.9191736089149836
33764.44,COL-max-Corr,5983,2104,697368,0,geod_dist_to_target,80,0.8494817018879054
33764.44,COL-max-Corr,5983,2104,697368,0,geod_dist_to_target,85,0.8494817018879054
33764.44,COL-max-Corr,5983,2104,697368,0,geod_dist_to_target,90,0.8494817018879054
33764.44,COL-max-Corr,5983,2104,697368,0,geod_dist_to_target,95,0.8494817018879054
33764.44,COL-max-Corr,5983,2104,697368,0,geod_dist_to_target,100,0.8494817018879054
33764.44,COL-max-Corr,5983,4314,201469,0,geod_dist_to_target,5,31.42885957766963
33764.44,COL-max-Corr,5983,3969,201469,0,geod_dist_to_target,6,5.6447126236132625
33764.44,COL-max-Corr,5983,5959,201469,0,geod_dist_to_target,7,5.0273961753915275
33764.44,COL-max-Corr,5983,9661,201469,0,geod_dist_to_target,8,22.99847290265255
33764.44,COL-max-Corr,5983,12312,201469,0,geod_dist_to_target,9,23.114156982438505
33764.44,COL-max-Corr,5983,12312,201469,0,geod_dist_to_target,10,23.114156982438505
33764.44,COL-max-Corr,5983,9122,201469,0,geod_dist_to_target,11,22.779724239340883
33764.44,COL-max-Corr,5983,9122,201469,0,geod_dist_to_target,12,22.779724239340883
33764.44,COL-max-Corr,5983,9122,201469,0,geod_dist_to_target,13,22.779724239340883
33764.44,COL-max-Corr,5983,9122,201469,0,geod_dist_to_target,14,22.779724239340883
33764.44,COL-max-Corr,5983,9122,201469,0,geod_dist_to_target,15,22.779724239340883
33764.44,COL-max-Corr,5983,9122,201469,0,geod_dist_to_target,16,22.779724239340883
33764.44,COL-max-Corr,5983,9122,201469,0,geod_dist_to_target,17,22.779724239340883
33764.44,COL-max-Corr,5983,9122,201469,0,geod_dist_to_target,18,22.779724239340883
33764.44,COL-max-Corr,5983,800,201469,0,geod_dist_to_target,19,3.0855103848980043
33764.44,COL-max-Corr,5983,800,201469,0,geod_dist_to_target,20,3.0855103848980043
33764.44,COL-max-Corr,5983,800,201469,0,geod_dist_to_target,22,3.0855103848980043
33764.44,COL-max-Corr,5983,726,201469,0,geod_dist_to_target,24,2.627340030795267
33764.44,COL-max-Corr,5983,726,201469,0,geod_dist_to_target,26,2.627340030795267
33764.44,COL-max-Corr,5983,726,201469,0,geod_dist_to_target,28,2.627340030795267
33764.44,COL-max-Corr,5983,726,201469,0,geod_dist_to_target,30,2.627340030795267
33764.44,COL-max-Corr,5983,726,201469,0,geod_dist_to_target,32,2.627340030795267
33764.44,COL-max-Corr,5983,3305,201469,0,geod_dist_to_target,34,3.5282318567488584
33764.44,COL-max-Corr,5983,3305,201469,0,geod_dist_to_target,36,3.5282318567488584
33764.44,COL-max-Corr,5983,3305,201469,0,geod_dist_to_target,38,3.5282318567488584
33764.44,COL-max-Corr,5983,5967,201469,0,geod_dist_to_target,40,4.040824219337639
33764.44,COL-max-Corr,5983,5967,201469,0,geod_dist_to_target,42,4.040824219337639
33764.44,COL-max-Corr,5983,5967,201469,0,geod_dist_to_target,44,4.040824219337639
33764.44,COL-max-Corr,5983,5967,201469,0,geod_dist_to_target,46,4.040824219337639
33764.44,COL-max-Corr,5983,11079,201469,0,geod_dist_to_target,48,4.533816213915923
33764.44,COL-max-Corr,5983,800,201469,0,geod_dist_to_target,50,3.0855103848980043
33764.44,COL-max-Corr,5983,800,201469,0,geod_dist_to_target,55,3.0855103848980043
33764.44,COL-max-Corr,5983,800,201469,0,geod_dist_to_target,60,3.0855103848980043
33764.44,COL-max-Corr,5983,800,201469,0,geod_dist_to_target,65,3.0855103848980043
33764.44,COL-max-Corr,5983,11079,201469,0,geod_dist_to_target,70,4.533816213915923
33764.44,COL-max-Corr,5983,11079,201469,0,geod_dist_to_target,75,4.533816213915923
33764.44,COL-max-Corr,5983,11079,201469,0,geod_dist_to_target,80,4.533816213915923
33764.44,COL-max-Corr,5983,11079,201469,0,geod_dist_to_target,85,4.533816213915923
33764.44,COL-max-Corr,5983,11079,201469,0,geod_dist_to_target,90,4.533816213915923
33764.44,COL-max-Corr,5983,11079,201469,0,geod_dist_to_target,95,4.533816213915923
33764.44,COL-max-Corr,5983,4505,201469,0,geod_dist_to_target,100,3.1275996981222725
33764.44,COL-max-Corr,5983,8484,94177,0,geod_dist_to_target,5,0.23128259924412295
33764.44,COL-max-Corr,5983,10215,94177,0,geod_dist_to_target,6,2.6911529452194856
33764.44,COL-max-Corr,5983,10215,94177,0,geod_dist_to_target,7,2.6911529452194856
33764.44,COL-max-Corr,5983,499,94177,0,geod_dist_to_target,8,5.334583897701716
33764.44,COL-max-Corr,5983,11079,94177,0,geod_dist_to_target,9,4.533816213915923
33764.44,COL-max-Corr,5983,5959,94177,0,geod_dist_to_target,10,5.0273961753915275
33764.44,COL-max-Corr,5983,9118,94177,0,geod_dist_to_target,11,23.391531945044914
33764.44,COL-max-Corr,5983,9118,94177,0,geod_dist_to_target,12,23.391531945044914
33764.44,COL-max-Corr,5983,9118,94177,0,geod_dist_to_target,13,23.391531945044914
33764.44,COL-max-Corr,5983,9118,94177,0,geod_dist_to_target,14,23.391531945044914
33764.44,COL-max-Corr,5983,936,94177,0,geod_dist_to_target,15,6.000016128519039
33764.44,COL-max-Corr,5983,936,94177,0,geod_dist_to_target,16,6.000016128519039
33764.44,COL-max-Corr,5983,1931,94177,0,geod_dist_to_target,17,6.262892671147
33764.44,COL-max-Corr,5983,4717,94177,0,geod_dist_to_target,18,4.7136878783415534
33764.44,COL-max-Corr,5983,4717,94177,0,geod_dist_to_target,19,4.7136878783415534
33764.44,COL-max-Corr,5983,4717,94177,0,geod_dist_to_target,20,4.7136878783415534
33764.44,COL-max-Corr,5983,4717,94177,0,geod_dist_to_target,22,4.7136878783415534
33764.44,COL-max-Corr,5983,11079,94177,0,geod_dist_to_target,24,4.533816213915923
33764.44,COL-max-Corr,5983,11079,94177,0,geod_dist_to_target,26,4.533816213915923
33764.44,COL-max-Corr,5983,11079,94177,0,geod_dist_to_target,28,4.533816213915923
33764.44,COL-max-Corr,5983,4505,94177,0,geod_dist_to_target,30,3.1275996981222725
33764.44,COL-max-Corr,5983,4505,94177,0,geod_dist_to_target,32,3.1275996981222725
33764.44,COL-max-Corr,5983,15,94177,0,geod_dist_to_target,34,2.173616594454181
33764.44,COL-max-Corr,5983,15,94177,0,geod_dist_to_target,36,2.173616594454181
33764.44,COL-max-Corr,5983,4505,94177,0,geod_dist_to_target,38,3.1275996981222725
33764.44,COL-max-Corr,5983,4505,94177,0,geod_dist_to_target,40,3.1275996981222725
33764.44,COL-max-Corr,5983,4505,94177,0,geod_dist_to_target,42,3.1275996981222725
33764.44,COL-max-Corr,5983,4505,94177,0,geod_dist_to_target,44,3.1275996981222725
33764.44,COL-max-Corr,5983,4505,94177,0,geod_dist_to_target,46,3.1275996981222725
33764.44,COL-max-Corr,5983,4505,94177,0,geod_dist_to_target,48,3.1275996981222725
33764.44,COL-max-Corr,5983,4505,94177,0,geod_dist_to_target,50,3.1275996981222725
33764.44,COL-max-Corr,5983,4505,94177,0,geod_dist_to_target,55,3.1275996981222725
33764.44,COL-max-Corr,5983,15,94177,0,geod_dist_to_target,60,2.173616594454181
33764.44,COL-max-Corr,5983,4505,94177,0,geod_dist_to_target,65,3.1275996981222725
33764.44,COL-max-Corr,5983,4505,94177,0,geod_dist_to_target,70,3.1275996981222725
33764.44,COL-max-Corr,5983,4505,94177,0,geod_dist_to_target,75,3.1275996981222725
33764.44,COL-max-Corr,5983,4505,94177,0,geod_dist_to_target,80,3.1275996981222725
33764.44,COL-max-Corr,5983,7259,94177,0,geod_dist_to_target,85,1.3521345105016975
33764.44,COL-max-Corr,5983,10618,94177,0,geod_dist_to_target,90,0.33925358679234946
33764.44,COL-max-Corr,5983,10618,94177,0,geod_dist_to_target,95,0.33925358679234946
33764.44,COL-max-Corr,5983,8484,94177,0,geod_dist_to_target,100,0.23128259924412295
33764.44,ROW-mean-ED,5983,6138,89250,0,geod_dist_to_target,5,9.789991119468548
33764.44,ROW-mean-ED,5983,6138,89250,0,geod_dist_to_target,6,9.789991119468548
33764.44,ROW-mean-ED,5983,6138,89250,0,geod_dist_to_target,7,9.789991119468548
33764.44,ROW-mean-ED,5983,6138,89250,0,geod_dist_to_target,8,9.789991119468548
33764.44,ROW-mean-ED,5983,9059,89250,0,geod_dist_to_target,9,3.126204145971123
33764.44,ROW-mean-ED,5983,6143,89250,0,geod_dist_to_target,10,8.140934874086756
33764.44,ROW-mean-ED,5983,6143,89250,0,geod_dist_to_target,11,8.140934874086756
33764.44,ROW-mean-ED,5983,10788,89250,0,geod_dist_to_target,12,0.9087044266107857
33764.44,ROW-mean-ED,5983,7564,89250,0,geod_dist_to_target,13,0.6938234922285013
33764.44,ROW-mean-ED,5983,10788,89250,0,geod_dist_to_target,14,0.9087044266107857
33764.44,ROW-mean-ED,5983,1605,89250,0,geod_dist_to_target,15,29.868516620096205
33764.44,ROW-mean-ED,5983,11122,89250,0,geod_dist_to_target,16,1.3827705773146313
33764.44,ROW-mean-ED,5983,11122,89250,0,geod_dist_to_target,17,1.3827705773146313
33764.44,ROW-mean-ED,5983,11122,89250,0,geod_dist_to_target,18,1.3827705773146313
33764.44,ROW-mean-ED,5983,11122,89250,0,geod_dist_to_target,19,1.3827705773146313
33764.44,ROW-mean-ED,5983,11122,89250,0,geod_dist_to_target,20,1.3827705773146313
33764.44,ROW-mean-ED,5983,7564,89250,0,geod_dist_to_target,22,0.6938234922285013
33764.44,ROW-mean-ED,5983,7564,89250,0,geod_dist_to_target,24,0.6938234922285013
33764.44,ROW-mean-ED,5983,7564,89250,0,geod_dist_to_target,26,0.6938234922285013
33764.44,ROW-mean-ED,5983,7564,89250,0,geod_dist_to_target,28,0.6938234922285013
33764.44,ROW-mean-ED,5983,7564,89250,0,geod_dist_to_target,30,0.6938234922285013
33764.44,ROW-mean-ED,5983,7564,89250,0,geod_dist_to_target,32,0.6938234922285013
33764.44,ROW-mean-ED,5983,7564,89250,0,geod_dist_to_target,34,0.6938234922285013
33764.44,ROW-mean-ED,5983,7564,89250,0,geod_dist_to_target,36,0.6938234922285013
33764.44,ROW-mean-ED,5983,7564,89250,0,geod_dist_to_target,38,0.6938234922285013
33764.44,ROW-mean-ED,5983,10618,89250,0,geod_dist_to_target,40,0.33925358679234946
33764.44,ROW-mean-ED,5983,10618,89250,0,geod_dist_to_target,42,0.33925358679234946
33764.44,ROW-mean-ED,5983,7537,89250,0,geod_dist_to_target,44,0.16751588878275958
33764.44,ROW-mean-ED,5983,7537,89250,0,geod_dist_to_target,46,0.16751588878275958
33764.44,ROW-mean-ED,5983,7537,89250,0,geod_dist_to_target,48,0.16751588878275958
33764.44,ROW-mean-ED,5983,7537,89250,0,geod_dist_to_target,50,0.16751588878275958
33764.44,ROW-mean-ED,5983,7537,89250,0,geod_dist_to_target,55,0.16751588878275958
33764.44,ROW-mean-ED,5983,7537,89250,0,geod_dist_to_target,60,0.16751588878275958
33764.44,ROW-mean-ED,5983,7537,89250,0,geod_dist_to_target,65,0.16751588878275958
33764.44,ROW-mean-ED,5983,7537,89250,0,geod_dist_to_target,70,0.16751588878275958
33764.44,ROW-mean-ED,5983,7537,89250,0,geod_dist_to_target,75,0.16751588878275958
33764.44,ROW-mean-ED,5983,7537,89250,0,geod_dist_to_target,80,0.16751588878275958
33764.44,ROW-mean-ED,5983,7537,89250,0,geod_dist_to_target,85,0.16751588878275958
33764.44,ROW-mean-ED,5983,7537,89250,0,geod_dist_to_target,90,0.16751588878275958
33764.44,ROW-mean-ED,5983,7537,89250,0,geod_dist_to_target,95,0.16751588878275958
33764.44,ROW-mean-ED,5983,7537,89250,0,geod_dist_to_target,100,0.16751588878275958
33764.44,ROW-mean-ED,5983,5942,773956,0,geod_dist_to_target,5,9.40418629017946
33764.44,ROW-mean-ED,5983,6722,773956,0,geod_dist_to_target,6,4.065944449602565
33764.44,ROW-mean-ED,5983,1831,773956,0,geod_dist_to_target,7,7.0241289217949605
33764.44,ROW-mean-ED,5983,1831,773956,0,geod_dist_to_target,8,7.0241289217949605
33764.44,ROW-mean-ED,5983,1831,773956,0,geod_dist_to_target,9,7.0241289217949605
33764.44,ROW-mean-ED,5983,3455,773956,0,geod_dist_to_target,10,5.725011245953163
33764.44,ROW-mean-ED,5983,3455,773956,0,geod_dist_to_target,11,5.725011245953163
33764.44,ROW-mean-ED,5983,7259,773956,0,geod_dist_to_target,12,1.3521345105016975
33764.44,ROW-mean-ED,5983,7259,773956,0,geod_dist_to_target,13,1.3521345105016975
33764.44,ROW-mean-ED,5983,7259,773956,0,geod_dist_to_target,14,1.3521345105016975
33764.44,ROW-mean-ED,5983,5982,773956,0,geod_dist_to_target,15,0.5119943161671362
33764.44,ROW-mean-ED,5983,5982,773956,0,geod_dist_to_target,16,0.5119943161671362
33764.44,ROW-mean-ED,5983,5982,773956,0,geod_dist_to_target,17,0.5119943161671362
33764.44,ROW-mean-ED,5983,5982,773956,0,geod_dist_to_target,18,0.5119943161671362
33764.44,ROW-mean-ED,5983,5982,773956,0,geod_dist_to_target,19,0.5119943161671362
33764.44,ROW-mean-ED,5983,5982,773956,0,geod_dist_to_target,20,0.5119943161671362
33764.44,ROW-mean-ED,5983,5982,773956,0,geod_dist_to_target,22,0.5119943161671362
33764.44,ROW-mean-ED,5983,5982,773956,0,geod_dist_to_target,24,0.5119943161671362
33764.44,ROW-mean-ED,5983,5982,773956,0,geod_dist_to_target,26,0.5119943161671362
33764.44,ROW-mean-ED,5983,5982,773956,0,geod_dist_to_target,28,0.5119943161671362
33764.44,ROW-mean-ED,5983,5967,773956,0,geod_dist_to_target,30,4.040824219337639
33764.44,ROW-mean-ED,5983,5967,773956,0,geod_dist_to_target,32,4.040824219337639
33764.44,ROW-mean-ED,5983,5967,773956,0,geod_dist_to_target,34,4.040824219337639
33764.44,ROW-mean-ED,5983,3305,773956,0,geod_dist_to_target,36,3.5282318567488584
33764.44,ROW-mean-ED,5983,3305,773956,0,geod_dist_to_target,38,3.5282318567488584
33764.44,ROW-mean-ED,5983,3305,773956,0,geod_dist_to_target,40,3.5282318567488584
33764.44,ROW-mean-ED,5983,3305,773956,0,geod_dist_to_target,42,3.5282318567488584
33764.44,ROW-mean-ED,5983,3305,773956,0,geod_dist_to_target,44,3.5282318567488584
33764.44,ROW-mean-ED,5983,3305,773956,0,geod_dist_to_target,46,3.5282318567488584
33764.44,ROW-mean-ED,5983,3305,773956,0,geod_dist_to_target,48,3.5282318567488584
33764.44,ROW-mean-ED,5983,3305,773956,0,geod_dist_to_target,50,3.5282318567488584
33764.44,ROW-mean-ED,5983,5982,773956,0,geod_dist_to_target,55,0.5119943161671362
33764.44,ROW-mean-ED,5983,5982,773956,0,geod_dist_to_target,60,0.5119943161671362
33764.44,ROW-mean-ED,5983,5982,773956,0,geod_dist_to_target,65,0.5119943161671362
33764.44,ROW-mean-ED,5983,5982,773956,0,geod_dist_to_target,70,0.5119943161671362
33764.44,ROW-mean-ED,5983,5982,773956,0,geod_dist_to_target,75,0.5119943161671362
33764.44,ROW-mean-ED,5983,8484,773956,0,geod_dist_to_target,80,0.23128259924412295
33764.44,ROW-mean-ED,5983,8484,773956,0,geod_dist_to_target,85,0.23128259924412295
33764.44,ROW-mean-ED,5983,8484,773956,0,geod_dist_to_target,90,0.23128259924412295
33764.44,ROW-mean-ED,5983,8484,773956,0,geod_dist_to_target,95,0.23128259924412295
33764.44,ROW-mean-ED,5983,5983,773956,0,geod_dist_to_target,100,0.0
33764.44,ROW-mean-ED,5983,5773,654571,0,geod_dist_to_target,5,10.46762140625558
33764.44,ROW-mean-ED,5983,10958,654571,0,geod_dist_to_target,6,4.926316225361213
33764.44,ROW-mean-ED,5983,1211,654571,0,geod_dist_to_target,7,7.7340754302886054
33764.44,ROW-mean-ED,5983,1211,654571,0,geod_dist_to_target,8,7.7340754302886054
33764.44,ROW-mean-ED,5983,1211,654571,0,geod_dist_to_target,9,7.7340754302886054
33764.44,ROW-mean-ED,5983,5983,654571,0,geod_dist_to_target,10,0.0
33764.44,ROW-mean-ED,5983,5983,654571,0,geod_dist_to_target,11,0.0
33764.44,ROW-mean-ED,5983,169,654571,0,geod_dist_to_target,12,1.28342581308718
33764.44,ROW-mean-ED,5983,169,654571,0,geod_dist_to_target,13,1.28342581308718
33764.44,ROW-mean-ED,5983,5982,654571,0,geod_dist_to_target,14,0.5119943161671362
33764.44,ROW-mean-ED,5983,11263,654571,0,geod_dist_to_target,15,1.7202879502600252
33764.44,ROW-mean-ED,5983,11263,654571,0,geod_dist_to_target,16,1.7202879502600252
33764.44,ROW-mean-ED,5983,5987,654571,0,geod_dist_to_target,17,0.14875433460620147
33764.44,ROW-mean-ED,5983,5987,654571,0,geod_dist_to_target,18,0.14875433460620147
33764.44,ROW-mean-ED,5983,5987,654571,0,geod_dist_to_target,19,0.14875433460620147
33764.44,ROW-mean-ED,5983,5983,654571,0,geod_dist_to_target,20,0.0
33764.44,ROW-mean-ED,5983,7537,654571,0,geod_dist_to_target,22,0.16751588878275958
33764.44,ROW-mean-ED,5983,7537,654571,0,geod_dist_to_target,24,0.16751588878275958
33764.44,ROW-mean-ED,5983,7537,654571,0,geod_dist_to_target,26,0.16751588878275958
33764.44,ROW-mean-ED,5983,7537,654571,0,geod_dist_to_target,28,0.16751588878275958
33764.44,ROW-mean-ED,5983,7537,654571,0,geod_dist_to_target,30,0.16751588878275958
33764.44,ROW-mean-ED,5983,7537,654571,0,geod_dist_to_target,32,0.16751588878275958
33764.44,ROW-mean-ED,5983,5983,654571,0,geod_dist_to_target,34,0.0
33764.44,ROW-mean-ED,5983,5987,654571,0,geod_dist_to_target,36,0.14875433460620147
33764.44,ROW-mean-ED,5983,5983,654571,0,geod_dist_to_target,38,0.0
33764.44,ROW-mean-ED,5983,5983,654571,0,geod_dist_to_target,40,0.0
33764.44,ROW-mean-ED,5983,5983,654571,0,geod_dist_to_target,42,0.0
33764.44,ROW-mean-ED,5983,5983,654571,0,geod_dist_to_target,44,0.0
33764.44,ROW-mean-ED,5983,8484,654571,0,geod_dist_to_target,46,0.23128259924412295
33764.44,ROW-mean-ED,5983,8484,654571,0,geod_dist_to_target,48,0.23128259924412295
33764.44,ROW-mean-ED,5983,8484,654571,0,geod_dist_to_target,50,0.23128259924412295
33764.44,ROW-mean-ED,5983,5983,654571,0,geod_dist_to_target,55,0.0
33764.44,ROW-mean-ED,5983,5982,654571,0,geod_dist_to_target,60,0.5119943161671362
33764.44,ROW-mean-ED,5983,5983,654571,0,geod_dist_to_target,65,0.0
33764.44,ROW-mean-ED,5983,5987,654571,0,geod_dist_to_target,70,0.14875433460620147
33764.44,ROW-mean-ED,5983,5983,654571,0,geod_dist_to_target,75,0.0
33764.44,ROW-mean-ED,5983,5987,654571,0,geod_dist_to_target,80,0.14875433460620147
33764.44,ROW-mean-ED,5983,5987,654571,0,geod_dist_to_target,85,0.14875433460620147
33764.44,ROW-mean-ED,5983,5987,654571,0,geod_dist_to_target,90,0.14875433460620147
33764.44,ROW-mean-ED,5983,5987,654571,0,geod_dist_to_target,95,0.14875433460620147
33764.44,ROW-mean-ED,5983,5987,654571,0,geod_dist_to_target,100,0.14875433460620147
33764.44,ROW-mean-ED,5983,918,438878,0,geod_dist_to_target,5,9.718177332146496
33764.44,ROW-mean-ED,5983,10265,438878,0,geod_dist_to_target,6,10.23728577259071
33764.44,ROW-mean-ED,5983,1186,438878,0,geod_dist_to_target,7,2.195340195654131
33764.44,ROW-mean-ED,5983,1186,438878,0,geod_dist_to_target,8,2.195340195654131
33764.44,ROW-mean-ED,5983,1186,438878,0,geod_dist_to_target,9,2.195340195654131
33764.44,ROW-mean-ED,5983,8059,438878,0,geod_dist_to_target,10,5.7971971025203715
33764.44,ROW-mean-ED,5983,8059,438878,0,geod_dist_to_target,11,5.7971971025203715
33764.44,ROW-mean-ED,5983,7259,438878,0,geod_dist_to_target,12,1.3521345105016975
33764.44,ROW-mean-ED,5983,7259,438878,0,geod_dist_to_target,13,1.3521345105016975
33764.44,ROW-mean-ED,5983,7259,438878,0,geod_dist_to_target,14,1.3521345105016975
33764.44,ROW-mean-ED,5983,11079,438878,0,geod_dist_to_target,15,4.533816213915923
33764.44,ROW-mean-ED,5983,11079,438878,0,geod_dist_to_target,16,4.533816213915923
33764.44,ROW-mean-ED,5983,8484,438878,0,geod_dist_to_target,17,0.23128259924412295
33764.44,ROW-mean-ED,5983,8484,438878,0,geod_dist_to_target,18,0.23128259924412295
33764.44,ROW-mean-ED,5983,8484,438878,0,geod_dist_to_target,19,0.23128259924412295
33764.44,ROW-mean-ED,5983,8484,438878,0,geod_dist_to_target,20,0.23128259924412295
33764.44,ROW-mean-ED,5983,8484,438878,0,geod_dist_to_target,22,0.23128259924412295
33764.44,ROW-mean-ED,5983,8484,438878,0,geod_dist_to_target,24,0.23128259924412295
33764.44,ROW-mean-ED,5983,5982,438878,0,geod_dist_to_target,26,0.5119943161671362
33764.44,ROW-mean-ED,5983,8484,438878,0,geod_dist_to_target,28,0.23128259924412295
33764.44,ROW-mean-ED,5983,8484,438878,0,geod_dist_to_target,30,0.23128259924412295
33764.44,ROW-mean-ED,5983,7538,438878,0,geod_dist_to_target,32,0.4426840496055589
33764.44,ROW-mean-ED,5983,12327,438878,0,geod_dist_to_target,34,3.6153704271089886
33764.44,ROW-mean-ED,5983,12327,438878,0,geod_dist_to_target,36,3.6153704271089886
33764.44,ROW-mean-ED,5983,5982,438878,0,geod_dist_to_target,38,0.5119943161671362
33764.44,ROW-mean-ED,5983,8585,438878,0,geod_dist_to_target,40,1.0077340930379142
33764.44,ROW-mean-ED,5983,8585,438878,0,geod_dist_to_target,42,1.0077340930379142
33764.44,ROW-mean-ED,5983,8585,438878,0,geod_dist_to_target,44,1.0077340930379142
33764.44,ROW-mean-ED,5983,8585,438878,0,geod_dist_to_target,46,1.0077340930379142
33764.44,ROW-mean-ED,5983,8585,438878,0,geod_dist_to_target,48,1.0077340930379142
33764.44,ROW-mean-ED,5983,8585,438878,0,geod_dist_to_target,50,1.0077340930379142
33764.44,ROW-mean-ED,5983,8585,438878,0,geod_dist_to_target,55,1.0077340930379142
33764.44,ROW-mean-ED,5983,8585,438878,0,geod_dist_to_target,60,1.0077340930379142
33764.44,ROW-mean-ED,5983,8585,438878,0,geod_dist_to_target,65,1.0077340930379142
33764.44,ROW-mean-ED,5983,8585,438878,0,geod_dist_to_target,70,1.0077340930379142
33764.44,ROW-mean-ED,5983,8585,438878,0,geod_dist_to_target,75,1.0077340930379142
33764.44,ROW-mean-ED,5983,8585,438878,0,geod_dist_to_target,80,1.0077340930379142
33764.44,ROW-mean-ED,5983,8585,438878,0,geod_dist_to_target,85,1.0077340930379142
33764.44,ROW-mean-ED,5983,8484,438878,0,geod_dist_to_target,90,0.23128259924412295
33764.44,ROW-mean-ED,5983,5982,438878,0,geod_dist_to_target,95,0.5119943161671362
33764.44,ROW-mean-ED,5983,7259,438878,0,geod_dist_to_target,100,1.3521345105016975
33764.44,ROW-mean-ED,5983,5508,433015,0,geod_dist_to_target,5,28.872122548418933
33764.44,ROW-mean-ED,5983,10341,433015,0,geod_dist_to_target,6,34.56179529762829
33764.44,ROW-mean-ED,5983,9549,433015,0,geod_dist_to_target,7,34.36821328267329
33764.44,ROW-mean-ED,5983,5271,433015,0,geod_dist_to_target,8,28.39251624310225
33764.44,ROW-mean-ED,5983,5271,433015,0,geod_dist_to_target,9,28.39251624310225
33764.44,ROW-mean-ED,5983,2133,433015,0,geod_dist_to_target,10,27.429089038208094
33764.44,ROW-mean-ED,5983,6194,433015,0,geod_dist_to_target,11,0.8942877188829579
33764.44,ROW-mean-ED,5983,5522,433015,0,geod_dist_to_target,12,31.624139587915668
33764.44,ROW-mean-ED,5983,966,433015,0,geod_dist_to_target,13,32.88966659609269
33764.44,ROW-mean-ED,5983,966,433015,0,geod_dist_to_target,14,32.88966659609269
33764.44,ROW-mean-ED,5983,5983,433015,0,geod_dist_to_target,15,0.0
33764.44,ROW-mean-ED,5983,8484,433015,0,geod_dist_to_target,16,0.23128259924412295
33764.44,ROW-mean-ED,5983,5983,433015,0,geod_dist_to_target,17,0.0
33764.44,ROW-mean-ED,5983,5983,433015,0,geod_dist_to_target,18,0.0
33764.44,ROW-mean-ED,5983,5983,433015,0,geod_dist_to_target,19,0.0
33764.44,ROW-mean-ED,5983,5983,433015,0,geod_dist_to_target,20,0.0
33764.44,ROW-mean-ED,5983,10618,433015,0,geod_dist_to_target,22,0.33925358679234946
33764.44,ROW-mean-ED,5983,10618,433015,0,geod_dist_to_target,24,0.33925358679234946
33764.44,ROW-mean-ED,5983,10618,433015,0,geod_dist_to_target,26,0.33925358679234946
33764.44,ROW-mean-ED,5983,8484,433015,0,geod_dist_to_target,28,0.23128259924412295
33764.44,ROW-mean-ED,5983,8484,433015,0,geod_dist_to_target,30,0.23128259924412295
33764.44,ROW-mean-ED,5983,8484,433015,0,geod_dist_to_target,32,0.23128259924412295
33764.44,ROW-mean-ED,5983,8484,433015,0,geod_dist_to_target,34,0.23128259924412295
33764.44,ROW-mean-ED,5983,8484,433015,0,geod_dist_to_target,36,0.23128259924412295
33764.44,ROW-mean-ED,5983,8484,433015,0,geod_dist_to_target,38,0.23128259924412295
33764.44,ROW-mean-ED,5983,8484,433015,0,geod_dist_to_target,40,0.23128259924412295
33764.44,ROW-mean-ED,5983,8484,433015,0,geod_dist_to_target,42,0.23128259924412295
33764.44,ROW-mean-ED,5983,8484,433015,0,geod_dist_to_target,44,0.23128259924412295
33764.44,ROW-mean-ED,5983,8484,433015,0,geod_dist_to_target,46,0.23128259924412295
33764.44,ROW-mean-ED,5983,8484,433015,0,geod_dist_to_target,48,0.23128259924412295
33764.44,ROW-mean-ED,5983,8484,433015,0,geod_dist_to_target,50,0.23128259924412295
33764.44,ROW-mean-ED,5983,10618,433015,0,geod_dist_to_target,55,0.33925358679234946
33764.44,ROW-mean-ED,5983,10618,433015,0,geod_dist_to_target,60,0.33925358679234946
33764.44,ROW-mean-ED,5983,8484,433015,0,geod_dist_to_target,65,0.23128259924412295
33764.44,ROW-mean-ED,5983,8484,433015,0,geod_dist_to_target,70,0.23128259924412295
33764.44,ROW-mean-ED,5983,8484,433015,0,geod_dist_to_target,75,0.23128259924412295
33764.44,ROW-mean-ED,5983,8484,433015,0,geod_dist_to_target,80,0.23128259924412295
33764.44,ROW-mean-ED,5983,8484,433015,0,geod_dist_to_target,85,0.23128259924412295
33764.44,ROW-mean-ED,5983,8484,433015,0,geod_dist_to_target,90,0.23128259924412295
33764.44,ROW-mean-ED,5983,8484,433015,0,geod_dist_to_target,95,0.23128259924412295
33764.44,ROW-mean-ED,5983,8484,433015,0,geod_dist_to_target,100,0.23128259924412295
33764.44,ROW-mean-ED,5983,6146,858597,0,geod_dist_to_target,5,8.650310384581982
33764.44,ROW-mean-ED,5983,6146,858597,0,geod_dist_to_target,6,8.650310384581982
33764.44,ROW-mean-ED,5983,2597,858597,0,geod_dist_to_target,7,31.691680748220517
33764.44,ROW-mean-ED,5983,3001,858597,0,geod_dist_to_target,8,1.3607795684798007
33764.44,ROW-mean-ED,5983,3001,858597,0,geod_dist_to_target,9,1.3607795684798007
33764.44,ROW-mean-ED,5983,3001,858597,0,geod_dist_to_target,10,1.3607795684798007
33764.44,ROW-mean-ED,5983,3001,858597,0,geod_dist_to_target,11,1.3607795684798007
33764.44,ROW-mean-ED,5983,2483,858597,0,geod_dist_to_target,12,0.9191736089149836
33764.44,ROW-mean-ED,5983,2483,858597,0,geod_dist_to_target,13,0.9191736089149836
33764.44,ROW-mean-ED,5983,2483,858597,0,geod_dist_to_target,14,0.9191736089149836
33764.44,ROW-mean-ED,5983,2104,858597,0,geod_dist_to_target,15,0.8494817018879054
33764.44,ROW-mean-ED,5983,2104,858597,0,geod_dist_to_target,16,0.8494817018879054
33764.44,ROW-mean-ED,5983,2104,858597,0,geod_dist_to_target,17,0.8494817018879054
33764.44,ROW-mean-ED,5983,12461,858597,0,geod_dist_to_target,18,0.45239388719183316
33764.44,ROW-mean-ED,5983,12461,858597,0,geod_dist_to_target,19,0.45239388719183316
33764.44,ROW-mean-ED,5983,7537,858597,0,geod_dist_to_target,20,0.16751588878275958
33764.44,ROW-mean-ED,5983,7537,858597,0,geod_dist_to_target,22,0.16751588878275958
33764.44,ROW-mean-ED,5983,7564,858597,0,geod_dist_to_target,24,0.6938234922285013
33764.44,ROW-mean-ED,5983,7564,858597,0,geod_dist_to_target,26,0.6938234922285013
33764.44,ROW-mean-ED,5983,7564,858597,0,geod_dist_to_target,28,0.6938234922285013
33764.44,ROW-mean-ED,5983,2483,858597,0,geod_dist_to_target,30,0.9191736089149836
33764.44,ROW-mean-ED,5983,2483,858597,0,geod_dist_to_target,32,0.9191736089149836
33764.44,ROW-mean-ED,5983,7564,858597,0,geod_dist_to_target,34,0.6938234922285013
33764.44,ROW-mean-ED,5983,7564,858597,0,geod_dist_to_target,36,0.6938234922285013
33764.44,ROW-mean-ED,5983,7564,858597,0,geod_dist_to_target,38,0.6938234922285013
33764.44,ROW-mean-ED,5983,7564,858597,0,geod_dist_to_target,40,0.6938234922285013
33764.44,ROW-mean-ED,5983,7564,858597,0,geod_dist_to_target,42,0.6938234922285013
33764.44,ROW-mean-ED,5983,7564,858597,0,geod_dist_to_target,44,0.6938234922285013
33764.44,ROW-mean-ED,5983,7564,858597,0,geod_dist_to_target,46,0.6938234922285013
33764.44,ROW-mean-ED,5983,7564,858597,0,geod_dist_to_target,48,0.6938234922285013
33764.44,ROW-mean-ED,5983,7564,858597,0,geod_dist_to_target,50,0.6938234922285013
33764.44,ROW-mean-ED,5983,7564,858597,0,geod_dist_to_target,55,0.6938234922285013
33764.44,ROW-mean-ED,5983,7564,858597,0,geod_dist_to_target,60,0.6938234922285013
33764.44,ROW-mean-ED,5983,7564,858597,0,geod_dist_to_target,65,0.6938234922285013
33764.44,ROW-mean-ED,5983,7564,858597,0,geod_dist_to_target,70,0.6938234922285013
33764.44,ROW-mean-ED,5983,7564,858597,0,geod_dist_to_target,75,0.6938234922285013
33764.44,ROW-mean-ED,5983,7564,858597,0,geod_dist_to_target,80,0.6938234922285013
33764.44,ROW-mean-ED,5983,7537,858597,0,geod_dist_to_target,85,0.16751588878275958
33764.44,ROW-mean-ED,5983,7537,858597,0,geod_dist_to_target,90,0.16751588878275958
33764.44,ROW-mean-ED,5983,7537,858597,0,geod_dist_to_target,95,0.16751588878275958
33764.44,ROW-mean-ED,5983,10618,858597,0,geod_dist_to_target,100,0.33925358679234946
33764.44,ROW-mean-ED,5983,11907,85945,0,geod_dist_to_target,5,9.819515964678903
33764.44,ROW-mean-ED,5983,3483,85945,0,geod_dist_to_target,6,12.331964914968962
33764.44,ROW-mean-ED,5983,5771,85945,0,geod_dist_to_target,7,11.27998174267609
33764.44,ROW-mean-ED,5983,5944,85945,0,geod_dist_to_target,8,9.623629508037872
33764.44,ROW-mean-ED,5983,5944,85945,0,geod_dist_to_target,9,9.623629508037872
33764.44,ROW-mean-ED,5983,5944,85945,0,geod_dist_to_target,10,9.623629508037872
33764.44,ROW-mean-ED,5983,5944,85945,0,geod_dist_to_target,11,9.623629508037872
33764.44,ROW-mean-ED,5983,5945,85945,0,geod_dist_to_target,12,8.625049522929354
33764.44,ROW-mean-ED,5983,5945,85945,0,geod_dist_to_target,13,8.625049522929354
33764.44,ROW-mean-ED,5983,5945,85945,0,geod_dist_to_target,14,8.625049522929354
33764.44,ROW-mean-ED,5983,11097,85945,0,geod_dist_to_target,15,7.272093130800701
33764.44,ROW-mean-ED,5983,11097,85945,0,geod_dist_to_target,16,7.272093130800701
33764.44,ROW-mean-ED,5983,11097,85945,0,geod_dist_to_target,17,7.272093130800701
33764.44,ROW-mean-ED,5983,12655,85945,0,geod_dist_to_target,18,5.519473088886912
33764.44,ROW-mean-ED,5983,12655,85945,0,geod_dist_to_target,19,5.519473088886912
33764.44,ROW-mean-ED,5983,12655,85945,0,geod_dist_to_target,20,5.519473088886912
33764.44,ROW-mean-ED,5983,9149,85945,0,geod_dist_to_target,22,5.014715819531591
33764.44,ROW-mean-ED,5983,9149,85945,0,geod_dist_to_target,24,5.014715819531591
33764.44,ROW-mean-ED,5983,5985,85945,0,geod_dist_to_target,26,0.4702370103112021
33764.44,ROW-mean-ED,5983,5985,85945,0,geod_dist_to_target,28,0.4702370103112021
33764.44,ROW-mean-ED,5983,5985,85945,0,geod_dist_to_target,30,0.4702370103112021
33764.44,ROW-mean-ED,5983,5985,85945,0,geod_dist_to_target,32,0.4702370103112021
33764.44,ROW-mean-ED,5983,5987,85945,0,geod_dist_to_target,34,0.14875433460620147
33764.44,ROW-mean-ED,5983,5987,85945,0,geod_dist_to_target,36,0.14875433460620147
33764.44,ROW-mean-ED,5983,1965,85945,0,geod_dist_to_target,38,0.33827962799439026
33764.44,ROW-mean-ED,5983,5987,85945,0,geod_dist_to_target,40,0.14875433460620147
33764.44,ROW-mean-ED,5983,5987,85945,0,geod_dist_to_target,42,0.14875433460620147
33764.44,ROW-mean-ED,5983,5987,85945,0,geod_dist_to_target,44,0.14875433460620147
33764.44,ROW-mean-ED,5983,5987,85945,0,geod_dist_to_target,46,0.14875433460620147
33764.44,ROW-mean-ED,5983,5987,85945,0,geod_dist_to_target,48,0.14875433460620147
33764.44,ROW-mean-ED,5983,5987,85945,0,geod_dist_to_target,50,0.14875433460620147
33764.44,ROW-mean-ED,5983,5987,85945,0,geod_dist_to_target,55,0.14875433460620147
33764.44,ROW-mean-ED,5983,5987,85945,0,geod_dist_to_target,60,0.14875433460620147
33764.44,ROW-mean-ED,5983,5987,85945,0,geod_dist_to_target,65,0.14875433460620147
33764.44,ROW-mean-ED,5983,5987,85945,0,geod_dist_to_target,70,0.14875433460620147
33764.44,ROW-mean-ED,5983,5987,85945,0,geod_dist_to_target,75,0.14875433460620147
33764.44,ROW-mean-ED,5983,5987,85945,0,geod_dist_to_target,80,0.14875433460620147
33764.44,ROW-mean-ED,5983,5987,85945,0,geod_dist_to_target,85,0.14875433460620147
33764.44,ROW-mean-ED,5983,5987,85945,0,geod_dist_to_target,90,0.14875433460620147
33764.44,ROW-mean-ED,5983,5987,85945,0,geod_dist_to_target,95,0.14875433460620147
33764.44,ROW-mean-ED,5983,5987,85945,0,geod_dist_to_target,100,0.14875433460620147
33764.44,ROW-mean-ED,5983,4730,697368,0,geod_dist_to_target,5,17.819194305554394
33764.44,ROW-mean-ED,5983,6828,697368,0,geod_dist_to_target,6,2.237856634400606
33764.44,ROW-mean-ED,5983,10215,697368,0,geod_dist_to_target,7,2.6911529452194856
33764.44,ROW-mean-ED,5983,7438,697368,0,geod_dist_to_target,8,26.669655899152872
33764.44,ROW-mean-ED,5983,7438,697368,0,geod_dist_to_target,9,26.669655899152872
33764.44,ROW-mean-ED,5983,1186,697368,0,geod_dist_to_target,10,2.195340195654131
33764.44,ROW-mean-ED,5983,1186,697368,0,geod_dist_to_target,11,2.195340195654131
33764.44,ROW-mean-ED,5983,7259,697368,0,geod_dist_to_target,12,1.3521345105016975
33764.44,ROW-mean-ED,5983,7259,697368,0,geod_dist_to_target,13,1.3521345105016975
33764.44,ROW-mean-ED,5983,7259,697368,0,geod_dist_to_target,14,1.3521345105016975
33764.44,ROW-mean-ED,5983,7259,697368,0,geod_dist_to_target,15,1.3521345105016975
33764.44,ROW-mean-ED,5983,8484,697368,0,geod_dist_to_target,16,0.23128259924412295
33764.44,ROW-mean-ED,5983,8484,697368,0,geod_dist_to_target,17,0.23128259924412295
33764.44,ROW-mean-ED,5983,8484,697368,0,geod_dist_to_target,18,0.23128259924412295
33764.44,ROW-mean-ED,5983,8484,697368,0,geod_dist_to_target,19,0.23128259924412295
33764.44,ROW-mean-ED,5983,7538,697368,0,geod_dist_to_target,20,0.4426840496055589
33764.44,ROW-mean-ED,5983,7538,697368,0,geod_dist_to_target,22,0.4426840496055589
33764.44,ROW-mean-ED,5983,8484,697368,0,geod_dist_to_target,24,0.23128259924412295
33764.44,ROW-mean-ED,5983,7538,697368,0,geod_dist_to_target,26,0.4426840496055589
33764.44,ROW-mean-ED,5983,8484,697368,0,geod_dist_to_target,28,0.23128259924412295
33764.44,ROW-mean-ED,5983,8484,697368,0,geod_dist_to_target,30,0.23128259924412295
33764.44,ROW-mean-ED,5983,7538,697368,0,geod_dist_to_target,32,0.4426840496055589
33764.44,ROW-mean-ED,5983,7538,697368,0,geod_dist_to_target,34,0.4426840496055589
33764.44,ROW-mean-ED,5983,7538,697368,0,geod_dist_to_target,36,0.4426840496055589
33764.44,ROW-mean-ED,5983,7538,697368,0,geod_dist_to_target,38,0.4426840496055589
33764.44,ROW-mean-ED,5983,8484,697368,0,geod_dist_to_target,40,0.23128259924412295
33764.44,ROW-mean-ED,5983,8484,697368,0,geod_dist_to_target,42,0.23128259924412295
33764.44,ROW-mean-ED,5983,8484,697368,0,geod_dist_to_target,44,0.23128259924412295
33764.44,ROW-mean-ED,5983,8484,697368,0,geod_dist_to_target,46,0.23128259924412295
33764.44,ROW-mean-ED,5983,8484,697368,0,geod_dist_to_target,48,0.23128259924412295
33764.44,ROW-mean-ED,5983,8484,697368,0,geod_dist_to_target,50,0.23128259924412295
33764.44,ROW-mean-ED,5983,8484,697368,0,geod_dist_to_target,55,0.23128259924412295
33764.44,ROW-mean-ED,5983,8484,697368,0,geod_dist_to_target,60,0.23128259924412295
33764.44,ROW-mean-ED,5983,8484,697368,0,geod_dist_to_target,65,0.23128259924412295
33764.44,ROW-mean-ED,5983,8484,697368,0,geod_dist_to_target,70,0.23128259924412295
33764.44,ROW-mean-ED,5983,8484,697368,0,geod_dist_to_target,75,0.23128259924412295
33764.44,ROW-mean-ED,5983,8484,697368,0,geod_dist_to_target,80,0.23128259924412295
33764.44,ROW-mean-ED,5983,8484,697368,0,geod_dist_to_target,85,0.23128259924412295
33764.44,ROW-mean-ED,5983,8484,697368,0,geod_dist_to_target,90,0.23128259924412295
33764.44,ROW-mean-ED,5983,8484,697368,0,geod_dist_to_target,95,0.23128259924412295
33764.44,ROW-mean-ED,5983,8484,697368,0,geod_dist_to_target,100,0.23128259924412295
33764.44,ROW-mean-ED,5983,6421,201469,0,geod_dist_to_target,5,2.3518602124746373
33764.44,ROW-mean-ED,5983,12149,201469,0,geod_dist_to_target,6,7.972135575885079
33764.44,ROW-mean-ED,5983,12149,201469,0,geod_dist_to_target,7,7.972135575885079
33764.44,ROW-mean-ED,5983,4150,201469,0,geod_dist_to_target,8,2.8321054304814623
33764.44,ROW-mean-ED,5983,6728,201469,0,geod_dist_to_target,9,4.196318995933011
33764.44,ROW-mean-ED,5983,2483,201469,0,geod_dist_to_target,10,0.9191736089149836
33764.44,ROW-mean-ED,5983,7564,201469,0,geod_dist_to_target,11,0.6938234922285013
33764.44,ROW-mean-ED,5983,7564,201469,0,geod_dist_to_target,12,0.6938234922285013
33764.44,ROW-mean-ED,5983,6210,201469,0,geod_dist_to_target,13,1.6064042846988782
33764.44,ROW-mean-ED,5983,3001,201469,0,geod_dist_to_target,14,1.3607795684798007
33764.44,ROW-mean-ED,5983,6217,201469,0,geod_dist_to_target,15,2.990394416099278
33764.44,ROW-mean-ED,5983,10536,201469,0,geod_dist_to_target,16,4.685631080618894
33764.44,ROW-mean-ED,5983,6238,201469,0,geod_dist_to_target,17,5.963447448101005
33764.44,ROW-mean-ED,5983,6237,201469,0,geod_dist_to_target,18,5.4833330393626385
33764.44,ROW-mean-ED,5983,6237,201469,0,geod_dist_to_target,19,5.4833330393626385
33764.44,ROW-mean-ED,5983,6238,201469,0,geod_dist_to_target,20,5.963447448101005
33764.44,ROW-mean-ED,5983,6237,201469,0,geod_dist_to_target,22,5.4833330393626385
33764.44,ROW-mean-ED,5983,6237,201469,0,geod_dist_to_target,24,5.4833330393626385
33764.44,ROW-mean-ED,5983,6732,201469,0,geod_dist_to_target,26,4.741033257667164
33764.44,ROW-mean-ED,5983,6732,201469,0,geod_dist_to_target,28,4.741033257667164
33764.44,ROW-mean-ED,5983,6732,201469,0,geod_dist_to_target,30,4.741033257667164
33764.44,ROW-mean-ED,5983,6732,201469,0,geod_dist_to_target,32,4.741033257667164
33764.44,ROW-mean-ED,5983,6728,201469,0,geod_dist_to_target,34,4.196318995933011
33764.44,ROW-mean-ED,5983,6728,201469,0,geod_dist_to_target,36,4.196318995933011
33764.44,ROW-mean-ED,5983,6728,201469,0,geod_dist_to_target,38,4.196318995933011
33764.44,ROW-mean-ED,5983,6728,201469,0,geod_dist_to_target,40,4.196318995933011
33764.44,ROW-mean-ED,5983,6728,201469,0,geod_dist_to_target,42,4.196318995933011
33764.44,ROW-mean-ED,5983,6728,201469,0,geod_dist_to_target,44,4.196318995933011
33764.44,ROW-mean-ED,5983,7537,201469,0,geod_dist_to_target,46,0.16751588878275958
33764.44,ROW-mean-ED,5983,7537,201469,0,geod_dist_to_target,48,0.16751588878275958
33764.44,ROW-mean-ED,5983,7537,201469,0,geod_dist_to_target,50,0.16751588878275958
33764.44,ROW-mean-ED,5983,5983,201469,0,geod_dist_to_target,55,0.0
33764.44,ROW-mean-ED,5983,7537,201469,0,geod_dist_to_target,60,0.16751588878275958
33764.44,ROW-mean-ED,5983,7537,201469,0,geod_dist_to_target,65,0.16751588878275958
33764.44,ROW-mean-ED,5983,10618,201469,0,geod_dist_to_target,70,0.33925358679234946
33764.44,ROW-mean-ED,5983,10618,201469,0,geod_dist_to_target,75,0.33925358679234946
33764.44,ROW-mean-ED,5983,7537,201469,0,geod_dist_to_target,80,0.16751588878275958
33764.44,ROW-mean-ED,5983,7537,201469,0,geod_dist_to_target,85,0.16751588878275958
33764.44,ROW-mean-ED,5983,7537,201469,0,geod_dist_to_target,90,0.16751588878275958
33764.44,ROW-mean-ED,5983,7537,201469,0,geod_dist_to_target,95,0.16751588878275958
33764.44,ROW-mean-ED,5983,7537,201469,0,geod_dist_to_target,100,0.16751588878275958
33764.44,ROW-mean-ED,5983,9059,94177,0,geod_dist_to_target,5,3.126204145971123
33764.44,ROW-mean-ED,5983,6144,94177,0,geod_dist_to_target,6,8.684560760132896
33764.44,ROW-mean-ED,5983,11079,94177,0,geod_dist_to_target,7,4.533816213915923
33764.44,ROW-mean-ED,5983,5967,94177,0,geod_dist_to_target,8,4.040824219337639
33764.44,ROW-mean-ED,5983,5967,94177,0,geod_dist_to_target,9,4.040824219337639
33764.44,ROW-mean-ED,5983,3305,94177,0,geod_dist_to_target,10,3.5282318567488584
33764.44,ROW-mean-ED,5983,3305,94177,0,geod_dist_to_target,11,3.5282318567488584
33764.44,ROW-mean-ED,5983,3305,94177,0,geod_dist_to_target,12,3.5282318567488584
33764.44,ROW-mean-ED,5983,5959,94177,0,geod_dist_to_target,13,5.0273961753915275
33764.44,ROW-mean-ED,5983,3305,94177,0,geod_dist_to_target,14,3.5282318567488584
33764.44,ROW-mean-ED,5983,11263,94177,0,geod_dist_to_target,15,1.7202879502600252
33764.44,ROW-mean-ED,5983,11263,94177,0,geod_dist_to_target,16,1.7202879502600252
33764.44,ROW-mean-ED,5983,11263,94177,0,geod_dist_to_target,17,1.7202879502600252
33764.44,ROW-mean-ED,5983,5987,94177,0,geod_dist_to_target,18,0.14875433460620147
33764.44,ROW-mean-ED,5983,5987,94177,0,geod_dist_to_target,19,0.14875433460620147
33764.44,ROW-mean-ED,5983,5987,94177,0,geod_dist_to_target,20,0.14875433460620147
33764.44,ROW-mean-ED,5983,5987,94177,0,geod_dist_to_target,22,0.14875433460620147
33764.44,ROW-mean-ED,5983,5983,94177,0,geod_dist_to_target,24,0.0
33764.44,ROW-mean-ED,5983,5983,94177,0,geod_dist_to_target,26,0.0
33764.44,ROW-mean-ED,5983,5983,94177,0,geod_dist_to_target,28,0.0
33764.44,ROW-mean-ED,5983,5983,94177,0,geod_dist_to_target,30,0.0
33764.44,ROW-mean-ED,5983,5983,94177,0,geod_dist_to_target,32,0.0
33764.44,ROW-mean-ED,5983,5985,94177,0,geod_dist_to_target,34,0.4702370103112021
33764.44,ROW-mean-ED,5983,5982,94177,0,geod_dist_to_target,36,0.5119943161671362
33764.44,ROW-mean-ED,5983,5985,94177,0,geod_dist_to_target,38,0.4702370103112021
33764.44,ROW-mean-ED,5983,5982,94177,0,geod_dist_to_target,40,0.5119943161671362
33764.44,ROW-mean-ED,5983,8484,94177,0,geod_dist_to_target,42,0.23128259924412295
33764.44,ROW-mean-ED,5983,5982,94177,0,geod_dist_to_target,44,0.5119943161671362
33764.44,ROW-mean-ED,5983,5982,94177,0,geod_dist_to_target,46,0.5119943161671362
33764.44,ROW-mean-ED,5983,8484,94177,0,geod_dist_to_target,48,0.23128259924412295
33764.44,ROW-mean-ED,5983,8484,94177,0,geod_dist_to_target,50,0.23128259924412295
33764.44,ROW-mean-ED,5983,8484,94177,0,geod_dist_to_target,55,0.23128259924412295
33764.44,ROW-mean-ED,5983,8484,94177,0,geod_dist_to_target,60,0.23128259924412295
33764.44,ROW-mean-ED,5983,8484,94177,0,geod_dist_to_target,65,0.23128259924412295
33764.44,ROW-mean-ED,5983,8484,94177,0,geod_dist_to_target,70,0.23128259924412295
33764.44,ROW-mean-ED,5983,8484,94177,0,geod_dist_to_target,75,0.23128259924412295
33764.44,ROW-mean-ED,5983,8484,94177,0,geod_dist_to_target,80,0.23128259924412295
33764.44,ROW-mean-ED,5983,8484,94177,0,geod_dist_to_target,85,0.23128259924412295
33764.44,ROW-mean-ED,5983,8484,94177,0,geod_dist_to_target,90,0.23128259924412295
33764.44,ROW-mean-ED,5983,8484,94177,0,geod_dist_to_target,95,0.23128259924412295
33764.44,ROW-mean-ED,5983,8484,94177,0,geod_dist_to_target,100,0.23128259924412295
33764.44,ROW-min-ED(FPS),5983,6138,89250,0,geod_dist_to_target,5,9.789991119468548
33764.44,ROW-min-ED(FPS),5983,5958,89250,0,geod_dist_to_target,6,4.489720430147345
33764.44,ROW-min-ED(FPS),5983,5958,89250,0,geod_dist_to_target,7,4.489720430147345
33764.44,ROW-min-ED(FPS),5983,9478,89250,0,geod_dist_to_target,8,1.143305972175875
33764.44,ROW-min-ED(FPS),5983,9478,89250,0,geod_dist_to_target,9,1.143305972175875
33764.44,ROW-min-ED(FPS),5983,6194,89250,0,geod_dist_to_target,10,0.8942877188829579
33764.44,ROW-min-ED(FPS),5983,6194,89250,0,geod_dist_to_target,11,0.8942877188829579
33764.44,ROW-min-ED(FPS),5983,6194,89250,0,geod_dist_to_target,12,0.8942877188829579
33764.44,ROW-min-ED(FPS),5983,6194,89250,0,geod_dist_to_target,13,0.8942877188829579
33764.44,ROW-min-ED(FPS),5983,6201,89250,0,geod_dist_to_target,14,0.7986699594099257
33764.44,ROW-min-ED(FPS),5983,6201,89250,0,geod_dist_to_target,15,0.7986699594099257
33764.44,ROW-min-ED(FPS),5983,756,89250,0,geod_dist_to_target,16,0.6276745866063177
33764.44,ROW-min-ED(FPS),5983,756,89250,0,geod_dist_to_target,17,0.6276745866063177
33764.44,ROW-min-ED(FPS),5983,7538,89250,0,geod_dist_to_target,18,0.4426840496055589
33764.44,ROW-min-ED(FPS),5983,2780,89250,0,geod_dist_to_target,19,0.38313914837102586
33764.44,ROW-min-ED(FPS),5983,2780,89250,0,geod_dist_to_target,20,0.38313914837102586
33764.44,ROW-min-ED(FPS),5983,7564,89250,0,geod_dist_to_target,22,0.6938234922285013
33764.44,ROW-min-ED(FPS),5983,7564,89250,0,geod_dist_to_target,24,0.6938234922285013
33764.44,ROW-min-ED(FPS),5983,10618,89250,0,geod_dist_to_target,26,0.33925358679234946
33764.44,ROW-min-ED(FPS),5983,7537,89250,0,geod_dist_to_target,28,0.16751588878275958
33764.44,ROW-min-ED(FPS),5983,7537,89250,0,geod_dist_to_target,30,0.16751588878275958
33764.44,ROW-min-ED(FPS),5983,7537,89250,0,geod_dist_to_target,32,0.16751588878275958
33764.44,ROW-min-ED(FPS),5983,5983,89250,0,geod_dist_to_target,34,0.0
33764.44,ROW-min-ED(FPS),5983,8059,89250,0,geod_dist_to_target,36,5.7971971025203715
33764.44,ROW-min-ED(FPS),5983,7537,89250,0,geod_dist_to_target,38,0.16751588878275958
33764.44,ROW-min-ED(FPS),5983,7537,89250,0,geod_dist_to_target,40,0.16751588878275958
33764.44,ROW-min-ED(FPS),5983,7537,89250,0,geod_dist_to_target,42,0.16751588878275958
33764.44,ROW-min-ED(FPS),5983,5983,89250,0,geod_dist_to_target,44,0.0
33764.44,ROW-min-ED(FPS),5983,7537,89250,0,geod_dist_to_target,46,0.16751588878275958
33764.44,ROW-min-ED(FPS),5983,7537,89250,0,geod_dist_to_target,48,0.16751588878275958
33764.44,ROW-min-ED(FPS),5983,7537,89250,0,geod_dist_to_target,50,0.16751588878275958
33764.44,ROW-min-ED(FPS),5983,5987,89250,0,geod_dist_to_target,55,0.14875433460620147
33764.44,ROW-min-ED(FPS),5983,5983,89250,0,geod_dist_to_target,60,0.0
33764.44,ROW-min-ED(FPS),5983,5987,89250,0,geod_dist_to_target,65,0.14875433460620147
33764.44,ROW-min-ED(FPS),5983,5983,89250,0,geod_dist_to_target,70,0.0
33764.44,ROW-min-ED(FPS),5983,5987,89250,0,geod_dist_to_target,75,0.14875433460620147
33764.44,ROW-min-ED(FPS),5983,5983,89250,0,geod_dist_to_target,80,0.0
33764.44,ROW-min-ED(FPS),5983,5983,89250,0,geod_dist_to_target,85,0.0
33764.44,ROW-min-ED(FPS),5983,5983,89250,0,geod_dist_to_target,90,0.0
33764.44,ROW-min-ED(FPS),5983,5983,89250,0,geod_dist_to_target,95,0.0
33764.44,ROW-min-ED(FPS),5983,5983,89250,0,geod_dist_to_target,100,0.0
33764.44,ROW-min-ED(FPS),5983,5942,773956,0,geod_dist_to_target,5,9.40418629017946
33764.44,ROW-min-ED(FPS),5983,4717,773956,0,geod_dist_to_target,6,4.7136878783415534
33764.44,ROW-min-ED(FPS),5983,4717,773956,0,geod_dist_to_target,7,4.7136878783415534
33764.44,ROW-min-ED(FPS),5983,4717,773956,0,geod_dist_to_target,8,4.7136878783415534
33764.44,ROW-min-ED(FPS),5983,4717,773956,0,geod_dist_to_target,9,4.7136878783415534
33764.44,ROW-min-ED(FPS),5983,8059,773956,0,geod_dist_to_target,10,5.7971971025203715
33764.44,ROW-min-ED(FPS),5983,1831,773956,0,geod_dist_to_target,11,7.0241289217949605
33764.44,ROW-min-ED(FPS),5983,1831,773956,0,geod_dist_to_target,12,7.0241289217949605
33764.44,ROW-min-ED(FPS),5983,8484,773956,0,geod_dist_to_target,13,0.23128259924412295
33764.44,ROW-min-ED(FPS),5983,5983,773956,0,geod_dist_to_target,14,0.0
33764.44,ROW-min-ED(FPS),5983,8484,773956,0,geod_dist_to_target,15,0.23128259924412295
33764.44,ROW-min-ED(FPS),5983,499,773956,0,geod_dist_to_target,16,5.334583897701716
33764.44,ROW-min-ED(FPS),5983,8059,773956,0,geod_dist_to_target,17,5.7971971025203715
33764.44,ROW-min-ED(FPS),5983,499,773956,0,geod_dist_to_target,18,5.334583897701716
33764.44,ROW-min-ED(FPS),5983,499,773956,0,geod_dist_to_target,19,5.334583897701716
33764.44,ROW-min-ED(FPS),5983,499,773956,0,geod_dist_to_target,20,5.334583897701716
33764.44,ROW-min-ED(FPS),5983,499,773956,0,geod_dist_to_target,22,5.334583897701716
33764.44,ROW-min-ED(FPS),5983,499,773956,0,geod_dist_to_target,24,5.334583897701716
33764.44,ROW-min-ED(FPS),5983,499,773956,0,geod_dist_to_target,26,5.334583897701716
33764.44,ROW-min-ED(FPS),5983,5985,773956,0,geod_dist_to_target,28,0.4702370103112021
33764.44,ROW-min-ED(FPS),5983,5985,773956,0,geod_dist_to_target,30,0.4702370103112021
33764.44,ROW-min-ED(FPS),5983,5987,773956,0,geod_dist_to_target,32,0.14875433460620147
33764.44,ROW-min-ED(FPS),5983,5987,773956,0,geod_dist_to_target,34,0.14875433460620147
33764.44,ROW-min-ED(FPS),5983,5987,773956,0,geod_dist_to_target,36,0.14875433460620147
33764.44,ROW-min-ED(FPS),5983,5987,773956,0,geod_dist_to_target,38,0.14875433460620147
33764.44,ROW-min-ED(FPS),5983,5987,773956,0,geod_dist_to_target,40,0.14875433460620147
33764.44,ROW-min-ED(FPS),5983,5987,773956,0,geod_dist_to_target,42,0.14875433460620147
33764.44,ROW-min-ED(FPS),5983,5987,773956,0,geod_dist_to_target,44,0.14875433460620147
33764.44,ROW-min-ED(FPS),5983,5987,773956,0,geod_dist_to_target,46,0.14875433460620147
33764.44,ROW-min-ED(FPS),5983,5987,773956,0,geod_dist_to_target,48,0.14875433460620147
33764.44,ROW-min-ED(FPS),5983,5959,773956,0,geod_dist_to_target,50,5.0273961753915275
33764.44,ROW-min-ED(FPS),5983,5987,773956,0,geod_dist_to_target,55,0.14875433460620147
33764.44,ROW-min-ED(FPS),5983,5987,773956,0,geod_dist_to_target,60,0.14875433460620147
33764.44,ROW-min-ED(FPS),5983,5987,773956,0,geod_dist_to_target,65,0.14875433460620147
33764.44,ROW-min-ED(FPS),5983,5987,773956,0,geod_dist_to_target,70,0.14875433460620147
33764.44,ROW-min-ED(FPS),5983,5987,773956,0,geod_dist_to_target,75,0.14875433460620147
33764.44,ROW-min-ED(FPS),5983,5987,773956,0,geod_dist_to_target,80,0.14875433460620147
33764.44,ROW-min-ED(FPS),5983,5983,773956,0,geod_dist_to_target,85,0.0
33764.44,ROW-min-ED(FPS),5983,5983,773956,0,geod_dist_to_target,90,0.0
33764.44,ROW-min-ED(FPS),5983,5983,773956,0,geod_dist_to_target,95,0.0
33764.44,ROW-min-ED(FPS),5983,5987,773956,0,geod_dist_to_target,100,0.14875433460620147
33764.44,ROW-min-ED(FPS),5983,11074,654571,0,geod_dist_to_target,5,34.939636280616966
33764.44,ROW-min-ED(FPS),5983,3676,654571,0,geod_dist_to_target,6,35.77959528714485
33764.44,ROW-min-ED(FPS),5983,5948,654571,0,geod_dist_to_target,7,8.99586442811876
33764.44,ROW-min-ED(FPS),5983,8438,654571,0,geod_dist_to_target,8,9.008333632111482
33764.44,ROW-min-ED(FPS),5983,492,654571,0,geod_dist_to_target,9,9.553394795514643
33764.44,ROW-min-ED(FPS),5983,4147,654571,0,geod_dist_to_target,10,0.8972680897674626
33764.44,ROW-min-ED(FPS),5983,4147,654571,0,geod_dist_to_target,11,0.8972680897674626
33764.44,ROW-min-ED(FPS),5983,5985,654571,0,geod_dist_to_target,12,0.4702370103112021
33764.44,ROW-min-ED(FPS),5983,10369,654571,0,geod_dist_to_target,13,10.296712454749619
33764.44,ROW-min-ED(FPS),5983,10369,654571,0,geod_dist_to_target,14,10.296712454749619
33764.44,ROW-min-ED(FPS),5983,10369,654571,0,geod_dist_to_target,15,10.296712454749619
33764.44,ROW-min-ED(FPS),5983,4893,654571,0,geod_dist_to_target,16,9.363673775968087
33764.44,ROW-min-ED(FPS),5983,4893,654571,0,geod_dist_to_target,17,9.363673775968087
33764.44,ROW-min-ED(FPS),5983,4893,654571,0,geod_dist_to_target,18,9.363673775968087
33764.44,ROW-min-ED(FPS),5983,4893,654571,0,geod_dist_to_target,19,9.363673775968087
33764.44,ROW-min-ED(FPS),5983,4893,654571,0,geod_dist_to_target,20,9.363673775968087
33764.44,ROW-min-ED(FPS),5983,10369,654571,0,geod_dist_to_target,22,10.296712454749619
33764.44,ROW-min-ED(FPS),5983,10369,654571,0,geod_dist_to_target,24,10.296712454749619
33764.44,ROW-min-ED(FPS),5983,10369,654571,0,geod_dist_to_target,26,10.296712454749619
33764.44,ROW-min-ED(FPS),5983,4893,654571,0,geod_dist_to_target,28,9.363673775968087
33764.44,ROW-min-ED(FPS),5983,8484,654571,0,geod_dist_to_target,30,0.23128259924412295
33764.44,ROW-min-ED(FPS),5983,8484,654571,0,geod_dist_to_target,32,0.23128259924412295
33764.44,ROW-min-ED(FPS),5983,8484,654571,0,geod_dist_to_target,34,0.23128259924412295
33764.44,ROW-min-ED(FPS),5983,8484,654571,0,geod_dist_to_target,36,0.23128259924412295
33764.44,ROW-min-ED(FPS),5983,5983,654571,0,geod_dist_to_target,38,0.0
33764.44,ROW-min-ED(FPS),5983,5983,654571,0,geod_dist_to_target,40,0.0
33764.44,ROW-min-ED(FPS),5983,5983,654571,0,geod_dist_to_target,42,0.0
33764.44,ROW-min-ED(FPS),5983,5983,654571,0,geod_dist_to_target,44,0.0
33764.44,ROW-min-ED(FPS),5983,8484,654571,0,geod_dist_to_target,46,0.23128259924412295
33764.44,ROW-min-ED(FPS),5983,5983,654571,0,geod_dist_to_target,48,0.0
33764.44,ROW-min-ED(FPS),5983,5983,654571,0,geod_dist_to_target,50,0.0
33764.44,ROW-min-ED(FPS),5983,5982,654571,0,geod_dist_to_target,55,0.5119943161671362
33764.44,ROW-min-ED(FPS),5983,5982,654571,0,geod_dist_to_target,60,0.5119943161671362
33764.44,ROW-min-ED(FPS),5983,8484,654571,0,geod_dist_to_target,65,0.23128259924412295
33764.44,ROW-min-ED(FPS),5983,8484,654571,0,geod_dist_to_target,70,0.23128259924412295
33764.44,ROW-min-ED(FPS),5983,5982,654571,0,geod_dist_to_target,75,0.5119943161671362
33764.44,ROW-min-ED(FPS),5983,5982,654571,0,geod_dist_to_target,80,0.5119943161671362
33764.44,ROW-min-ED(FPS),5983,5982,654571,0,geod_dist_to_target,85,0.5119943161671362
33764.44,ROW-min-ED(FPS),5983,5982,654571,0,geod_dist_to_target,90,0.5119943161671362
33764.44,ROW-min-ED(FPS),5983,5982,654571,0,geod_dist_to_target,95,0.5119943161671362
33764.44,ROW-min-ED(FPS),5983,5982,654571,0,geod_dist_to_target,100,0.5119943161671362
33764.44,ROW-min-ED(FPS),5983,8059,438878,0,geod_dist_to_target,5,5.7971971025203715
33764.44,ROW-min-ED(FPS),5983,499,438878,0,geod_dist_to_target,6,5.334583897701716
33764.44,ROW-min-ED(FPS),5983,499,438878,0,geod_dist_to_target,7,5.334583897701716
33764.44,ROW-min-ED(FPS),5983,1186,438878,0,geod_dist_to_target,8,2.195340195654131
33764.44,ROW-min-ED(FPS),5983,1186,438878,0,geod_dist_to_target,9,2.195340195654131
33764.44,ROW-min-ED(FPS),5983,8484,438878,0,geod_dist_to_target,10,0.23128259924412295
33764.44,ROW-min-ED(FPS),5983,8484,438878,0,geod_dist_to_target,11,0.23128259924412295
33764.44,ROW-min-ED(FPS),5983,7538,438878,0,geod_dist_to_target,12,0.4426840496055589
33764.44,ROW-min-ED(FPS),5983,8484,438878,0,geod_dist_to_target,13,0.23128259924412295
33764.44,ROW-min-ED(FPS),5983,8585,438878,0,geod_dist_to_target,14,1.0077340930379142
33764.44,ROW-min-ED(FPS),5983,7538,438878,0,geod_dist_to_target,15,0.4426840496055589
33764.44,ROW-min-ED(FPS),5983,8585,438878,0,geod_dist_to_target,16,1.0077340930379142
33764.44,ROW-min-ED(FPS),5983,5982,438878,0,geod_dist_to_target,17,0.5119943161671362
33764.44,ROW-min-ED(FPS),5983,11263,438878,0,geod_dist_to_target,18,1.7202879502600252
33764.44,ROW-min-ED(FPS),5983,11263,438878,0,geod_dist_to_target,19,1.7202879502600252
33764.44,ROW-min-ED(FPS),5983,169,438878,0,geod_dist_to_target,20,1.28342581308718
33764.44,ROW-min-ED(FPS),5983,169,438878,0,geod_dist_to_target,22,1.28342581308718
33764.44,ROW-min-ED(FPS),5983,169,438878,0,geod_dist_to_target,24,1.28342581308718
33764.44,ROW-min-ED(FPS),5983,169,438878,0,geod_dist_to_target,26,1.28342581308718
33764.44,ROW-min-ED(FPS),5983,11263,438878,0,geod_dist_to_target,28,1.7202879502600252
33764.44,ROW-min-ED(FPS),5983,169,438878,0,geod_dist_to_target,30,1.28342581308718
33764.44,ROW-min-ED(FPS),5983,169,438878,0,geod_dist_to_target,32,1.28342581308718
33764.44,ROW-min-ED(FPS),5983,11263,438878,0,geod_dist_to_target,34,1.7202879502600252
33764.44,ROW-min-ED(FPS),5983,3305,438878,0,geod_dist_to_target,36,3.5282318567488584
33764.44,ROW-min-ED(FPS),5983,3305,438878,0,geod_dist_to_target,38,3.5282318567488584
33764.44,ROW-min-ED(FPS),5983,5982,438878,0,geod_dist_to_target,40,0.5119943161671362
33764.44,ROW-min-ED(FPS),5983,3305,438878,0,geod_dist_to_target,42,3.5282318567488584
33764.44,ROW-min-ED(FPS),5983,5982,438878,0,geod_dist_to_target,44,0.5119943161671362
33764.44,ROW-min-ED(FPS),5983,11263,438878,0,geod_dist_to_target,46,1.7202879502600252
33764.44,ROW-min-ED(FPS),5983,11263,438878,0,geod_dist_to_target,48,1.7202879502600252
33764.44,ROW-min-ED(FPS),5983,11263,438878,0,geod_dist_to_target,50,1.7202879502600252
33764.44,ROW-min-ED(FPS),5983,11263,438878,0,geod_dist_to_target,55,1.7202879502600252
33764.44,ROW-min-ED(FPS),5983,11263,438878,0,geod_dist_to_target,60,1.7202879502600252
33764.44,ROW-min-ED(FPS),5983,5985,438878,0,geod_dist_to_target,65,0.4702370103112021
33764.44,ROW-min-ED(FPS),5983,11263,438878,0,geod_dist_to_target,70,1.7202879502600252
33764.44,ROW-min-ED(FPS),5983,5983,438878,0,geod_dist_to_target,75,0.0
33764.44,ROW-min-ED(FPS),5983,5983,438878,0,geod_dist_to_target,80,0.0
33764.44,ROW-min-ED(FPS),5983,5987,438878,0,geod_dist_to_target,85,0.14875433460620147
33764.44,ROW-min-ED(FPS),5983,5982,438878,0,geod_dist_to_target,90,0.5119943161671362
33764.44,ROW-min-ED(FPS),5983,5982,438878,0,geod_dist_to_target,95,0.5119943161671362
33764.44,ROW-min-ED(FPS),5983,5982,438878,0,geod_dist_to_target,100,0.5119943161671362
33764.44,ROW-min-ED(FPS),5983,12188,433015,0,geod_dist_to_target,5,35.76189327629464
33764.44,ROW-min-ED(FPS),5983,7273,433015,0,geod_dist_to_target,6,34.5175652572298
33764.44,ROW-min-ED(FPS),5983,6354,433015,0,geod_dist_to_target,7,0.7829528673423116
33764.44,ROW-min-ED(FPS),5983,9124,433015,0,geod_dist_to_target,8,0.7243505570719936
33764.44,ROW-min-ED(FPS),5983,9124,433015,0,geod_dist_to_target,9,0.7243505570719936
33764.44,ROW-min-ED(FPS),5983,5983,433015,0,geod_dist_to_target,10,0.0
33764.44,ROW-min-ED(FPS),5983,5983,433015,0,geod_dist_to_target,11,0.0
33764.44,ROW-min-ED(FPS),5983,5983,433015,0,geod_dist_to_target,12,0.0
33764.44,ROW-min-ED(FPS),5983,5983,433015,0,geod_dist_to_target,13,0.0
33764.44,ROW-min-ED(FPS),5983,8484,433015,0,geod_dist_to_target,14,0.23128259924412295
33764.44,ROW-min-ED(FPS),5983,8484,433015,0,geod_dist_to_target,15,0.23128259924412295
33764.44,ROW-min-ED(FPS),5983,5982,433015,0,geod_dist_to_target,16,0.5119943161671362
33764.44,ROW-min-ED(FPS),5983,5982,433015,0,geod_dist_to_target,17,0.5119943161671362
33764.44,ROW-min-ED(FPS),5983,5982,433015,0,geod_dist_to_target,18,0.5119943161671362
33764.44,ROW-min-ED(FPS),5983,5982,433015,0,geod_dist_to_target,19,0.5119943161671362
33764.44,ROW-min-ED(FPS),5983,7538,433015,0,geod_dist_to_target,20,0.4426840496055589
33764.44,ROW-min-ED(FPS),5983,5983,433015,0,geod_dist_to_target,22,0.0
33764.44,ROW-min-ED(FPS),5983,7537,433015,0,geod_dist_to_target,24,0.16751588878275958
33764.44,ROW-min-ED(FPS),5983,10618,433015,0,geod_dist_to_target,26,0.33925358679234946
33764.44,ROW-min-ED(FPS),5983,10618,433015,0,geod_dist_to_target,28,0.33925358679234946
33764.44,ROW-min-ED(FPS),5983,7537,433015,0,geod_dist_to_target,30,0.16751588878275958
33764.44,ROW-min-ED(FPS),5983,5983,433015,0,geod_dist_to_target,32,0.0
33764.44,ROW-min-ED(FPS),5983,5983,433015,0,geod_dist_to_target,34,0.0
33764.44,ROW-min-ED(FPS),5983,5983,433015,0,geod_dist_to_target,36,0.0
33764.44,ROW-min-ED(FPS),5983,10618,433015,0,geod_dist_to_target,38,0.33925358679234946
33764.44,ROW-min-ED(FPS),5983,10618,433015,0,geod_dist_to_target,40,0.33925358679234946
33764.44,ROW-min-ED(FPS),5983,10618,433015,0,geod_dist_to_target,42,0.33925358679234946
33764.44,ROW-min-ED(FPS),5983,10618,433015,0,geod_dist_to_target,44,0.33925358679234946
33764.44,ROW-min-ED(FPS),5983,5983,433015,0,geod_dist_to_target,46,0.0
33764.44,ROW-min-ED(FPS),5983,5983,433015,0,geod_dist_to_target,48,0.0
33764.44,ROW-min-ED(FPS),5983,5983,433015,0,geod_dist_to_target,50,0.0
33764.44,ROW-min-ED(FPS),5983,7537,433015,0,geod_dist_to_target,55,0.16751588878275958
33764.44,ROW-min-ED(FPS),5983,7537,433015,0,geod_dist_to_target,60,0.16751588878275958
33764.44,ROW-min-ED(FPS),5983,7537,433015,0,geod_dist_to_target,65,0.16751588878275958
33764.44,ROW-min-ED(FPS),5983,7537,433015,0,geod_dist_to_target,70,0.16751588878275958
33764.44,ROW-min-ED(FPS),5983,7537,433015,0,geod_dist_to_target,75,0.16751588878275958
33764.44,ROW-min-ED(FPS),5983,5983,433015,0,geod_dist_to_target,80,0.0
33764.44,ROW-min-ED(FPS),5983,7537,433015,0,geod_dist_to_target,85,0.16751588878275958
33764.44,ROW-min-ED(FPS),5983,7537,433015,0,geod_dist_to_target,90,0.16751588878275958
33764.44,ROW-min-ED(FPS),5983,7537,433015,0,geod_dist_to_target,95,0.16751588878275958
33764.44,ROW-min-ED(FPS),5983,7537,433015,0,geod_dist_to_target,100,0.16751588878275958
33764.44,ROW-min-ED(FPS),5983,11502,858597,0,geod_dist_to_target,5,2.0266479818853873
33764.44,ROW-min-ED(FPS),5983,10116,858597,0,geod_dist_to_target,6,1.6792729924689096
33764.44,ROW-min-ED(FPS),5983,1242,858597,0,geod_dist_to_target,7,16.93482777826813
33764.44,ROW-min-ED(FPS),5983,1242,858597,0,geod_dist_to_target,8,16.93482777826813
33764.44,ROW-min-ED(FPS),5983,1242,858597,0,geod_dist_to_target,9,16.93482777826813
33764.44,ROW-min-ED(FPS),5983,6671,858597,0,geod_dist_to_target,10,29.539488938808137
33764.44,ROW-min-ED(FPS),5983,4084,858597,0,geod_dist_to_target,11,0.4336323330152751
33764.44,ROW-min-ED(FPS),5983,4084,858597,0,geod_dist_to_target,12,0.4336323330152751
33764.44,ROW-min-ED(FPS),5983,5987,858597,0,geod_dist_to_target,13,0.14875433460620147
33764.44,ROW-min-ED(FPS),5983,7537,858597,0,geod_dist_to_target,14,0.16751588878275958
33764.44,ROW-min-ED(FPS),5983,3305,858597,0,geod_dist_to_target,15,3.5282318567488584
33764.44,ROW-min-ED(FPS),5983,5983,858597,0,geod_dist_to_target,16,0.0
33764.44,ROW-min-ED(FPS),5983,8484,858597,0,geod_dist_to_target,17,0.23128259924412295
33764.44,ROW-min-ED(FPS),5983,10618,858597,0,geod_dist_to_target,18,0.33925358679234946
33764.44,ROW-min-ED(FPS),5983,10618,858597,0,geod_dist_to_target,19,0.33925358679234946
33764.44,ROW-min-ED(FPS),5983,10618,858597,0,geod_dist_to_target,20,0.33925358679234946
33764.44,ROW-min-ED(FPS),5983,7538,858597,0,geod_dist_to_target,22,0.4426840496055589
33764.44,ROW-min-ED(FPS),5983,4717,858597,0,geod_dist_to_target,24,4.7136878783415534
33764.44,ROW-min-ED(FPS),5983,12327,858597,0,geod_dist_to_target,26,3.6153704271089886
33764.44,ROW-min-ED(FPS),5983,4717,858597,0,geod_dist_to_target,28,4.7136878783415534
33764.44,ROW-min-ED(FPS),5983,7538,858597,0,geod_dist_to_target,30,0.4426840496055589
33764.44,ROW-min-ED(FPS),5983,10618,858597,0,geod_dist_to_target,32,0.33925358679234946
33764.44,ROW-min-ED(FPS),5983,10618,858597,0,geod_dist_to_target,34,0.33925358679234946
33764.44,ROW-min-ED(FPS),5983,10618,858597,0,geod_dist_to_target,36,0.33925358679234946
33764.44,ROW-min-ED(FPS),5983,10618,858597,0,geod_dist_to_target,38,0.33925358679234946
33764.44,ROW-min-ED(FPS),5983,10618,858597,0,geod_dist_to_target,40,0.33925358679234946
33764.44,ROW-min-ED(FPS),5983,8484,858597,0,geod_dist_to_target,42,0.23128259924412295
33764.44,ROW-min-ED(FPS),5983,8484,858597,0,geod_dist_to_target,44,0.23128259924412295
33764.44,ROW-min-ED(FPS),5983,5983,858597,0,geod_dist_to_target,46,0.0
33764.44,ROW-min-ED(FPS),5983,5983,858597,0,geod_dist_to_target,48,0.0
33764.44,ROW-min-ED(FPS),5983,12461,858597,0,geod_dist_to_target,50,0.45239388719183316
33764.44,ROW-min-ED(FPS),5983,12461,858597,0,geod_dist_to_target,55,0.45239388719183316
33764.44,ROW-min-ED(FPS),5983,5983,858597,0,geod_dist_to_target,60,0.0
33764.44,ROW-min-ED(FPS),5983,5983,858597,0,geod_dist_to_target,65,0.0
33764.44,ROW-min-ED(FPS),5983,5983,858597,0,geod_dist_to_target,70,0.0
33764.44,ROW-min-ED(FPS),5983,5983,858597,0,geod_dist_to_target,75,0.0
33764.44,ROW-min-ED(FPS),5983,7537,858597,0,geod_dist_to_target,80,0.16751588878275958
33764.44,ROW-min-ED(FPS),5983,7537,858597,0,geod_dist_to_target,85,0.16751588878275958
33764.44,ROW-min-ED(FPS),5983,7537,858597,0,geod_dist_to_target,90,0.16751588878275958
33764.44,ROW-min-ED(FPS),5983,7537,858597,0,geod_dist_to_target,95,0.16751588878275958
33764.44,ROW-min-ED(FPS),5983,7537,858597,0,geod_dist_to_target,100,0.16751588878275958
33764.44,ROW-min-ED(FPS),5983,12352,85945,0,geod_dist_to_target,5,4.232240677653734
33764.44,ROW-min-ED(FPS),5983,11074,85945,0,geod_dist_to_target,6,34.939636280616966
33764.44,ROW-min-ED(FPS),5983,492,85945,0,geod_dist_to_target,7,9.553394795514643
33764.44,ROW-min-ED(FPS),5983,5987,85945,0,geod_dist_to_target,8,0.14875433460620147
33764.44,ROW-min-ED(FPS),5983,5987,85945,0,geod_dist_to_target,9,0.14875433460620147
33764.44,ROW-min-ED(FPS),5983,5987,85945,0,geod_dist_to_target,10,0.14875433460620147
33764.44,ROW-min-ED(FPS),5983,5985,85945,0,geod_dist_to_target,11,0.4702370103112021
33764.44,ROW-min-ED(FPS),5983,5985,85945,0,geod_dist_to_target,12,0.4702370103112021
33764.44,ROW-min-ED(FPS),5983,5959,85945,0,geod_dist_to_target,13,5.0273961753915275
33764.44,ROW-min-ED(FPS),5983,9149,85945,0,geod_dist_to_target,14,5.014715819531591
33764.44,ROW-min-ED(FPS),5983,9149,85945,0,geod_dist_to_target,15,5.014715819531591
33764.44,ROW-min-ED(FPS),5983,7537,85945,0,geod_dist_to_target,16,0.16751588878275958
33764.44,ROW-min-ED(FPS),5983,5987,85945,0,geod_dist_to_target,17,0.14875433460620147
33764.44,ROW-min-ED(FPS),5983,5987,85945,0,geod_dist_to_target,18,0.14875433460620147
33764.44,ROW-min-ED(FPS),5983,5987,85945,0,geod_dist_to_target,19,0.14875433460620147
33764.44,ROW-min-ED(FPS),5983,7537,85945,0,geod_dist_to_target,20,0.16751588878275958
33764.44,ROW-min-ED(FPS),5983,12461,85945,0,geod_dist_to_target,22,0.45239388719183316
33764.44,ROW-min-ED(FPS),5983,12461,85945,0,geod_dist_to_target,24,0.45239388719183316
33764.44,ROW-min-ED(FPS),5983,12461,85945,0,geod_dist_to_target,26,0.45239388719183316
33764.44,ROW-min-ED(FPS),5983,12461,85945,0,geod_dist_to_target,28,0.45239388719183316
33764.44,ROW-min-ED(FPS),5983,12461,85945,0,geod_dist_to_target,30,0.45239388719183316
33764.44,ROW-min-ED(FPS),5983,5983,85945,0,geod_dist_to_target,32,0.0
33764.44,ROW-min-ED(FPS),5983,5983,85945,0,geod_dist_to_target,34,0.0
33764.44,ROW-min-ED(FPS),5983,5983,85945,0,geod_dist_to_target,36,0.0
33764.44,ROW-min-ED(FPS),5983,5983,85945,0,geod_dist_to_target,38,0.0
33764.44,ROW-min-ED(FPS),5983,5983,85945,0,geod_dist_to_target,40,0.0
33764.44,ROW-min-ED(FPS),5983,5983,85945,0,geod_dist_to_target,42,0.0
33764.44,ROW-min-ED(FPS),5983,12461,85945,0,geod_dist_to_target,44,0.45239388719183316
33764.44,ROW-min-ED(FPS),5983,12461,85945,0,geod_dist_to_target,46,0.45239388719183316
33764.44,ROW-min-ED(FPS),5983,12461,85945,0,geod_dist_to_target,48,0.45239388719183316
33764.44,ROW-min-ED(FPS),5983,12461,85945,0,geod_dist_to_target,50,0.45239388719183316
33764.44,ROW-min-ED(FPS),5983,5983,85945,0,geod_dist_to_target,55,0.0
33764.44,ROW-min-ED(FPS),5983,5983,85945,0,geod_dist_to_target,60,0.0
33764.44,ROW-min-ED(FPS),5983,7537,85945,0,geod_dist_to_target,65,0.16751588878275958
33764.44,ROW-min-ED(FPS),5983,7537,85945,0,geod_dist_to_target,70,0.16751588878275958
33764.44,ROW-min-ED(FPS),5983,7537,85945,0,geod_dist_to_target,75,0.16751588878275958
33764.44,ROW-min-ED(FPS),5983,7537,85945,0,geod_dist_to_target,80,0.16751588878275958
33764.44,ROW-min-ED(FPS),5983,12461,85945,0,geod_dist_to_target,85,0.45239388719183316
33764.44,ROW-min-ED(FPS),5983,5983,85945,0,geod_dist_to_target,90,0.0
33764.44,ROW-min-ED(FPS),5983,5983,85945,0,geod_dist_to_target,95,0.0
33764.44,ROW-min-ED(FPS),5983,5983,85945,0,geod_dist_to_target,100,0.0
33764.44,ROW-min-ED(FPS),5983,1040,697368,0,geod_dist_to_target,5,3.225204619886643
33764.44,ROW-min-ED(FPS),5983,4733,697368,0,geod_dist_to_target,6,1.9723145261385564
33764.44,ROW-min-ED(FPS),5983,4733,697368,0,geod_dist_to_target,7,1.9723145261385564
33764.44,ROW-min-ED(FPS),5983,4733,697368,0,geod_dist_to_target,8,1.9723145261385564
33764.44,ROW-min-ED(FPS),5983,5979,697368,0,geod_dist_to_target,9,1.2205760676431099
33764.44,ROW-min-ED(FPS),5983,756,697368,0,geod_dist_to_target,10,0.6276745866063177
33764.44,ROW-min-ED(FPS),5983,756,697368,0,geod_dist_to_target,11,0.6276745866063177
33764.44,ROW-min-ED(FPS),5983,756,697368,0,geod_dist_to_target,12,0.6276745866063177
33764.44,ROW-min-ED(FPS),5983,2780,697368,0,geod_dist_to_target,13,0.38313914837102586
33764.44,ROW-min-ED(FPS),5983,2780,697368,0,geod_dist_to_target,14,0.38313914837102586
33764.44,ROW-min-ED(FPS),5983,2780,697368,0,geod_dist_to_target,15,0.38313914837102586
33764.44,ROW-min-ED(FPS),5983,2780,697368,0,geod_dist_to_target,16,0.38313914837102586
33764.44,ROW-min-ED(FPS),5983,8484,697368,0,geod_dist_to_target,17,0.23128259924412295
33764.44,ROW-min-ED(FPS),5983,10618,697368,0,geod_dist_to_target,18,0.33925358679234946
33764.44,ROW-min-ED(FPS),5983,10618,697368,0,geod_dist_to_target,19,0.33925358679234946
33764.44,ROW-min-ED(FPS),5983,10618,697368,0,geod_dist_to_target,20,0.33925358679234946
33764.44,ROW-min-ED(FPS),5983,10618,697368,0,geod_dist_to_target,22,0.33925358679234946
33764.44,ROW-min-ED(FPS),5983,10618,697368,0,geod_dist_to_target,24,0.33925358679234946
33764.44,ROW-min-ED(FPS),5983,7537,697368,0,geod_dist_to_target,26,0.16751588878275958
33764.44,ROW-min-ED(FPS),5983,7537,697368,0,geod_dist_to_target,28,0.16751588878275958
33764.44,ROW-min-ED(FPS),5983,7537,697368,0,geod_dist_to_target,30,0.16751588878275958
33764.44,ROW-min-ED(FPS),5983,7537,697368,0,geod_dist_to_target,32,0.16751588878275958
33764.44,ROW-min-ED(FPS),5983,7537,697368,0,geod_dist_to_target,34,0.16751588878275958
33764.44,ROW-min-ED(FPS),5983,7537,697368,0,geod_dist_to_target,36,0.16751588878275958
33764.44,ROW-min-ED(FPS),5983,7537,697368,0,geod_dist_to_target,38,0.16751588878275958
33764.44,ROW-min-ED(FPS),5983,5983,697368,0,geod_dist_to_target,40,0.0
33764.44,ROW-min-ED(FPS),5983,5983,697368,0,geod_dist_to_target,42,0.0
33764.44,ROW-min-ED(FPS),5983,5983,697368,0,geod_dist_to_target,44,0.0
33764.44,ROW-min-ED(FPS),5983,5987,697368,0,geod_dist_to_target,46,0.14875433460620147
33764.44,ROW-min-ED(FPS),5983,5987,697368,0,geod_dist_to_target,48,0.14875433460620147
33764.44,ROW-min-ED(FPS),5983,5987,697368,0,geod_dist_to_target,50,0.14875433460620147
33764.44,ROW-min-ED(FPS),5983,5987,697368,0,geod_dist_to_target,55,0.14875433460620147
33764.44,ROW-min-ED(FPS),5983,5987,697368,0,geod_dist_to_target,60,0.14875433460620147
33764.44,ROW-min-ED(FPS),5983,5987,697368,0,geod_dist_to_target,65,0.14875433460620147
33764.44,ROW-min-ED(FPS),5983,5987,697368,0,geod_dist_to_target,70,0.14875433460620147
33764.44,ROW-min-ED(FPS),5983,5987,697368,0,geod_dist_to_target,75,0.14875433460620147
33764.44,ROW-min-ED(FPS),5983,5987,697368,0,geod_dist_to_target,80,0.14875433460620147
33764.44,ROW-min-ED(FPS),5983,5987,697368,0,geod_dist_to_target,85,0.14875433460620147
33764.44,ROW-min-ED(FPS),5983,5987,697368,0,geod_dist_to_target,90,0.14875433460620147
33764.44,ROW-min-ED(FPS),5983,5987,697368,0,geod_dist_to_target,95,0.14875433460620147
33764.44,ROW-min-ED(FPS),5983,5987,697368,0,geod_dist_to_target,100,0.14875433460620147
33764.44,ROW-min-ED(FPS),5983,3213,201469,0,geod_dist_to_target,5,3.581662996582024
33764.44,ROW-min-ED(FPS),5983,10215,201469,0,geod_dist_to_target,6,2.6911529452194856
33764.44,ROW-min-ED(FPS),5983,10215,201469,0,geod_dist_to_target,7,2.6911529452194856
33764.44,ROW-min-ED(FPS),5983,10215,201469,0,geod_dist_to_target,8,2.6911529452194856
33764.44,ROW-min-ED(FPS),5983,1186,201469,0,geod_dist_to_target,9,2.195340195654131
33764.44,ROW-min-ED(FPS),5983,7259,201469,0,geod_dist_to_target,10,1.3521345105016975
33764.44,ROW-min-ED(FPS),5983,4505,201469,0,geod_dist_to_target,11,3.1275996981222725
33764.44,ROW-min-ED(FPS),5983,4505,201469,0,geod_dist_to_target,12,3.1275996981222725
33764.44,ROW-min-ED(FPS),5983,12327,201469,0,geod_dist_to_target,13,3.6153704271089886
33764.44,ROW-min-ED(FPS),5983,12327,201469,0,geod_dist_to_target,14,3.6153704271089886
33764.44,ROW-min-ED(FPS),5983,12327,201469,0,geod_dist_to_target,15,3.6153704271089886
33764.44,ROW-min-ED(FPS),5983,4505,201469,0,geod_dist_to_target,16,3.1275996981222725
33764.44,ROW-min-ED(FPS),5983,12327,201469,0,geod_dist_to_target,17,3.6153704271089886
33764.44,ROW-min-ED(FPS),5983,4717,201469,0,geod_dist_to_target,18,4.7136878783415534
33764.44,ROW-min-ED(FPS),5983,5957,201469,0,geod_dist_to_target,19,4.372391862046229
33764.44,ROW-min-ED(FPS),5983,5957,201469,0,geod_dist_to_target,20,4.372391862046229
33764.44,ROW-min-ED(FPS),5983,7538,201469,0,geod_dist_to_target,22,0.4426840496055589
33764.44,ROW-min-ED(FPS),5983,7538,201469,0,geod_dist_to_target,24,0.4426840496055589
33764.44,ROW-min-ED(FPS),5983,7538,201469,0,geod_dist_to_target,26,0.4426840496055589
33764.44,ROW-min-ED(FPS),5983,7538,201469,0,geod_dist_to_target,28,0.4426840496055589
33764.44,ROW-min-ED(FPS),5983,7538,201469,0,geod_dist_to_target,30,0.4426840496055589
33764.44,ROW-min-ED(FPS),5983,7538,201469,0,geod_dist_to_target,32,0.4426840496055589
33764.44,ROW-min-ED(FPS),5983,7538,201469,0,geod_dist_to_target,34,0.4426840496055589
33764.44,ROW-min-ED(FPS),5983,7538,201469,0,geod_dist_to_target,36,0.4426840496055589
33764.44,ROW-min-ED(FPS),5983,7538,201469,0,geod_dist_to_target,38,0.4426840496055589
33764.44,ROW-min-ED(FPS),5983,7538,201469,0,geod_dist_to_target,40,0.4426840496055589
33764.44,ROW-min-ED(FPS),5983,7538,201469,0,geod_dist_to_target,42,0.4426840496055589
33764.44,ROW-min-ED(FPS),5983,7538,201469,0,geod_dist_to_target,44,0.4426840496055589
33764.44,ROW-min-ED(FPS),5983,7538,201469,0,geod_dist_to_target,46,0.4426840496055589
33764.44,ROW-min-ED(FPS),5983,7538,201469,0,geod_dist_to_target,48,0.4426840496055589
33764.44,ROW-min-ED(FPS),5983,7538,201469,0,geod_dist_to_target,50,0.4426840496055589
33764.44,ROW-min-ED(FPS),5983,2780,201469,0,geod_dist_to_target,55,0.38313914837102586
33764.44,ROW-min-ED(FPS),5983,2780,201469,0,geod_dist_to_target,60,0.38313914837102586
33764.44,ROW-min-ED(FPS),5983,8484,201469,0,geod_dist_to_target,65,0.23128259924412295
33764.44,ROW-min-ED(FPS),5983,8484,201469,0,geod_dist_to_target,70,0.23128259924412295
33764.44,ROW-min-ED(FPS),5983,8484,201469,0,geod_dist_to_target,75,0.23128259924412295
33764.44,ROW-min-ED(FPS),5983,499,201469,0,geod_dist_to_target,80,5.334583897701716
33764.44,ROW-min-ED(FPS),5983,5983,201469,0,geod_dist_to_target,85,0.0
33764.44,ROW-min-ED(FPS),5983,499,201469,0,geod_dist_to_target,90,5.334583897701716
33764.44,ROW-min-ED(FPS),5983,499,201469,0,geod_dist_to_target,95,5.334583897701716
33764.44,ROW-min-ED(FPS),5983,499,201469,0,geod_dist_to_target,100,5.334583897701716
33764.44,ROW-min-ED(FPS),5983,5987,94177,0,geod_dist_to_target,5,0.14875433460620147
33764.44,ROW-min-ED(FPS),5983,12461,94177,0,geod_dist_to_target,6,0.45239388719183316
33764.44,ROW-min-ED(FPS),5983,12461,94177,0,geod_dist_to_target,7,0.45239388719183316
33764.44,ROW-min-ED(FPS),5983,4084,94177,0,geod_dist_to_target,8,0.4336323330152751
33764.44,ROW-min-ED(FPS),5983,12461,94177,0,geod_dist_to_target,9,0.45239388719183316
33764.44,ROW-min-ED(FPS),5983,12461,94177,0,geod_dist_to_target,10,0.45239388719183316
33764.44,ROW-min-ED(FPS),5983,12461,94177,0,geod_dist_to_target,11,0.45239388719183316
33764.44,ROW-min-ED(FPS),5983,12461,94177,0,geod_dist_to_target,12,0.45239388719183316
33764.44,ROW-min-ED(FPS),5983,12461,94177,0,geod_dist_to_target,13,0.45239388719183316
33764.44,ROW-min-ED(FPS),5983,12461,94177,0,geod_dist_to_target,14,0.45239388719183316
33764.44,ROW-min-ED(FPS),5983,12461,94177,0,geod_dist_to_target,15,0.45239388719183316
33764.44,ROW-min-ED(FPS),5983,12461,94177,0,geod_dist_to_target,16,0.45239388719183316
33764.44,ROW-min-ED(FPS),5983,12461,94177,0,geod_dist_to_target,17,0.45239388719183316
33764.44,ROW-min-ED(FPS),5983,12461,94177,0,geod_dist_to_target,18,0.45239388719183316
33764.44,ROW-min-ED(FPS),5983,12461,94177,0,geod_dist_to_target,19,0.45239388719183316
33764.44,ROW-min-ED(FPS),5983,7537,94177,0,geod_dist_to_target,20,0.16751588878275958
33764.44,ROW-min-ED(FPS),5983,7537,94177,0,geod_dist_to_target,22,0.16751588878275958
33764.44,ROW-min-ED(FPS),5983,7537,94177,0,geod_dist_to_target,24,0.16751588878275958
33764.44,ROW-min-ED(FPS),5983,2483,94177,0,geod_dist_to_target,26,0.9191736089149836
33764.44,ROW-min-ED(FPS),5983,2483,94177,0,geod_dist_to_target,28,0.9191736089149836
33764.44,ROW-min-ED(FPS),5983,2483,94177,0,geod_dist_to_target,30,0.9191736089149836
33764.44,ROW-min-ED(FPS),5983,7564,94177,0,geod_dist_to_target,32,0.6938234922285013
33764.44,ROW-min-ED(FPS),5983,2483,94177,0,geod_dist_to_target,34,0.9191736089149836
33764.44,ROW-min-ED(FPS),5983,2483,94177,0,geod_dist_to_target,36,0.9191736089149836
33764.44,ROW-min-ED(FPS),5983,7537,94177,0,geod_dist_to_target,38,0.16751588878275958
33764.44,ROW-min-ED(FPS),5983,7537,94177,0,geod_dist_to_target,40,0.16751588878275958
33764.44,ROW-min-ED(FPS),5983,5983,94177,0,geod_dist_to_target,42,0.0
33764.44,ROW-min-ED(FPS),5983,12461,94177,0,geod_dist_to_target,44,0.45239388719183316
33764.44,ROW-min-ED(FPS),5983,12461,94177,0,geod_dist_to_target,46,0.45239388719183316
33764.44,ROW-min-ED(FPS),5983,12461,94177,0,geod_dist_to_target,48,0.45239388719183316
33764.44,ROW-min-ED(FPS),5983,12461,94177,0,geod_dist_to_target,50,0.45239388719183316
33764.44,ROW-min-ED(FPS),5983,12461,94177,0,geod_dist_to_target,55,0.45239388719183316
33764.44,ROW-min-ED(FPS),5983,12461,94177,0,geod_dist_to_target,60,0.45239388719183316
33764.44,ROW-min-ED(FPS),5983,12461,94177,0,geod_dist_to_target,65,0.45239388719183316
33764.44,ROW-min-ED(FPS),5983,12461,94177,0,geod_dist_to_target,70,0.45239388719183316
33764.44,ROW-min-ED(FPS),5983,12461,94177,0,geod_dist_to_target,75,0.45239388719183316
33764.44,ROW-min-ED(FPS),5983,5987,94177,0,geod_dist_to_target,80,0.14875433460620147
33764.44,ROW-min-ED(FPS),5983,12461,94177,0,geod_dist_to_target,85,0.45239388719183316
33764.44,ROW-min-ED(FPS),5983,5983,94177,0,geod_dist_to_target,90,0.0
33764.44,ROW-min-ED(FPS),5983,12461,94177,0,geod_dist_to_target,95,0.45239388719183316
33764.44,ROW-min-ED(FPS),5983,12461,94177,0,geod_dist_to_target,100,0.45239388719183316
33764.44,COL-mean-ED,5983,3702,89250,0,geod_dist_to_target,5,17.37629908733452
33764.44,COL-mean-ED,5983,2200,89250,0,geod_dist_to_target,6,34.902199118256156
33764.44,COL-mean-ED,5983,9671,89250,0,geod_dist_to_target,7,32.73411538152682
33764.44,COL-mean-ED,5983,3621,89250,0,geod_dist_to_target,8,43.53562445673335
33764.44,COL-mean-ED,5983,11114,89250,0,geod_dist_to_target,9,31.732517381029457
33764.44,COL-mean-ED,5983,11114,89250,0,geod_dist_to_target,10,31.732517381029457
33764.44,COL-mean-ED,5983,11114,89250,0,geod_dist_to_target,11,31.732517381029457
33764.44,COL-mean-ED,5983,6589,89250,0,geod_dist_to_target,12,3.745101872691881
33764.44,COL-mean-ED,5983,1714,89250,0,geod_dist_to_target,13,3.092366485713594
33764.44,COL-mean-ED,5983,1714,89250,0,geod_dist_to_target,14,3.092366485713594
33764.44,COL-mean-ED,5983,1714,89250,0,geod_dist_to_target,15,3.092366485713594
33764.44,COL-mean-ED,5983,1714,89250,0,geod_dist_to_target,16,3.092366485713594
33764.44,COL-mean-ED,5983,1714,89250,0,geod_dist_to_target,17,3.092366485713594
33764.44,COL-mean-ED,5983,6523,89250,0,geod_dist_to_target,18,4.4362323665888965
33764.44,COL-mean-ED,5983,6208,89250,0,geod_dist_to_target,19,2.125221578892161
33764.44,COL-mean-ED,5983,11952,89250,0,geod_dist_to_target,20,1.4432440174222272
33764.44,COL-mean-ED,5983,11213,89250,0,geod_dist_to_target,22,7.016893178583164
33764.44,COL-mean-ED,5983,11213,89250,0,geod_dist_to_target,24,7.016893178583164
33764.44,COL-mean-ED,5983,11213,89250,0,geod_dist_to_target,26,7.016893178583164
33764.44,COL-mean-ED,5983,11213,89250,0,geod_dist_to_target,28,7.016893178583164
33764.44,COL-mean-ED,5983,11213,89250,0,geod_dist_to_target,30,7.016893178583164
33764.44,COL-mean-ED,5983,2104,89250,0,geod_dist_to_target,32,0.8494817018879054
33764.44,COL-mean-ED,5983,12461,89250,0,geod_dist_to_target,34,0.45239388719183316
33764.44,COL-mean-ED,5983,2104,89250,0,geod_dist_to_target,36,0.8494817018879054
33764.44,COL-mean-ED,5983,12461,89250,0,geod_dist_to_target,38,0.45239388719183316
33764.44,COL-mean-ED,5983,12461,89250,0,geod_dist_to_target,40,0.45239388719183316
33764.44,COL-mean-ED,5983,6728,89250,0,geod_dist_to_target,42,4.196318995933011
33764.44,COL-mean-ED,5983,6728,89250,0,geod_dist_to_target,44,4.196318995933011
33764.44,COL-mean-ED,5983,6728,89250,0,geod_dist_to_target,46,4.196318995933011
33764.44,COL-mean-ED,5983,6723,89250,0,geod_dist_to_target,48,3.601150593460273
33764.44,COL-mean-ED,5983,6723,89250,0,geod_dist_to_target,50,3.601150593460273
33764.44,COL-mean-ED,5983,4542,89250,0,geod_dist_to_target,55,4.440870406657651
33764.44,COL-mean-ED,5983,3029,89250,0,geod_dist_to_target,60,1.0669524779254604
33764.44,COL-mean-ED,5983,9795,89250,0,geod_dist_to_target,65,4.123026492814799
33764.44,COL-mean-ED,5983,9795,89250,0,geod_dist_to_target,70,4.123026492814799
33764.44,COL-mean-ED,5983,9795,89250,0,geod_dist_to_target,75,4.123026492814799
33764.44,COL-mean-ED,5983,6728,89250,0,geod_dist_to_target,80,4.196318995933011
33764.44,COL-mean-ED,5983,6728,89250,0,geod_dist_to_target,85,4.196318995933011
33764.44,COL-mean-ED,5983,9795,89250,0,geod_dist_to_target,90,4.123026492814799
33764.44,COL-mean-ED,5983,9795,89250,0,geod_dist_to_target,95,4.123026492814799
33764.44,COL-mean-ED,5983,9795,89250,0,geod_dist_to_target,100,4.123026492814799
33764.44,COL-mean-ED,5983,5240,773956,0,geod_dist_to_target,5,17.608553392159084
33764.44,COL-mean-ED,5983,12468,773956,0,geod_dist_to_target,6,25.805529372065223
33764.44,COL-mean-ED,5983,4225,773956,0,geod_dist_to_target,7,33.733361556349195
33764.44,COL-mean-ED,5983,3702,773956,0,geod_dist_to_target,8,17.37629908733452
33764.44,COL-mean-ED,5983,3702,773956,0,geod_dist_to_target,9,17.37629908733452
33764.44,COL-mean-ED,5983,6758,773956,0,geod_dist_to_target,10,6.115798905225268
33764.44,COL-mean-ED,5983,10035,773956,0,geod_dist_to_target,11,33.41848779133118
33764.44,COL-mean-ED,5983,3404,773956,0,geod_dist_to_target,12,42.93549436145425
33764.44,COL-mean-ED,5983,5913,773956,0,geod_dist_to_target,13,5.16761414206296
33764.44,COL-mean-ED,5983,5913,773956,0,geod_dist_to_target,14,5.16761414206296
33764.44,COL-mean-ED,5983,5913,773956,0,geod_dist_to_target,15,5.16761414206296
33764.44,COL-mean-ED,5983,5913,773956,0,geod_dist_to_target,16,5.16761414206296
33764.44,COL-mean-ED,5983,5913,773956,0,geod_dist_to_target,17,5.16761414206296
33764.44,COL-mean-ED,5983,6217,773956,0,geod_dist_to_target,18,2.990394416099278
33764.44,COL-mean-ED,5983,6217,773956,0,geod_dist_to_target,19,2.990394416099278
33764.44,COL-mean-ED,5983,11184,773956,0,geod_dist_to_target,20,2.59414724133331
33764.44,COL-mean-ED,5983,11184,773956,0,geod_dist_to_target,22,2.59414724133331
33764.44,COL-mean-ED,5983,11502,773956,0,geod_dist_to_target,24,2.0266479818853873
33764.44,COL-mean-ED,5983,11184,773956,0,geod_dist_to_target,26,2.59414724133331
33764.44,COL-mean-ED,5983,11184,773956,0,geod_dist_to_target,28,2.59414724133331
33764.44,COL-mean-ED,5983,11184,773956,0,geod_dist_to_target,30,2.59414724133331
33764.44,COL-mean-ED,5983,11184,773956,0,geod_dist_to_target,32,2.59414724133331
33764.44,COL-mean-ED,5983,11184,773956,0,geod_dist_to_target,34,2.59414724133331
33764.44,COL-mean-ED,5983,11184,773956,0,geod_dist_to_target,36,2.59414724133331
33764.44,COL-mean-ED,5983,9448,773956,0,geod_dist_to_target,38,2.282332400231057
33764.44,COL-mean-ED,5983,6299,773956,0,geod_dist_to_target,40,2.2702955359956456
33764.44,COL-mean-ED,5983,6299,773956,0,geod_dist_to_target,42,2.2702955359956456
33764.44,COL-mean-ED,5983,6299,773956,0,geod_dist_to_target,44,2.2702955359956456
33764.44,COL-mean-ED,5983,6299,773956,0,geod_dist_to_target,46,2.2702955359956456
33764.44,COL-mean-ED,5983,6216,773956,0,geod_dist_to_target,48,2.315436623840125
33764.44,COL-mean-ED,5983,6216,773956,0,geod_dist_to_target,50,2.315436623840125
33764.44,COL-mean-ED,5983,2138,773956,0,geod_dist_to_target,55,2.6875436310647456
33764.44,COL-mean-ED,5983,10541,773956,0,geod_dist_to_target,60,2.068514378624252
33764.44,COL-mean-ED,5983,2138,773956,0,geod_dist_to_target,65,2.6875436310647456
33764.44,COL-mean-ED,5983,9448,773956,0,geod_dist_to_target,70,2.282332400231057
33764.44,COL-mean-ED,5983,10541,773956,0,geod_dist_to_target,75,2.068514378624252
33764.44,COL-mean-ED,5983,10541,773956,0,geod_dist_to_target,80,2.068514378624252
33764.44,COL-mean-ED,5983,10541,773956,0,geod_dist_to_target,85,2.068514378624252
33764.44,COL-mean-ED,5983,10541,773956,0,geod_dist_to_target,90,2.068514378624252
33764.44,COL-mean-ED,5983,3001,773956,0,geod_dist_to_target,95,1.3607795684798007
33764.44,COL-mean-ED,5983,3001,773956,0,geod_dist_to_target,100,1.3607795684798007
33764.44,COL-mean-ED,5983,6215,654571,0,geod_dist_to_target,5,3.0781682126256062
33764.44,COL-mean-ED,5983,9782,654571,0,geod_dist_to_target,6,3.3785008288144636
33764.44,COL-mean-ED,5983,9782,654571,0,geod_dist_to_target,7,3.3785008288144636
33764.44,COL-mean-ED,5983,9341,654571,0,geod_dist_to_target,8,35.1188561525985
33764.44,COL-mean-ED,5983,1169,654571,0,geod_dist_to_target,9,3.486549289964005
33764.44,COL-mean-ED,5983,8670,654571,0,geod_dist_to_target,10,21.18614239334841
33764.44,COL-mean-ED,5983,8670,654571,0,geod_dist_to_target,11,21.18614239334841
33764.44,COL-mean-ED,5983,8670,654571,0,geod_dist_to_target,12,21.18614239334841
33764.44,COL-mean-ED,5983,3893,654571,0,geod_dist_to_target,13,54.89202392098446
33764.44,COL-mean-ED,5983,3893,654571,0,geod_dist_to_target,14,54.89202392098446
33764.44,COL-mean-ED,5983,3893,654571,0,geod_dist_to_target,15,54.89202392098446
33764.44,COL-mean-ED,5983,9077,654571,0,geod_dist_to_target,16,25.65287324678694
33764.44,COL-mean-ED,5983,9077,654571,0,geod_dist_to_target,17,25.65287324678694
33764.44,COL-mean-ED,5983,7436,654571,0,geod_dist_to_target,18,3.3326906221380335
33764.44,COL-mean-ED,5983,7436,654571,0,geod_dist_to_target,19,3.3326906221380335
33764.44,COL-mean-ED,5983,2408,654571,0,geod_dist_to_target,20,26.495272449445622
33764.44,COL-mean-ED,5983,5951,654571,0,geod_dist_to_target,22,21.457862690813727
33764.44,COL-mean-ED,5983,5951,654571,0,geod_dist_to_target,24,21.457862690813727
33764.44,COL-mean-ED,5983,2408,654571,0,geod_dist_to_target,26,26.495272449445622
33764.44,COL-mean-ED,5983,10840,654571,0,geod_dist_to_target,28,24.385215416414383
33764.44,COL-mean-ED,5983,10840,654571,0,geod_dist_to_target,30,24.385215416414383
33764.44,COL-mean-ED,5983,10840,654571,0,geod_dist_to_target,32,24.385215416414383
33764.44,COL-mean-ED,5983,1362,654571,0,geod_dist_to_target,34,7.780031966140413
33764.44,COL-mean-ED,5983,1362,654571,0,geod_dist_to_target,36,7.780031966140413
33764.44,COL-mean-ED,5983,10840,654571,0,geod_dist_to_target,38,24.385215416414383
33764.44,COL-mean-ED,5983,10840,654571,0,geod_dist_to_target,40,24.385215416414383
33764.44,COL-mean-ED,5983,10840,654571,0,geod_dist_to_target,42,24.385215416414383
33764.44,COL-mean-ED,5983,10840,654571,0,geod_dist_to_target,44,24.385215416414383
33764.44,COL-mean-ED,5983,10840,654571,0,geod_dist_to_target,46,24.385215416414383
33764.44,COL-mean-ED,5983,10840,654571,0,geod_dist_to_target,48,24.385215416414383
33764.44,COL-mean-ED,5983,202,654571,0,geod_dist_to_target,50,3.982391359147916
33764.44,COL-mean-ED,5983,12052,654571,0,geod_dist_to_target,55,4.717976476214495
33764.44,COL-mean-ED,5983,6940,654571,0,geod_dist_to_target,60,6.033299224368477
33764.44,COL-mean-ED,5983,6940,654571,0,geod_dist_to_target,65,6.033299224368477
33764.44,COL-mean-ED,5983,6940,654571,0,geod_dist_to_target,70,6.033299224368477
33764.44,COL-mean-ED,5983,6744,654571,0,geod_dist_to_target,75,4.924657136334165
33764.44,COL-mean-ED,5983,6744,654571,0,geod_dist_to_target,80,4.924657136334165
33764.44,COL-mean-ED,5983,12382,654571,0,geod_dist_to_target,85,3.6280951661282437
33764.44,COL-mean-ED,5983,6744,654571,0,geod_dist_to_target,90,4.924657136334165
33764.44,COL-mean-ED,5983,8253,654571,0,geod_dist_to_target,95,3.615359655453556
33764.44,COL-mean-ED,5983,8253,654571,0,geod_dist_to_target,100,3.615359655453556
33764.44,COL-mean-ED,5983,5538,438878,0,geod_dist_to_target,5,33.139152892039256
33764.44,COL-mean-ED,5983,6404,438878,0,geod_dist_to_target,6,2.9989408279147107
33764.44,COL-mean-ED,5983,6404,438878,0,geod_dist_to_target,7,2.9989408279147107
33764.44,COL-mean-ED,5983,6404,438878,0,geod_dist_to_target,8,2.9989408279147107
33764.44,COL-mean-ED,5983,4586,438878,0,geod_dist_to_target,9,46.262842822977575
33764.44,COL-mean-ED,5983,4586,438878,0,geod_dist_to_target,10,46.262842822977575
33764.44,COL-mean-ED,5983,4586,438878,0,geod_dist_to_target,11,46.262842822977575
33764.44,COL-mean-ED,5983,4586,438878,0,geod_dist_to_target,12,46.262842822977575
33764.44,COL-mean-ED,5983,7315,438878,0,geod_dist_to_target,13,8.855327499106824
33764.44,COL-mean-ED,5983,7315,438878,0,geod_dist_to_target,14,8.855327499106824
33764.44,COL-mean-ED,5983,7249,438878,0,geod_dist_to_target,15,10.11713982843424
33764.44,COL-mean-ED,5983,5915,438878,0,geod_dist_to_target,16,13.797712129891927
33764.44,COL-mean-ED,5983,1641,438878,0,geod_dist_to_target,17,13.71990263283618
33764.44,COL-mean-ED,5983,1641,438878,0,geod_dist_to_target,18,13.71990263283618
33764.44,COL-mean-ED,5983,2724,438878,0,geod_dist_to_target,19,13.978365169686251
33764.44,COL-mean-ED,5983,2783,438878,0,geod_dist_to_target,20,46.4603536307456
33764.44,COL-mean-ED,5983,4481,438878,0,geod_dist_to_target,22,35.82838115045485
33764.44,COL-mean-ED,5983,4439,438878,0,geod_dist_to_target,24,39.16227848549551
33764.44,COL-mean-ED,5983,1520,438878,0,geod_dist_to_target,26,45.17823817513892
33764.44,COL-mean-ED,5983,4439,438878,0,geod_dist_to_target,28,39.16227848549551
33764.44,COL-mean-ED,5983,4439,438878,0,geod_dist_to_target,30,39.16227848549551
33764.44,COL-mean-ED,5983,4439,438878,0,geod_dist_to_target,32,39.16227848549551
33764.44,COL-mean-ED,5983,10215,438878,0,geod_dist_to_target,34,2.6911529452194856
33764.44,COL-mean-ED,5983,10215,438878,0,geod_dist_to_target,36,2.6911529452194856
33764.44,COL-mean-ED,5983,5966,438878,0,geod_dist_to_target,38,3.7670664053919487
33764.44,COL-mean-ED,5983,5966,438878,0,geod_dist_to_target,40,3.7670664053919487
33764.44,COL-mean-ED,5983,5966,438878,0,geod_dist_to_target,42,3.7670664053919487
33764.44,COL-mean-ED,5983,5966,438878,0,geod_dist_to_target,44,3.7670664053919487
33764.44,COL-mean-ED,5983,5966,438878,0,geod_dist_to_target,46,3.7670664053919487
33764.44,COL-mean-ED,5983,11505,438878,0,geod_dist_to_target,48,2.731643835775626
33764.44,COL-mean-ED,5983,11505,438878,0,geod_dist_to_target,50,2.731643835775626
33764.44,COL-mean-ED,5983,5966,438878,0,geod_dist_to_target,55,3.7670664053919487
33764.44,COL-mean-ED,5983,3213,438878,0,geod_dist_to_target,60,3.581662996582024
33764.44,COL-mean-ED,5983,5966,438878,0,geod_dist_to_target,65,3.7670664053919487
33764.44,COL-mean-ED,5983,5966,438878,0,geod_dist_to_target,70,3.7670664053919487
33764.44,COL-mean-ED,5983,5966,438878,0,geod_dist_to_target,75,3.7670664053919487
33764.44,COL-mean-ED,5983,5966,438878,0,geod_dist_to_target,80,3.7670664053919487
33764.44,COL-mean-ED,5983,10618,438878,0,geod_dist_to_target,85,0.33925358679234946
33764.44,COL-mean-ED,5983,10618,438878,0,geod_dist_to_target,90,0.33925358679234946
33764.44,COL-mean-ED,5983,7537,438878,0,geod_dist_to_target,95,0.16751588878275958
33764.44,COL-mean-ED,5983,5957,438878,0,geod_dist_to_target,100,4.372391862046229
33764.44,COL-mean-ED,5983,3386,433015,0,geod_dist_to_target,5,44.04316106398858
33764.44,COL-mean-ED,5983,10557,433015,0,geod_dist_to_target,6,53.946909016032855
33764.44,COL-mean-ED,5983,10557,433015,0,geod_dist_to_target,7,53.946909016032855
33764.44,COL-mean-ED,5983,10557,433015,0,geod_dist_to_target,8,53.946909016032855
33764.44,COL-mean-ED,5983,5913,433015,0,geod_dist_to_target,9,5.16761414206296
33764.44,COL-mean-ED,5983,2380,433015,0,geod_dist_to_target,10,21.53316367276773
33764.44,COL-mean-ED,5983,1226,433015,0,geod_dist_to_target,11,23.46251888835627
33764.44,COL-mean-ED,5983,11577,433015,0,geod_dist_to_target,12,33.10359657678533
33764.44,COL-mean-ED,5983,2620,433015,0,geod_dist_to_target,13,28.9852946092047
33764.44,COL-mean-ED,5983,2620,433015,0,geod_dist_to_target,14,28.9852946092047
33764.44,COL-mean-ED,5983,2620,433015,0,geod_dist_to_target,15,28.9852946092047
33764.44,COL-mean-ED,5983,5501,433015,0,geod_dist_to_target,16,27.341733081727437
33764.44,COL-mean-ED,5983,5501,433015,0,geod_dist_to_target,17,27.341733081727437
33764.44,COL-mean-ED,5983,5501,433015,0,geod_dist_to_target,18,27.341733081727437
33764.44,COL-mean-ED,5983,3441,433015,0,geod_dist_to_target,19,32.19938437098761
33764.44,COL-mean-ED,5983,3441,433015,0,geod_dist_to_target,20,32.19938437098761
33764.44,COL-mean-ED,5983,3441,433015,0,geod_dist_to_target,22,32.19938437098761
33764.44,COL-mean-ED,5983,3441,433015,0,geod_dist_to_target,24,32.19938437098761
33764.44,COL-mean-ED,5983,5501,433015,0,geod_dist_to_target,26,27.341733081727437
33764.44,COL-mean-ED,5983,5501,433015,0,geod_dist_to_target,28,27.341733081727437
33764.44,COL-mean-ED,5983,5501,433015,0,geod_dist_to_target,30,27.341733081727437
33764.44,COL-mean-ED,5983,1168,433015,0,geod_dist_to_target,32,30.190522873039384
33764.44,COL-mean-ED,5983,10348,433015,0,geod_dist_to_target,34,30.940656482153145
33764.44,COL-mean-ED,5983,10348,433015,0,geod_dist_to_target,36,30.940656482153145
33764.44,COL-mean-ED,5983,1605,433015,0,geod_dist_to_target,38,29.868516620096205
33764.44,COL-mean-ED,5983,11225,433015,0,geod_dist_to_target,40,28.38258179721565
33764.44,COL-mean-ED,5983,3455,433015,0,geod_dist_to_target,42,5.725011245953163
33764.44,COL-mean-ED,5983,3455,433015,0,geod_dist_to_target,44,5.725011245953163
33764.44,COL-mean-ED,5983,3455,433015,0,geod_dist_to_target,46,5.725011245953163
33764.44,COL-mean-ED,5983,5957,433015,0,geod_dist_to_target,48,4.372391862046229
33764.44,COL-mean-ED,5983,5957,433015,0,geod_dist_to_target,50,4.372391862046229
33764.44,COL-mean-ED,5983,12327,433015,0,geod_dist_to_target,55,3.6153704271089886
33764.44,COL-mean-ED,5983,3455,433015,0,geod_dist_to_target,60,5.725011245953163
33764.44,COL-mean-ED,5983,5957,433015,0,geod_dist_to_target,65,4.372391862046229
33764.44,COL-mean-ED,5983,12327,433015,0,geod_dist_to_target,70,3.6153704271089886
33764.44,COL-mean-ED,5983,7259,433015,0,geod_dist_to_target,75,1.3521345105016975
33764.44,COL-mean-ED,5983,8585,433015,0,geod_dist_to_target,80,1.0077340930379142
33764.44,COL-mean-ED,5983,3455,433015,0,geod_dist_to_target,85,5.725011245953163
33764.44,COL-mean-ED,5983,756,433015,0,geod_dist_to_target,90,0.6276745866063177
33764.44,COL-mean-ED,5983,5966,433015,0,geod_dist_to_target,95,3.7670664053919487
33764.44,COL-mean-ED,5983,2780,433015,0,geod_dist_to_target,100,0.38313914837102586
33764.44,COL-mean-ED,5983,9236,858597,0,geod_dist_to_target,5,37.266290003230544
33764.44,COL-mean-ED,5983,6001,858597,0,geod_dist_to_target,6,28.236895025346723
33764.44,COL-mean-ED,5983,104,858597,0,geod_dist_to_target,7,38.54798005465807
33764.44,COL-mean-ED,5983,104,858597,0,geod_dist_to_target,8,38.54798005465807
33764.44,COL-mean-ED,5983,6671,858597,0,geod_dist_to_target,9,29.539488938808137
33764.44,COL-mean-ED,5983,1597,858597,0,geod_dist_to_target,10,7.626161559242088
33764.44,COL-mean-ED,5983,1597,858597,0,geod_dist_to_target,11,7.626161559242088
33764.44,COL-mean-ED,5983,6811,858597,0,geod_dist_to_target,12,23.74520395649037
33764.44,COL-mean-ED,5983,12212,858597,0,geod_dist_to_target,13,22.795932014582064
33764.44,COL-mean-ED,5983,12212,858597,0,geod_dist_to_target,14,22.795932014582064
33764.44,COL-mean-ED,5983,12212,858597,0,geod_dist_to_target,15,22.795932014582064
33764.44,COL-mean-ED,5983,6143,858597,0,geod_dist_to_target,16,8.140934874086756
33764.44,COL-mean-ED,5983,11213,858597,0,geod_dist_to_target,17,7.016893178583164
33764.44,COL-mean-ED,5983,11213,858597,0,geod_dist_to_target,18,7.016893178583164
33764.44,COL-mean-ED,5983,11213,858597,0,geod_dist_to_target,19,7.016893178583164
33764.44,COL-mean-ED,5983,11213,858597,0,geod_dist_to_target,20,7.016893178583164
33764.44,COL-mean-ED,5983,11213,858597,0,geod_dist_to_target,22,7.016893178583164
33764.44,COL-mean-ED,5983,11213,858597,0,geod_dist_to_target,24,7.016893178583164
33764.44,COL-mean-ED,5983,11213,858597,0,geod_dist_to_target,26,7.016893178583164
33764.44,COL-mean-ED,5983,11213,858597,0,geod_dist_to_target,28,7.016893178583164
33764.44,COL-mean-ED,5983,11213,858597,0,geod_dist_to_target,30,7.016893178583164
33764.44,COL-mean-ED,5983,11445,858597,0,geod_dist_to_target,32,29.166719994463666
33764.44,COL-mean-ED,5983,4165,858597,0,geod_dist_to_target,34,32.35362125656984
33764.44,COL-mean-ED,5983,5514,858597,0,geod_dist_to_target,36,30.63134048234579
33764.44,COL-mean-ED,5983,5514,858597,0,geod_dist_to_target,38,30.63134048234579
33764.44,COL-mean-ED,5983,5514,858597,0,geod_dist_to_target,40,30.63134048234579
33764.44,COL-mean-ED,5983,5514,858597,0,geod_dist_to_target,42,30.63134048234579
33764.44,COL-mean-ED,5983,5514,858597,0,geod_dist_to_target,44,30.63134048234579
33764.44,COL-mean-ED,5983,2104,858597,0,geod_dist_to_target,46,0.8494817018879054
33764.44,COL-mean-ED,5983,2104,858597,0,geod_dist_to_target,48,0.8494817018879054
33764.44,COL-mean-ED,5983,2104,858597,0,geod_dist_to_target,50,0.8494817018879054
33764.44,COL-mean-ED,5983,2104,858597,0,geod_dist_to_target,55,0.8494817018879054
33764.44,COL-mean-ED,5983,2104,858597,0,geod_dist_to_target,60,0.8494817018879054
33764.44,COL-mean-ED,5983,2104,858597,0,geod_dist_to_target,65,0.8494817018879054
33764.44,COL-mean-ED,5983,12461,858597,0,geod_dist_to_target,70,0.45239388719183316
33764.44,COL-mean-ED,5983,12461,858597,0,geod_dist_to_target,75,0.45239388719183316
33764.44,COL-mean-ED,5983,12461,858597,0,geod_dist_to_target,80,0.45239388719183316
33764.44,COL-mean-ED,5983,5982,858597,0,geod_dist_to_target,85,0.5119943161671362
33764.44,COL-mean-ED,5983,5982,858597,0,geod_dist_to_target,90,0.5119943161671362
33764.44,COL-mean-ED,5983,5982,858597,0,geod_dist_to_target,95,0.5119943161671362
33764.44,COL-mean-ED,5983,5982,858597,0,geod_dist_to_target,100,0.5119943161671362
33764.44,COL-mean-ED,5983,11515,85945,0,geod_dist_to_target,5,35.802884776596095
33764.44,COL-mean-ED,5983,1863,85945,0,geod_dist_to_target,6,17.444525361234408
33764.44,COL-mean-ED,5983,4025,85945,0,geod_dist_to_target,7,27.74739095841474
33764.44,COL-mean-ED,5983,4225,85945,0,geod_dist_to_target,8,33.733361556349195
33764.44,COL-mean-ED,5983,1863,85945,0,geod_dist_to_target,9,17.444525361234408
33764.44,COL-mean-ED,5983,1863,85945,0,geod_dist_to_target,10,17.444525361234408
33764.44,COL-mean-ED,5983,11938,85945,0,geod_dist_to_target,11,23.302718750055988
33764.44,COL-mean-ED,5983,12250,85945,0,geod_dist_to_target,12,28.328134823345973
33764.44,COL-mean-ED,5983,10541,85945,0,geod_dist_to_target,13,2.068514378624252
33764.44,COL-mean-ED,5983,10541,85945,0,geod_dist_to_target,14,2.068514378624252
33764.44,COL-mean-ED,5983,10541,85945,0,geod_dist_to_target,15,2.068514378624252
33764.44,COL-mean-ED,5983,10218,85945,0,geod_dist_to_target,16,35.51261187134825
33764.44,COL-mean-ED,5983,10218,85945,0,geod_dist_to_target,17,35.51261187134825
33764.44,COL-mean-ED,5983,10218,85945,0,geod_dist_to_target,18,35.51261187134825
33764.44,COL-mean-ED,5983,10218,85945,0,geod_dist_to_target,19,35.51261187134825
33764.44,COL-mean-ED,5983,10218,85945,0,geod_dist_to_target,20,35.51261187134825
33764.44,COL-mean-ED,5983,9541,85945,0,geod_dist_to_target,22,35.50453265057585
33764.44,COL-mean-ED,5983,9541,85945,0,geod_dist_to_target,24,35.50453265057585
33764.44,COL-mean-ED,5983,10218,85945,0,geod_dist_to_target,26,35.51261187134825
33764.44,COL-mean-ED,5983,9541,85945,0,geod_dist_to_target,28,35.50453265057585
33764.44,COL-mean-ED,5983,9541,85945,0,geod_dist_to_target,30,35.50453265057585
33764.44,COL-mean-ED,5983,9541,85945,0,geod_dist_to_target,32,35.50453265057585
33764.44,COL-mean-ED,5983,9541,85945,0,geod_dist_to_target,34,35.50453265057585
33764.44,COL-mean-ED,5983,9541,85945,0,geod_dist_to_target,36,35.50453265057585
33764.44,COL-mean-ED,5983,9541,85945,0,geod_dist_to_target,38,35.50453265057585
33764.44,COL-mean-ED,5983,9541,85945,0,geod_dist_to_target,40,35.50453265057585
33764.44,COL-mean-ED,5983,9541,85945,0,geod_dist_to_target,42,35.50453265057585
33764.44,COL-mean-ED,5983,9541,85945,0,geod_dist_to_target,44,35.50453265057585
33764.44,COL-mean-ED,5983,9541,85945,0,geod_dist_to_target,46,35.50453265057585
33764.44,COL-mean-ED,5983,9541,85945,0,geod_dist_to_target,48,35.50453265057585
33764.44,COL-mean-ED,5983,9541,85945,0,geod_dist_to_target,50,35.50453265057585
33764.44,COL-mean-ED,5983,9541,85945,0,geod_dist_to_target,55,35.50453265057585
33764.44,COL-mean-ED,5983,9541,85945,0,geod_dist_to_target,60,35.50453265057585
33764.44,COL-mean-ED,5983,9541,85945,0,geod_dist_to_target,65,35.50453265057585
33764.44,COL-mean-ED,5983,9541,85945,0,geod_dist_to_target,70,35.50453265057585
33764.44,COL-mean-ED,5983,9541,85945,0,geod_dist_to_target,75,35.50453265057585
33764.44,COL-mean-ED,5983,9541,85945,0,geod_dist_to_target,80,35.50453265057585
33764.44,COL-mean-ED,5983,6328,85945,0,geod_dist_to_target,85,35.208710083304375
33764.44,COL-mean-ED,5983,6328,85945,0,geod_dist_to_target,90,35.208710083304375
33764.44,COL-mean-ED,5983,6328,85945,0,geod_dist_to_target,95,35.208710083304375
33764.44,COL-mean-ED,5983,6328,85945,0,geod_dist_to_target,100,35.208710083304375
33764.44,COL-mean-ED,5983,6163,697368,0,geod_dist_to_target,5,3.5594170470406516
33764.44,COL-mean-ED,5983,6164,697368,0,geod_dist_to_target,6,4.626421777777051
33764.44,COL-mean-ED,5983,7558,697368,0,geod_dist_to_target,7,31.870087659216413
33764.44,COL-mean-ED,5983,7558,697368,0,geod_dist_to_target,8,31.870087659216413
33764.44,COL-mean-ED,5983,1098,697368,0,geod_dist_to_target,9,35.448206899124465
33764.44,COL-mean-ED,5983,2718,697368,0,geod_dist_to_target,10,43.55122209016553
33764.44,COL-mean-ED,5983,2718,697368,0,geod_dist_to_target,11,43.55122209016553
33764.44,COL-mean-ED,5983,1044,697368,0,geod_dist_to_target,12,51.16501169750432
33764.44,COL-mean-ED,5983,1252,697368,0,geod_dist_to_target,13,51.02210511523044
33764.44,COL-mean-ED,5983,1252,697368,0,geod_dist_to_target,14,51.02210511523044
33764.44,COL-mean-ED,5983,1252,697368,0,geod_dist_to_target,15,51.02210511523044
33764.44,COL-mean-ED,5983,3452,697368,0,geod_dist_to_target,16,9.047714453834791
33764.44,COL-mean-ED,5983,3452,697368,0,geod_dist_to_target,17,9.047714453834791
33764.44,COL-mean-ED,5983,3452,697368,0,geod_dist_to_target,18,9.047714453834791
33764.44,COL-mean-ED,5983,3452,697368,0,geod_dist_to_target,19,9.047714453834791
33764.44,COL-mean-ED,5983,2208,697368,0,geod_dist_to_target,20,12.917693625337748
33764.44,COL-mean-ED,5983,12045,697368,0,geod_dist_to_target,22,11.779222578436944
33764.44,COL-mean-ED,5983,2208,697368,0,geod_dist_to_target,24,12.917693625337748
33764.44,COL-mean-ED,5983,9156,697368,0,geod_dist_to_target,26,8.791552926054672
33764.44,COL-mean-ED,5983,3041,697368,0,geod_dist_to_target,28,50.201991063664
33764.44,COL-mean-ED,5983,6692,697368,0,geod_dist_to_target,30,11.252470294884702
33764.44,COL-mean-ED,5983,7404,697368,0,geod_dist_to_target,32,9.842915649898567
33764.44,COL-mean-ED,5983,10215,697368,0,geod_dist_to_target,34,2.6911529452194856
33764.44,COL-mean-ED,5983,10215,697368,0,geod_dist_to_target,36,2.6911529452194856
33764.44,COL-mean-ED,5983,10215,697368,0,geod_dist_to_target,38,2.6911529452194856
33764.44,COL-mean-ED,5983,2820,697368,0,geod_dist_to_target,40,1.9250167562365093
33764.44,COL-mean-ED,5983,2820,697368,0,geod_dist_to_target,42,1.9250167562365093
33764.44,COL-mean-ED,5983,2820,697368,0,geod_dist_to_target,44,1.9250167562365093
33764.44,COL-mean-ED,5983,2820,697368,0,geod_dist_to_target,46,1.9250167562365093
33764.44,COL-mean-ED,5983,1186,697368,0,geod_dist_to_target,48,2.195340195654131
33764.44,COL-mean-ED,5983,1186,697368,0,geod_dist_to_target,50,2.195340195654131
33764.44,COL-mean-ED,5983,1186,697368,0,geod_dist_to_target,55,2.195340195654131
33764.44,COL-mean-ED,5983,10215,697368,0,geod_dist_to_target,60,2.6911529452194856
33764.44,COL-mean-ED,5983,1186,697368,0,geod_dist_to_target,65,2.195340195654131
33764.44,COL-mean-ED,5983,1186,697368,0,geod_dist_to_target,70,2.195340195654131
33764.44,COL-mean-ED,5983,1186,697368,0,geod_dist_to_target,75,2.195340195654131
33764.44,COL-mean-ED,5983,1186,697368,0,geod_dist_to_target,80,2.195340195654131
33764.44,COL-mean-ED,5983,7259,697368,0,geod_dist_to_target,85,1.3521345105016975
33764.44,COL-mean-ED,5983,1186,697368,0,geod_dist_to_target,90,2.195340195654131
33764.44,COL-mean-ED,5983,7259,697368,0,geod_dist_to_target,95,1.3521345105016975
33764.44,COL-mean-ED,5983,7259,697368,0,geod_dist_to_target,100,1.3521345105016975
33764.44,COL-mean-ED,5983,7939,201469,0,geod_dist_to_target,5,28.267367038335905
33764.44,COL-mean-ED,5983,10045,201469,0,geod_dist_to_target,6,39.54090477233344
33764.44,COL-mean-ED,5983,2745,201469,0,geod_dist_to_target,7,29.48519425313871
33764.44,COL-mean-ED,5983,1098,201469,0,geod_dist_to_target,8,35.448206899124465
33764.44,COL-mean-ED,5983,1098,201469,0,geod_dist_to_target,9,35.448206899124465
33764.44,COL-mean-ED,5983,1098,201469,0,geod_dist_to_target,10,35.448206899124465
33764.44,COL-mean-ED,5983,3535,201469,0,geod_dist_to_target,11,21.73968571560259
33764.44,COL-mean-ED,5983,10530,201469,0,geod_dist_to_target,12,31.041505399725576
33764.44,COL-mean-ED,5983,8062,201469,0,geod_dist_to_target,13,35.078963695232325
33764.44,COL-mean-ED,5983,4733,201469,0,geod_dist_to_target,14,1.9723145261385564
33764.44,COL-mean-ED,5983,4733,201469,0,geod_dist_to_target,15,1.9723145261385564
33764.44,COL-mean-ED,5983,4733,201469,0,geod_dist_to_target,16,1.9723145261385564
33764.44,COL-mean-ED,5983,10116,201469,0,geod_dist_to_target,17,1.6792729924689096
33764.44,COL-mean-ED,5983,1098,201469,0,geod_dist_to_target,18,35.448206899124465
33764.44,COL-mean-ED,5983,1098,201469,0,geod_dist_to_target,19,35.448206899124465
33764.44,COL-mean-ED,5983,10116,201469,0,geod_dist_to_target,20,1.6792729924689096
33764.44,COL-mean-ED,5983,10116,201469,0,geod_dist_to_target,22,1.6792729924689096
33764.44,COL-mean-ED,5983,2820,201469,0,geod_dist_to_target,24,1.9250167562365093
33764.44,COL-mean-ED,5983,2800,201469,0,geod_dist_to_target,26,12.492546537139438
33764.44,COL-mean-ED,5983,2800,201469,0,geod_dist_to_target,28,12.492546537139438
33764.44,COL-mean-ED,5983,2800,201469,0,geod_dist_to_target,30,12.492546537139438
33764.44,COL-mean-ED,5983,1186,201469,0,geod_dist_to_target,32,2.195340195654131
33764.44,COL-mean-ED,5983,1186,201469,0,geod_dist_to_target,34,2.195340195654131
33764.44,COL-mean-ED,5983,1186,201469,0,geod_dist_to_target,36,2.195340195654131
33764.44,COL-mean-ED,5983,1186,201469,0,geod_dist_to_target,38,2.195340195654131
33764.44,COL-mean-ED,5983,1186,201469,0,geod_dist_to_target,40,2.195340195654131
33764.44,COL-mean-ED,5983,1186,201469,0,geod_dist_to_target,42,2.195340195654131
33764.44,COL-mean-ED,5983,1186,201469,0,geod_dist_to_target,44,2.195340195654131
33764.44,COL-mean-ED,5983,1186,201469,0,geod_dist_to_target,46,2.195340195654131
33764.44,COL-mean-ED,5983,1186,201469,0,geod_dist_to_target,48,2.195340195654131
33764.44,COL-mean-ED,5983,1186,201469,0,geod_dist_to_target,50,2.195340195654131
33764.44,COL-mean-ED,5983,1186,201469,0,geod_dist_to_target,55,2.195340195654131
33764.44,COL-mean-ED,5983,1186,201469,0,geod_dist_to_target,60,2.195340195654131
33764.44,COL-mean-ED,5983,1186,201469,0,geod_dist_to_target,65,2.195340195654131
33764.44,COL-mean-ED,5983,1186,201469,0,geod_dist_to_target,70,2.195340195654131
33764.44,COL-mean-ED,5983,1186,201469,0,geod_dist_to_target,75,2.195340195654131
33764.44,COL-mean-ED,5983,1186,201469,0,geod_dist_to_target,80,2.195340195654131
33764.44,COL-mean-ED,5983,1186,201469,0,geod_dist_to_target,85,2.195340195654131
33764.44,COL-mean-ED,5983,7259,201469,0,geod_dist_to_target,90,1.3521345105016975
33764.44,COL-mean-ED,5983,7259,201469,0,geod_dist_to_target,95,1.3521345105016975
33764.44,COL-mean-ED,5983,7259,201469,0,geod_dist_to_target,100,1.3521345105016975
33764.44,COL-mean-ED,5983,5723,94177,0,geod_dist_to_target,5,6.761247018415638
33764.44,COL-mean-ED,5983,11176,94177,0,geod_dist_to_target,6,4.801219231540165
33764.44,COL-mean-ED,5983,2139,94177,0,geod_dist_to_target,7,4.675274668143928
33764.44,COL-mean-ED,5983,5740,94177,0,geod_dist_to_target,8,32.45620808333554
33764.44,COL-mean-ED,5983,10173,94177,0,geod_dist_to_target,9,29.66561959250123
33764.44,COL-mean-ED,5983,10096,94177,0,geod_dist_to_target,10,30.77743146506565
33764.44,COL-mean-ED,5983,10096,94177,0,geod_dist_to_target,11,30.77743146506565
33764.44,COL-mean-ED,5983,2494,94177,0,geod_dist_to_target,12,4.988335697725013
33764.44,COL-mean-ED,5983,6236,94177,0,geod_dist_to_target,13,5.2830085258607165
33764.44,COL-mean-ED,5983,6232,94177,0,geod_dist_to_target,14,5.187248016040879
33764.44,COL-mean-ED,5983,6232,94177,0,geod_dist_to_target,15,5.187248016040879
33764.44,COL-mean-ED,5983,9541,94177,0,geod_dist_to_target,16,35.50453265057585
33764.44,COL-mean-ED,5983,9541,94177,0,geod_dist_to_target,17,35.50453265057585
33764.44,COL-mean-ED,5983,9541,94177,0,geod_dist_to_target,18,35.50453265057585
33764.44,COL-mean-ED,5983,9541,94177,0,geod_dist_to_target,19,35.50453265057585
33764.44,COL-mean-ED,5983,9541,94177,0,geod_dist_to_target,20,35.50453265057585
33764.44,COL-mean-ED,5983,726,94177,0,geod_dist_to_target,22,2.627340030795267
33764.44,COL-mean-ED,5983,726,94177,0,geod_dist_to_target,24,2.627340030795267
33764.44,COL-mean-ED,5983,10218,94177,0,geod_dist_to_target,26,35.51261187134825
33764.44,COL-mean-ED,5983,10218,94177,0,geod_dist_to_target,28,35.51261187134825
33764.44,COL-mean-ED,5983,10218,94177,0,geod_dist_to_target,30,35.51261187134825
33764.44,COL-mean-ED,5983,10218,94177,0,geod_dist_to_target,32,35.51261187134825
33764.44,COL-mean-ED,5983,10218,94177,0,geod_dist_to_target,34,35.51261187134825
33764.44,COL-mean-ED,5983,1198,94177,0,geod_dist_to_target,36,6.405546596042963
33764.44,COL-mean-ED,5983,12542,94177,0,geod_dist_to_target,38,3.9957749622017773
33764.44,COL-mean-ED,5983,12542,94177,0,geod_dist_to_target,40,3.9957749622017773
33764.44,COL-mean-ED,5983,12542,94177,0,geod_dist_to_target,42,3.9957749622017773
33764.44,COL-mean-ED,5983,12542,94177,0,geod_dist_to_target,44,3.9957749622017773
33764.44,COL-mean-ED,5983,12542,94177,0,geod_dist_to_target,46,3.9957749622017773
33764.44,COL-mean-ED,5983,726,94177,0,geod_dist_to_target,48,2.627340030795267
33764.44,COL-mean-ED,5983,726,94177,0,geod_dist_to_target,50,2.627340030795267
33764.44,COL-mean-ED,5983,726,94177,0,geod_dist_to_target,55,2.627340030795267
33764.44,COL-mean-ED,5983,2483,94177,0,geod_dist_to_target,60,0.9191736089149836
33764.44,COL-mean-ED,5983,7564,94177,0,geod_dist_to_target,65,0.6938234922285013
33764.44,COL-mean-ED,5983,6233,94177,0,geod_dist_to_target,70,4.26258947895415
33764.44,COL-mean-ED,5983,2139,94177,0,geod_dist_to_target,75,4.675274668143928
33764.44,COL-mean-ED,5983,6233,94177,0,geod_dist_to_target,80,4.26258947895415
33764.44,COL-mean-ED,5983,2139,94177,0,geod_dist_to_target,85,4.675274668143928
33764.44,COL-mean-ED,5983,2139,94177,0,geod_dist_to_target,90,4.675274668143928
33764.44,COL-mean-ED,5983,2139,94177,0,geod_dist_to_target,95,4.675274668143928
33764.44,COL-mean-ED,5983,6328,94177,0,geod_dist_to_target,100,35.208710083304375
33764.44,COL-min-ED,5983,169,89250,0,geod_dist_to_target,5,1.28342581308718
33764.44,COL-min-ED,5983,2985,89250,0,geod_dist_to_target,6,55.34767470351766
33764.44,COL-min-ED,5983,9163,89250,0,geod_dist_to_target,7,9.82912508132831
33764.44,COL-min-ED,5983,7077,89250,0,geod_dist_to_target,8,8.931974816992138
33764.44,COL-min-ED,5983,5941,89250,0,geod_dist_to_target,9,9.657096884047485
33764.44,COL-min-ED,5983,5941,89250,0,geod_dist_to_target,10,9.657096884047485
33764.44,COL-min-ED,5983,5941,89250,0,geod_dist_to_target,11,9.657096884047485
33764.44,COL-min-ED,5983,11233,89250,0,geod_dist_to_target,12,26.51090266041724
33764.44,COL-min-ED,5983,11233,89250,0,geod_dist_to_target,13,26.51090266041724
33764.44,COL-min-ED,5983,11233,89250,0,geod_dist_to_target,14,26.51090266041724
33764.44,COL-min-ED,5983,11233,89250,0,geod_dist_to_target,15,26.51090266041724
33764.44,COL-min-ED,5983,11233,89250,0,geod_dist_to_target,16,26.51090266041724
33764.44,COL-min-ED,5983,5496,89250,0,geod_dist_to_target,17,27.489461463143574
33764.44,COL-min-ED,5983,11233,89250,0,geod_dist_to_target,18,26.51090266041724
33764.44,COL-min-ED,5983,11225,89250,0,geod_dist_to_target,19,28.38258179721565
33764.44,COL-min-ED,5983,11225,89250,0,geod_dist_to_target,20,28.38258179721565
33764.44,COL-min-ED,5983,11225,89250,0,geod_dist_to_target,22,28.38258179721565
33764.44,COL-min-ED,5983,11225,89250,0,geod_dist_to_target,24,28.38258179721565
33764.44,COL-min-ED,5983,11225,89250,0,geod_dist_to_target,26,28.38258179721565
33764.44,COL-min-ED,5983,6153,89250,0,geod_dist_to_target,28,7.621428851385628
33764.44,COL-min-ED,5983,6153,89250,0,geod_dist_to_target,30,7.621428851385628
33764.44,COL-min-ED,5983,6153,89250,0,geod_dist_to_target,32,7.621428851385628
33764.44,COL-min-ED,5983,6153,89250,0,geod_dist_to_target,34,7.621428851385628
33764.44,COL-min-ED,5983,6153,89250,0,geod_dist_to_target,36,7.621428851385628
33764.44,COL-min-ED,5983,5983,89250,0,geod_dist_to_target,38,0.0
33764.44,COL-min-ED,5983,5983,89250,0,geod_dist_to_target,40,0.0
33764.44,COL-min-ED,5983,5983,89250,0,geod_dist_to_target,42,0.0
33764.44,COL-min-ED,5983,1211,89250,0,geod_dist_to_target,44,7.7340754302886054
33764.44,COL-min-ED,5983,1211,89250,0,geod_dist_to_target,46,7.7340754302886054
33764.44,COL-min-ED,5983,5983,89250,0,geod_dist_to_target,48,0.0
33764.44,COL-min-ED,5983,5983,89250,0,geod_dist_to_target,50,0.0
33764.44,COL-min-ED,5983,5983,89250,0,geod_dist_to_target,55,0.0
33764.44,COL-min-ED,5983,5983,89250,0,geod_dist_to_target,60,0.0
33764.44,COL-min-ED,5983,5983,89250,0,geod_dist_to_target,65,0.0
33764.44,COL-min-ED,5983,5983,89250,0,geod_dist_to_target,70,0.0
33764.44,COL-min-ED,5983,5983,89250,0,geod_dist_to_target,75,0.0
33764.44,COL-min-ED,5983,5983,89250,0,geod_dist_to_target,80,0.0
33764.44,COL-min-ED,5983,5983,89250,0,geod_dist_to_target,85,0.0
33764.44,COL-min-ED,5983,5983,89250,0,geod_dist_to_target,90,0.0
33764.44,COL-min-ED,5983,6153,89250,0,geod_dist_to_target,95,7.621428851385628
33764.44,COL-min-ED,5983,5987,89250,0,geod_dist_to_target,100,0.14875433460620147
33764.44,COL-min-ED,5983,11122,773956,0,geod_dist_to_target,5,1.3827705773146313
33764.44,COL-min-ED,5983,2907,773956,0,geod_dist_to_target,6,0.9362377411337676
33764.44,COL-min-ED,5983,10215,773956,0,geod_dist_to_target,7,2.6911529452194856
33764.44,COL-min-ED,5983,5966,773956,0,geod_dist_to_target,8,3.7670664053919487
33764.44,COL-min-ED,5983,3455,773956,0,geod_dist_to_target,9,5.725011245953163
33764.44,COL-min-ED,5983,3455,773956,0,geod_dist_to_target,10,5.725011245953163
33764.44,COL-min-ED,5983,3455,773956,0,geod_dist_to_target,11,5.725011245953163
33764.44,COL-min-ED,5983,3455,773956,0,geod_dist_to_target,12,5.725011245953163
33764.44,COL-min-ED,5983,3455,773956,0,geod_dist_to_target,13,5.725011245953163
33764.44,COL-min-ED,5983,3455,773956,0,geod_dist_to_target,14,5.725011245953163
33764.44,COL-min-ED,5983,8059,773956,0,geod_dist_to_target,15,5.7971971025203715
33764.44,COL-min-ED,5983,8059,773956,0,geod_dist_to_target,16,5.7971971025203715
33764.44,COL-min-ED,5983,1831,773956,0,geod_dist_to_target,17,7.0241289217949605
33764.44,COL-min-ED,5983,1831,773956,0,geod_dist_to_target,18,7.0241289217949605
33764.44,COL-min-ED,5983,1831,773956,0,geod_dist_to_target,19,7.0241289217949605
33764.44,COL-min-ED,5983,1831,773956,0,geod_dist_to_target,20,7.0241289217949605
33764.44,COL-min-ED,5983,1831,773956,0,geod_dist_to_target,22,7.0241289217949605
33764.44,COL-min-ED,5983,8059,773956,0,geod_dist_to_target,24,5.7971971025203715
33764.44,COL-min-ED,5983,8059,773956,0,geod_dist_to_target,26,5.7971971025203715
33764.44,COL-min-ED,5983,8059,773956,0,geod_dist_to_target,28,5.7971971025203715
33764.44,COL-min-ED,5983,8059,773956,0,geod_dist_to_target,30,5.7971971025203715
33764.44,COL-min-ED,5983,8059,773956,0,geod_dist_to_target,32,5.7971971025203715
33764.44,COL-min-ED,5983,8059,773956,0,geod_dist_to_target,34,5.7971971025203715
33764.44,COL-min-ED,5983,8059,773956,0,geod_dist_to_target,36,5.7971971025203715
33764.44,COL-min-ED,5983,8059,773956,0,geod_dist_to_target,38,5.7971971025203715
33764.44,COL-min-ED,5983,8059,773956,0,geod_dist_to_target,40,5.7971971025203715
33764.44,COL-min-ED,5983,8059,773956,0,geod_dist_to_target,42,5.7971971025203715
33764.44,COL-min-ED,5983,3455,773956,0,geod_dist_to_target,44,5.725011245953163
33764.44,COL-min-ED,5983,3455,773956,0,geod_dist_to_target,46,5.725011245953163
33764.44,COL-min-ED,5983,3455,773956,0,geod_dist_to_target,48,5.725011245953163
33764.44,COL-min-ED,5983,3455,773956,0,geod_dist_to_target,50,5.725011245953163
33764.44,COL-min-ED,5983,3455,773956,0,geod_dist_to_target,55,5.725011245953163
33764.44,COL-min-ED,5983,3455,773956,0,geod_dist_to_target,60,5.725011245953163
33764.44,COL-min-ED,5983,3455,773956,0,geod_dist_to_target,65,5.725011245953163
33764.44,COL-min-ED,5983,3455,773956,0,geod_dist_to_target,70,5.725011245953163
33764.44,COL-min-ED,5983,3455,773956,0,geod_dist_to_target,75,5.725011245953163
33764.44,COL-min-ED,5983,3455,773956,0,geod_dist_to_target,80,5.725011245953163
33764.44,COL-min-ED,5983,3455,773956,0,geod_dist_to_target,85,5.725011245953163
33764.44,COL-min-ED,5983,3455,773956,0,geod_dist_to_target,90,5.725011245953163
33764.44,COL-min-ED,5983,3455,773956,0,geod_dist_to_target,95,5.725011245953163
33764.44,COL-min-ED,5983,3455,773956,0,geod_dist_to_target,100,5.725011245953163
33764.44,COL-min-ED,5983,5508,654571,0,geod_dist_to_target,5,28.872122548418933
33764.44,COL-min-ED,5983,10581,654571,0,geod_dist_to_target,6,29.14326319301667
33764.44,COL-min-ED,5983,11336,654571,0,geod_dist_to_target,7,28.46660012291716
33764.44,COL-min-ED,5983,619,654571,0,geod_dist_to_target,8,27.707635478983747
33764.44,COL-min-ED,5983,6144,654571,0,geod_dist_to_target,9,8.684560760132896
33764.44,COL-min-ED,5983,6153,654571,0,geod_dist_to_target,10,7.621428851385628
33764.44,COL-min-ED,5983,6153,654571,0,geod_dist_to_target,11,7.621428851385628
33764.44,COL-min-ED,5983,1211,654571,0,geod_dist_to_target,12,7.7340754302886054
33764.44,COL-min-ED,5983,1211,654571,0,geod_dist_to_target,13,7.7340754302886054
33764.44,COL-min-ED,5983,1211,654571,0,geod_dist_to_target,14,7.7340754302886054
33764.44,COL-min-ED,5983,1211,654571,0,geod_dist_to_target,15,7.7340754302886054
33764.44,COL-min-ED,5983,1211,654571,0,geod_dist_to_target,16,7.7340754302886054
33764.44,COL-min-ED,5983,12418,654571,0,geod_dist_to_target,17,6.484968195821966
33764.44,COL-min-ED,5983,12418,654571,0,geod_dist_to_target,18,6.484968195821966
33764.44,COL-min-ED,5983,12418,654571,0,geod_dist_to_target,19,6.484968195821966
33764.44,COL-min-ED,5983,12418,654571,0,geod_dist_to_target,20,6.484968195821966
33764.44,COL-min-ED,5983,12418,654571,0,geod_dist_to_target,22,6.484968195821966
33764.44,COL-min-ED,5983,12418,654571,0,geod_dist_to_target,24,6.484968195821966
33764.44,COL-min-ED,5983,12418,654571,0,geod_dist_to_target,26,6.484968195821966
33764.44,COL-min-ED,5983,12418,654571,0,geod_dist_to_target,28,6.484968195821966
33764.44,COL-min-ED,5983,12418,654571,0,geod_dist_to_target,30,6.484968195821966
33764.44,COL-min-ED,5983,12418,654571,0,geod_dist_to_target,32,6.484968195821966
33764.44,COL-min-ED,5983,12418,654571,0,geod_dist_to_target,34,6.484968195821966
33764.44,COL-min-ED,5983,12418,654571,0,geod_dist_to_target,36,6.484968195821966
33764.44,COL-min-ED,5983,12655,654571,0,geod_dist_to_target,38,5.519473088886912
33764.44,COL-min-ED,5983,12655,654571,0,geod_dist_to_target,40,5.519473088886912
33764.44,COL-min-ED,5983,12655,654571,0,geod_dist_to_target,42,5.519473088886912
33764.44,COL-min-ED,5983,12655,654571,0,geod_dist_to_target,44,5.519473088886912
33764.44,COL-min-ED,5983,5959,654571,0,geod_dist_to_target,46,5.0273961753915275
33764.44,COL-min-ED,5983,5959,654571,0,geod_dist_to_target,48,5.0273961753915275
33764.44,COL-min-ED,5983,5959,654571,0,geod_dist_to_target,50,5.0273961753915275
33764.44,COL-min-ED,5983,5959,654571,0,geod_dist_to_target,55,5.0273961753915275
33764.44,COL-min-ED,5983,5959,654571,0,geod_dist_to_target,60,5.0273961753915275
33764.44,COL-min-ED,5983,8059,654571,0,geod_dist_to_target,65,5.7971971025203715
33764.44,COL-min-ED,5983,8059,654571,0,geod_dist_to_target,70,5.7971971025203715
33764.44,COL-min-ED,5983,8059,654571,0,geod_dist_to_target,75,5.7971971025203715
33764.44,COL-min-ED,5983,8059,654571,0,geod_dist_to_target,80,5.7971971025203715
33764.44,COL-min-ED,5983,8059,654571,0,geod_dist_to_target,85,5.7971971025203715
33764.44,COL-min-ED,5983,8059,654571,0,geod_dist_to_target,90,5.7971971025203715
33764.44,COL-min-ED,5983,8059,654571,0,geod_dist_to_target,95,5.7971971025203715
33764.44,COL-min-ED,5983,8059,654571,0,geod_dist_to_target,100,5.7971971025203715
33764.44,COL-min-ED,5983,3600,438878,0,geod_dist_to_target,5,29.017298142727423
33764.44,COL-min-ED,5983,11263,438878,0,geod_dist_to_target,6,1.7202879502600252
33764.44,COL-min-ED,5983,5983,438878,0,geod_dist_to_target,7,0.0
33764.44,COL-min-ED,5983,5894,438878,0,geod_dist_to_target,8,29.626294938474313
33764.44,COL-min-ED,5983,5894,438878,0,geod_dist_to_target,9,29.626294938474313
33764.44,COL-min-ED,5983,3600,438878,0,geod_dist_to_target,10,29.017298142727423
33764.44,COL-min-ED,5983,5983,438878,0,geod_dist_to_target,11,0.0
33764.44,COL-min-ED,5983,8444,438878,0,geod_dist_to_target,12,33.221062945588805
33764.44,COL-min-ED,5983,8444,438878,0,geod_dist_to_target,13,33.221062945588805
33764.44,COL-min-ED,5983,8444,438878,0,geod_dist_to_target,14,33.221062945588805
33764.44,COL-min-ED,5983,7537,438878,0,geod_dist_to_target,15,0.16751588878275958
33764.44,COL-min-ED,5983,7537,438878,0,geod_dist_to_target,16,0.16751588878275958
33764.44,COL-min-ED,5983,12311,438878,0,geod_dist_to_target,17,1.6244979423553634
33764.44,COL-min-ED,5983,12311,438878,0,geod_dist_to_target,18,1.6244979423553634
33764.44,COL-min-ED,5983,12311,438878,0,geod_dist_to_target,19,1.6244979423553634
33764.44,COL-min-ED,5983,12311,438878,0,geod_dist_to_target,20,1.6244979423553634
33764.44,COL-min-ED,5983,12311,438878,0,geod_dist_to_target,22,1.6244979423553634
33764.44,COL-min-ED,5983,12311,438878,0,geod_dist_to_target,24,1.6244979423553634
33764.44,COL-min-ED,5983,12311,438878,0,geod_dist_to_target,26,1.6244979423553634
33764.44,COL-min-ED,5983,12311,438878,0,geod_dist_to_target,28,1.6244979423553634
33764.44,COL-min-ED,5983,12311,438878,0,geod_dist_to_target,30,1.6244979423553634
33764.44,COL-min-ED,5983,2104,438878,0,geod_dist_to_target,32,0.8494817018879054
33764.44,COL-min-ED,5983,2104,438878,0,geod_dist_to_target,34,0.8494817018879054
33764.44,COL-min-ED,5983,2104,438878,0,geod_dist_to_target,36,0.8494817018879054
33764.44,COL-min-ED,5983,2104,438878,0,geod_dist_to_target,38,0.8494817018879054
33764.44,COL-min-ED,5983,2104,438878,0,geod_dist_to_target,40,0.8494817018879054
33764.44,COL-min-ED,5983,1605,438878,0,geod_dist_to_target,42,29.868516620096205
33764.44,COL-min-ED,5983,1605,438878,0,geod_dist_to_target,44,29.868516620096205
33764.44,COL-min-ED,5983,12461,438878,0,geod_dist_to_target,46,0.45239388719183316
33764.44,COL-min-ED,5983,2104,438878,0,geod_dist_to_target,48,0.8494817018879054
33764.44,COL-min-ED,5983,2104,438878,0,geod_dist_to_target,50,0.8494817018879054
33764.44,COL-min-ED,5983,12461,438878,0,geod_dist_to_target,55,0.45239388719183316
33764.44,COL-min-ED,5983,2104,438878,0,geod_dist_to_target,60,0.8494817018879054
33764.44,COL-min-ED,5983,2104,438878,0,geod_dist_to_target,65,0.8494817018879054
33764.44,COL-min-ED,5983,12461,438878,0,geod_dist_to_target,70,0.45239388719183316
33764.44,COL-min-ED,5983,4084,438878,0,geod_dist_to_target,75,0.4336323330152751
33764.44,COL-min-ED,5983,4084,438878,0,geod_dist_to_target,80,0.4336323330152751
33764.44,COL-min-ED,5983,4084,438878,0,geod_dist_to_target,85,0.4336323330152751
33764.44,COL-min-ED,5983,4084,438878,0,geod_dist_to_target,90,0.4336323330152751
33764.44,COL-min-ED,5983,4084,438878,0,geod_dist_to_target,95,0.4336323330152751
33764.44,COL-min-ED,5983,5987,438878,0,geod_dist_to_target,100,0.14875433460620147
33764.44,COL-min-ED,5983,9448,433015,0,geod_dist_to_target,5,2.282332400231057
33764.44,COL-min-ED,5983,12572,433015,0,geod_dist_to_target,6,3.4451128771275936
33764.44,COL-min-ED,5983,6211,433015,0,geod_dist_to_target,7,1.3002540924168604
33764.44,COL-min-ED,5983,6211,433015,0,geod_dist_to_target,8,1.3002540924168604
33764.44,COL-min-ED,5983,6211,433015,0,geod_dist_to_target,9,1.3002540924168604
33764.44,COL-min-ED,5983,6211,433015,0,geod_dist_to_target,10,1.3002540924168604
33764.44,COL-min-ED,5983,6211,433015,0,geod_dist_to_target,11,1.3002540924168604
33764.44,COL-min-ED,5983,12461,433015,0,geod_dist_to_target,12,0.45239388719183316
33764.44,COL-min-ED,5983,12461,433015,0,geod_dist_to_target,13,0.45239388719183316
33764.44,COL-min-ED,5983,12461,433015,0,geod_dist_to_target,14,0.45239388719183316
33764.44,COL-min-ED,5983,6211,433015,0,geod_dist_to_target,15,1.3002540924168604
33764.44,COL-min-ED,5983,6211,433015,0,geod_dist_to_target,16,1.3002540924168604
33764.44,COL-min-ED,5983,11263,433015,0,geod_dist_to_target,17,1.7202879502600252
33764.44,COL-min-ED,5983,11263,433015,0,geod_dist_to_target,18,1.7202879502600252
33764.44,COL-min-ED,5983,11263,433015,0,geod_dist_to_target,19,1.7202879502600252
33764.44,COL-min-ED,5983,11263,433015,0,geod_dist_to_target,20,1.7202879502600252
33764.44,COL-min-ED,5983,11263,433015,0,geod_dist_to_target,22,1.7202879502600252
33764.44,COL-min-ED,5983,11263,433015,0,geod_dist_to_target,24,1.7202879502600252
33764.44,COL-min-ED,5983,11263,433015,0,geod_dist_to_target,26,1.7202879502600252
33764.44,COL-min-ED,5983,11263,433015,0,geod_dist_to_target,28,1.7202879502600252
33764.44,COL-min-ED,5983,11263,433015,0,geod_dist_to_target,30,1.7202879502600252
33764.44,COL-min-ED,5983,169,433015,0,geod_dist_to_target,32,1.28342581308718
33764.44,COL-min-ED,5983,169,433015,0,geod_dist_to_target,34,1.28342581308718
33764.44,COL-min-ED,5983,169,433015,0,geod_dist_to_target,36,1.28342581308718
33764.44,COL-min-ED,5983,169,433015,0,geod_dist_to_target,38,1.28342581308718
33764.44,COL-min-ED,5983,169,433015,0,geod_dist_to_target,40,1.28342581308718
33764.44,COL-min-ED,5983,169,433015,0,geod_dist_to_target,42,1.28342581308718
33764.44,COL-min-ED,5983,169,433015,0,geod_dist_to_target,44,1.28342581308718
33764.44,COL-min-ED,5983,169,433015,0,geod_dist_to_target,46,1.28342581308718
33764.44,COL-min-ED,5983,7259,433015,0,geod_dist_to_target,48,1.3521345105016975
33764.44,COL-min-ED,5983,7259,433015,0,geod_dist_to_target,50,1.3521345105016975
33764.44,COL-min-ED,5983,169,433015,0,geod_dist_to_target,55,1.28342581308718
33764.44,COL-min-ED,5983,169,433015,0,geod_dist_to_target,60,1.28342581308718
33764.44,COL-min-ED,5983,169,433015,0,geod_dist_to_target,65,1.28342581308718
33764.44,COL-min-ED,5983,7259,433015,0,geod_dist_to_target,70,1.3521345105016975
33764.44,COL-min-ED,5983,7259,433015,0,geod_dist_to_target,75,1.3521345105016975
33764.44,COL-min-ED,5983,7259,433015,0,geod_dist_to_target,80,1.3521345105016975
33764.44,COL-min-ED,5983,169,433015,0,geod_dist_to_target,85,1.28342581308718
33764.44,COL-min-ED,5983,11263,433015,0,geod_dist_to_target,90,1.7202879502600252
33764.44,COL-min-ED,5983,11263,433015,0,geod_dist_to_target,95,1.7202879502600252
33764.44,COL-min-ED,5983,5983,433015,0,geod_dist_to_target,100,0.0
33764.44,COL-min-ED,5983,5508,858597,0,geod_dist_to_target,5,28.872122548418933
33764.44,COL-min-ED,5983,12418,858597,0,geod_dist_to_target,6,6.484968195821966
33764.44,COL-min-ED,5983,12418,858597,0,geod_dist_to_target,7,6.484968195821966
33764.44,COL-min-ED,5983,5943,858597,0,geod_dist_to_target,8,8.80498124690997
33764.44,COL-min-ED,5983,5943,858597,0,geod_dist_to_target,9,8.80498124690997
33764.44,COL-min-ED,5983,12418,858597,0,geod_dist_to_target,10,6.484968195821966
33764.44,COL-min-ED,5983,12418,858597,0,geod_dist_to_target,11,6.484968195821966
33764.44,COL-min-ED,5983,5943,858597,0,geod_dist_to_target,12,8.80498124690997
33764.44,COL-min-ED,5983,6671,858597,0,geod_dist_to_target,13,29.539488938808137
33764.44,COL-min-ED,5983,6671,858597,0,geod_dist_to_target,14,29.539488938808137
33764.44,COL-min-ED,5983,5496,858597,0,geod_dist_to_target,15,27.489461463143574
33764.44,COL-min-ED,5983,5496,858597,0,geod_dist_to_target,16,27.489461463143574
33764.44,COL-min-ED,5983,12418,858597,0,geod_dist_to_target,17,6.484968195821966
33764.44,COL-min-ED,5983,12418,858597,0,geod_dist_to_target,18,6.484968195821966
33764.44,COL-min-ED,5983,12418,858597,0,geod_dist_to_target,19,6.484968195821966
33764.44,COL-min-ED,5983,12418,858597,0,geod_dist_to_target,20,6.484968195821966
33764.44,COL-min-ED,5983,12418,858597,0,geod_dist_to_target,22,6.484968195821966
33764.44,COL-min-ED,5983,12418,858597,0,geod_dist_to_target,24,6.484968195821966
33764.44,COL-min-ED,5983,5496,858597,0,geod_dist_to_target,26,27.489461463143574
33764.44,COL-min-ED,5983,12418,858597,0,geod_dist_to_target,28,6.484968195821966
33764.44,COL-min-ED,5983,12418,858597,0,geod_dist_to_target,30,6.484968195821966
33764.44,COL-min-ED,5983,7259,858597,0,geod_dist_to_target,32,1.3521345105016975
33764.44,COL-min-ED,5983,7259,858597,0,geod_dist_to_target,34,1.3521345105016975
33764.44,COL-min-ED,5983,7259,858597,0,geod_dist_to_target,36,1.3521345105016975
33764.44,COL-min-ED,5983,12327,858597,0,geod_dist_to_target,38,3.6153704271089886
33764.44,COL-min-ED,5983,12327,858597,0,geod_dist_to_target,40,3.6153704271089886
33764.44,COL-min-ED,5983,5982,858597,0,geod_dist_to_target,42,0.5119943161671362
33764.44,COL-min-ED,5983,5982,858597,0,geod_dist_to_target,44,0.5119943161671362
33764.44,COL-min-ED,5983,1186,858597,0,geod_dist_to_target,46,2.195340195654131
33764.44,COL-min-ED,5983,7259,858597,0,geod_dist_to_target,48,1.3521345105016975
33764.44,COL-min-ED,5983,7259,858597,0,geod_dist_to_target,50,1.3521345105016975
33764.44,COL-min-ED,5983,1186,858597,0,geod_dist_to_target,55,2.195340195654131
33764.44,COL-min-ED,5983,1186,858597,0,geod_dist_to_target,60,2.195340195654131
33764.44,COL-min-ED,5983,8484,858597,0,geod_dist_to_target,65,0.23128259924412295
33764.44,COL-min-ED,5983,5983,858597,0,geod_dist_to_target,70,0.0
33764.44,COL-min-ED,5983,8484,858597,0,geod_dist_to_target,75,0.23128259924412295
33764.44,COL-min-ED,5983,8484,858597,0,geod_dist_to_target,80,0.23128259924412295
33764.44,COL-min-ED,5983,8484,858597,0,geod_dist_to_target,85,0.23128259924412295
33764.44,COL-min-ED,5983,8484,858597,0,geod_dist_to_target,90,0.23128259924412295
33764.44,COL-min-ED,5983,5987,858597,0,geod_dist_to_target,95,0.14875433460620147
33764.44,COL-min-ED,5983,5987,858597,0,geod_dist_to_target,100,0.14875433460620147
33764.44,COL-min-ED,5983,5516,85945,0,geod_dist_to_target,5,30.032707298603807
33764.44,COL-min-ED,5983,1406,85945,0,geod_dist_to_target,6,9.308939423940538
33764.44,COL-min-ED,5983,5941,85945,0,geod_dist_to_target,7,9.657096884047485
33764.44,COL-min-ED,5983,5947,85945,0,geod_dist_to_target,8,8.374001939766808
33764.44,COL-min-ED,5983,850,85945,0,geod_dist_to_target,9,6.620285825924729
33764.44,COL-min-ED,5983,850,85945,0,geod_dist_to_target,10,6.620285825924729
33764.44,COL-min-ED,5983,850,85945,0,geod_dist_to_target,11,6.620285825924729
33764.44,COL-min-ED,5983,850,85945,0,geod_dist_to_target,12,6.620285825924729
33764.44,COL-min-ED,5983,850,85945,0,geod_dist_to_target,13,6.620285825924729
33764.44,COL-min-ED,5983,850,85945,0,geod_dist_to_target,14,6.620285825924729
33764.44,COL-min-ED,5983,850,85945,0,geod_dist_to_target,15,6.620285825924729
33764.44,COL-min-ED,5983,850,85945,0,geod_dist_to_target,16,6.620285825924729
33764.44,COL-min-ED,5983,5947,85945,0,geod_dist_to_target,17,8.374001939766808
33764.44,COL-min-ED,5983,5947,85945,0,geod_dist_to_target,18,8.374001939766808
33764.44,COL-min-ED,5983,5947,85945,0,geod_dist_to_target,19,8.374001939766808
33764.44,COL-min-ED,5983,5947,85945,0,geod_dist_to_target,20,8.374001939766808
33764.44,COL-min-ED,5983,5947,85945,0,geod_dist_to_target,22,8.374001939766808
33764.44,COL-min-ED,5983,5947,85945,0,geod_dist_to_target,24,8.374001939766808
33764.44,COL-min-ED,5983,5947,85945,0,geod_dist_to_target,26,8.374001939766808
33764.44,COL-min-ED,5983,5947,85945,0,geod_dist_to_target,28,8.374001939766808
33764.44,COL-min-ED,5983,5945,85945,0,geod_dist_to_target,30,8.625049522929354
33764.44,COL-min-ED,5983,5945,85945,0,geod_dist_to_target,32,8.625049522929354
33764.44,COL-min-ED,5983,5945,85945,0,geod_dist_to_target,34,8.625049522929354
33764.44,COL-min-ED,5983,5945,85945,0,geod_dist_to_target,36,8.625049522929354
33764.44,COL-min-ED,5983,5945,85945,0,geod_dist_to_target,38,8.625049522929354
33764.44,COL-min-ED,5983,5945,85945,0,geod_dist_to_target,40,8.625049522929354
33764.44,COL-min-ED,5983,5945,85945,0,geod_dist_to_target,42,8.625049522929354
33764.44,COL-min-ED,5983,5947,85945,0,geod_dist_to_target,44,8.374001939766808
33764.44,COL-min-ED,5983,5947,85945,0,geod_dist_to_target,46,8.374001939766808
33764.44,COL-min-ED,5983,5947,85945,0,geod_dist_to_target,48,8.374001939766808
33764.44,COL-min-ED,5983,5947,85945,0,geod_dist_to_target,50,8.374001939766808
33764.44,COL-min-ED,5983,5947,85945,0,geod_dist_to_target,55,8.374001939766808
33764.44,COL-min-ED,5983,5947,85945,0,geod_dist_to_target,60,8.374001939766808
33764.44,COL-min-ED,5983,1211,85945,0,geod_dist_to_target,65,7.7340754302886054
33764.44,COL-min-ED,5983,1211,85945,0,geod_dist_to_target,70,7.7340754302886054
33764.44,COL-min-ED,5983,1211,85945,0,geod_dist_to_target,75,7.7340754302886054
33764.44,COL-min-ED,5983,1211,85945,0,geod_dist_to_target,80,7.7340754302886054
33764.44,COL-min-ED,5983,5987,85945,0,geod_dist_to_target,85,0.14875433460620147
33764.44,COL-min-ED,5983,5987,85945,0,geod_dist_to_target,90,0.14875433460620147
33764.44,COL-min-ED,5983,5983,85945,0,geod_dist_to_target,95,0.0
33764.44,COL-min-ED,5983,8484,85945,0,geod_dist_to_target,100,0.23128259924412295
33764.44,COL-min-ED,5983,8484,697368,0,geod_dist_to_target,5,0.23128259924412295
33764.44,COL-min-ED,5983,2904,697368,0,geod_dist_to_target,6,10.200191455480784
33764.44,COL-min-ED,5983,1823,697368,0,geod_dist_to_target,7,34.21478952340923
33764.44,COL-min-ED,5983,11487,697368,0,geod_dist_to_target,8,33.902874889230155
33764.44,COL-min-ED,5983,11487,697368,0,geod_dist_to_target,9,33.902874889230155
33764.44,COL-min-ED,5983,1006,697368,0,geod_dist_to_target,10,29.014306420500944
33764.44,COL-min-ED,5983,1006,697368,0,geod_dist_to_target,11,29.014306420500944
33764.44,COL-min-ED,5983,5517,697368,0,geod_dist_to_target,12,29.424149682251922
33764.44,COL-min-ED,5983,5517,697368,0,geod_dist_to_target,13,29.424149682251922
33764.44,COL-min-ED,5983,5517,697368,0,geod_dist_to_target,14,29.424149682251922
33764.44,COL-min-ED,5983,11336,697368,0,geod_dist_to_target,15,28.46660012291716
33764.44,COL-min-ED,5983,11336,697368,0,geod_dist_to_target,16,28.46660012291716
33764.44,COL-min-ED,5983,11445,697368,0,geod_dist_to_target,17,29.166719994463666
33764.44,COL-min-ED,5983,11445,697368,0,geod_dist_to_target,18,29.166719994463666
33764.44,COL-min-ED,5983,11445,697368,0,geod_dist_to_target,19,29.166719994463666
33764.44,COL-min-ED,5983,11445,697368,0,geod_dist_to_target,20,29.166719994463666
33764.44,COL-min-ED,5983,6299,697368,0,geod_dist_to_target,22,2.2702955359956456
33764.44,COL-min-ED,5983,6299,697368,0,geod_dist_to_target,24,2.2702955359956456
33764.44,COL-min-ED,5983,6299,697368,0,geod_dist_to_target,26,2.2702955359956456
33764.44,COL-min-ED,5983,6299,697368,0,geod_dist_to_target,28,2.2702955359956456
33764.44,COL-min-ED,5983,6299,697368,0,geod_dist_to_target,30,2.2702955359956456
33764.44,COL-min-ED,5983,11743,697368,0,geod_dist_to_target,32,2.7018528507707855
33764.44,COL-min-ED,5983,11743,697368,0,geod_dist_to_target,34,2.7018528507707855
33764.44,COL-min-ED,5983,11743,697368,0,geod_dist_to_target,36,2.7018528507707855
33764.44,COL-min-ED,5983,11743,697368,0,geod_dist_to_target,38,2.7018528507707855
33764.44,COL-min-ED,5983,11743,697368,0,geod_dist_to_target,40,2.7018528507707855
33764.44,COL-min-ED,5983,11184,697368,0,geod_dist_to_target,42,2.59414724133331
33764.44,COL-min-ED,5983,11184,697368,0,geod_dist_to_target,44,2.59414724133331
33764.44,COL-min-ED,5983,11743,697368,0,geod_dist_to_target,46,2.7018528507707855
33764.44,COL-min-ED,5983,11184,697368,0,geod_dist_to_target,48,2.59414724133331
33764.44,COL-min-ED,5983,11184,697368,0,geod_dist_to_target,50,2.59414724133331
33764.44,COL-min-ED,5983,11184,697368,0,geod_dist_to_target,55,2.59414724133331
33764.44,COL-min-ED,5983,11184,697368,0,geod_dist_to_target,60,2.59414724133331
33764.44,COL-min-ED,5983,11502,697368,0,geod_dist_to_target,65,2.0266479818853873
33764.44,COL-min-ED,5983,10581,697368,0,geod_dist_to_target,70,29.14326319301667
33764.44,COL-min-ED,5983,9059,697368,0,geod_dist_to_target,75,3.126204145971123
33764.44,COL-min-ED,5983,9059,697368,0,geod_dist_to_target,80,3.126204145971123
33764.44,COL-min-ED,5983,9794,697368,0,geod_dist_to_target,85,3.6744430965784844
33764.44,COL-min-ED,5983,11502,697368,0,geod_dist_to_target,90,2.0266479818853873
33764.44,COL-min-ED,5983,11502,697368,0,geod_dist_to_target,95,2.0266479818853873
33764.44,COL-min-ED,5983,301,697368,0,geod_dist_to_target,100,1.7075531260173313
33764.44,COL-min-ED,5983,5983,201469,0,geod_dist_to_target,5,0.0
33764.44,COL-min-ED,5983,11445,201469,0,geod_dist_to_target,6,29.166719994463666
33764.44,COL-min-ED,5983,800,201469,0,geod_dist_to_target,7,3.0855103848980043
33764.44,COL-min-ED,5983,5967,201469,0,geod_dist_to_target,8,4.040824219337639
33764.44,COL-min-ED,5983,5967,201469,0,geod_dist_to_target,9,4.040824219337639
33764.44,COL-min-ED,5983,5967,201469,0,geod_dist_to_target,10,4.040824219337639
33764.44,COL-min-ED,5983,5967,201469,0,geod_dist_to_target,11,4.040824219337639
33764.44,COL-min-ED,5983,11336,201469,0,geod_dist_to_target,12,28.46660012291716
33764.44,COL-min-ED,5983,11336,201469,0,geod_dist_to_target,13,28.46660012291716
33764.44,COL-min-ED,5983,11336,201469,0,geod_dist_to_target,14,28.46660012291716
33764.44,COL-min-ED,5983,11445,201469,0,geod_dist_to_target,15,29.166719994463666
33764.44,COL-min-ED,5983,11445,201469,0,geod_dist_to_target,16,29.166719994463666
33764.44,COL-min-ED,5983,7538,201469,0,geod_dist_to_target,17,0.4426840496055589
33764.44,COL-min-ED,5983,7538,201469,0,geod_dist_to_target,18,0.4426840496055589
33764.44,COL-min-ED,5983,8585,201469,0,geod_dist_to_target,19,1.0077340930379142
33764.44,COL-min-ED,5983,8585,201469,0,geod_dist_to_target,20,1.0077340930379142
33764.44,COL-min-ED,5983,8585,201469,0,geod_dist_to_target,22,1.0077340930379142
33764.44,COL-min-ED,5983,8585,201469,0,geod_dist_to_target,24,1.0077340930379142
33764.44,COL-min-ED,5983,8585,201469,0,geod_dist_to_target,26,1.0077340930379142
33764.44,COL-min-ED,5983,8585,201469,0,geod_dist_to_target,28,1.0077340930379142
33764.44,COL-min-ED,5983,8585,201469,0,geod_dist_to_target,30,1.0077340930379142
33764.44,COL-min-ED,5983,8585,201469,0,geod_dist_to_target,32,1.0077340930379142
33764.44,COL-min-ED,5983,8585,201469,0,geod_dist_to_target,34,1.0077340930379142
33764.44,COL-min-ED,5983,8585,201469,0,geod_dist_to_target,36,1.0077340930379142
33764.44,COL-min-ED,5983,2907,201469,0,geod_dist_to_target,38,0.9362377411337676
33764.44,COL-min-ED,5983,2907,201469,0,geod_dist_to_target,40,0.9362377411337676
33764.44,COL-min-ED,5983,2907,201469,0,geod_dist_to_target,42,0.9362377411337676
33764.44,COL-min-ED,5983,5979,201469,0,geod_dist_to_target,44,1.2205760676431099
33764.44,COL-min-ED,5983,5979,201469,0,geod_dist_to_target,46,1.2205760676431099
33764.44,COL-min-ED,5983,10116,201469,0,geod_dist_to_target,48,1.6792729924689096
33764.44,COL-min-ED,5983,10116,201469,0,geod_dist_to_target,50,1.6792729924689096
33764.44,COL-min-ED,5983,10116,201469,0,geod_dist_to_target,55,1.6792729924689096
33764.44,COL-min-ED,5983,10116,201469,0,geod_dist_to_target,60,1.6792729924689096
33764.44,COL-min-ED,5983,2907,201469,0,geod_dist_to_target,65,0.9362377411337676
33764.44,COL-min-ED,5983,2907,201469,0,geod_dist_to_target,70,0.9362377411337676
33764.44,COL-min-ED,5983,2907,201469,0,geod_dist_to_target,75,0.9362377411337676
33764.44,COL-min-ED,5983,2907,201469,0,geod_dist_to_target,80,0.9362377411337676
33764.44,COL-min-ED,5983,11587,201469,0,geod_dist_to_target,85,2.117044903790314
33764.44,COL-min-ED,5983,11587,201469,0,geod_dist_to_target,90,2.117044903790314
33764.44,COL-min-ED,5983,2907,201469,0,geod_dist_to_target,95,0.9362377411337676
33764.44,COL-min-ED,5983,2907,201469,0,geod_dist_to_target,100,0.9362377411337676
33764.44,COL-min-ED,5983,1605,94177,0,geod_dist_to_target,5,29.868516620096205
33764.44,COL-min-ED,5983,1211,94177,0,geod_dist_to_target,6,7.7340754302886054
33764.44,COL-min-ED,5983,1211,94177,0,geod_dist_to_target,7,7.7340754302886054
33764.44,COL-min-ED,5983,1211,94177,0,geod_dist_to_target,8,7.7340754302886054
33764.44,COL-min-ED,5983,1211,94177,0,geod_dist_to_target,9,7.7340754302886054
33764.44,COL-min-ED,5983,1211,94177,0,geod_dist_to_target,10,7.7340754302886054
33764.44,COL-min-ED,5983,1211,94177,0,geod_dist_to_target,11,7.7340754302886054
33764.44,COL-min-ED,5983,1211,94177,0,geod_dist_to_target,12,7.7340754302886054
33764.44,COL-min-ED,5983,1211,94177,0,geod_dist_to_target,13,7.7340754302886054
33764.44,COL-min-ED,5983,1211,94177,0,geod_dist_to_target,14,7.7340754302886054
33764.44,COL-min-ED,5983,1211,94177,0,geod_dist_to_target,15,7.7340754302886054
33764.44,COL-min-ED,5983,1211,94177,0,geod_dist_to_target,16,7.7340754302886054
33764.44,COL-min-ED,5983,12655,94177,0,geod_dist_to_target,17,5.519473088886912
33764.44,COL-min-ED,5983,12655,94177,0,geod_dist_to_target,18,5.519473088886912
33764.44,COL-min-ED,5983,12655,94177,0,geod_dist_to_target,19,5.519473088886912
33764.44,COL-min-ED,5983,12655,94177,0,geod_dist_to_target,20,5.519473088886912
33764.44,COL-min-ED,5983,12655,94177,0,geod_dist_to_target,22,5.519473088886912
33764.44,COL-min-ED,5983,12655,94177,0,geod_dist_to_target,24,5.519473088886912
33764.44,COL-min-ED,5983,12655,94177,0,geod_dist_to_target,26,5.519473088886912
33764.44,COL-min-ED,5983,12655,94177,0,geod_dist_to_target,28,5.519473088886912
33764.44,COL-min-ED,5983,12655,94177,0,geod_dist_to_target,30,5.519473088886912
33764.44,COL-min-ED,5983,15,94177,0,geod_dist_to_target,32,2.173616594454181
33764.44,COL-min-ED,5983,800,94177,0,geod_dist_to_target,34,3.0855103848980043
33764.44,COL-min-ED,5983,800,94177,0,geod_dist_to_target,36,3.0855103848980043
33764.44,COL-min-ED,5983,1186,94177,0,geod_dist_to_target,38,2.195340195654131
33764.44,COL-min-ED,5983,1186,94177,0,geod_dist_to_target,40,2.195340195654131
33764.44,COL-min-ED,5983,1186,94177,0,geod_dist_to_target,42,2.195340195654131
33764.44,COL-min-ED,5983,1186,94177,0,geod_dist_to_target,44,2.195340195654131
33764.44,COL-min-ED,5983,12655,94177,0,geod_dist_to_target,46,5.519473088886912
33764.44,COL-min-ED,5983,12655,94177,0,geod_dist_to_target,48,5.519473088886912
33764.44,COL-min-ED,5983,12655,94177,0,geod_dist_to_target,50,5.519473088886912
33764.44,COL-min-ED,5983,15,94177,0,geod_dist_to_target,55,2.173616594454181
33764.44,COL-min-ED,5983,15,94177,0,geod_dist_to_target,60,2.173616594454181
33764.44,COL-min-ED,5983,12418,94177,0,geod_dist_to_target,65,6.484968195821966
33764.44,COL-min-ED,5983,5982,94177,0,geod_dist_to_target,70,0.5119943161671362
33764.44,COL-min-ED,5983,5982,94177,0,geod_dist_to_target,75,0.5119943161671362
33764.44,COL-min-ED,5983,5982,94177,0,geod_dist_to_target,80,0.5119943161671362
33764.44,COL-min-ED,5983,5982,94177,0,geod_dist_to_target,85,0.5119943161671362
33764.44,COL-min-ED,5983,11263,94177,0,geod_dist_to_target,90,1.7202879502600252
33764.44,COL-min-ED,5983,5982,94177,0,geod_dist_to_target,95,0.5119943161671362
33764.44,COL-min-ED,5983,5982,94177,0,geod_dist_to_target,100,0.5119943161671362
33764.44,KDPP,5983,11577,89250,0,geod_dist_to_target,5,33.10359657678533
33764.44,KDPP,5983,10581,89250,0,geod_dist_to_target,6,29.14326319301667
33764.44,KDPP,5983,10581,89250,0,geod_dist_to_target,7,29.14326319301667
33764.44,KDPP,5983,11213,89250,0,geod_dist_to_target,8,7.016893178583164
33764.44,KDPP,5983,2620,89250,0,geod_dist_to_target,9,28.9852946092047
33764.44,KDPP,5983,11213,89250,0,geod_dist_to_target,10,7.016893178583164
33764.44,KDPP,5983,11213,89250,0,geod_dist_to_target,11,7.016893178583164
33764.44,KDPP,5983,9059,89250,0,geod_dist_to_target,12,3.126204145971123
33764.44,KDPP,5983,9059,89250,0,geod_dist_to_target,13,3.126204145971123
33764.44,KDPP,5983,9059,89250,0,geod_dist_to_target,14,3.126204145971123
33764.44,KDPP,5983,9059,89250,0,geod_dist_to_target,15,3.126204145971123
33764.44,KDPP,5983,4542,89250,0,geod_dist_to_target,16,4.440870406657651
33764.44,KDPP,5983,9795,89250,0,geod_dist_to_target,17,4.123026492814799
33764.44,KDPP,5983,9795,89250,0,geod_dist_to_target,18,4.123026492814799
33764.44,KDPP,5983,9795,89250,0,geod_dist_to_target,19,4.123026492814799
33764.44,KDPP,5983,9795,89250,0,geod_dist_to_target,20,4.123026492814799
33764.44,KDPP,5983,6728,89250,0,geod_dist_to_target,22,4.196318995933011
33764.44,KDPP,5983,6728,89250,0,geod_dist_to_target,24,4.196318995933011
33764.44,KDPP,5983,6728,89250,0,geod_dist_to_target,26,4.196318995933011
33764.44,KDPP,5983,2780,89250,0,geod_dist_to_target,28,0.38313914837102586
33764.44,KDPP,5983,2780,89250,0,geod_dist_to_target,30,0.38313914837102586
33764.44,KDPP,5983,2780,89250,0,geod_dist_to_target,32,0.38313914837102586
33764.44,KDPP,5983,10618,89250,0,geod_dist_to_target,34,0.33925358679234946
33764.44,KDPP,5983,10618,89250,0,geod_dist_to_target,36,0.33925358679234946
33764.44,KDPP,5983,6728,89250,0,geod_dist_to_target,38,4.196318995933011
33764.44,KDPP,5983,10618,89250,0,geod_dist_to_target,40,0.33925358679234946
33764.44,KDPP,5983,8484,89250,0,geod_dist_to_target,42,0.23128259924412295
33764.44,KDPP,5983,8484,89250,0,geod_dist_to_target,44,0.23128259924412295
33764.44,KDPP,5983,10618,89250,0,geod_dist_to_target,46,0.33925358679234946
33764.44,KDPP,5983,10618,89250,0,geod_dist_to_target,48,0.33925358679234946
33764.44,KDPP,5983,8484,89250,0,geod_dist_to_target,50,0.23128259924412295
33764.44,KDPP,5983,8484,89250,0,geod_dist_to_target,55,0.23128259924412295
33764.44,KDPP,5983,8484,89250,0,geod_dist_to_target,60,0.23128259924412295
33764.44,KDPP,5983,8484,89250,0,geod_dist_to_target,65,0.23128259924412295
33764.44,KDPP,5983,8484,89250,0,geod_dist_to_target,70,0.23128259924412295
33764.44,KDPP,5983,8484,89250,0,geod_dist_to_target,75,0.23128259924412295
33764.44,KDPP,5983,8484,89250,0,geod_dist_to_target,80,0.23128259924412295
33764.44,KDPP,5983,8484,89250,0,geod_dist_to_target,85,0.23128259924412295
33764.44,KDPP,5983,8484,89250,0,geod_dist_to_target,90,0.23128259924412295
33764.44,KDPP,5983,8484,89250,0,geod_dist_to_target,95,0.23128259924412295
33764.44,KDPP,5983,8484,89250,0,geod_dist_to_target,100,0.23128259924412295
33764.44,KDPP,5983,242,773956,0,geod_dist_to_target,5,6.676633763844843
33764.44,KDPP,5983,1526,773956,0,geod_dist_to_target,6,1.4982882722963282
33764.44,KDPP,5983,1251,773956,0,geod_dist_to_target,7,6.216267123859886
33764.44,KDPP,5983,1251,773956,0,geod_dist_to_target,8,6.216267123859886
33764.44,KDPP,5983,10843,773956,0,geod_dist_to_target,9,8.198260712114836
33764.44,KDPP,5983,535,773956,0,geod_dist_to_target,10,8.77015659865494
33764.44,KDPP,5983,11082,773956,0,geod_dist_to_target,11,8.515163300451508
33764.44,KDPP,5983,1186,773956,0,geod_dist_to_target,12,2.195340195654131
33764.44,KDPP,5983,1186,773956,0,geod_dist_to_target,13,2.195340195654131
33764.44,KDPP,5983,11263,773956,0,geod_dist_to_target,14,1.7202879502600252
33764.44,KDPP,5983,11263,773956,0,geod_dist_to_target,15,1.7202879502600252
33764.44,KDPP,5983,11263,773956,0,geod_dist_to_target,16,1.7202879502600252
33764.44,KDPP,5983,11263,773956,0,geod_dist_to_target,17,1.7202879502600252
33764.44,KDPP,5983,11263,773956,0,geod_dist_to_target,18,1.7202879502600252
33764.44,KDPP,5983,11263,773956,0,geod_dist_to_target,19,1.7202879502600252
33764.44,KDPP,5983,11263,773956,0,geod_dist_to_target,20,1.7202879502600252
33764.44,KDPP,5983,11263,773956,0,geod_dist_to_target,22,1.7202879502600252
33764.44,KDPP,5983,11263,773956,0,geod_dist_to_target,24,1.7202879502600252
33764.44,KDPP,5983,11263,773956,0,geod_dist_to_target,26,1.7202879502600252
33764.44,KDPP,5983,11263,773956,0,geod_dist_to_target,28,1.7202879502600252
33764.44,KDPP,5983,11263,773956,0,geod_dist_to_target,30,1.7202879502600252
33764.44,KDPP,5983,11263,773956,0,geod_dist_to_target,32,1.7202879502600252
33764.44,KDPP,5983,5987,773956,0,geod_dist_to_target,34,0.14875433460620147
33764.44,KDPP,5983,5987,773956,0,geod_dist_to_target,36,0.14875433460620147
33764.44,KDPP,5983,5983,773956,0,geod_dist_to_target,38,0.0
33764.44,KDPP,5983,5983,773956,0,geod_dist_to_target,40,0.0
33764.44,KDPP,5983,5983,773956,0,geod_dist_to_target,42,0.0
33764.44,KDPP,5983,5983,773956,0,geod_dist_to_target,44,0.0
33764.44,KDPP,5983,5983,773956,0,geod_dist_to_target,46,0.0
33764.44,KDPP,5983,5983,773956,0,geod_dist_to_target,48,0.0
33764.44,KDPP,5983,5983,773956,0,geod_dist_to_target,50,0.0
33764.44,KDPP,5983,5983,773956,0,geod_dist_to_target,55,0.0
33764.44,KDPP,5983,5983,773956,0,geod_dist_to_target,60,0.0
33764.44,KDPP,5983,5983,773956,0,geod_dist_to_target,65,0.0
33764.44,KDPP,5983,5982,773956,0,geod_dist_to_target,70,0.5119943161671362
33764.44,KDPP,5983,5983,773956,0,geod_dist_to_target,75,0.0
33764.44,KDPP,5983,5983,773956,0,geod_dist_to_target,80,0.0
33764.44,KDPP,5983,5983,773956,0,geod_dist_to_target,85,0.0
33764.44,KDPP,5983,5983,773956,0,geod_dist_to_target,90,0.0
33764.44,KDPP,5983,5983,773956,0,geod_dist_to_target,95,0.0
33764.44,KDPP,5983,5983,773956,0,geod_dist_to_target,100,0.0
33764.44,KDPP,5983,2497,654571,0,geod_dist_to_target,5,37.457959236624774
33764.44,KDPP,5983,8262,654571,0,geod_dist_to_target,6,1.1388174811163212
33764.44,KDPP,5983,2104,654571,0,geod_dist_to_target,7,0.8494817018879054
33764.44,KDPP,5983,4084,654571,0,geod_dist_to_target,8,0.4336323330152751
33764.44,KDPP,5983,12461,654571,0,geod_dist_to_target,9,0.45239388719183316
33764.44,KDPP,5983,4084,654571,0,geod_dist_to_target,10,0.4336323330152751
33764.44,KDPP,5983,4084,654571,0,geod_dist_to_target,11,0.4336323330152751
33764.44,KDPP,5983,5987,654571,0,geod_dist_to_target,12,0.14875433460620147
33764.44,KDPP,5983,5987,654571,0,geod_dist_to_target,13,0.14875433460620147
33764.44,KDPP,5983,11263,654571,0,geod_dist_to_target,14,1.7202879502600252
33764.44,KDPP,5983,5983,654571,0,geod_dist_to_target,15,0.0
33764.44,KDPP,5983,5983,654571,0,geod_dist_to_target,16,0.0
33764.44,KDPP,5983,11263,654571,0,geod_dist_to_target,17,1.7202879502600252
33764.44,KDPP,5983,11263,654571,0,geod_dist_to_target,18,1.7202879502600252
33764.44,KDPP,5983,11263,654571,0,geod_dist_to_target,19,1.7202879502600252
33764.44,KDPP,5983,11263,654571,0,geod_dist_to_target,20,1.7202879502600252
33764.44,KDPP,5983,11263,654571,0,geod_dist_to_target,22,1.7202879502600252
33764.44,KDPP,5983,5987,654571,0,geod_dist_to_target,24,0.14875433460620147
33764.44,KDPP,5983,5987,654571,0,geod_dist_to_target,26,0.14875433460620147
33764.44,KDPP,5983,5987,654571,0,geod_dist_to_target,28,0.14875433460620147
33764.44,KDPP,5983,12461,654571,0,geod_dist_to_target,30,0.45239388719183316
33764.44,KDPP,5983,12461,654571,0,geod_dist_to_target,32,0.45239388719183316
33764.44,KDPP,5983,11263,654571,0,geod_dist_to_target,34,1.7202879502600252
33764.44,KDPP,5983,5983,654571,0,geod_dist_to_target,36,0.0
33764.44,KDPP,5983,5983,654571,0,geod_dist_to_target,38,0.0
33764.44,KDPP,5983,5983,654571,0,geod_dist_to_target,40,0.0
33764.44,KDPP,5983,12461,654571,0,geod_dist_to_target,42,0.45239388719183316
33764.44,KDPP,5983,12461,654571,0,geod_dist_to_target,44,0.45239388719183316
33764.44,KDPP,5983,12461,654571,0,geod_dist_to_target,46,0.45239388719183316
33764.44,KDPP,5983,5983,654571,0,geod_dist_to_target,48,0.0
33764.44,KDPP,5983,12461,654571,0,geod_dist_to_target,50,0.45239388719183316
33764.44,KDPP,5983,12461,654571,0,geod_dist_to_target,55,0.45239388719183316
33764.44,KDPP,5983,12461,654571,0,geod_dist_to_target,60,0.45239388719183316
33764.44,KDPP,5983,12461,654571,0,geod_dist_to_target,65,0.45239388719183316
33764.44,KDPP,5983,12461,654571,0,geod_dist_to_target,70,0.45239388719183316
33764.44,KDPP,5983,12461,654571,0,geod_dist_to_target,75,0.45239388719183316
33764.44,KDPP,5983,12461,654571,0,geod_dist_to_target,80,0.45239388719183316
33764.44,KDPP,5983,5987,654571,0,geod_dist_to_target,85,0.14875433460620147
33764.44,KDPP,5983,5987,654571,0,geod_dist_to_target,90,0.14875433460620147
33764.44,KDPP,5983,5983,654571,0,geod_dist_to_target,95,0.0
33764.44,KDPP,5983,5983,654571,0,geod_dist_to_target,100,0.0
33764.44,KDPP,5983,242,438878,0,geod_dist_to_target,5,6.676633763844843
33764.44,KDPP,5983,6354,438878,0,geod_dist_to_target,6,0.7829528673423116
33764.44,KDPP,5983,11263,438878,0,geod_dist_to_target,7,1.7202879502600252
33764.44,KDPP,5983,15,438878,0,geod_dist_to_target,8,2.173616594454181
33764.44,KDPP,5983,15,438878,0,geod_dist_to_target,9,2.173616594454181
33764.44,KDPP,5983,7259,438878,0,geod_dist_to_target,10,1.3521345105016975
33764.44,KDPP,5983,12461,438878,0,geod_dist_to_target,11,0.45239388719183316
33764.44,KDPP,5983,5983,438878,0,geod_dist_to_target,12,0.0
33764.44,KDPP,5983,5983,438878,0,geod_dist_to_target,13,0.0
33764.44,KDPP,5983,12461,438878,0,geod_dist_to_target,14,0.45239388719183316
33764.44,KDPP,5983,12461,438878,0,geod_dist_to_target,15,0.45239388719183316
33764.44,KDPP,5983,12461,438878,0,geod_dist_to_target,16,0.45239388719183316
33764.44,KDPP,5983,12461,438878,0,geod_dist_to_target,17,0.45239388719183316
33764.44,KDPP,5983,12461,438878,0,geod_dist_to_target,18,0.45239388719183316
33764.44,KDPP,5983,12461,438878,0,geod_dist_to_target,19,0.45239388719183316
33764.44,KDPP,5983,5987,438878,0,geod_dist_to_target,20,0.14875433460620147
33764.44,KDPP,5983,12461,438878,0,geod_dist_to_target,22,0.45239388719183316
33764.44,KDPP,5983,12461,438878,0,geod_dist_to_target,24,0.45239388719183316
33764.44,KDPP,5983,5983,438878,0,geod_dist_to_target,26,0.0
33764.44,KDPP,5983,10618,438878,0,geod_dist_to_target,28,0.33925358679234946
33764.44,KDPP,5983,10618,438878,0,geod_dist_to_target,30,0.33925358679234946
33764.44,KDPP,5983,7538,438878,0,geod_dist_to_target,32,0.4426840496055589
33764.44,KDPP,5983,7259,438878,0,geod_dist_to_target,34,1.3521345105016975
33764.44,KDPP,5983,5982,438878,0,geod_dist_to_target,36,0.5119943161671362
33764.44,KDPP,5983,5982,438878,0,geod_dist_to_target,38,0.5119943161671362
33764.44,KDPP,5983,5982,438878,0,geod_dist_to_target,40,0.5119943161671362
33764.44,KDPP,5983,5982,438878,0,geod_dist_to_target,42,0.5119943161671362
33764.44,KDPP,5983,5982,438878,0,geod_dist_to_target,44,0.5119943161671362
33764.44,KDPP,5983,5982,438878,0,geod_dist_to_target,46,0.5119943161671362
33764.44,KDPP,5983,5982,438878,0,geod_dist_to_target,48,0.5119943161671362
33764.44,KDPP,5983,5982,438878,0,geod_dist_to_target,50,0.5119943161671362
33764.44,KDPP,5983,8484,438878,0,geod_dist_to_target,55,0.23128259924412295
33764.44,KDPP,5983,8484,438878,0,geod_dist_to_target,60,0.23128259924412295
33764.44,KDPP,5983,5982,438878,0,geod_dist_to_target,65,0.5119943161671362
33764.44,KDPP,5983,8484,438878,0,geod_dist_to_target,70,0.23128259924412295
33764.44,KDPP,5983,8484,438878,0,geod_dist_to_target,75,0.23128259924412295
33764.44,KDPP,5983,8484,438878,0,geod_dist_to_target,80,0.23128259924412295
33764.44,KDPP,5983,8484,438878,0,geod_dist_to_target,85,0.23128259924412295
33764.44,KDPP,5983,8484,438878,0,geod_dist_to_target,90,0.23128259924412295
33764.44,KDPP,5983,8484,438878,0,geod_dist_to_target,95,0.23128259924412295
33764.44,KDPP,5983,8484,438878,0,geod_dist_to_target,100,0.23128259924412295
33764.44,KDPP,5983,6647,433015,0,geod_dist_to_target,5,33.80309926520699
33764.44,KDPP,5983,1653,433015,0,geod_dist_to_target,6,33.88152331385905
33764.44,KDPP,5983,1653,433015,0,geod_dist_to_target,7,33.88152331385905
33764.44,KDPP,5983,1653,433015,0,geod_dist_to_target,8,33.88152331385905
33764.44,KDPP,5983,1653,433015,0,geod_dist_to_target,9,33.88152331385905
33764.44,KDPP,5983,1653,433015,0,geod_dist_to_target,10,33.88152331385905
33764.44,KDPP,5983,7559,433015,0,geod_dist_to_target,11,28.495366076516607
33764.44,KDPP,5983,7559,433015,0,geod_dist_to_target,12,28.495366076516607
33764.44,KDPP,5983,7559,433015,0,geod_dist_to_target,13,28.495366076516607
33764.44,KDPP,5983,6854,433015,0,geod_dist_to_target,14,4.001485689835513
33764.44,KDPP,5983,6163,433015,0,geod_dist_to_target,15,3.5594170470406516
33764.44,KDPP,5983,10788,433015,0,geod_dist_to_target,16,0.9087044266107857
33764.44,KDPP,5983,6201,433015,0,geod_dist_to_target,17,0.7986699594099257
33764.44,KDPP,5983,10788,433015,0,geod_dist_to_target,18,0.9087044266107857
33764.44,KDPP,5983,10788,433015,0,geod_dist_to_target,19,0.9087044266107857
33764.44,KDPP,5983,10618,433015,0,geod_dist_to_target,20,0.33925358679234946
33764.44,KDPP,5983,10618,433015,0,geod_dist_to_target,22,0.33925358679234946
33764.44,KDPP,5983,10618,433015,0,geod_dist_to_target,24,0.33925358679234946
33764.44,KDPP,5983,10618,433015,0,geod_dist_to_target,26,0.33925358679234946
33764.44,KDPP,5983,10618,433015,0,geod_dist_to_target,28,0.33925358679234946
33764.44,KDPP,5983,7537,433015,0,geod_dist_to_target,30,0.16751588878275958
33764.44,KDPP,5983,7537,433015,0,geod_dist_to_target,32,0.16751588878275958
33764.44,KDPP,5983,10618,433015,0,geod_dist_to_target,34,0.33925358679234946
33764.44,KDPP,5983,10618,433015,0,geod_dist_to_target,36,0.33925358679234946
33764.44,KDPP,5983,7537,433015,0,geod_dist_to_target,38,0.16751588878275958
33764.44,KDPP,5983,7537,433015,0,geod_dist_to_target,40,0.16751588878275958
33764.44,KDPP,5983,7537,433015,0,geod_dist_to_target,42,0.16751588878275958
33764.44,KDPP,5983,7537,433015,0,geod_dist_to_target,44,0.16751588878275958
33764.44,KDPP,5983,7537,433015,0,geod_dist_to_target,46,0.16751588878275958
33764.44,KDPP,5983,7537,433015,0,geod_dist_to_target,48,0.16751588878275958
33764.44,KDPP,5983,7537,433015,0,geod_dist_to_target,50,0.16751588878275958
33764.44,KDPP,5983,7564,433015,0,geod_dist_to_target,55,0.6938234922285013
33764.44,KDPP,5983,7564,433015,0,geod_dist_to_target,60,0.6938234922285013
33764.44,KDPP,5983,7564,433015,0,geod_dist_to_target,65,0.6938234922285013
33764.44,KDPP,5983,7537,433015,0,geod_dist_to_target,70,0.16751588878275958
33764.44,KDPP,5983,2483,433015,0,geod_dist_to_target,75,0.9191736089149836
33764.44,KDPP,5983,7537,433015,0,geod_dist_to_target,80,0.16751588878275958
33764.44,KDPP,5983,10618,433015,0,geod_dist_to_target,85,0.33925358679234946
33764.44,KDPP,5983,10618,433015,0,geod_dist_to_target,90,0.33925358679234946
33764.44,KDPP,5983,10618,433015,0,geod_dist_to_target,95,0.33925358679234946
33764.44,KDPP,5983,10618,433015,0,geod_dist_to_target,100,0.33925358679234946
33764.44,KDPP,5983,5293,858597,0,geod_dist_to_target,5,30.840518361098436
33764.44,KDPP,5983,6158,858597,0,geod_dist_to_target,6,5.11887025664799
33764.44,KDPP,5983,1227,858597,0,geod_dist_to_target,7,3.273154088270564
33764.44,KDPP,5983,6722,858597,0,geod_dist_to_target,8,4.065944449602565
33764.44,KDPP,5983,1605,858597,0,geod_dist_to_target,9,29.868516620096205
33764.44,KDPP,5983,8059,858597,0,geod_dist_to_target,10,5.7971971025203715
33764.44,KDPP,5983,1605,858597,0,geod_dist_to_target,11,29.868516620096205
33764.44,KDPP,5983,1605,858597,0,geod_dist_to_target,12,29.868516620096205
33764.44,KDPP,5983,1605,858597,0,geod_dist_to_target,13,29.868516620096205
33764.44,KDPP,5983,11213,858597,0,geod_dist_to_target,14,7.016893178583164
33764.44,KDPP,5983,10581,858597,0,geod_dist_to_target,15,29.14326319301667
33764.44,KDPP,5983,1831,858597,0,geod_dist_to_target,16,7.0241289217949605
33764.44,KDPP,5983,8059,858597,0,geod_dist_to_target,17,5.7971971025203715
33764.44,KDPP,5983,8059,858597,0,geod_dist_to_target,18,5.7971971025203715
33764.44,KDPP,5983,8059,858597,0,geod_dist_to_target,19,5.7971971025203715
33764.44,KDPP,5983,8059,858597,0,geod_dist_to_target,20,5.7971971025203715
33764.44,KDPP,5983,8059,858597,0,geod_dist_to_target,22,5.7971971025203715
33764.44,KDPP,5983,8059,858597,0,geod_dist_to_target,24,5.7971971025203715
33764.44,KDPP,5983,8059,858597,0,geod_dist_to_target,26,5.7971971025203715
33764.44,KDPP,5983,3455,858597,0,geod_dist_to_target,28,5.725011245953163
33764.44,KDPP,5983,3455,858597,0,geod_dist_to_target,30,5.725011245953163
33764.44,KDPP,5983,8059,858597,0,geod_dist_to_target,32,5.7971971025203715
33764.44,KDPP,5983,4717,858597,0,geod_dist_to_target,34,4.7136878783415534
33764.44,KDPP,5983,4717,858597,0,geod_dist_to_target,36,4.7136878783415534
33764.44,KDPP,5983,3455,858597,0,geod_dist_to_target,38,5.725011245953163
33764.44,KDPP,5983,2780,858597,0,geod_dist_to_target,40,0.38313914837102586
33764.44,KDPP,5983,2780,858597,0,geod_dist_to_target,42,0.38313914837102586
33764.44,KDPP,5983,2780,858597,0,geod_dist_to_target,44,0.38313914837102586
33764.44,KDPP,5983,7538,858597,0,geod_dist_to_target,46,0.4426840496055589
33764.44,KDPP,5983,7538,858597,0,geod_dist_to_target,48,0.4426840496055589
33764.44,KDPP,5983,7538,858597,0,geod_dist_to_target,50,0.4426840496055589
33764.44,KDPP,5983,2780,858597,0,geod_dist_to_target,55,0.38313914837102586
33764.44,KDPP,5983,2780,858597,0,geod_dist_to_target,60,0.38313914837102586
33764.44,KDPP,5983,2780,858597,0,geod_dist_to_target,65,0.38313914837102586
33764.44,KDPP,5983,2780,858597,0,geod_dist_to_target,70,0.38313914837102586
33764.44,KDPP,5983,2780,858597,0,geod_dist_to_target,75,0.38313914837102586
33764.44,KDPP,5983,10618,858597,0,geod_dist_to_target,80,0.33925358679234946
33764.44,KDPP,5983,10618,858597,0,geod_dist_to_target,85,0.33925358679234946
33764.44,KDPP,5983,10618,858597,0,geod_dist_to_target,90,0.33925358679234946
33764.44,KDPP,5983,10618,858597,0,geod_dist_to_target,95,0.33925358679234946
33764.44,KDPP,5983,10618,858597,0,geod_dist_to_target,100,0.33925358679234946
33764.44,KDPP,5983,7556,85945,0,geod_dist_to_target,5,31.710488533460907
33764.44,KDPP,5983,6143,85945,0,geod_dist_to_target,6,8.140934874086756
33764.44,KDPP,5983,2620,85945,0,geod_dist_to_target,7,28.9852946092047
33764.44,KDPP,5983,2620,85945,0,geod_dist_to_target,8,28.9852946092047
33764.44,KDPP,5983,5501,85945,0,geod_dist_to_target,9,27.341733081727437
33764.44,KDPP,5983,11213,85945,0,geod_dist_to_target,10,7.016893178583164
33764.44,KDPP,5983,11213,85945,0,geod_dist_to_target,11,7.016893178583164
33764.44,KDPP,5983,1609,85945,0,geod_dist_to_target,12,28.196997240645686
33764.44,KDPP,5983,1609,85945,0,geod_dist_to_target,13,28.196997240645686
33764.44,KDPP,5983,2620,85945,0,geod_dist_to_target,14,28.9852946092047
33764.44,KDPP,5983,11502,85945,0,geod_dist_to_target,15,2.0266479818853873
33764.44,KDPP,5983,11502,85945,0,geod_dist_to_target,16,2.0266479818853873
33764.44,KDPP,5983,11122,85945,0,geod_dist_to_target,17,1.3827705773146313
33764.44,KDPP,5983,11122,85945,0,geod_dist_to_target,18,1.3827705773146313
33764.44,KDPP,5983,11122,85945,0,geod_dist_to_target,19,1.3827705773146313
33764.44,KDPP,5983,10788,85945,0,geod_dist_to_target,20,0.9087044266107857
33764.44,KDPP,5983,10788,85945,0,geod_dist_to_target,22,0.9087044266107857
33764.44,KDPP,5983,10788,85945,0,geod_dist_to_target,24,0.9087044266107857
33764.44,KDPP,5983,7564,85945,0,geod_dist_to_target,26,0.6938234922285013
33764.44,KDPP,5983,7564,85945,0,geod_dist_to_target,28,0.6938234922285013
33764.44,KDPP,5983,7564,85945,0,geod_dist_to_target,30,0.6938234922285013
33764.44,KDPP,5983,7564,85945,0,geod_dist_to_target,32,0.6938234922285013
33764.44,KDPP,5983,10618,85945,0,geod_dist_to_target,34,0.33925358679234946
33764.44,KDPP,5983,10618,85945,0,geod_dist_to_target,36,0.33925358679234946
33764.44,KDPP,5983,10618,85945,0,geod_dist_to_target,38,0.33925358679234946
33764.44,KDPP,5983,10618,85945,0,geod_dist_to_target,40,0.33925358679234946
33764.44,KDPP,5983,10618,85945,0,geod_dist_to_target,42,0.33925358679234946
33764.44,KDPP,5983,10618,85945,0,geod_dist_to_target,44,0.33925358679234946
33764.44,KDPP,5983,10618,85945,0,geod_dist_to_target,46,0.33925358679234946
33764.44,KDPP,5983,10618,85945,0,geod_dist_to_target,48,0.33925358679234946
33764.44,KDPP,5983,10618,85945,0,geod_dist_to_target,50,0.33925358679234946
33764.44,KDPP,5983,10618,85945,0,geod_dist_to_target,55,0.33925358679234946
33764.44,KDPP,5983,7537,85945,0,geod_dist_to_target,60,0.16751588878275958
33764.44,KDPP,5983,10618,85945,0,geod_dist_to_target,65,0.33925358679234946
33764.44,KDPP,5983,7537,85945,0,geod_dist_to_target,70,0.16751588878275958
33764.44,KDPP,5983,7537,85945,0,geod_dist_to_target,75,0.16751588878275958
33764.44,KDPP,5983,5983,85945,0,geod_dist_to_target,80,0.0
33764.44,KDPP,5983,5983,85945,0,geod_dist_to_target,85,0.0
33764.44,KDPP,5983,5983,85945,0,geod_dist_to_target,90,0.0
33764.44,KDPP,5983,5983,85945,0,geod_dist_to_target,95,0.0
33764.44,KDPP,5983,5983,85945,0,geod_dist_to_target,100,0.0
33764.44,KDPP,5983,25,697368,0,geod_dist_to_target,5,2.898280040938643
33764.44,KDPP,5983,6354,697368,0,geod_dist_to_target,6,0.7829528673423116
33764.44,KDPP,5983,1965,697368,0,geod_dist_to_target,7,0.33827962799439026
33764.44,KDPP,5983,1965,697368,0,geod_dist_to_target,8,0.33827962799439026
33764.44,KDPP,5983,1965,697368,0,geod_dist_to_target,9,0.33827962799439026
33764.44,KDPP,5983,5985,697368,0,geod_dist_to_target,10,0.4702370103112021
33764.44,KDPP,5983,726,697368,0,geod_dist_to_target,11,2.627340030795267
33764.44,KDPP,5983,12542,697368,0,geod_dist_to_target,12,3.9957749622017773
33764.44,KDPP,5983,12542,697368,0,geod_dist_to_target,13,3.9957749622017773
33764.44,KDPP,5983,800,697368,0,geod_dist_to_target,14,3.0855103848980043
33764.44,KDPP,5983,800,697368,0,geod_dist_to_target,15,3.0855103848980043
33764.44,KDPP,5983,800,697368,0,geod_dist_to_target,16,3.0855103848980043
33764.44,KDPP,5983,8059,697368,0,geod_dist_to_target,17,5.7971971025203715
33764.44,KDPP,5983,8059,697368,0,geod_dist_to_target,18,5.7971971025203715
33764.44,KDPP,5983,8059,697368,0,geod_dist_to_target,19,5.7971971025203715
33764.44,KDPP,5983,8059,697368,0,geod_dist_to_target,20,5.7971971025203715
33764.44,KDPP,5983,8059,697368,0,geod_dist_to_target,22,5.7971971025203715
33764.44,KDPP,5983,12418,697368,0,geod_dist_to_target,24,6.484968195821966
33764.44,KDPP,5983,8059,697368,0,geod_dist_to_target,26,5.7971971025203715
33764.44,KDPP,5983,8059,697368,0,geod_dist_to_target,28,5.7971971025203715
33764.44,KDPP,5983,8059,697368,0,geod_dist_to_target,30,5.7971971025203715
33764.44,KDPP,5983,8059,697368,0,geod_dist_to_target,32,5.7971971025203715
33764.44,KDPP,5983,12418,697368,0,geod_dist_to_target,34,6.484968195821966
33764.44,KDPP,5983,1831,697368,0,geod_dist_to_target,36,7.0241289217949605
33764.44,KDPP,5983,8059,697368,0,geod_dist_to_target,38,5.7971971025203715
33764.44,KDPP,5983,8059,697368,0,geod_dist_to_target,40,5.7971971025203715
33764.44,KDPP,5983,8059,697368,0,geod_dist_to_target,42,5.7971971025203715
33764.44,KDPP,5983,8059,697368,0,geod_dist_to_target,44,5.7971971025203715
33764.44,KDPP,5983,8059,697368,0,geod_dist_to_target,46,5.7971971025203715
33764.44,KDPP,5983,8059,697368,0,geod_dist_to_target,48,5.7971971025203715
33764.44,KDPP,5983,1831,697368,0,geod_dist_to_target,50,7.0241289217949605
33764.44,KDPP,5983,1831,697368,0,geod_dist_to_target,55,7.0241289217949605
33764.44,KDPP,5983,8059,697368,0,geod_dist_to_target,60,5.7971971025203715
33764.44,KDPP,5983,8059,697368,0,geod_dist_to_target,65,5.7971971025203715
33764.44,KDPP,5983,8059,697368,0,geod_dist_to_target,70,5.7971971025203715
33764.44,KDPP,5983,8059,697368,0,geod_dist_to_target,75,5.7971971025203715
33764.44,KDPP,5983,8059,697368,0,geod_dist_to_target,80,5.7971971025203715
33764.44,KDPP,5983,8059,697368,0,geod_dist_to_target,85,5.7971971025203715
33764.44,KDPP,5983,8059,697368,0,geod_dist_to_target,90,5.7971971025203715
33764.44,KDPP,5983,10618,697368,0,geod_dist_to_target,95,0.33925358679234946
33764.44,KDPP,5983,10618,697368,0,geod_dist_to_target,100,0.33925358679234946
33764.44,KDPP,5983,12458,201469,0,geod_dist_to_target,5,25.05520098614184
33764.44,KDPP,5983,6354,201469,0,geod_dist_to_target,6,0.7829528673423116
33764.44,KDPP,5983,4147,201469,0,geod_dist_to_target,7,0.8972680897674626
33764.44,KDPP,5983,4147,201469,0,geod_dist_to_target,8,0.8972680897674626
33764.44,KDPP,5983,4147,201469,0,geod_dist_to_target,9,0.8972680897674626
33764.44,KDPP,5983,4147,201469,0,geod_dist_to_target,10,0.8972680897674626
33764.44,KDPP,5983,4147,201469,0,geod_dist_to_target,11,0.8972680897674626
33764.44,KDPP,5983,5985,201469,0,geod_dist_to_target,12,0.4702370103112021
33764.44,KDPP,5983,5985,201469,0,geod_dist_to_target,13,0.4702370103112021
33764.44,KDPP,5983,5985,201469,0,geod_dist_to_target,14,0.4702370103112021
33764.44,KDPP,5983,4147,201469,0,geod_dist_to_target,15,0.8972680897674626
33764.44,KDPP,5983,5985,201469,0,geod_dist_to_target,16,0.4702370103112021
33764.44,KDPP,5983,4147,201469,0,geod_dist_to_target,17,0.8972680897674626
33764.44,KDPP,5983,4147,201469,0,geod_dist_to_target,18,0.8972680897674626
33764.44,KDPP,5983,1965,201469,0,geod_dist_to_target,19,0.33827962799439026
33764.44,KDPP,5983,1965,201469,0,geod_dist_to_target,20,0.33827962799439026
33764.44,KDPP,5983,1965,201469,0,geod_dist_to_target,22,0.33827962799439026
33764.44,KDPP,5983,1965,201469,0,geod_dist_to_target,24,0.33827962799439026
33764.44,KDPP,5983,5985,201469,0,geod_dist_to_target,26,0.4702370103112021
33764.44,KDPP,5983,5987,201469,0,geod_dist_to_target,28,0.14875433460620147
33764.44,KDPP,5983,5987,201469,0,geod_dist_to_target,30,0.14875433460620147
33764.44,KDPP,5983,5987,201469,0,geod_dist_to_target,32,0.14875433460620147
33764.44,KDPP,5983,11263,201469,0,geod_dist_to_target,34,1.7202879502600252
33764.44,KDPP,5983,11263,201469,0,geod_dist_to_target,36,1.7202879502600252
33764.44,KDPP,5983,5985,201469,0,geod_dist_to_target,38,0.4702370103112021
33764.44,KDPP,5983,5985,201469,0,geod_dist_to_target,40,0.4702370103112021
33764.44,KDPP,5983,5985,201469,0,geod_dist_to_target,42,0.4702370103112021
33764.44,KDPP,5983,5985,201469,0,geod_dist_to_target,44,0.4702370103112021
33764.44,KDPP,5983,5985,201469,0,geod_dist_to_target,46,0.4702370103112021
33764.44,KDPP,5983,5985,201469,0,geod_dist_to_target,48,0.4702370103112021
33764.44,KDPP,5983,5985,201469,0,geod_dist_to_target,50,0.4702370103112021
33764.44,KDPP,5983,5987,201469,0,geod_dist_to_target,55,0.14875433460620147
33764.44,KDPP,5983,5987,201469,0,geod_dist_to_target,60,0.14875433460620147
33764.44,KDPP,5983,5987,201469,0,geod_dist_to_target,65,0.14875433460620147
33764.44,KDPP,5983,5987,201469,0,geod_dist_to_target,70,0.14875433460620147
33764.44,KDPP,5983,5987,201469,0,geod_dist_to_target,75,0.14875433460620147
33764.44,KDPP,5983,5987,201469,0,geod_dist_to_target,80,0.14875433460620147
33764.44,KDPP,5983,5987,201469,0,geod_dist_to_target,85,0.14875433460620147
33764.44,KDPP,5983,5987,201469,0,geod_dist_to_target,90,0.14875433460620147
33764.44,KDPP,5983,5987,201469,0,geod_dist_to_target,95,0.14875433460620147
33764.44,KDPP,5983,5987,201469,0,geod_dist_to_target,100,0.14875433460620147
33764.44,KDPP,5983,8444,94177,0,geod_dist_to_target,5,33.221062945588805
33764.44,KDPP,5983,6421,94177,0,geod_dist_to_target,6,2.3518602124746373
33764.44,KDPP,5983,6299,94177,0,geod_dist_to_target,7,2.2702955359956456
33764.44,KDPP,5983,2104,94177,0,geod_dist_to_target,8,0.8494817018879054
33764.44,KDPP,5983,6211,94177,0,geod_dist_to_target,9,1.3002540924168604
33764.44,KDPP,5983,6211,94177,0,geod_dist_to_target,10,1.3002540924168604
33764.44,KDPP,5983,2483,94177,0,geod_dist_to_target,11,0.9191736089149836
33764.44,KDPP,5983,2483,94177,0,geod_dist_to_target,12,0.9191736089149836
33764.44,KDPP,5983,2483,94177,0,geod_dist_to_target,13,0.9191736089149836
33764.44,KDPP,5983,2483,94177,0,geod_dist_to_target,14,0.9191736089149836
33764.44,KDPP,5983,2483,94177,0,geod_dist_to_target,15,0.9191736089149836
33764.44,KDPP,5983,12534,94177,0,geod_dist_to_target,16,1.3796792595163454
33764.44,KDPP,5983,3001,94177,0,geod_dist_to_target,17,1.3607795684798007
33764.44,KDPP,5983,3001,94177,0,geod_dist_to_target,18,1.3607795684798007
33764.44,KDPP,5983,2483,94177,0,geod_dist_to_target,19,0.9191736089149836
33764.44,KDPP,5983,2483,94177,0,geod_dist_to_target,20,0.9191736089149836
33764.44,KDPP,5983,2483,94177,0,geod_dist_to_target,22,0.9191736089149836
33764.44,KDPP,5983,7564,94177,0,geod_dist_to_target,24,0.6938234922285013
33764.44,KDPP,5983,7564,94177,0,geod_dist_to_target,26,0.6938234922285013
33764.44,KDPP,5983,7537,94177,0,geod_dist_to_target,28,0.16751588878275958
33764.44,KDPP,5983,7537,94177,0,geod_dist_to_target,30,0.16751588878275958
33764.44,KDPP,5983,7564,94177,0,geod_dist_to_target,32,0.6938234922285013
33764.44,KDPP,5983,10618,94177,0,geod_dist_to_target,34,0.33925358679234946
33764.44,KDPP,5983,7564,94177,0,geod_dist_to_target,36,0.6938234922285013
33764.44,KDPP,5983,10618,94177,0,geod_dist_to_target,38,0.33925358679234946
33764.44,KDPP,5983,10618,94177,0,geod_dist_to_target,40,0.33925358679234946
33764.44,KDPP,5983,10618,94177,0,geod_dist_to_target,42,0.33925358679234946
33764.44,KDPP,5983,10618,94177,0,geod_dist_to_target,44,0.33925358679234946
33764.44,KDPP,5983,10618,94177,0,geod_dist_to_target,46,0.33925358679234946
33764.44,KDPP,5983,10618,94177,0,geod_dist_to_target,48,0.33925358679234946
33764.44,KDPP,5983,10618,94177,0,geod_dist_to_target,50,0.33925358679234946
33764.44,KDPP,5983,2483,94177,0,geod_dist_to_target,55,0.9191736089149836
33764.44,KDPP,5983,2483,94177,0,geod_dist_to_target,60,0.9191736089149836
33764.44,KDPP,5983,2483,94177,0,geod_dist_to_target,65,0.9191736089149836
33764.44,KDPP,5983,2483,94177,0,geod_dist_to_target,70,0.9191736089149836
33764.44,KDPP,5983,7537,94177,0,geod_dist_to_target,75,0.16751588878275958
33764.44,KDPP,5983,7537,94177,0,geod_dist_to_target,80,0.16751588878275958
33764.44,KDPP,5983,7537,94177,0,geod_dist_to_target,85,0.16751588878275958
33764.44,KDPP,5983,7537,94177,0,geod_dist_to_target,90,0.16751588878275958
33764.44,KDPP,5983,10618,94177,0,geod_dist_to_target,95,0.33925358679234946
33764.44,KDPP,5983,10618,94177,0,geod_dist_to_target,100,0.33925358679234946
33764.44,KDPP-Norm,5983,1772,89250,0,geod_dist_to_target,5,9.378406340140051
33764.44,KDPP-Norm,5983,6211,89250,0,geod_dist_to_target,6,1.3002540924168604
33764.44,KDPP-Norm,5983,4084,89250,0,geod_dist_to_target,7,0.4336323330152751
33764.44,KDPP-Norm,5983,5980,89250,0,geod_dist_to_target,8,1.7811997132479132
33764.44,KDPP-Norm,5983,1965,89250,0,geod_dist_to_target,9,0.33827962799439026
33764.44,KDPP-Norm,5983,5980,89250,0,geod_dist_to_target,10,1.7811997132479132
33764.44,KDPP-Norm,5983,1965,89250,0,geod_dist_to_target,11,0.33827962799439026
33764.44,KDPP-Norm,5983,1965,89250,0,geod_dist_to_target,12,0.33827962799439026
33764.44,KDPP-Norm,5983,1965,89250,0,geod_dist_to_target,13,0.33827962799439026
33764.44,KDPP-Norm,5983,11952,89250,0,geod_dist_to_target,14,1.4432440174222272
33764.44,KDPP-Norm,5983,3029,89250,0,geod_dist_to_target,15,1.0669524779254604
33764.44,KDPP-Norm,5983,11952,89250,0,geod_dist_to_target,16,1.4432440174222272
33764.44,KDPP-Norm,5983,11952,89250,0,geod_dist_to_target,17,1.4432440174222272
33764.44,KDPP-Norm,5983,11952,89250,0,geod_dist_to_target,18,1.4432440174222272
33764.44,KDPP-Norm,5983,11952,89250,0,geod_dist_to_target,19,1.4432440174222272
33764.44,KDPP-Norm,5983,12461,89250,0,geod_dist_to_target,20,0.45239388719183316
33764.44,KDPP-Norm,5983,7537,89250,0,geod_dist_to_target,22,0.16751588878275958
33764.44,KDPP-Norm,5983,5983,89250,0,geod_dist_to_target,24,0.0
33764.44,KDPP-Norm,5983,5983,89250,0,geod_dist_to_target,26,0.0
33764.44,KDPP-Norm,5983,5983,89250,0,geod_dist_to_target,28,0.0
33764.44,KDPP-Norm,5983,12461,89250,0,geod_dist_to_target,30,0.45239388719183316
33764.44,KDPP-Norm,5983,5983,89250,0,geod_dist_to_target,32,0.0
33764.44,KDPP-Norm,5983,5983,89250,0,geod_dist_to_target,34,0.0
33764.44,KDPP-Norm,5983,5983,89250,0,geod_dist_to_target,36,0.0
33764.44,KDPP-Norm,5983,5983,89250,0,geod_dist_to_target,38,0.0
33764.44,KDPP-Norm,5983,5983,89250,0,geod_dist_to_target,40,0.0
33764.44,KDPP-Norm,5983,5983,89250,0,geod_dist_to_target,42,0.0
33764.44,KDPP-Norm,5983,5983,89250,0,geod_dist_to_target,44,0.0
33764.44,KDPP-Norm,5983,5983,89250,0,geod_dist_to_target,46,0.0
33764.44,KDPP-Norm,5983,5983,89250,0,geod_dist_to_target,48,0.0
33764.44,KDPP-Norm,5983,5983,89250,0,geod_dist_to_target,50,0.0
33764.44,KDPP-Norm,5983,5983,89250,0,geod_dist_to_target,55,0.0
33764.44,KDPP-Norm,5983,5982,89250,0,geod_dist_to_target,60,0.5119943161671362
33764.44,KDPP-Norm,5983,5982,89250,0,geod_dist_to_target,65,0.5119943161671362
33764.44,KDPP-Norm,5983,5982,89250,0,geod_dist_to_target,70,0.5119943161671362
33764.44,KDPP-Norm,5983,5982,89250,0,geod_dist_to_target,75,0.5119943161671362
33764.44,KDPP-Norm,5983,5983,89250,0,geod_dist_to_target,80,0.0
33764.44,KDPP-Norm,5983,5982,89250,0,geod_dist_to_target,85,0.5119943161671362
33764.44,KDPP-Norm,5983,5983,89250,0,geod_dist_to_target,90,0.0
33764.44,KDPP-Norm,5983,5983,89250,0,geod_dist_to_target,95,0.0
33764.44,KDPP-Norm,5983,5983,89250,0,geod_dist_to_target,100,0.0
33764.44,KDPP-Norm,5983,3992,773956,0,geod_dist_to_target,5,5.806065599864275
33764.44,KDPP-Norm,5983,10541,773956,0,geod_dist_to_target,6,2.068514378624252
33764.44,KDPP-Norm,5983,2987,773956,0,geod_dist_to_target,7,44.20275111737714
33764.44,KDPP-Norm,5983,2987,773956,0,geod_dist_to_target,8,44.20275111737714
33764.44,KDPP-Norm,5983,2104,773956,0,geod_dist_to_target,9,0.8494817018879054
33764.44,KDPP-Norm,5983,8585,773956,0,geod_dist_to_target,10,1.0077340930379142
33764.44,KDPP-Norm,5983,8585,773956,0,geod_dist_to_target,11,1.0077340930379142
33764.44,KDPP-Norm,5983,8585,773956,0,geod_dist_to_target,12,1.0077340930379142
33764.44,KDPP-Norm,5983,8585,773956,0,geod_dist_to_target,13,1.0077340930379142
33764.44,KDPP-Norm,5983,8585,773956,0,geod_dist_to_target,14,1.0077340930379142
33764.44,KDPP-Norm,5983,2907,773956,0,geod_dist_to_target,15,0.9362377411337676
33764.44,KDPP-Norm,5983,2907,773956,0,geod_dist_to_target,16,0.9362377411337676
33764.44,KDPP-Norm,5983,3001,773956,0,geod_dist_to_target,17,1.3607795684798007
33764.44,KDPP-Norm,5983,2483,773956,0,geod_dist_to_target,18,0.9191736089149836
33764.44,KDPP-Norm,5983,1186,773956,0,geod_dist_to_target,19,2.195340195654131
33764.44,KDPP-Norm,5983,1186,773956,0,geod_dist_to_target,20,2.195340195654131
33764.44,KDPP-Norm,5983,2104,773956,0,geod_dist_to_target,22,0.8494817018879054
33764.44,KDPP-Norm,5983,2104,773956,0,geod_dist_to_target,24,0.8494817018879054
33764.44,KDPP-Norm,5983,2104,773956,0,geod_dist_to_target,26,0.8494817018879054
33764.44,KDPP-Norm,5983,2483,773956,0,geod_dist_to_target,28,0.9191736089149836
33764.44,KDPP-Norm,5983,12461,773956,0,geod_dist_to_target,30,0.45239388719183316
33764.44,KDPP-Norm,5983,2483,773956,0,geod_dist_to_target,32,0.9191736089149836
33764.44,KDPP-Norm,5983,2104,773956,0,geod_dist_to_target,34,0.8494817018879054
33764.44,KDPP-Norm,5983,2104,773956,0,geod_dist_to_target,36,0.8494817018879054
33764.44,KDPP-Norm,5983,12461,773956,0,geod_dist_to_target,38,0.45239388719183316
33764.44,KDPP-Norm,5983,2104,773956,0,geod_dist_to_target,40,0.8494817018879054
33764.44,KDPP-Norm,5983,2104,773956,0,geod_dist_to_target,42,0.8494817018879054
33764.44,KDPP-Norm,5983,2104,773956,0,geod_dist_to_target,44,0.8494817018879054
33764.44,KDPP-Norm,5983,2104,773956,0,geod_dist_to_target,46,0.8494817018879054
33764.44,KDPP-Norm,5983,2104,773956,0,geod_dist_to_target,48,0.8494817018879054
33764.44,KDPP-Norm,5983,12461,773956,0,geod_dist_to_target,50,0.45239388719183316
33764.44,KDPP-Norm,5983,12461,773956,0,geod_dist_to_target,55,0.45239388719183316
33764.44,KDPP-Norm,5983,12461,773956,0,geod_dist_to_target,60,0.45239388719183316
33764.44,KDPP-Norm,5983,12461,773956,0,geod_dist_to_target,65,0.45239388719183316
33764.44,KDPP-Norm,5983,12461,773956,0,geod_dist_to_target,70,0.45239388719183316
33764.44,KDPP-Norm,5983,12461,773956,0,geod_dist_to_target,75,0.45239388719183316
33764.44,KDPP-Norm,5983,12461,773956,0,geod_dist_to_target,80,0.45239388719183316
33764.44,KDPP-Norm,5983,12461,773956,0,geod_dist_to_target,85,0.45239388719183316
33764.44,KDPP-Norm,5983,7537,773956,0,geod_dist_to_target,90,0.16751588878275958
33764.44,KDPP-Norm,5983,7537,773956,0,geod_dist_to_target,95,0.16751588878275958
33764.44,KDPP-Norm,5983,7537,773956,0,geod_dist_to_target,100,0.16751588878275958
33764.44,KDPP-Norm,5983,10581,654571,0,geod_dist_to_target,5,29.14326319301667
33764.44,KDPP-Norm,5983,5496,654571,0,geod_dist_to_target,6,27.489461463143574
33764.44,KDPP-Norm,5983,9028,654571,0,geod_dist_to_target,7,28.838919216898535
33764.44,KDPP-Norm,5983,11225,654571,0,geod_dist_to_target,8,28.38258179721565
33764.44,KDPP-Norm,5983,9028,654571,0,geod_dist_to_target,9,28.838919216898535
33764.44,KDPP-Norm,5983,9028,654571,0,geod_dist_to_target,10,28.838919216898535
33764.44,KDPP-Norm,5983,9028,654571,0,geod_dist_to_target,11,28.838919216898535
33764.44,KDPP-Norm,5983,9028,654571,0,geod_dist_to_target,12,28.838919216898535
33764.44,KDPP-Norm,5983,11225,654571,0,geod_dist_to_target,13,28.38258179721565
33764.44,KDPP-Norm,5983,499,654571,0,geod_dist_to_target,14,5.334583897701716
33764.44,KDPP-Norm,5983,499,654571,0,geod_dist_to_target,15,5.334583897701716
33764.44,KDPP-Norm,5983,6732,654571,0,geod_dist_to_target,16,4.741033257667164
33764.44,KDPP-Norm,5983,10536,654571,0,geod_dist_to_target,17,4.685631080618894
33764.44,KDPP-Norm,5983,10536,654571,0,geod_dist_to_target,18,4.685631080618894
33764.44,KDPP-Norm,5983,10536,654571,0,geod_dist_to_target,19,4.685631080618894
33764.44,KDPP-Norm,5983,10536,654571,0,geod_dist_to_target,20,4.685631080618894
33764.44,KDPP-Norm,5983,10618,654571,0,geod_dist_to_target,22,0.33925358679234946
33764.44,KDPP-Norm,5983,11502,654571,0,geod_dist_to_target,24,2.0266479818853873
33764.44,KDPP-Norm,5983,11502,654571,0,geod_dist_to_target,26,2.0266479818853873
33764.44,KDPP-Norm,5983,11502,654571,0,geod_dist_to_target,28,2.0266479818853873
33764.44,KDPP-Norm,5983,9794,654571,0,geod_dist_to_target,30,3.6744430965784844
33764.44,KDPP-Norm,5983,10788,654571,0,geod_dist_to_target,32,0.9087044266107857
33764.44,KDPP-Norm,5983,10788,654571,0,geod_dist_to_target,34,0.9087044266107857
33764.44,KDPP-Norm,5983,10788,654571,0,geod_dist_to_target,36,0.9087044266107857
33764.44,KDPP-Norm,5983,10788,654571,0,geod_dist_to_target,38,0.9087044266107857
33764.44,KDPP-Norm,5983,10788,654571,0,geod_dist_to_target,40,0.9087044266107857
33764.44,KDPP-Norm,5983,10788,654571,0,geod_dist_to_target,42,0.9087044266107857
33764.44,KDPP-Norm,5983,10788,654571,0,geod_dist_to_target,44,0.9087044266107857
33764.44,KDPP-Norm,5983,7564,654571,0,geod_dist_to_target,46,0.6938234922285013
33764.44,KDPP-Norm,5983,7564,654571,0,geod_dist_to_target,48,0.6938234922285013
33764.44,KDPP-Norm,5983,7564,654571,0,geod_dist_to_target,50,0.6938234922285013
33764.44,KDPP-Norm,5983,10788,654571,0,geod_dist_to_target,55,0.9087044266107857
33764.44,KDPP-Norm,5983,7564,654571,0,geod_dist_to_target,60,0.6938234922285013
33764.44,KDPP-Norm,5983,2483,654571,0,geod_dist_to_target,65,0.9191736089149836
33764.44,KDPP-Norm,5983,2483,654571,0,geod_dist_to_target,70,0.9191736089149836
33764.44,KDPP-Norm,5983,2483,654571,0,geod_dist_to_target,75,0.9191736089149836
33764.44,KDPP-Norm,5983,2483,654571,0,geod_dist_to_target,80,0.9191736089149836
33764.44,KDPP-Norm,5983,2483,654571,0,geod_dist_to_target,85,0.9191736089149836
33764.44,KDPP-Norm,5983,2483,654571,0,geod_dist_to_target,90,0.9191736089149836
33764.44,KDPP-Norm,5983,7564,654571,0,geod_dist_to_target,95,0.6938234922285013
33764.44,KDPP-Norm,5983,7564,654571,0,geod_dist_to_target,100,0.6938234922285013
33764.44,KDPP-Norm,5983,4147,438878,0,geod_dist_to_target,5,0.8972680897674626
33764.44,KDPP-Norm,5983,1943,438878,0,geod_dist_to_target,6,6.069029424365351
33764.44,KDPP-Norm,5983,12542,438878,0,geod_dist_to_target,7,3.9957749622017773
33764.44,KDPP-Norm,5983,6728,438878,0,geod_dist_to_target,8,4.196318995933011
33764.44,KDPP-Norm,5983,3305,438878,0,geod_dist_to_target,9,3.5282318567488584
33764.44,KDPP-Norm,5983,4084,438878,0,geod_dist_to_target,10,0.4336323330152751
33764.44,KDPP-Norm,5983,9124,438878,0,geod_dist_to_target,11,0.7243505570719936
33764.44,KDPP-Norm,5983,9124,438878,0,geod_dist_to_target,12,0.7243505570719936
33764.44,KDPP-Norm,5983,4084,438878,0,geod_dist_to_target,13,0.4336323330152751
33764.44,KDPP-Norm,5983,4084,438878,0,geod_dist_to_target,14,0.4336323330152751
33764.44,KDPP-Norm,5983,4084,438878,0,geod_dist_to_target,15,0.4336323330152751
33764.44,KDPP-Norm,5983,9124,438878,0,geod_dist_to_target,16,0.7243505570719936
33764.44,KDPP-Norm,5983,9124,438878,0,geod_dist_to_target,17,0.7243505570719936
33764.44,KDPP-Norm,5983,9124,438878,0,geod_dist_to_target,18,0.7243505570719936
33764.44,KDPP-Norm,5983,4084,438878,0,geod_dist_to_target,19,0.4336323330152751
33764.44,KDPP-Norm,5983,4084,438878,0,geod_dist_to_target,20,0.4336323330152751
33764.44,KDPP-Norm,5983,5987,438878,0,geod_dist_to_target,22,0.14875433460620147
33764.44,KDPP-Norm,5983,5987,438878,0,geod_dist_to_target,24,0.14875433460620147
33764.44,KDPP-Norm,5983,5987,438878,0,geod_dist_to_target,26,0.14875433460620147
33764.44,KDPP-Norm,5983,5987,438878,0,geod_dist_to_target,28,0.14875433460620147
33764.44,KDPP-Norm,5983,12461,438878,0,geod_dist_to_target,30,0.45239388719183316
33764.44,KDPP-Norm,5983,12461,438878,0,geod_dist_to_target,32,0.45239388719183316
33764.44,KDPP-Norm,5983,12461,438878,0,geod_dist_to_target,34,0.45239388719183316
33764.44,KDPP-Norm,5983,12461,438878,0,geod_dist_to_target,36,0.45239388719183316
33764.44,KDPP-Norm,5983,7537,438878,0,geod_dist_to_target,38,0.16751588878275958
33764.44,KDPP-Norm,5983,7537,438878,0,geod_dist_to_target,40,0.16751588878275958
33764.44,KDPP-Norm,5983,7537,438878,0,geod_dist_to_target,42,0.16751588878275958
33764.44,KDPP-Norm,5983,7537,438878,0,geod_dist_to_target,44,0.16751588878275958
33764.44,KDPP-Norm,5983,7537,438878,0,geod_dist_to_target,46,0.16751588878275958
33764.44,KDPP-Norm,5983,7537,438878,0,geod_dist_to_target,48,0.16751588878275958
33764.44,KDPP-Norm,5983,7537,438878,0,geod_dist_to_target,50,0.16751588878275958
33764.44,KDPP-Norm,5983,7537,438878,0,geod_dist_to_target,55,0.16751588878275958
33764.44,KDPP-Norm,5983,5983,438878,0,geod_dist_to_target,60,0.0
33764.44,KDPP-Norm,5983,5983,438878,0,geod_dist_to_target,65,0.0
33764.44,KDPP-Norm,5983,5983,438878,0,geod_dist_to_target,70,0.0
33764.44,KDPP-Norm,5983,8484,438878,0,geod_dist_to_target,75,0.23128259924412295
33764.44,KDPP-Norm,5983,8484,438878,0,geod_dist_to_target,80,0.23128259924412295
33764.44,KDPP-Norm,5983,8484,438878,0,geod_dist_to_target,85,0.23128259924412295
33764.44,KDPP-Norm,5983,8484,438878,0,geod_dist_to_target,90,0.23128259924412295
33764.44,KDPP-Norm,5983,8484,438878,0,geod_dist_to_target,95,0.23128259924412295
33764.44,KDPP-Norm,5983,8484,438878,0,geod_dist_to_target,100,0.23128259924412295
33764.44,KDPP-Norm,5983,8606,433015,0,geod_dist_to_target,5,8.547791434583603
33764.44,KDPP-Norm,5983,6744,433015,0,geod_dist_to_target,6,4.924657136334165
33764.44,KDPP-Norm,5983,6744,433015,0,geod_dist_to_target,7,4.924657136334165
33764.44,KDPP-Norm,5983,9903,433015,0,geod_dist_to_target,8,5.4053107264947675
33764.44,KDPP-Norm,5983,9903,433015,0,geod_dist_to_target,9,5.4053107264947675
33764.44,KDPP-Norm,5983,9903,433015,0,geod_dist_to_target,10,5.4053107264947675
33764.44,KDPP-Norm,5983,9903,433015,0,geod_dist_to_target,11,5.4053107264947675
33764.44,KDPP-Norm,5983,9903,433015,0,geod_dist_to_target,12,5.4053107264947675
33764.44,KDPP-Norm,5983,9903,433015,0,geod_dist_to_target,13,5.4053107264947675
33764.44,KDPP-Norm,5983,9903,433015,0,geod_dist_to_target,14,5.4053107264947675
33764.44,KDPP-Norm,5983,9903,433015,0,geod_dist_to_target,15,5.4053107264947675
33764.44,KDPP-Norm,5983,9903,433015,0,geod_dist_to_target,16,5.4053107264947675
33764.44,KDPP-Norm,5983,10536,433015,0,geod_dist_to_target,17,4.685631080618894
33764.44,KDPP-Norm,5983,10536,433015,0,geod_dist_to_target,18,4.685631080618894
33764.44,KDPP-Norm,5983,10536,433015,0,geod_dist_to_target,19,4.685631080618894
33764.44,KDPP-Norm,5983,7259,433015,0,geod_dist_to_target,20,1.3521345105016975
33764.44,KDPP-Norm,5983,7259,433015,0,geod_dist_to_target,22,1.3521345105016975
33764.44,KDPP-Norm,5983,6728,433015,0,geod_dist_to_target,24,4.196318995933011
33764.44,KDPP-Norm,5983,8585,433015,0,geod_dist_to_target,26,1.0077340930379142
33764.44,KDPP-Norm,5983,7538,433015,0,geod_dist_to_target,28,0.4426840496055589
33764.44,KDPP-Norm,5983,7538,433015,0,geod_dist_to_target,30,0.4426840496055589
33764.44,KDPP-Norm,5983,8585,433015,0,geod_dist_to_target,32,1.0077340930379142
33764.44,KDPP-Norm,5983,8585,433015,0,geod_dist_to_target,34,1.0077340930379142
33764.44,KDPP-Norm,5983,8585,433015,0,geod_dist_to_target,36,1.0077340930379142
33764.44,KDPP-Norm,5983,7538,433015,0,geod_dist_to_target,38,0.4426840496055589
33764.44,KDPP-Norm,5983,8585,433015,0,geod_dist_to_target,40,1.0077340930379142
33764.44,KDPP-Norm,5983,7538,433015,0,geod_dist_to_target,42,0.4426840496055589
33764.44,KDPP-Norm,5983,8585,433015,0,geod_dist_to_target,44,1.0077340930379142
33764.44,KDPP-Norm,5983,7538,433015,0,geod_dist_to_target,46,0.4426840496055589
33764.44,KDPP-Norm,5983,8585,433015,0,geod_dist_to_target,48,1.0077340930379142
33764.44,KDPP-Norm,5983,8585,433015,0,geod_dist_to_target,50,1.0077340930379142
33764.44,KDPP-Norm,5983,2780,433015,0,geod_dist_to_target,55,0.38313914837102586
33764.44,KDPP-Norm,5983,2780,433015,0,geod_dist_to_target,60,0.38313914837102586
33764.44,KDPP-Norm,5983,2780,433015,0,geod_dist_to_target,65,0.38313914837102586
33764.44,KDPP-Norm,5983,10618,433015,0,geod_dist_to_target,70,0.33925358679234946
33764.44,KDPP-Norm,5983,10618,433015,0,geod_dist_to_target,75,0.33925358679234946
33764.44,KDPP-Norm,5983,10618,433015,0,geod_dist_to_target,80,0.33925358679234946
33764.44,KDPP-Norm,5983,10618,433015,0,geod_dist_to_target,85,0.33925358679234946
33764.44,KDPP-Norm,5983,10618,433015,0,geod_dist_to_target,90,0.33925358679234946
33764.44,KDPP-Norm,5983,10618,433015,0,geod_dist_to_target,95,0.33925358679234946
33764.44,KDPP-Norm,5983,10618,433015,0,geod_dist_to_target,100,0.33925358679234946
33764.44,KDPP-Norm,5983,5723,858597,0,geod_dist_to_target,5,6.761247018415638
33764.44,KDPP-Norm,5983,475,858597,0,geod_dist_to_target,6,9.000660426981186
33764.44,KDPP-Norm,5983,475,858597,0,geod_dist_to_target,7,9.000660426981186
33764.44,KDPP-Norm,5983,475,858597,0,geod_dist_to_target,8,9.000660426981186
33764.44,KDPP-Norm,5983,2104,858597,0,geod_dist_to_target,9,0.8494817018879054
33764.44,KDPP-Norm,5983,2104,858597,0,geod_dist_to_target,10,0.8494817018879054
33764.44,KDPP-Norm,5983,2104,858597,0,geod_dist_to_target,11,0.8494817018879054
33764.44,KDPP-Norm,5983,2104,858597,0,geod_dist_to_target,12,0.8494817018879054
33764.44,KDPP-Norm,5983,3992,858597,0,geod_dist_to_target,13,5.806065599864275
33764.44,KDPP-Norm,5983,9903,858597,0,geod_dist_to_target,14,5.4053107264947675
33764.44,KDPP-Norm,5983,9903,858597,0,geod_dist_to_target,15,5.4053107264947675
33764.44,KDPP-Norm,5983,11263,858597,0,geod_dist_to_target,16,1.7202879502600252
33764.44,KDPP-Norm,5983,726,858597,0,geod_dist_to_target,17,2.627340030795267
33764.44,KDPP-Norm,5983,726,858597,0,geod_dist_to_target,18,2.627340030795267
33764.44,KDPP-Norm,5983,169,858597,0,geod_dist_to_target,19,1.28342581308718
33764.44,KDPP-Norm,5983,800,858597,0,geod_dist_to_target,20,3.0855103848980043
33764.44,KDPP-Norm,5983,800,858597,0,geod_dist_to_target,22,3.0855103848980043
33764.44,KDPP-Norm,5983,800,858597,0,geod_dist_to_target,24,3.0855103848980043
33764.44,KDPP-Norm,5983,800,858597,0,geod_dist_to_target,26,3.0855103848980043
33764.44,KDPP-Norm,5983,800,858597,0,geod_dist_to_target,28,3.0855103848980043
33764.44,KDPP-Norm,5983,800,858597,0,geod_dist_to_target,30,3.0855103848980043
33764.44,KDPP-Norm,5983,800,858597,0,geod_dist_to_target,32,3.0855103848980043
33764.44,KDPP-Norm,5983,800,858597,0,geod_dist_to_target,34,3.0855103848980043
33764.44,KDPP-Norm,5983,800,858597,0,geod_dist_to_target,36,3.0855103848980043
33764.44,KDPP-Norm,5983,169,858597,0,geod_dist_to_target,38,1.28342581308718
33764.44,KDPP-Norm,5983,169,858597,0,geod_dist_to_target,40,1.28342581308718
33764.44,KDPP-Norm,5983,169,858597,0,geod_dist_to_target,42,1.28342581308718
33764.44,KDPP-Norm,5983,169,858597,0,geod_dist_to_target,44,1.28342581308718
33764.44,KDPP-Norm,5983,169,858597,0,geod_dist_to_target,46,1.28342581308718
33764.44,KDPP-Norm,5983,169,858597,0,geod_dist_to_target,48,1.28342581308718
33764.44,KDPP-Norm,5983,169,858597,0,geod_dist_to_target,50,1.28342581308718
33764.44,KDPP-Norm,5983,5982,858597,0,geod_dist_to_target,55,0.5119943161671362
33764.44,KDPP-Norm,5983,5982,858597,0,geod_dist_to_target,60,0.5119943161671362
33764.44,KDPP-Norm,5983,5982,858597,0,geod_dist_to_target,65,0.5119943161671362
33764.44,KDPP-Norm,5983,8484,858597,0,geod_dist_to_target,70,0.23128259924412295
33764.44,KDPP-Norm,5983,8484,858597,0,geod_dist_to_target,75,0.23128259924412295
33764.44,KDPP-Norm,5983,8484,858597,0,geod_dist_to_target,80,0.23128259924412295
33764.44,KDPP-Norm,5983,8484,858597,0,geod_dist_to_target,85,0.23128259924412295
33764.44,KDPP-Norm,5983,8484,858597,0,geod_dist_to_target,90,0.23128259924412295
33764.44,KDPP-Norm,5983,8484,858597,0,geod_dist_to_target,95,0.23128259924412295
33764.44,KDPP-Norm,5983,8484,858597,0,geod_dist_to_target,100,0.23128259924412295
33764.44,KDPP-Norm,5983,9903,85945,0,geod_dist_to_target,5,5.4053107264947675
33764.44,KDPP-Norm,5983,6074,85945,0,geod_dist_to_target,6,7.045010955568444
33764.44,KDPP-Norm,5983,5984,85945,0,geod_dist_to_target,7,1.0285860577123138
33764.44,KDPP-Norm,5983,4084,85945,0,geod_dist_to_target,8,0.4336323330152751
33764.44,KDPP-Norm,5983,4084,85945,0,geod_dist_to_target,9,0.4336323330152751
33764.44,KDPP-Norm,5983,4084,85945,0,geod_dist_to_target,10,0.4336323330152751
33764.44,KDPP-Norm,5983,4084,85945,0,geod_dist_to_target,11,0.4336323330152751
33764.44,KDPP-Norm,5983,4084,85945,0,geod_dist_to_target,12,0.4336323330152751
33764.44,KDPP-Norm,5983,11263,85945,0,geod_dist_to_target,13,1.7202879502600252
33764.44,KDPP-Norm,5983,5985,85945,0,geod_dist_to_target,14,0.4702370103112021
33764.44,KDPP-Norm,5983,3389,85945,0,geod_dist_to_target,15,44.74479905694534
33764.44,KDPP-Norm,5983,12662,85945,0,geod_dist_to_target,16,44.02254173014412
33764.44,KDPP-Norm,5983,3305,85945,0,geod_dist_to_target,17,3.5282318567488584
33764.44,KDPP-Norm,5983,3305,85945,0,geod_dist_to_target,18,3.5282318567488584
33764.44,KDPP-Norm,5983,3305,85945,0,geod_dist_to_target,19,3.5282318567488584
33764.44,KDPP-Norm,5983,5987,85945,0,geod_dist_to_target,20,0.14875433460620147
33764.44,KDPP-Norm,5983,5987,85945,0,geod_dist_to_target,22,0.14875433460620147
33764.44,KDPP-Norm,5983,5987,85945,0,geod_dist_to_target,24,0.14875433460620147
33764.44,KDPP-Norm,5983,5987,85945,0,geod_dist_to_target,26,0.14875433460620147
33764.44,KDPP-Norm,5983,5987,85945,0,geod_dist_to_target,28,0.14875433460620147
33764.44,KDPP-Norm,5983,4084,85945,0,geod_dist_to_target,30,0.4336323330152751
33764.44,KDPP-Norm,5983,4084,85945,0,geod_dist_to_target,32,0.4336323330152751
33764.44,KDPP-Norm,5983,4084,85945,0,geod_dist_to_target,34,0.4336323330152751
33764.44,KDPP-Norm,5983,4084,85945,0,geod_dist_to_target,36,0.4336323330152751
33764.44,KDPP-Norm,5983,4084,85945,0,geod_dist_to_target,38,0.4336323330152751
33764.44,KDPP-Norm,5983,4084,85945,0,geod_dist_to_target,40,0.4336323330152751
33764.44,KDPP-Norm,5983,4084,85945,0,geod_dist_to_target,42,0.4336323330152751
33764.44,KDPP-Norm,5983,4084,85945,0,geod_dist_to_target,44,0.4336323330152751
33764.44,KDPP-Norm,5983,5987,85945,0,geod_dist_to_target,46,0.14875433460620147
33764.44,KDPP-Norm,5983,5987,85945,0,geod_dist_to_target,48,0.14875433460620147
33764.44,KDPP-Norm,5983,12461,85945,0,geod_dist_to_target,50,0.45239388719183316
33764.44,KDPP-Norm,5983,7537,85945,0,geod_dist_to_target,55,0.16751588878275958
33764.44,KDPP-Norm,5983,5983,85945,0,geod_dist_to_target,60,0.0
33764.44,KDPP-Norm,5983,5987,85945,0,geod_dist_to_target,65,0.14875433460620147
33764.44,KDPP-Norm,5983,5987,85945,0,geod_dist_to_target,70,0.14875433460620147
33764.44,KDPP-Norm,5983,5983,85945,0,geod_dist_to_target,75,0.0
33764.44,KDPP-Norm,5983,7537,85945,0,geod_dist_to_target,80,0.16751588878275958
33764.44,KDPP-Norm,5983,7537,85945,0,geod_dist_to_target,85,0.16751588878275958
33764.44,KDPP-Norm,5983,7537,85945,0,geod_dist_to_target,90,0.16751588878275958
33764.44,KDPP-Norm,5983,7537,85945,0,geod_dist_to_target,95,0.16751588878275958
33764.44,KDPP-Norm,5983,7537,85945,0,geod_dist_to_target,100,0.16751588878275958
33764.44,KDPP-Norm,5983,5723,697368,0,geod_dist_to_target,5,6.761247018415638
33764.44,KDPP-Norm,5983,5723,697368,0,geod_dist_to_target,6,6.761247018415638
33764.44,KDPP-Norm,5983,6074,697368,0,geod_dist_to_target,7,7.045010955568444
33764.44,KDPP-Norm,5983,6138,697368,0,geod_dist_to_target,8,9.789991119468548
33764.44,KDPP-Norm,5983,10536,697368,0,geod_dist_to_target,9,4.685631080618894
33764.44,KDPP-Norm,5983,1023,697368,0,geod_dist_to_target,10,9.535828524044355
33764.44,KDPP-Norm,5983,5155,697368,0,geod_dist_to_target,11,44.312278267540364
33764.44,KDPP-Norm,5983,1993,697368,0,geod_dist_to_target,12,4.996094371213303
33764.44,KDPP-Norm,5983,4542,697368,0,geod_dist_to_target,13,4.440870406657651
33764.44,KDPP-Norm,5983,4542,697368,0,geod_dist_to_target,14,4.440870406657651
33764.44,KDPP-Norm,5983,4542,697368,0,geod_dist_to_target,15,4.440870406657651
33764.44,KDPP-Norm,5983,4542,697368,0,geod_dist_to_target,16,4.440870406657651
33764.44,KDPP-Norm,5983,4542,697368,0,geod_dist_to_target,17,4.440870406657651
33764.44,KDPP-Norm,5983,4542,697368,0,geod_dist_to_target,18,4.440870406657651
33764.44,KDPP-Norm,5983,4542,697368,0,geod_dist_to_target,19,4.440870406657651
33764.44,KDPP-Norm,5983,4542,697368,0,geod_dist_to_target,20,4.440870406657651
33764.44,KDPP-Norm,5983,4542,697368,0,geod_dist_to_target,22,4.440870406657651
33764.44,KDPP-Norm,5983,9795,697368,0,geod_dist_to_target,24,4.123026492814799
33764.44,KDPP-Norm,5983,9795,697368,0,geod_dist_to_target,26,4.123026492814799
33764.44,KDPP-Norm,5983,9795,697368,0,geod_dist_to_target,28,4.123026492814799
33764.44,KDPP-Norm,5983,9795,697368,0,geod_dist_to_target,30,4.123026492814799
33764.44,KDPP-Norm,5983,6728,697368,0,geod_dist_to_target,32,4.196318995933011
33764.44,KDPP-Norm,5983,6728,697368,0,geod_dist_to_target,34,4.196318995933011
33764.44,KDPP-Norm,5983,6728,697368,0,geod_dist_to_target,36,4.196318995933011
33764.44,KDPP-Norm,5983,9795,697368,0,geod_dist_to_target,38,4.123026492814799
33764.44,KDPP-Norm,5983,9795,697368,0,geod_dist_to_target,40,4.123026492814799
33764.44,KDPP-Norm,5983,9795,697368,0,geod_dist_to_target,42,4.123026492814799
33764.44,KDPP-Norm,5983,8059,697368,0,geod_dist_to_target,44,5.7971971025203715
33764.44,KDPP-Norm,5983,8059,697368,0,geod_dist_to_target,46,5.7971971025203715
33764.44,KDPP-Norm,5983,8059,697368,0,geod_dist_to_target,48,5.7971971025203715
33764.44,KDPP-Norm,5983,8059,697368,0,geod_dist_to_target,50,5.7971971025203715
33764.44,KDPP-Norm,5983,8059,697368,0,geod_dist_to_target,55,5.7971971025203715
33764.44,KDPP-Norm,5983,499,697368,0,geod_dist_to_target,60,5.334583897701716
33764.44,KDPP-Norm,5983,8059,697368,0,geod_dist_to_target,65,5.7971971025203715
33764.44,KDPP-Norm,5983,499,697368,0,geod_dist_to_target,70,5.334583897701716
33764.44,KDPP-Norm,5983,8484,697368,0,geod_dist_to_target,75,0.23128259924412295
33764.44,KDPP-Norm,5983,8484,697368,0,geod_dist_to_target,80,0.23128259924412295
33764.44,KDPP-Norm,5983,8484,697368,0,geod_dist_to_target,85,0.23128259924412295
33764.44,KDPP-Norm,5983,8484,697368,0,geod_dist_to_target,90,0.23128259924412295
33764.44,KDPP-Norm,5983,8484,697368,0,geod_dist_to_target,95,0.23128259924412295
33764.44,KDPP-Norm,5983,8484,697368,0,geod_dist_to_target,100,0.23128259924412295
33764.44,KDPP-Norm,5983,1943,201469,0,geod_dist_to_target,5,6.069029424365351
33764.44,KDPP-Norm,5983,11549,201469,0,geod_dist_to_target,6,2.9567168056018773
33764.44,KDPP-Norm,5983,475,201469,0,geod_dist_to_target,7,9.000660426981186
33764.44,KDPP-Norm,5983,7435,201469,0,geod_dist_to_target,8,2.6788895080175243
33764.44,KDPP-Norm,5983,7435,201469,0,geod_dist_to_target,9,2.6788895080175243
33764.44,KDPP-Norm,5983,7435,201469,0,geod_dist_to_target,10,2.6788895080175243
33764.44,KDPP-Norm,5983,7435,201469,0,geod_dist_to_target,11,2.6788895080175243
33764.44,KDPP-Norm,5983,7435,201469,0,geod_dist_to_target,12,2.6788895080175243
33764.44,KDPP-Norm,5983,10618,201469,0,geod_dist_to_target,13,0.33925358679234946
33764.44,KDPP-Norm,5983,10788,201469,0,geod_dist_to_target,14,0.9087044266107857
33764.44,KDPP-Norm,5983,10788,201469,0,geod_dist_to_target,15,0.9087044266107857
33764.44,KDPP-Norm,5983,7537,201469,0,geod_dist_to_target,16,0.16751588878275958
33764.44,KDPP-Norm,5983,2483,201469,0,geod_dist_to_target,17,0.9191736089149836
33764.44,KDPP-Norm,5983,2483,201469,0,geod_dist_to_target,18,0.9191736089149836
33764.44,KDPP-Norm,5983,3001,201469,0,geod_dist_to_target,19,1.3607795684798007
33764.44,KDPP-Norm,5983,7564,201469,0,geod_dist_to_target,20,0.6938234922285013
33764.44,KDPP-Norm,5983,7564,201469,0,geod_dist_to_target,22,0.6938234922285013
33764.44,KDPP-Norm,5983,2483,201469,0,geod_dist_to_target,24,0.9191736089149836
33764.44,KDPP-Norm,5983,7564,201469,0,geod_dist_to_target,26,0.6938234922285013
33764.44,KDPP-Norm,5983,2483,201469,0,geod_dist_to_target,28,0.9191736089149836
33764.44,KDPP-Norm,5983,7564,201469,0,geod_dist_to_target,30,0.6938234922285013
33764.44,KDPP-Norm,5983,7564,201469,0,geod_dist_to_target,32,0.6938234922285013
33764.44,KDPP-Norm,5983,7564,201469,0,geod_dist_to_target,34,0.6938234922285013
33764.44,KDPP-Norm,5983,10618,201469,0,geod_dist_to_target,36,0.33925358679234946
33764.44,KDPP-Norm,5983,10618,201469,0,geod_dist_to_target,38,0.33925358679234946
33764.44,KDPP-Norm,5983,10618,201469,0,geod_dist_to_target,40,0.33925358679234946
33764.44,KDPP-Norm,5983,10618,201469,0,geod_dist_to_target,42,0.33925358679234946
33764.44,KDPP-Norm,5983,10618,201469,0,geod_dist_to_target,44,0.33925358679234946
33764.44,KDPP-Norm,5983,10618,201469,0,geod_dist_to_target,46,0.33925358679234946
33764.44,KDPP-Norm,5983,10618,201469,0,geod_dist_to_target,48,0.33925358679234946
33764.44,KDPP-Norm,5983,10618,201469,0,geod_dist_to_target,50,0.33925358679234946
33764.44,KDPP-Norm,5983,10618,201469,0,geod_dist_to_target,55,0.33925358679234946
33764.44,KDPP-Norm,5983,5983,201469,0,geod_dist_to_target,60,0.0
33764.44,KDPP-Norm,5983,7537,201469,0,geod_dist_to_target,65,0.16751588878275958
33764.44,KDPP-Norm,5983,5983,201469,0,geod_dist_to_target,70,0.0
33764.44,KDPP-Norm,5983,5983,201469,0,geod_dist_to_target,75,0.0
33764.44,KDPP-Norm,5983,5983,201469,0,geod_dist_to_target,80,0.0
33764.44,KDPP-Norm,5983,5983,201469,0,geod_dist_to_target,85,0.0
33764.44,KDPP-Norm,5983,5983,201469,0,geod_dist_to_target,90,0.0
33764.44,KDPP-Norm,5983,7537,201469,0,geod_dist_to_target,95,0.16751588878275958
33764.44,KDPP-Norm,5983,7537,201469,0,geod_dist_to_target,100,0.16751588878275958
33764.44,KDPP-Norm,5983,10011,94177,0,geod_dist_to_target,5,26.815179536035277
33764.44,KDPP-Norm,5983,189,94177,0,geod_dist_to_target,6,4.40851197534743
33764.44,KDPP-Norm,5983,6215,94177,0,geod_dist_to_target,7,3.0781682126256062
33764.44,KDPP-Norm,5983,169,94177,0,geod_dist_to_target,8,1.28342581308718
33764.44,KDPP-Norm,5983,2987,94177,0,geod_dist_to_target,9,44.20275111737714
33764.44,KDPP-Norm,5983,3491,94177,0,geod_dist_to_target,10,42.4974596373514
33764.44,KDPP-Norm,5983,1965,94177,0,geod_dist_to_target,11,0.33827962799439026
33764.44,KDPP-Norm,5983,1965,94177,0,geod_dist_to_target,12,0.33827962799439026
33764.44,KDPP-Norm,5983,1965,94177,0,geod_dist_to_target,13,0.33827962799439026
33764.44,KDPP-Norm,5983,4084,94177,0,geod_dist_to_target,14,0.4336323330152751
33764.44,KDPP-Norm,5983,4084,94177,0,geod_dist_to_target,15,0.4336323330152751
33764.44,KDPP-Norm,5983,7537,94177,0,geod_dist_to_target,16,0.16751588878275958
33764.44,KDPP-Norm,5983,7537,94177,0,geod_dist_to_target,17,0.16751588878275958
33764.44,KDPP-Norm,5983,12461,94177,0,geod_dist_to_target,18,0.45239388719183316
33764.44,KDPP-Norm,5983,12461,94177,0,geod_dist_to_target,19,0.45239388719183316
33764.44,KDPP-Norm,5983,5983,94177,0,geod_dist_to_target,20,0.0
33764.44,KDPP-Norm,5983,5983,94177,0,geod_dist_to_target,22,0.0
33764.44,KDPP-Norm,5983,7537,94177,0,geod_dist_to_target,24,0.16751588878275958
33764.44,KDPP-Norm,5983,7537,94177,0,geod_dist_to_target,26,0.16751588878275958
33764.44,KDPP-Norm,5983,7537,94177,0,geod_dist_to_target,28,0.16751588878275958
33764.44,KDPP-Norm,5983,5983,94177,0,geod_dist_to_target,30,0.0
33764.44,KDPP-Norm,5983,5983,94177,0,geod_dist_to_target,32,0.0
33764.44,KDPP-Norm,5983,5983,94177,0,geod_dist_to_target,34,0.0
33764.44,KDPP-Norm,5983,5983,94177,0,geod_dist_to_target,36,0.0
33764.44,KDPP-Norm,5983,5987,94177,0,geod_dist_to_target,38,0.14875433460620147
33764.44,KDPP-Norm,5983,5987,94177,0,geod_dist_to_target,40,0.14875433460620147
33764.44,KDPP-Norm,5983,5987,94177,0,geod_dist_to_target,42,0.14875433460620147
33764.44,KDPP-Norm,5983,5987,94177,0,geod_dist_to_target,44,0.14875433460620147
33764.44,KDPP-Norm,5983,5987,94177,0,geod_dist_to_target,46,0.14875433460620147
33764.44,KDPP-Norm,5983,5987,94177,0,geod_dist_to_target,48,0.14875433460620147
33764.44,KDPP-Norm,5983,5987,94177,0,geod_dist_to_target,50,0.14875433460620147
33764.44,KDPP-Norm,5983,5987,94177,0,geod_dist_to_target,55,0.14875433460620147
33764.44,KDPP-Norm,5983,5987,94177,0,geod_dist_to_target,60,0.14875433460620147
33764.44,KDPP-Norm,5983,5987,94177,0,geod_dist_to_target,65,0.14875433460620147
33764.44,KDPP-Norm,5983,5987,94177,0,geod_dist_to_target,70,0.14875433460620147
33764.44,KDPP-Norm,5983,5987,94177,0,geod_dist_to_target,75,0.14875433460620147
33764.44,KDPP-Norm,5983,5987,94177,0,geod_dist_to_target,80,0.14875433460620147
33764.44,KDPP-Norm,5983,5983,94177,0,geod_dist_to_target,85,0.0
33764.44,KDPP-Norm,5983,5987,94177,0,geod_dist_to_target,90,0.14875433460620147
33764.44,KDPP-Norm,5983,5983,94177,0,geod_dist_to_target,95,0.0
33764.44,KDPP-Norm,5983,5983,94177,0,geod_dist_to_target,100,0.0
