subject_id,experiment_name,hotspot_idx,current_hotspot_idx,realization_id,sequence_idx,score_type,sequence_length,score
33764.44,RANDOM,412,9743,89250,0,geod_dist_to_target,5,25.90911245646998
33764.44,RANDOM,412,9743,89250,0,geod_dist_to_target,6,25.90911245646998
33764.44,RANDOM,412,3124,89250,0,geod_dist_to_target,7,7.415562531982652
33764.44,RANDOM,412,3560,89250,0,geod_dist_to_target,8,6.865577400808348
33764.44,RANDOM,412,6159,89250,0,geod_dist_to_target,9,0.2403591873568953
33764.44,RANDOM,412,2011,89250,0,geod_dist_to_target,10,1.0137827113885771
33764.44,RANDOM,412,2011,89250,0,geod_dist_to_target,11,1.0137827113885771
33764.44,RANDOM,412,6160,89250,0,geod_dist_to_target,12,0.5037172425378162
33764.44,RANDOM,412,6160,89250,0,geod_dist_to_target,13,0.5037172425378162
33764.44,RANDOM,412,5603,89250,0,geod_dist_to_target,14,0.5520376503836683
33764.44,RANDOM,412,5603,89250,0,geod_dist_to_target,15,0.5520376503836683
33764.44,RANDOM,412,5603,89250,0,geod_dist_to_target,16,0.5520376503836683
33764.44,RANDOM,412,412,89250,0,geod_dist_to_target,17,0.0
33764.44,RANDOM,412,412,89250,0,geod_dist_to_target,18,0.0
33764.44,RANDOM,412,412,89250,0,geod_dist_to_target,19,0.0
33764.44,RANDOM,412,1951,89250,0,geod_dist_to_target,20,0.2901684246817361
33764.44,RANDOM,412,1951,89250,0,geod_dist_to_target,22,0.2901684246817361
33764.44,RANDOM,412,412,89250,0,geod_dist_to_target,24,0.0
33764.44,RANDOM,412,412,89250,0,geod_dist_to_target,26,0.0
33764.44,RANDOM,412,6159,89250,0,geod_dist_to_target,28,0.2403591873568953
33764.44,RANDOM,412,412,89250,0,geod_dist_to_target,30,0.0
33764.44,RANDOM,412,412,89250,0,geod_dist_to_target,32,0.0
33764.44,RANDOM,412,412,89250,0,geod_dist_to_target,34,0.0
33764.44,RANDOM,412,412,89250,0,geod_dist_to_target,36,0.0
33764.44,RANDOM,412,412,89250,0,geod_dist_to_target,38,0.0
33764.44,RANDOM,412,412,89250,0,geod_dist_to_target,40,0.0
33764.44,RANDOM,412,412,89250,0,geod_dist_to_target,42,0.0
33764.44,RANDOM,412,412,89250,0,geod_dist_to_target,44,0.0
33764.44,RANDOM,412,412,89250,0,geod_dist_to_target,46,0.0
33764.44,RANDOM,412,412,89250,0,geod_dist_to_target,48,0.0
33764.44,RANDOM,412,412,89250,0,geod_dist_to_target,50,0.0
33764.44,RANDOM,412,412,89250,0,geod_dist_to_target,55,0.0
33764.44,RANDOM,412,412,89250,0,geod_dist_to_target,60,0.0
33764.44,RANDOM,412,412,89250,0,geod_dist_to_target,65,0.0
33764.44,RANDOM,412,412,89250,0,geod_dist_to_target,70,0.0
33764.44,RANDOM,412,412,89250,0,geod_dist_to_target,75,0.0
33764.44,RANDOM,412,412,89250,0,geod_dist_to_target,80,0.0
33764.44,RANDOM,412,412,89250,0,geod_dist_to_target,85,0.0
33764.44,RANDOM,412,412,89250,0,geod_dist_to_target,90,0.0
33764.44,RANDOM,412,412,89250,0,geod_dist_to_target,95,0.0
33764.44,RANDOM,412,412,89250,0,geod_dist_to_target,100,0.0
33764.44,RANDOM,412,3827,773956,0,geod_dist_to_target,5,24.509820034489323
33764.44,RANDOM,412,5723,773956,0,geod_dist_to_target,6,13.835320185602598
33764.44,RANDOM,412,2444,773956,0,geod_dist_to_target,7,16.85336692832931
33764.44,RANDOM,412,5784,773956,0,geod_dist_to_target,8,0.6092214683359353
33764.44,RANDOM,412,6161,773956,0,geod_dist_to_target,9,0.9313816571094801
33764.44,RANDOM,412,1951,773956,0,geod_dist_to_target,10,0.2901684246817361
33764.44,RANDOM,412,1951,773956,0,geod_dist_to_target,11,0.2901684246817361
33764.44,RANDOM,412,1951,773956,0,geod_dist_to_target,12,0.2901684246817361
33764.44,RANDOM,412,1951,773956,0,geod_dist_to_target,13,0.2901684246817361
33764.44,RANDOM,412,2563,773956,0,geod_dist_to_target,14,0.5873768680531021
33764.44,RANDOM,412,2563,773956,0,geod_dist_to_target,15,0.5873768680531021
33764.44,RANDOM,412,1951,773956,0,geod_dist_to_target,16,0.2901684246817361
33764.44,RANDOM,412,1951,773956,0,geod_dist_to_target,17,0.2901684246817361
33764.44,RANDOM,412,1951,773956,0,geod_dist_to_target,18,0.2901684246817361
33764.44,RANDOM,412,1447,773956,0,geod_dist_to_target,19,0.6324281012816914
33764.44,RANDOM,412,5884,773956,0,geod_dist_to_target,20,0.689277357296162
33764.44,RANDOM,412,1951,773956,0,geod_dist_to_target,22,0.2901684246817361
33764.44,RANDOM,412,1951,773956,0,geod_dist_to_target,24,0.2901684246817361
33764.44,RANDOM,412,1951,773956,0,geod_dist_to_target,26,0.2901684246817361
33764.44,RANDOM,412,1951,773956,0,geod_dist_to_target,28,0.2901684246817361
33764.44,RANDOM,412,1951,773956,0,geod_dist_to_target,30,0.2901684246817361
33764.44,RANDOM,412,1951,773956,0,geod_dist_to_target,32,0.2901684246817361
33764.44,RANDOM,412,1951,773956,0,geod_dist_to_target,34,0.2901684246817361
33764.44,RANDOM,412,1951,773956,0,geod_dist_to_target,36,0.2901684246817361
33764.44,RANDOM,412,1951,773956,0,geod_dist_to_target,38,0.2901684246817361
33764.44,RANDOM,412,1951,773956,0,geod_dist_to_target,40,0.2901684246817361
33764.44,RANDOM,412,1951,773956,0,geod_dist_to_target,42,0.2901684246817361
33764.44,RANDOM,412,1951,773956,0,geod_dist_to_target,44,0.2901684246817361
33764.44,RANDOM,412,1951,773956,0,geod_dist_to_target,46,0.2901684246817361
33764.44,RANDOM,412,1951,773956,0,geod_dist_to_target,48,0.2901684246817361
33764.44,RANDOM,412,1951,773956,0,geod_dist_to_target,50,0.2901684246817361
33764.44,RANDOM,412,1951,773956,0,geod_dist_to_target,55,0.2901684246817361
33764.44,RANDOM,412,1951,773956,0,geod_dist_to_target,60,0.2901684246817361
33764.44,RANDOM,412,412,773956,0,geod_dist_to_target,65,0.0
33764.44,RANDOM,412,412,773956,0,geod_dist_to_target,70,0.0
33764.44,RANDOM,412,412,773956,0,geod_dist_to_target,75,0.0
33764.44,RANDOM,412,412,773956,0,geod_dist_to_target,80,0.0
33764.44,RANDOM,412,412,773956,0,geod_dist_to_target,85,0.0
33764.44,RANDOM,412,412,773956,0,geod_dist_to_target,90,0.0
33764.44,RANDOM,412,412,773956,0,geod_dist_to_target,95,0.0
33764.44,RANDOM,412,412,773956,0,geod_dist_to_target,100,0.0
33764.44,RANDOM,412,11661,654571,0,geod_dist_to_target,5,27.04707974456871
33764.44,RANDOM,412,11982,654571,0,geod_dist_to_target,6,35.81637467907897
33764.44,RANDOM,412,1441,654571,0,geod_dist_to_target,7,9.317845002111158
33764.44,RANDOM,412,1441,654571,0,geod_dist_to_target,8,9.317845002111158
33764.44,RANDOM,412,5949,654571,0,geod_dist_to_target,9,0.6094584070920324
33764.44,RANDOM,412,5949,654571,0,geod_dist_to_target,10,0.6094584070920324
33764.44,RANDOM,412,5949,654571,0,geod_dist_to_target,11,0.6094584070920324
33764.44,RANDOM,412,5603,654571,0,geod_dist_to_target,12,0.5520376503836683
33764.44,RANDOM,412,5603,654571,0,geod_dist_to_target,13,0.5520376503836683
33764.44,RANDOM,412,5603,654571,0,geod_dist_to_target,14,0.5520376503836683
33764.44,RANDOM,412,5603,654571,0,geod_dist_to_target,15,0.5520376503836683
33764.44,RANDOM,412,5603,654571,0,geod_dist_to_target,16,0.5520376503836683
33764.44,RANDOM,412,5603,654571,0,geod_dist_to_target,17,0.5520376503836683
33764.44,RANDOM,412,5603,654571,0,geod_dist_to_target,18,0.5520376503836683
33764.44,RANDOM,412,1951,654571,0,geod_dist_to_target,19,0.2901684246817361
33764.44,RANDOM,412,412,654571,0,geod_dist_to_target,20,0.0
33764.44,RANDOM,412,412,654571,0,geod_dist_to_target,22,0.0
33764.44,RANDOM,412,412,654571,0,geod_dist_to_target,24,0.0
33764.44,RANDOM,412,412,654571,0,geod_dist_to_target,26,0.0
33764.44,RANDOM,412,412,654571,0,geod_dist_to_target,28,0.0
33764.44,RANDOM,412,412,654571,0,geod_dist_to_target,30,0.0
33764.44,RANDOM,412,412,654571,0,geod_dist_to_target,32,0.0
33764.44,RANDOM,412,412,654571,0,geod_dist_to_target,34,0.0
33764.44,RANDOM,412,412,654571,0,geod_dist_to_target,36,0.0
33764.44,RANDOM,412,412,654571,0,geod_dist_to_target,38,0.0
33764.44,RANDOM,412,412,654571,0,geod_dist_to_target,40,0.0
33764.44,RANDOM,412,412,654571,0,geod_dist_to_target,42,0.0
33764.44,RANDOM,412,412,654571,0,geod_dist_to_target,44,0.0
33764.44,RANDOM,412,412,654571,0,geod_dist_to_target,46,0.0
33764.44,RANDOM,412,412,654571,0,geod_dist_to_target,48,0.0
33764.44,RANDOM,412,412,654571,0,geod_dist_to_target,50,0.0
33764.44,RANDOM,412,412,654571,0,geod_dist_to_target,55,0.0
33764.44,RANDOM,412,5953,654571,0,geod_dist_to_target,60,0.27150774923821874
33764.44,RANDOM,412,412,654571,0,geod_dist_to_target,65,0.0
33764.44,RANDOM,412,412,654571,0,geod_dist_to_target,70,0.0
33764.44,RANDOM,412,412,654571,0,geod_dist_to_target,75,0.0
33764.44,RANDOM,412,412,654571,0,geod_dist_to_target,80,0.0
33764.44,RANDOM,412,412,654571,0,geod_dist_to_target,85,0.0
33764.44,RANDOM,412,412,654571,0,geod_dist_to_target,90,0.0
33764.44,RANDOM,412,412,654571,0,geod_dist_to_target,95,0.0
33764.44,RANDOM,412,412,654571,0,geod_dist_to_target,100,0.0
33764.44,RANDOM,412,12247,438878,0,geod_dist_to_target,5,32.77593102863628
33764.44,RANDOM,412,8494,438878,0,geod_dist_to_target,6,34.37099548592954
33764.44,RANDOM,412,3124,438878,0,geod_dist_to_target,7,7.415562531982652
33764.44,RANDOM,412,3124,438878,0,geod_dist_to_target,8,7.415562531982652
33764.44,RANDOM,412,3124,438878,0,geod_dist_to_target,9,7.415562531982652
33764.44,RANDOM,412,3124,438878,0,geod_dist_to_target,10,7.415562531982652
33764.44,RANDOM,412,3124,438878,0,geod_dist_to_target,11,7.415562531982652
33764.44,RANDOM,412,3124,438878,0,geod_dist_to_target,12,7.415562531982652
33764.44,RANDOM,412,3124,438878,0,geod_dist_to_target,13,7.415562531982652
33764.44,RANDOM,412,3124,438878,0,geod_dist_to_target,14,7.415562531982652
33764.44,RANDOM,412,5784,438878,0,geod_dist_to_target,15,0.6092214683359353
33764.44,RANDOM,412,5784,438878,0,geod_dist_to_target,16,0.6092214683359353
33764.44,RANDOM,412,5784,438878,0,geod_dist_to_target,17,0.6092214683359353
33764.44,RANDOM,412,5784,438878,0,geod_dist_to_target,18,0.6092214683359353
33764.44,RANDOM,412,5784,438878,0,geod_dist_to_target,19,0.6092214683359353
33764.44,RANDOM,412,5784,438878,0,geod_dist_to_target,20,0.6092214683359353
33764.44,RANDOM,412,5784,438878,0,geod_dist_to_target,22,0.6092214683359353
33764.44,RANDOM,412,5784,438878,0,geod_dist_to_target,24,0.6092214683359353
33764.44,RANDOM,412,5784,438878,0,geod_dist_to_target,26,0.6092214683359353
33764.44,RANDOM,412,5784,438878,0,geod_dist_to_target,28,0.6092214683359353
33764.44,RANDOM,412,5784,438878,0,geod_dist_to_target,30,0.6092214683359353
33764.44,RANDOM,412,412,438878,0,geod_dist_to_target,32,0.0
33764.44,RANDOM,412,412,438878,0,geod_dist_to_target,34,0.0
33764.44,RANDOM,412,412,438878,0,geod_dist_to_target,36,0.0
33764.44,RANDOM,412,412,438878,0,geod_dist_to_target,38,0.0
33764.44,RANDOM,412,412,438878,0,geod_dist_to_target,40,0.0
33764.44,RANDOM,412,412,438878,0,geod_dist_to_target,42,0.0
33764.44,RANDOM,412,5953,438878,0,geod_dist_to_target,44,0.27150774923821874
33764.44,RANDOM,412,5953,438878,0,geod_dist_to_target,46,0.27150774923821874
33764.44,RANDOM,412,5953,438878,0,geod_dist_to_target,48,0.27150774923821874
33764.44,RANDOM,412,5953,438878,0,geod_dist_to_target,50,0.27150774923821874
33764.44,RANDOM,412,412,438878,0,geod_dist_to_target,55,0.0
33764.44,RANDOM,412,412,438878,0,geod_dist_to_target,60,0.0
33764.44,RANDOM,412,5953,438878,0,geod_dist_to_target,65,0.27150774923821874
33764.44,RANDOM,412,412,438878,0,geod_dist_to_target,70,0.0
33764.44,RANDOM,412,412,438878,0,geod_dist_to_target,75,0.0
33764.44,RANDOM,412,412,438878,0,geod_dist_to_target,80,0.0
33764.44,RANDOM,412,412,438878,0,geod_dist_to_target,85,0.0
33764.44,RANDOM,412,412,438878,0,geod_dist_to_target,90,0.0
33764.44,RANDOM,412,412,438878,0,geod_dist_to_target,95,0.0
33764.44,RANDOM,412,412,438878,0,geod_dist_to_target,100,0.0
33764.44,RANDOM,412,6388,433015,0,geod_dist_to_target,5,1.9902165974611477
33764.44,RANDOM,412,5819,433015,0,geod_dist_to_target,6,19.857661451136874
33764.44,RANDOM,412,6389,433015,0,geod_dist_to_target,7,2.3435597772822105
33764.44,RANDOM,412,6388,433015,0,geod_dist_to_target,8,1.9902165974611477
33764.44,RANDOM,412,6388,433015,0,geod_dist_to_target,9,1.9902165974611477
33764.44,RANDOM,412,6388,433015,0,geod_dist_to_target,10,1.9902165974611477
33764.44,RANDOM,412,6388,433015,0,geod_dist_to_target,11,1.9902165974611477
33764.44,RANDOM,412,6689,433015,0,geod_dist_to_target,12,3.207304698973316
33764.44,RANDOM,412,6388,433015,0,geod_dist_to_target,13,1.9902165974611477
33764.44,RANDOM,412,6388,433015,0,geod_dist_to_target,14,1.9902165974611477
33764.44,RANDOM,412,6388,433015,0,geod_dist_to_target,15,1.9902165974611477
33764.44,RANDOM,412,6388,433015,0,geod_dist_to_target,16,1.9902165974611477
33764.44,RANDOM,412,6388,433015,0,geod_dist_to_target,17,1.9902165974611477
33764.44,RANDOM,412,9237,433015,0,geod_dist_to_target,18,1.478273039235452
33764.44,RANDOM,412,9237,433015,0,geod_dist_to_target,19,1.478273039235452
33764.44,RANDOM,412,9237,433015,0,geod_dist_to_target,20,1.478273039235452
33764.44,RANDOM,412,9237,433015,0,geod_dist_to_target,22,1.478273039235452
33764.44,RANDOM,412,6389,433015,0,geod_dist_to_target,24,2.3435597772822105
33764.44,RANDOM,412,6389,433015,0,geod_dist_to_target,26,2.3435597772822105
33764.44,RANDOM,412,6389,433015,0,geod_dist_to_target,28,2.3435597772822105
33764.44,RANDOM,412,6389,433015,0,geod_dist_to_target,30,2.3435597772822105
33764.44,RANDOM,412,6389,433015,0,geod_dist_to_target,32,2.3435597772822105
33764.44,RANDOM,412,9237,433015,0,geod_dist_to_target,34,1.478273039235452
33764.44,RANDOM,412,9237,433015,0,geod_dist_to_target,36,1.478273039235452
33764.44,RANDOM,412,9237,433015,0,geod_dist_to_target,38,1.478273039235452
33764.44,RANDOM,412,9237,433015,0,geod_dist_to_target,40,1.478273039235452
33764.44,RANDOM,412,9237,433015,0,geod_dist_to_target,42,1.478273039235452
33764.44,RANDOM,412,2563,433015,0,geod_dist_to_target,44,0.5873768680531021
33764.44,RANDOM,412,2563,433015,0,geod_dist_to_target,46,0.5873768680531021
33764.44,RANDOM,412,2563,433015,0,geod_dist_to_target,48,0.5873768680531021
33764.44,RANDOM,412,2563,433015,0,geod_dist_to_target,50,0.5873768680531021
33764.44,RANDOM,412,2563,433015,0,geod_dist_to_target,55,0.5873768680531021
33764.44,RANDOM,412,2563,433015,0,geod_dist_to_target,60,0.5873768680531021
33764.44,RANDOM,412,2563,433015,0,geod_dist_to_target,65,0.5873768680531021
33764.44,RANDOM,412,2563,433015,0,geod_dist_to_target,70,0.5873768680531021
33764.44,RANDOM,412,2563,433015,0,geod_dist_to_target,75,0.5873768680531021
33764.44,RANDOM,412,2563,433015,0,geod_dist_to_target,80,0.5873768680531021
33764.44,RANDOM,412,2563,433015,0,geod_dist_to_target,85,0.5873768680531021
33764.44,RANDOM,412,2563,433015,0,geod_dist_to_target,90,0.5873768680531021
33764.44,RANDOM,412,2563,433015,0,geod_dist_to_target,95,0.5873768680531021
33764.44,RANDOM,412,2563,433015,0,geod_dist_to_target,100,0.5873768680531021
33764.44,RANDOM,412,11643,858597,0,geod_dist_to_target,5,25.660003406192605
33764.44,RANDOM,412,633,858597,0,geod_dist_to_target,6,32.51861299339464
33764.44,RANDOM,412,9444,858597,0,geod_dist_to_target,7,0.6570037015080127
33764.44,RANDOM,412,5784,858597,0,geod_dist_to_target,8,0.6092214683359353
33764.44,RANDOM,412,5784,858597,0,geod_dist_to_target,9,0.6092214683359353
33764.44,RANDOM,412,5784,858597,0,geod_dist_to_target,10,0.6092214683359353
33764.44,RANDOM,412,5784,858597,0,geod_dist_to_target,11,0.6092214683359353
33764.44,RANDOM,412,5784,858597,0,geod_dist_to_target,12,0.6092214683359353
33764.44,RANDOM,412,5784,858597,0,geod_dist_to_target,13,0.6092214683359353
33764.44,RANDOM,412,5784,858597,0,geod_dist_to_target,14,0.6092214683359353
33764.44,RANDOM,412,5784,858597,0,geod_dist_to_target,15,0.6092214683359353
33764.44,RANDOM,412,5784,858597,0,geod_dist_to_target,16,0.6092214683359353
33764.44,RANDOM,412,5784,858597,0,geod_dist_to_target,17,0.6092214683359353
33764.44,RANDOM,412,5953,858597,0,geod_dist_to_target,18,0.27150774923821874
33764.44,RANDOM,412,5953,858597,0,geod_dist_to_target,19,0.27150774923821874
33764.44,RANDOM,412,5953,858597,0,geod_dist_to_target,20,0.27150774923821874
33764.44,RANDOM,412,5953,858597,0,geod_dist_to_target,22,0.27150774923821874
33764.44,RANDOM,412,5953,858597,0,geod_dist_to_target,24,0.27150774923821874
33764.44,RANDOM,412,5953,858597,0,geod_dist_to_target,26,0.27150774923821874
33764.44,RANDOM,412,5953,858597,0,geod_dist_to_target,28,0.27150774923821874
33764.44,RANDOM,412,5953,858597,0,geod_dist_to_target,30,0.27150774923821874
33764.44,RANDOM,412,5953,858597,0,geod_dist_to_target,32,0.27150774923821874
33764.44,RANDOM,412,5953,858597,0,geod_dist_to_target,34,0.27150774923821874
33764.44,RANDOM,412,5953,858597,0,geod_dist_to_target,36,0.27150774923821874
33764.44,RANDOM,412,5953,858597,0,geod_dist_to_target,38,0.27150774923821874
33764.44,RANDOM,412,5953,858597,0,geod_dist_to_target,40,0.27150774923821874
33764.44,RANDOM,412,5953,858597,0,geod_dist_to_target,42,0.27150774923821874
33764.44,RANDOM,412,5953,858597,0,geod_dist_to_target,44,0.27150774923821874
33764.44,RANDOM,412,5953,858597,0,geod_dist_to_target,46,0.27150774923821874
33764.44,RANDOM,412,5953,858597,0,geod_dist_to_target,48,0.27150774923821874
33764.44,RANDOM,412,5953,858597,0,geod_dist_to_target,50,0.27150774923821874
33764.44,RANDOM,412,5953,858597,0,geod_dist_to_target,55,0.27150774923821874
33764.44,RANDOM,412,5953,858597,0,geod_dist_to_target,60,0.27150774923821874
33764.44,RANDOM,412,5953,858597,0,geod_dist_to_target,65,0.27150774923821874
33764.44,RANDOM,412,5953,858597,0,geod_dist_to_target,70,0.27150774923821874
33764.44,RANDOM,412,5953,858597,0,geod_dist_to_target,75,0.27150774923821874
33764.44,RANDOM,412,5953,858597,0,geod_dist_to_target,80,0.27150774923821874
33764.44,RANDOM,412,5953,858597,0,geod_dist_to_target,85,0.27150774923821874
33764.44,RANDOM,412,5953,858597,0,geod_dist_to_target,90,0.27150774923821874
33764.44,RANDOM,412,5953,858597,0,geod_dist_to_target,95,0.27150774923821874
33764.44,RANDOM,412,5953,858597,0,geod_dist_to_target,100,0.27150774923821874
33764.44,RANDOM,412,3124,85945,0,geod_dist_to_target,5,7.415562531982652
33764.44,RANDOM,412,1887,85945,0,geod_dist_to_target,6,19.436569039897044
33764.44,RANDOM,412,3560,85945,0,geod_dist_to_target,7,6.865577400808348
33764.44,RANDOM,412,10418,85945,0,geod_dist_to_target,8,4.0990912158700885
33764.44,RANDOM,412,5953,85945,0,geod_dist_to_target,9,0.27150774923821874
33764.44,RANDOM,412,10418,85945,0,geod_dist_to_target,10,4.0990912158700885
33764.44,RANDOM,412,10418,85945,0,geod_dist_to_target,11,4.0990912158700885
33764.44,RANDOM,412,10418,85945,0,geod_dist_to_target,12,4.0990912158700885
33764.44,RANDOM,412,6389,85945,0,geod_dist_to_target,13,2.3435597772822105
33764.44,RANDOM,412,1951,85945,0,geod_dist_to_target,14,0.2901684246817361
33764.44,RANDOM,412,412,85945,0,geod_dist_to_target,15,0.0
33764.44,RANDOM,412,1951,85945,0,geod_dist_to_target,16,0.2901684246817361
33764.44,RANDOM,412,1951,85945,0,geod_dist_to_target,17,0.2901684246817361
33764.44,RANDOM,412,2563,85945,0,geod_dist_to_target,18,0.5873768680531021
33764.44,RANDOM,412,2563,85945,0,geod_dist_to_target,19,0.5873768680531021
33764.44,RANDOM,412,2563,85945,0,geod_dist_to_target,20,0.5873768680531021
33764.44,RANDOM,412,2563,85945,0,geod_dist_to_target,22,0.5873768680531021
33764.44,RANDOM,412,2563,85945,0,geod_dist_to_target,24,0.5873768680531021
33764.44,RANDOM,412,2563,85945,0,geod_dist_to_target,26,0.5873768680531021
33764.44,RANDOM,412,412,85945,0,geod_dist_to_target,28,0.0
33764.44,RANDOM,412,5953,85945,0,geod_dist_to_target,30,0.27150774923821874
33764.44,RANDOM,412,5953,85945,0,geod_dist_to_target,32,0.27150774923821874
33764.44,RANDOM,412,412,85945,0,geod_dist_to_target,34,0.0
33764.44,RANDOM,412,5953,85945,0,geod_dist_to_target,36,0.27150774923821874
33764.44,RANDOM,412,412,85945,0,geod_dist_to_target,38,0.0
33764.44,RANDOM,412,5953,85945,0,geod_dist_to_target,40,0.27150774923821874
33764.44,RANDOM,412,412,85945,0,geod_dist_to_target,42,0.0
33764.44,RANDOM,412,412,85945,0,geod_dist_to_target,44,0.0
33764.44,RANDOM,412,412,85945,0,geod_dist_to_target,46,0.0
33764.44,RANDOM,412,412,85945,0,geod_dist_to_target,48,0.0
33764.44,RANDOM,412,6159,85945,0,geod_dist_to_target,50,0.2403591873568953
33764.44,RANDOM,412,6159,85945,0,geod_dist_to_target,55,0.2403591873568953
33764.44,RANDOM,412,6159,85945,0,geod_dist_to_target,60,0.2403591873568953
33764.44,RANDOM,412,412,85945,0,geod_dist_to_target,65,0.0
33764.44,RANDOM,412,412,85945,0,geod_dist_to_target,70,0.0
33764.44,RANDOM,412,412,85945,0,geod_dist_to_target,75,0.0
33764.44,RANDOM,412,6159,85945,0,geod_dist_to_target,80,0.2403591873568953
33764.44,RANDOM,412,6159,85945,0,geod_dist_to_target,85,0.2403591873568953
33764.44,RANDOM,412,6159,85945,0,geod_dist_to_target,90,0.2403591873568953
33764.44,RANDOM,412,412,85945,0,geod_dist_to_target,95,0.0
33764.44,RANDOM,412,412,85945,0,geod_dist_to_target,100,0.0
33764.44,RANDOM,412,5603,697368,0,geod_dist_to_target,5,0.5520376503836683
33764.44,RANDOM,412,5603,697368,0,geod_dist_to_target,6,0.5520376503836683
33764.44,RANDOM,412,5920,697368,0,geod_dist_to_target,7,0.5601873444409661
33764.44,RANDOM,412,6160,697368,0,geod_dist_to_target,8,0.5037172425378162
33764.44,RANDOM,412,6160,697368,0,geod_dist_to_target,9,0.5037172425378162
33764.44,RANDOM,412,6160,697368,0,geod_dist_to_target,10,0.5037172425378162
33764.44,RANDOM,412,6160,697368,0,geod_dist_to_target,11,0.5037172425378162
33764.44,RANDOM,412,6160,697368,0,geod_dist_to_target,12,0.5037172425378162
33764.44,RANDOM,412,6160,697368,0,geod_dist_to_target,13,0.5037172425378162
33764.44,RANDOM,412,6160,697368,0,geod_dist_to_target,14,0.5037172425378162
33764.44,RANDOM,412,6160,697368,0,geod_dist_to_target,15,0.5037172425378162
33764.44,RANDOM,412,6160,697368,0,geod_dist_to_target,16,0.5037172425378162
33764.44,RANDOM,412,5603,697368,0,geod_dist_to_target,17,0.5520376503836683
33764.44,RANDOM,412,5603,697368,0,geod_dist_to_target,18,0.5520376503836683
33764.44,RANDOM,412,5603,697368,0,geod_dist_to_target,19,0.5520376503836683
33764.44,RANDOM,412,5603,697368,0,geod_dist_to_target,20,0.5520376503836683
33764.44,RANDOM,412,6160,697368,0,geod_dist_to_target,22,0.5037172425378162
33764.44,RANDOM,412,5603,697368,0,geod_dist_to_target,24,0.5520376503836683
33764.44,RANDOM,412,6160,697368,0,geod_dist_to_target,26,0.5037172425378162
33764.44,RANDOM,412,6160,697368,0,geod_dist_to_target,28,0.5037172425378162
33764.44,RANDOM,412,5920,697368,0,geod_dist_to_target,30,0.5601873444409661
33764.44,RANDOM,412,6159,697368,0,geod_dist_to_target,32,0.2403591873568953
33764.44,RANDOM,412,5953,697368,0,geod_dist_to_target,34,0.27150774923821874
33764.44,RANDOM,412,6159,697368,0,geod_dist_to_target,36,0.2403591873568953
33764.44,RANDOM,412,412,697368,0,geod_dist_to_target,38,0.0
33764.44,RANDOM,412,412,697368,0,geod_dist_to_target,40,0.0
33764.44,RANDOM,412,6159,697368,0,geod_dist_to_target,42,0.2403591873568953
33764.44,RANDOM,412,6159,697368,0,geod_dist_to_target,44,0.2403591873568953
33764.44,RANDOM,412,6159,697368,0,geod_dist_to_target,46,0.2403591873568953
33764.44,RANDOM,412,6159,697368,0,geod_dist_to_target,48,0.2403591873568953
33764.44,RANDOM,412,6159,697368,0,geod_dist_to_target,50,0.2403591873568953
33764.44,RANDOM,412,6159,697368,0,geod_dist_to_target,55,0.2403591873568953
33764.44,RANDOM,412,6159,697368,0,geod_dist_to_target,60,0.2403591873568953
33764.44,RANDOM,412,2563,697368,0,geod_dist_to_target,65,0.5873768680531021
33764.44,RANDOM,412,2563,697368,0,geod_dist_to_target,70,0.5873768680531021
33764.44,RANDOM,412,2563,697368,0,geod_dist_to_target,75,0.5873768680531021
33764.44,RANDOM,412,2563,697368,0,geod_dist_to_target,80,0.5873768680531021
33764.44,RANDOM,412,2563,697368,0,geod_dist_to_target,85,0.5873768680531021
33764.44,RANDOM,412,2563,697368,0,geod_dist_to_target,90,0.5873768680531021
33764.44,RANDOM,412,2563,697368,0,geod_dist_to_target,95,0.5873768680531021
33764.44,RANDOM,412,2563,697368,0,geod_dist_to_target,100,0.5873768680531021
33764.44,RANDOM,412,3978,201469,0,geod_dist_to_target,5,24.991793384645458
33764.44,RANDOM,412,3978,201469,0,geod_dist_to_target,6,24.991793384645458
33764.44,RANDOM,412,3340,201469,0,geod_dist_to_target,7,23.973071621180193
33764.44,RANDOM,412,3762,201469,0,geod_dist_to_target,8,39.28489604114248
33764.44,RANDOM,412,5949,201469,0,geod_dist_to_target,9,0.6094584070920324
33764.44,RANDOM,412,9342,201469,0,geod_dist_to_target,10,1.2981081922744464
33764.44,RANDOM,412,9342,201469,0,geod_dist_to_target,11,1.2981081922744464
33764.44,RANDOM,412,5953,201469,0,geod_dist_to_target,12,0.27150774923821874
33764.44,RANDOM,412,5953,201469,0,geod_dist_to_target,13,0.27150774923821874
33764.44,RANDOM,412,5953,201469,0,geod_dist_to_target,14,0.27150774923821874
33764.44,RANDOM,412,5784,201469,0,geod_dist_to_target,15,0.6092214683359353
33764.44,RANDOM,412,5784,201469,0,geod_dist_to_target,16,0.6092214683359353
33764.44,RANDOM,412,5784,201469,0,geod_dist_to_target,17,0.6092214683359353
33764.44,RANDOM,412,5784,201469,0,geod_dist_to_target,18,0.6092214683359353
33764.44,RANDOM,412,5953,201469,0,geod_dist_to_target,19,0.27150774923821874
33764.44,RANDOM,412,5784,201469,0,geod_dist_to_target,20,0.6092214683359353
33764.44,RANDOM,412,5784,201469,0,geod_dist_to_target,22,0.6092214683359353
33764.44,RANDOM,412,5784,201469,0,geod_dist_to_target,24,0.6092214683359353
33764.44,RANDOM,412,5784,201469,0,geod_dist_to_target,26,0.6092214683359353
33764.44,RANDOM,412,5953,201469,0,geod_dist_to_target,28,0.27150774923821874
33764.44,RANDOM,412,5953,201469,0,geod_dist_to_target,30,0.27150774923821874
33764.44,RANDOM,412,5953,201469,0,geod_dist_to_target,32,0.27150774923821874
33764.44,RANDOM,412,5953,201469,0,geod_dist_to_target,34,0.27150774923821874
33764.44,RANDOM,412,5953,201469,0,geod_dist_to_target,36,0.27150774923821874
33764.44,RANDOM,412,5953,201469,0,geod_dist_to_target,38,0.27150774923821874
33764.44,RANDOM,412,5953,201469,0,geod_dist_to_target,40,0.27150774923821874
33764.44,RANDOM,412,5784,201469,0,geod_dist_to_target,42,0.6092214683359353
33764.44,RANDOM,412,5784,201469,0,geod_dist_to_target,44,0.6092214683359353
33764.44,RANDOM,412,5784,201469,0,geod_dist_to_target,46,0.6092214683359353
33764.44,RANDOM,412,5953,201469,0,geod_dist_to_target,48,0.27150774923821874
33764.44,RANDOM,412,5953,201469,0,geod_dist_to_target,50,0.27150774923821874
33764.44,RANDOM,412,5953,201469,0,geod_dist_to_target,55,0.27150774923821874
33764.44,RANDOM,412,5953,201469,0,geod_dist_to_target,60,0.27150774923821874
33764.44,RANDOM,412,5784,201469,0,geod_dist_to_target,65,0.6092214683359353
33764.44,RANDOM,412,5784,201469,0,geod_dist_to_target,70,0.6092214683359353
33764.44,RANDOM,412,5784,201469,0,geod_dist_to_target,75,0.6092214683359353
33764.44,RANDOM,412,5784,201469,0,geod_dist_to_target,80,0.6092214683359353
33764.44,RANDOM,412,5784,201469,0,geod_dist_to_target,85,0.6092214683359353
33764.44,RANDOM,412,5784,201469,0,geod_dist_to_target,90,0.6092214683359353
33764.44,RANDOM,412,5784,201469,0,geod_dist_to_target,95,0.6092214683359353
33764.44,RANDOM,412,5784,201469,0,geod_dist_to_target,100,0.6092214683359353
33764.44,RANDOM,412,412,94177,0,geod_dist_to_target,5,0.0
33764.44,RANDOM,412,5949,94177,0,geod_dist_to_target,6,0.6094584070920324
33764.44,RANDOM,412,5949,94177,0,geod_dist_to_target,7,0.6094584070920324
33764.44,RANDOM,412,6159,94177,0,geod_dist_to_target,8,0.2403591873568953
33764.44,RANDOM,412,6159,94177,0,geod_dist_to_target,9,0.2403591873568953
33764.44,RANDOM,412,6159,94177,0,geod_dist_to_target,10,0.2403591873568953
33764.44,RANDOM,412,6159,94177,0,geod_dist_to_target,11,0.2403591873568953
33764.44,RANDOM,412,7427,94177,0,geod_dist_to_target,12,6.825112936176652
33764.44,RANDOM,412,7427,94177,0,geod_dist_to_target,13,6.825112936176652
33764.44,RANDOM,412,6159,94177,0,geod_dist_to_target,14,0.2403591873568953
33764.44,RANDOM,412,10803,94177,0,geod_dist_to_target,15,1.0974423369038628
33764.44,RANDOM,412,10803,94177,0,geod_dist_to_target,16,1.0974423369038628
33764.44,RANDOM,412,10803,94177,0,geod_dist_to_target,17,1.0974423369038628
33764.44,RANDOM,412,6159,94177,0,geod_dist_to_target,18,0.2403591873568953
33764.44,RANDOM,412,6159,94177,0,geod_dist_to_target,19,0.2403591873568953
33764.44,RANDOM,412,6159,94177,0,geod_dist_to_target,20,0.2403591873568953
33764.44,RANDOM,412,10803,94177,0,geod_dist_to_target,22,1.0974423369038628
33764.44,RANDOM,412,6159,94177,0,geod_dist_to_target,24,0.2403591873568953
33764.44,RANDOM,412,6159,94177,0,geod_dist_to_target,26,0.2403591873568953
33764.44,RANDOM,412,6159,94177,0,geod_dist_to_target,28,0.2403591873568953
33764.44,RANDOM,412,412,94177,0,geod_dist_to_target,30,0.0
33764.44,RANDOM,412,412,94177,0,geod_dist_to_target,32,0.0
33764.44,RANDOM,412,412,94177,0,geod_dist_to_target,34,0.0
33764.44,RANDOM,412,412,94177,0,geod_dist_to_target,36,0.0
33764.44,RANDOM,412,412,94177,0,geod_dist_to_target,38,0.0
33764.44,RANDOM,412,5953,94177,0,geod_dist_to_target,40,0.27150774923821874
33764.44,RANDOM,412,5953,94177,0,geod_dist_to_target,42,0.27150774923821874
33764.44,RANDOM,412,5953,94177,0,geod_dist_to_target,44,0.27150774923821874
33764.44,RANDOM,412,5953,94177,0,geod_dist_to_target,46,0.27150774923821874
33764.44,RANDOM,412,5953,94177,0,geod_dist_to_target,48,0.27150774923821874
33764.44,RANDOM,412,5953,94177,0,geod_dist_to_target,50,0.27150774923821874
33764.44,RANDOM,412,5953,94177,0,geod_dist_to_target,55,0.27150774923821874
33764.44,RANDOM,412,5953,94177,0,geod_dist_to_target,60,0.27150774923821874
33764.44,RANDOM,412,412,94177,0,geod_dist_to_target,65,0.0
33764.44,RANDOM,412,412,94177,0,geod_dist_to_target,70,0.0
33764.44,RANDOM,412,412,94177,0,geod_dist_to_target,75,0.0
33764.44,RANDOM,412,412,94177,0,geod_dist_to_target,80,0.0
33764.44,RANDOM,412,412,94177,0,geod_dist_to_target,85,0.0
33764.44,RANDOM,412,412,94177,0,geod_dist_to_target,90,0.0
33764.44,RANDOM,412,412,94177,0,geod_dist_to_target,95,0.0
33764.44,RANDOM,412,412,94177,0,geod_dist_to_target,100,0.0
33764.44,ROW-mean-Corr,412,3548,89250,0,geod_dist_to_target,5,29.633603588552692
33764.44,ROW-mean-Corr,412,1140,89250,0,geod_dist_to_target,6,20.62481505489412
33764.44,ROW-mean-Corr,412,6478,89250,0,geod_dist_to_target,7,18.622529124882956
33764.44,ROW-mean-Corr,412,1140,89250,0,geod_dist_to_target,8,20.62481505489412
33764.44,ROW-mean-Corr,412,12245,89250,0,geod_dist_to_target,9,20.680542643170114
33764.44,ROW-mean-Corr,412,12245,89250,0,geod_dist_to_target,10,20.680542643170114
33764.44,ROW-mean-Corr,412,12245,89250,0,geod_dist_to_target,11,20.680542643170114
33764.44,ROW-mean-Corr,412,12245,89250,0,geod_dist_to_target,12,20.680542643170114
33764.44,ROW-mean-Corr,412,412,89250,0,geod_dist_to_target,13,0.0
33764.44,ROW-mean-Corr,412,6159,89250,0,geod_dist_to_target,14,0.2403591873568953
33764.44,ROW-mean-Corr,412,5920,89250,0,geod_dist_to_target,15,0.5601873444409661
33764.44,ROW-mean-Corr,412,6159,89250,0,geod_dist_to_target,16,0.2403591873568953
33764.44,ROW-mean-Corr,412,6159,89250,0,geod_dist_to_target,17,0.2403591873568953
33764.44,ROW-mean-Corr,412,6159,89250,0,geod_dist_to_target,18,0.2403591873568953
33764.44,ROW-mean-Corr,412,6159,89250,0,geod_dist_to_target,19,0.2403591873568953
33764.44,ROW-mean-Corr,412,6159,89250,0,geod_dist_to_target,20,0.2403591873568953
33764.44,ROW-mean-Corr,412,6160,89250,0,geod_dist_to_target,22,0.5037172425378162
33764.44,ROW-mean-Corr,412,6159,89250,0,geod_dist_to_target,24,0.2403591873568953
33764.44,ROW-mean-Corr,412,6159,89250,0,geod_dist_to_target,26,0.2403591873568953
33764.44,ROW-mean-Corr,412,6159,89250,0,geod_dist_to_target,28,0.2403591873568953
33764.44,ROW-mean-Corr,412,6159,89250,0,geod_dist_to_target,30,0.2403591873568953
33764.44,ROW-mean-Corr,412,6160,89250,0,geod_dist_to_target,32,0.5037172425378162
33764.44,ROW-mean-Corr,412,6159,89250,0,geod_dist_to_target,34,0.2403591873568953
33764.44,ROW-mean-Corr,412,6159,89250,0,geod_dist_to_target,36,0.2403591873568953
33764.44,ROW-mean-Corr,412,6159,89250,0,geod_dist_to_target,38,0.2403591873568953
33764.44,ROW-mean-Corr,412,6159,89250,0,geod_dist_to_target,40,0.2403591873568953
33764.44,ROW-mean-Corr,412,412,89250,0,geod_dist_to_target,42,0.0
33764.44,ROW-mean-Corr,412,412,89250,0,geod_dist_to_target,44,0.0
33764.44,ROW-mean-Corr,412,412,89250,0,geod_dist_to_target,46,0.0
33764.44,ROW-mean-Corr,412,412,89250,0,geod_dist_to_target,48,0.0
33764.44,ROW-mean-Corr,412,412,89250,0,geod_dist_to_target,50,0.0
33764.44,ROW-mean-Corr,412,2563,89250,0,geod_dist_to_target,55,0.5873768680531021
33764.44,ROW-mean-Corr,412,2563,89250,0,geod_dist_to_target,60,0.5873768680531021
33764.44,ROW-mean-Corr,412,412,89250,0,geod_dist_to_target,65,0.0
33764.44,ROW-mean-Corr,412,2563,89250,0,geod_dist_to_target,70,0.5873768680531021
33764.44,ROW-mean-Corr,412,2563,89250,0,geod_dist_to_target,75,0.5873768680531021
33764.44,ROW-mean-Corr,412,2563,89250,0,geod_dist_to_target,80,0.5873768680531021
33764.44,ROW-mean-Corr,412,2563,89250,0,geod_dist_to_target,85,0.5873768680531021
33764.44,ROW-mean-Corr,412,2563,89250,0,geod_dist_to_target,90,0.5873768680531021
33764.44,ROW-mean-Corr,412,2563,89250,0,geod_dist_to_target,95,0.5873768680531021
33764.44,ROW-mean-Corr,412,412,89250,0,geod_dist_to_target,100,0.0
33764.44,ROW-mean-Corr,412,11670,773956,0,geod_dist_to_target,5,23.19085594373443
33764.44,ROW-mean-Corr,412,7587,773956,0,geod_dist_to_target,6,21.656100444592823
33764.44,ROW-mean-Corr,412,7587,773956,0,geod_dist_to_target,7,21.656100444592823
33764.44,ROW-mean-Corr,412,2150,773956,0,geod_dist_to_target,8,21.170863862897733
33764.44,ROW-mean-Corr,412,6478,773956,0,geod_dist_to_target,9,18.622529124882956
33764.44,ROW-mean-Corr,412,6478,773956,0,geod_dist_to_target,10,18.622529124882956
33764.44,ROW-mean-Corr,412,6478,773956,0,geod_dist_to_target,11,18.622529124882956
33764.44,ROW-mean-Corr,412,1744,773956,0,geod_dist_to_target,12,16.181815892259937
33764.44,ROW-mean-Corr,412,10803,773956,0,geod_dist_to_target,13,1.0974423369038628
33764.44,ROW-mean-Corr,412,6159,773956,0,geod_dist_to_target,14,0.2403591873568953
33764.44,ROW-mean-Corr,412,2563,773956,0,geod_dist_to_target,15,0.5873768680531021
33764.44,ROW-mean-Corr,412,636,773956,0,geod_dist_to_target,16,1.640648713393917
33764.44,ROW-mean-Corr,412,1951,773956,0,geod_dist_to_target,17,0.2901684246817361
33764.44,ROW-mean-Corr,412,1951,773956,0,geod_dist_to_target,18,0.2901684246817361
33764.44,ROW-mean-Corr,412,1951,773956,0,geod_dist_to_target,19,0.2901684246817361
33764.44,ROW-mean-Corr,412,1951,773956,0,geod_dist_to_target,20,0.2901684246817361
33764.44,ROW-mean-Corr,412,9444,773956,0,geod_dist_to_target,22,0.6570037015080127
33764.44,ROW-mean-Corr,412,9352,773956,0,geod_dist_to_target,24,5.728357570677122
33764.44,ROW-mean-Corr,412,2563,773956,0,geod_dist_to_target,26,0.5873768680531021
33764.44,ROW-mean-Corr,412,2563,773956,0,geod_dist_to_target,28,0.5873768680531021
33764.44,ROW-mean-Corr,412,6399,773956,0,geod_dist_to_target,30,2.863846359368136
33764.44,ROW-mean-Corr,412,2563,773956,0,geod_dist_to_target,32,0.5873768680531021
33764.44,ROW-mean-Corr,412,5884,773956,0,geod_dist_to_target,34,0.689277357296162
33764.44,ROW-mean-Corr,412,5884,773956,0,geod_dist_to_target,36,0.689277357296162
33764.44,ROW-mean-Corr,412,2563,773956,0,geod_dist_to_target,38,0.5873768680531021
33764.44,ROW-mean-Corr,412,2563,773956,0,geod_dist_to_target,40,0.5873768680531021
33764.44,ROW-mean-Corr,412,2563,773956,0,geod_dist_to_target,42,0.5873768680531021
33764.44,ROW-mean-Corr,412,2563,773956,0,geod_dist_to_target,44,0.5873768680531021
33764.44,ROW-mean-Corr,412,412,773956,0,geod_dist_to_target,46,0.0
33764.44,ROW-mean-Corr,412,412,773956,0,geod_dist_to_target,48,0.0
33764.44,ROW-mean-Corr,412,412,773956,0,geod_dist_to_target,50,0.0
33764.44,ROW-mean-Corr,412,412,773956,0,geod_dist_to_target,55,0.0
33764.44,ROW-mean-Corr,412,412,773956,0,geod_dist_to_target,60,0.0
33764.44,ROW-mean-Corr,412,412,773956,0,geod_dist_to_target,65,0.0
33764.44,ROW-mean-Corr,412,412,773956,0,geod_dist_to_target,70,0.0
33764.44,ROW-mean-Corr,412,412,773956,0,geod_dist_to_target,75,0.0
33764.44,ROW-mean-Corr,412,412,773956,0,geod_dist_to_target,80,0.0
33764.44,ROW-mean-Corr,412,412,773956,0,geod_dist_to_target,85,0.0
33764.44,ROW-mean-Corr,412,412,773956,0,geod_dist_to_target,90,0.0
33764.44,ROW-mean-Corr,412,412,773956,0,geod_dist_to_target,95,0.0
33764.44,ROW-mean-Corr,412,412,773956,0,geod_dist_to_target,100,0.0
33764.44,ROW-mean-Corr,412,3698,654571,0,geod_dist_to_target,5,22.048019845015677
33764.44,ROW-mean-Corr,412,7587,654571,0,geod_dist_to_target,6,21.656100444592823
33764.44,ROW-mean-Corr,412,7587,654571,0,geod_dist_to_target,7,21.656100444592823
33764.44,ROW-mean-Corr,412,3929,654571,0,geod_dist_to_target,8,22.469673899650285
33764.44,ROW-mean-Corr,412,7587,654571,0,geod_dist_to_target,9,21.656100444592823
33764.44,ROW-mean-Corr,412,3929,654571,0,geod_dist_to_target,10,22.469673899650285
33764.44,ROW-mean-Corr,412,636,654571,0,geod_dist_to_target,11,1.640648713393917
33764.44,ROW-mean-Corr,412,636,654571,0,geod_dist_to_target,12,1.640648713393917
33764.44,ROW-mean-Corr,412,7587,654571,0,geod_dist_to_target,13,21.656100444592823
33764.44,ROW-mean-Corr,412,7587,654571,0,geod_dist_to_target,14,21.656100444592823
33764.44,ROW-mean-Corr,412,636,654571,0,geod_dist_to_target,15,1.640648713393917
33764.44,ROW-mean-Corr,412,636,654571,0,geod_dist_to_target,16,1.640648713393917
33764.44,ROW-mean-Corr,412,636,654571,0,geod_dist_to_target,17,1.640648713393917
33764.44,ROW-mean-Corr,412,636,654571,0,geod_dist_to_target,18,1.640648713393917
33764.44,ROW-mean-Corr,412,6387,654571,0,geod_dist_to_target,19,2.1570396813695343
33764.44,ROW-mean-Corr,412,6387,654571,0,geod_dist_to_target,20,2.1570396813695343
33764.44,ROW-mean-Corr,412,6398,654571,0,geod_dist_to_target,22,3.0686021820601184
33764.44,ROW-mean-Corr,412,6398,654571,0,geod_dist_to_target,24,3.0686021820601184
33764.44,ROW-mean-Corr,412,6398,654571,0,geod_dist_to_target,26,3.0686021820601184
33764.44,ROW-mean-Corr,412,6387,654571,0,geod_dist_to_target,28,2.1570396813695343
33764.44,ROW-mean-Corr,412,6389,654571,0,geod_dist_to_target,30,2.3435597772822105
33764.44,ROW-mean-Corr,412,6398,654571,0,geod_dist_to_target,32,3.0686021820601184
33764.44,ROW-mean-Corr,412,6389,654571,0,geod_dist_to_target,34,2.3435597772822105
33764.44,ROW-mean-Corr,412,9237,654571,0,geod_dist_to_target,36,1.478273039235452
33764.44,ROW-mean-Corr,412,9237,654571,0,geod_dist_to_target,38,1.478273039235452
33764.44,ROW-mean-Corr,412,9237,654571,0,geod_dist_to_target,40,1.478273039235452
33764.44,ROW-mean-Corr,412,9237,654571,0,geod_dist_to_target,42,1.478273039235452
33764.44,ROW-mean-Corr,412,9237,654571,0,geod_dist_to_target,44,1.478273039235452
33764.44,ROW-mean-Corr,412,2563,654571,0,geod_dist_to_target,46,0.5873768680531021
33764.44,ROW-mean-Corr,412,2563,654571,0,geod_dist_to_target,48,0.5873768680531021
33764.44,ROW-mean-Corr,412,6159,654571,0,geod_dist_to_target,50,0.2403591873568953
33764.44,ROW-mean-Corr,412,6159,654571,0,geod_dist_to_target,55,0.2403591873568953
33764.44,ROW-mean-Corr,412,6159,654571,0,geod_dist_to_target,60,0.2403591873568953
33764.44,ROW-mean-Corr,412,412,654571,0,geod_dist_to_target,65,0.0
33764.44,ROW-mean-Corr,412,412,654571,0,geod_dist_to_target,70,0.0
33764.44,ROW-mean-Corr,412,412,654571,0,geod_dist_to_target,75,0.0
33764.44,ROW-mean-Corr,412,412,654571,0,geod_dist_to_target,80,0.0
33764.44,ROW-mean-Corr,412,412,654571,0,geod_dist_to_target,85,0.0
33764.44,ROW-mean-Corr,412,412,654571,0,geod_dist_to_target,90,0.0
33764.44,ROW-mean-Corr,412,412,654571,0,geod_dist_to_target,95,0.0
33764.44,ROW-mean-Corr,412,412,654571,0,geod_dist_to_target,100,0.0
33764.44,ROW-mean-Corr,412,6524,438878,0,geod_dist_to_target,5,22.458423154842365
33764.44,ROW-mean-Corr,412,6689,438878,0,geod_dist_to_target,6,3.207304698973316
33764.44,ROW-mean-Corr,412,5747,438878,0,geod_dist_to_target,7,2.744971883123199
33764.44,ROW-mean-Corr,412,5747,438878,0,geod_dist_to_target,8,2.744971883123199
33764.44,ROW-mean-Corr,412,6559,438878,0,geod_dist_to_target,9,4.130415836560422
33764.44,ROW-mean-Corr,412,5747,438878,0,geod_dist_to_target,10,2.744971883123199
33764.44,ROW-mean-Corr,412,6857,438878,0,geod_dist_to_target,11,3.7935334419752738
33764.44,ROW-mean-Corr,412,10938,438878,0,geod_dist_to_target,12,2.17384526338392
33764.44,ROW-mean-Corr,412,2011,438878,0,geod_dist_to_target,13,1.0137827113885771
33764.44,ROW-mean-Corr,412,2011,438878,0,geod_dist_to_target,14,1.0137827113885771
33764.44,ROW-mean-Corr,412,2011,438878,0,geod_dist_to_target,15,1.0137827113885771
33764.44,ROW-mean-Corr,412,6689,438878,0,geod_dist_to_target,16,3.207304698973316
33764.44,ROW-mean-Corr,412,6689,438878,0,geod_dist_to_target,17,3.207304698973316
33764.44,ROW-mean-Corr,412,6689,438878,0,geod_dist_to_target,18,3.207304698973316
33764.44,ROW-mean-Corr,412,6689,438878,0,geod_dist_to_target,19,3.207304698973316
33764.44,ROW-mean-Corr,412,6689,438878,0,geod_dist_to_target,20,3.207304698973316
33764.44,ROW-mean-Corr,412,6689,438878,0,geod_dist_to_target,22,3.207304698973316
33764.44,ROW-mean-Corr,412,6388,438878,0,geod_dist_to_target,24,1.9902165974611477
33764.44,ROW-mean-Corr,412,10938,438878,0,geod_dist_to_target,26,2.17384526338392
33764.44,ROW-mean-Corr,412,10938,438878,0,geod_dist_to_target,28,2.17384526338392
33764.44,ROW-mean-Corr,412,10938,438878,0,geod_dist_to_target,30,2.17384526338392
33764.44,ROW-mean-Corr,412,6388,438878,0,geod_dist_to_target,32,1.9902165974611477
33764.44,ROW-mean-Corr,412,5782,438878,0,geod_dist_to_target,34,1.7968847350508836
33764.44,ROW-mean-Corr,412,5782,438878,0,geod_dist_to_target,36,1.7968847350508836
33764.44,ROW-mean-Corr,412,5782,438878,0,geod_dist_to_target,38,1.7968847350508836
33764.44,ROW-mean-Corr,412,10886,438878,0,geod_dist_to_target,40,1.2376865134793835
33764.44,ROW-mean-Corr,412,10886,438878,0,geod_dist_to_target,42,1.2376865134793835
33764.44,ROW-mean-Corr,412,10886,438878,0,geod_dist_to_target,44,1.2376865134793835
33764.44,ROW-mean-Corr,412,5949,438878,0,geod_dist_to_target,46,0.6094584070920324
33764.44,ROW-mean-Corr,412,8577,438878,0,geod_dist_to_target,48,2.260220419152611
33764.44,ROW-mean-Corr,412,1951,438878,0,geod_dist_to_target,50,0.2901684246817361
33764.44,ROW-mean-Corr,412,2563,438878,0,geod_dist_to_target,55,0.5873768680531021
33764.44,ROW-mean-Corr,412,9237,438878,0,geod_dist_to_target,60,1.478273039235452
33764.44,ROW-mean-Corr,412,9237,438878,0,geod_dist_to_target,65,1.478273039235452
33764.44,ROW-mean-Corr,412,9237,438878,0,geod_dist_to_target,70,1.478273039235452
33764.44,ROW-mean-Corr,412,9237,438878,0,geod_dist_to_target,75,1.478273039235452
33764.44,ROW-mean-Corr,412,2563,438878,0,geod_dist_to_target,80,0.5873768680531021
33764.44,ROW-mean-Corr,412,2563,438878,0,geod_dist_to_target,85,0.5873768680531021
33764.44,ROW-mean-Corr,412,2563,438878,0,geod_dist_to_target,90,0.5873768680531021
33764.44,ROW-mean-Corr,412,2563,438878,0,geod_dist_to_target,95,0.5873768680531021
33764.44,ROW-mean-Corr,412,2563,438878,0,geod_dist_to_target,100,0.5873768680531021
33764.44,ROW-mean-Corr,412,9304,433015,0,geod_dist_to_target,5,24.367222472947912
33764.44,ROW-mean-Corr,412,5657,433015,0,geod_dist_to_target,6,3.1219892192121113
33764.44,ROW-mean-Corr,412,5658,433015,0,geod_dist_to_target,7,2.937257318464823
33764.44,ROW-mean-Corr,412,7426,433015,0,geod_dist_to_target,8,2.5972849494879564
33764.44,ROW-mean-Corr,412,7426,433015,0,geod_dist_to_target,9,2.5972849494879564
33764.44,ROW-mean-Corr,412,7426,433015,0,geod_dist_to_target,10,2.5972849494879564
33764.44,ROW-mean-Corr,412,1222,433015,0,geod_dist_to_target,11,2.811507845483994
33764.44,ROW-mean-Corr,412,1222,433015,0,geod_dist_to_target,12,2.811507845483994
33764.44,ROW-mean-Corr,412,6411,433015,0,geod_dist_to_target,13,6.2785862431771315
33764.44,ROW-mean-Corr,412,5781,433015,0,geod_dist_to_target,14,1.6431269821421788
33764.44,ROW-mean-Corr,412,492,433015,0,geod_dist_to_target,15,1.0882686581162997
33764.44,ROW-mean-Corr,412,5781,433015,0,geod_dist_to_target,16,1.6431269821421788
33764.44,ROW-mean-Corr,412,5781,433015,0,geod_dist_to_target,17,1.6431269821421788
33764.44,ROW-mean-Corr,412,623,433015,0,geod_dist_to_target,18,7.818380864893945
33764.44,ROW-mean-Corr,412,623,433015,0,geod_dist_to_target,19,7.818380864893945
33764.44,ROW-mean-Corr,412,623,433015,0,geod_dist_to_target,20,7.818380864893945
33764.44,ROW-mean-Corr,412,492,433015,0,geod_dist_to_target,22,1.0882686581162997
33764.44,ROW-mean-Corr,412,492,433015,0,geod_dist_to_target,24,1.0882686581162997
33764.44,ROW-mean-Corr,412,492,433015,0,geod_dist_to_target,26,1.0882686581162997
33764.44,ROW-mean-Corr,412,492,433015,0,geod_dist_to_target,28,1.0882686581162997
33764.44,ROW-mean-Corr,412,492,433015,0,geod_dist_to_target,30,1.0882686581162997
33764.44,ROW-mean-Corr,412,5783,433015,0,geod_dist_to_target,32,1.3499556943916124
33764.44,ROW-mean-Corr,412,5949,433015,0,geod_dist_to_target,34,0.6094584070920324
33764.44,ROW-mean-Corr,412,5949,433015,0,geod_dist_to_target,36,0.6094584070920324
33764.44,ROW-mean-Corr,412,5949,433015,0,geod_dist_to_target,38,0.6094584070920324
33764.44,ROW-mean-Corr,412,5949,433015,0,geod_dist_to_target,40,0.6094584070920324
33764.44,ROW-mean-Corr,412,5949,433015,0,geod_dist_to_target,42,0.6094584070920324
33764.44,ROW-mean-Corr,412,5949,433015,0,geod_dist_to_target,44,0.6094584070920324
33764.44,ROW-mean-Corr,412,5949,433015,0,geod_dist_to_target,46,0.6094584070920324
33764.44,ROW-mean-Corr,412,9444,433015,0,geod_dist_to_target,48,0.6570037015080127
33764.44,ROW-mean-Corr,412,9444,433015,0,geod_dist_to_target,50,0.6570037015080127
33764.44,ROW-mean-Corr,412,9444,433015,0,geod_dist_to_target,55,0.6570037015080127
33764.44,ROW-mean-Corr,412,9444,433015,0,geod_dist_to_target,60,0.6570037015080127
33764.44,ROW-mean-Corr,412,9444,433015,0,geod_dist_to_target,65,0.6570037015080127
33764.44,ROW-mean-Corr,412,9444,433015,0,geod_dist_to_target,70,0.6570037015080127
33764.44,ROW-mean-Corr,412,9444,433015,0,geod_dist_to_target,75,0.6570037015080127
33764.44,ROW-mean-Corr,412,9444,433015,0,geod_dist_to_target,80,0.6570037015080127
33764.44,ROW-mean-Corr,412,9444,433015,0,geod_dist_to_target,85,0.6570037015080127
33764.44,ROW-mean-Corr,412,9444,433015,0,geod_dist_to_target,90,0.6570037015080127
33764.44,ROW-mean-Corr,412,1951,433015,0,geod_dist_to_target,95,0.2901684246817361
33764.44,ROW-mean-Corr,412,1951,433015,0,geod_dist_to_target,100,0.2901684246817361
33764.44,ROW-mean-Corr,412,5039,858597,0,geod_dist_to_target,5,33.55080447351542
33764.44,ROW-mean-Corr,412,6172,858597,0,geod_dist_to_target,6,2.9880948516582726
33764.44,ROW-mean-Corr,412,8078,858597,0,geod_dist_to_target,7,4.107353648404672
33764.44,ROW-mean-Corr,412,1430,858597,0,geod_dist_to_target,8,4.639717023294268
33764.44,ROW-mean-Corr,412,1430,858597,0,geod_dist_to_target,9,4.639717023294268
33764.44,ROW-mean-Corr,412,1430,858597,0,geod_dist_to_target,10,4.639717023294268
33764.44,ROW-mean-Corr,412,1430,858597,0,geod_dist_to_target,11,4.639717023294268
33764.44,ROW-mean-Corr,412,1430,858597,0,geod_dist_to_target,12,4.639717023294268
33764.44,ROW-mean-Corr,412,6197,858597,0,geod_dist_to_target,13,6.543766068495539
33764.44,ROW-mean-Corr,412,6197,858597,0,geod_dist_to_target,14,6.543766068495539
33764.44,ROW-mean-Corr,412,6197,858597,0,geod_dist_to_target,15,6.543766068495539
33764.44,ROW-mean-Corr,412,8078,858597,0,geod_dist_to_target,16,4.107353648404672
33764.44,ROW-mean-Corr,412,8078,858597,0,geod_dist_to_target,17,4.107353648404672
33764.44,ROW-mean-Corr,412,8078,858597,0,geod_dist_to_target,18,4.107353648404672
33764.44,ROW-mean-Corr,412,8078,858597,0,geod_dist_to_target,19,4.107353648404672
33764.44,ROW-mean-Corr,412,8078,858597,0,geod_dist_to_target,20,4.107353648404672
33764.44,ROW-mean-Corr,412,8078,858597,0,geod_dist_to_target,22,4.107353648404672
33764.44,ROW-mean-Corr,412,8078,858597,0,geod_dist_to_target,24,4.107353648404672
33764.44,ROW-mean-Corr,412,8078,858597,0,geod_dist_to_target,26,4.107353648404672
33764.44,ROW-mean-Corr,412,8078,858597,0,geod_dist_to_target,28,4.107353648404672
33764.44,ROW-mean-Corr,412,11208,858597,0,geod_dist_to_target,30,3.521644897267876
33764.44,ROW-mean-Corr,412,11208,858597,0,geod_dist_to_target,32,3.521644897267876
33764.44,ROW-mean-Corr,412,11208,858597,0,geod_dist_to_target,34,3.521644897267876
33764.44,ROW-mean-Corr,412,11208,858597,0,geod_dist_to_target,36,3.521644897267876
33764.44,ROW-mean-Corr,412,11208,858597,0,geod_dist_to_target,38,3.521644897267876
33764.44,ROW-mean-Corr,412,8079,858597,0,geod_dist_to_target,40,3.0335556223761944
33764.44,ROW-mean-Corr,412,8079,858597,0,geod_dist_to_target,42,3.0335556223761944
33764.44,ROW-mean-Corr,412,8079,858597,0,geod_dist_to_target,44,3.0335556223761944
33764.44,ROW-mean-Corr,412,6393,858597,0,geod_dist_to_target,46,2.2681502285148465
33764.44,ROW-mean-Corr,412,5920,858597,0,geod_dist_to_target,48,0.5601873444409661
33764.44,ROW-mean-Corr,412,4003,858597,0,geod_dist_to_target,50,1.1498408316314779
33764.44,ROW-mean-Corr,412,4003,858597,0,geod_dist_to_target,55,1.1498408316314779
33764.44,ROW-mean-Corr,412,4003,858597,0,geod_dist_to_target,60,1.1498408316314779
33764.44,ROW-mean-Corr,412,5953,858597,0,geod_dist_to_target,65,0.27150774923821874
33764.44,ROW-mean-Corr,412,4003,858597,0,geod_dist_to_target,70,1.1498408316314779
33764.44,ROW-mean-Corr,412,4003,858597,0,geod_dist_to_target,75,1.1498408316314779
33764.44,ROW-mean-Corr,412,5953,858597,0,geod_dist_to_target,80,0.27150774923821874
33764.44,ROW-mean-Corr,412,5953,858597,0,geod_dist_to_target,85,0.27150774923821874
33764.44,ROW-mean-Corr,412,5953,858597,0,geod_dist_to_target,90,0.27150774923821874
33764.44,ROW-mean-Corr,412,5953,858597,0,geod_dist_to_target,95,0.27150774923821874
33764.44,ROW-mean-Corr,412,412,858597,0,geod_dist_to_target,100,0.0
33764.44,ROW-mean-Corr,412,5772,85945,0,geod_dist_to_target,5,24.32787561777211
33764.44,ROW-mean-Corr,412,303,85945,0,geod_dist_to_target,6,26.597824785365717
33764.44,ROW-mean-Corr,412,597,85945,0,geod_dist_to_target,7,29.86900818937781
33764.44,ROW-mean-Corr,412,597,85945,0,geod_dist_to_target,8,29.86900818937781
33764.44,ROW-mean-Corr,412,597,85945,0,geod_dist_to_target,9,29.86900818937781
33764.44,ROW-mean-Corr,412,597,85945,0,geod_dist_to_target,10,29.86900818937781
33764.44,ROW-mean-Corr,412,597,85945,0,geod_dist_to_target,11,29.86900818937781
33764.44,ROW-mean-Corr,412,597,85945,0,geod_dist_to_target,12,29.86900818937781
33764.44,ROW-mean-Corr,412,7427,85945,0,geod_dist_to_target,13,6.825112936176652
33764.44,ROW-mean-Corr,412,7427,85945,0,geod_dist_to_target,14,6.825112936176652
33764.44,ROW-mean-Corr,412,2768,85945,0,geod_dist_to_target,15,2.0420716141524617
33764.44,ROW-mean-Corr,412,2768,85945,0,geod_dist_to_target,16,2.0420716141524617
33764.44,ROW-mean-Corr,412,2768,85945,0,geod_dist_to_target,17,2.0420716141524617
33764.44,ROW-mean-Corr,412,2768,85945,0,geod_dist_to_target,18,2.0420716141524617
33764.44,ROW-mean-Corr,412,2768,85945,0,geod_dist_to_target,19,2.0420716141524617
33764.44,ROW-mean-Corr,412,2768,85945,0,geod_dist_to_target,20,2.0420716141524617
33764.44,ROW-mean-Corr,412,2768,85945,0,geod_dist_to_target,22,2.0420716141524617
33764.44,ROW-mean-Corr,412,2733,85945,0,geod_dist_to_target,24,1.0461684241816511
33764.44,ROW-mean-Corr,412,5954,85945,0,geod_dist_to_target,26,1.4519716382859904
33764.44,ROW-mean-Corr,412,2733,85945,0,geod_dist_to_target,28,1.0461684241816511
33764.44,ROW-mean-Corr,412,2733,85945,0,geod_dist_to_target,30,1.0461684241816511
33764.44,ROW-mean-Corr,412,2733,85945,0,geod_dist_to_target,32,1.0461684241816511
33764.44,ROW-mean-Corr,412,2733,85945,0,geod_dist_to_target,34,1.0461684241816511
33764.44,ROW-mean-Corr,412,2733,85945,0,geod_dist_to_target,36,1.0461684241816511
33764.44,ROW-mean-Corr,412,2733,85945,0,geod_dist_to_target,38,1.0461684241816511
33764.44,ROW-mean-Corr,412,2733,85945,0,geod_dist_to_target,40,1.0461684241816511
33764.44,ROW-mean-Corr,412,2733,85945,0,geod_dist_to_target,42,1.0461684241816511
33764.44,ROW-mean-Corr,412,2733,85945,0,geod_dist_to_target,44,1.0461684241816511
33764.44,ROW-mean-Corr,412,2733,85945,0,geod_dist_to_target,46,1.0461684241816511
33764.44,ROW-mean-Corr,412,5920,85945,0,geod_dist_to_target,48,0.5601873444409661
33764.44,ROW-mean-Corr,412,4003,85945,0,geod_dist_to_target,50,1.1498408316314779
33764.44,ROW-mean-Corr,412,5953,85945,0,geod_dist_to_target,55,0.27150774923821874
33764.44,ROW-mean-Corr,412,5953,85945,0,geod_dist_to_target,60,0.27150774923821874
33764.44,ROW-mean-Corr,412,5953,85945,0,geod_dist_to_target,65,0.27150774923821874
33764.44,ROW-mean-Corr,412,412,85945,0,geod_dist_to_target,70,0.0
33764.44,ROW-mean-Corr,412,412,85945,0,geod_dist_to_target,75,0.0
33764.44,ROW-mean-Corr,412,412,85945,0,geod_dist_to_target,80,0.0
33764.44,ROW-mean-Corr,412,412,85945,0,geod_dist_to_target,85,0.0
33764.44,ROW-mean-Corr,412,412,85945,0,geod_dist_to_target,90,0.0
33764.44,ROW-mean-Corr,412,412,85945,0,geod_dist_to_target,95,0.0
33764.44,ROW-mean-Corr,412,412,85945,0,geod_dist_to_target,100,0.0
33764.44,ROW-mean-Corr,412,12261,697368,0,geod_dist_to_target,5,40.618048297748004
33764.44,ROW-mean-Corr,412,190,697368,0,geod_dist_to_target,6,21.198978698695466
33764.44,ROW-mean-Corr,412,190,697368,0,geod_dist_to_target,7,21.198978698695466
33764.44,ROW-mean-Corr,412,190,697368,0,geod_dist_to_target,8,21.198978698695466
33764.44,ROW-mean-Corr,412,190,697368,0,geod_dist_to_target,9,21.198978698695466
33764.44,ROW-mean-Corr,412,190,697368,0,geod_dist_to_target,10,21.198978698695466
33764.44,ROW-mean-Corr,412,190,697368,0,geod_dist_to_target,11,21.198978698695466
33764.44,ROW-mean-Corr,412,1149,697368,0,geod_dist_to_target,12,26.70630837376373
33764.44,ROW-mean-Corr,412,6387,697368,0,geod_dist_to_target,13,2.1570396813695343
33764.44,ROW-mean-Corr,412,6387,697368,0,geod_dist_to_target,14,2.1570396813695343
33764.44,ROW-mean-Corr,412,9444,697368,0,geod_dist_to_target,15,0.6570037015080127
33764.44,ROW-mean-Corr,412,9444,697368,0,geod_dist_to_target,16,0.6570037015080127
33764.44,ROW-mean-Corr,412,9444,697368,0,geod_dist_to_target,17,0.6570037015080127
33764.44,ROW-mean-Corr,412,9444,697368,0,geod_dist_to_target,18,0.6570037015080127
33764.44,ROW-mean-Corr,412,636,697368,0,geod_dist_to_target,19,1.640648713393917
33764.44,ROW-mean-Corr,412,636,697368,0,geod_dist_to_target,20,1.640648713393917
33764.44,ROW-mean-Corr,412,10418,697368,0,geod_dist_to_target,22,4.0990912158700885
33764.44,ROW-mean-Corr,412,10418,697368,0,geod_dist_to_target,24,4.0990912158700885
33764.44,ROW-mean-Corr,412,3560,697368,0,geod_dist_to_target,26,6.865577400808348
33764.44,ROW-mean-Corr,412,3560,697368,0,geod_dist_to_target,28,6.865577400808348
33764.44,ROW-mean-Corr,412,6420,697368,0,geod_dist_to_target,30,7.877433671768876
33764.44,ROW-mean-Corr,412,6420,697368,0,geod_dist_to_target,32,7.877433671768876
33764.44,ROW-mean-Corr,412,5953,697368,0,geod_dist_to_target,34,0.27150774923821874
33764.44,ROW-mean-Corr,412,5953,697368,0,geod_dist_to_target,36,0.27150774923821874
33764.44,ROW-mean-Corr,412,5953,697368,0,geod_dist_to_target,38,0.27150774923821874
33764.44,ROW-mean-Corr,412,5953,697368,0,geod_dist_to_target,40,0.27150774923821874
33764.44,ROW-mean-Corr,412,5953,697368,0,geod_dist_to_target,42,0.27150774923821874
33764.44,ROW-mean-Corr,412,5920,697368,0,geod_dist_to_target,44,0.5601873444409661
33764.44,ROW-mean-Corr,412,5953,697368,0,geod_dist_to_target,46,0.27150774923821874
33764.44,ROW-mean-Corr,412,5953,697368,0,geod_dist_to_target,48,0.27150774923821874
33764.44,ROW-mean-Corr,412,5953,697368,0,geod_dist_to_target,50,0.27150774923821874
33764.44,ROW-mean-Corr,412,5953,697368,0,geod_dist_to_target,55,0.27150774923821874
33764.44,ROW-mean-Corr,412,5953,697368,0,geod_dist_to_target,60,0.27150774923821874
33764.44,ROW-mean-Corr,412,5953,697368,0,geod_dist_to_target,65,0.27150774923821874
33764.44,ROW-mean-Corr,412,10803,697368,0,geod_dist_to_target,70,1.0974423369038628
33764.44,ROW-mean-Corr,412,5953,697368,0,geod_dist_to_target,75,0.27150774923821874
33764.44,ROW-mean-Corr,412,6159,697368,0,geod_dist_to_target,80,0.2403591873568953
33764.44,ROW-mean-Corr,412,6159,697368,0,geod_dist_to_target,85,0.2403591873568953
33764.44,ROW-mean-Corr,412,5953,697368,0,geod_dist_to_target,90,0.27150774923821874
33764.44,ROW-mean-Corr,412,6159,697368,0,geod_dist_to_target,95,0.2403591873568953
33764.44,ROW-mean-Corr,412,6159,697368,0,geod_dist_to_target,100,0.2403591873568953
33764.44,ROW-mean-Corr,412,12663,201469,0,geod_dist_to_target,5,4.077460535685272
33764.44,ROW-mean-Corr,412,11248,201469,0,geod_dist_to_target,6,2.8921352538694074
33764.44,ROW-mean-Corr,412,11248,201469,0,geod_dist_to_target,7,2.8921352538694074
33764.44,ROW-mean-Corr,412,3419,201469,0,geod_dist_to_target,8,12.442988653749055
33764.44,ROW-mean-Corr,412,3419,201469,0,geod_dist_to_target,9,12.442988653749055
33764.44,ROW-mean-Corr,412,3560,201469,0,geod_dist_to_target,10,6.865577400808348
33764.44,ROW-mean-Corr,412,3560,201469,0,geod_dist_to_target,11,6.865577400808348
33764.44,ROW-mean-Corr,412,3560,201469,0,geod_dist_to_target,12,6.865577400808348
33764.44,ROW-mean-Corr,412,3560,201469,0,geod_dist_to_target,13,6.865577400808348
33764.44,ROW-mean-Corr,412,3560,201469,0,geod_dist_to_target,14,6.865577400808348
33764.44,ROW-mean-Corr,412,7427,201469,0,geod_dist_to_target,15,6.825112936176652
33764.44,ROW-mean-Corr,412,6420,201469,0,geod_dist_to_target,16,7.877433671768876
33764.44,ROW-mean-Corr,412,6420,201469,0,geod_dist_to_target,17,7.877433671768876
33764.44,ROW-mean-Corr,412,7427,201469,0,geod_dist_to_target,18,6.825112936176652
33764.44,ROW-mean-Corr,412,7427,201469,0,geod_dist_to_target,19,6.825112936176652
33764.44,ROW-mean-Corr,412,9352,201469,0,geod_dist_to_target,20,5.728357570677122
33764.44,ROW-mean-Corr,412,6420,201469,0,geod_dist_to_target,22,7.877433671768876
33764.44,ROW-mean-Corr,412,6420,201469,0,geod_dist_to_target,24,7.877433671768876
33764.44,ROW-mean-Corr,412,6417,201469,0,geod_dist_to_target,26,9.028743693430366
33764.44,ROW-mean-Corr,412,1835,201469,0,geod_dist_to_target,28,7.870972593173188
33764.44,ROW-mean-Corr,412,7427,201469,0,geod_dist_to_target,30,6.825112936176652
33764.44,ROW-mean-Corr,412,6420,201469,0,geod_dist_to_target,32,7.877433671768876
33764.44,ROW-mean-Corr,412,6420,201469,0,geod_dist_to_target,34,7.877433671768876
33764.44,ROW-mean-Corr,412,6420,201469,0,geod_dist_to_target,36,7.877433671768876
33764.44,ROW-mean-Corr,412,10975,201469,0,geod_dist_to_target,38,8.339890340031479
33764.44,ROW-mean-Corr,412,10975,201469,0,geod_dist_to_target,40,8.339890340031479
33764.44,ROW-mean-Corr,412,10975,201469,0,geod_dist_to_target,42,8.339890340031479
33764.44,ROW-mean-Corr,412,10975,201469,0,geod_dist_to_target,44,8.339890340031479
33764.44,ROW-mean-Corr,412,10975,201469,0,geod_dist_to_target,46,8.339890340031479
33764.44,ROW-mean-Corr,412,10975,201469,0,geod_dist_to_target,48,8.339890340031479
33764.44,ROW-mean-Corr,412,10975,201469,0,geod_dist_to_target,50,8.339890340031479
33764.44,ROW-mean-Corr,412,10975,201469,0,geod_dist_to_target,55,8.339890340031479
33764.44,ROW-mean-Corr,412,10975,201469,0,geod_dist_to_target,60,8.339890340031479
33764.44,ROW-mean-Corr,412,10975,201469,0,geod_dist_to_target,65,8.339890340031479
33764.44,ROW-mean-Corr,412,10975,201469,0,geod_dist_to_target,70,8.339890340031479
33764.44,ROW-mean-Corr,412,10975,201469,0,geod_dist_to_target,75,8.339890340031479
33764.44,ROW-mean-Corr,412,10975,201469,0,geod_dist_to_target,80,8.339890340031479
33764.44,ROW-mean-Corr,412,9342,201469,0,geod_dist_to_target,85,1.2981081922744464
33764.44,ROW-mean-Corr,412,2733,201469,0,geod_dist_to_target,90,1.0461684241816511
33764.44,ROW-mean-Corr,412,2733,201469,0,geod_dist_to_target,95,1.0461684241816511
33764.44,ROW-mean-Corr,412,5920,201469,0,geod_dist_to_target,100,0.5601873444409661
33764.44,ROW-mean-Corr,412,4049,94177,0,geod_dist_to_target,5,23.52268122293475
33764.44,ROW-mean-Corr,412,3806,94177,0,geod_dist_to_target,6,26.6023381902359
33764.44,ROW-mean-Corr,412,11193,94177,0,geod_dist_to_target,7,29.0668980255422
33764.44,ROW-mean-Corr,412,1032,94177,0,geod_dist_to_target,8,28.415606661407498
33764.44,ROW-mean-Corr,412,1032,94177,0,geod_dist_to_target,9,28.415606661407498
33764.44,ROW-mean-Corr,412,11193,94177,0,geod_dist_to_target,10,29.0668980255422
33764.44,ROW-mean-Corr,412,3971,94177,0,geod_dist_to_target,11,28.862128383992154
33764.44,ROW-mean-Corr,412,1032,94177,0,geod_dist_to_target,12,28.415606661407498
33764.44,ROW-mean-Corr,412,2733,94177,0,geod_dist_to_target,13,1.0461684241816511
33764.44,ROW-mean-Corr,412,2733,94177,0,geod_dist_to_target,14,1.0461684241816511
33764.44,ROW-mean-Corr,412,5920,94177,0,geod_dist_to_target,15,0.5601873444409661
33764.44,ROW-mean-Corr,412,5953,94177,0,geod_dist_to_target,16,0.27150774923821874
33764.44,ROW-mean-Corr,412,5953,94177,0,geod_dist_to_target,17,0.27150774923821874
33764.44,ROW-mean-Corr,412,5953,94177,0,geod_dist_to_target,18,0.27150774923821874
33764.44,ROW-mean-Corr,412,5953,94177,0,geod_dist_to_target,19,0.27150774923821874
33764.44,ROW-mean-Corr,412,5953,94177,0,geod_dist_to_target,20,0.27150774923821874
33764.44,ROW-mean-Corr,412,6420,94177,0,geod_dist_to_target,22,7.877433671768876
33764.44,ROW-mean-Corr,412,3124,94177,0,geod_dist_to_target,24,7.415562531982652
33764.44,ROW-mean-Corr,412,3124,94177,0,geod_dist_to_target,26,7.415562531982652
33764.44,ROW-mean-Corr,412,3124,94177,0,geod_dist_to_target,28,7.415562531982652
33764.44,ROW-mean-Corr,412,3124,94177,0,geod_dist_to_target,30,7.415562531982652
33764.44,ROW-mean-Corr,412,6159,94177,0,geod_dist_to_target,32,0.2403591873568953
33764.44,ROW-mean-Corr,412,6159,94177,0,geod_dist_to_target,34,0.2403591873568953
33764.44,ROW-mean-Corr,412,6159,94177,0,geod_dist_to_target,36,0.2403591873568953
33764.44,ROW-mean-Corr,412,6159,94177,0,geod_dist_to_target,38,0.2403591873568953
33764.44,ROW-mean-Corr,412,2563,94177,0,geod_dist_to_target,40,0.5873768680531021
33764.44,ROW-mean-Corr,412,2563,94177,0,geod_dist_to_target,42,0.5873768680531021
33764.44,ROW-mean-Corr,412,412,94177,0,geod_dist_to_target,44,0.0
33764.44,ROW-mean-Corr,412,5953,94177,0,geod_dist_to_target,46,0.27150774923821874
33764.44,ROW-mean-Corr,412,5953,94177,0,geod_dist_to_target,48,0.27150774923821874
33764.44,ROW-mean-Corr,412,412,94177,0,geod_dist_to_target,50,0.0
33764.44,ROW-mean-Corr,412,412,94177,0,geod_dist_to_target,55,0.0
33764.44,ROW-mean-Corr,412,6159,94177,0,geod_dist_to_target,60,0.2403591873568953
33764.44,ROW-mean-Corr,412,6159,94177,0,geod_dist_to_target,65,0.2403591873568953
33764.44,ROW-mean-Corr,412,6159,94177,0,geod_dist_to_target,70,0.2403591873568953
33764.44,ROW-mean-Corr,412,412,94177,0,geod_dist_to_target,75,0.0
33764.44,ROW-mean-Corr,412,412,94177,0,geod_dist_to_target,80,0.0
33764.44,ROW-mean-Corr,412,412,94177,0,geod_dist_to_target,85,0.0
33764.44,ROW-mean-Corr,412,412,94177,0,geod_dist_to_target,90,0.0
33764.44,ROW-mean-Corr,412,412,94177,0,geod_dist_to_target,95,0.0
33764.44,ROW-mean-Corr,412,412,94177,0,geod_dist_to_target,100,0.0
33764.44,ROW-max-Corr,412,10374,89250,0,geod_dist_to_target,5,3.97547009295281
33764.44,ROW-max-Corr,412,10374,89250,0,geod_dist_to_target,6,3.97547009295281
33764.44,ROW-max-Corr,412,10374,89250,0,geod_dist_to_target,7,3.97547009295281
33764.44,ROW-max-Corr,412,6387,89250,0,geod_dist_to_target,8,2.1570396813695343
33764.44,ROW-max-Corr,412,10374,89250,0,geod_dist_to_target,9,3.97547009295281
33764.44,ROW-max-Corr,412,10374,89250,0,geod_dist_to_target,10,3.97547009295281
33764.44,ROW-max-Corr,412,6387,89250,0,geod_dist_to_target,11,2.1570396813695343
33764.44,ROW-max-Corr,412,6387,89250,0,geod_dist_to_target,12,2.1570396813695343
33764.44,ROW-max-Corr,412,6387,89250,0,geod_dist_to_target,13,2.1570396813695343
33764.44,ROW-max-Corr,412,636,89250,0,geod_dist_to_target,14,1.640648713393917
33764.44,ROW-max-Corr,412,2563,89250,0,geod_dist_to_target,15,0.5873768680531021
33764.44,ROW-max-Corr,412,636,89250,0,geod_dist_to_target,16,1.640648713393917
33764.44,ROW-max-Corr,412,636,89250,0,geod_dist_to_target,17,1.640648713393917
33764.44,ROW-max-Corr,412,636,89250,0,geod_dist_to_target,18,1.640648713393917
33764.44,ROW-max-Corr,412,636,89250,0,geod_dist_to_target,19,1.640648713393917
33764.44,ROW-max-Corr,412,636,89250,0,geod_dist_to_target,20,1.640648713393917
33764.44,ROW-max-Corr,412,2563,89250,0,geod_dist_to_target,22,0.5873768680531021
33764.44,ROW-max-Corr,412,2563,89250,0,geod_dist_to_target,24,0.5873768680531021
33764.44,ROW-max-Corr,412,2563,89250,0,geod_dist_to_target,26,0.5873768680531021
33764.44,ROW-max-Corr,412,9237,89250,0,geod_dist_to_target,28,1.478273039235452
33764.44,ROW-max-Corr,412,2563,89250,0,geod_dist_to_target,30,0.5873768680531021
33764.44,ROW-max-Corr,412,2563,89250,0,geod_dist_to_target,32,0.5873768680531021
33764.44,ROW-max-Corr,412,2563,89250,0,geod_dist_to_target,34,0.5873768680531021
33764.44,ROW-max-Corr,412,2563,89250,0,geod_dist_to_target,36,0.5873768680531021
33764.44,ROW-max-Corr,412,2563,89250,0,geod_dist_to_target,38,0.5873768680531021
33764.44,ROW-max-Corr,412,2563,89250,0,geod_dist_to_target,40,0.5873768680531021
33764.44,ROW-max-Corr,412,2563,89250,0,geod_dist_to_target,42,0.5873768680531021
33764.44,ROW-max-Corr,412,2563,89250,0,geod_dist_to_target,44,0.5873768680531021
33764.44,ROW-max-Corr,412,2563,89250,0,geod_dist_to_target,46,0.5873768680531021
33764.44,ROW-max-Corr,412,6159,89250,0,geod_dist_to_target,48,0.2403591873568953
33764.44,ROW-max-Corr,412,6159,89250,0,geod_dist_to_target,50,0.2403591873568953
33764.44,ROW-max-Corr,412,6159,89250,0,geod_dist_to_target,55,0.2403591873568953
33764.44,ROW-max-Corr,412,412,89250,0,geod_dist_to_target,60,0.0
33764.44,ROW-max-Corr,412,412,89250,0,geod_dist_to_target,65,0.0
33764.44,ROW-max-Corr,412,412,89250,0,geod_dist_to_target,70,0.0
33764.44,ROW-max-Corr,412,412,89250,0,geod_dist_to_target,75,0.0
33764.44,ROW-max-Corr,412,412,89250,0,geod_dist_to_target,80,0.0
33764.44,ROW-max-Corr,412,412,89250,0,geod_dist_to_target,85,0.0
33764.44,ROW-max-Corr,412,6159,89250,0,geod_dist_to_target,90,0.2403591873568953
33764.44,ROW-max-Corr,412,412,89250,0,geod_dist_to_target,95,0.0
33764.44,ROW-max-Corr,412,412,89250,0,geod_dist_to_target,100,0.0
33764.44,ROW-max-Corr,412,6398,773956,0,geod_dist_to_target,5,3.0686021820601184
33764.44,ROW-max-Corr,412,6398,773956,0,geod_dist_to_target,6,3.0686021820601184
33764.44,ROW-max-Corr,412,6398,773956,0,geod_dist_to_target,7,3.0686021820601184
33764.44,ROW-max-Corr,412,6398,773956,0,geod_dist_to_target,8,3.0686021820601184
33764.44,ROW-max-Corr,412,6398,773956,0,geod_dist_to_target,9,3.0686021820601184
33764.44,ROW-max-Corr,412,6388,773956,0,geod_dist_to_target,10,1.9902165974611477
33764.44,ROW-max-Corr,412,6388,773956,0,geod_dist_to_target,11,1.9902165974611477
33764.44,ROW-max-Corr,412,10803,773956,0,geod_dist_to_target,12,1.0974423369038628
33764.44,ROW-max-Corr,412,6159,773956,0,geod_dist_to_target,13,0.2403591873568953
33764.44,ROW-max-Corr,412,6159,773956,0,geod_dist_to_target,14,0.2403591873568953
33764.44,ROW-max-Corr,412,6159,773956,0,geod_dist_to_target,15,0.2403591873568953
33764.44,ROW-max-Corr,412,9237,773956,0,geod_dist_to_target,16,1.478273039235452
33764.44,ROW-max-Corr,412,2563,773956,0,geod_dist_to_target,17,0.5873768680531021
33764.44,ROW-max-Corr,412,9237,773956,0,geod_dist_to_target,18,1.478273039235452
33764.44,ROW-max-Corr,412,9237,773956,0,geod_dist_to_target,19,1.478273039235452
33764.44,ROW-max-Corr,412,2563,773956,0,geod_dist_to_target,20,0.5873768680531021
33764.44,ROW-max-Corr,412,6389,773956,0,geod_dist_to_target,22,2.3435597772822105
33764.44,ROW-max-Corr,412,6389,773956,0,geod_dist_to_target,24,2.3435597772822105
33764.44,ROW-max-Corr,412,6399,773956,0,geod_dist_to_target,26,2.863846359368136
33764.44,ROW-max-Corr,412,6389,773956,0,geod_dist_to_target,28,2.3435597772822105
33764.44,ROW-max-Corr,412,6389,773956,0,geod_dist_to_target,30,2.3435597772822105
33764.44,ROW-max-Corr,412,6389,773956,0,geod_dist_to_target,32,2.3435597772822105
33764.44,ROW-max-Corr,412,2563,773956,0,geod_dist_to_target,34,0.5873768680531021
33764.44,ROW-max-Corr,412,6389,773956,0,geod_dist_to_target,36,2.3435597772822105
33764.44,ROW-max-Corr,412,2563,773956,0,geod_dist_to_target,38,0.5873768680531021
33764.44,ROW-max-Corr,412,2563,773956,0,geod_dist_to_target,40,0.5873768680531021
33764.44,ROW-max-Corr,412,2563,773956,0,geod_dist_to_target,42,0.5873768680531021
33764.44,ROW-max-Corr,412,2563,773956,0,geod_dist_to_target,44,0.5873768680531021
33764.44,ROW-max-Corr,412,2563,773956,0,geod_dist_to_target,46,0.5873768680531021
33764.44,ROW-max-Corr,412,412,773956,0,geod_dist_to_target,48,0.0
33764.44,ROW-max-Corr,412,2563,773956,0,geod_dist_to_target,50,0.5873768680531021
33764.44,ROW-max-Corr,412,2563,773956,0,geod_dist_to_target,55,0.5873768680531021
33764.44,ROW-max-Corr,412,6159,773956,0,geod_dist_to_target,60,0.2403591873568953
33764.44,ROW-max-Corr,412,412,773956,0,geod_dist_to_target,65,0.0
33764.44,ROW-max-Corr,412,412,773956,0,geod_dist_to_target,70,0.0
33764.44,ROW-max-Corr,412,412,773956,0,geod_dist_to_target,75,0.0
33764.44,ROW-max-Corr,412,412,773956,0,geod_dist_to_target,80,0.0
33764.44,ROW-max-Corr,412,412,773956,0,geod_dist_to_target,85,0.0
33764.44,ROW-max-Corr,412,412,773956,0,geod_dist_to_target,90,0.0
33764.44,ROW-max-Corr,412,412,773956,0,geod_dist_to_target,95,0.0
33764.44,ROW-max-Corr,412,412,773956,0,geod_dist_to_target,100,0.0
33764.44,ROW-max-Corr,412,1979,654571,0,geod_dist_to_target,5,1.5678679798886543
33764.44,ROW-max-Corr,412,1979,654571,0,geod_dist_to_target,6,1.5678679798886543
33764.44,ROW-max-Corr,412,1979,654571,0,geod_dist_to_target,7,1.5678679798886543
33764.44,ROW-max-Corr,412,1979,654571,0,geod_dist_to_target,8,1.5678679798886543
33764.44,ROW-max-Corr,412,1979,654571,0,geod_dist_to_target,9,1.5678679798886543
33764.44,ROW-max-Corr,412,5884,654571,0,geod_dist_to_target,10,0.689277357296162
33764.44,ROW-max-Corr,412,5884,654571,0,geod_dist_to_target,11,0.689277357296162
33764.44,ROW-max-Corr,412,636,654571,0,geod_dist_to_target,12,1.640648713393917
33764.44,ROW-max-Corr,412,5884,654571,0,geod_dist_to_target,13,0.689277357296162
33764.44,ROW-max-Corr,412,5884,654571,0,geod_dist_to_target,14,0.689277357296162
33764.44,ROW-max-Corr,412,5884,654571,0,geod_dist_to_target,15,0.689277357296162
33764.44,ROW-max-Corr,412,1951,654571,0,geod_dist_to_target,16,0.2901684246817361
33764.44,ROW-max-Corr,412,2563,654571,0,geod_dist_to_target,17,0.5873768680531021
33764.44,ROW-max-Corr,412,1951,654571,0,geod_dist_to_target,18,0.2901684246817361
33764.44,ROW-max-Corr,412,1951,654571,0,geod_dist_to_target,19,0.2901684246817361
33764.44,ROW-max-Corr,412,1951,654571,0,geod_dist_to_target,20,0.2901684246817361
33764.44,ROW-max-Corr,412,1951,654571,0,geod_dist_to_target,22,0.2901684246817361
33764.44,ROW-max-Corr,412,1951,654571,0,geod_dist_to_target,24,0.2901684246817361
33764.44,ROW-max-Corr,412,1951,654571,0,geod_dist_to_target,26,0.2901684246817361
33764.44,ROW-max-Corr,412,1951,654571,0,geod_dist_to_target,28,0.2901684246817361
33764.44,ROW-max-Corr,412,1951,654571,0,geod_dist_to_target,30,0.2901684246817361
33764.44,ROW-max-Corr,412,1951,654571,0,geod_dist_to_target,32,0.2901684246817361
33764.44,ROW-max-Corr,412,1951,654571,0,geod_dist_to_target,34,0.2901684246817361
33764.44,ROW-max-Corr,412,1951,654571,0,geod_dist_to_target,36,0.2901684246817361
33764.44,ROW-max-Corr,412,1951,654571,0,geod_dist_to_target,38,0.2901684246817361
33764.44,ROW-max-Corr,412,1951,654571,0,geod_dist_to_target,40,0.2901684246817361
33764.44,ROW-max-Corr,412,1951,654571,0,geod_dist_to_target,42,0.2901684246817361
33764.44,ROW-max-Corr,412,1951,654571,0,geod_dist_to_target,44,0.2901684246817361
33764.44,ROW-max-Corr,412,1951,654571,0,geod_dist_to_target,46,0.2901684246817361
33764.44,ROW-max-Corr,412,1951,654571,0,geod_dist_to_target,48,0.2901684246817361
33764.44,ROW-max-Corr,412,1951,654571,0,geod_dist_to_target,50,0.2901684246817361
33764.44,ROW-max-Corr,412,1951,654571,0,geod_dist_to_target,55,0.2901684246817361
33764.44,ROW-max-Corr,412,1951,654571,0,geod_dist_to_target,60,0.2901684246817361
33764.44,ROW-max-Corr,412,1951,654571,0,geod_dist_to_target,65,0.2901684246817361
33764.44,ROW-max-Corr,412,412,654571,0,geod_dist_to_target,70,0.0
33764.44,ROW-max-Corr,412,412,654571,0,geod_dist_to_target,75,0.0
33764.44,ROW-max-Corr,412,412,654571,0,geod_dist_to_target,80,0.0
33764.44,ROW-max-Corr,412,412,654571,0,geod_dist_to_target,85,0.0
33764.44,ROW-max-Corr,412,412,654571,0,geod_dist_to_target,90,0.0
33764.44,ROW-max-Corr,412,412,654571,0,geod_dist_to_target,95,0.0
33764.44,ROW-max-Corr,412,5953,654571,0,geod_dist_to_target,100,0.27150774923821874
33764.44,ROW-max-Corr,412,5784,438878,0,geod_dist_to_target,5,0.6092214683359353
33764.44,ROW-max-Corr,412,3124,438878,0,geod_dist_to_target,6,7.415562531982652
33764.44,ROW-max-Corr,412,3124,438878,0,geod_dist_to_target,7,7.415562531982652
33764.44,ROW-max-Corr,412,3124,438878,0,geod_dist_to_target,8,7.415562531982652
33764.44,ROW-max-Corr,412,3124,438878,0,geod_dist_to_target,9,7.415562531982652
33764.44,ROW-max-Corr,412,3124,438878,0,geod_dist_to_target,10,7.415562531982652
33764.44,ROW-max-Corr,412,9444,438878,0,geod_dist_to_target,11,0.6570037015080127
33764.44,ROW-max-Corr,412,9444,438878,0,geod_dist_to_target,12,0.6570037015080127
33764.44,ROW-max-Corr,412,12146,438878,0,geod_dist_to_target,13,1.6445521054628263
33764.44,ROW-max-Corr,412,12146,438878,0,geod_dist_to_target,14,1.6445521054628263
33764.44,ROW-max-Corr,412,12146,438878,0,geod_dist_to_target,15,1.6445521054628263
33764.44,ROW-max-Corr,412,12146,438878,0,geod_dist_to_target,16,1.6445521054628263
33764.44,ROW-max-Corr,412,12146,438878,0,geod_dist_to_target,17,1.6445521054628263
33764.44,ROW-max-Corr,412,4003,438878,0,geod_dist_to_target,18,1.1498408316314779
33764.44,ROW-max-Corr,412,4003,438878,0,geod_dist_to_target,19,1.1498408316314779
33764.44,ROW-max-Corr,412,5784,438878,0,geod_dist_to_target,20,0.6092214683359353
33764.44,ROW-max-Corr,412,5784,438878,0,geod_dist_to_target,22,0.6092214683359353
33764.44,ROW-max-Corr,412,5784,438878,0,geod_dist_to_target,24,0.6092214683359353
33764.44,ROW-max-Corr,412,5953,438878,0,geod_dist_to_target,26,0.27150774923821874
33764.44,ROW-max-Corr,412,1951,438878,0,geod_dist_to_target,28,0.2901684246817361
33764.44,ROW-max-Corr,412,1951,438878,0,geod_dist_to_target,30,0.2901684246817361
33764.44,ROW-max-Corr,412,1951,438878,0,geod_dist_to_target,32,0.2901684246817361
33764.44,ROW-max-Corr,412,1951,438878,0,geod_dist_to_target,34,0.2901684246817361
33764.44,ROW-max-Corr,412,1951,438878,0,geod_dist_to_target,36,0.2901684246817361
33764.44,ROW-max-Corr,412,1951,438878,0,geod_dist_to_target,38,0.2901684246817361
33764.44,ROW-max-Corr,412,1951,438878,0,geod_dist_to_target,40,0.2901684246817361
33764.44,ROW-max-Corr,412,1951,438878,0,geod_dist_to_target,42,0.2901684246817361
33764.44,ROW-max-Corr,412,1951,438878,0,geod_dist_to_target,44,0.2901684246817361
33764.44,ROW-max-Corr,412,1951,438878,0,geod_dist_to_target,46,0.2901684246817361
33764.44,ROW-max-Corr,412,412,438878,0,geod_dist_to_target,48,0.0
33764.44,ROW-max-Corr,412,412,438878,0,geod_dist_to_target,50,0.0
33764.44,ROW-max-Corr,412,2563,438878,0,geod_dist_to_target,55,0.5873768680531021
33764.44,ROW-max-Corr,412,2563,438878,0,geod_dist_to_target,60,0.5873768680531021
33764.44,ROW-max-Corr,412,2563,438878,0,geod_dist_to_target,65,0.5873768680531021
33764.44,ROW-max-Corr,412,2563,438878,0,geod_dist_to_target,70,0.5873768680531021
33764.44,ROW-max-Corr,412,2563,438878,0,geod_dist_to_target,75,0.5873768680531021
33764.44,ROW-max-Corr,412,2563,438878,0,geod_dist_to_target,80,0.5873768680531021
33764.44,ROW-max-Corr,412,2563,438878,0,geod_dist_to_target,85,0.5873768680531021
33764.44,ROW-max-Corr,412,412,438878,0,geod_dist_to_target,90,0.0
33764.44,ROW-max-Corr,412,412,438878,0,geod_dist_to_target,95,0.0
33764.44,ROW-max-Corr,412,412,438878,0,geod_dist_to_target,100,0.0
33764.44,ROW-max-Corr,412,3807,433015,0,geod_dist_to_target,5,25.56853742020803
33764.44,ROW-max-Corr,412,2062,433015,0,geod_dist_to_target,6,7.368636988755267
33764.44,ROW-max-Corr,412,4003,433015,0,geod_dist_to_target,7,1.1498408316314779
33764.44,ROW-max-Corr,412,4003,433015,0,geod_dist_to_target,8,1.1498408316314779
33764.44,ROW-max-Corr,412,4003,433015,0,geod_dist_to_target,9,1.1498408316314779
33764.44,ROW-max-Corr,412,4003,433015,0,geod_dist_to_target,10,1.1498408316314779
33764.44,ROW-max-Corr,412,4003,433015,0,geod_dist_to_target,11,1.1498408316314779
33764.44,ROW-max-Corr,412,4003,433015,0,geod_dist_to_target,12,1.1498408316314779
33764.44,ROW-max-Corr,412,9342,433015,0,geod_dist_to_target,13,1.2981081922744464
33764.44,ROW-max-Corr,412,9342,433015,0,geod_dist_to_target,14,1.2981081922744464
33764.44,ROW-max-Corr,412,9342,433015,0,geod_dist_to_target,15,1.2981081922744464
33764.44,ROW-max-Corr,412,5784,433015,0,geod_dist_to_target,16,0.6092214683359353
33764.44,ROW-max-Corr,412,5784,433015,0,geod_dist_to_target,17,0.6092214683359353
33764.44,ROW-max-Corr,412,4003,433015,0,geod_dist_to_target,18,1.1498408316314779
33764.44,ROW-max-Corr,412,4003,433015,0,geod_dist_to_target,19,1.1498408316314779
33764.44,ROW-max-Corr,412,9342,433015,0,geod_dist_to_target,20,1.2981081922744464
33764.44,ROW-max-Corr,412,9342,433015,0,geod_dist_to_target,22,1.2981081922744464
33764.44,ROW-max-Corr,412,9342,433015,0,geod_dist_to_target,24,1.2981081922744464
33764.44,ROW-max-Corr,412,5953,433015,0,geod_dist_to_target,26,0.27150774923821874
33764.44,ROW-max-Corr,412,5953,433015,0,geod_dist_to_target,28,0.27150774923821874
33764.44,ROW-max-Corr,412,5953,433015,0,geod_dist_to_target,30,0.27150774923821874
33764.44,ROW-max-Corr,412,5784,433015,0,geod_dist_to_target,32,0.6092214683359353
33764.44,ROW-max-Corr,412,5784,433015,0,geod_dist_to_target,34,0.6092214683359353
33764.44,ROW-max-Corr,412,5784,433015,0,geod_dist_to_target,36,0.6092214683359353
33764.44,ROW-max-Corr,412,1951,433015,0,geod_dist_to_target,38,0.2901684246817361
33764.44,ROW-max-Corr,412,1951,433015,0,geod_dist_to_target,40,0.2901684246817361
33764.44,ROW-max-Corr,412,1951,433015,0,geod_dist_to_target,42,0.2901684246817361
33764.44,ROW-max-Corr,412,1951,433015,0,geod_dist_to_target,44,0.2901684246817361
33764.44,ROW-max-Corr,412,1951,433015,0,geod_dist_to_target,46,0.2901684246817361
33764.44,ROW-max-Corr,412,1951,433015,0,geod_dist_to_target,48,0.2901684246817361
33764.44,ROW-max-Corr,412,1951,433015,0,geod_dist_to_target,50,0.2901684246817361
33764.44,ROW-max-Corr,412,1951,433015,0,geod_dist_to_target,55,0.2901684246817361
33764.44,ROW-max-Corr,412,1951,433015,0,geod_dist_to_target,60,0.2901684246817361
33764.44,ROW-max-Corr,412,1951,433015,0,geod_dist_to_target,65,0.2901684246817361
33764.44,ROW-max-Corr,412,1951,433015,0,geod_dist_to_target,70,0.2901684246817361
33764.44,ROW-max-Corr,412,1951,433015,0,geod_dist_to_target,75,0.2901684246817361
33764.44,ROW-max-Corr,412,1951,433015,0,geod_dist_to_target,80,0.2901684246817361
33764.44,ROW-max-Corr,412,1951,433015,0,geod_dist_to_target,85,0.2901684246817361
33764.44,ROW-max-Corr,412,1951,433015,0,geod_dist_to_target,90,0.2901684246817361
33764.44,ROW-max-Corr,412,1951,433015,0,geod_dist_to_target,95,0.2901684246817361
33764.44,ROW-max-Corr,412,1951,433015,0,geod_dist_to_target,100,0.2901684246817361
33764.44,ROW-max-Corr,412,303,858597,0,geod_dist_to_target,5,26.597824785365717
33764.44,ROW-max-Corr,412,3124,858597,0,geod_dist_to_target,6,7.415562531982652
33764.44,ROW-max-Corr,412,6420,858597,0,geod_dist_to_target,7,7.877433671768876
33764.44,ROW-max-Corr,412,6420,858597,0,geod_dist_to_target,8,7.877433671768876
33764.44,ROW-max-Corr,412,5953,858597,0,geod_dist_to_target,9,0.27150774923821874
33764.44,ROW-max-Corr,412,5953,858597,0,geod_dist_to_target,10,0.27150774923821874
33764.44,ROW-max-Corr,412,5953,858597,0,geod_dist_to_target,11,0.27150774923821874
33764.44,ROW-max-Corr,412,5953,858597,0,geod_dist_to_target,12,0.27150774923821874
33764.44,ROW-max-Corr,412,9342,858597,0,geod_dist_to_target,13,1.2981081922744464
33764.44,ROW-max-Corr,412,9342,858597,0,geod_dist_to_target,14,1.2981081922744464
33764.44,ROW-max-Corr,412,9342,858597,0,geod_dist_to_target,15,1.2981081922744464
33764.44,ROW-max-Corr,412,4003,858597,0,geod_dist_to_target,16,1.1498408316314779
33764.44,ROW-max-Corr,412,4003,858597,0,geod_dist_to_target,17,1.1498408316314779
33764.44,ROW-max-Corr,412,4003,858597,0,geod_dist_to_target,18,1.1498408316314779
33764.44,ROW-max-Corr,412,5953,858597,0,geod_dist_to_target,19,0.27150774923821874
33764.44,ROW-max-Corr,412,9342,858597,0,geod_dist_to_target,20,1.2981081922744464
33764.44,ROW-max-Corr,412,9342,858597,0,geod_dist_to_target,22,1.2981081922744464
33764.44,ROW-max-Corr,412,9342,858597,0,geod_dist_to_target,24,1.2981081922744464
33764.44,ROW-max-Corr,412,5953,858597,0,geod_dist_to_target,26,0.27150774923821874
33764.44,ROW-max-Corr,412,5953,858597,0,geod_dist_to_target,28,0.27150774923821874
33764.44,ROW-max-Corr,412,9342,858597,0,geod_dist_to_target,30,1.2981081922744464
33764.44,ROW-max-Corr,412,9342,858597,0,geod_dist_to_target,32,1.2981081922744464
33764.44,ROW-max-Corr,412,5953,858597,0,geod_dist_to_target,34,0.27150774923821874
33764.44,ROW-max-Corr,412,5953,858597,0,geod_dist_to_target,36,0.27150774923821874
33764.44,ROW-max-Corr,412,5953,858597,0,geod_dist_to_target,38,0.27150774923821874
33764.44,ROW-max-Corr,412,5953,858597,0,geod_dist_to_target,40,0.27150774923821874
33764.44,ROW-max-Corr,412,5953,858597,0,geod_dist_to_target,42,0.27150774923821874
33764.44,ROW-max-Corr,412,5953,858597,0,geod_dist_to_target,44,0.27150774923821874
33764.44,ROW-max-Corr,412,5953,858597,0,geod_dist_to_target,46,0.27150774923821874
33764.44,ROW-max-Corr,412,5953,858597,0,geod_dist_to_target,48,0.27150774923821874
33764.44,ROW-max-Corr,412,5953,858597,0,geod_dist_to_target,50,0.27150774923821874
33764.44,ROW-max-Corr,412,5953,858597,0,geod_dist_to_target,55,0.27150774923821874
33764.44,ROW-max-Corr,412,5953,858597,0,geod_dist_to_target,60,0.27150774923821874
33764.44,ROW-max-Corr,412,5953,858597,0,geod_dist_to_target,65,0.27150774923821874
33764.44,ROW-max-Corr,412,412,858597,0,geod_dist_to_target,70,0.0
33764.44,ROW-max-Corr,412,412,858597,0,geod_dist_to_target,75,0.0
33764.44,ROW-max-Corr,412,412,858597,0,geod_dist_to_target,80,0.0
33764.44,ROW-max-Corr,412,412,858597,0,geod_dist_to_target,85,0.0
33764.44,ROW-max-Corr,412,412,858597,0,geod_dist_to_target,90,0.0
33764.44,ROW-max-Corr,412,412,858597,0,geod_dist_to_target,95,0.0
33764.44,ROW-max-Corr,412,412,858597,0,geod_dist_to_target,100,0.0
33764.44,ROW-max-Corr,412,1951,85945,0,geod_dist_to_target,5,0.2901684246817361
33764.44,ROW-max-Corr,412,1951,85945,0,geod_dist_to_target,6,0.2901684246817361
33764.44,ROW-max-Corr,412,1951,85945,0,geod_dist_to_target,7,0.2901684246817361
33764.44,ROW-max-Corr,412,1951,85945,0,geod_dist_to_target,8,0.2901684246817361
33764.44,ROW-max-Corr,412,1951,85945,0,geod_dist_to_target,9,0.2901684246817361
33764.44,ROW-max-Corr,412,412,85945,0,geod_dist_to_target,10,0.0
33764.44,ROW-max-Corr,412,412,85945,0,geod_dist_to_target,11,0.0
33764.44,ROW-max-Corr,412,412,85945,0,geod_dist_to_target,12,0.0
33764.44,ROW-max-Corr,412,5784,85945,0,geod_dist_to_target,13,0.6092214683359353
33764.44,ROW-max-Corr,412,5784,85945,0,geod_dist_to_target,14,0.6092214683359353
33764.44,ROW-max-Corr,412,5953,85945,0,geod_dist_to_target,15,0.27150774923821874
33764.44,ROW-max-Corr,412,412,85945,0,geod_dist_to_target,16,0.0
33764.44,ROW-max-Corr,412,5784,85945,0,geod_dist_to_target,17,0.6092214683359353
33764.44,ROW-max-Corr,412,412,85945,0,geod_dist_to_target,18,0.0
33764.44,ROW-max-Corr,412,412,85945,0,geod_dist_to_target,19,0.0
33764.44,ROW-max-Corr,412,412,85945,0,geod_dist_to_target,20,0.0
33764.44,ROW-max-Corr,412,412,85945,0,geod_dist_to_target,22,0.0
33764.44,ROW-max-Corr,412,412,85945,0,geod_dist_to_target,24,0.0
33764.44,ROW-max-Corr,412,2563,85945,0,geod_dist_to_target,26,0.5873768680531021
33764.44,ROW-max-Corr,412,2563,85945,0,geod_dist_to_target,28,0.5873768680531021
33764.44,ROW-max-Corr,412,412,85945,0,geod_dist_to_target,30,0.0
33764.44,ROW-max-Corr,412,412,85945,0,geod_dist_to_target,32,0.0
33764.44,ROW-max-Corr,412,2563,85945,0,geod_dist_to_target,34,0.5873768680531021
33764.44,ROW-max-Corr,412,2563,85945,0,geod_dist_to_target,36,0.5873768680531021
33764.44,ROW-max-Corr,412,412,85945,0,geod_dist_to_target,38,0.0
33764.44,ROW-max-Corr,412,412,85945,0,geod_dist_to_target,40,0.0
33764.44,ROW-max-Corr,412,412,85945,0,geod_dist_to_target,42,0.0
33764.44,ROW-max-Corr,412,412,85945,0,geod_dist_to_target,44,0.0
33764.44,ROW-max-Corr,412,412,85945,0,geod_dist_to_target,46,0.0
33764.44,ROW-max-Corr,412,412,85945,0,geod_dist_to_target,48,0.0
33764.44,ROW-max-Corr,412,412,85945,0,geod_dist_to_target,50,0.0
33764.44,ROW-max-Corr,412,6159,85945,0,geod_dist_to_target,55,0.2403591873568953
33764.44,ROW-max-Corr,412,6159,85945,0,geod_dist_to_target,60,0.2403591873568953
33764.44,ROW-max-Corr,412,6159,85945,0,geod_dist_to_target,65,0.2403591873568953
33764.44,ROW-max-Corr,412,6159,85945,0,geod_dist_to_target,70,0.2403591873568953
33764.44,ROW-max-Corr,412,2563,85945,0,geod_dist_to_target,75,0.5873768680531021
33764.44,ROW-max-Corr,412,2563,85945,0,geod_dist_to_target,80,0.5873768680531021
33764.44,ROW-max-Corr,412,2563,85945,0,geod_dist_to_target,85,0.5873768680531021
33764.44,ROW-max-Corr,412,2563,85945,0,geod_dist_to_target,90,0.5873768680531021
33764.44,ROW-max-Corr,412,2563,85945,0,geod_dist_to_target,95,0.5873768680531021
33764.44,ROW-max-Corr,412,2563,85945,0,geod_dist_to_target,100,0.5873768680531021
33764.44,ROW-max-Corr,412,504,697368,0,geod_dist_to_target,5,24.347084149190312
33764.44,ROW-max-Corr,412,4003,697368,0,geod_dist_to_target,6,1.1498408316314779
33764.44,ROW-max-Corr,412,905,697368,0,geod_dist_to_target,7,2.3727809671522624
33764.44,ROW-max-Corr,412,905,697368,0,geod_dist_to_target,8,2.3727809671522624
33764.44,ROW-max-Corr,412,3297,697368,0,geod_dist_to_target,9,45.14101173859012
33764.44,ROW-max-Corr,412,3936,697368,0,geod_dist_to_target,10,25.38067827427267
33764.44,ROW-max-Corr,412,4103,697368,0,geod_dist_to_target,11,27.249230434524573
33764.44,ROW-max-Corr,412,9342,697368,0,geod_dist_to_target,12,1.2981081922744464
33764.44,ROW-max-Corr,412,4103,697368,0,geod_dist_to_target,13,27.249230434524573
33764.44,ROW-max-Corr,412,4103,697368,0,geod_dist_to_target,14,27.249230434524573
33764.44,ROW-max-Corr,412,9342,697368,0,geod_dist_to_target,15,1.2981081922744464
33764.44,ROW-max-Corr,412,5953,697368,0,geod_dist_to_target,16,0.27150774923821874
33764.44,ROW-max-Corr,412,5953,697368,0,geod_dist_to_target,17,0.27150774923821874
33764.44,ROW-max-Corr,412,5953,697368,0,geod_dist_to_target,18,0.27150774923821874
33764.44,ROW-max-Corr,412,5953,697368,0,geod_dist_to_target,19,0.27150774923821874
33764.44,ROW-max-Corr,412,5953,697368,0,geod_dist_to_target,20,0.27150774923821874
33764.44,ROW-max-Corr,412,5784,697368,0,geod_dist_to_target,22,0.6092214683359353
33764.44,ROW-max-Corr,412,5784,697368,0,geod_dist_to_target,24,0.6092214683359353
33764.44,ROW-max-Corr,412,412,697368,0,geod_dist_to_target,26,0.0
33764.44,ROW-max-Corr,412,412,697368,0,geod_dist_to_target,28,0.0
33764.44,ROW-max-Corr,412,412,697368,0,geod_dist_to_target,30,0.0
33764.44,ROW-max-Corr,412,412,697368,0,geod_dist_to_target,32,0.0
33764.44,ROW-max-Corr,412,412,697368,0,geod_dist_to_target,34,0.0
33764.44,ROW-max-Corr,412,412,697368,0,geod_dist_to_target,36,0.0
33764.44,ROW-max-Corr,412,412,697368,0,geod_dist_to_target,38,0.0
33764.44,ROW-max-Corr,412,412,697368,0,geod_dist_to_target,40,0.0
33764.44,ROW-max-Corr,412,412,697368,0,geod_dist_to_target,42,0.0
33764.44,ROW-max-Corr,412,412,697368,0,geod_dist_to_target,44,0.0
33764.44,ROW-max-Corr,412,412,697368,0,geod_dist_to_target,46,0.0
33764.44,ROW-max-Corr,412,412,697368,0,geod_dist_to_target,48,0.0
33764.44,ROW-max-Corr,412,412,697368,0,geod_dist_to_target,50,0.0
33764.44,ROW-max-Corr,412,412,697368,0,geod_dist_to_target,55,0.0
33764.44,ROW-max-Corr,412,412,697368,0,geod_dist_to_target,60,0.0
33764.44,ROW-max-Corr,412,412,697368,0,geod_dist_to_target,65,0.0
33764.44,ROW-max-Corr,412,412,697368,0,geod_dist_to_target,70,0.0
33764.44,ROW-max-Corr,412,412,697368,0,geod_dist_to_target,75,0.0
33764.44,ROW-max-Corr,412,412,697368,0,geod_dist_to_target,80,0.0
33764.44,ROW-max-Corr,412,412,697368,0,geod_dist_to_target,85,0.0
33764.44,ROW-max-Corr,412,412,697368,0,geod_dist_to_target,90,0.0
33764.44,ROW-max-Corr,412,412,697368,0,geod_dist_to_target,95,0.0
33764.44,ROW-max-Corr,412,412,697368,0,geod_dist_to_target,100,0.0
33764.44,ROW-max-Corr,412,3827,201469,0,geod_dist_to_target,5,24.509820034489323
33764.44,ROW-max-Corr,412,10985,201469,0,geod_dist_to_target,6,4.734671892637674
33764.44,ROW-max-Corr,412,3859,201469,0,geod_dist_to_target,7,5.193360409572526
33764.44,ROW-max-Corr,412,3859,201469,0,geod_dist_to_target,8,5.193360409572526
33764.44,ROW-max-Corr,412,3859,201469,0,geod_dist_to_target,9,5.193360409572526
33764.44,ROW-max-Corr,412,10985,201469,0,geod_dist_to_target,10,4.734671892637674
33764.44,ROW-max-Corr,412,5920,201469,0,geod_dist_to_target,11,0.5601873444409661
33764.44,ROW-max-Corr,412,2733,201469,0,geod_dist_to_target,12,1.0461684241816511
33764.44,ROW-max-Corr,412,2733,201469,0,geod_dist_to_target,13,1.0461684241816511
33764.44,ROW-max-Corr,412,2733,201469,0,geod_dist_to_target,14,1.0461684241816511
33764.44,ROW-max-Corr,412,2733,201469,0,geod_dist_to_target,15,1.0461684241816511
33764.44,ROW-max-Corr,412,5920,201469,0,geod_dist_to_target,16,0.5601873444409661
33764.44,ROW-max-Corr,412,5953,201469,0,geod_dist_to_target,17,0.27150774923821874
33764.44,ROW-max-Corr,412,5953,201469,0,geod_dist_to_target,18,0.27150774923821874
33764.44,ROW-max-Corr,412,5953,201469,0,geod_dist_to_target,19,0.27150774923821874
33764.44,ROW-max-Corr,412,5953,201469,0,geod_dist_to_target,20,0.27150774923821874
33764.44,ROW-max-Corr,412,412,201469,0,geod_dist_to_target,22,0.0
33764.44,ROW-max-Corr,412,412,201469,0,geod_dist_to_target,24,0.0
33764.44,ROW-max-Corr,412,412,201469,0,geod_dist_to_target,26,0.0
33764.44,ROW-max-Corr,412,5953,201469,0,geod_dist_to_target,28,0.27150774923821874
33764.44,ROW-max-Corr,412,5953,201469,0,geod_dist_to_target,30,0.27150774923821874
33764.44,ROW-max-Corr,412,5953,201469,0,geod_dist_to_target,32,0.27150774923821874
33764.44,ROW-max-Corr,412,5953,201469,0,geod_dist_to_target,34,0.27150774923821874
33764.44,ROW-max-Corr,412,5953,201469,0,geod_dist_to_target,36,0.27150774923821874
33764.44,ROW-max-Corr,412,5953,201469,0,geod_dist_to_target,38,0.27150774923821874
33764.44,ROW-max-Corr,412,5953,201469,0,geod_dist_to_target,40,0.27150774923821874
33764.44,ROW-max-Corr,412,412,201469,0,geod_dist_to_target,42,0.0
33764.44,ROW-max-Corr,412,2563,201469,0,geod_dist_to_target,44,0.5873768680531021
33764.44,ROW-max-Corr,412,9237,201469,0,geod_dist_to_target,46,1.478273039235452
33764.44,ROW-max-Corr,412,9237,201469,0,geod_dist_to_target,48,1.478273039235452
33764.44,ROW-max-Corr,412,6159,201469,0,geod_dist_to_target,50,0.2403591873568953
33764.44,ROW-max-Corr,412,9237,201469,0,geod_dist_to_target,55,1.478273039235452
33764.44,ROW-max-Corr,412,9237,201469,0,geod_dist_to_target,60,1.478273039235452
33764.44,ROW-max-Corr,412,9237,201469,0,geod_dist_to_target,65,1.478273039235452
33764.44,ROW-max-Corr,412,6159,201469,0,geod_dist_to_target,70,0.2403591873568953
33764.44,ROW-max-Corr,412,6159,201469,0,geod_dist_to_target,75,0.2403591873568953
33764.44,ROW-max-Corr,412,6159,201469,0,geod_dist_to_target,80,0.2403591873568953
33764.44,ROW-max-Corr,412,6159,201469,0,geod_dist_to_target,85,0.2403591873568953
33764.44,ROW-max-Corr,412,6159,201469,0,geod_dist_to_target,90,0.2403591873568953
33764.44,ROW-max-Corr,412,6159,201469,0,geod_dist_to_target,95,0.2403591873568953
33764.44,ROW-max-Corr,412,6159,201469,0,geod_dist_to_target,100,0.2403591873568953
33764.44,ROW-max-Corr,412,303,94177,0,geod_dist_to_target,5,26.597824785365717
33764.44,ROW-max-Corr,412,5953,94177,0,geod_dist_to_target,6,0.27150774923821874
33764.44,ROW-max-Corr,412,5953,94177,0,geod_dist_to_target,7,0.27150774923821874
33764.44,ROW-max-Corr,412,5953,94177,0,geod_dist_to_target,8,0.27150774923821874
33764.44,ROW-max-Corr,412,9342,94177,0,geod_dist_to_target,9,1.2981081922744464
33764.44,ROW-max-Corr,412,5784,94177,0,geod_dist_to_target,10,0.6092214683359353
33764.44,ROW-max-Corr,412,5784,94177,0,geod_dist_to_target,11,0.6092214683359353
33764.44,ROW-max-Corr,412,4003,94177,0,geod_dist_to_target,12,1.1498408316314779
33764.44,ROW-max-Corr,412,4003,94177,0,geod_dist_to_target,13,1.1498408316314779
33764.44,ROW-max-Corr,412,4003,94177,0,geod_dist_to_target,14,1.1498408316314779
33764.44,ROW-max-Corr,412,5784,94177,0,geod_dist_to_target,15,0.6092214683359353
33764.44,ROW-max-Corr,412,5784,94177,0,geod_dist_to_target,16,0.6092214683359353
33764.44,ROW-max-Corr,412,5953,94177,0,geod_dist_to_target,17,0.27150774923821874
33764.44,ROW-max-Corr,412,5953,94177,0,geod_dist_to_target,18,0.27150774923821874
33764.44,ROW-max-Corr,412,5953,94177,0,geod_dist_to_target,19,0.27150774923821874
33764.44,ROW-max-Corr,412,5953,94177,0,geod_dist_to_target,20,0.27150774923821874
33764.44,ROW-max-Corr,412,5953,94177,0,geod_dist_to_target,22,0.27150774923821874
33764.44,ROW-max-Corr,412,5953,94177,0,geod_dist_to_target,24,0.27150774923821874
33764.44,ROW-max-Corr,412,5953,94177,0,geod_dist_to_target,26,0.27150774923821874
33764.44,ROW-max-Corr,412,5953,94177,0,geod_dist_to_target,28,0.27150774923821874
33764.44,ROW-max-Corr,412,5953,94177,0,geod_dist_to_target,30,0.27150774923821874
33764.44,ROW-max-Corr,412,5953,94177,0,geod_dist_to_target,32,0.27150774923821874
33764.44,ROW-max-Corr,412,5953,94177,0,geod_dist_to_target,34,0.27150774923821874
33764.44,ROW-max-Corr,412,5953,94177,0,geod_dist_to_target,36,0.27150774923821874
33764.44,ROW-max-Corr,412,412,94177,0,geod_dist_to_target,38,0.0
33764.44,ROW-max-Corr,412,412,94177,0,geod_dist_to_target,40,0.0
33764.44,ROW-max-Corr,412,412,94177,0,geod_dist_to_target,42,0.0
33764.44,ROW-max-Corr,412,412,94177,0,geod_dist_to_target,44,0.0
33764.44,ROW-max-Corr,412,412,94177,0,geod_dist_to_target,46,0.0
33764.44,ROW-max-Corr,412,412,94177,0,geod_dist_to_target,48,0.0
33764.44,ROW-max-Corr,412,5953,94177,0,geod_dist_to_target,50,0.27150774923821874
33764.44,ROW-max-Corr,412,5953,94177,0,geod_dist_to_target,55,0.27150774923821874
33764.44,ROW-max-Corr,412,5953,94177,0,geod_dist_to_target,60,0.27150774923821874
33764.44,ROW-max-Corr,412,5953,94177,0,geod_dist_to_target,65,0.27150774923821874
33764.44,ROW-max-Corr,412,412,94177,0,geod_dist_to_target,70,0.0
33764.44,ROW-max-Corr,412,412,94177,0,geod_dist_to_target,75,0.0
33764.44,ROW-max-Corr,412,412,94177,0,geod_dist_to_target,80,0.0
33764.44,ROW-max-Corr,412,412,94177,0,geod_dist_to_target,85,0.0
33764.44,ROW-max-Corr,412,412,94177,0,geod_dist_to_target,90,0.0
33764.44,ROW-max-Corr,412,412,94177,0,geod_dist_to_target,95,0.0
33764.44,ROW-max-Corr,412,412,94177,0,geod_dist_to_target,100,0.0
33764.44,COL-mean-Corr(Ben),412,11605,89250,0,geod_dist_to_target,5,8.649012127886506
33764.44,COL-mean-Corr(Ben),412,6642,89250,0,geod_dist_to_target,6,19.324496027237927
33764.44,COL-mean-Corr(Ben),412,1276,89250,0,geod_dist_to_target,7,23.137339505517485
33764.44,COL-mean-Corr(Ben),412,5486,89250,0,geod_dist_to_target,8,20.04664602430267
33764.44,COL-mean-Corr(Ben),412,5362,89250,0,geod_dist_to_target,9,26.655247576606044
33764.44,COL-mean-Corr(Ben),412,10418,89250,0,geod_dist_to_target,10,4.0990912158700885
33764.44,COL-mean-Corr(Ben),412,10418,89250,0,geod_dist_to_target,11,4.0990912158700885
33764.44,COL-mean-Corr(Ben),412,10418,89250,0,geod_dist_to_target,12,4.0990912158700885
33764.44,COL-mean-Corr(Ben),412,4003,89250,0,geod_dist_to_target,13,1.1498408316314779
33764.44,COL-mean-Corr(Ben),412,4003,89250,0,geod_dist_to_target,14,1.1498408316314779
33764.44,COL-mean-Corr(Ben),412,4003,89250,0,geod_dist_to_target,15,1.1498408316314779
33764.44,COL-mean-Corr(Ben),412,3560,89250,0,geod_dist_to_target,16,6.865577400808348
33764.44,COL-mean-Corr(Ben),412,7048,89250,0,geod_dist_to_target,17,4.993035827273842
33764.44,COL-mean-Corr(Ben),412,7048,89250,0,geod_dist_to_target,18,4.993035827273842
33764.44,COL-mean-Corr(Ben),412,7048,89250,0,geod_dist_to_target,19,4.993035827273842
33764.44,COL-mean-Corr(Ben),412,7048,89250,0,geod_dist_to_target,20,4.993035827273842
33764.44,COL-mean-Corr(Ben),412,7048,89250,0,geod_dist_to_target,22,4.993035827273842
33764.44,COL-mean-Corr(Ben),412,7048,89250,0,geod_dist_to_target,24,4.993035827273842
33764.44,COL-mean-Corr(Ben),412,7048,89250,0,geod_dist_to_target,26,4.993035827273842
33764.44,COL-mean-Corr(Ben),412,7048,89250,0,geod_dist_to_target,28,4.993035827273842
33764.44,COL-mean-Corr(Ben),412,7048,89250,0,geod_dist_to_target,30,4.993035827273842
33764.44,COL-mean-Corr(Ben),412,10985,89250,0,geod_dist_to_target,32,4.734671892637674
33764.44,COL-mean-Corr(Ben),412,10418,89250,0,geod_dist_to_target,34,4.0990912158700885
33764.44,COL-mean-Corr(Ben),412,10418,89250,0,geod_dist_to_target,36,4.0990912158700885
33764.44,COL-mean-Corr(Ben),412,10418,89250,0,geod_dist_to_target,38,4.0990912158700885
33764.44,COL-mean-Corr(Ben),412,9237,89250,0,geod_dist_to_target,40,1.478273039235452
33764.44,COL-mean-Corr(Ben),412,6159,89250,0,geod_dist_to_target,42,0.2403591873568953
33764.44,COL-mean-Corr(Ben),412,6159,89250,0,geod_dist_to_target,44,0.2403591873568953
33764.44,COL-mean-Corr(Ben),412,6159,89250,0,geod_dist_to_target,46,0.2403591873568953
33764.44,COL-mean-Corr(Ben),412,6159,89250,0,geod_dist_to_target,48,0.2403591873568953
33764.44,COL-mean-Corr(Ben),412,6159,89250,0,geod_dist_to_target,50,0.2403591873568953
33764.44,COL-mean-Corr(Ben),412,5920,89250,0,geod_dist_to_target,55,0.5601873444409661
33764.44,COL-mean-Corr(Ben),412,5920,89250,0,geod_dist_to_target,60,0.5601873444409661
33764.44,COL-mean-Corr(Ben),412,5953,89250,0,geod_dist_to_target,65,0.27150774923821874
33764.44,COL-mean-Corr(Ben),412,5953,89250,0,geod_dist_to_target,70,0.27150774923821874
33764.44,COL-mean-Corr(Ben),412,5953,89250,0,geod_dist_to_target,75,0.27150774923821874
33764.44,COL-mean-Corr(Ben),412,5953,89250,0,geod_dist_to_target,80,0.27150774923821874
33764.44,COL-mean-Corr(Ben),412,5953,89250,0,geod_dist_to_target,85,0.27150774923821874
33764.44,COL-mean-Corr(Ben),412,5953,89250,0,geod_dist_to_target,90,0.27150774923821874
33764.44,COL-mean-Corr(Ben),412,5953,89250,0,geod_dist_to_target,95,0.27150774923821874
33764.44,COL-mean-Corr(Ben),412,5953,89250,0,geod_dist_to_target,100,0.27150774923821874
33764.44,COL-mean-Corr(Ben),412,11713,773956,0,geod_dist_to_target,5,14.489754999402807
33764.44,COL-mean-Corr(Ben),412,2756,773956,0,geod_dist_to_target,6,5.731221591732974
33764.44,COL-mean-Corr(Ben),412,2756,773956,0,geod_dist_to_target,7,5.731221591732974
33764.44,COL-mean-Corr(Ben),412,134,773956,0,geod_dist_to_target,8,18.156062111456077
33764.44,COL-mean-Corr(Ben),412,134,773956,0,geod_dist_to_target,9,18.156062111456077
33764.44,COL-mean-Corr(Ben),412,134,773956,0,geod_dist_to_target,10,18.156062111456077
33764.44,COL-mean-Corr(Ben),412,8604,773956,0,geod_dist_to_target,11,19.25201517958401
33764.44,COL-mean-Corr(Ben),412,8604,773956,0,geod_dist_to_target,12,19.25201517958401
33764.44,COL-mean-Corr(Ben),412,6170,773956,0,geod_dist_to_target,13,1.4879731963439282
33764.44,COL-mean-Corr(Ben),412,8604,773956,0,geod_dist_to_target,14,19.25201517958401
33764.44,COL-mean-Corr(Ben),412,8604,773956,0,geod_dist_to_target,15,19.25201517958401
33764.44,COL-mean-Corr(Ben),412,8604,773956,0,geod_dist_to_target,16,19.25201517958401
33764.44,COL-mean-Corr(Ben),412,12622,773956,0,geod_dist_to_target,17,1.1612060919435612
33764.44,COL-mean-Corr(Ben),412,12622,773956,0,geod_dist_to_target,18,1.1612060919435612
33764.44,COL-mean-Corr(Ben),412,6161,773956,0,geod_dist_to_target,19,0.9313816571094801
33764.44,COL-mean-Corr(Ben),412,6878,773956,0,geod_dist_to_target,20,1.1987755583541737
33764.44,COL-mean-Corr(Ben),412,6878,773956,0,geod_dist_to_target,22,1.1987755583541737
33764.44,COL-mean-Corr(Ben),412,6878,773956,0,geod_dist_to_target,24,1.1987755583541737
33764.44,COL-mean-Corr(Ben),412,6878,773956,0,geod_dist_to_target,26,1.1987755583541737
33764.44,COL-mean-Corr(Ben),412,6878,773956,0,geod_dist_to_target,28,1.1987755583541737
33764.44,COL-mean-Corr(Ben),412,5603,773956,0,geod_dist_to_target,30,0.5520376503836683
33764.44,COL-mean-Corr(Ben),412,5603,773956,0,geod_dist_to_target,32,0.5520376503836683
33764.44,COL-mean-Corr(Ben),412,6160,773956,0,geod_dist_to_target,34,0.5037172425378162
33764.44,COL-mean-Corr(Ben),412,6160,773956,0,geod_dist_to_target,36,0.5037172425378162
33764.44,COL-mean-Corr(Ben),412,6160,773956,0,geod_dist_to_target,38,0.5037172425378162
33764.44,COL-mean-Corr(Ben),412,7715,773956,0,geod_dist_to_target,40,19.942650645406506
33764.44,COL-mean-Corr(Ben),412,7715,773956,0,geod_dist_to_target,42,19.942650645406506
33764.44,COL-mean-Corr(Ben),412,7715,773956,0,geod_dist_to_target,44,19.942650645406506
33764.44,COL-mean-Corr(Ben),412,7715,773956,0,geod_dist_to_target,46,19.942650645406506
33764.44,COL-mean-Corr(Ben),412,6159,773956,0,geod_dist_to_target,48,0.2403591873568953
33764.44,COL-mean-Corr(Ben),412,7715,773956,0,geod_dist_to_target,50,19.942650645406506
33764.44,COL-mean-Corr(Ben),412,6159,773956,0,geod_dist_to_target,55,0.2403591873568953
33764.44,COL-mean-Corr(Ben),412,6159,773956,0,geod_dist_to_target,60,0.2403591873568953
33764.44,COL-mean-Corr(Ben),412,6159,773956,0,geod_dist_to_target,65,0.2403591873568953
33764.44,COL-mean-Corr(Ben),412,6159,773956,0,geod_dist_to_target,70,0.2403591873568953
33764.44,COL-mean-Corr(Ben),412,6159,773956,0,geod_dist_to_target,75,0.2403591873568953
33764.44,COL-mean-Corr(Ben),412,12245,773956,0,geod_dist_to_target,80,20.680542643170114
33764.44,COL-mean-Corr(Ben),412,10802,773956,0,geod_dist_to_target,85,20.690470623601236
33764.44,COL-mean-Corr(Ben),412,12245,773956,0,geod_dist_to_target,90,20.680542643170114
33764.44,COL-mean-Corr(Ben),412,7715,773956,0,geod_dist_to_target,95,19.942650645406506
33764.44,COL-mean-Corr(Ben),412,7715,773956,0,geod_dist_to_target,100,19.942650645406506
33764.44,COL-mean-Corr(Ben),412,11605,654571,0,geod_dist_to_target,5,8.649012127886506
33764.44,COL-mean-Corr(Ben),412,9069,654571,0,geod_dist_to_target,6,34.84644828235423
33764.44,COL-mean-Corr(Ben),412,396,654571,0,geod_dist_to_target,7,19.128002639109017
33764.44,COL-mean-Corr(Ben),412,5787,654571,0,geod_dist_to_target,8,4.731565621125456
33764.44,COL-mean-Corr(Ben),412,6160,654571,0,geod_dist_to_target,9,0.5037172425378162
33764.44,COL-mean-Corr(Ben),412,5603,654571,0,geod_dist_to_target,10,0.5520376503836683
33764.44,COL-mean-Corr(Ben),412,1460,654571,0,geod_dist_to_target,11,1.4967425149709197
33764.44,COL-mean-Corr(Ben),412,1460,654571,0,geod_dist_to_target,12,1.4967425149709197
33764.44,COL-mean-Corr(Ben),412,6086,654571,0,geod_dist_to_target,13,3.6136669081713557
33764.44,COL-mean-Corr(Ben),412,9342,654571,0,geod_dist_to_target,14,1.2981081922744464
33764.44,COL-mean-Corr(Ben),412,5954,654571,0,geod_dist_to_target,15,1.4519716382859904
33764.44,COL-mean-Corr(Ben),412,5954,654571,0,geod_dist_to_target,16,1.4519716382859904
33764.44,COL-mean-Corr(Ben),412,5954,654571,0,geod_dist_to_target,17,1.4519716382859904
33764.44,COL-mean-Corr(Ben),412,5954,654571,0,geod_dist_to_target,18,1.4519716382859904
33764.44,COL-mean-Corr(Ben),412,5954,654571,0,geod_dist_to_target,19,1.4519716382859904
33764.44,COL-mean-Corr(Ben),412,1460,654571,0,geod_dist_to_target,20,1.4967425149709197
33764.44,COL-mean-Corr(Ben),412,5953,654571,0,geod_dist_to_target,22,0.27150774923821874
33764.44,COL-mean-Corr(Ben),412,5953,654571,0,geod_dist_to_target,24,0.27150774923821874
33764.44,COL-mean-Corr(Ben),412,10985,654571,0,geod_dist_to_target,26,4.734671892637674
33764.44,COL-mean-Corr(Ben),412,10985,654571,0,geod_dist_to_target,28,4.734671892637674
33764.44,COL-mean-Corr(Ben),412,10985,654571,0,geod_dist_to_target,30,4.734671892637674
33764.44,COL-mean-Corr(Ben),412,10985,654571,0,geod_dist_to_target,32,4.734671892637674
33764.44,COL-mean-Corr(Ben),412,10418,654571,0,geod_dist_to_target,34,4.0990912158700885
33764.44,COL-mean-Corr(Ben),412,10418,654571,0,geod_dist_to_target,36,4.0990912158700885
33764.44,COL-mean-Corr(Ben),412,10985,654571,0,geod_dist_to_target,38,4.734671892637674
33764.44,COL-mean-Corr(Ben),412,10418,654571,0,geod_dist_to_target,40,4.0990912158700885
33764.44,COL-mean-Corr(Ben),412,10418,654571,0,geod_dist_to_target,42,4.0990912158700885
33764.44,COL-mean-Corr(Ben),412,10418,654571,0,geod_dist_to_target,44,4.0990912158700885
33764.44,COL-mean-Corr(Ben),412,10418,654571,0,geod_dist_to_target,46,4.0990912158700885
33764.44,COL-mean-Corr(Ben),412,10418,654571,0,geod_dist_to_target,48,4.0990912158700885
33764.44,COL-mean-Corr(Ben),412,10418,654571,0,geod_dist_to_target,50,4.0990912158700885
33764.44,COL-mean-Corr(Ben),412,10418,654571,0,geod_dist_to_target,55,4.0990912158700885
33764.44,COL-mean-Corr(Ben),412,5953,654571,0,geod_dist_to_target,60,0.27150774923821874
33764.44,COL-mean-Corr(Ben),412,412,654571,0,geod_dist_to_target,65,0.0
33764.44,COL-mean-Corr(Ben),412,5953,654571,0,geod_dist_to_target,70,0.27150774923821874
33764.44,COL-mean-Corr(Ben),412,412,654571,0,geod_dist_to_target,75,0.0
33764.44,COL-mean-Corr(Ben),412,412,654571,0,geod_dist_to_target,80,0.0
33764.44,COL-mean-Corr(Ben),412,412,654571,0,geod_dist_to_target,85,0.0
33764.44,COL-mean-Corr(Ben),412,412,654571,0,geod_dist_to_target,90,0.0
33764.44,COL-mean-Corr(Ben),412,412,654571,0,geod_dist_to_target,95,0.0
33764.44,COL-mean-Corr(Ben),412,412,654571,0,geod_dist_to_target,100,0.0
33764.44,COL-mean-Corr(Ben),412,2876,438878,0,geod_dist_to_target,5,46.88203550724253
33764.44,COL-mean-Corr(Ben),412,6596,438878,0,geod_dist_to_target,6,36.73945712977565
33764.44,COL-mean-Corr(Ben),412,5237,438878,0,geod_dist_to_target,7,20.96064389626248
33764.44,COL-mean-Corr(Ben),412,1573,438878,0,geod_dist_to_target,8,41.96929321437465
33764.44,COL-mean-Corr(Ben),412,3349,438878,0,geod_dist_to_target,9,18.544965580056157
33764.44,COL-mean-Corr(Ben),412,4727,438878,0,geod_dist_to_target,10,20.154059975800106
33764.44,COL-mean-Corr(Ben),412,6160,438878,0,geod_dist_to_target,11,0.5037172425378162
33764.44,COL-mean-Corr(Ben),412,9338,438878,0,geod_dist_to_target,12,4.694337545091407
33764.44,COL-mean-Corr(Ben),412,7915,438878,0,geod_dist_to_target,13,3.5168419106367614
33764.44,COL-mean-Corr(Ben),412,7915,438878,0,geod_dist_to_target,14,3.5168419106367614
33764.44,COL-mean-Corr(Ben),412,10795,438878,0,geod_dist_to_target,15,2.6382843620873238
33764.44,COL-mean-Corr(Ben),412,7915,438878,0,geod_dist_to_target,16,3.5168419106367614
33764.44,COL-mean-Corr(Ben),412,5965,438878,0,geod_dist_to_target,17,4.561277104159313
33764.44,COL-mean-Corr(Ben),412,5965,438878,0,geod_dist_to_target,18,4.561277104159313
33764.44,COL-mean-Corr(Ben),412,5964,438878,0,geod_dist_to_target,19,3.882828466931457
33764.44,COL-mean-Corr(Ben),412,5964,438878,0,geod_dist_to_target,20,3.882828466931457
33764.44,COL-mean-Corr(Ben),412,5964,438878,0,geod_dist_to_target,22,3.882828466931457
33764.44,COL-mean-Corr(Ben),412,5964,438878,0,geod_dist_to_target,24,3.882828466931457
33764.44,COL-mean-Corr(Ben),412,1460,438878,0,geod_dist_to_target,26,1.4967425149709197
33764.44,COL-mean-Corr(Ben),412,1460,438878,0,geod_dist_to_target,28,1.4967425149709197
33764.44,COL-mean-Corr(Ben),412,6878,438878,0,geod_dist_to_target,30,1.1987755583541737
33764.44,COL-mean-Corr(Ben),412,5603,438878,0,geod_dist_to_target,32,0.5520376503836683
33764.44,COL-mean-Corr(Ben),412,5920,438878,0,geod_dist_to_target,34,0.5601873444409661
33764.44,COL-mean-Corr(Ben),412,5920,438878,0,geod_dist_to_target,36,0.5601873444409661
33764.44,COL-mean-Corr(Ben),412,5920,438878,0,geod_dist_to_target,38,0.5601873444409661
33764.44,COL-mean-Corr(Ben),412,5920,438878,0,geod_dist_to_target,40,0.5601873444409661
33764.44,COL-mean-Corr(Ben),412,5920,438878,0,geod_dist_to_target,42,0.5601873444409661
33764.44,COL-mean-Corr(Ben),412,5920,438878,0,geod_dist_to_target,44,0.5601873444409661
33764.44,COL-mean-Corr(Ben),412,5920,438878,0,geod_dist_to_target,46,0.5601873444409661
33764.44,COL-mean-Corr(Ben),412,5920,438878,0,geod_dist_to_target,48,0.5601873444409661
33764.44,COL-mean-Corr(Ben),412,2733,438878,0,geod_dist_to_target,50,1.0461684241816511
33764.44,COL-mean-Corr(Ben),412,2733,438878,0,geod_dist_to_target,55,1.0461684241816511
33764.44,COL-mean-Corr(Ben),412,5920,438878,0,geod_dist_to_target,60,0.5601873444409661
33764.44,COL-mean-Corr(Ben),412,5920,438878,0,geod_dist_to_target,65,0.5601873444409661
33764.44,COL-mean-Corr(Ben),412,6159,438878,0,geod_dist_to_target,70,0.2403591873568953
33764.44,COL-mean-Corr(Ben),412,412,438878,0,geod_dist_to_target,75,0.0
33764.44,COL-mean-Corr(Ben),412,6159,438878,0,geod_dist_to_target,80,0.2403591873568953
33764.44,COL-mean-Corr(Ben),412,412,438878,0,geod_dist_to_target,85,0.0
33764.44,COL-mean-Corr(Ben),412,412,438878,0,geod_dist_to_target,90,0.0
33764.44,COL-mean-Corr(Ben),412,412,438878,0,geod_dist_to_target,95,0.0
33764.44,COL-mean-Corr(Ben),412,5953,438878,0,geod_dist_to_target,100,0.27150774923821874
33764.44,COL-mean-Corr(Ben),412,9024,433015,0,geod_dist_to_target,5,39.134515291648036
33764.44,COL-mean-Corr(Ben),412,2930,433015,0,geod_dist_to_target,6,23.972618323430847
33764.44,COL-mean-Corr(Ben),412,7846,433015,0,geod_dist_to_target,7,22.699449486895123
33764.44,COL-mean-Corr(Ben),412,3279,433015,0,geod_dist_to_target,8,35.52245694311536
33764.44,COL-mean-Corr(Ben),412,7865,433015,0,geod_dist_to_target,9,23.891453703238493
33764.44,COL-mean-Corr(Ben),412,412,433015,0,geod_dist_to_target,10,0.0
33764.44,COL-mean-Corr(Ben),412,2563,433015,0,geod_dist_to_target,11,0.5873768680531021
33764.44,COL-mean-Corr(Ben),412,2563,433015,0,geod_dist_to_target,12,0.5873768680531021
33764.44,COL-mean-Corr(Ben),412,2563,433015,0,geod_dist_to_target,13,0.5873768680531021
33764.44,COL-mean-Corr(Ben),412,2563,433015,0,geod_dist_to_target,14,0.5873768680531021
33764.44,COL-mean-Corr(Ben),412,2563,433015,0,geod_dist_to_target,15,0.5873768680531021
33764.44,COL-mean-Corr(Ben),412,2563,433015,0,geod_dist_to_target,16,0.5873768680531021
33764.44,COL-mean-Corr(Ben),412,2563,433015,0,geod_dist_to_target,17,0.5873768680531021
33764.44,COL-mean-Corr(Ben),412,2563,433015,0,geod_dist_to_target,18,0.5873768680531021
33764.44,COL-mean-Corr(Ben),412,7864,433015,0,geod_dist_to_target,19,23.292804857584837
33764.44,COL-mean-Corr(Ben),412,5953,433015,0,geod_dist_to_target,20,0.27150774923821874
33764.44,COL-mean-Corr(Ben),412,412,433015,0,geod_dist_to_target,22,0.0
33764.44,COL-mean-Corr(Ben),412,412,433015,0,geod_dist_to_target,24,0.0
33764.44,COL-mean-Corr(Ben),412,412,433015,0,geod_dist_to_target,26,0.0
33764.44,COL-mean-Corr(Ben),412,412,433015,0,geod_dist_to_target,28,0.0
33764.44,COL-mean-Corr(Ben),412,412,433015,0,geod_dist_to_target,30,0.0
33764.44,COL-mean-Corr(Ben),412,412,433015,0,geod_dist_to_target,32,0.0
33764.44,COL-mean-Corr(Ben),412,412,433015,0,geod_dist_to_target,34,0.0
33764.44,COL-mean-Corr(Ben),412,412,433015,0,geod_dist_to_target,36,0.0
33764.44,COL-mean-Corr(Ben),412,412,433015,0,geod_dist_to_target,38,0.0
33764.44,COL-mean-Corr(Ben),412,412,433015,0,geod_dist_to_target,40,0.0
33764.44,COL-mean-Corr(Ben),412,412,433015,0,geod_dist_to_target,42,0.0
33764.44,COL-mean-Corr(Ben),412,2563,433015,0,geod_dist_to_target,44,0.5873768680531021
33764.44,COL-mean-Corr(Ben),412,412,433015,0,geod_dist_to_target,46,0.0
33764.44,COL-mean-Corr(Ben),412,2563,433015,0,geod_dist_to_target,48,0.5873768680531021
33764.44,COL-mean-Corr(Ben),412,2563,433015,0,geod_dist_to_target,50,0.5873768680531021
33764.44,COL-mean-Corr(Ben),412,2563,433015,0,geod_dist_to_target,55,0.5873768680531021
33764.44,COL-mean-Corr(Ben),412,6159,433015,0,geod_dist_to_target,60,0.2403591873568953
33764.44,COL-mean-Corr(Ben),412,2563,433015,0,geod_dist_to_target,65,0.5873768680531021
33764.44,COL-mean-Corr(Ben),412,2563,433015,0,geod_dist_to_target,70,0.5873768680531021
33764.44,COL-mean-Corr(Ben),412,2563,433015,0,geod_dist_to_target,75,0.5873768680531021
33764.44,COL-mean-Corr(Ben),412,2563,433015,0,geod_dist_to_target,80,0.5873768680531021
33764.44,COL-mean-Corr(Ben),412,2563,433015,0,geod_dist_to_target,85,0.5873768680531021
33764.44,COL-mean-Corr(Ben),412,2563,433015,0,geod_dist_to_target,90,0.5873768680531021
33764.44,COL-mean-Corr(Ben),412,2563,433015,0,geod_dist_to_target,95,0.5873768680531021
33764.44,COL-mean-Corr(Ben),412,2563,433015,0,geod_dist_to_target,100,0.5873768680531021
33764.44,COL-mean-Corr(Ben),412,6261,858597,0,geod_dist_to_target,5,18.343529231724688
33764.44,COL-mean-Corr(Ben),412,6315,858597,0,geod_dist_to_target,6,47.06745378907592
33764.44,COL-mean-Corr(Ben),412,9775,858597,0,geod_dist_to_target,7,26.82501849433214
33764.44,COL-mean-Corr(Ben),412,11943,858597,0,geod_dist_to_target,8,21.574969986324415
33764.44,COL-mean-Corr(Ben),412,5440,858597,0,geod_dist_to_target,9,16.931356440213875
33764.44,COL-mean-Corr(Ben),412,5430,858597,0,geod_dist_to_target,10,18.962129967188712
33764.44,COL-mean-Corr(Ben),412,11215,858597,0,geod_dist_to_target,11,15.645596991105961
33764.44,COL-mean-Corr(Ben),412,11215,858597,0,geod_dist_to_target,12,15.645596991105961
33764.44,COL-mean-Corr(Ben),412,5275,858597,0,geod_dist_to_target,13,24.444555488192634
33764.44,COL-mean-Corr(Ben),412,4003,858597,0,geod_dist_to_target,14,1.1498408316314779
33764.44,COL-mean-Corr(Ben),412,5784,858597,0,geod_dist_to_target,15,0.6092214683359353
33764.44,COL-mean-Corr(Ben),412,5784,858597,0,geod_dist_to_target,16,0.6092214683359353
33764.44,COL-mean-Corr(Ben),412,5784,858597,0,geod_dist_to_target,17,0.6092214683359353
33764.44,COL-mean-Corr(Ben),412,9342,858597,0,geod_dist_to_target,18,1.2981081922744464
33764.44,COL-mean-Corr(Ben),412,5784,858597,0,geod_dist_to_target,19,0.6092214683359353
33764.44,COL-mean-Corr(Ben),412,5784,858597,0,geod_dist_to_target,20,0.6092214683359353
33764.44,COL-mean-Corr(Ben),412,5784,858597,0,geod_dist_to_target,22,0.6092214683359353
33764.44,COL-mean-Corr(Ben),412,9342,858597,0,geod_dist_to_target,24,1.2981081922744464
33764.44,COL-mean-Corr(Ben),412,9342,858597,0,geod_dist_to_target,26,1.2981081922744464
33764.44,COL-mean-Corr(Ben),412,9342,858597,0,geod_dist_to_target,28,1.2981081922744464
33764.44,COL-mean-Corr(Ben),412,4003,858597,0,geod_dist_to_target,30,1.1498408316314779
33764.44,COL-mean-Corr(Ben),412,5784,858597,0,geod_dist_to_target,32,0.6092214683359353
33764.44,COL-mean-Corr(Ben),412,5784,858597,0,geod_dist_to_target,34,0.6092214683359353
33764.44,COL-mean-Corr(Ben),412,5784,858597,0,geod_dist_to_target,36,0.6092214683359353
33764.44,COL-mean-Corr(Ben),412,5953,858597,0,geod_dist_to_target,38,0.27150774923821874
33764.44,COL-mean-Corr(Ben),412,5784,858597,0,geod_dist_to_target,40,0.6092214683359353
33764.44,COL-mean-Corr(Ben),412,5784,858597,0,geod_dist_to_target,42,0.6092214683359353
33764.44,COL-mean-Corr(Ben),412,5784,858597,0,geod_dist_to_target,44,0.6092214683359353
33764.44,COL-mean-Corr(Ben),412,5784,858597,0,geod_dist_to_target,46,0.6092214683359353
33764.44,COL-mean-Corr(Ben),412,5784,858597,0,geod_dist_to_target,48,0.6092214683359353
33764.44,COL-mean-Corr(Ben),412,5784,858597,0,geod_dist_to_target,50,0.6092214683359353
33764.44,COL-mean-Corr(Ben),412,5953,858597,0,geod_dist_to_target,55,0.27150774923821874
33764.44,COL-mean-Corr(Ben),412,5784,858597,0,geod_dist_to_target,60,0.6092214683359353
33764.44,COL-mean-Corr(Ben),412,5784,858597,0,geod_dist_to_target,65,0.6092214683359353
33764.44,COL-mean-Corr(Ben),412,5784,858597,0,geod_dist_to_target,70,0.6092214683359353
33764.44,COL-mean-Corr(Ben),412,5784,858597,0,geod_dist_to_target,75,0.6092214683359353
33764.44,COL-mean-Corr(Ben),412,5953,858597,0,geod_dist_to_target,80,0.27150774923821874
33764.44,COL-mean-Corr(Ben),412,5953,858597,0,geod_dist_to_target,85,0.27150774923821874
33764.44,COL-mean-Corr(Ben),412,5953,858597,0,geod_dist_to_target,90,0.27150774923821874
33764.44,COL-mean-Corr(Ben),412,5953,858597,0,geod_dist_to_target,95,0.27150774923821874
33764.44,COL-mean-Corr(Ben),412,5953,858597,0,geod_dist_to_target,100,0.27150774923821874
33764.44,COL-mean-Corr(Ben),412,4681,85945,0,geod_dist_to_target,5,24.253223039450575
33764.44,COL-mean-Corr(Ben),412,6170,85945,0,geod_dist_to_target,6,1.4879731963439282
33764.44,COL-mean-Corr(Ben),412,1011,85945,0,geod_dist_to_target,7,1.8333880544988463
33764.44,COL-mean-Corr(Ben),412,2449,85945,0,geod_dist_to_target,8,24.30244123558711
33764.44,COL-mean-Corr(Ben),412,6160,85945,0,geod_dist_to_target,9,0.5037172425378162
33764.44,COL-mean-Corr(Ben),412,5920,85945,0,geod_dist_to_target,10,0.5601873444409661
33764.44,COL-mean-Corr(Ben),412,5920,85945,0,geod_dist_to_target,11,0.5601873444409661
33764.44,COL-mean-Corr(Ben),412,5920,85945,0,geod_dist_to_target,12,0.5601873444409661
33764.44,COL-mean-Corr(Ben),412,6160,85945,0,geod_dist_to_target,13,0.5037172425378162
33764.44,COL-mean-Corr(Ben),412,6160,85945,0,geod_dist_to_target,14,0.5037172425378162
33764.44,COL-mean-Corr(Ben),412,6160,85945,0,geod_dist_to_target,15,0.5037172425378162
33764.44,COL-mean-Corr(Ben),412,6160,85945,0,geod_dist_to_target,16,0.5037172425378162
33764.44,COL-mean-Corr(Ben),412,6160,85945,0,geod_dist_to_target,17,0.5037172425378162
33764.44,COL-mean-Corr(Ben),412,6160,85945,0,geod_dist_to_target,18,0.5037172425378162
33764.44,COL-mean-Corr(Ben),412,6159,85945,0,geod_dist_to_target,19,0.2403591873568953
33764.44,COL-mean-Corr(Ben),412,5920,85945,0,geod_dist_to_target,20,0.5601873444409661
33764.44,COL-mean-Corr(Ben),412,412,85945,0,geod_dist_to_target,22,0.0
33764.44,COL-mean-Corr(Ben),412,412,85945,0,geod_dist_to_target,24,0.0
33764.44,COL-mean-Corr(Ben),412,5953,85945,0,geod_dist_to_target,26,0.27150774923821874
33764.44,COL-mean-Corr(Ben),412,5953,85945,0,geod_dist_to_target,28,0.27150774923821874
33764.44,COL-mean-Corr(Ben),412,412,85945,0,geod_dist_to_target,30,0.0
33764.44,COL-mean-Corr(Ben),412,5953,85945,0,geod_dist_to_target,32,0.27150774923821874
33764.44,COL-mean-Corr(Ben),412,412,85945,0,geod_dist_to_target,34,0.0
33764.44,COL-mean-Corr(Ben),412,412,85945,0,geod_dist_to_target,36,0.0
33764.44,COL-mean-Corr(Ben),412,5953,85945,0,geod_dist_to_target,38,0.27150774923821874
33764.44,COL-mean-Corr(Ben),412,5953,85945,0,geod_dist_to_target,40,0.27150774923821874
33764.44,COL-mean-Corr(Ben),412,5953,85945,0,geod_dist_to_target,42,0.27150774923821874
33764.44,COL-mean-Corr(Ben),412,6399,85945,0,geod_dist_to_target,44,2.863846359368136
33764.44,COL-mean-Corr(Ben),412,6399,85945,0,geod_dist_to_target,46,2.863846359368136
33764.44,COL-mean-Corr(Ben),412,6399,85945,0,geod_dist_to_target,48,2.863846359368136
33764.44,COL-mean-Corr(Ben),412,5953,85945,0,geod_dist_to_target,50,0.27150774923821874
33764.44,COL-mean-Corr(Ben),412,5953,85945,0,geod_dist_to_target,55,0.27150774923821874
33764.44,COL-mean-Corr(Ben),412,5953,85945,0,geod_dist_to_target,60,0.27150774923821874
33764.44,COL-mean-Corr(Ben),412,412,85945,0,geod_dist_to_target,65,0.0
33764.44,COL-mean-Corr(Ben),412,412,85945,0,geod_dist_to_target,70,0.0
33764.44,COL-mean-Corr(Ben),412,412,85945,0,geod_dist_to_target,75,0.0
33764.44,COL-mean-Corr(Ben),412,412,85945,0,geod_dist_to_target,80,0.0
33764.44,COL-mean-Corr(Ben),412,2563,85945,0,geod_dist_to_target,85,0.5873768680531021
33764.44,COL-mean-Corr(Ben),412,412,85945,0,geod_dist_to_target,90,0.0
33764.44,COL-mean-Corr(Ben),412,412,85945,0,geod_dist_to_target,95,0.0
33764.44,COL-mean-Corr(Ben),412,412,85945,0,geod_dist_to_target,100,0.0
33764.44,COL-mean-Corr(Ben),412,3635,697368,0,geod_dist_to_target,5,29.99512735689156
33764.44,COL-mean-Corr(Ben),412,12469,697368,0,geod_dist_to_target,6,30.23830034017891
33764.44,COL-mean-Corr(Ben),412,12469,697368,0,geod_dist_to_target,7,30.23830034017891
33764.44,COL-mean-Corr(Ben),412,12469,697368,0,geod_dist_to_target,8,30.23830034017891
33764.44,COL-mean-Corr(Ben),412,7927,697368,0,geod_dist_to_target,9,39.08610333817001
33764.44,COL-mean-Corr(Ben),412,2002,697368,0,geod_dist_to_target,10,48.75463190723673
33764.44,COL-mean-Corr(Ben),412,2002,697368,0,geod_dist_to_target,11,48.75463190723673
33764.44,COL-mean-Corr(Ben),412,3170,697368,0,geod_dist_to_target,12,38.555326079444065
33764.44,COL-mean-Corr(Ben),412,3170,697368,0,geod_dist_to_target,13,38.555326079444065
33764.44,COL-mean-Corr(Ben),412,3170,697368,0,geod_dist_to_target,14,38.555326079444065
33764.44,COL-mean-Corr(Ben),412,5953,697368,0,geod_dist_to_target,15,0.27150774923821874
33764.44,COL-mean-Corr(Ben),412,5953,697368,0,geod_dist_to_target,16,0.27150774923821874
33764.44,COL-mean-Corr(Ben),412,2733,697368,0,geod_dist_to_target,17,1.0461684241816511
33764.44,COL-mean-Corr(Ben),412,5953,697368,0,geod_dist_to_target,18,0.27150774923821874
33764.44,COL-mean-Corr(Ben),412,5953,697368,0,geod_dist_to_target,19,0.27150774923821874
33764.44,COL-mean-Corr(Ben),412,5953,697368,0,geod_dist_to_target,20,0.27150774923821874
33764.44,COL-mean-Corr(Ben),412,412,697368,0,geod_dist_to_target,22,0.0
33764.44,COL-mean-Corr(Ben),412,5953,697368,0,geod_dist_to_target,24,0.27150774923821874
33764.44,COL-mean-Corr(Ben),412,412,697368,0,geod_dist_to_target,26,0.0
33764.44,COL-mean-Corr(Ben),412,412,697368,0,geod_dist_to_target,28,0.0
33764.44,COL-mean-Corr(Ben),412,5953,697368,0,geod_dist_to_target,30,0.27150774923821874
33764.44,COL-mean-Corr(Ben),412,5953,697368,0,geod_dist_to_target,32,0.27150774923821874
33764.44,COL-mean-Corr(Ben),412,5953,697368,0,geod_dist_to_target,34,0.27150774923821874
33764.44,COL-mean-Corr(Ben),412,2768,697368,0,geod_dist_to_target,36,2.0420716141524617
33764.44,COL-mean-Corr(Ben),412,2733,697368,0,geod_dist_to_target,38,1.0461684241816511
33764.44,COL-mean-Corr(Ben),412,5953,697368,0,geod_dist_to_target,40,0.27150774923821874
33764.44,COL-mean-Corr(Ben),412,5953,697368,0,geod_dist_to_target,42,0.27150774923821874
33764.44,COL-mean-Corr(Ben),412,1710,697368,0,geod_dist_to_target,44,23.895158693561203
33764.44,COL-mean-Corr(Ben),412,1710,697368,0,geod_dist_to_target,46,23.895158693561203
33764.44,COL-mean-Corr(Ben),412,941,697368,0,geod_dist_to_target,48,23.765967355217043
33764.44,COL-mean-Corr(Ben),412,941,697368,0,geod_dist_to_target,50,23.765967355217043
33764.44,COL-mean-Corr(Ben),412,5953,697368,0,geod_dist_to_target,55,0.27150774923821874
33764.44,COL-mean-Corr(Ben),412,5953,697368,0,geod_dist_to_target,60,0.27150774923821874
33764.44,COL-mean-Corr(Ben),412,5953,697368,0,geod_dist_to_target,65,0.27150774923821874
33764.44,COL-mean-Corr(Ben),412,5953,697368,0,geod_dist_to_target,70,0.27150774923821874
33764.44,COL-mean-Corr(Ben),412,5953,697368,0,geod_dist_to_target,75,0.27150774923821874
33764.44,COL-mean-Corr(Ben),412,5953,697368,0,geod_dist_to_target,80,0.27150774923821874
33764.44,COL-mean-Corr(Ben),412,5953,697368,0,geod_dist_to_target,85,0.27150774923821874
33764.44,COL-mean-Corr(Ben),412,2733,697368,0,geod_dist_to_target,90,1.0461684241816511
33764.44,COL-mean-Corr(Ben),412,2733,697368,0,geod_dist_to_target,95,1.0461684241816511
33764.44,COL-mean-Corr(Ben),412,5953,697368,0,geod_dist_to_target,100,0.27150774923821874
33764.44,COL-mean-Corr(Ben),412,6793,201469,0,geod_dist_to_target,5,15.46163497900919
33764.44,COL-mean-Corr(Ben),412,12604,201469,0,geod_dist_to_target,6,34.17393834523731
33764.44,COL-mean-Corr(Ben),412,11553,201469,0,geod_dist_to_target,7,24.118231364108567
33764.44,COL-mean-Corr(Ben),412,1149,201469,0,geod_dist_to_target,8,26.70630837376373
33764.44,COL-mean-Corr(Ben),412,941,201469,0,geod_dist_to_target,9,23.765967355217043
33764.44,COL-mean-Corr(Ben),412,6399,201469,0,geod_dist_to_target,10,2.863846359368136
33764.44,COL-mean-Corr(Ben),412,6399,201469,0,geod_dist_to_target,11,2.863846359368136
33764.44,COL-mean-Corr(Ben),412,6399,201469,0,geod_dist_to_target,12,2.863846359368136
33764.44,COL-mean-Corr(Ben),412,5784,201469,0,geod_dist_to_target,13,0.6092214683359353
33764.44,COL-mean-Corr(Ben),412,7749,201469,0,geod_dist_to_target,14,23.13163862623739
33764.44,COL-mean-Corr(Ben),412,5784,201469,0,geod_dist_to_target,15,0.6092214683359353
33764.44,COL-mean-Corr(Ben),412,636,201469,0,geod_dist_to_target,16,1.640648713393917
33764.44,COL-mean-Corr(Ben),412,636,201469,0,geod_dist_to_target,17,1.640648713393917
33764.44,COL-mean-Corr(Ben),412,636,201469,0,geod_dist_to_target,18,1.640648713393917
33764.44,COL-mean-Corr(Ben),412,636,201469,0,geod_dist_to_target,19,1.640648713393917
33764.44,COL-mean-Corr(Ben),412,678,201469,0,geod_dist_to_target,20,22.7599137441422
33764.44,COL-mean-Corr(Ben),412,678,201469,0,geod_dist_to_target,22,22.7599137441422
33764.44,COL-mean-Corr(Ben),412,10802,201469,0,geod_dist_to_target,24,20.690470623601236
33764.44,COL-mean-Corr(Ben),412,10802,201469,0,geod_dist_to_target,26,20.690470623601236
33764.44,COL-mean-Corr(Ben),412,10802,201469,0,geod_dist_to_target,28,20.690470623601236
33764.44,COL-mean-Corr(Ben),412,10802,201469,0,geod_dist_to_target,30,20.690470623601236
33764.44,COL-mean-Corr(Ben),412,10802,201469,0,geod_dist_to_target,32,20.690470623601236
33764.44,COL-mean-Corr(Ben),412,10802,201469,0,geod_dist_to_target,34,20.690470623601236
33764.44,COL-mean-Corr(Ben),412,10802,201469,0,geod_dist_to_target,36,20.690470623601236
33764.44,COL-mean-Corr(Ben),412,10802,201469,0,geod_dist_to_target,38,20.690470623601236
33764.44,COL-mean-Corr(Ben),412,6389,201469,0,geod_dist_to_target,40,2.3435597772822105
33764.44,COL-mean-Corr(Ben),412,6389,201469,0,geod_dist_to_target,42,2.3435597772822105
33764.44,COL-mean-Corr(Ben),412,6389,201469,0,geod_dist_to_target,44,2.3435597772822105
33764.44,COL-mean-Corr(Ben),412,6389,201469,0,geod_dist_to_target,46,2.3435597772822105
33764.44,COL-mean-Corr(Ben),412,6389,201469,0,geod_dist_to_target,48,2.3435597772822105
33764.44,COL-mean-Corr(Ben),412,9237,201469,0,geod_dist_to_target,50,1.478273039235452
33764.44,COL-mean-Corr(Ben),412,6689,201469,0,geod_dist_to_target,55,3.207304698973316
33764.44,COL-mean-Corr(Ben),412,6689,201469,0,geod_dist_to_target,60,3.207304698973316
33764.44,COL-mean-Corr(Ben),412,6689,201469,0,geod_dist_to_target,65,3.207304698973316
33764.44,COL-mean-Corr(Ben),412,6689,201469,0,geod_dist_to_target,70,3.207304698973316
33764.44,COL-mean-Corr(Ben),412,6689,201469,0,geod_dist_to_target,75,3.207304698973316
33764.44,COL-mean-Corr(Ben),412,10803,201469,0,geod_dist_to_target,80,1.0974423369038628
33764.44,COL-mean-Corr(Ben),412,10803,201469,0,geod_dist_to_target,85,1.0974423369038628
33764.44,COL-mean-Corr(Ben),412,10803,201469,0,geod_dist_to_target,90,1.0974423369038628
33764.44,COL-mean-Corr(Ben),412,10803,201469,0,geod_dist_to_target,95,1.0974423369038628
33764.44,COL-mean-Corr(Ben),412,10803,201469,0,geod_dist_to_target,100,1.0974423369038628
33764.44,COL-mean-Corr(Ben),412,6361,94177,0,geod_dist_to_target,5,13.66045239142958
33764.44,COL-mean-Corr(Ben),412,9167,94177,0,geod_dist_to_target,6,38.709294251219916
33764.44,COL-mean-Corr(Ben),412,4062,94177,0,geod_dist_to_target,7,23.637215336307673
33764.44,COL-mean-Corr(Ben),412,4062,94177,0,geod_dist_to_target,8,23.637215336307673
33764.44,COL-mean-Corr(Ben),412,466,94177,0,geod_dist_to_target,9,5.942074754988611
33764.44,COL-mean-Corr(Ben),412,5603,94177,0,geod_dist_to_target,10,0.5520376503836683
33764.44,COL-mean-Corr(Ben),412,6160,94177,0,geod_dist_to_target,11,0.5037172425378162
33764.44,COL-mean-Corr(Ben),412,6160,94177,0,geod_dist_to_target,12,0.5037172425378162
33764.44,COL-mean-Corr(Ben),412,2733,94177,0,geod_dist_to_target,13,1.0461684241816511
33764.44,COL-mean-Corr(Ben),412,2733,94177,0,geod_dist_to_target,14,1.0461684241816511
33764.44,COL-mean-Corr(Ben),412,6388,94177,0,geod_dist_to_target,15,1.9902165974611477
33764.44,COL-mean-Corr(Ben),412,6388,94177,0,geod_dist_to_target,16,1.9902165974611477
33764.44,COL-mean-Corr(Ben),412,2733,94177,0,geod_dist_to_target,17,1.0461684241816511
33764.44,COL-mean-Corr(Ben),412,2733,94177,0,geod_dist_to_target,18,1.0461684241816511
33764.44,COL-mean-Corr(Ben),412,5953,94177,0,geod_dist_to_target,19,0.27150774923821874
33764.44,COL-mean-Corr(Ben),412,5603,94177,0,geod_dist_to_target,20,0.5520376503836683
33764.44,COL-mean-Corr(Ben),412,6159,94177,0,geod_dist_to_target,22,0.2403591873568953
33764.44,COL-mean-Corr(Ben),412,6159,94177,0,geod_dist_to_target,24,0.2403591873568953
33764.44,COL-mean-Corr(Ben),412,6159,94177,0,geod_dist_to_target,26,0.2403591873568953
33764.44,COL-mean-Corr(Ben),412,6159,94177,0,geod_dist_to_target,28,0.2403591873568953
33764.44,COL-mean-Corr(Ben),412,6159,94177,0,geod_dist_to_target,30,0.2403591873568953
33764.44,COL-mean-Corr(Ben),412,6159,94177,0,geod_dist_to_target,32,0.2403591873568953
33764.44,COL-mean-Corr(Ben),412,412,94177,0,geod_dist_to_target,34,0.0
33764.44,COL-mean-Corr(Ben),412,412,94177,0,geod_dist_to_target,36,0.0
33764.44,COL-mean-Corr(Ben),412,412,94177,0,geod_dist_to_target,38,0.0
33764.44,COL-mean-Corr(Ben),412,412,94177,0,geod_dist_to_target,40,0.0
33764.44,COL-mean-Corr(Ben),412,412,94177,0,geod_dist_to_target,42,0.0
33764.44,COL-mean-Corr(Ben),412,6159,94177,0,geod_dist_to_target,44,0.2403591873568953
33764.44,COL-mean-Corr(Ben),412,412,94177,0,geod_dist_to_target,46,0.0
33764.44,COL-mean-Corr(Ben),412,6159,94177,0,geod_dist_to_target,48,0.2403591873568953
33764.44,COL-mean-Corr(Ben),412,6159,94177,0,geod_dist_to_target,50,0.2403591873568953
33764.44,COL-mean-Corr(Ben),412,6159,94177,0,geod_dist_to_target,55,0.2403591873568953
33764.44,COL-mean-Corr(Ben),412,6159,94177,0,geod_dist_to_target,60,0.2403591873568953
33764.44,COL-mean-Corr(Ben),412,2563,94177,0,geod_dist_to_target,65,0.5873768680531021
33764.44,COL-mean-Corr(Ben),412,2563,94177,0,geod_dist_to_target,70,0.5873768680531021
33764.44,COL-mean-Corr(Ben),412,2563,94177,0,geod_dist_to_target,75,0.5873768680531021
33764.44,COL-mean-Corr(Ben),412,2563,94177,0,geod_dist_to_target,80,0.5873768680531021
33764.44,COL-mean-Corr(Ben),412,2563,94177,0,geod_dist_to_target,85,0.5873768680531021
33764.44,COL-mean-Corr(Ben),412,2563,94177,0,geod_dist_to_target,90,0.5873768680531021
33764.44,COL-mean-Corr(Ben),412,2563,94177,0,geod_dist_to_target,95,0.5873768680531021
33764.44,COL-mean-Corr(Ben),412,2563,94177,0,geod_dist_to_target,100,0.5873768680531021
33764.44,COL-max-Corr,412,2343,89250,0,geod_dist_to_target,5,6.444207856602612
33764.44,COL-max-Corr,412,2112,89250,0,geod_dist_to_target,6,25.85979307115767
33764.44,COL-max-Corr,412,3964,89250,0,geod_dist_to_target,7,30.660898532527384
33764.44,COL-max-Corr,412,3972,89250,0,geod_dist_to_target,8,29.01555160229314
33764.44,COL-max-Corr,412,3972,89250,0,geod_dist_to_target,9,29.01555160229314
33764.44,COL-max-Corr,412,11864,89250,0,geod_dist_to_target,10,3.147020315788946
33764.44,COL-max-Corr,412,6169,89250,0,geod_dist_to_target,11,1.2919275540685102
33764.44,COL-max-Corr,412,5603,89250,0,geod_dist_to_target,12,0.5520376503836683
33764.44,COL-max-Corr,412,3124,89250,0,geod_dist_to_target,13,7.415562531982652
33764.44,COL-max-Corr,412,3124,89250,0,geod_dist_to_target,14,7.415562531982652
33764.44,COL-max-Corr,412,3124,89250,0,geod_dist_to_target,15,7.415562531982652
33764.44,COL-max-Corr,412,3124,89250,0,geod_dist_to_target,16,7.415562531982652
33764.44,COL-max-Corr,412,3124,89250,0,geod_dist_to_target,17,7.415562531982652
33764.44,COL-max-Corr,412,3124,89250,0,geod_dist_to_target,18,7.415562531982652
33764.44,COL-max-Corr,412,3124,89250,0,geod_dist_to_target,19,7.415562531982652
33764.44,COL-max-Corr,412,3124,89250,0,geod_dist_to_target,20,7.415562531982652
33764.44,COL-max-Corr,412,1951,89250,0,geod_dist_to_target,22,0.2901684246817361
33764.44,COL-max-Corr,412,1951,89250,0,geod_dist_to_target,24,0.2901684246817361
33764.44,COL-max-Corr,412,9444,89250,0,geod_dist_to_target,26,0.6570037015080127
33764.44,COL-max-Corr,412,9444,89250,0,geod_dist_to_target,28,0.6570037015080127
33764.44,COL-max-Corr,412,9444,89250,0,geod_dist_to_target,30,0.6570037015080127
33764.44,COL-max-Corr,412,1951,89250,0,geod_dist_to_target,32,0.2901684246817361
33764.44,COL-max-Corr,412,1951,89250,0,geod_dist_to_target,34,0.2901684246817361
33764.44,COL-max-Corr,412,1951,89250,0,geod_dist_to_target,36,0.2901684246817361
33764.44,COL-max-Corr,412,1951,89250,0,geod_dist_to_target,38,0.2901684246817361
33764.44,COL-max-Corr,412,1951,89250,0,geod_dist_to_target,40,0.2901684246817361
33764.44,COL-max-Corr,412,1951,89250,0,geod_dist_to_target,42,0.2901684246817361
33764.44,COL-max-Corr,412,5784,89250,0,geod_dist_to_target,44,0.6092214683359353
33764.44,COL-max-Corr,412,5784,89250,0,geod_dist_to_target,46,0.6092214683359353
33764.44,COL-max-Corr,412,5784,89250,0,geod_dist_to_target,48,0.6092214683359353
33764.44,COL-max-Corr,412,5784,89250,0,geod_dist_to_target,50,0.6092214683359353
33764.44,COL-max-Corr,412,5784,89250,0,geod_dist_to_target,55,0.6092214683359353
33764.44,COL-max-Corr,412,412,89250,0,geod_dist_to_target,60,0.0
33764.44,COL-max-Corr,412,2563,89250,0,geod_dist_to_target,65,0.5873768680531021
33764.44,COL-max-Corr,412,412,89250,0,geod_dist_to_target,70,0.0
33764.44,COL-max-Corr,412,412,89250,0,geod_dist_to_target,75,0.0
33764.44,COL-max-Corr,412,412,89250,0,geod_dist_to_target,80,0.0
33764.44,COL-max-Corr,412,412,89250,0,geod_dist_to_target,85,0.0
33764.44,COL-max-Corr,412,412,89250,0,geod_dist_to_target,90,0.0
33764.44,COL-max-Corr,412,412,89250,0,geod_dist_to_target,95,0.0
33764.44,COL-max-Corr,412,412,89250,0,geod_dist_to_target,100,0.0
33764.44,COL-max-Corr,412,8332,773956,0,geod_dist_to_target,5,27.566954240064046
33764.44,COL-max-Corr,412,6390,773956,0,geod_dist_to_target,6,2.1044989842207458
33764.44,COL-max-Corr,412,6553,773956,0,geod_dist_to_target,7,2.9227305099632406
33764.44,COL-max-Corr,412,2616,773956,0,geod_dist_to_target,8,24.944275022265355
33764.44,COL-max-Corr,412,6161,773956,0,geod_dist_to_target,9,0.9313816571094801
33764.44,COL-max-Corr,412,5603,773956,0,geod_dist_to_target,10,0.5520376503836683
33764.44,COL-max-Corr,412,2430,773956,0,geod_dist_to_target,11,2.6227148199458608
33764.44,COL-max-Corr,412,1132,773956,0,geod_dist_to_target,12,2.8870379629069327
33764.44,COL-max-Corr,412,4727,773956,0,geod_dist_to_target,13,20.154059975800106
33764.44,COL-max-Corr,412,4727,773956,0,geod_dist_to_target,14,20.154059975800106
33764.44,COL-max-Corr,412,6559,773956,0,geod_dist_to_target,15,4.130415836560422
33764.44,COL-max-Corr,412,6559,773956,0,geod_dist_to_target,16,4.130415836560422
33764.44,COL-max-Corr,412,6559,773956,0,geod_dist_to_target,17,4.130415836560422
33764.44,COL-max-Corr,412,9338,773956,0,geod_dist_to_target,18,4.694337545091407
33764.44,COL-max-Corr,412,9338,773956,0,geod_dist_to_target,19,4.694337545091407
33764.44,COL-max-Corr,412,9338,773956,0,geod_dist_to_target,20,4.694337545091407
33764.44,COL-max-Corr,412,6559,773956,0,geod_dist_to_target,22,4.130415836560422
33764.44,COL-max-Corr,412,6559,773956,0,geod_dist_to_target,24,4.130415836560422
33764.44,COL-max-Corr,412,6559,773956,0,geod_dist_to_target,26,4.130415836560422
33764.44,COL-max-Corr,412,6559,773956,0,geod_dist_to_target,28,4.130415836560422
33764.44,COL-max-Corr,412,6857,773956,0,geod_dist_to_target,30,3.7935334419752738
33764.44,COL-max-Corr,412,6857,773956,0,geod_dist_to_target,32,3.7935334419752738
33764.44,COL-max-Corr,412,6857,773956,0,geod_dist_to_target,34,3.7935334419752738
33764.44,COL-max-Corr,412,6857,773956,0,geod_dist_to_target,36,3.7935334419752738
33764.44,COL-max-Corr,412,6857,773956,0,geod_dist_to_target,38,3.7935334419752738
33764.44,COL-max-Corr,412,6857,773956,0,geod_dist_to_target,40,3.7935334419752738
33764.44,COL-max-Corr,412,6857,773956,0,geod_dist_to_target,42,3.7935334419752738
33764.44,COL-max-Corr,412,6857,773956,0,geod_dist_to_target,44,3.7935334419752738
33764.44,COL-max-Corr,412,6857,773956,0,geod_dist_to_target,46,3.7935334419752738
33764.44,COL-max-Corr,412,5953,773956,0,geod_dist_to_target,48,0.27150774923821874
33764.44,COL-max-Corr,412,6857,773956,0,geod_dist_to_target,50,3.7935334419752738
33764.44,COL-max-Corr,412,6857,773956,0,geod_dist_to_target,55,3.7935334419752738
33764.44,COL-max-Corr,412,6857,773956,0,geod_dist_to_target,60,3.7935334419752738
33764.44,COL-max-Corr,412,6857,773956,0,geod_dist_to_target,65,3.7935334419752738
33764.44,COL-max-Corr,412,6857,773956,0,geod_dist_to_target,70,3.7935334419752738
33764.44,COL-max-Corr,412,6857,773956,0,geod_dist_to_target,75,3.7935334419752738
33764.44,COL-max-Corr,412,2563,773956,0,geod_dist_to_target,80,0.5873768680531021
33764.44,COL-max-Corr,412,9237,773956,0,geod_dist_to_target,85,1.478273039235452
33764.44,COL-max-Corr,412,9237,773956,0,geod_dist_to_target,90,1.478273039235452
33764.44,COL-max-Corr,412,9237,773956,0,geod_dist_to_target,95,1.478273039235452
33764.44,COL-max-Corr,412,9237,773956,0,geod_dist_to_target,100,1.478273039235452
33764.44,COL-max-Corr,412,1092,654571,0,geod_dist_to_target,5,21.49395796386618
33764.44,COL-max-Corr,412,7844,654571,0,geod_dist_to_target,6,19.963451854228193
33764.44,COL-max-Corr,412,7844,654571,0,geod_dist_to_target,7,19.963451854228193
33764.44,COL-max-Corr,412,4244,654571,0,geod_dist_to_target,8,18.88975202684132
33764.44,COL-max-Corr,412,5660,654571,0,geod_dist_to_target,9,3.537907141356157
33764.44,COL-max-Corr,412,10083,654571,0,geod_dist_to_target,10,12.156282596611236
33764.44,COL-max-Corr,412,3993,654571,0,geod_dist_to_target,11,24.225405675831855
33764.44,COL-max-Corr,412,2011,654571,0,geod_dist_to_target,12,1.0137827113885771
33764.44,COL-max-Corr,412,2563,654571,0,geod_dist_to_target,13,0.5873768680531021
33764.44,COL-max-Corr,412,6399,654571,0,geod_dist_to_target,14,2.863846359368136
33764.44,COL-max-Corr,412,6399,654571,0,geod_dist_to_target,15,2.863846359368136
33764.44,COL-max-Corr,412,6399,654571,0,geod_dist_to_target,16,2.863846359368136
33764.44,COL-max-Corr,412,8577,654571,0,geod_dist_to_target,17,2.260220419152611
33764.44,COL-max-Corr,412,8577,654571,0,geod_dist_to_target,18,2.260220419152611
33764.44,COL-max-Corr,412,8577,654571,0,geod_dist_to_target,19,2.260220419152611
33764.44,COL-max-Corr,412,8577,654571,0,geod_dist_to_target,20,2.260220419152611
33764.44,COL-max-Corr,412,1951,654571,0,geod_dist_to_target,22,0.2901684246817361
33764.44,COL-max-Corr,412,8577,654571,0,geod_dist_to_target,24,2.260220419152611
33764.44,COL-max-Corr,412,8577,654571,0,geod_dist_to_target,26,2.260220419152611
33764.44,COL-max-Corr,412,1951,654571,0,geod_dist_to_target,28,0.2901684246817361
33764.44,COL-max-Corr,412,1951,654571,0,geod_dist_to_target,30,0.2901684246817361
33764.44,COL-max-Corr,412,9444,654571,0,geod_dist_to_target,32,0.6570037015080127
33764.44,COL-max-Corr,412,5884,654571,0,geod_dist_to_target,34,0.689277357296162
33764.44,COL-max-Corr,412,5949,654571,0,geod_dist_to_target,36,0.6094584070920324
33764.44,COL-max-Corr,412,5949,654571,0,geod_dist_to_target,38,0.6094584070920324
33764.44,COL-max-Corr,412,5949,654571,0,geod_dist_to_target,40,0.6094584070920324
33764.44,COL-max-Corr,412,5949,654571,0,geod_dist_to_target,42,0.6094584070920324
33764.44,COL-max-Corr,412,5949,654571,0,geod_dist_to_target,44,0.6094584070920324
33764.44,COL-max-Corr,412,5949,654571,0,geod_dist_to_target,46,0.6094584070920324
33764.44,COL-max-Corr,412,5884,654571,0,geod_dist_to_target,48,0.689277357296162
33764.44,COL-max-Corr,412,1951,654571,0,geod_dist_to_target,50,0.2901684246817361
33764.44,COL-max-Corr,412,1951,654571,0,geod_dist_to_target,55,0.2901684246817361
33764.44,COL-max-Corr,412,1951,654571,0,geod_dist_to_target,60,0.2901684246817361
33764.44,COL-max-Corr,412,1951,654571,0,geod_dist_to_target,65,0.2901684246817361
33764.44,COL-max-Corr,412,636,654571,0,geod_dist_to_target,70,1.640648713393917
33764.44,COL-max-Corr,412,1951,654571,0,geod_dist_to_target,75,0.2901684246817361
33764.44,COL-max-Corr,412,1951,654571,0,geod_dist_to_target,80,0.2901684246817361
33764.44,COL-max-Corr,412,1951,654571,0,geod_dist_to_target,85,0.2901684246817361
33764.44,COL-max-Corr,412,636,654571,0,geod_dist_to_target,90,1.640648713393917
33764.44,COL-max-Corr,412,636,654571,0,geod_dist_to_target,95,1.640648713393917
33764.44,COL-max-Corr,412,636,654571,0,geod_dist_to_target,100,1.640648713393917
33764.44,COL-max-Corr,412,11671,438878,0,geod_dist_to_target,5,21.606472870891352
33764.44,COL-max-Corr,412,10970,438878,0,geod_dist_to_target,6,35.72932521674496
33764.44,COL-max-Corr,412,10970,438878,0,geod_dist_to_target,7,35.72932521674496
33764.44,COL-max-Corr,412,3357,438878,0,geod_dist_to_target,8,26.524883235396473
33764.44,COL-max-Corr,412,3357,438878,0,geod_dist_to_target,9,26.524883235396473
33764.44,COL-max-Corr,412,11,438878,0,geod_dist_to_target,10,28.50970145815168
33764.44,COL-max-Corr,412,8573,438878,0,geod_dist_to_target,11,27.683242040821217
33764.44,COL-max-Corr,412,8573,438878,0,geod_dist_to_target,12,27.683242040821217
33764.44,COL-max-Corr,412,4003,438878,0,geod_dist_to_target,13,1.1498408316314779
33764.44,COL-max-Corr,412,905,438878,0,geod_dist_to_target,14,2.3727809671522624
33764.44,COL-max-Corr,412,905,438878,0,geod_dist_to_target,15,2.3727809671522624
33764.44,COL-max-Corr,412,905,438878,0,geod_dist_to_target,16,2.3727809671522624
33764.44,COL-max-Corr,412,905,438878,0,geod_dist_to_target,17,2.3727809671522624
33764.44,COL-max-Corr,412,905,438878,0,geod_dist_to_target,18,2.3727809671522624
33764.44,COL-max-Corr,412,905,438878,0,geod_dist_to_target,19,2.3727809671522624
33764.44,COL-max-Corr,412,905,438878,0,geod_dist_to_target,20,2.3727809671522624
33764.44,COL-max-Corr,412,905,438878,0,geod_dist_to_target,22,2.3727809671522624
33764.44,COL-max-Corr,412,4003,438878,0,geod_dist_to_target,24,1.1498408316314779
33764.44,COL-max-Corr,412,4003,438878,0,geod_dist_to_target,26,1.1498408316314779
33764.44,COL-max-Corr,412,5953,438878,0,geod_dist_to_target,28,0.27150774923821874
33764.44,COL-max-Corr,412,5953,438878,0,geod_dist_to_target,30,0.27150774923821874
33764.44,COL-max-Corr,412,5953,438878,0,geod_dist_to_target,32,0.27150774923821874
33764.44,COL-max-Corr,412,5953,438878,0,geod_dist_to_target,34,0.27150774923821874
33764.44,COL-max-Corr,412,5953,438878,0,geod_dist_to_target,36,0.27150774923821874
33764.44,COL-max-Corr,412,412,438878,0,geod_dist_to_target,38,0.0
33764.44,COL-max-Corr,412,412,438878,0,geod_dist_to_target,40,0.0
33764.44,COL-max-Corr,412,412,438878,0,geod_dist_to_target,42,0.0
33764.44,COL-max-Corr,412,412,438878,0,geod_dist_to_target,44,0.0
33764.44,COL-max-Corr,412,5953,438878,0,geod_dist_to_target,46,0.27150774923821874
33764.44,COL-max-Corr,412,412,438878,0,geod_dist_to_target,48,0.0
33764.44,COL-max-Corr,412,412,438878,0,geod_dist_to_target,50,0.0
33764.44,COL-max-Corr,412,412,438878,0,geod_dist_to_target,55,0.0
33764.44,COL-max-Corr,412,412,438878,0,geod_dist_to_target,60,0.0
33764.44,COL-max-Corr,412,412,438878,0,geod_dist_to_target,65,0.0
33764.44,COL-max-Corr,412,412,438878,0,geod_dist_to_target,70,0.0
33764.44,COL-max-Corr,412,412,438878,0,geod_dist_to_target,75,0.0
33764.44,COL-max-Corr,412,412,438878,0,geod_dist_to_target,80,0.0
33764.44,COL-max-Corr,412,412,438878,0,geod_dist_to_target,85,0.0
33764.44,COL-max-Corr,412,412,438878,0,geod_dist_to_target,90,0.0
33764.44,COL-max-Corr,412,412,438878,0,geod_dist_to_target,95,0.0
33764.44,COL-max-Corr,412,412,438878,0,geod_dist_to_target,100,0.0
33764.44,COL-max-Corr,412,11735,433015,0,geod_dist_to_target,5,11.74320353694121
33764.44,COL-max-Corr,412,7775,433015,0,geod_dist_to_target,6,25.960071428802053
33764.44,COL-max-Corr,412,5658,433015,0,geod_dist_to_target,7,2.937257318464823
33764.44,COL-max-Corr,412,5658,433015,0,geod_dist_to_target,8,2.937257318464823
33764.44,COL-max-Corr,412,5658,433015,0,geod_dist_to_target,9,2.937257318464823
33764.44,COL-max-Corr,412,3574,433015,0,geod_dist_to_target,10,25.335524034458185
33764.44,COL-max-Corr,412,34,433015,0,geod_dist_to_target,11,22.151854293449478
33764.44,COL-max-Corr,412,6478,433015,0,geod_dist_to_target,12,18.622529124882956
33764.44,COL-max-Corr,412,6478,433015,0,geod_dist_to_target,13,18.622529124882956
33764.44,COL-max-Corr,412,10938,433015,0,geod_dist_to_target,14,2.17384526338392
33764.44,COL-max-Corr,412,10938,433015,0,geod_dist_to_target,15,2.17384526338392
33764.44,COL-max-Corr,412,10938,433015,0,geod_dist_to_target,16,2.17384526338392
33764.44,COL-max-Corr,412,2733,433015,0,geod_dist_to_target,17,1.0461684241816511
33764.44,COL-max-Corr,412,6388,433015,0,geod_dist_to_target,18,1.9902165974611477
33764.44,COL-max-Corr,412,6388,433015,0,geod_dist_to_target,19,1.9902165974611477
33764.44,COL-max-Corr,412,5953,433015,0,geod_dist_to_target,20,0.27150774923821874
33764.44,COL-max-Corr,412,5953,433015,0,geod_dist_to_target,22,0.27150774923821874
33764.44,COL-max-Corr,412,5953,433015,0,geod_dist_to_target,24,0.27150774923821874
33764.44,COL-max-Corr,412,412,433015,0,geod_dist_to_target,26,0.0
33764.44,COL-max-Corr,412,412,433015,0,geod_dist_to_target,28,0.0
33764.44,COL-max-Corr,412,5953,433015,0,geod_dist_to_target,30,0.27150774923821874
33764.44,COL-max-Corr,412,412,433015,0,geod_dist_to_target,32,0.0
33764.44,COL-max-Corr,412,2563,433015,0,geod_dist_to_target,34,0.5873768680531021
33764.44,COL-max-Corr,412,2563,433015,0,geod_dist_to_target,36,0.5873768680531021
33764.44,COL-max-Corr,412,2563,433015,0,geod_dist_to_target,38,0.5873768680531021
33764.44,COL-max-Corr,412,2563,433015,0,geod_dist_to_target,40,0.5873768680531021
33764.44,COL-max-Corr,412,1951,433015,0,geod_dist_to_target,42,0.2901684246817361
33764.44,COL-max-Corr,412,2563,433015,0,geod_dist_to_target,44,0.5873768680531021
33764.44,COL-max-Corr,412,2563,433015,0,geod_dist_to_target,46,0.5873768680531021
33764.44,COL-max-Corr,412,2563,433015,0,geod_dist_to_target,48,0.5873768680531021
33764.44,COL-max-Corr,412,2563,433015,0,geod_dist_to_target,50,0.5873768680531021
33764.44,COL-max-Corr,412,2563,433015,0,geod_dist_to_target,55,0.5873768680531021
33764.44,COL-max-Corr,412,2563,433015,0,geod_dist_to_target,60,0.5873768680531021
33764.44,COL-max-Corr,412,2563,433015,0,geod_dist_to_target,65,0.5873768680531021
33764.44,COL-max-Corr,412,2563,433015,0,geod_dist_to_target,70,0.5873768680531021
33764.44,COL-max-Corr,412,2563,433015,0,geod_dist_to_target,75,0.5873768680531021
33764.44,COL-max-Corr,412,2563,433015,0,geod_dist_to_target,80,0.5873768680531021
33764.44,COL-max-Corr,412,6389,433015,0,geod_dist_to_target,85,2.3435597772822105
33764.44,COL-max-Corr,412,6389,433015,0,geod_dist_to_target,90,2.3435597772822105
33764.44,COL-max-Corr,412,6389,433015,0,geod_dist_to_target,95,2.3435597772822105
33764.44,COL-max-Corr,412,6389,433015,0,geod_dist_to_target,100,2.3435597772822105
33764.44,COL-max-Corr,412,1720,858597,0,geod_dist_to_target,5,22.512728678209026
33764.44,COL-max-Corr,412,7427,858597,0,geod_dist_to_target,6,6.825112936176652
33764.44,COL-max-Corr,412,4003,858597,0,geod_dist_to_target,7,1.1498408316314779
33764.44,COL-max-Corr,412,4003,858597,0,geod_dist_to_target,8,1.1498408316314779
33764.44,COL-max-Corr,412,10154,858597,0,geod_dist_to_target,9,24.302852678223648
33764.44,COL-max-Corr,412,5784,858597,0,geod_dist_to_target,10,0.6092214683359353
33764.44,COL-max-Corr,412,5784,858597,0,geod_dist_to_target,11,0.6092214683359353
33764.44,COL-max-Corr,412,4003,858597,0,geod_dist_to_target,12,1.1498408316314779
33764.44,COL-max-Corr,412,4003,858597,0,geod_dist_to_target,13,1.1498408316314779
33764.44,COL-max-Corr,412,905,858597,0,geod_dist_to_target,14,2.3727809671522624
33764.44,COL-max-Corr,412,905,858597,0,geod_dist_to_target,15,2.3727809671522624
33764.44,COL-max-Corr,412,905,858597,0,geod_dist_to_target,16,2.3727809671522624
33764.44,COL-max-Corr,412,5784,858597,0,geod_dist_to_target,17,0.6092214683359353
33764.44,COL-max-Corr,412,4003,858597,0,geod_dist_to_target,18,1.1498408316314779
33764.44,COL-max-Corr,412,4003,858597,0,geod_dist_to_target,19,1.1498408316314779
33764.44,COL-max-Corr,412,4003,858597,0,geod_dist_to_target,20,1.1498408316314779
33764.44,COL-max-Corr,412,5784,858597,0,geod_dist_to_target,22,0.6092214683359353
33764.44,COL-max-Corr,412,412,858597,0,geod_dist_to_target,24,0.0
33764.44,COL-max-Corr,412,1951,858597,0,geod_dist_to_target,26,0.2901684246817361
33764.44,COL-max-Corr,412,1951,858597,0,geod_dist_to_target,28,0.2901684246817361
33764.44,COL-max-Corr,412,1951,858597,0,geod_dist_to_target,30,0.2901684246817361
33764.44,COL-max-Corr,412,4003,858597,0,geod_dist_to_target,32,1.1498408316314779
33764.44,COL-max-Corr,412,1951,858597,0,geod_dist_to_target,34,0.2901684246817361
33764.44,COL-max-Corr,412,1951,858597,0,geod_dist_to_target,36,0.2901684246817361
33764.44,COL-max-Corr,412,1951,858597,0,geod_dist_to_target,38,0.2901684246817361
33764.44,COL-max-Corr,412,1951,858597,0,geod_dist_to_target,40,0.2901684246817361
33764.44,COL-max-Corr,412,1951,858597,0,geod_dist_to_target,42,0.2901684246817361
33764.44,COL-max-Corr,412,5784,858597,0,geod_dist_to_target,44,0.6092214683359353
33764.44,COL-max-Corr,412,1951,858597,0,geod_dist_to_target,46,0.2901684246817361
33764.44,COL-max-Corr,412,1951,858597,0,geod_dist_to_target,48,0.2901684246817361
33764.44,COL-max-Corr,412,1951,858597,0,geod_dist_to_target,50,0.2901684246817361
33764.44,COL-max-Corr,412,1951,858597,0,geod_dist_to_target,55,0.2901684246817361
33764.44,COL-max-Corr,412,1951,858597,0,geod_dist_to_target,60,0.2901684246817361
33764.44,COL-max-Corr,412,1951,858597,0,geod_dist_to_target,65,0.2901684246817361
33764.44,COL-max-Corr,412,1951,858597,0,geod_dist_to_target,70,0.2901684246817361
33764.44,COL-max-Corr,412,1951,858597,0,geod_dist_to_target,75,0.2901684246817361
33764.44,COL-max-Corr,412,1951,858597,0,geod_dist_to_target,80,0.2901684246817361
33764.44,COL-max-Corr,412,1951,858597,0,geod_dist_to_target,85,0.2901684246817361
33764.44,COL-max-Corr,412,1951,858597,0,geod_dist_to_target,90,0.2901684246817361
33764.44,COL-max-Corr,412,1951,858597,0,geod_dist_to_target,95,0.2901684246817361
33764.44,COL-max-Corr,412,1951,858597,0,geod_dist_to_target,100,0.2901684246817361
33764.44,COL-max-Corr,412,6762,85945,0,geod_dist_to_target,5,12.717716308352108
33764.44,COL-max-Corr,412,11388,85945,0,geod_dist_to_target,6,29.872878554151814
33764.44,COL-max-Corr,412,9070,85945,0,geod_dist_to_target,7,35.48142558139768
33764.44,COL-max-Corr,412,5660,85945,0,geod_dist_to_target,8,3.537907141356157
33764.44,COL-max-Corr,412,5779,85945,0,geod_dist_to_target,9,1.8168029260748115
33764.44,COL-max-Corr,412,2852,85945,0,geod_dist_to_target,10,24.553752933200517
33764.44,COL-max-Corr,412,6601,85945,0,geod_dist_to_target,11,14.466376223104016
33764.44,COL-max-Corr,412,10803,85945,0,geod_dist_to_target,12,1.0974423369038628
33764.44,COL-max-Corr,412,2563,85945,0,geod_dist_to_target,13,0.5873768680531021
33764.44,COL-max-Corr,412,2563,85945,0,geod_dist_to_target,14,0.5873768680531021
33764.44,COL-max-Corr,412,2563,85945,0,geod_dist_to_target,15,0.5873768680531021
33764.44,COL-max-Corr,412,2563,85945,0,geod_dist_to_target,16,0.5873768680531021
33764.44,COL-max-Corr,412,8577,85945,0,geod_dist_to_target,17,2.260220419152611
33764.44,COL-max-Corr,412,8577,85945,0,geod_dist_to_target,18,2.260220419152611
33764.44,COL-max-Corr,412,8577,85945,0,geod_dist_to_target,19,2.260220419152611
33764.44,COL-max-Corr,412,8577,85945,0,geod_dist_to_target,20,2.260220419152611
33764.44,COL-max-Corr,412,8577,85945,0,geod_dist_to_target,22,2.260220419152611
33764.44,COL-max-Corr,412,8577,85945,0,geod_dist_to_target,24,2.260220419152611
33764.44,COL-max-Corr,412,8577,85945,0,geod_dist_to_target,26,2.260220419152611
33764.44,COL-max-Corr,412,2563,85945,0,geod_dist_to_target,28,0.5873768680531021
33764.44,COL-max-Corr,412,2563,85945,0,geod_dist_to_target,30,0.5873768680531021
33764.44,COL-max-Corr,412,412,85945,0,geod_dist_to_target,32,0.0
33764.44,COL-max-Corr,412,412,85945,0,geod_dist_to_target,34,0.0
33764.44,COL-max-Corr,412,412,85945,0,geod_dist_to_target,36,0.0
33764.44,COL-max-Corr,412,412,85945,0,geod_dist_to_target,38,0.0
33764.44,COL-max-Corr,412,412,85945,0,geod_dist_to_target,40,0.0
33764.44,COL-max-Corr,412,412,85945,0,geod_dist_to_target,42,0.0
33764.44,COL-max-Corr,412,412,85945,0,geod_dist_to_target,44,0.0
33764.44,COL-max-Corr,412,412,85945,0,geod_dist_to_target,46,0.0
33764.44,COL-max-Corr,412,2563,85945,0,geod_dist_to_target,48,0.5873768680531021
33764.44,COL-max-Corr,412,2563,85945,0,geod_dist_to_target,50,0.5873768680531021
33764.44,COL-max-Corr,412,2563,85945,0,geod_dist_to_target,55,0.5873768680531021
33764.44,COL-max-Corr,412,2563,85945,0,geod_dist_to_target,60,0.5873768680531021
33764.44,COL-max-Corr,412,412,85945,0,geod_dist_to_target,65,0.0
33764.44,COL-max-Corr,412,412,85945,0,geod_dist_to_target,70,0.0
33764.44,COL-max-Corr,412,412,85945,0,geod_dist_to_target,75,0.0
33764.44,COL-max-Corr,412,2563,85945,0,geod_dist_to_target,80,0.5873768680531021
33764.44,COL-max-Corr,412,412,85945,0,geod_dist_to_target,85,0.0
33764.44,COL-max-Corr,412,412,85945,0,geod_dist_to_target,90,0.0
33764.44,COL-max-Corr,412,412,85945,0,geod_dist_to_target,95,0.0
33764.44,COL-max-Corr,412,412,85945,0,geod_dist_to_target,100,0.0
33764.44,COL-max-Corr,412,7877,697368,0,geod_dist_to_target,5,24.666585257331672
33764.44,COL-max-Corr,412,4502,697368,0,geod_dist_to_target,6,25.21391711198515
33764.44,COL-max-Corr,412,4136,697368,0,geod_dist_to_target,7,24.361232981532847
33764.44,COL-max-Corr,412,4136,697368,0,geod_dist_to_target,8,24.361232981532847
33764.44,COL-max-Corr,412,2226,697368,0,geod_dist_to_target,9,25.918885458955618
33764.44,COL-max-Corr,412,5661,697368,0,geod_dist_to_target,10,3.446025196209708
33764.44,COL-max-Corr,412,8079,697368,0,geod_dist_to_target,11,3.0335556223761944
33764.44,COL-max-Corr,412,8079,697368,0,geod_dist_to_target,12,3.0335556223761944
33764.44,COL-max-Corr,412,8079,697368,0,geod_dist_to_target,13,3.0335556223761944
33764.44,COL-max-Corr,412,905,697368,0,geod_dist_to_target,14,2.3727809671522624
33764.44,COL-max-Corr,412,905,697368,0,geod_dist_to_target,15,2.3727809671522624
33764.44,COL-max-Corr,412,905,697368,0,geod_dist_to_target,16,2.3727809671522624
33764.44,COL-max-Corr,412,9342,697368,0,geod_dist_to_target,17,1.2981081922744464
33764.44,COL-max-Corr,412,9342,697368,0,geod_dist_to_target,18,1.2981081922744464
33764.44,COL-max-Corr,412,9342,697368,0,geod_dist_to_target,19,1.2981081922744464
33764.44,COL-max-Corr,412,9342,697368,0,geod_dist_to_target,20,1.2981081922744464
33764.44,COL-max-Corr,412,1027,697368,0,geod_dist_to_target,22,1.9053800141054464
33764.44,COL-max-Corr,412,9342,697368,0,geod_dist_to_target,24,1.2981081922744464
33764.44,COL-max-Corr,412,9342,697368,0,geod_dist_to_target,26,1.2981081922744464
33764.44,COL-max-Corr,412,5953,697368,0,geod_dist_to_target,28,0.27150774923821874
33764.44,COL-max-Corr,412,5920,697368,0,geod_dist_to_target,30,0.5601873444409661
33764.44,COL-max-Corr,412,2733,697368,0,geod_dist_to_target,32,1.0461684241816511
33764.44,COL-max-Corr,412,5920,697368,0,geod_dist_to_target,34,0.5601873444409661
33764.44,COL-max-Corr,412,5920,697368,0,geod_dist_to_target,36,0.5601873444409661
33764.44,COL-max-Corr,412,5953,697368,0,geod_dist_to_target,38,0.27150774923821874
33764.44,COL-max-Corr,412,5953,697368,0,geod_dist_to_target,40,0.27150774923821874
33764.44,COL-max-Corr,412,5953,697368,0,geod_dist_to_target,42,0.27150774923821874
33764.44,COL-max-Corr,412,5953,697368,0,geod_dist_to_target,44,0.27150774923821874
33764.44,COL-max-Corr,412,5953,697368,0,geod_dist_to_target,46,0.27150774923821874
33764.44,COL-max-Corr,412,5953,697368,0,geod_dist_to_target,48,0.27150774923821874
33764.44,COL-max-Corr,412,5953,697368,0,geod_dist_to_target,50,0.27150774923821874
33764.44,COL-max-Corr,412,5953,697368,0,geod_dist_to_target,55,0.27150774923821874
33764.44,COL-max-Corr,412,5953,697368,0,geod_dist_to_target,60,0.27150774923821874
33764.44,COL-max-Corr,412,5953,697368,0,geod_dist_to_target,65,0.27150774923821874
33764.44,COL-max-Corr,412,5953,697368,0,geod_dist_to_target,70,0.27150774923821874
33764.44,COL-max-Corr,412,5953,697368,0,geod_dist_to_target,75,0.27150774923821874
33764.44,COL-max-Corr,412,5953,697368,0,geod_dist_to_target,80,0.27150774923821874
33764.44,COL-max-Corr,412,5953,697368,0,geod_dist_to_target,85,0.27150774923821874
33764.44,COL-max-Corr,412,5953,697368,0,geod_dist_to_target,90,0.27150774923821874
33764.44,COL-max-Corr,412,5953,697368,0,geod_dist_to_target,95,0.27150774923821874
33764.44,COL-max-Corr,412,5953,697368,0,geod_dist_to_target,100,0.27150774923821874
33764.44,COL-max-Corr,412,1712,201469,0,geod_dist_to_target,5,20.410998941080262
33764.44,COL-max-Corr,412,7657,201469,0,geod_dist_to_target,6,25.00579307882597
33764.44,COL-max-Corr,412,11297,201469,0,geod_dist_to_target,7,13.51722203100953
33764.44,COL-max-Corr,412,11645,201469,0,geod_dist_to_target,8,27.15621396340732
33764.44,COL-max-Corr,412,11645,201469,0,geod_dist_to_target,9,27.15621396340732
33764.44,COL-max-Corr,412,12178,201469,0,geod_dist_to_target,10,10.69959642748612
33764.44,COL-max-Corr,412,12178,201469,0,geod_dist_to_target,11,10.69959642748612
33764.44,COL-max-Corr,412,2059,201469,0,geod_dist_to_target,12,25.368961108104997
33764.44,COL-max-Corr,412,6587,201469,0,geod_dist_to_target,13,11.13803308618486
33764.44,COL-max-Corr,412,6857,201469,0,geod_dist_to_target,14,3.7935334419752738
33764.44,COL-max-Corr,412,6857,201469,0,geod_dist_to_target,15,3.7935334419752738
33764.44,COL-max-Corr,412,6857,201469,0,geod_dist_to_target,16,3.7935334419752738
33764.44,COL-max-Corr,412,10418,201469,0,geod_dist_to_target,17,4.0990912158700885
33764.44,COL-max-Corr,412,10418,201469,0,geod_dist_to_target,18,4.0990912158700885
33764.44,COL-max-Corr,412,10418,201469,0,geod_dist_to_target,19,4.0990912158700885
33764.44,COL-max-Corr,412,10418,201469,0,geod_dist_to_target,20,4.0990912158700885
33764.44,COL-max-Corr,412,6399,201469,0,geod_dist_to_target,22,2.863846359368136
33764.44,COL-max-Corr,412,5784,201469,0,geod_dist_to_target,24,0.6092214683359353
33764.44,COL-max-Corr,412,5784,201469,0,geod_dist_to_target,26,0.6092214683359353
33764.44,COL-max-Corr,412,5784,201469,0,geod_dist_to_target,28,0.6092214683359353
33764.44,COL-max-Corr,412,5784,201469,0,geod_dist_to_target,30,0.6092214683359353
33764.44,COL-max-Corr,412,5784,201469,0,geod_dist_to_target,32,0.6092214683359353
33764.44,COL-max-Corr,412,6399,201469,0,geod_dist_to_target,34,2.863846359368136
33764.44,COL-max-Corr,412,5784,201469,0,geod_dist_to_target,36,0.6092214683359353
33764.44,COL-max-Corr,412,5784,201469,0,geod_dist_to_target,38,0.6092214683359353
33764.44,COL-max-Corr,412,6399,201469,0,geod_dist_to_target,40,2.863846359368136
33764.44,COL-max-Corr,412,6389,201469,0,geod_dist_to_target,42,2.3435597772822105
33764.44,COL-max-Corr,412,5784,201469,0,geod_dist_to_target,44,0.6092214683359353
33764.44,COL-max-Corr,412,6389,201469,0,geod_dist_to_target,46,2.3435597772822105
33764.44,COL-max-Corr,412,6389,201469,0,geod_dist_to_target,48,2.3435597772822105
33764.44,COL-max-Corr,412,6399,201469,0,geod_dist_to_target,50,2.863846359368136
33764.44,COL-max-Corr,412,6389,201469,0,geod_dist_to_target,55,2.3435597772822105
33764.44,COL-max-Corr,412,6389,201469,0,geod_dist_to_target,60,2.3435597772822105
33764.44,COL-max-Corr,412,6389,201469,0,geod_dist_to_target,65,2.3435597772822105
33764.44,COL-max-Corr,412,6389,201469,0,geod_dist_to_target,70,2.3435597772822105
33764.44,COL-max-Corr,412,6389,201469,0,geod_dist_to_target,75,2.3435597772822105
33764.44,COL-max-Corr,412,6389,201469,0,geod_dist_to_target,80,2.3435597772822105
33764.44,COL-max-Corr,412,6389,201469,0,geod_dist_to_target,85,2.3435597772822105
33764.44,COL-max-Corr,412,6389,201469,0,geod_dist_to_target,90,2.3435597772822105
33764.44,COL-max-Corr,412,6389,201469,0,geod_dist_to_target,95,2.3435597772822105
33764.44,COL-max-Corr,412,6389,201469,0,geod_dist_to_target,100,2.3435597772822105
33764.44,COL-max-Corr,412,12479,94177,0,geod_dist_to_target,5,38.38672210411523
33764.44,COL-max-Corr,412,7427,94177,0,geod_dist_to_target,6,6.825112936176652
33764.44,COL-max-Corr,412,5784,94177,0,geod_dist_to_target,7,0.6092214683359353
33764.44,COL-max-Corr,412,8577,94177,0,geod_dist_to_target,8,2.260220419152611
33764.44,COL-max-Corr,412,8577,94177,0,geod_dist_to_target,9,2.260220419152611
33764.44,COL-max-Corr,412,8577,94177,0,geod_dist_to_target,10,2.260220419152611
33764.44,COL-max-Corr,412,7621,94177,0,geod_dist_to_target,11,22.09164360904217
33764.44,COL-max-Corr,412,10802,94177,0,geod_dist_to_target,12,20.690470623601236
33764.44,COL-max-Corr,412,10802,94177,0,geod_dist_to_target,13,20.690470623601236
33764.44,COL-max-Corr,412,4727,94177,0,geod_dist_to_target,14,20.154059975800106
33764.44,COL-max-Corr,412,10802,94177,0,geod_dist_to_target,15,20.690470623601236
33764.44,COL-max-Corr,412,7463,94177,0,geod_dist_to_target,16,20.160260522980877
33764.44,COL-max-Corr,412,12146,94177,0,geod_dist_to_target,17,1.6445521054628263
33764.44,COL-max-Corr,412,12146,94177,0,geod_dist_to_target,18,1.6445521054628263
33764.44,COL-max-Corr,412,12146,94177,0,geod_dist_to_target,19,1.6445521054628263
33764.44,COL-max-Corr,412,12146,94177,0,geod_dist_to_target,20,1.6445521054628263
33764.44,COL-max-Corr,412,12146,94177,0,geod_dist_to_target,22,1.6445521054628263
33764.44,COL-max-Corr,412,12146,94177,0,geod_dist_to_target,24,1.6445521054628263
33764.44,COL-max-Corr,412,12146,94177,0,geod_dist_to_target,26,1.6445521054628263
33764.44,COL-max-Corr,412,9444,94177,0,geod_dist_to_target,28,0.6570037015080127
33764.44,COL-max-Corr,412,12146,94177,0,geod_dist_to_target,30,1.6445521054628263
33764.44,COL-max-Corr,412,9444,94177,0,geod_dist_to_target,32,0.6570037015080127
33764.44,COL-max-Corr,412,4003,94177,0,geod_dist_to_target,34,1.1498408316314779
33764.44,COL-max-Corr,412,5784,94177,0,geod_dist_to_target,36,0.6092214683359353
33764.44,COL-max-Corr,412,5953,94177,0,geod_dist_to_target,38,0.27150774923821874
33764.44,COL-max-Corr,412,5953,94177,0,geod_dist_to_target,40,0.27150774923821874
33764.44,COL-max-Corr,412,5953,94177,0,geod_dist_to_target,42,0.27150774923821874
33764.44,COL-max-Corr,412,412,94177,0,geod_dist_to_target,44,0.0
33764.44,COL-max-Corr,412,5784,94177,0,geod_dist_to_target,46,0.6092214683359353
33764.44,COL-max-Corr,412,5784,94177,0,geod_dist_to_target,48,0.6092214683359353
33764.44,COL-max-Corr,412,5784,94177,0,geod_dist_to_target,50,0.6092214683359353
33764.44,COL-max-Corr,412,5784,94177,0,geod_dist_to_target,55,0.6092214683359353
33764.44,COL-max-Corr,412,5784,94177,0,geod_dist_to_target,60,0.6092214683359353
33764.44,COL-max-Corr,412,4003,94177,0,geod_dist_to_target,65,1.1498408316314779
33764.44,COL-max-Corr,412,5784,94177,0,geod_dist_to_target,70,0.6092214683359353
33764.44,COL-max-Corr,412,5784,94177,0,geod_dist_to_target,75,0.6092214683359353
33764.44,COL-max-Corr,412,5784,94177,0,geod_dist_to_target,80,0.6092214683359353
33764.44,COL-max-Corr,412,5784,94177,0,geod_dist_to_target,85,0.6092214683359353
33764.44,COL-max-Corr,412,412,94177,0,geod_dist_to_target,90,0.0
33764.44,COL-max-Corr,412,412,94177,0,geod_dist_to_target,95,0.0
33764.44,COL-max-Corr,412,412,94177,0,geod_dist_to_target,100,0.0
33764.44,ROW-mean-ED,412,3994,89250,0,geod_dist_to_target,5,23.878200660534677
33764.44,ROW-mean-ED,412,5884,89250,0,geod_dist_to_target,6,0.689277357296162
33764.44,ROW-mean-ED,412,1951,89250,0,geod_dist_to_target,7,0.2901684246817361
33764.44,ROW-mean-ED,412,1951,89250,0,geod_dist_to_target,8,0.2901684246817361
33764.44,ROW-mean-ED,412,1951,89250,0,geod_dist_to_target,9,0.2901684246817361
33764.44,ROW-mean-ED,412,5953,89250,0,geod_dist_to_target,10,0.27150774923821874
33764.44,ROW-mean-ED,412,5953,89250,0,geod_dist_to_target,11,0.27150774923821874
33764.44,ROW-mean-ED,412,5784,89250,0,geod_dist_to_target,12,0.6092214683359353
33764.44,ROW-mean-ED,412,5784,89250,0,geod_dist_to_target,13,0.6092214683359353
33764.44,ROW-mean-ED,412,5784,89250,0,geod_dist_to_target,14,0.6092214683359353
33764.44,ROW-mean-ED,412,9444,89250,0,geod_dist_to_target,15,0.6570037015080127
33764.44,ROW-mean-ED,412,9444,89250,0,geod_dist_to_target,16,0.6570037015080127
33764.44,ROW-mean-ED,412,9444,89250,0,geod_dist_to_target,17,0.6570037015080127
33764.44,ROW-mean-ED,412,9444,89250,0,geod_dist_to_target,18,0.6570037015080127
33764.44,ROW-mean-ED,412,9444,89250,0,geod_dist_to_target,19,0.6570037015080127
33764.44,ROW-mean-ED,412,9444,89250,0,geod_dist_to_target,20,0.6570037015080127
33764.44,ROW-mean-ED,412,1951,89250,0,geod_dist_to_target,22,0.2901684246817361
33764.44,ROW-mean-ED,412,1951,89250,0,geod_dist_to_target,24,0.2901684246817361
33764.44,ROW-mean-ED,412,1951,89250,0,geod_dist_to_target,26,0.2901684246817361
33764.44,ROW-mean-ED,412,412,89250,0,geod_dist_to_target,28,0.0
33764.44,ROW-mean-ED,412,5784,89250,0,geod_dist_to_target,30,0.6092214683359353
33764.44,ROW-mean-ED,412,5784,89250,0,geod_dist_to_target,32,0.6092214683359353
33764.44,ROW-mean-ED,412,412,89250,0,geod_dist_to_target,34,0.0
33764.44,ROW-mean-ED,412,412,89250,0,geod_dist_to_target,36,0.0
33764.44,ROW-mean-ED,412,412,89250,0,geod_dist_to_target,38,0.0
33764.44,ROW-mean-ED,412,412,89250,0,geod_dist_to_target,40,0.0
33764.44,ROW-mean-ED,412,412,89250,0,geod_dist_to_target,42,0.0
33764.44,ROW-mean-ED,412,412,89250,0,geod_dist_to_target,44,0.0
33764.44,ROW-mean-ED,412,5784,89250,0,geod_dist_to_target,46,0.6092214683359353
33764.44,ROW-mean-ED,412,412,89250,0,geod_dist_to_target,48,0.0
33764.44,ROW-mean-ED,412,5784,89250,0,geod_dist_to_target,50,0.6092214683359353
33764.44,ROW-mean-ED,412,5784,89250,0,geod_dist_to_target,55,0.6092214683359353
33764.44,ROW-mean-ED,412,5784,89250,0,geod_dist_to_target,60,0.6092214683359353
33764.44,ROW-mean-ED,412,5784,89250,0,geod_dist_to_target,65,0.6092214683359353
33764.44,ROW-mean-ED,412,5953,89250,0,geod_dist_to_target,70,0.27150774923821874
33764.44,ROW-mean-ED,412,412,89250,0,geod_dist_to_target,75,0.0
33764.44,ROW-mean-ED,412,5953,89250,0,geod_dist_to_target,80,0.27150774923821874
33764.44,ROW-mean-ED,412,5953,89250,0,geod_dist_to_target,85,0.27150774923821874
33764.44,ROW-mean-ED,412,5953,89250,0,geod_dist_to_target,90,0.27150774923821874
33764.44,ROW-mean-ED,412,5953,89250,0,geod_dist_to_target,95,0.27150774923821874
33764.44,ROW-mean-ED,412,412,89250,0,geod_dist_to_target,100,0.0
33764.44,ROW-mean-ED,412,4882,773956,0,geod_dist_to_target,5,24.01768995240343
33764.44,ROW-mean-ED,412,2563,773956,0,geod_dist_to_target,6,0.5873768680531021
33764.44,ROW-mean-ED,412,2563,773956,0,geod_dist_to_target,7,0.5873768680531021
33764.44,ROW-mean-ED,412,2563,773956,0,geod_dist_to_target,8,0.5873768680531021
33764.44,ROW-mean-ED,412,2563,773956,0,geod_dist_to_target,9,0.5873768680531021
33764.44,ROW-mean-ED,412,2563,773956,0,geod_dist_to_target,10,0.5873768680531021
33764.44,ROW-mean-ED,412,2563,773956,0,geod_dist_to_target,11,0.5873768680531021
33764.44,ROW-mean-ED,412,2563,773956,0,geod_dist_to_target,12,0.5873768680531021
33764.44,ROW-mean-ED,412,2563,773956,0,geod_dist_to_target,13,0.5873768680531021
33764.44,ROW-mean-ED,412,2563,773956,0,geod_dist_to_target,14,0.5873768680531021
33764.44,ROW-mean-ED,412,2563,773956,0,geod_dist_to_target,15,0.5873768680531021
33764.44,ROW-mean-ED,412,2563,773956,0,geod_dist_to_target,16,0.5873768680531021
33764.44,ROW-mean-ED,412,2563,773956,0,geod_dist_to_target,17,0.5873768680531021
33764.44,ROW-mean-ED,412,2563,773956,0,geod_dist_to_target,18,0.5873768680531021
33764.44,ROW-mean-ED,412,2563,773956,0,geod_dist_to_target,19,0.5873768680531021
33764.44,ROW-mean-ED,412,2563,773956,0,geod_dist_to_target,20,0.5873768680531021
33764.44,ROW-mean-ED,412,412,773956,0,geod_dist_to_target,22,0.0
33764.44,ROW-mean-ED,412,412,773956,0,geod_dist_to_target,24,0.0
33764.44,ROW-mean-ED,412,2563,773956,0,geod_dist_to_target,26,0.5873768680531021
33764.44,ROW-mean-ED,412,1951,773956,0,geod_dist_to_target,28,0.2901684246817361
33764.44,ROW-mean-ED,412,1951,773956,0,geod_dist_to_target,30,0.2901684246817361
33764.44,ROW-mean-ED,412,1951,773956,0,geod_dist_to_target,32,0.2901684246817361
33764.44,ROW-mean-ED,412,1951,773956,0,geod_dist_to_target,34,0.2901684246817361
33764.44,ROW-mean-ED,412,1951,773956,0,geod_dist_to_target,36,0.2901684246817361
33764.44,ROW-mean-ED,412,5884,773956,0,geod_dist_to_target,38,0.689277357296162
33764.44,ROW-mean-ED,412,1951,773956,0,geod_dist_to_target,40,0.2901684246817361
33764.44,ROW-mean-ED,412,1951,773956,0,geod_dist_to_target,42,0.2901684246817361
33764.44,ROW-mean-ED,412,1951,773956,0,geod_dist_to_target,44,0.2901684246817361
33764.44,ROW-mean-ED,412,1951,773956,0,geod_dist_to_target,46,0.2901684246817361
33764.44,ROW-mean-ED,412,1951,773956,0,geod_dist_to_target,48,0.2901684246817361
33764.44,ROW-mean-ED,412,1951,773956,0,geod_dist_to_target,50,0.2901684246817361
33764.44,ROW-mean-ED,412,1951,773956,0,geod_dist_to_target,55,0.2901684246817361
33764.44,ROW-mean-ED,412,1951,773956,0,geod_dist_to_target,60,0.2901684246817361
33764.44,ROW-mean-ED,412,2563,773956,0,geod_dist_to_target,65,0.5873768680531021
33764.44,ROW-mean-ED,412,2563,773956,0,geod_dist_to_target,70,0.5873768680531021
33764.44,ROW-mean-ED,412,1951,773956,0,geod_dist_to_target,75,0.2901684246817361
33764.44,ROW-mean-ED,412,1951,773956,0,geod_dist_to_target,80,0.2901684246817361
33764.44,ROW-mean-ED,412,1951,773956,0,geod_dist_to_target,85,0.2901684246817361
33764.44,ROW-mean-ED,412,1951,773956,0,geod_dist_to_target,90,0.2901684246817361
33764.44,ROW-mean-ED,412,412,773956,0,geod_dist_to_target,95,0.0
33764.44,ROW-mean-ED,412,412,773956,0,geod_dist_to_target,100,0.0
33764.44,ROW-mean-ED,412,4882,654571,0,geod_dist_to_target,5,24.01768995240343
33764.44,ROW-mean-ED,412,636,654571,0,geod_dist_to_target,6,1.640648713393917
33764.44,ROW-mean-ED,412,636,654571,0,geod_dist_to_target,7,1.640648713393917
33764.44,ROW-mean-ED,412,9237,654571,0,geod_dist_to_target,8,1.478273039235452
33764.44,ROW-mean-ED,412,9237,654571,0,geod_dist_to_target,9,1.478273039235452
33764.44,ROW-mean-ED,412,636,654571,0,geod_dist_to_target,10,1.640648713393917
33764.44,ROW-mean-ED,412,636,654571,0,geod_dist_to_target,11,1.640648713393917
33764.44,ROW-mean-ED,412,636,654571,0,geod_dist_to_target,12,1.640648713393917
33764.44,ROW-mean-ED,412,636,654571,0,geod_dist_to_target,13,1.640648713393917
33764.44,ROW-mean-ED,412,636,654571,0,geod_dist_to_target,14,1.640648713393917
33764.44,ROW-mean-ED,412,636,654571,0,geod_dist_to_target,15,1.640648713393917
33764.44,ROW-mean-ED,412,636,654571,0,geod_dist_to_target,16,1.640648713393917
33764.44,ROW-mean-ED,412,636,654571,0,geod_dist_to_target,17,1.640648713393917
33764.44,ROW-mean-ED,412,636,654571,0,geod_dist_to_target,18,1.640648713393917
33764.44,ROW-mean-ED,412,636,654571,0,geod_dist_to_target,19,1.640648713393917
33764.44,ROW-mean-ED,412,636,654571,0,geod_dist_to_target,20,1.640648713393917
33764.44,ROW-mean-ED,412,2563,654571,0,geod_dist_to_target,22,0.5873768680531021
33764.44,ROW-mean-ED,412,2563,654571,0,geod_dist_to_target,24,0.5873768680531021
33764.44,ROW-mean-ED,412,2563,654571,0,geod_dist_to_target,26,0.5873768680531021
33764.44,ROW-mean-ED,412,6159,654571,0,geod_dist_to_target,28,0.2403591873568953
33764.44,ROW-mean-ED,412,6159,654571,0,geod_dist_to_target,30,0.2403591873568953
33764.44,ROW-mean-ED,412,6159,654571,0,geod_dist_to_target,32,0.2403591873568953
33764.44,ROW-mean-ED,412,2563,654571,0,geod_dist_to_target,34,0.5873768680531021
33764.44,ROW-mean-ED,412,2563,654571,0,geod_dist_to_target,36,0.5873768680531021
33764.44,ROW-mean-ED,412,2563,654571,0,geod_dist_to_target,38,0.5873768680531021
33764.44,ROW-mean-ED,412,2563,654571,0,geod_dist_to_target,40,0.5873768680531021
33764.44,ROW-mean-ED,412,2563,654571,0,geod_dist_to_target,42,0.5873768680531021
33764.44,ROW-mean-ED,412,2563,654571,0,geod_dist_to_target,44,0.5873768680531021
33764.44,ROW-mean-ED,412,2563,654571,0,geod_dist_to_target,46,0.5873768680531021
33764.44,ROW-mean-ED,412,2563,654571,0,geod_dist_to_target,48,0.5873768680531021
33764.44,ROW-mean-ED,412,2563,654571,0,geod_dist_to_target,50,0.5873768680531021
33764.44,ROW-mean-ED,412,2563,654571,0,geod_dist_to_target,55,0.5873768680531021
33764.44,ROW-mean-ED,412,2563,654571,0,geod_dist_to_target,60,0.5873768680531021
33764.44,ROW-mean-ED,412,2563,654571,0,geod_dist_to_target,65,0.5873768680531021
33764.44,ROW-mean-ED,412,2563,654571,0,geod_dist_to_target,70,0.5873768680531021
33764.44,ROW-mean-ED,412,2563,654571,0,geod_dist_to_target,75,0.5873768680531021
33764.44,ROW-mean-ED,412,2563,654571,0,geod_dist_to_target,80,0.5873768680531021
33764.44,ROW-mean-ED,412,2563,654571,0,geod_dist_to_target,85,0.5873768680531021
33764.44,ROW-mean-ED,412,2563,654571,0,geod_dist_to_target,90,0.5873768680531021
33764.44,ROW-mean-ED,412,2563,654571,0,geod_dist_to_target,95,0.5873768680531021
33764.44,ROW-mean-ED,412,6159,654571,0,geod_dist_to_target,100,0.2403591873568953
33764.44,ROW-mean-ED,412,3837,438878,0,geod_dist_to_target,5,23.675229885394412
33764.44,ROW-mean-ED,412,10886,438878,0,geod_dist_to_target,6,1.2376865134793835
33764.44,ROW-mean-ED,412,1447,438878,0,geod_dist_to_target,7,0.6324281012816914
33764.44,ROW-mean-ED,412,1447,438878,0,geod_dist_to_target,8,0.6324281012816914
33764.44,ROW-mean-ED,412,1447,438878,0,geod_dist_to_target,9,0.6324281012816914
33764.44,ROW-mean-ED,412,1447,438878,0,geod_dist_to_target,10,0.6324281012816914
33764.44,ROW-mean-ED,412,1447,438878,0,geod_dist_to_target,11,0.6324281012816914
33764.44,ROW-mean-ED,412,1447,438878,0,geod_dist_to_target,12,0.6324281012816914
33764.44,ROW-mean-ED,412,1447,438878,0,geod_dist_to_target,13,0.6324281012816914
33764.44,ROW-mean-ED,412,1447,438878,0,geod_dist_to_target,14,0.6324281012816914
33764.44,ROW-mean-ED,412,1447,438878,0,geod_dist_to_target,15,0.6324281012816914
33764.44,ROW-mean-ED,412,1447,438878,0,geod_dist_to_target,16,0.6324281012816914
33764.44,ROW-mean-ED,412,1951,438878,0,geod_dist_to_target,17,0.2901684246817361
33764.44,ROW-mean-ED,412,1951,438878,0,geod_dist_to_target,18,0.2901684246817361
33764.44,ROW-mean-ED,412,1951,438878,0,geod_dist_to_target,19,0.2901684246817361
33764.44,ROW-mean-ED,412,1951,438878,0,geod_dist_to_target,20,0.2901684246817361
33764.44,ROW-mean-ED,412,1951,438878,0,geod_dist_to_target,22,0.2901684246817361
33764.44,ROW-mean-ED,412,1951,438878,0,geod_dist_to_target,24,0.2901684246817361
33764.44,ROW-mean-ED,412,1951,438878,0,geod_dist_to_target,26,0.2901684246817361
33764.44,ROW-mean-ED,412,5949,438878,0,geod_dist_to_target,28,0.6094584070920324
33764.44,ROW-mean-ED,412,5949,438878,0,geod_dist_to_target,30,0.6094584070920324
33764.44,ROW-mean-ED,412,5949,438878,0,geod_dist_to_target,32,0.6094584070920324
33764.44,ROW-mean-ED,412,5949,438878,0,geod_dist_to_target,34,0.6094584070920324
33764.44,ROW-mean-ED,412,5949,438878,0,geod_dist_to_target,36,0.6094584070920324
33764.44,ROW-mean-ED,412,1951,438878,0,geod_dist_to_target,38,0.2901684246817361
33764.44,ROW-mean-ED,412,1951,438878,0,geod_dist_to_target,40,0.2901684246817361
33764.44,ROW-mean-ED,412,1951,438878,0,geod_dist_to_target,42,0.2901684246817361
33764.44,ROW-mean-ED,412,1951,438878,0,geod_dist_to_target,44,0.2901684246817361
33764.44,ROW-mean-ED,412,1951,438878,0,geod_dist_to_target,46,0.2901684246817361
33764.44,ROW-mean-ED,412,412,438878,0,geod_dist_to_target,48,0.0
33764.44,ROW-mean-ED,412,412,438878,0,geod_dist_to_target,50,0.0
33764.44,ROW-mean-ED,412,412,438878,0,geod_dist_to_target,55,0.0
33764.44,ROW-mean-ED,412,1951,438878,0,geod_dist_to_target,60,0.2901684246817361
33764.44,ROW-mean-ED,412,1951,438878,0,geod_dist_to_target,65,0.2901684246817361
33764.44,ROW-mean-ED,412,1951,438878,0,geod_dist_to_target,70,0.2901684246817361
33764.44,ROW-mean-ED,412,412,438878,0,geod_dist_to_target,75,0.0
33764.44,ROW-mean-ED,412,412,438878,0,geod_dist_to_target,80,0.0
33764.44,ROW-mean-ED,412,412,438878,0,geod_dist_to_target,85,0.0
33764.44,ROW-mean-ED,412,412,438878,0,geod_dist_to_target,90,0.0
33764.44,ROW-mean-ED,412,1951,438878,0,geod_dist_to_target,95,0.2901684246817361
33764.44,ROW-mean-ED,412,1951,438878,0,geod_dist_to_target,100,0.2901684246817361
33764.44,ROW-mean-ED,412,9975,433015,0,geod_dist_to_target,5,5.812690269428333
33764.44,ROW-mean-ED,412,3765,433015,0,geod_dist_to_target,6,38.66059277924936
33764.44,ROW-mean-ED,412,3928,433015,0,geod_dist_to_target,7,37.44583274753952
33764.44,ROW-mean-ED,412,5784,433015,0,geod_dist_to_target,8,0.6092214683359353
33764.44,ROW-mean-ED,412,5784,433015,0,geod_dist_to_target,9,0.6092214683359353
33764.44,ROW-mean-ED,412,5784,433015,0,geod_dist_to_target,10,0.6092214683359353
33764.44,ROW-mean-ED,412,5784,433015,0,geod_dist_to_target,11,0.6092214683359353
33764.44,ROW-mean-ED,412,5784,433015,0,geod_dist_to_target,12,0.6092214683359353
33764.44,ROW-mean-ED,412,5784,433015,0,geod_dist_to_target,13,0.6092214683359353
33764.44,ROW-mean-ED,412,412,433015,0,geod_dist_to_target,14,0.0
33764.44,ROW-mean-ED,412,412,433015,0,geod_dist_to_target,15,0.0
33764.44,ROW-mean-ED,412,412,433015,0,geod_dist_to_target,16,0.0
33764.44,ROW-mean-ED,412,412,433015,0,geod_dist_to_target,17,0.0
33764.44,ROW-mean-ED,412,412,433015,0,geod_dist_to_target,18,0.0
33764.44,ROW-mean-ED,412,412,433015,0,geod_dist_to_target,19,0.0
33764.44,ROW-mean-ED,412,412,433015,0,geod_dist_to_target,20,0.0
33764.44,ROW-mean-ED,412,5784,433015,0,geod_dist_to_target,22,0.6092214683359353
33764.44,ROW-mean-ED,412,5784,433015,0,geod_dist_to_target,24,0.6092214683359353
33764.44,ROW-mean-ED,412,5953,433015,0,geod_dist_to_target,26,0.27150774923821874
33764.44,ROW-mean-ED,412,412,433015,0,geod_dist_to_target,28,0.0
33764.44,ROW-mean-ED,412,412,433015,0,geod_dist_to_target,30,0.0
33764.44,ROW-mean-ED,412,412,433015,0,geod_dist_to_target,32,0.0
33764.44,ROW-mean-ED,412,412,433015,0,geod_dist_to_target,34,0.0
33764.44,ROW-mean-ED,412,412,433015,0,geod_dist_to_target,36,0.0
33764.44,ROW-mean-ED,412,412,433015,0,geod_dist_to_target,38,0.0
33764.44,ROW-mean-ED,412,412,433015,0,geod_dist_to_target,40,0.0
33764.44,ROW-mean-ED,412,412,433015,0,geod_dist_to_target,42,0.0
33764.44,ROW-mean-ED,412,412,433015,0,geod_dist_to_target,44,0.0
33764.44,ROW-mean-ED,412,5784,433015,0,geod_dist_to_target,46,0.6092214683359353
33764.44,ROW-mean-ED,412,5784,433015,0,geod_dist_to_target,48,0.6092214683359353
33764.44,ROW-mean-ED,412,412,433015,0,geod_dist_to_target,50,0.0
33764.44,ROW-mean-ED,412,412,433015,0,geod_dist_to_target,55,0.0
33764.44,ROW-mean-ED,412,5784,433015,0,geod_dist_to_target,60,0.6092214683359353
33764.44,ROW-mean-ED,412,1951,433015,0,geod_dist_to_target,65,0.2901684246817361
33764.44,ROW-mean-ED,412,1951,433015,0,geod_dist_to_target,70,0.2901684246817361
33764.44,ROW-mean-ED,412,1951,433015,0,geod_dist_to_target,75,0.2901684246817361
33764.44,ROW-mean-ED,412,1951,433015,0,geod_dist_to_target,80,0.2901684246817361
33764.44,ROW-mean-ED,412,1951,433015,0,geod_dist_to_target,85,0.2901684246817361
33764.44,ROW-mean-ED,412,1951,433015,0,geod_dist_to_target,90,0.2901684246817361
33764.44,ROW-mean-ED,412,1951,433015,0,geod_dist_to_target,95,0.2901684246817361
33764.44,ROW-mean-ED,412,1951,433015,0,geod_dist_to_target,100,0.2901684246817361
33764.44,ROW-mean-ED,412,9923,858597,0,geod_dist_to_target,5,4.56017017232115
33764.44,ROW-mean-ED,412,9342,858597,0,geod_dist_to_target,6,1.2981081922744464
33764.44,ROW-mean-ED,412,5784,858597,0,geod_dist_to_target,7,0.6092214683359353
33764.44,ROW-mean-ED,412,5953,858597,0,geod_dist_to_target,8,0.27150774923821874
33764.44,ROW-mean-ED,412,5953,858597,0,geod_dist_to_target,9,0.27150774923821874
33764.44,ROW-mean-ED,412,2733,858597,0,geod_dist_to_target,10,1.0461684241816511
33764.44,ROW-mean-ED,412,5953,858597,0,geod_dist_to_target,11,0.27150774923821874
33764.44,ROW-mean-ED,412,1951,858597,0,geod_dist_to_target,12,0.2901684246817361
33764.44,ROW-mean-ED,412,5784,858597,0,geod_dist_to_target,13,0.6092214683359353
33764.44,ROW-mean-ED,412,412,858597,0,geod_dist_to_target,14,0.0
33764.44,ROW-mean-ED,412,412,858597,0,geod_dist_to_target,15,0.0
33764.44,ROW-mean-ED,412,412,858597,0,geod_dist_to_target,16,0.0
33764.44,ROW-mean-ED,412,412,858597,0,geod_dist_to_target,17,0.0
33764.44,ROW-mean-ED,412,412,858597,0,geod_dist_to_target,18,0.0
33764.44,ROW-mean-ED,412,412,858597,0,geod_dist_to_target,19,0.0
33764.44,ROW-mean-ED,412,412,858597,0,geod_dist_to_target,20,0.0
33764.44,ROW-mean-ED,412,412,858597,0,geod_dist_to_target,22,0.0
33764.44,ROW-mean-ED,412,5953,858597,0,geod_dist_to_target,24,0.27150774923821874
33764.44,ROW-mean-ED,412,5953,858597,0,geod_dist_to_target,26,0.27150774923821874
33764.44,ROW-mean-ED,412,5953,858597,0,geod_dist_to_target,28,0.27150774923821874
33764.44,ROW-mean-ED,412,5953,858597,0,geod_dist_to_target,30,0.27150774923821874
33764.44,ROW-mean-ED,412,9342,858597,0,geod_dist_to_target,32,1.2981081922744464
33764.44,ROW-mean-ED,412,5953,858597,0,geod_dist_to_target,34,0.27150774923821874
33764.44,ROW-mean-ED,412,5953,858597,0,geod_dist_to_target,36,0.27150774923821874
33764.44,ROW-mean-ED,412,5784,858597,0,geod_dist_to_target,38,0.6092214683359353
33764.44,ROW-mean-ED,412,5784,858597,0,geod_dist_to_target,40,0.6092214683359353
33764.44,ROW-mean-ED,412,4003,858597,0,geod_dist_to_target,42,1.1498408316314779
33764.44,ROW-mean-ED,412,4003,858597,0,geod_dist_to_target,44,1.1498408316314779
33764.44,ROW-mean-ED,412,4003,858597,0,geod_dist_to_target,46,1.1498408316314779
33764.44,ROW-mean-ED,412,9342,858597,0,geod_dist_to_target,48,1.2981081922744464
33764.44,ROW-mean-ED,412,4003,858597,0,geod_dist_to_target,50,1.1498408316314779
33764.44,ROW-mean-ED,412,9342,858597,0,geod_dist_to_target,55,1.2981081922744464
33764.44,ROW-mean-ED,412,4003,858597,0,geod_dist_to_target,60,1.1498408316314779
33764.44,ROW-mean-ED,412,4003,858597,0,geod_dist_to_target,65,1.1498408316314779
33764.44,ROW-mean-ED,412,4003,858597,0,geod_dist_to_target,70,1.1498408316314779
33764.44,ROW-mean-ED,412,5953,858597,0,geod_dist_to_target,75,0.27150774923821874
33764.44,ROW-mean-ED,412,5953,858597,0,geod_dist_to_target,80,0.27150774923821874
33764.44,ROW-mean-ED,412,5953,858597,0,geod_dist_to_target,85,0.27150774923821874
33764.44,ROW-mean-ED,412,5953,858597,0,geod_dist_to_target,90,0.27150774923821874
33764.44,ROW-mean-ED,412,5953,858597,0,geod_dist_to_target,95,0.27150774923821874
33764.44,ROW-mean-ED,412,5953,858597,0,geod_dist_to_target,100,0.27150774923821874
33764.44,ROW-mean-ED,412,3994,85945,0,geod_dist_to_target,5,23.878200660534677
33764.44,ROW-mean-ED,412,225,85945,0,geod_dist_to_target,6,46.303419268933624
33764.44,ROW-mean-ED,412,1951,85945,0,geod_dist_to_target,7,0.2901684246817361
33764.44,ROW-mean-ED,412,412,85945,0,geod_dist_to_target,8,0.0
33764.44,ROW-mean-ED,412,412,85945,0,geod_dist_to_target,9,0.0
33764.44,ROW-mean-ED,412,412,85945,0,geod_dist_to_target,10,0.0
33764.44,ROW-mean-ED,412,412,85945,0,geod_dist_to_target,11,0.0
33764.44,ROW-mean-ED,412,412,85945,0,geod_dist_to_target,12,0.0
33764.44,ROW-mean-ED,412,412,85945,0,geod_dist_to_target,13,0.0
33764.44,ROW-mean-ED,412,412,85945,0,geod_dist_to_target,14,0.0
33764.44,ROW-mean-ED,412,412,85945,0,geod_dist_to_target,15,0.0
33764.44,ROW-mean-ED,412,412,85945,0,geod_dist_to_target,16,0.0
33764.44,ROW-mean-ED,412,1951,85945,0,geod_dist_to_target,17,0.2901684246817361
33764.44,ROW-mean-ED,412,1951,85945,0,geod_dist_to_target,18,0.2901684246817361
33764.44,ROW-mean-ED,412,1951,85945,0,geod_dist_to_target,19,0.2901684246817361
33764.44,ROW-mean-ED,412,1951,85945,0,geod_dist_to_target,20,0.2901684246817361
33764.44,ROW-mean-ED,412,1951,85945,0,geod_dist_to_target,22,0.2901684246817361
33764.44,ROW-mean-ED,412,1951,85945,0,geod_dist_to_target,24,0.2901684246817361
33764.44,ROW-mean-ED,412,1951,85945,0,geod_dist_to_target,26,0.2901684246817361
33764.44,ROW-mean-ED,412,2563,85945,0,geod_dist_to_target,28,0.5873768680531021
33764.44,ROW-mean-ED,412,2563,85945,0,geod_dist_to_target,30,0.5873768680531021
33764.44,ROW-mean-ED,412,412,85945,0,geod_dist_to_target,32,0.0
33764.44,ROW-mean-ED,412,412,85945,0,geod_dist_to_target,34,0.0
33764.44,ROW-mean-ED,412,412,85945,0,geod_dist_to_target,36,0.0
33764.44,ROW-mean-ED,412,2563,85945,0,geod_dist_to_target,38,0.5873768680531021
33764.44,ROW-mean-ED,412,412,85945,0,geod_dist_to_target,40,0.0
33764.44,ROW-mean-ED,412,412,85945,0,geod_dist_to_target,42,0.0
33764.44,ROW-mean-ED,412,412,85945,0,geod_dist_to_target,44,0.0
33764.44,ROW-mean-ED,412,6159,85945,0,geod_dist_to_target,46,0.2403591873568953
33764.44,ROW-mean-ED,412,6159,85945,0,geod_dist_to_target,48,0.2403591873568953
33764.44,ROW-mean-ED,412,412,85945,0,geod_dist_to_target,50,0.0
33764.44,ROW-mean-ED,412,2563,85945,0,geod_dist_to_target,55,0.5873768680531021
33764.44,ROW-mean-ED,412,412,85945,0,geod_dist_to_target,60,0.0
33764.44,ROW-mean-ED,412,412,85945,0,geod_dist_to_target,65,0.0
33764.44,ROW-mean-ED,412,412,85945,0,geod_dist_to_target,70,0.0
33764.44,ROW-mean-ED,412,412,85945,0,geod_dist_to_target,75,0.0
33764.44,ROW-mean-ED,412,412,85945,0,geod_dist_to_target,80,0.0
33764.44,ROW-mean-ED,412,412,85945,0,geod_dist_to_target,85,0.0
33764.44,ROW-mean-ED,412,412,85945,0,geod_dist_to_target,90,0.0
33764.44,ROW-mean-ED,412,412,85945,0,geod_dist_to_target,95,0.0
33764.44,ROW-mean-ED,412,412,85945,0,geod_dist_to_target,100,0.0
33764.44,ROW-mean-ED,412,9975,697368,0,geod_dist_to_target,5,5.812690269428333
33764.44,ROW-mean-ED,412,6418,697368,0,geod_dist_to_target,6,8.457953464897686
33764.44,ROW-mean-ED,412,9923,697368,0,geod_dist_to_target,7,4.56017017232115
33764.44,ROW-mean-ED,412,1586,697368,0,geod_dist_to_target,8,23.77705691959679
33764.44,ROW-mean-ED,412,1586,697368,0,geod_dist_to_target,9,23.77705691959679
33764.44,ROW-mean-ED,412,1586,697368,0,geod_dist_to_target,10,23.77705691959679
33764.44,ROW-mean-ED,412,1586,697368,0,geod_dist_to_target,11,23.77705691959679
33764.44,ROW-mean-ED,412,1586,697368,0,geod_dist_to_target,12,23.77705691959679
33764.44,ROW-mean-ED,412,3825,697368,0,geod_dist_to_target,13,24.395571774622255
33764.44,ROW-mean-ED,412,6387,697368,0,geod_dist_to_target,14,2.1570396813695343
33764.44,ROW-mean-ED,412,1951,697368,0,geod_dist_to_target,15,0.2901684246817361
33764.44,ROW-mean-ED,412,5784,697368,0,geod_dist_to_target,16,0.6092214683359353
33764.44,ROW-mean-ED,412,5784,697368,0,geod_dist_to_target,17,0.6092214683359353
33764.44,ROW-mean-ED,412,5784,697368,0,geod_dist_to_target,18,0.6092214683359353
33764.44,ROW-mean-ED,412,5784,697368,0,geod_dist_to_target,19,0.6092214683359353
33764.44,ROW-mean-ED,412,5784,697368,0,geod_dist_to_target,20,0.6092214683359353
33764.44,ROW-mean-ED,412,5784,697368,0,geod_dist_to_target,22,0.6092214683359353
33764.44,ROW-mean-ED,412,5784,697368,0,geod_dist_to_target,24,0.6092214683359353
33764.44,ROW-mean-ED,412,5784,697368,0,geod_dist_to_target,26,0.6092214683359353
33764.44,ROW-mean-ED,412,412,697368,0,geod_dist_to_target,28,0.0
33764.44,ROW-mean-ED,412,412,697368,0,geod_dist_to_target,30,0.0
33764.44,ROW-mean-ED,412,412,697368,0,geod_dist_to_target,32,0.0
33764.44,ROW-mean-ED,412,412,697368,0,geod_dist_to_target,34,0.0
33764.44,ROW-mean-ED,412,412,697368,0,geod_dist_to_target,36,0.0
33764.44,ROW-mean-ED,412,412,697368,0,geod_dist_to_target,38,0.0
33764.44,ROW-mean-ED,412,1951,697368,0,geod_dist_to_target,40,0.2901684246817361
33764.44,ROW-mean-ED,412,1951,697368,0,geod_dist_to_target,42,0.2901684246817361
33764.44,ROW-mean-ED,412,412,697368,0,geod_dist_to_target,44,0.0
33764.44,ROW-mean-ED,412,412,697368,0,geod_dist_to_target,46,0.0
33764.44,ROW-mean-ED,412,412,697368,0,geod_dist_to_target,48,0.0
33764.44,ROW-mean-ED,412,412,697368,0,geod_dist_to_target,50,0.0
33764.44,ROW-mean-ED,412,412,697368,0,geod_dist_to_target,55,0.0
33764.44,ROW-mean-ED,412,412,697368,0,geod_dist_to_target,60,0.0
33764.44,ROW-mean-ED,412,412,697368,0,geod_dist_to_target,65,0.0
33764.44,ROW-mean-ED,412,412,697368,0,geod_dist_to_target,70,0.0
33764.44,ROW-mean-ED,412,412,697368,0,geod_dist_to_target,75,0.0
33764.44,ROW-mean-ED,412,412,697368,0,geod_dist_to_target,80,0.0
33764.44,ROW-mean-ED,412,412,697368,0,geod_dist_to_target,85,0.0
33764.44,ROW-mean-ED,412,412,697368,0,geod_dist_to_target,90,0.0
33764.44,ROW-mean-ED,412,2563,697368,0,geod_dist_to_target,95,0.5873768680531021
33764.44,ROW-mean-ED,412,2563,697368,0,geod_dist_to_target,100,0.5873768680531021
33764.44,ROW-mean-ED,412,4272,201469,0,geod_dist_to_target,5,26.370727840209653
33764.44,ROW-mean-ED,412,9152,201469,0,geod_dist_to_target,6,3.4017226731872583
33764.44,ROW-mean-ED,412,5884,201469,0,geod_dist_to_target,7,0.689277357296162
33764.44,ROW-mean-ED,412,5884,201469,0,geod_dist_to_target,8,0.689277357296162
33764.44,ROW-mean-ED,412,5884,201469,0,geod_dist_to_target,9,0.689277357296162
33764.44,ROW-mean-ED,412,5884,201469,0,geod_dist_to_target,10,0.689277357296162
33764.44,ROW-mean-ED,412,5884,201469,0,geod_dist_to_target,11,0.689277357296162
33764.44,ROW-mean-ED,412,5920,201469,0,geod_dist_to_target,12,0.5601873444409661
33764.44,ROW-mean-ED,412,2733,201469,0,geod_dist_to_target,13,1.0461684241816511
33764.44,ROW-mean-ED,412,5603,201469,0,geod_dist_to_target,14,0.5520376503836683
33764.44,ROW-mean-ED,412,6689,201469,0,geod_dist_to_target,15,3.207304698973316
33764.44,ROW-mean-ED,412,6689,201469,0,geod_dist_to_target,16,3.207304698973316
33764.44,ROW-mean-ED,412,6689,201469,0,geod_dist_to_target,17,3.207304698973316
33764.44,ROW-mean-ED,412,9237,201469,0,geod_dist_to_target,18,1.478273039235452
33764.44,ROW-mean-ED,412,9237,201469,0,geod_dist_to_target,19,1.478273039235452
33764.44,ROW-mean-ED,412,6388,201469,0,geod_dist_to_target,20,1.9902165974611477
33764.44,ROW-mean-ED,412,6689,201469,0,geod_dist_to_target,22,3.207304698973316
33764.44,ROW-mean-ED,412,6689,201469,0,geod_dist_to_target,24,3.207304698973316
33764.44,ROW-mean-ED,412,9237,201469,0,geod_dist_to_target,26,1.478273039235452
33764.44,ROW-mean-ED,412,10803,201469,0,geod_dist_to_target,28,1.0974423369038628
33764.44,ROW-mean-ED,412,9237,201469,0,geod_dist_to_target,30,1.478273039235452
33764.44,ROW-mean-ED,412,6689,201469,0,geod_dist_to_target,32,3.207304698973316
33764.44,ROW-mean-ED,412,6689,201469,0,geod_dist_to_target,34,3.207304698973316
33764.44,ROW-mean-ED,412,6689,201469,0,geod_dist_to_target,36,3.207304698973316
33764.44,ROW-mean-ED,412,6689,201469,0,geod_dist_to_target,38,3.207304698973316
33764.44,ROW-mean-ED,412,9237,201469,0,geod_dist_to_target,40,1.478273039235452
33764.44,ROW-mean-ED,412,10418,201469,0,geod_dist_to_target,42,4.0990912158700885
33764.44,ROW-mean-ED,412,10418,201469,0,geod_dist_to_target,44,4.0990912158700885
33764.44,ROW-mean-ED,412,3560,201469,0,geod_dist_to_target,46,6.865577400808348
33764.44,ROW-mean-ED,412,3560,201469,0,geod_dist_to_target,48,6.865577400808348
33764.44,ROW-mean-ED,412,3560,201469,0,geod_dist_to_target,50,6.865577400808348
33764.44,ROW-mean-ED,412,6159,201469,0,geod_dist_to_target,55,0.2403591873568953
33764.44,ROW-mean-ED,412,6159,201469,0,geod_dist_to_target,60,0.2403591873568953
33764.44,ROW-mean-ED,412,5953,201469,0,geod_dist_to_target,65,0.27150774923821874
33764.44,ROW-mean-ED,412,5953,201469,0,geod_dist_to_target,70,0.27150774923821874
33764.44,ROW-mean-ED,412,5953,201469,0,geod_dist_to_target,75,0.27150774923821874
33764.44,ROW-mean-ED,412,5953,201469,0,geod_dist_to_target,80,0.27150774923821874
33764.44,ROW-mean-ED,412,5953,201469,0,geod_dist_to_target,85,0.27150774923821874
33764.44,ROW-mean-ED,412,5953,201469,0,geod_dist_to_target,90,0.27150774923821874
33764.44,ROW-mean-ED,412,5953,201469,0,geod_dist_to_target,95,0.27150774923821874
33764.44,ROW-mean-ED,412,5953,201469,0,geod_dist_to_target,100,0.27150774923821874
33764.44,ROW-mean-ED,412,1951,94177,0,geod_dist_to_target,5,0.2901684246817361
33764.44,ROW-mean-ED,412,1951,94177,0,geod_dist_to_target,6,0.2901684246817361
33764.44,ROW-mean-ED,412,1951,94177,0,geod_dist_to_target,7,0.2901684246817361
33764.44,ROW-mean-ED,412,1951,94177,0,geod_dist_to_target,8,0.2901684246817361
33764.44,ROW-mean-ED,412,1951,94177,0,geod_dist_to_target,9,0.2901684246817361
33764.44,ROW-mean-ED,412,1951,94177,0,geod_dist_to_target,10,0.2901684246817361
33764.44,ROW-mean-ED,412,1951,94177,0,geod_dist_to_target,11,0.2901684246817361
33764.44,ROW-mean-ED,412,2563,94177,0,geod_dist_to_target,12,0.5873768680531021
33764.44,ROW-mean-ED,412,5884,94177,0,geod_dist_to_target,13,0.689277357296162
33764.44,ROW-mean-ED,412,1951,94177,0,geod_dist_to_target,14,0.2901684246817361
33764.44,ROW-mean-ED,412,636,94177,0,geod_dist_to_target,15,1.640648713393917
33764.44,ROW-mean-ED,412,2563,94177,0,geod_dist_to_target,16,0.5873768680531021
33764.44,ROW-mean-ED,412,2563,94177,0,geod_dist_to_target,17,0.5873768680531021
33764.44,ROW-mean-ED,412,2563,94177,0,geod_dist_to_target,18,0.5873768680531021
33764.44,ROW-mean-ED,412,2563,94177,0,geod_dist_to_target,19,0.5873768680531021
33764.44,ROW-mean-ED,412,2563,94177,0,geod_dist_to_target,20,0.5873768680531021
33764.44,ROW-mean-ED,412,2563,94177,0,geod_dist_to_target,22,0.5873768680531021
33764.44,ROW-mean-ED,412,2563,94177,0,geod_dist_to_target,24,0.5873768680531021
33764.44,ROW-mean-ED,412,6159,94177,0,geod_dist_to_target,26,0.2403591873568953
33764.44,ROW-mean-ED,412,6159,94177,0,geod_dist_to_target,28,0.2403591873568953
33764.44,ROW-mean-ED,412,6159,94177,0,geod_dist_to_target,30,0.2403591873568953
33764.44,ROW-mean-ED,412,2563,94177,0,geod_dist_to_target,32,0.5873768680531021
33764.44,ROW-mean-ED,412,2563,94177,0,geod_dist_to_target,34,0.5873768680531021
33764.44,ROW-mean-ED,412,2563,94177,0,geod_dist_to_target,36,0.5873768680531021
33764.44,ROW-mean-ED,412,2563,94177,0,geod_dist_to_target,38,0.5873768680531021
33764.44,ROW-mean-ED,412,9237,94177,0,geod_dist_to_target,40,1.478273039235452
33764.44,ROW-mean-ED,412,9237,94177,0,geod_dist_to_target,42,1.478273039235452
33764.44,ROW-mean-ED,412,9237,94177,0,geod_dist_to_target,44,1.478273039235452
33764.44,ROW-mean-ED,412,9237,94177,0,geod_dist_to_target,46,1.478273039235452
33764.44,ROW-mean-ED,412,10803,94177,0,geod_dist_to_target,48,1.0974423369038628
33764.44,ROW-mean-ED,412,10803,94177,0,geod_dist_to_target,50,1.0974423369038628
33764.44,ROW-mean-ED,412,6159,94177,0,geod_dist_to_target,55,0.2403591873568953
33764.44,ROW-mean-ED,412,6159,94177,0,geod_dist_to_target,60,0.2403591873568953
33764.44,ROW-mean-ED,412,6159,94177,0,geod_dist_to_target,65,0.2403591873568953
33764.44,ROW-mean-ED,412,6159,94177,0,geod_dist_to_target,70,0.2403591873568953
33764.44,ROW-mean-ED,412,6159,94177,0,geod_dist_to_target,75,0.2403591873568953
33764.44,ROW-mean-ED,412,6159,94177,0,geod_dist_to_target,80,0.2403591873568953
33764.44,ROW-mean-ED,412,6159,94177,0,geod_dist_to_target,85,0.2403591873568953
33764.44,ROW-mean-ED,412,6159,94177,0,geod_dist_to_target,90,0.2403591873568953
33764.44,ROW-mean-ED,412,412,94177,0,geod_dist_to_target,95,0.0
33764.44,ROW-mean-ED,412,412,94177,0,geod_dist_to_target,100,0.0
33764.44,ROW-min-ED(FPS),412,10885,89250,0,geod_dist_to_target,5,2.0592008628721703
33764.44,ROW-min-ED(FPS),412,3837,89250,0,geod_dist_to_target,6,23.675229885394412
33764.44,ROW-min-ED(FPS),412,5784,89250,0,geod_dist_to_target,7,0.6092214683359353
33764.44,ROW-min-ED(FPS),412,412,89250,0,geod_dist_to_target,8,0.0
33764.44,ROW-min-ED(FPS),412,5784,89250,0,geod_dist_to_target,9,0.6092214683359353
33764.44,ROW-min-ED(FPS),412,5784,89250,0,geod_dist_to_target,10,0.6092214683359353
33764.44,ROW-min-ED(FPS),412,412,89250,0,geod_dist_to_target,11,0.0
33764.44,ROW-min-ED(FPS),412,412,89250,0,geod_dist_to_target,12,0.0
33764.44,ROW-min-ED(FPS),412,412,89250,0,geod_dist_to_target,13,0.0
33764.44,ROW-min-ED(FPS),412,412,89250,0,geod_dist_to_target,14,0.0
33764.44,ROW-min-ED(FPS),412,412,89250,0,geod_dist_to_target,15,0.0
33764.44,ROW-min-ED(FPS),412,412,89250,0,geod_dist_to_target,16,0.0
33764.44,ROW-min-ED(FPS),412,412,89250,0,geod_dist_to_target,17,0.0
33764.44,ROW-min-ED(FPS),412,412,89250,0,geod_dist_to_target,18,0.0
33764.44,ROW-min-ED(FPS),412,6159,89250,0,geod_dist_to_target,19,0.2403591873568953
33764.44,ROW-min-ED(FPS),412,6159,89250,0,geod_dist_to_target,20,0.2403591873568953
33764.44,ROW-min-ED(FPS),412,6159,89250,0,geod_dist_to_target,22,0.2403591873568953
33764.44,ROW-min-ED(FPS),412,6159,89250,0,geod_dist_to_target,24,0.2403591873568953
33764.44,ROW-min-ED(FPS),412,6159,89250,0,geod_dist_to_target,26,0.2403591873568953
33764.44,ROW-min-ED(FPS),412,6159,89250,0,geod_dist_to_target,28,0.2403591873568953
33764.44,ROW-min-ED(FPS),412,6159,89250,0,geod_dist_to_target,30,0.2403591873568953
33764.44,ROW-min-ED(FPS),412,6159,89250,0,geod_dist_to_target,32,0.2403591873568953
33764.44,ROW-min-ED(FPS),412,6159,89250,0,geod_dist_to_target,34,0.2403591873568953
33764.44,ROW-min-ED(FPS),412,10803,89250,0,geod_dist_to_target,36,1.0974423369038628
33764.44,ROW-min-ED(FPS),412,6159,89250,0,geod_dist_to_target,38,0.2403591873568953
33764.44,ROW-min-ED(FPS),412,6159,89250,0,geod_dist_to_target,40,0.2403591873568953
33764.44,ROW-min-ED(FPS),412,6159,89250,0,geod_dist_to_target,42,0.2403591873568953
33764.44,ROW-min-ED(FPS),412,6159,89250,0,geod_dist_to_target,44,0.2403591873568953
33764.44,ROW-min-ED(FPS),412,6159,89250,0,geod_dist_to_target,46,0.2403591873568953
33764.44,ROW-min-ED(FPS),412,6159,89250,0,geod_dist_to_target,48,0.2403591873568953
33764.44,ROW-min-ED(FPS),412,6159,89250,0,geod_dist_to_target,50,0.2403591873568953
33764.44,ROW-min-ED(FPS),412,10803,89250,0,geod_dist_to_target,55,1.0974423369038628
33764.44,ROW-min-ED(FPS),412,6159,89250,0,geod_dist_to_target,60,0.2403591873568953
33764.44,ROW-min-ED(FPS),412,6159,89250,0,geod_dist_to_target,65,0.2403591873568953
33764.44,ROW-min-ED(FPS),412,6159,89250,0,geod_dist_to_target,70,0.2403591873568953
33764.44,ROW-min-ED(FPS),412,6159,89250,0,geod_dist_to_target,75,0.2403591873568953
33764.44,ROW-min-ED(FPS),412,6159,89250,0,geod_dist_to_target,80,0.2403591873568953
33764.44,ROW-min-ED(FPS),412,6159,89250,0,geod_dist_to_target,85,0.2403591873568953
33764.44,ROW-min-ED(FPS),412,412,89250,0,geod_dist_to_target,90,0.0
33764.44,ROW-min-ED(FPS),412,412,89250,0,geod_dist_to_target,95,0.0
33764.44,ROW-min-ED(FPS),412,412,89250,0,geod_dist_to_target,100,0.0
33764.44,ROW-min-ED(FPS),412,3837,773956,0,geod_dist_to_target,5,23.675229885394412
33764.44,ROW-min-ED(FPS),412,3837,773956,0,geod_dist_to_target,6,23.675229885394412
33764.44,ROW-min-ED(FPS),412,1951,773956,0,geod_dist_to_target,7,0.2901684246817361
33764.44,ROW-min-ED(FPS),412,1951,773956,0,geod_dist_to_target,8,0.2901684246817361
33764.44,ROW-min-ED(FPS),412,1951,773956,0,geod_dist_to_target,9,0.2901684246817361
33764.44,ROW-min-ED(FPS),412,412,773956,0,geod_dist_to_target,10,0.0
33764.44,ROW-min-ED(FPS),412,1951,773956,0,geod_dist_to_target,11,0.2901684246817361
33764.44,ROW-min-ED(FPS),412,1951,773956,0,geod_dist_to_target,12,0.2901684246817361
33764.44,ROW-min-ED(FPS),412,412,773956,0,geod_dist_to_target,13,0.0
33764.44,ROW-min-ED(FPS),412,412,773956,0,geod_dist_to_target,14,0.0
33764.44,ROW-min-ED(FPS),412,412,773956,0,geod_dist_to_target,15,0.0
33764.44,ROW-min-ED(FPS),412,2563,773956,0,geod_dist_to_target,16,0.5873768680531021
33764.44,ROW-min-ED(FPS),412,2563,773956,0,geod_dist_to_target,17,0.5873768680531021
33764.44,ROW-min-ED(FPS),412,2563,773956,0,geod_dist_to_target,18,0.5873768680531021
33764.44,ROW-min-ED(FPS),412,2563,773956,0,geod_dist_to_target,19,0.5873768680531021
33764.44,ROW-min-ED(FPS),412,2563,773956,0,geod_dist_to_target,20,0.5873768680531021
33764.44,ROW-min-ED(FPS),412,2563,773956,0,geod_dist_to_target,22,0.5873768680531021
33764.44,ROW-min-ED(FPS),412,2563,773956,0,geod_dist_to_target,24,0.5873768680531021
33764.44,ROW-min-ED(FPS),412,2563,773956,0,geod_dist_to_target,26,0.5873768680531021
33764.44,ROW-min-ED(FPS),412,2563,773956,0,geod_dist_to_target,28,0.5873768680531021
33764.44,ROW-min-ED(FPS),412,2563,773956,0,geod_dist_to_target,30,0.5873768680531021
33764.44,ROW-min-ED(FPS),412,2563,773956,0,geod_dist_to_target,32,0.5873768680531021
33764.44,ROW-min-ED(FPS),412,2563,773956,0,geod_dist_to_target,34,0.5873768680531021
33764.44,ROW-min-ED(FPS),412,2563,773956,0,geod_dist_to_target,36,0.5873768680531021
33764.44,ROW-min-ED(FPS),412,2563,773956,0,geod_dist_to_target,38,0.5873768680531021
33764.44,ROW-min-ED(FPS),412,2563,773956,0,geod_dist_to_target,40,0.5873768680531021
33764.44,ROW-min-ED(FPS),412,2563,773956,0,geod_dist_to_target,42,0.5873768680531021
33764.44,ROW-min-ED(FPS),412,2563,773956,0,geod_dist_to_target,44,0.5873768680531021
33764.44,ROW-min-ED(FPS),412,412,773956,0,geod_dist_to_target,46,0.0
33764.44,ROW-min-ED(FPS),412,2563,773956,0,geod_dist_to_target,48,0.5873768680531021
33764.44,ROW-min-ED(FPS),412,412,773956,0,geod_dist_to_target,50,0.0
33764.44,ROW-min-ED(FPS),412,2563,773956,0,geod_dist_to_target,55,0.5873768680531021
33764.44,ROW-min-ED(FPS),412,412,773956,0,geod_dist_to_target,60,0.0
33764.44,ROW-min-ED(FPS),412,412,773956,0,geod_dist_to_target,65,0.0
33764.44,ROW-min-ED(FPS),412,412,773956,0,geod_dist_to_target,70,0.0
33764.44,ROW-min-ED(FPS),412,412,773956,0,geod_dist_to_target,75,0.0
33764.44,ROW-min-ED(FPS),412,412,773956,0,geod_dist_to_target,80,0.0
33764.44,ROW-min-ED(FPS),412,412,773956,0,geod_dist_to_target,85,0.0
33764.44,ROW-min-ED(FPS),412,412,773956,0,geod_dist_to_target,90,0.0
33764.44,ROW-min-ED(FPS),412,412,773956,0,geod_dist_to_target,95,0.0
33764.44,ROW-min-ED(FPS),412,412,773956,0,geod_dist_to_target,100,0.0
33764.44,ROW-min-ED(FPS),412,7812,654571,0,geod_dist_to_target,5,2.5272284592557415
33764.44,ROW-min-ED(FPS),412,5884,654571,0,geod_dist_to_target,6,0.689277357296162
33764.44,ROW-min-ED(FPS),412,6388,654571,0,geod_dist_to_target,7,1.9902165974611477
33764.44,ROW-min-ED(FPS),412,6388,654571,0,geod_dist_to_target,8,1.9902165974611477
33764.44,ROW-min-ED(FPS),412,6388,654571,0,geod_dist_to_target,9,1.9902165974611477
33764.44,ROW-min-ED(FPS),412,6388,654571,0,geod_dist_to_target,10,1.9902165974611477
33764.44,ROW-min-ED(FPS),412,6388,654571,0,geod_dist_to_target,11,1.9902165974611477
33764.44,ROW-min-ED(FPS),412,6388,654571,0,geod_dist_to_target,12,1.9902165974611477
33764.44,ROW-min-ED(FPS),412,9237,654571,0,geod_dist_to_target,13,1.478273039235452
33764.44,ROW-min-ED(FPS),412,9237,654571,0,geod_dist_to_target,14,1.478273039235452
33764.44,ROW-min-ED(FPS),412,9237,654571,0,geod_dist_to_target,15,1.478273039235452
33764.44,ROW-min-ED(FPS),412,10803,654571,0,geod_dist_to_target,16,1.0974423369038628
33764.44,ROW-min-ED(FPS),412,6159,654571,0,geod_dist_to_target,17,0.2403591873568953
33764.44,ROW-min-ED(FPS),412,6159,654571,0,geod_dist_to_target,18,0.2403591873568953
33764.44,ROW-min-ED(FPS),412,6159,654571,0,geod_dist_to_target,19,0.2403591873568953
33764.44,ROW-min-ED(FPS),412,6159,654571,0,geod_dist_to_target,20,0.2403591873568953
33764.44,ROW-min-ED(FPS),412,6160,654571,0,geod_dist_to_target,22,0.5037172425378162
33764.44,ROW-min-ED(FPS),412,10803,654571,0,geod_dist_to_target,24,1.0974423369038628
33764.44,ROW-min-ED(FPS),412,10803,654571,0,geod_dist_to_target,26,1.0974423369038628
33764.44,ROW-min-ED(FPS),412,10803,654571,0,geod_dist_to_target,28,1.0974423369038628
33764.44,ROW-min-ED(FPS),412,10803,654571,0,geod_dist_to_target,30,1.0974423369038628
33764.44,ROW-min-ED(FPS),412,10803,654571,0,geod_dist_to_target,32,1.0974423369038628
33764.44,ROW-min-ED(FPS),412,10803,654571,0,geod_dist_to_target,34,1.0974423369038628
33764.44,ROW-min-ED(FPS),412,10803,654571,0,geod_dist_to_target,36,1.0974423369038628
33764.44,ROW-min-ED(FPS),412,6159,654571,0,geod_dist_to_target,38,0.2403591873568953
33764.44,ROW-min-ED(FPS),412,10803,654571,0,geod_dist_to_target,40,1.0974423369038628
33764.44,ROW-min-ED(FPS),412,10803,654571,0,geod_dist_to_target,42,1.0974423369038628
33764.44,ROW-min-ED(FPS),412,10803,654571,0,geod_dist_to_target,44,1.0974423369038628
33764.44,ROW-min-ED(FPS),412,10803,654571,0,geod_dist_to_target,46,1.0974423369038628
33764.44,ROW-min-ED(FPS),412,10803,654571,0,geod_dist_to_target,48,1.0974423369038628
33764.44,ROW-min-ED(FPS),412,10803,654571,0,geod_dist_to_target,50,1.0974423369038628
33764.44,ROW-min-ED(FPS),412,9237,654571,0,geod_dist_to_target,55,1.478273039235452
33764.44,ROW-min-ED(FPS),412,2563,654571,0,geod_dist_to_target,60,0.5873768680531021
33764.44,ROW-min-ED(FPS),412,2563,654571,0,geod_dist_to_target,65,0.5873768680531021
33764.44,ROW-min-ED(FPS),412,2563,654571,0,geod_dist_to_target,70,0.5873768680531021
33764.44,ROW-min-ED(FPS),412,2563,654571,0,geod_dist_to_target,75,0.5873768680531021
33764.44,ROW-min-ED(FPS),412,2563,654571,0,geod_dist_to_target,80,0.5873768680531021
33764.44,ROW-min-ED(FPS),412,2563,654571,0,geod_dist_to_target,85,0.5873768680531021
33764.44,ROW-min-ED(FPS),412,412,654571,0,geod_dist_to_target,90,0.0
33764.44,ROW-min-ED(FPS),412,2563,654571,0,geod_dist_to_target,95,0.5873768680531021
33764.44,ROW-min-ED(FPS),412,412,654571,0,geod_dist_to_target,100,0.0
33764.44,ROW-min-ED(FPS),412,10885,438878,0,geod_dist_to_target,5,2.0592008628721703
33764.44,ROW-min-ED(FPS),412,5884,438878,0,geod_dist_to_target,6,0.689277357296162
33764.44,ROW-min-ED(FPS),412,2563,438878,0,geod_dist_to_target,7,0.5873768680531021
33764.44,ROW-min-ED(FPS),412,2563,438878,0,geod_dist_to_target,8,0.5873768680531021
33764.44,ROW-min-ED(FPS),412,6389,438878,0,geod_dist_to_target,9,2.3435597772822105
33764.44,ROW-min-ED(FPS),412,6389,438878,0,geod_dist_to_target,10,2.3435597772822105
33764.44,ROW-min-ED(FPS),412,9237,438878,0,geod_dist_to_target,11,1.478273039235452
33764.44,ROW-min-ED(FPS),412,9237,438878,0,geod_dist_to_target,12,1.478273039235452
33764.44,ROW-min-ED(FPS),412,9237,438878,0,geod_dist_to_target,13,1.478273039235452
33764.44,ROW-min-ED(FPS),412,9237,438878,0,geod_dist_to_target,14,1.478273039235452
33764.44,ROW-min-ED(FPS),412,9237,438878,0,geod_dist_to_target,15,1.478273039235452
33764.44,ROW-min-ED(FPS),412,9237,438878,0,geod_dist_to_target,16,1.478273039235452
33764.44,ROW-min-ED(FPS),412,6389,438878,0,geod_dist_to_target,17,2.3435597772822105
33764.44,ROW-min-ED(FPS),412,6389,438878,0,geod_dist_to_target,18,2.3435597772822105
33764.44,ROW-min-ED(FPS),412,6389,438878,0,geod_dist_to_target,19,2.3435597772822105
33764.44,ROW-min-ED(FPS),412,6389,438878,0,geod_dist_to_target,20,2.3435597772822105
33764.44,ROW-min-ED(FPS),412,6389,438878,0,geod_dist_to_target,22,2.3435597772822105
33764.44,ROW-min-ED(FPS),412,6389,438878,0,geod_dist_to_target,24,2.3435597772822105
33764.44,ROW-min-ED(FPS),412,6389,438878,0,geod_dist_to_target,26,2.3435597772822105
33764.44,ROW-min-ED(FPS),412,6389,438878,0,geod_dist_to_target,28,2.3435597772822105
33764.44,ROW-min-ED(FPS),412,9237,438878,0,geod_dist_to_target,30,1.478273039235452
33764.44,ROW-min-ED(FPS),412,9237,438878,0,geod_dist_to_target,32,1.478273039235452
33764.44,ROW-min-ED(FPS),412,2563,438878,0,geod_dist_to_target,34,0.5873768680531021
33764.44,ROW-min-ED(FPS),412,6389,438878,0,geod_dist_to_target,36,2.3435597772822105
33764.44,ROW-min-ED(FPS),412,2563,438878,0,geod_dist_to_target,38,0.5873768680531021
33764.44,ROW-min-ED(FPS),412,2563,438878,0,geod_dist_to_target,40,0.5873768680531021
33764.44,ROW-min-ED(FPS),412,2563,438878,0,geod_dist_to_target,42,0.5873768680531021
33764.44,ROW-min-ED(FPS),412,9237,438878,0,geod_dist_to_target,44,1.478273039235452
33764.44,ROW-min-ED(FPS),412,6389,438878,0,geod_dist_to_target,46,2.3435597772822105
33764.44,ROW-min-ED(FPS),412,6389,438878,0,geod_dist_to_target,48,2.3435597772822105
33764.44,ROW-min-ED(FPS),412,6389,438878,0,geod_dist_to_target,50,2.3435597772822105
33764.44,ROW-min-ED(FPS),412,6389,438878,0,geod_dist_to_target,55,2.3435597772822105
33764.44,ROW-min-ED(FPS),412,6389,438878,0,geod_dist_to_target,60,2.3435597772822105
33764.44,ROW-min-ED(FPS),412,6389,438878,0,geod_dist_to_target,65,2.3435597772822105
33764.44,ROW-min-ED(FPS),412,6389,438878,0,geod_dist_to_target,70,2.3435597772822105
33764.44,ROW-min-ED(FPS),412,6389,438878,0,geod_dist_to_target,75,2.3435597772822105
33764.44,ROW-min-ED(FPS),412,6389,438878,0,geod_dist_to_target,80,2.3435597772822105
33764.44,ROW-min-ED(FPS),412,6389,438878,0,geod_dist_to_target,85,2.3435597772822105
33764.44,ROW-min-ED(FPS),412,6389,438878,0,geod_dist_to_target,90,2.3435597772822105
33764.44,ROW-min-ED(FPS),412,2563,438878,0,geod_dist_to_target,95,0.5873768680531021
33764.44,ROW-min-ED(FPS),412,2563,438878,0,geod_dist_to_target,100,0.5873768680531021
33764.44,ROW-min-ED(FPS),412,9444,433015,0,geod_dist_to_target,5,0.6570037015080127
33764.44,ROW-min-ED(FPS),412,6411,433015,0,geod_dist_to_target,6,6.2785862431771315
33764.44,ROW-min-ED(FPS),412,6411,433015,0,geod_dist_to_target,7,6.2785862431771315
33764.44,ROW-min-ED(FPS),412,3124,433015,0,geod_dist_to_target,8,7.415562531982652
33764.44,ROW-min-ED(FPS),412,3124,433015,0,geod_dist_to_target,9,7.415562531982652
33764.44,ROW-min-ED(FPS),412,3124,433015,0,geod_dist_to_target,10,7.415562531982652
33764.44,ROW-min-ED(FPS),412,5784,433015,0,geod_dist_to_target,11,0.6092214683359353
33764.44,ROW-min-ED(FPS),412,412,433015,0,geod_dist_to_target,12,0.0
33764.44,ROW-min-ED(FPS),412,2563,433015,0,geod_dist_to_target,13,0.5873768680531021
33764.44,ROW-min-ED(FPS),412,5953,433015,0,geod_dist_to_target,14,0.27150774923821874
33764.44,ROW-min-ED(FPS),412,5784,433015,0,geod_dist_to_target,15,0.6092214683359353
33764.44,ROW-min-ED(FPS),412,636,433015,0,geod_dist_to_target,16,1.640648713393917
33764.44,ROW-min-ED(FPS),412,1951,433015,0,geod_dist_to_target,17,0.2901684246817361
33764.44,ROW-min-ED(FPS),412,1951,433015,0,geod_dist_to_target,18,0.2901684246817361
33764.44,ROW-min-ED(FPS),412,1951,433015,0,geod_dist_to_target,19,0.2901684246817361
33764.44,ROW-min-ED(FPS),412,1951,433015,0,geod_dist_to_target,20,0.2901684246817361
33764.44,ROW-min-ED(FPS),412,412,433015,0,geod_dist_to_target,22,0.0
33764.44,ROW-min-ED(FPS),412,6159,433015,0,geod_dist_to_target,24,0.2403591873568953
33764.44,ROW-min-ED(FPS),412,5953,433015,0,geod_dist_to_target,26,0.27150774923821874
33764.44,ROW-min-ED(FPS),412,5953,433015,0,geod_dist_to_target,28,0.27150774923821874
33764.44,ROW-min-ED(FPS),412,5953,433015,0,geod_dist_to_target,30,0.27150774923821874
33764.44,ROW-min-ED(FPS),412,412,433015,0,geod_dist_to_target,32,0.0
33764.44,ROW-min-ED(FPS),412,412,433015,0,geod_dist_to_target,34,0.0
33764.44,ROW-min-ED(FPS),412,412,433015,0,geod_dist_to_target,36,0.0
33764.44,ROW-min-ED(FPS),412,5784,433015,0,geod_dist_to_target,38,0.6092214683359353
33764.44,ROW-min-ED(FPS),412,5784,433015,0,geod_dist_to_target,40,0.6092214683359353
33764.44,ROW-min-ED(FPS),412,5784,433015,0,geod_dist_to_target,42,0.6092214683359353
33764.44,ROW-min-ED(FPS),412,5784,433015,0,geod_dist_to_target,44,0.6092214683359353
33764.44,ROW-min-ED(FPS),412,5784,433015,0,geod_dist_to_target,46,0.6092214683359353
33764.44,ROW-min-ED(FPS),412,5784,433015,0,geod_dist_to_target,48,0.6092214683359353
33764.44,ROW-min-ED(FPS),412,5784,433015,0,geod_dist_to_target,50,0.6092214683359353
33764.44,ROW-min-ED(FPS),412,412,433015,0,geod_dist_to_target,55,0.0
33764.44,ROW-min-ED(FPS),412,412,433015,0,geod_dist_to_target,60,0.0
33764.44,ROW-min-ED(FPS),412,412,433015,0,geod_dist_to_target,65,0.0
33764.44,ROW-min-ED(FPS),412,412,433015,0,geod_dist_to_target,70,0.0
33764.44,ROW-min-ED(FPS),412,412,433015,0,geod_dist_to_target,75,0.0
33764.44,ROW-min-ED(FPS),412,412,433015,0,geod_dist_to_target,80,0.0
33764.44,ROW-min-ED(FPS),412,412,433015,0,geod_dist_to_target,85,0.0
33764.44,ROW-min-ED(FPS),412,412,433015,0,geod_dist_to_target,90,0.0
33764.44,ROW-min-ED(FPS),412,412,433015,0,geod_dist_to_target,95,0.0
33764.44,ROW-min-ED(FPS),412,412,433015,0,geod_dist_to_target,100,0.0
33764.44,ROW-min-ED(FPS),412,10418,858597,0,geod_dist_to_target,5,4.0990912158700885
33764.44,ROW-min-ED(FPS),412,10418,858597,0,geod_dist_to_target,6,4.0990912158700885
33764.44,ROW-min-ED(FPS),412,1460,858597,0,geod_dist_to_target,7,1.4967425149709197
33764.44,ROW-min-ED(FPS),412,7831,858597,0,geod_dist_to_target,8,31.476514067062613
33764.44,ROW-min-ED(FPS),412,6160,858597,0,geod_dist_to_target,9,0.5037172425378162
33764.44,ROW-min-ED(FPS),412,6160,858597,0,geod_dist_to_target,10,0.5037172425378162
33764.44,ROW-min-ED(FPS),412,6160,858597,0,geod_dist_to_target,11,0.5037172425378162
33764.44,ROW-min-ED(FPS),412,6160,858597,0,geod_dist_to_target,12,0.5037172425378162
33764.44,ROW-min-ED(FPS),412,6160,858597,0,geod_dist_to_target,13,0.5037172425378162
33764.44,ROW-min-ED(FPS),412,6160,858597,0,geod_dist_to_target,14,0.5037172425378162
33764.44,ROW-min-ED(FPS),412,6160,858597,0,geod_dist_to_target,15,0.5037172425378162
33764.44,ROW-min-ED(FPS),412,6160,858597,0,geod_dist_to_target,16,0.5037172425378162
33764.44,ROW-min-ED(FPS),412,6160,858597,0,geod_dist_to_target,17,0.5037172425378162
33764.44,ROW-min-ED(FPS),412,6160,858597,0,geod_dist_to_target,18,0.5037172425378162
33764.44,ROW-min-ED(FPS),412,6160,858597,0,geod_dist_to_target,19,0.5037172425378162
33764.44,ROW-min-ED(FPS),412,6160,858597,0,geod_dist_to_target,20,0.5037172425378162
33764.44,ROW-min-ED(FPS),412,5953,858597,0,geod_dist_to_target,22,0.27150774923821874
33764.44,ROW-min-ED(FPS),412,5953,858597,0,geod_dist_to_target,24,0.27150774923821874
33764.44,ROW-min-ED(FPS),412,412,858597,0,geod_dist_to_target,26,0.0
33764.44,ROW-min-ED(FPS),412,412,858597,0,geod_dist_to_target,28,0.0
33764.44,ROW-min-ED(FPS),412,412,858597,0,geod_dist_to_target,30,0.0
33764.44,ROW-min-ED(FPS),412,6159,858597,0,geod_dist_to_target,32,0.2403591873568953
33764.44,ROW-min-ED(FPS),412,6159,858597,0,geod_dist_to_target,34,0.2403591873568953
33764.44,ROW-min-ED(FPS),412,412,858597,0,geod_dist_to_target,36,0.0
33764.44,ROW-min-ED(FPS),412,412,858597,0,geod_dist_to_target,38,0.0
33764.44,ROW-min-ED(FPS),412,412,858597,0,geod_dist_to_target,40,0.0
33764.44,ROW-min-ED(FPS),412,412,858597,0,geod_dist_to_target,42,0.0
33764.44,ROW-min-ED(FPS),412,412,858597,0,geod_dist_to_target,44,0.0
33764.44,ROW-min-ED(FPS),412,412,858597,0,geod_dist_to_target,46,0.0
33764.44,ROW-min-ED(FPS),412,412,858597,0,geod_dist_to_target,48,0.0
33764.44,ROW-min-ED(FPS),412,412,858597,0,geod_dist_to_target,50,0.0
33764.44,ROW-min-ED(FPS),412,412,858597,0,geod_dist_to_target,55,0.0
33764.44,ROW-min-ED(FPS),412,412,858597,0,geod_dist_to_target,60,0.0
33764.44,ROW-min-ED(FPS),412,412,858597,0,geod_dist_to_target,65,0.0
33764.44,ROW-min-ED(FPS),412,412,858597,0,geod_dist_to_target,70,0.0
33764.44,ROW-min-ED(FPS),412,412,858597,0,geod_dist_to_target,75,0.0
33764.44,ROW-min-ED(FPS),412,412,858597,0,geod_dist_to_target,80,0.0
33764.44,ROW-min-ED(FPS),412,5953,858597,0,geod_dist_to_target,85,0.27150774923821874
33764.44,ROW-min-ED(FPS),412,5953,858597,0,geod_dist_to_target,90,0.27150774923821874
33764.44,ROW-min-ED(FPS),412,5953,858597,0,geod_dist_to_target,95,0.27150774923821874
33764.44,ROW-min-ED(FPS),412,5953,858597,0,geod_dist_to_target,100,0.27150774923821874
33764.44,ROW-min-ED(FPS),412,1979,85945,0,geod_dist_to_target,5,1.5678679798886543
33764.44,ROW-min-ED(FPS),412,2563,85945,0,geod_dist_to_target,6,0.5873768680531021
33764.44,ROW-min-ED(FPS),412,1951,85945,0,geod_dist_to_target,7,0.2901684246817361
33764.44,ROW-min-ED(FPS),412,1951,85945,0,geod_dist_to_target,8,0.2901684246817361
33764.44,ROW-min-ED(FPS),412,2563,85945,0,geod_dist_to_target,9,0.5873768680531021
33764.44,ROW-min-ED(FPS),412,2563,85945,0,geod_dist_to_target,10,0.5873768680531021
33764.44,ROW-min-ED(FPS),412,2563,85945,0,geod_dist_to_target,11,0.5873768680531021
33764.44,ROW-min-ED(FPS),412,2563,85945,0,geod_dist_to_target,12,0.5873768680531021
33764.44,ROW-min-ED(FPS),412,2563,85945,0,geod_dist_to_target,13,0.5873768680531021
33764.44,ROW-min-ED(FPS),412,2563,85945,0,geod_dist_to_target,14,0.5873768680531021
33764.44,ROW-min-ED(FPS),412,2563,85945,0,geod_dist_to_target,15,0.5873768680531021
33764.44,ROW-min-ED(FPS),412,6159,85945,0,geod_dist_to_target,16,0.2403591873568953
33764.44,ROW-min-ED(FPS),412,6159,85945,0,geod_dist_to_target,17,0.2403591873568953
33764.44,ROW-min-ED(FPS),412,6159,85945,0,geod_dist_to_target,18,0.2403591873568953
33764.44,ROW-min-ED(FPS),412,6159,85945,0,geod_dist_to_target,19,0.2403591873568953
33764.44,ROW-min-ED(FPS),412,6159,85945,0,geod_dist_to_target,20,0.2403591873568953
33764.44,ROW-min-ED(FPS),412,6159,85945,0,geod_dist_to_target,22,0.2403591873568953
33764.44,ROW-min-ED(FPS),412,6159,85945,0,geod_dist_to_target,24,0.2403591873568953
33764.44,ROW-min-ED(FPS),412,6159,85945,0,geod_dist_to_target,26,0.2403591873568953
33764.44,ROW-min-ED(FPS),412,6159,85945,0,geod_dist_to_target,28,0.2403591873568953
33764.44,ROW-min-ED(FPS),412,6159,85945,0,geod_dist_to_target,30,0.2403591873568953
33764.44,ROW-min-ED(FPS),412,6159,85945,0,geod_dist_to_target,32,0.2403591873568953
33764.44,ROW-min-ED(FPS),412,6159,85945,0,geod_dist_to_target,34,0.2403591873568953
33764.44,ROW-min-ED(FPS),412,6159,85945,0,geod_dist_to_target,36,0.2403591873568953
33764.44,ROW-min-ED(FPS),412,6159,85945,0,geod_dist_to_target,38,0.2403591873568953
33764.44,ROW-min-ED(FPS),412,5953,85945,0,geod_dist_to_target,40,0.27150774923821874
33764.44,ROW-min-ED(FPS),412,5953,85945,0,geod_dist_to_target,42,0.27150774923821874
33764.44,ROW-min-ED(FPS),412,5953,85945,0,geod_dist_to_target,44,0.27150774923821874
33764.44,ROW-min-ED(FPS),412,412,85945,0,geod_dist_to_target,46,0.0
33764.44,ROW-min-ED(FPS),412,6159,85945,0,geod_dist_to_target,48,0.2403591873568953
33764.44,ROW-min-ED(FPS),412,412,85945,0,geod_dist_to_target,50,0.0
33764.44,ROW-min-ED(FPS),412,6159,85945,0,geod_dist_to_target,55,0.2403591873568953
33764.44,ROW-min-ED(FPS),412,412,85945,0,geod_dist_to_target,60,0.0
33764.44,ROW-min-ED(FPS),412,412,85945,0,geod_dist_to_target,65,0.0
33764.44,ROW-min-ED(FPS),412,412,85945,0,geod_dist_to_target,70,0.0
33764.44,ROW-min-ED(FPS),412,5953,85945,0,geod_dist_to_target,75,0.27150774923821874
33764.44,ROW-min-ED(FPS),412,5953,85945,0,geod_dist_to_target,80,0.27150774923821874
33764.44,ROW-min-ED(FPS),412,412,85945,0,geod_dist_to_target,85,0.0
33764.44,ROW-min-ED(FPS),412,412,85945,0,geod_dist_to_target,90,0.0
33764.44,ROW-min-ED(FPS),412,412,85945,0,geod_dist_to_target,95,0.0
33764.44,ROW-min-ED(FPS),412,412,85945,0,geod_dist_to_target,100,0.0
33764.44,ROW-min-ED(FPS),412,5658,697368,0,geod_dist_to_target,5,2.937257318464823
33764.44,ROW-min-ED(FPS),412,5660,697368,0,geod_dist_to_target,6,3.537907141356157
33764.44,ROW-min-ED(FPS),412,5660,697368,0,geod_dist_to_target,7,3.537907141356157
33764.44,ROW-min-ED(FPS),412,5658,697368,0,geod_dist_to_target,8,2.937257318464823
33764.44,ROW-min-ED(FPS),412,5782,697368,0,geod_dist_to_target,9,1.7968847350508836
33764.44,ROW-min-ED(FPS),412,5782,697368,0,geod_dist_to_target,10,1.7968847350508836
33764.44,ROW-min-ED(FPS),412,5782,697368,0,geod_dist_to_target,11,1.7968847350508836
33764.44,ROW-min-ED(FPS),412,5782,697368,0,geod_dist_to_target,12,1.7968847350508836
33764.44,ROW-min-ED(FPS),412,5782,697368,0,geod_dist_to_target,13,1.7968847350508836
33764.44,ROW-min-ED(FPS),412,5782,697368,0,geod_dist_to_target,14,1.7968847350508836
33764.44,ROW-min-ED(FPS),412,5782,697368,0,geod_dist_to_target,15,1.7968847350508836
33764.44,ROW-min-ED(FPS),412,5783,697368,0,geod_dist_to_target,16,1.3499556943916124
33764.44,ROW-min-ED(FPS),412,9444,697368,0,geod_dist_to_target,17,0.6570037015080127
33764.44,ROW-min-ED(FPS),412,5783,697368,0,geod_dist_to_target,18,1.3499556943916124
33764.44,ROW-min-ED(FPS),412,5782,697368,0,geod_dist_to_target,19,1.7968847350508836
33764.44,ROW-min-ED(FPS),412,5782,697368,0,geod_dist_to_target,20,1.7968847350508836
33764.44,ROW-min-ED(FPS),412,12146,697368,0,geod_dist_to_target,22,1.6445521054628263
33764.44,ROW-min-ED(FPS),412,4003,697368,0,geod_dist_to_target,24,1.1498408316314779
33764.44,ROW-min-ED(FPS),412,5784,697368,0,geod_dist_to_target,26,0.6092214683359353
33764.44,ROW-min-ED(FPS),412,5784,697368,0,geod_dist_to_target,28,0.6092214683359353
33764.44,ROW-min-ED(FPS),412,5784,697368,0,geod_dist_to_target,30,0.6092214683359353
33764.44,ROW-min-ED(FPS),412,5784,697368,0,geod_dist_to_target,32,0.6092214683359353
33764.44,ROW-min-ED(FPS),412,5784,697368,0,geod_dist_to_target,34,0.6092214683359353
33764.44,ROW-min-ED(FPS),412,5784,697368,0,geod_dist_to_target,36,0.6092214683359353
33764.44,ROW-min-ED(FPS),412,5784,697368,0,geod_dist_to_target,38,0.6092214683359353
33764.44,ROW-min-ED(FPS),412,5784,697368,0,geod_dist_to_target,40,0.6092214683359353
33764.44,ROW-min-ED(FPS),412,5784,697368,0,geod_dist_to_target,42,0.6092214683359353
33764.44,ROW-min-ED(FPS),412,5784,697368,0,geod_dist_to_target,44,0.6092214683359353
33764.44,ROW-min-ED(FPS),412,412,697368,0,geod_dist_to_target,46,0.0
33764.44,ROW-min-ED(FPS),412,1951,697368,0,geod_dist_to_target,48,0.2901684246817361
33764.44,ROW-min-ED(FPS),412,1951,697368,0,geod_dist_to_target,50,0.2901684246817361
33764.44,ROW-min-ED(FPS),412,412,697368,0,geod_dist_to_target,55,0.0
33764.44,ROW-min-ED(FPS),412,412,697368,0,geod_dist_to_target,60,0.0
33764.44,ROW-min-ED(FPS),412,412,697368,0,geod_dist_to_target,65,0.0
33764.44,ROW-min-ED(FPS),412,412,697368,0,geod_dist_to_target,70,0.0
33764.44,ROW-min-ED(FPS),412,412,697368,0,geod_dist_to_target,75,0.0
33764.44,ROW-min-ED(FPS),412,412,697368,0,geod_dist_to_target,80,0.0
33764.44,ROW-min-ED(FPS),412,412,697368,0,geod_dist_to_target,85,0.0
33764.44,ROW-min-ED(FPS),412,412,697368,0,geod_dist_to_target,90,0.0
33764.44,ROW-min-ED(FPS),412,412,697368,0,geod_dist_to_target,95,0.0
33764.44,ROW-min-ED(FPS),412,412,697368,0,geod_dist_to_target,100,0.0
33764.44,ROW-min-ED(FPS),412,5949,201469,0,geod_dist_to_target,5,0.6094584070920324
33764.44,ROW-min-ED(FPS),412,5949,201469,0,geod_dist_to_target,6,0.6094584070920324
33764.44,ROW-min-ED(FPS),412,5784,201469,0,geod_dist_to_target,7,0.6092214683359353
33764.44,ROW-min-ED(FPS),412,1951,201469,0,geod_dist_to_target,8,0.2901684246817361
33764.44,ROW-min-ED(FPS),412,9444,201469,0,geod_dist_to_target,9,0.6570037015080127
33764.44,ROW-min-ED(FPS),412,9444,201469,0,geod_dist_to_target,10,0.6570037015080127
33764.44,ROW-min-ED(FPS),412,1951,201469,0,geod_dist_to_target,11,0.2901684246817361
33764.44,ROW-min-ED(FPS),412,412,201469,0,geod_dist_to_target,12,0.0
33764.44,ROW-min-ED(FPS),412,412,201469,0,geod_dist_to_target,13,0.0
33764.44,ROW-min-ED(FPS),412,412,201469,0,geod_dist_to_target,14,0.0
33764.44,ROW-min-ED(FPS),412,412,201469,0,geod_dist_to_target,15,0.0
33764.44,ROW-min-ED(FPS),412,2563,201469,0,geod_dist_to_target,16,0.5873768680531021
33764.44,ROW-min-ED(FPS),412,2563,201469,0,geod_dist_to_target,17,0.5873768680531021
33764.44,ROW-min-ED(FPS),412,412,201469,0,geod_dist_to_target,18,0.0
33764.44,ROW-min-ED(FPS),412,412,201469,0,geod_dist_to_target,19,0.0
33764.44,ROW-min-ED(FPS),412,412,201469,0,geod_dist_to_target,20,0.0
33764.44,ROW-min-ED(FPS),412,412,201469,0,geod_dist_to_target,22,0.0
33764.44,ROW-min-ED(FPS),412,412,201469,0,geod_dist_to_target,24,0.0
33764.44,ROW-min-ED(FPS),412,2563,201469,0,geod_dist_to_target,26,0.5873768680531021
33764.44,ROW-min-ED(FPS),412,412,201469,0,geod_dist_to_target,28,0.0
33764.44,ROW-min-ED(FPS),412,412,201469,0,geod_dist_to_target,30,0.0
33764.44,ROW-min-ED(FPS),412,412,201469,0,geod_dist_to_target,32,0.0
33764.44,ROW-min-ED(FPS),412,2563,201469,0,geod_dist_to_target,34,0.5873768680531021
33764.44,ROW-min-ED(FPS),412,412,201469,0,geod_dist_to_target,36,0.0
33764.44,ROW-min-ED(FPS),412,412,201469,0,geod_dist_to_target,38,0.0
33764.44,ROW-min-ED(FPS),412,412,201469,0,geod_dist_to_target,40,0.0
33764.44,ROW-min-ED(FPS),412,412,201469,0,geod_dist_to_target,42,0.0
33764.44,ROW-min-ED(FPS),412,412,201469,0,geod_dist_to_target,44,0.0
33764.44,ROW-min-ED(FPS),412,412,201469,0,geod_dist_to_target,46,0.0
33764.44,ROW-min-ED(FPS),412,412,201469,0,geod_dist_to_target,48,0.0
33764.44,ROW-min-ED(FPS),412,412,201469,0,geod_dist_to_target,50,0.0
33764.44,ROW-min-ED(FPS),412,6159,201469,0,geod_dist_to_target,55,0.2403591873568953
33764.44,ROW-min-ED(FPS),412,2563,201469,0,geod_dist_to_target,60,0.5873768680531021
33764.44,ROW-min-ED(FPS),412,2563,201469,0,geod_dist_to_target,65,0.5873768680531021
33764.44,ROW-min-ED(FPS),412,2563,201469,0,geod_dist_to_target,70,0.5873768680531021
33764.44,ROW-min-ED(FPS),412,2563,201469,0,geod_dist_to_target,75,0.5873768680531021
33764.44,ROW-min-ED(FPS),412,9237,201469,0,geod_dist_to_target,80,1.478273039235452
33764.44,ROW-min-ED(FPS),412,9237,201469,0,geod_dist_to_target,85,1.478273039235452
33764.44,ROW-min-ED(FPS),412,2563,201469,0,geod_dist_to_target,90,0.5873768680531021
33764.44,ROW-min-ED(FPS),412,2563,201469,0,geod_dist_to_target,95,0.5873768680531021
33764.44,ROW-min-ED(FPS),412,2563,201469,0,geod_dist_to_target,100,0.5873768680531021
33764.44,ROW-min-ED(FPS),412,6398,94177,0,geod_dist_to_target,5,3.0686021820601184
33764.44,ROW-min-ED(FPS),412,6159,94177,0,geod_dist_to_target,6,0.2403591873568953
33764.44,ROW-min-ED(FPS),412,6159,94177,0,geod_dist_to_target,7,0.2403591873568953
33764.44,ROW-min-ED(FPS),412,6159,94177,0,geod_dist_to_target,8,0.2403591873568953
33764.44,ROW-min-ED(FPS),412,6159,94177,0,geod_dist_to_target,9,0.2403591873568953
33764.44,ROW-min-ED(FPS),412,6159,94177,0,geod_dist_to_target,10,0.2403591873568953
33764.44,ROW-min-ED(FPS),412,9237,94177,0,geod_dist_to_target,11,1.478273039235452
33764.44,ROW-min-ED(FPS),412,412,94177,0,geod_dist_to_target,12,0.0
33764.44,ROW-min-ED(FPS),412,6159,94177,0,geod_dist_to_target,13,0.2403591873568953
33764.44,ROW-min-ED(FPS),412,5953,94177,0,geod_dist_to_target,14,0.27150774923821874
33764.44,ROW-min-ED(FPS),412,5953,94177,0,geod_dist_to_target,15,0.27150774923821874
33764.44,ROW-min-ED(FPS),412,5953,94177,0,geod_dist_to_target,16,0.27150774923821874
33764.44,ROW-min-ED(FPS),412,5953,94177,0,geod_dist_to_target,17,0.27150774923821874
33764.44,ROW-min-ED(FPS),412,5953,94177,0,geod_dist_to_target,18,0.27150774923821874
33764.44,ROW-min-ED(FPS),412,5953,94177,0,geod_dist_to_target,19,0.27150774923821874
33764.44,ROW-min-ED(FPS),412,5953,94177,0,geod_dist_to_target,20,0.27150774923821874
33764.44,ROW-min-ED(FPS),412,5953,94177,0,geod_dist_to_target,22,0.27150774923821874
33764.44,ROW-min-ED(FPS),412,5953,94177,0,geod_dist_to_target,24,0.27150774923821874
33764.44,ROW-min-ED(FPS),412,5953,94177,0,geod_dist_to_target,26,0.27150774923821874
33764.44,ROW-min-ED(FPS),412,5953,94177,0,geod_dist_to_target,28,0.27150774923821874
33764.44,ROW-min-ED(FPS),412,5953,94177,0,geod_dist_to_target,30,0.27150774923821874
33764.44,ROW-min-ED(FPS),412,5953,94177,0,geod_dist_to_target,32,0.27150774923821874
33764.44,ROW-min-ED(FPS),412,5953,94177,0,geod_dist_to_target,34,0.27150774923821874
33764.44,ROW-min-ED(FPS),412,5953,94177,0,geod_dist_to_target,36,0.27150774923821874
33764.44,ROW-min-ED(FPS),412,5953,94177,0,geod_dist_to_target,38,0.27150774923821874
33764.44,ROW-min-ED(FPS),412,5953,94177,0,geod_dist_to_target,40,0.27150774923821874
33764.44,ROW-min-ED(FPS),412,5953,94177,0,geod_dist_to_target,42,0.27150774923821874
33764.44,ROW-min-ED(FPS),412,5953,94177,0,geod_dist_to_target,44,0.27150774923821874
33764.44,ROW-min-ED(FPS),412,412,94177,0,geod_dist_to_target,46,0.0
33764.44,ROW-min-ED(FPS),412,5953,94177,0,geod_dist_to_target,48,0.27150774923821874
33764.44,ROW-min-ED(FPS),412,5953,94177,0,geod_dist_to_target,50,0.27150774923821874
33764.44,ROW-min-ED(FPS),412,5953,94177,0,geod_dist_to_target,55,0.27150774923821874
33764.44,ROW-min-ED(FPS),412,6159,94177,0,geod_dist_to_target,60,0.2403591873568953
33764.44,ROW-min-ED(FPS),412,6159,94177,0,geod_dist_to_target,65,0.2403591873568953
33764.44,ROW-min-ED(FPS),412,6159,94177,0,geod_dist_to_target,70,0.2403591873568953
33764.44,ROW-min-ED(FPS),412,10803,94177,0,geod_dist_to_target,75,1.0974423369038628
33764.44,ROW-min-ED(FPS),412,9237,94177,0,geod_dist_to_target,80,1.478273039235452
33764.44,ROW-min-ED(FPS),412,9237,94177,0,geod_dist_to_target,85,1.478273039235452
33764.44,ROW-min-ED(FPS),412,9237,94177,0,geod_dist_to_target,90,1.478273039235452
33764.44,ROW-min-ED(FPS),412,9237,94177,0,geod_dist_to_target,95,1.478273039235452
33764.44,ROW-min-ED(FPS),412,9237,94177,0,geod_dist_to_target,100,1.478273039235452
33764.44,COL-mean-ED,412,12259,89250,0,geod_dist_to_target,5,8.878001945460086
33764.44,COL-mean-ED,412,6425,89250,0,geod_dist_to_target,6,9.649089105286814
33764.44,COL-mean-ED,412,6425,89250,0,geod_dist_to_target,7,9.649089105286814
33764.44,COL-mean-ED,412,1879,89250,0,geod_dist_to_target,8,29.4839505175968
33764.44,COL-mean-ED,412,1269,89250,0,geod_dist_to_target,9,10.373445234249253
33764.44,COL-mean-ED,412,3766,89250,0,geod_dist_to_target,10,38.509828464146636
33764.44,COL-mean-ED,412,4492,89250,0,geod_dist_to_target,11,24.59151579612087
33764.44,COL-mean-ED,412,9237,89250,0,geod_dist_to_target,12,1.478273039235452
33764.44,COL-mean-ED,412,6388,89250,0,geod_dist_to_target,13,1.9902165974611477
33764.44,COL-mean-ED,412,6388,89250,0,geod_dist_to_target,14,1.9902165974611477
33764.44,COL-mean-ED,412,6388,89250,0,geod_dist_to_target,15,1.9902165974611477
33764.44,COL-mean-ED,412,7516,89250,0,geod_dist_to_target,16,5.759823843645506
33764.44,COL-mean-ED,412,7516,89250,0,geod_dist_to_target,17,5.759823843645506
33764.44,COL-mean-ED,412,7516,89250,0,geod_dist_to_target,18,5.759823843645506
33764.44,COL-mean-ED,412,7516,89250,0,geod_dist_to_target,19,5.759823843645506
33764.44,COL-mean-ED,412,11208,89250,0,geod_dist_to_target,20,3.521644897267876
33764.44,COL-mean-ED,412,11208,89250,0,geod_dist_to_target,22,3.521644897267876
33764.44,COL-mean-ED,412,11208,89250,0,geod_dist_to_target,24,3.521644897267876
33764.44,COL-mean-ED,412,11208,89250,0,geod_dist_to_target,26,3.521644897267876
33764.44,COL-mean-ED,412,11208,89250,0,geod_dist_to_target,28,3.521644897267876
33764.44,COL-mean-ED,412,11208,89250,0,geod_dist_to_target,30,3.521644897267876
33764.44,COL-mean-ED,412,11208,89250,0,geod_dist_to_target,32,3.521644897267876
33764.44,COL-mean-ED,412,11208,89250,0,geod_dist_to_target,34,3.521644897267876
33764.44,COL-mean-ED,412,8577,89250,0,geod_dist_to_target,36,2.260220419152611
33764.44,COL-mean-ED,412,11208,89250,0,geod_dist_to_target,38,3.521644897267876
33764.44,COL-mean-ED,412,11208,89250,0,geod_dist_to_target,40,3.521644897267876
33764.44,COL-mean-ED,412,5660,89250,0,geod_dist_to_target,42,3.537907141356157
33764.44,COL-mean-ED,412,5660,89250,0,geod_dist_to_target,44,3.537907141356157
33764.44,COL-mean-ED,412,5660,89250,0,geod_dist_to_target,46,3.537907141356157
33764.44,COL-mean-ED,412,5660,89250,0,geod_dist_to_target,48,3.537907141356157
33764.44,COL-mean-ED,412,5660,89250,0,geod_dist_to_target,50,3.537907141356157
33764.44,COL-mean-ED,412,5658,89250,0,geod_dist_to_target,55,2.937257318464823
33764.44,COL-mean-ED,412,905,89250,0,geod_dist_to_target,60,2.3727809671522624
33764.44,COL-mean-ED,412,12146,89250,0,geod_dist_to_target,65,1.6445521054628263
33764.44,COL-mean-ED,412,6170,89250,0,geod_dist_to_target,70,1.4879731963439282
33764.44,COL-mean-ED,412,4003,89250,0,geod_dist_to_target,75,1.1498408316314779
33764.44,COL-mean-ED,412,12146,89250,0,geod_dist_to_target,80,1.6445521054628263
33764.44,COL-mean-ED,412,5784,89250,0,geod_dist_to_target,85,0.6092214683359353
33764.44,COL-mean-ED,412,9444,89250,0,geod_dist_to_target,90,0.6570037015080127
33764.44,COL-mean-ED,412,9444,89250,0,geod_dist_to_target,95,0.6570037015080127
33764.44,COL-mean-ED,412,9444,89250,0,geod_dist_to_target,100,0.6570037015080127
33764.44,COL-mean-ED,412,5601,773956,0,geod_dist_to_target,5,4.916429228950858
33764.44,COL-mean-ED,412,179,773956,0,geod_dist_to_target,6,33.554301524711214
33764.44,COL-mean-ED,412,3927,773956,0,geod_dist_to_target,7,36.79510810162526
33764.44,COL-mean-ED,412,5029,773956,0,geod_dist_to_target,8,27.75674392805449
33764.44,COL-mean-ED,412,5226,773956,0,geod_dist_to_target,9,6.285804920962831
33764.44,COL-mean-ED,412,1027,773956,0,geod_dist_to_target,10,1.9053800141054464
33764.44,COL-mean-ED,412,6390,773956,0,geod_dist_to_target,11,2.1044989842207458
33764.44,COL-mean-ED,412,7054,773956,0,geod_dist_to_target,12,9.658516030996182
33764.44,COL-mean-ED,412,9067,773956,0,geod_dist_to_target,13,32.2358814742061
33764.44,COL-mean-ED,412,9067,773956,0,geod_dist_to_target,14,32.2358814742061
33764.44,COL-mean-ED,412,9067,773956,0,geod_dist_to_target,15,32.2358814742061
33764.44,COL-mean-ED,412,1105,773956,0,geod_dist_to_target,16,32.33194097802791
33764.44,COL-mean-ED,412,1105,773956,0,geod_dist_to_target,17,32.33194097802791
33764.44,COL-mean-ED,412,1631,773956,0,geod_dist_to_target,18,32.742014538090224
33764.44,COL-mean-ED,412,1631,773956,0,geod_dist_to_target,19,32.742014538090224
33764.44,COL-mean-ED,412,1631,773956,0,geod_dist_to_target,20,32.742014538090224
33764.44,COL-mean-ED,412,1631,773956,0,geod_dist_to_target,22,32.742014538090224
33764.44,COL-mean-ED,412,1631,773956,0,geod_dist_to_target,24,32.742014538090224
33764.44,COL-mean-ED,412,646,773956,0,geod_dist_to_target,26,33.001553940604396
33764.44,COL-mean-ED,412,6418,773956,0,geod_dist_to_target,28,8.457953464897686
33764.44,COL-mean-ED,412,6418,773956,0,geod_dist_to_target,30,8.457953464897686
33764.44,COL-mean-ED,412,6418,773956,0,geod_dist_to_target,32,8.457953464897686
33764.44,COL-mean-ED,412,5661,773956,0,geod_dist_to_target,34,3.446025196209708
33764.44,COL-mean-ED,412,5661,773956,0,geod_dist_to_target,36,3.446025196209708
33764.44,COL-mean-ED,412,12058,773956,0,geod_dist_to_target,38,36.12010536075575
33764.44,COL-mean-ED,412,9026,773956,0,geod_dist_to_target,40,3.3766899586757693
33764.44,COL-mean-ED,412,9026,773956,0,geod_dist_to_target,42,3.3766899586757693
33764.44,COL-mean-ED,412,9026,773956,0,geod_dist_to_target,44,3.3766899586757693
33764.44,COL-mean-ED,412,6878,773956,0,geod_dist_to_target,46,1.1987755583541737
33764.44,COL-mean-ED,412,6161,773956,0,geod_dist_to_target,48,0.9313816571094801
33764.44,COL-mean-ED,412,6161,773956,0,geod_dist_to_target,50,0.9313816571094801
33764.44,COL-mean-ED,412,6169,773956,0,geod_dist_to_target,55,1.2919275540685102
33764.44,COL-mean-ED,412,6160,773956,0,geod_dist_to_target,60,0.5037172425378162
33764.44,COL-mean-ED,412,6160,773956,0,geod_dist_to_target,65,0.5037172425378162
33764.44,COL-mean-ED,412,6160,773956,0,geod_dist_to_target,70,0.5037172425378162
33764.44,COL-mean-ED,412,6160,773956,0,geod_dist_to_target,75,0.5037172425378162
33764.44,COL-mean-ED,412,6160,773956,0,geod_dist_to_target,80,0.5037172425378162
33764.44,COL-mean-ED,412,6160,773956,0,geod_dist_to_target,85,0.5037172425378162
33764.44,COL-mean-ED,412,6159,773956,0,geod_dist_to_target,90,0.2403591873568953
33764.44,COL-mean-ED,412,8075,773956,0,geod_dist_to_target,95,38.4487086282325
33764.44,COL-mean-ED,412,6159,773956,0,geod_dist_to_target,100,0.2403591873568953
33764.44,COL-mean-ED,412,11868,654571,0,geod_dist_to_target,5,34.38477568511231
33764.44,COL-mean-ED,412,1105,654571,0,geod_dist_to_target,6,32.33194097802791
33764.44,COL-mean-ED,412,1105,654571,0,geod_dist_to_target,7,32.33194097802791
33764.44,COL-mean-ED,412,4356,654571,0,geod_dist_to_target,8,11.488691783067376
33764.44,COL-mean-ED,412,4356,654571,0,geod_dist_to_target,9,11.488691783067376
33764.44,COL-mean-ED,412,5185,654571,0,geod_dist_to_target,10,5.689390582643061
33764.44,COL-mean-ED,412,5185,654571,0,geod_dist_to_target,11,5.689390582643061
33764.44,COL-mean-ED,412,4093,654571,0,geod_dist_to_target,12,43.58310898079273
33764.44,COL-mean-ED,412,4820,654571,0,geod_dist_to_target,13,35.481788314699976
33764.44,COL-mean-ED,412,4820,654571,0,geod_dist_to_target,14,35.481788314699976
33764.44,COL-mean-ED,412,4820,654571,0,geod_dist_to_target,15,35.481788314699976
33764.44,COL-mean-ED,412,4190,654571,0,geod_dist_to_target,16,35.9951418082613
33764.44,COL-mean-ED,412,4190,654571,0,geod_dist_to_target,17,35.9951418082613
33764.44,COL-mean-ED,412,4190,654571,0,geod_dist_to_target,18,35.9951418082613
33764.44,COL-mean-ED,412,4190,654571,0,geod_dist_to_target,19,35.9951418082613
33764.44,COL-mean-ED,412,4998,654571,0,geod_dist_to_target,20,6.879598099364247
33764.44,COL-mean-ED,412,11258,654571,0,geod_dist_to_target,22,6.459200337128024
33764.44,COL-mean-ED,412,11258,654571,0,geod_dist_to_target,24,6.459200337128024
33764.44,COL-mean-ED,412,4190,654571,0,geod_dist_to_target,26,35.9951418082613
33764.44,COL-mean-ED,412,4190,654571,0,geod_dist_to_target,28,35.9951418082613
33764.44,COL-mean-ED,412,4190,654571,0,geod_dist_to_target,30,35.9951418082613
33764.44,COL-mean-ED,412,699,654571,0,geod_dist_to_target,32,35.75099117220126
33764.44,COL-mean-ED,412,699,654571,0,geod_dist_to_target,34,35.75099117220126
33764.44,COL-mean-ED,412,699,654571,0,geod_dist_to_target,36,35.75099117220126
33764.44,COL-mean-ED,412,699,654571,0,geod_dist_to_target,38,35.75099117220126
33764.44,COL-mean-ED,412,699,654571,0,geod_dist_to_target,40,35.75099117220126
33764.44,COL-mean-ED,412,699,654571,0,geod_dist_to_target,42,35.75099117220126
33764.44,COL-mean-ED,412,699,654571,0,geod_dist_to_target,44,35.75099117220126
33764.44,COL-mean-ED,412,699,654571,0,geod_dist_to_target,46,35.75099117220126
33764.44,COL-mean-ED,412,699,654571,0,geod_dist_to_target,48,35.75099117220126
33764.44,COL-mean-ED,412,699,654571,0,geod_dist_to_target,50,35.75099117220126
33764.44,COL-mean-ED,412,699,654571,0,geod_dist_to_target,55,35.75099117220126
33764.44,COL-mean-ED,412,10773,654571,0,geod_dist_to_target,60,3.3968631096587423
33764.44,COL-mean-ED,412,9338,654571,0,geod_dist_to_target,65,4.694337545091407
33764.44,COL-mean-ED,412,9338,654571,0,geod_dist_to_target,70,4.694337545091407
33764.44,COL-mean-ED,412,9338,654571,0,geod_dist_to_target,75,4.694337545091407
33764.44,COL-mean-ED,412,6559,654571,0,geod_dist_to_target,80,4.130415836560422
33764.44,COL-mean-ED,412,6097,654571,0,geod_dist_to_target,85,4.05876952063332
33764.44,COL-mean-ED,412,6097,654571,0,geod_dist_to_target,90,4.05876952063332
33764.44,COL-mean-ED,412,6392,654571,0,geod_dist_to_target,95,2.284010714836365
33764.44,COL-mean-ED,412,1132,654571,0,geod_dist_to_target,100,2.8870379629069327
33764.44,COL-mean-ED,412,4909,438878,0,geod_dist_to_target,5,33.12996145461373
33764.44,COL-mean-ED,412,5227,438878,0,geod_dist_to_target,6,6.524009998318874
33764.44,COL-mean-ED,412,5227,438878,0,geod_dist_to_target,7,6.524009998318874
33764.44,COL-mean-ED,412,6152,438878,0,geod_dist_to_target,8,5.301506539660703
33764.44,COL-mean-ED,412,1774,438878,0,geod_dist_to_target,9,27.67697070461399
33764.44,COL-mean-ED,412,7408,438878,0,geod_dist_to_target,10,10.301387699719758
33764.44,COL-mean-ED,412,1215,438878,0,geod_dist_to_target,11,8.96306145409533
33764.44,COL-mean-ED,412,11504,438878,0,geod_dist_to_target,12,32.433510278367514
33764.44,COL-mean-ED,412,601,438878,0,geod_dist_to_target,13,15.279025085884617
33764.44,COL-mean-ED,412,601,438878,0,geod_dist_to_target,14,15.279025085884617
33764.44,COL-mean-ED,412,11065,438878,0,geod_dist_to_target,15,28.193638449993202
33764.44,COL-mean-ED,412,9946,438878,0,geod_dist_to_target,16,41.167765872600604
33764.44,COL-mean-ED,412,9946,438878,0,geod_dist_to_target,17,41.167765872600604
33764.44,COL-mean-ED,412,12012,438878,0,geod_dist_to_target,18,17.085374908406227
33764.44,COL-mean-ED,412,6346,438878,0,geod_dist_to_target,19,24.148616990799738
33764.44,COL-mean-ED,412,1172,438878,0,geod_dist_to_target,20,42.44494314891803
33764.44,COL-mean-ED,412,6601,438878,0,geod_dist_to_target,22,14.466376223104016
33764.44,COL-mean-ED,412,6601,438878,0,geod_dist_to_target,24,14.466376223104016
33764.44,COL-mean-ED,412,6601,438878,0,geod_dist_to_target,26,14.466376223104016
33764.44,COL-mean-ED,412,3195,438878,0,geod_dist_to_target,28,45.92695576214478
33764.44,COL-mean-ED,412,3195,438878,0,geod_dist_to_target,30,45.92695576214478
33764.44,COL-mean-ED,412,52,438878,0,geod_dist_to_target,32,37.77185122688146
33764.44,COL-mean-ED,412,52,438878,0,geod_dist_to_target,34,37.77185122688146
33764.44,COL-mean-ED,412,759,438878,0,geod_dist_to_target,36,37.96867741069731
33764.44,COL-mean-ED,412,8075,438878,0,geod_dist_to_target,38,38.4487086282325
33764.44,COL-mean-ED,412,759,438878,0,geod_dist_to_target,40,37.96867741069731
33764.44,COL-mean-ED,412,759,438878,0,geod_dist_to_target,42,37.96867741069731
33764.44,COL-mean-ED,412,759,438878,0,geod_dist_to_target,44,37.96867741069731
33764.44,COL-mean-ED,412,759,438878,0,geod_dist_to_target,46,37.96867741069731
33764.44,COL-mean-ED,412,759,438878,0,geod_dist_to_target,48,37.96867741069731
33764.44,COL-mean-ED,412,759,438878,0,geod_dist_to_target,50,37.96867741069731
33764.44,COL-mean-ED,412,10203,438878,0,geod_dist_to_target,55,20.78236457019432
33764.44,COL-mean-ED,412,10203,438878,0,geod_dist_to_target,60,20.78236457019432
33764.44,COL-mean-ED,412,412,438878,0,geod_dist_to_target,65,0.0
33764.44,COL-mean-ED,412,412,438878,0,geod_dist_to_target,70,0.0
33764.44,COL-mean-ED,412,412,438878,0,geod_dist_to_target,75,0.0
33764.44,COL-mean-ED,412,412,438878,0,geod_dist_to_target,80,0.0
33764.44,COL-mean-ED,412,8577,438878,0,geod_dist_to_target,85,2.260220419152611
33764.44,COL-mean-ED,412,8577,438878,0,geod_dist_to_target,90,2.260220419152611
33764.44,COL-mean-ED,412,2733,438878,0,geod_dist_to_target,95,1.0461684241816511
33764.44,COL-mean-ED,412,2733,438878,0,geod_dist_to_target,100,1.0461684241816511
33764.44,COL-mean-ED,412,9460,433015,0,geod_dist_to_target,5,34.99591223658064
33764.44,COL-mean-ED,412,4008,433015,0,geod_dist_to_target,6,26.81734890759094
33764.44,COL-mean-ED,412,1986,433015,0,geod_dist_to_target,7,6.064678630360649
33764.44,COL-mean-ED,412,2556,433015,0,geod_dist_to_target,8,5.431101786368486
33764.44,COL-mean-ED,412,6597,433015,0,geod_dist_to_target,9,13.914814945126947
33764.44,COL-mean-ED,412,10492,433015,0,geod_dist_to_target,10,23.252481851190783
33764.44,COL-mean-ED,412,10492,433015,0,geod_dist_to_target,11,23.252481851190783
33764.44,COL-mean-ED,412,3197,433015,0,geod_dist_to_target,12,3.457527094868062
33764.44,COL-mean-ED,412,3197,433015,0,geod_dist_to_target,13,3.457527094868062
33764.44,COL-mean-ED,412,3197,433015,0,geod_dist_to_target,14,3.457527094868062
33764.44,COL-mean-ED,412,3197,433015,0,geod_dist_to_target,15,3.457527094868062
33764.44,COL-mean-ED,412,5185,433015,0,geod_dist_to_target,16,5.689390582643061
33764.44,COL-mean-ED,412,8796,433015,0,geod_dist_to_target,17,31.160859466519526
33764.44,COL-mean-ED,412,8796,433015,0,geod_dist_to_target,18,31.160859466519526
33764.44,COL-mean-ED,412,8796,433015,0,geod_dist_to_target,19,31.160859466519526
33764.44,COL-mean-ED,412,8796,433015,0,geod_dist_to_target,20,31.160859466519526
33764.44,COL-mean-ED,412,8796,433015,0,geod_dist_to_target,22,31.160859466519526
33764.44,COL-mean-ED,412,8796,433015,0,geod_dist_to_target,24,31.160859466519526
33764.44,COL-mean-ED,412,4190,433015,0,geod_dist_to_target,26,35.9951418082613
33764.44,COL-mean-ED,412,4190,433015,0,geod_dist_to_target,28,35.9951418082613
33764.44,COL-mean-ED,412,4190,433015,0,geod_dist_to_target,30,35.9951418082613
33764.44,COL-mean-ED,412,1059,433015,0,geod_dist_to_target,32,5.667915555236273
33764.44,COL-mean-ED,412,80,433015,0,geod_dist_to_target,34,5.482093181794643
33764.44,COL-mean-ED,412,4686,433015,0,geod_dist_to_target,36,35.685887640916235
33764.44,COL-mean-ED,412,5219,433015,0,geod_dist_to_target,38,5.027571210369699
33764.44,COL-mean-ED,412,5219,433015,0,geod_dist_to_target,40,5.027571210369699
33764.44,COL-mean-ED,412,2309,433015,0,geod_dist_to_target,42,3.8971497856381423
33764.44,COL-mean-ED,412,2309,433015,0,geod_dist_to_target,44,3.8971497856381423
33764.44,COL-mean-ED,412,2309,433015,0,geod_dist_to_target,46,3.8971497856381423
33764.44,COL-mean-ED,412,5783,433015,0,geod_dist_to_target,48,1.3499556943916124
33764.44,COL-mean-ED,412,5783,433015,0,geod_dist_to_target,50,1.3499556943916124
33764.44,COL-mean-ED,412,5783,433015,0,geod_dist_to_target,55,1.3499556943916124
33764.44,COL-mean-ED,412,7426,433015,0,geod_dist_to_target,60,2.5972849494879564
33764.44,COL-mean-ED,412,5783,433015,0,geod_dist_to_target,65,1.3499556943916124
33764.44,COL-mean-ED,412,5783,433015,0,geod_dist_to_target,70,1.3499556943916124
33764.44,COL-mean-ED,412,5783,433015,0,geod_dist_to_target,75,1.3499556943916124
33764.44,COL-mean-ED,412,5783,433015,0,geod_dist_to_target,80,1.3499556943916124
33764.44,COL-mean-ED,412,7426,433015,0,geod_dist_to_target,85,2.5972849494879564
33764.44,COL-mean-ED,412,5782,433015,0,geod_dist_to_target,90,1.7968847350508836
33764.44,COL-mean-ED,412,5782,433015,0,geod_dist_to_target,95,1.7968847350508836
33764.44,COL-mean-ED,412,8577,433015,0,geod_dist_to_target,100,2.260220419152611
33764.44,COL-mean-ED,412,7408,858597,0,geod_dist_to_target,5,10.301387699719758
33764.44,COL-mean-ED,412,5528,858597,0,geod_dist_to_target,6,13.9137393711378
33764.44,COL-mean-ED,412,1052,858597,0,geod_dist_to_target,7,13.029070547705631
33764.44,COL-mean-ED,412,1052,858597,0,geod_dist_to_target,8,13.029070547705631
33764.44,COL-mean-ED,412,11610,858597,0,geod_dist_to_target,9,26.62764515955233
33764.44,COL-mean-ED,412,4876,858597,0,geod_dist_to_target,10,25.942186571608023
33764.44,COL-mean-ED,412,4143,858597,0,geod_dist_to_target,11,21.039868115502838
33764.44,COL-mean-ED,412,1630,858597,0,geod_dist_to_target,12,21.453808801869766
33764.44,COL-mean-ED,412,1630,858597,0,geod_dist_to_target,13,21.453808801869766
33764.44,COL-mean-ED,412,1728,858597,0,geod_dist_to_target,14,42.45723266882306
33764.44,COL-mean-ED,412,1630,858597,0,geod_dist_to_target,15,21.453808801869766
33764.44,COL-mean-ED,412,7516,858597,0,geod_dist_to_target,16,5.759823843645506
33764.44,COL-mean-ED,412,11203,858597,0,geod_dist_to_target,17,36.21084864826863
33764.44,COL-mean-ED,412,11203,858597,0,geod_dist_to_target,18,36.21084864826863
33764.44,COL-mean-ED,412,5787,858597,0,geod_dist_to_target,19,4.731565621125456
33764.44,COL-mean-ED,412,11203,858597,0,geod_dist_to_target,20,36.21084864826863
33764.44,COL-mean-ED,412,11203,858597,0,geod_dist_to_target,22,36.21084864826863
33764.44,COL-mean-ED,412,11203,858597,0,geod_dist_to_target,24,36.21084864826863
33764.44,COL-mean-ED,412,11203,858597,0,geod_dist_to_target,26,36.21084864826863
33764.44,COL-mean-ED,412,11203,858597,0,geod_dist_to_target,28,36.21084864826863
33764.44,COL-mean-ED,412,11203,858597,0,geod_dist_to_target,30,36.21084864826863
33764.44,COL-mean-ED,412,12058,858597,0,geod_dist_to_target,32,36.12010536075575
33764.44,COL-mean-ED,412,12058,858597,0,geod_dist_to_target,34,36.12010536075575
33764.44,COL-mean-ED,412,12058,858597,0,geod_dist_to_target,36,36.12010536075575
33764.44,COL-mean-ED,412,5660,858597,0,geod_dist_to_target,38,3.537907141356157
33764.44,COL-mean-ED,412,5660,858597,0,geod_dist_to_target,40,3.537907141356157
33764.44,COL-mean-ED,412,11208,858597,0,geod_dist_to_target,42,3.521644897267876
33764.44,COL-mean-ED,412,11208,858597,0,geod_dist_to_target,44,3.521644897267876
33764.44,COL-mean-ED,412,905,858597,0,geod_dist_to_target,46,2.3727809671522624
33764.44,COL-mean-ED,412,905,858597,0,geod_dist_to_target,48,2.3727809671522624
33764.44,COL-mean-ED,412,905,858597,0,geod_dist_to_target,50,2.3727809671522624
33764.44,COL-mean-ED,412,905,858597,0,geod_dist_to_target,55,2.3727809671522624
33764.44,COL-mean-ED,412,5603,858597,0,geod_dist_to_target,60,0.5520376503836683
33764.44,COL-mean-ED,412,1011,858597,0,geod_dist_to_target,65,1.8333880544988463
33764.44,COL-mean-ED,412,2011,858597,0,geod_dist_to_target,70,1.0137827113885771
33764.44,COL-mean-ED,412,5603,858597,0,geod_dist_to_target,75,0.5520376503836683
33764.44,COL-mean-ED,412,5953,858597,0,geod_dist_to_target,80,0.27150774923821874
33764.44,COL-mean-ED,412,2563,858597,0,geod_dist_to_target,85,0.5873768680531021
33764.44,COL-mean-ED,412,2563,858597,0,geod_dist_to_target,90,0.5873768680531021
33764.44,COL-mean-ED,412,2563,858597,0,geod_dist_to_target,95,0.5873768680531021
33764.44,COL-mean-ED,412,2563,858597,0,geod_dist_to_target,100,0.5873768680531021
33764.44,COL-mean-ED,412,12204,85945,0,geod_dist_to_target,5,9.738093554531417
33764.44,COL-mean-ED,412,6159,85945,0,geod_dist_to_target,6,0.2403591873568953
33764.44,COL-mean-ED,412,1631,85945,0,geod_dist_to_target,7,32.742014538090224
33764.44,COL-mean-ED,412,1631,85945,0,geod_dist_to_target,8,32.742014538090224
33764.44,COL-mean-ED,412,1631,85945,0,geod_dist_to_target,9,32.742014538090224
33764.44,COL-mean-ED,412,11776,85945,0,geod_dist_to_target,10,28.483471970880814
33764.44,COL-mean-ED,412,10310,85945,0,geod_dist_to_target,11,37.49477328130023
33764.44,COL-mean-ED,412,737,85945,0,geod_dist_to_target,12,37.2485897061234
33764.44,COL-mean-ED,412,6160,85945,0,geod_dist_to_target,13,0.5037172425378162
33764.44,COL-mean-ED,412,6160,85945,0,geod_dist_to_target,14,0.5037172425378162
33764.44,COL-mean-ED,412,6160,85945,0,geod_dist_to_target,15,0.5037172425378162
33764.44,COL-mean-ED,412,4492,85945,0,geod_dist_to_target,16,24.59151579612087
33764.44,COL-mean-ED,412,4492,85945,0,geod_dist_to_target,17,24.59151579612087
33764.44,COL-mean-ED,412,2011,85945,0,geod_dist_to_target,18,1.0137827113885771
33764.44,COL-mean-ED,412,6160,85945,0,geod_dist_to_target,19,0.5037172425378162
33764.44,COL-mean-ED,412,6160,85945,0,geod_dist_to_target,20,0.5037172425378162
33764.44,COL-mean-ED,412,4492,85945,0,geod_dist_to_target,22,24.59151579612087
33764.44,COL-mean-ED,412,4492,85945,0,geod_dist_to_target,24,24.59151579612087
33764.44,COL-mean-ED,412,4492,85945,0,geod_dist_to_target,26,24.59151579612087
33764.44,COL-mean-ED,412,11087,85945,0,geod_dist_to_target,28,26.29579874066339
33764.44,COL-mean-ED,412,11087,85945,0,geod_dist_to_target,30,26.29579874066339
33764.44,COL-mean-ED,412,11087,85945,0,geod_dist_to_target,32,26.29579874066339
33764.44,COL-mean-ED,412,11087,85945,0,geod_dist_to_target,34,26.29579874066339
33764.44,COL-mean-ED,412,3326,85945,0,geod_dist_to_target,36,34.13725077748561
33764.44,COL-mean-ED,412,237,85945,0,geod_dist_to_target,38,8.111931504777537
33764.44,COL-mean-ED,412,6169,85945,0,geod_dist_to_target,40,1.2919275540685102
33764.44,COL-mean-ED,412,6169,85945,0,geod_dist_to_target,42,1.2919275540685102
33764.44,COL-mean-ED,412,6169,85945,0,geod_dist_to_target,44,1.2919275540685102
33764.44,COL-mean-ED,412,6169,85945,0,geod_dist_to_target,46,1.2919275540685102
33764.44,COL-mean-ED,412,6169,85945,0,geod_dist_to_target,48,1.2919275540685102
33764.44,COL-mean-ED,412,5603,85945,0,geod_dist_to_target,50,0.5520376503836683
33764.44,COL-mean-ED,412,2011,85945,0,geod_dist_to_target,55,1.0137827113885771
33764.44,COL-mean-ED,412,2011,85945,0,geod_dist_to_target,60,1.0137827113885771
33764.44,COL-mean-ED,412,2011,85945,0,geod_dist_to_target,65,1.0137827113885771
33764.44,COL-mean-ED,412,2011,85945,0,geod_dist_to_target,70,1.0137827113885771
33764.44,COL-mean-ED,412,2011,85945,0,geod_dist_to_target,75,1.0137827113885771
33764.44,COL-mean-ED,412,10938,85945,0,geod_dist_to_target,80,2.17384526338392
33764.44,COL-mean-ED,412,10938,85945,0,geod_dist_to_target,85,2.17384526338392
33764.44,COL-mean-ED,412,10938,85945,0,geod_dist_to_target,90,2.17384526338392
33764.44,COL-mean-ED,412,10938,85945,0,geod_dist_to_target,95,2.17384526338392
33764.44,COL-mean-ED,412,10938,85945,0,geod_dist_to_target,100,2.17384526338392
33764.44,COL-mean-ED,412,5782,697368,0,geod_dist_to_target,5,1.7968847350508836
33764.44,COL-mean-ED,412,8472,697368,0,geod_dist_to_target,6,27.409050579230136
33764.44,COL-mean-ED,412,8472,697368,0,geod_dist_to_target,7,27.409050579230136
33764.44,COL-mean-ED,412,8472,697368,0,geod_dist_to_target,8,27.409050579230136
33764.44,COL-mean-ED,412,1911,697368,0,geod_dist_to_target,9,28.090158582910714
33764.44,COL-mean-ED,412,11557,697368,0,geod_dist_to_target,10,31.33797639868693
33764.44,COL-mean-ED,412,11557,697368,0,geod_dist_to_target,11,31.33797639868693
33764.44,COL-mean-ED,412,3498,697368,0,geod_dist_to_target,12,31.817941564452326
33764.44,COL-mean-ED,412,3075,697368,0,geod_dist_to_target,13,42.888991454746595
33764.44,COL-mean-ED,412,3075,697368,0,geod_dist_to_target,14,42.888991454746595
33764.44,COL-mean-ED,412,3075,697368,0,geod_dist_to_target,15,42.888991454746595
33764.44,COL-mean-ED,412,10965,697368,0,geod_dist_to_target,16,40.4700977360205
33764.44,COL-mean-ED,412,10019,697368,0,geod_dist_to_target,17,22.939974430506926
33764.44,COL-mean-ED,412,10694,697368,0,geod_dist_to_target,18,22.038583000977045
33764.44,COL-mean-ED,412,10694,697368,0,geod_dist_to_target,19,22.038583000977045
33764.44,COL-mean-ED,412,3997,697368,0,geod_dist_to_target,20,21.594208798977533
33764.44,COL-mean-ED,412,10694,697368,0,geod_dist_to_target,22,22.038583000977045
33764.44,COL-mean-ED,412,10694,697368,0,geod_dist_to_target,24,22.038583000977045
33764.44,COL-mean-ED,412,10019,697368,0,geod_dist_to_target,26,22.939974430506926
33764.44,COL-mean-ED,412,5123,697368,0,geod_dist_to_target,28,27.105931530039957
33764.44,COL-mean-ED,412,10019,697368,0,geod_dist_to_target,30,22.939974430506926
33764.44,COL-mean-ED,412,10019,697368,0,geod_dist_to_target,32,22.939974430506926
33764.44,COL-mean-ED,412,5123,697368,0,geod_dist_to_target,34,27.105931530039957
33764.44,COL-mean-ED,412,5123,697368,0,geod_dist_to_target,36,27.105931530039957
33764.44,COL-mean-ED,412,12101,697368,0,geod_dist_to_target,38,29.600236719589958
33764.44,COL-mean-ED,412,12101,697368,0,geod_dist_to_target,40,29.600236719589958
33764.44,COL-mean-ED,412,4642,697368,0,geod_dist_to_target,42,29.140039437698203
33764.44,COL-mean-ED,412,4642,697368,0,geod_dist_to_target,44,29.140039437698203
33764.44,COL-mean-ED,412,5123,697368,0,geod_dist_to_target,46,27.105931530039957
33764.44,COL-mean-ED,412,5123,697368,0,geod_dist_to_target,48,27.105931530039957
33764.44,COL-mean-ED,412,5123,697368,0,geod_dist_to_target,50,27.105931530039957
33764.44,COL-mean-ED,412,4642,697368,0,geod_dist_to_target,55,29.140039437698203
33764.44,COL-mean-ED,412,4642,697368,0,geod_dist_to_target,60,29.140039437698203
33764.44,COL-mean-ED,412,262,697368,0,geod_dist_to_target,65,28.351649495805287
33764.44,COL-mean-ED,412,10019,697368,0,geod_dist_to_target,70,22.939974430506926
33764.44,COL-mean-ED,412,10019,697368,0,geod_dist_to_target,75,22.939974430506926
33764.44,COL-mean-ED,412,10019,697368,0,geod_dist_to_target,80,22.939974430506926
33764.44,COL-mean-ED,412,5884,697368,0,geod_dist_to_target,85,0.689277357296162
33764.44,COL-mean-ED,412,6389,697368,0,geod_dist_to_target,90,2.3435597772822105
33764.44,COL-mean-ED,412,2484,697368,0,geod_dist_to_target,95,13.691051960459982
33764.44,COL-mean-ED,412,2563,697368,0,geod_dist_to_target,100,0.5873768680531021
33764.44,COL-mean-ED,412,3588,201469,0,geod_dist_to_target,5,21.104597126211985
33764.44,COL-mean-ED,412,8526,201469,0,geod_dist_to_target,6,27.374654225126775
33764.44,COL-mean-ED,412,3782,201469,0,geod_dist_to_target,7,43.07212487866999
33764.44,COL-mean-ED,412,10563,201469,0,geod_dist_to_target,8,38.781934859604604
33764.44,COL-mean-ED,412,10563,201469,0,geod_dist_to_target,9,38.781934859604604
33764.44,COL-mean-ED,412,22,201469,0,geod_dist_to_target,10,18.83778448020163
33764.44,COL-mean-ED,412,22,201469,0,geod_dist_to_target,11,18.83778448020163
33764.44,COL-mean-ED,412,7958,201469,0,geod_dist_to_target,12,20.593709615977936
33764.44,COL-mean-ED,412,1959,201469,0,geod_dist_to_target,13,6.098640858621953
33764.44,COL-mean-ED,412,1959,201469,0,geod_dist_to_target,14,6.098640858621953
33764.44,COL-mean-ED,412,1959,201469,0,geod_dist_to_target,15,6.098640858621953
33764.44,COL-mean-ED,412,1959,201469,0,geod_dist_to_target,16,6.098640858621953
33764.44,COL-mean-ED,412,2442,201469,0,geod_dist_to_target,17,5.481393984977607
33764.44,COL-mean-ED,412,4190,201469,0,geod_dist_to_target,18,35.9951418082613
33764.44,COL-mean-ED,412,4190,201469,0,geod_dist_to_target,19,35.9951418082613
33764.44,COL-mean-ED,412,6388,201469,0,geod_dist_to_target,20,1.9902165974611477
33764.44,COL-mean-ED,412,9237,201469,0,geod_dist_to_target,22,1.478273039235452
33764.44,COL-mean-ED,412,9237,201469,0,geod_dist_to_target,24,1.478273039235452
33764.44,COL-mean-ED,412,3763,201469,0,geod_dist_to_target,26,38.1879745963426
33764.44,COL-mean-ED,412,3763,201469,0,geod_dist_to_target,28,38.1879745963426
33764.44,COL-mean-ED,412,3763,201469,0,geod_dist_to_target,30,38.1879745963426
33764.44,COL-mean-ED,412,3763,201469,0,geod_dist_to_target,32,38.1879745963426
33764.44,COL-mean-ED,412,3763,201469,0,geod_dist_to_target,34,38.1879745963426
33764.44,COL-mean-ED,412,3763,201469,0,geod_dist_to_target,36,38.1879745963426
33764.44,COL-mean-ED,412,3763,201469,0,geod_dist_to_target,38,38.1879745963426
33764.44,COL-mean-ED,412,3763,201469,0,geod_dist_to_target,40,38.1879745963426
33764.44,COL-mean-ED,412,3763,201469,0,geod_dist_to_target,42,38.1879745963426
33764.44,COL-mean-ED,412,3763,201469,0,geod_dist_to_target,44,38.1879745963426
33764.44,COL-mean-ED,412,9133,201469,0,geod_dist_to_target,46,37.61542552498242
33764.44,COL-mean-ED,412,412,201469,0,geod_dist_to_target,48,0.0
33764.44,COL-mean-ED,412,412,201469,0,geod_dist_to_target,50,0.0
33764.44,COL-mean-ED,412,412,201469,0,geod_dist_to_target,55,0.0
33764.44,COL-mean-ED,412,412,201469,0,geod_dist_to_target,60,0.0
33764.44,COL-mean-ED,412,3763,201469,0,geod_dist_to_target,65,38.1879745963426
33764.44,COL-mean-ED,412,1951,201469,0,geod_dist_to_target,70,0.2901684246817361
33764.44,COL-mean-ED,412,1951,201469,0,geod_dist_to_target,75,0.2901684246817361
33764.44,COL-mean-ED,412,3763,201469,0,geod_dist_to_target,80,38.1879745963426
33764.44,COL-mean-ED,412,412,201469,0,geod_dist_to_target,85,0.0
33764.44,COL-mean-ED,412,412,201469,0,geod_dist_to_target,90,0.0
33764.44,COL-mean-ED,412,412,201469,0,geod_dist_to_target,95,0.0
33764.44,COL-mean-ED,412,744,201469,0,geod_dist_to_target,100,38.509697524640096
33764.44,COL-mean-ED,412,1631,94177,0,geod_dist_to_target,5,32.742014538090224
33764.44,COL-mean-ED,412,8079,94177,0,geod_dist_to_target,6,3.0335556223761944
33764.44,COL-mean-ED,412,1205,94177,0,geod_dist_to_target,7,32.518231227571256
33764.44,COL-mean-ED,412,10796,94177,0,geod_dist_to_target,8,33.270252283670494
33764.44,COL-mean-ED,412,2717,94177,0,geod_dist_to_target,9,36.42985218816229
33764.44,COL-mean-ED,412,4290,94177,0,geod_dist_to_target,10,24.07529478537403
33764.44,COL-mean-ED,412,11398,94177,0,geod_dist_to_target,11,37.86761750379697
33764.44,COL-mean-ED,412,10803,94177,0,geod_dist_to_target,12,1.0974423369038628
33764.44,COL-mean-ED,412,10803,94177,0,geod_dist_to_target,13,1.0974423369038628
33764.44,COL-mean-ED,412,10803,94177,0,geod_dist_to_target,14,1.0974423369038628
33764.44,COL-mean-ED,412,10803,94177,0,geod_dist_to_target,15,1.0974423369038628
33764.44,COL-mean-ED,412,10803,94177,0,geod_dist_to_target,16,1.0974423369038628
33764.44,COL-mean-ED,412,10803,94177,0,geod_dist_to_target,17,1.0974423369038628
33764.44,COL-mean-ED,412,10803,94177,0,geod_dist_to_target,18,1.0974423369038628
33764.44,COL-mean-ED,412,10803,94177,0,geod_dist_to_target,19,1.0974423369038628
33764.44,COL-mean-ED,412,10966,94177,0,geod_dist_to_target,20,39.829420971333526
33764.44,COL-mean-ED,412,10966,94177,0,geod_dist_to_target,22,39.829420971333526
33764.44,COL-mean-ED,412,10966,94177,0,geod_dist_to_target,24,39.829420971333526
33764.44,COL-mean-ED,412,10966,94177,0,geod_dist_to_target,26,39.829420971333526
33764.44,COL-mean-ED,412,10966,94177,0,geod_dist_to_target,28,39.829420971333526
33764.44,COL-mean-ED,412,10966,94177,0,geod_dist_to_target,30,39.829420971333526
33764.44,COL-mean-ED,412,1866,94177,0,geod_dist_to_target,32,40.613596995468555
33764.44,COL-mean-ED,412,8075,94177,0,geod_dist_to_target,34,38.4487086282325
33764.44,COL-mean-ED,412,10966,94177,0,geod_dist_to_target,36,39.829420971333526
33764.44,COL-mean-ED,412,8075,94177,0,geod_dist_to_target,38,38.4487086282325
33764.44,COL-mean-ED,412,8075,94177,0,geod_dist_to_target,40,38.4487086282325
33764.44,COL-mean-ED,412,8075,94177,0,geod_dist_to_target,42,38.4487086282325
33764.44,COL-mean-ED,412,8075,94177,0,geod_dist_to_target,44,38.4487086282325
33764.44,COL-mean-ED,412,3761,94177,0,geod_dist_to_target,46,38.15431127535834
33764.44,COL-mean-ED,412,3761,94177,0,geod_dist_to_target,48,38.15431127535834
33764.44,COL-mean-ED,412,3761,94177,0,geod_dist_to_target,50,38.15431127535834
33764.44,COL-mean-ED,412,412,94177,0,geod_dist_to_target,55,0.0
33764.44,COL-mean-ED,412,412,94177,0,geod_dist_to_target,60,0.0
33764.44,COL-mean-ED,412,412,94177,0,geod_dist_to_target,65,0.0
33764.44,COL-mean-ED,412,412,94177,0,geod_dist_to_target,70,0.0
33764.44,COL-mean-ED,412,412,94177,0,geod_dist_to_target,75,0.0
33764.44,COL-mean-ED,412,412,94177,0,geod_dist_to_target,80,0.0
33764.44,COL-mean-ED,412,2563,94177,0,geod_dist_to_target,85,0.5873768680531021
33764.44,COL-mean-ED,412,2563,94177,0,geod_dist_to_target,90,0.5873768680531021
33764.44,COL-mean-ED,412,1951,94177,0,geod_dist_to_target,95,0.2901684246817361
33764.44,COL-mean-ED,412,1951,94177,0,geod_dist_to_target,100,0.2901684246817361
33764.44,COL-min-ED,412,11929,89250,0,geod_dist_to_target,5,24.408745829942237
33764.44,COL-min-ED,412,3514,89250,0,geod_dist_to_target,6,43.92468887491157
33764.44,COL-min-ED,412,2800,89250,0,geod_dist_to_target,7,11.384399116103758
33764.44,COL-min-ED,412,2800,89250,0,geod_dist_to_target,8,11.384399116103758
33764.44,COL-min-ED,412,9543,89250,0,geod_dist_to_target,9,42.25300993753002
33764.44,COL-min-ED,412,1951,89250,0,geod_dist_to_target,10,0.2901684246817361
33764.44,COL-min-ED,412,1951,89250,0,geod_dist_to_target,11,0.2901684246817361
33764.44,COL-min-ED,412,412,89250,0,geod_dist_to_target,12,0.0
33764.44,COL-min-ED,412,412,89250,0,geod_dist_to_target,13,0.0
33764.44,COL-min-ED,412,412,89250,0,geod_dist_to_target,14,0.0
33764.44,COL-min-ED,412,412,89250,0,geod_dist_to_target,15,0.0
33764.44,COL-min-ED,412,412,89250,0,geod_dist_to_target,16,0.0
33764.44,COL-min-ED,412,6159,89250,0,geod_dist_to_target,17,0.2403591873568953
33764.44,COL-min-ED,412,412,89250,0,geod_dist_to_target,18,0.0
33764.44,COL-min-ED,412,412,89250,0,geod_dist_to_target,19,0.0
33764.44,COL-min-ED,412,412,89250,0,geod_dist_to_target,20,0.0
33764.44,COL-min-ED,412,5953,89250,0,geod_dist_to_target,22,0.27150774923821874
33764.44,COL-min-ED,412,412,89250,0,geod_dist_to_target,24,0.0
33764.44,COL-min-ED,412,412,89250,0,geod_dist_to_target,26,0.0
33764.44,COL-min-ED,412,412,89250,0,geod_dist_to_target,28,0.0
33764.44,COL-min-ED,412,412,89250,0,geod_dist_to_target,30,0.0
33764.44,COL-min-ED,412,412,89250,0,geod_dist_to_target,32,0.0
33764.44,COL-min-ED,412,412,89250,0,geod_dist_to_target,34,0.0
33764.44,COL-min-ED,412,412,89250,0,geod_dist_to_target,36,0.0
33764.44,COL-min-ED,412,412,89250,0,geod_dist_to_target,38,0.0
33764.44,COL-min-ED,412,412,89250,0,geod_dist_to_target,40,0.0
33764.44,COL-min-ED,412,412,89250,0,geod_dist_to_target,42,0.0
33764.44,COL-min-ED,412,412,89250,0,geod_dist_to_target,44,0.0
33764.44,COL-min-ED,412,412,89250,0,geod_dist_to_target,46,0.0
33764.44,COL-min-ED,412,412,89250,0,geod_dist_to_target,48,0.0
33764.44,COL-min-ED,412,412,89250,0,geod_dist_to_target,50,0.0
33764.44,COL-min-ED,412,412,89250,0,geod_dist_to_target,55,0.0
33764.44,COL-min-ED,412,412,89250,0,geod_dist_to_target,60,0.0
33764.44,COL-min-ED,412,412,89250,0,geod_dist_to_target,65,0.0
33764.44,COL-min-ED,412,412,89250,0,geod_dist_to_target,70,0.0
33764.44,COL-min-ED,412,2563,89250,0,geod_dist_to_target,75,0.5873768680531021
33764.44,COL-min-ED,412,412,89250,0,geod_dist_to_target,80,0.0
33764.44,COL-min-ED,412,412,89250,0,geod_dist_to_target,85,0.0
33764.44,COL-min-ED,412,412,89250,0,geod_dist_to_target,90,0.0
33764.44,COL-min-ED,412,412,89250,0,geod_dist_to_target,95,0.0
33764.44,COL-min-ED,412,412,89250,0,geod_dist_to_target,100,0.0
33764.44,COL-min-ED,412,4894,773956,0,geod_dist_to_target,5,30.91999797205583
33764.44,COL-min-ED,412,502,773956,0,geod_dist_to_target,6,16.41932351215091
33764.44,COL-min-ED,412,2563,773956,0,geod_dist_to_target,7,0.5873768680531021
33764.44,COL-min-ED,412,2563,773956,0,geod_dist_to_target,8,0.5873768680531021
33764.44,COL-min-ED,412,2563,773956,0,geod_dist_to_target,9,0.5873768680531021
33764.44,COL-min-ED,412,2563,773956,0,geod_dist_to_target,10,0.5873768680531021
33764.44,COL-min-ED,412,2563,773956,0,geod_dist_to_target,11,0.5873768680531021
33764.44,COL-min-ED,412,2563,773956,0,geod_dist_to_target,12,0.5873768680531021
33764.44,COL-min-ED,412,2563,773956,0,geod_dist_to_target,13,0.5873768680531021
33764.44,COL-min-ED,412,2563,773956,0,geod_dist_to_target,14,0.5873768680531021
33764.44,COL-min-ED,412,9443,773956,0,geod_dist_to_target,15,13.939363575520417
33764.44,COL-min-ED,412,9443,773956,0,geod_dist_to_target,16,13.939363575520417
33764.44,COL-min-ED,412,9443,773956,0,geod_dist_to_target,17,13.939363575520417
33764.44,COL-min-ED,412,9443,773956,0,geod_dist_to_target,18,13.939363575520417
33764.44,COL-min-ED,412,9443,773956,0,geod_dist_to_target,19,13.939363575520417
33764.44,COL-min-ED,412,9443,773956,0,geod_dist_to_target,20,13.939363575520417
33764.44,COL-min-ED,412,2563,773956,0,geod_dist_to_target,22,0.5873768680531021
33764.44,COL-min-ED,412,2563,773956,0,geod_dist_to_target,24,0.5873768680531021
33764.44,COL-min-ED,412,2563,773956,0,geod_dist_to_target,26,0.5873768680531021
33764.44,COL-min-ED,412,2563,773956,0,geod_dist_to_target,28,0.5873768680531021
33764.44,COL-min-ED,412,2563,773956,0,geod_dist_to_target,30,0.5873768680531021
33764.44,COL-min-ED,412,2563,773956,0,geod_dist_to_target,32,0.5873768680531021
33764.44,COL-min-ED,412,2563,773956,0,geod_dist_to_target,34,0.5873768680531021
33764.44,COL-min-ED,412,2563,773956,0,geod_dist_to_target,36,0.5873768680531021
33764.44,COL-min-ED,412,2563,773956,0,geod_dist_to_target,38,0.5873768680531021
33764.44,COL-min-ED,412,2563,773956,0,geod_dist_to_target,40,0.5873768680531021
33764.44,COL-min-ED,412,2563,773956,0,geod_dist_to_target,42,0.5873768680531021
33764.44,COL-min-ED,412,2563,773956,0,geod_dist_to_target,44,0.5873768680531021
33764.44,COL-min-ED,412,2563,773956,0,geod_dist_to_target,46,0.5873768680531021
33764.44,COL-min-ED,412,2563,773956,0,geod_dist_to_target,48,0.5873768680531021
33764.44,COL-min-ED,412,2563,773956,0,geod_dist_to_target,50,0.5873768680531021
33764.44,COL-min-ED,412,2563,773956,0,geod_dist_to_target,55,0.5873768680531021
33764.44,COL-min-ED,412,2563,773956,0,geod_dist_to_target,60,0.5873768680531021
33764.44,COL-min-ED,412,2563,773956,0,geod_dist_to_target,65,0.5873768680531021
33764.44,COL-min-ED,412,2563,773956,0,geod_dist_to_target,70,0.5873768680531021
33764.44,COL-min-ED,412,2563,773956,0,geod_dist_to_target,75,0.5873768680531021
33764.44,COL-min-ED,412,2563,773956,0,geod_dist_to_target,80,0.5873768680531021
33764.44,COL-min-ED,412,2563,773956,0,geod_dist_to_target,85,0.5873768680531021
33764.44,COL-min-ED,412,2563,773956,0,geod_dist_to_target,90,0.5873768680531021
33764.44,COL-min-ED,412,2563,773956,0,geod_dist_to_target,95,0.5873768680531021
33764.44,COL-min-ED,412,2563,773956,0,geod_dist_to_target,100,0.5873768680531021
33764.44,COL-min-ED,412,1845,654571,0,geod_dist_to_target,5,31.5570810477608
33764.44,COL-min-ED,412,6984,654571,0,geod_dist_to_target,6,15.77230543982184
33764.44,COL-min-ED,412,10154,654571,0,geod_dist_to_target,7,24.302852678223648
33764.44,COL-min-ED,412,5173,654571,0,geod_dist_to_target,8,11.75050157181944
33764.44,COL-min-ED,412,11287,654571,0,geod_dist_to_target,9,11.475830036225082
33764.44,COL-min-ED,412,9986,654571,0,geod_dist_to_target,10,10.885506508299947
33764.44,COL-min-ED,412,9986,654571,0,geod_dist_to_target,11,10.885506508299947
33764.44,COL-min-ED,412,12325,654571,0,geod_dist_to_target,12,21.66343691990131
33764.44,COL-min-ED,412,12325,654571,0,geod_dist_to_target,13,21.66343691990131
33764.44,COL-min-ED,412,1764,654571,0,geod_dist_to_target,14,17.12971978272173
33764.44,COL-min-ED,412,12325,654571,0,geod_dist_to_target,15,21.66343691990131
33764.44,COL-min-ED,412,1140,654571,0,geod_dist_to_target,16,20.62481505489412
33764.44,COL-min-ED,412,1140,654571,0,geod_dist_to_target,17,20.62481505489412
33764.44,COL-min-ED,412,1140,654571,0,geod_dist_to_target,18,20.62481505489412
33764.44,COL-min-ED,412,588,654571,0,geod_dist_to_target,19,20.114511041627235
33764.44,COL-min-ED,412,588,654571,0,geod_dist_to_target,20,20.114511041627235
33764.44,COL-min-ED,412,2563,654571,0,geod_dist_to_target,22,0.5873768680531021
33764.44,COL-min-ED,412,6588,654571,0,geod_dist_to_target,24,11.787024060956307
33764.44,COL-min-ED,412,6588,654571,0,geod_dist_to_target,26,11.787024060956307
33764.44,COL-min-ED,412,2563,654571,0,geod_dist_to_target,28,0.5873768680531021
33764.44,COL-min-ED,412,2563,654571,0,geod_dist_to_target,30,0.5873768680531021
33764.44,COL-min-ED,412,2563,654571,0,geod_dist_to_target,32,0.5873768680531021
33764.44,COL-min-ED,412,2563,654571,0,geod_dist_to_target,34,0.5873768680531021
33764.44,COL-min-ED,412,2563,654571,0,geod_dist_to_target,36,0.5873768680531021
33764.44,COL-min-ED,412,2563,654571,0,geod_dist_to_target,38,0.5873768680531021
33764.44,COL-min-ED,412,2563,654571,0,geod_dist_to_target,40,0.5873768680531021
33764.44,COL-min-ED,412,2563,654571,0,geod_dist_to_target,42,0.5873768680531021
33764.44,COL-min-ED,412,2563,654571,0,geod_dist_to_target,44,0.5873768680531021
33764.44,COL-min-ED,412,2563,654571,0,geod_dist_to_target,46,0.5873768680531021
33764.44,COL-min-ED,412,2563,654571,0,geod_dist_to_target,48,0.5873768680531021
33764.44,COL-min-ED,412,2563,654571,0,geod_dist_to_target,50,0.5873768680531021
33764.44,COL-min-ED,412,2563,654571,0,geod_dist_to_target,55,0.5873768680531021
33764.44,COL-min-ED,412,2563,654571,0,geod_dist_to_target,60,0.5873768680531021
33764.44,COL-min-ED,412,2563,654571,0,geod_dist_to_target,65,0.5873768680531021
33764.44,COL-min-ED,412,2563,654571,0,geod_dist_to_target,70,0.5873768680531021
33764.44,COL-min-ED,412,2563,654571,0,geod_dist_to_target,75,0.5873768680531021
33764.44,COL-min-ED,412,2563,654571,0,geod_dist_to_target,80,0.5873768680531021
33764.44,COL-min-ED,412,2563,654571,0,geod_dist_to_target,85,0.5873768680531021
33764.44,COL-min-ED,412,2563,654571,0,geod_dist_to_target,90,0.5873768680531021
33764.44,COL-min-ED,412,2563,654571,0,geod_dist_to_target,95,0.5873768680531021
33764.44,COL-min-ED,412,2563,654571,0,geod_dist_to_target,100,0.5873768680531021
33764.44,COL-min-ED,412,6597,438878,0,geod_dist_to_target,5,13.914814945126947
33764.44,COL-min-ED,412,10885,438878,0,geod_dist_to_target,6,2.0592008628721703
33764.44,COL-min-ED,412,6857,438878,0,geod_dist_to_target,7,3.7935334419752738
33764.44,COL-min-ED,412,6878,438878,0,geod_dist_to_target,8,1.1987755583541737
33764.44,COL-min-ED,412,9444,438878,0,geod_dist_to_target,9,0.6570037015080127
33764.44,COL-min-ED,412,4003,438878,0,geod_dist_to_target,10,1.1498408316314779
33764.44,COL-min-ED,412,4003,438878,0,geod_dist_to_target,11,1.1498408316314779
33764.44,COL-min-ED,412,1027,438878,0,geod_dist_to_target,12,1.9053800141054464
33764.44,COL-min-ED,412,1027,438878,0,geod_dist_to_target,13,1.9053800141054464
33764.44,COL-min-ED,412,1027,438878,0,geod_dist_to_target,14,1.9053800141054464
33764.44,COL-min-ED,412,1027,438878,0,geod_dist_to_target,15,1.9053800141054464
33764.44,COL-min-ED,412,1027,438878,0,geod_dist_to_target,16,1.9053800141054464
33764.44,COL-min-ED,412,1027,438878,0,geod_dist_to_target,17,1.9053800141054464
33764.44,COL-min-ED,412,1027,438878,0,geod_dist_to_target,18,1.9053800141054464
33764.44,COL-min-ED,412,1027,438878,0,geod_dist_to_target,19,1.9053800141054464
33764.44,COL-min-ED,412,1027,438878,0,geod_dist_to_target,20,1.9053800141054464
33764.44,COL-min-ED,412,9342,438878,0,geod_dist_to_target,22,1.2981081922744464
33764.44,COL-min-ED,412,9342,438878,0,geod_dist_to_target,24,1.2981081922744464
33764.44,COL-min-ED,412,9342,438878,0,geod_dist_to_target,26,1.2981081922744464
33764.44,COL-min-ED,412,9342,438878,0,geod_dist_to_target,28,1.2981081922744464
33764.44,COL-min-ED,412,178,438878,0,geod_dist_to_target,30,8.658322650293
33764.44,COL-min-ED,412,5920,438878,0,geod_dist_to_target,32,0.5601873444409661
33764.44,COL-min-ED,412,3553,438878,0,geod_dist_to_target,34,9.377973768220116
33764.44,COL-min-ED,412,6412,438878,0,geod_dist_to_target,36,9.202300802507807
33764.44,COL-min-ED,412,5953,438878,0,geod_dist_to_target,38,0.27150774923821874
33764.44,COL-min-ED,412,5953,438878,0,geod_dist_to_target,40,0.27150774923821874
33764.44,COL-min-ED,412,5953,438878,0,geod_dist_to_target,42,0.27150774923821874
33764.44,COL-min-ED,412,412,438878,0,geod_dist_to_target,44,0.0
33764.44,COL-min-ED,412,5953,438878,0,geod_dist_to_target,46,0.27150774923821874
33764.44,COL-min-ED,412,5953,438878,0,geod_dist_to_target,48,0.27150774923821874
33764.44,COL-min-ED,412,5953,438878,0,geod_dist_to_target,50,0.27150774923821874
33764.44,COL-min-ED,412,5953,438878,0,geod_dist_to_target,55,0.27150774923821874
33764.44,COL-min-ED,412,5920,438878,0,geod_dist_to_target,60,0.5601873444409661
33764.44,COL-min-ED,412,5953,438878,0,geod_dist_to_target,65,0.27150774923821874
33764.44,COL-min-ED,412,5953,438878,0,geod_dist_to_target,70,0.27150774923821874
33764.44,COL-min-ED,412,6399,438878,0,geod_dist_to_target,75,2.863846359368136
33764.44,COL-min-ED,412,6399,438878,0,geod_dist_to_target,80,2.863846359368136
33764.44,COL-min-ED,412,6399,438878,0,geod_dist_to_target,85,2.863846359368136
33764.44,COL-min-ED,412,6689,438878,0,geod_dist_to_target,90,3.207304698973316
33764.44,COL-min-ED,412,6689,438878,0,geod_dist_to_target,95,3.207304698973316
33764.44,COL-min-ED,412,6399,438878,0,geod_dist_to_target,100,2.863846359368136
33764.44,COL-min-ED,412,1162,433015,0,geod_dist_to_target,5,34.18875739629773
33764.44,COL-min-ED,412,5963,433015,0,geod_dist_to_target,6,2.5069677530437047
33764.44,COL-min-ED,412,857,433015,0,geod_dist_to_target,7,16.753630790060914
33764.44,COL-min-ED,412,857,433015,0,geod_dist_to_target,8,16.753630790060914
33764.44,COL-min-ED,412,857,433015,0,geod_dist_to_target,9,16.753630790060914
33764.44,COL-min-ED,412,857,433015,0,geod_dist_to_target,10,16.753630790060914
33764.44,COL-min-ED,412,1027,433015,0,geod_dist_to_target,11,1.9053800141054464
33764.44,COL-min-ED,412,857,433015,0,geod_dist_to_target,12,16.753630790060914
33764.44,COL-min-ED,412,857,433015,0,geod_dist_to_target,13,16.753630790060914
33764.44,COL-min-ED,412,6602,433015,0,geod_dist_to_target,14,14.463962179451295
33764.44,COL-min-ED,412,6280,433015,0,geod_dist_to_target,15,21.379029792895313
33764.44,COL-min-ED,412,7819,433015,0,geod_dist_to_target,16,20.875061021691298
33764.44,COL-min-ED,412,6398,433015,0,geod_dist_to_target,17,3.0686021820601184
33764.44,COL-min-ED,412,6398,433015,0,geod_dist_to_target,18,3.0686021820601184
33764.44,COL-min-ED,412,6398,433015,0,geod_dist_to_target,19,3.0686021820601184
33764.44,COL-min-ED,412,7530,433015,0,geod_dist_to_target,20,15.73912493686367
33764.44,COL-min-ED,412,7530,433015,0,geod_dist_to_target,22,15.73912493686367
33764.44,COL-min-ED,412,6399,433015,0,geod_dist_to_target,24,2.863846359368136
33764.44,COL-min-ED,412,6399,433015,0,geod_dist_to_target,26,2.863846359368136
33764.44,COL-min-ED,412,6399,433015,0,geod_dist_to_target,28,2.863846359368136
33764.44,COL-min-ED,412,6399,433015,0,geod_dist_to_target,30,2.863846359368136
33764.44,COL-min-ED,412,7530,433015,0,geod_dist_to_target,32,15.73912493686367
33764.44,COL-min-ED,412,7530,433015,0,geod_dist_to_target,34,15.73912493686367
33764.44,COL-min-ED,412,7530,433015,0,geod_dist_to_target,36,15.73912493686367
33764.44,COL-min-ED,412,7530,433015,0,geod_dist_to_target,38,15.73912493686367
33764.44,COL-min-ED,412,7530,433015,0,geod_dist_to_target,40,15.73912493686367
33764.44,COL-min-ED,412,7530,433015,0,geod_dist_to_target,42,15.73912493686367
33764.44,COL-min-ED,412,6399,433015,0,geod_dist_to_target,44,2.863846359368136
33764.44,COL-min-ED,412,6399,433015,0,geod_dist_to_target,46,2.863846359368136
33764.44,COL-min-ED,412,6399,433015,0,geod_dist_to_target,48,2.863846359368136
33764.44,COL-min-ED,412,6399,433015,0,geod_dist_to_target,50,2.863846359368136
33764.44,COL-min-ED,412,7530,433015,0,geod_dist_to_target,55,15.73912493686367
33764.44,COL-min-ED,412,6399,433015,0,geod_dist_to_target,60,2.863846359368136
33764.44,COL-min-ED,412,6399,433015,0,geod_dist_to_target,65,2.863846359368136
33764.44,COL-min-ED,412,6399,433015,0,geod_dist_to_target,70,2.863846359368136
33764.44,COL-min-ED,412,5953,433015,0,geod_dist_to_target,75,0.27150774923821874
33764.44,COL-min-ED,412,412,433015,0,geod_dist_to_target,80,0.0
33764.44,COL-min-ED,412,6399,433015,0,geod_dist_to_target,85,2.863846359368136
33764.44,COL-min-ED,412,6399,433015,0,geod_dist_to_target,90,2.863846359368136
33764.44,COL-min-ED,412,412,433015,0,geod_dist_to_target,95,0.0
33764.44,COL-min-ED,412,5603,433015,0,geod_dist_to_target,100,0.5520376503836683
33764.44,COL-min-ED,412,5603,858597,0,geod_dist_to_target,5,0.5520376503836683
33764.44,COL-min-ED,412,5953,858597,0,geod_dist_to_target,6,0.27150774923821874
33764.44,COL-min-ED,412,6399,858597,0,geod_dist_to_target,7,2.863846359368136
33764.44,COL-min-ED,412,1951,858597,0,geod_dist_to_target,8,0.2901684246817361
33764.44,COL-min-ED,412,492,858597,0,geod_dist_to_target,9,1.0882686581162997
33764.44,COL-min-ED,412,3765,858597,0,geod_dist_to_target,10,38.66059277924936
33764.44,COL-min-ED,412,3765,858597,0,geod_dist_to_target,11,38.66059277924936
33764.44,COL-min-ED,412,5949,858597,0,geod_dist_to_target,12,0.6094584070920324
33764.44,COL-min-ED,412,412,858597,0,geod_dist_to_target,13,0.0
33764.44,COL-min-ED,412,1951,858597,0,geod_dist_to_target,14,0.2901684246817361
33764.44,COL-min-ED,412,1951,858597,0,geod_dist_to_target,15,0.2901684246817361
33764.44,COL-min-ED,412,1951,858597,0,geod_dist_to_target,16,0.2901684246817361
33764.44,COL-min-ED,412,1951,858597,0,geod_dist_to_target,17,0.2901684246817361
33764.44,COL-min-ED,412,1951,858597,0,geod_dist_to_target,18,0.2901684246817361
33764.44,COL-min-ED,412,412,858597,0,geod_dist_to_target,19,0.0
33764.44,COL-min-ED,412,412,858597,0,geod_dist_to_target,20,0.0
33764.44,COL-min-ED,412,1951,858597,0,geod_dist_to_target,22,0.2901684246817361
33764.44,COL-min-ED,412,1951,858597,0,geod_dist_to_target,24,0.2901684246817361
33764.44,COL-min-ED,412,1951,858597,0,geod_dist_to_target,26,0.2901684246817361
33764.44,COL-min-ED,412,1951,858597,0,geod_dist_to_target,28,0.2901684246817361
33764.44,COL-min-ED,412,1951,858597,0,geod_dist_to_target,30,0.2901684246817361
33764.44,COL-min-ED,412,1951,858597,0,geod_dist_to_target,32,0.2901684246817361
33764.44,COL-min-ED,412,5784,858597,0,geod_dist_to_target,34,0.6092214683359353
33764.44,COL-min-ED,412,5953,858597,0,geod_dist_to_target,36,0.27150774923821874
33764.44,COL-min-ED,412,412,858597,0,geod_dist_to_target,38,0.0
33764.44,COL-min-ED,412,412,858597,0,geod_dist_to_target,40,0.0
33764.44,COL-min-ED,412,5953,858597,0,geod_dist_to_target,42,0.27150774923821874
33764.44,COL-min-ED,412,5953,858597,0,geod_dist_to_target,44,0.27150774923821874
33764.44,COL-min-ED,412,5953,858597,0,geod_dist_to_target,46,0.27150774923821874
33764.44,COL-min-ED,412,5953,858597,0,geod_dist_to_target,48,0.27150774923821874
33764.44,COL-min-ED,412,5953,858597,0,geod_dist_to_target,50,0.27150774923821874
33764.44,COL-min-ED,412,5953,858597,0,geod_dist_to_target,55,0.27150774923821874
33764.44,COL-min-ED,412,5953,858597,0,geod_dist_to_target,60,0.27150774923821874
33764.44,COL-min-ED,412,5953,858597,0,geod_dist_to_target,65,0.27150774923821874
33764.44,COL-min-ED,412,412,858597,0,geod_dist_to_target,70,0.0
33764.44,COL-min-ED,412,412,858597,0,geod_dist_to_target,75,0.0
33764.44,COL-min-ED,412,412,858597,0,geod_dist_to_target,80,0.0
33764.44,COL-min-ED,412,412,858597,0,geod_dist_to_target,85,0.0
33764.44,COL-min-ED,412,412,858597,0,geod_dist_to_target,90,0.0
33764.44,COL-min-ED,412,412,858597,0,geod_dist_to_target,95,0.0
33764.44,COL-min-ED,412,412,858597,0,geod_dist_to_target,100,0.0
33764.44,COL-min-ED,412,2852,85945,0,geod_dist_to_target,5,24.553752933200517
33764.44,COL-min-ED,412,6286,85945,0,geod_dist_to_target,6,23.06757768369633
33764.44,COL-min-ED,412,2011,85945,0,geod_dist_to_target,7,1.0137827113885771
33764.44,COL-min-ED,412,2563,85945,0,geod_dist_to_target,8,0.5873768680531021
33764.44,COL-min-ED,412,1744,85945,0,geod_dist_to_target,9,16.181815892259937
33764.44,COL-min-ED,412,350,85945,0,geod_dist_to_target,10,15.278955395768028
33764.44,COL-min-ED,412,350,85945,0,geod_dist_to_target,11,15.278955395768028
33764.44,COL-min-ED,412,1140,85945,0,geod_dist_to_target,12,20.62481505489412
33764.44,COL-min-ED,412,6526,85945,0,geod_dist_to_target,13,18.164771709173426
33764.44,COL-min-ED,412,412,85945,0,geod_dist_to_target,14,0.0
33764.44,COL-min-ED,412,2563,85945,0,geod_dist_to_target,15,0.5873768680531021
33764.44,COL-min-ED,412,2563,85945,0,geod_dist_to_target,16,0.5873768680531021
33764.44,COL-min-ED,412,2563,85945,0,geod_dist_to_target,17,0.5873768680531021
33764.44,COL-min-ED,412,412,85945,0,geod_dist_to_target,18,0.0
33764.44,COL-min-ED,412,412,85945,0,geod_dist_to_target,19,0.0
33764.44,COL-min-ED,412,412,85945,0,geod_dist_to_target,20,0.0
33764.44,COL-min-ED,412,412,85945,0,geod_dist_to_target,22,0.0
33764.44,COL-min-ED,412,2563,85945,0,geod_dist_to_target,24,0.5873768680531021
33764.44,COL-min-ED,412,2563,85945,0,geod_dist_to_target,26,0.5873768680531021
33764.44,COL-min-ED,412,2563,85945,0,geod_dist_to_target,28,0.5873768680531021
33764.44,COL-min-ED,412,2563,85945,0,geod_dist_to_target,30,0.5873768680531021
33764.44,COL-min-ED,412,2563,85945,0,geod_dist_to_target,32,0.5873768680531021
33764.44,COL-min-ED,412,2563,85945,0,geod_dist_to_target,34,0.5873768680531021
33764.44,COL-min-ED,412,10590,85945,0,geod_dist_to_target,36,10.452131922658374
33764.44,COL-min-ED,412,10590,85945,0,geod_dist_to_target,38,10.452131922658374
33764.44,COL-min-ED,412,10590,85945,0,geod_dist_to_target,40,10.452131922658374
33764.44,COL-min-ED,412,2563,85945,0,geod_dist_to_target,42,0.5873768680531021
33764.44,COL-min-ED,412,2563,85945,0,geod_dist_to_target,44,0.5873768680531021
33764.44,COL-min-ED,412,2563,85945,0,geod_dist_to_target,46,0.5873768680531021
33764.44,COL-min-ED,412,6159,85945,0,geod_dist_to_target,48,0.2403591873568953
33764.44,COL-min-ED,412,6159,85945,0,geod_dist_to_target,50,0.2403591873568953
33764.44,COL-min-ED,412,6159,85945,0,geod_dist_to_target,55,0.2403591873568953
33764.44,COL-min-ED,412,6159,85945,0,geod_dist_to_target,60,0.2403591873568953
33764.44,COL-min-ED,412,2563,85945,0,geod_dist_to_target,65,0.5873768680531021
33764.44,COL-min-ED,412,2563,85945,0,geod_dist_to_target,70,0.5873768680531021
33764.44,COL-min-ED,412,6159,85945,0,geod_dist_to_target,75,0.2403591873568953
33764.44,COL-min-ED,412,412,85945,0,geod_dist_to_target,80,0.0
33764.44,COL-min-ED,412,412,85945,0,geod_dist_to_target,85,0.0
33764.44,COL-min-ED,412,412,85945,0,geod_dist_to_target,90,0.0
33764.44,COL-min-ED,412,412,85945,0,geod_dist_to_target,95,0.0
33764.44,COL-min-ED,412,412,85945,0,geod_dist_to_target,100,0.0
33764.44,COL-min-ED,412,8083,697368,0,geod_dist_to_target,5,34.618449657966345
33764.44,COL-min-ED,412,4299,697368,0,geod_dist_to_target,6,23.829537753008378
33764.44,COL-min-ED,412,5803,697368,0,geod_dist_to_target,7,16.2419383973868
33764.44,COL-min-ED,412,6980,697368,0,geod_dist_to_target,8,17.375846461099744
33764.44,COL-min-ED,412,3927,697368,0,geod_dist_to_target,9,36.79510810162526
33764.44,COL-min-ED,412,6977,697368,0,geod_dist_to_target,10,14.65285583104974
33764.44,COL-min-ED,412,6977,697368,0,geod_dist_to_target,11,14.65285583104974
33764.44,COL-min-ED,412,6978,697368,0,geod_dist_to_target,12,14.991610456351323
33764.44,COL-min-ED,412,6978,697368,0,geod_dist_to_target,13,14.991610456351323
33764.44,COL-min-ED,412,6978,697368,0,geod_dist_to_target,14,14.991610456351323
33764.44,COL-min-ED,412,6978,697368,0,geod_dist_to_target,15,14.991610456351323
33764.44,COL-min-ED,412,6978,697368,0,geod_dist_to_target,16,14.991610456351323
33764.44,COL-min-ED,412,6978,697368,0,geod_dist_to_target,17,14.991610456351323
33764.44,COL-min-ED,412,2768,697368,0,geod_dist_to_target,18,2.0420716141524617
33764.44,COL-min-ED,412,2768,697368,0,geod_dist_to_target,19,2.0420716141524617
33764.44,COL-min-ED,412,2768,697368,0,geod_dist_to_target,20,2.0420716141524617
33764.44,COL-min-ED,412,2733,697368,0,geod_dist_to_target,22,1.0461684241816511
33764.44,COL-min-ED,412,5920,697368,0,geod_dist_to_target,24,0.5601873444409661
33764.44,COL-min-ED,412,6161,697368,0,geod_dist_to_target,26,0.9313816571094801
33764.44,COL-min-ED,412,5920,697368,0,geod_dist_to_target,28,0.5601873444409661
33764.44,COL-min-ED,412,2733,697368,0,geod_dist_to_target,30,1.0461684241816511
33764.44,COL-min-ED,412,5920,697368,0,geod_dist_to_target,32,0.5601873444409661
33764.44,COL-min-ED,412,5920,697368,0,geod_dist_to_target,34,0.5601873444409661
33764.44,COL-min-ED,412,5920,697368,0,geod_dist_to_target,36,0.5601873444409661
33764.44,COL-min-ED,412,5920,697368,0,geod_dist_to_target,38,0.5601873444409661
33764.44,COL-min-ED,412,5920,697368,0,geod_dist_to_target,40,0.5601873444409661
33764.44,COL-min-ED,412,5953,697368,0,geod_dist_to_target,42,0.27150774923821874
33764.44,COL-min-ED,412,412,697368,0,geod_dist_to_target,44,0.0
33764.44,COL-min-ED,412,412,697368,0,geod_dist_to_target,46,0.0
33764.44,COL-min-ED,412,412,697368,0,geod_dist_to_target,48,0.0
33764.44,COL-min-ED,412,412,697368,0,geod_dist_to_target,50,0.0
33764.44,COL-min-ED,412,412,697368,0,geod_dist_to_target,55,0.0
33764.44,COL-min-ED,412,412,697368,0,geod_dist_to_target,60,0.0
33764.44,COL-min-ED,412,9237,697368,0,geod_dist_to_target,65,1.478273039235452
33764.44,COL-min-ED,412,9237,697368,0,geod_dist_to_target,70,1.478273039235452
33764.44,COL-min-ED,412,9237,697368,0,geod_dist_to_target,75,1.478273039235452
33764.44,COL-min-ED,412,9237,697368,0,geod_dist_to_target,80,1.478273039235452
33764.44,COL-min-ED,412,9237,697368,0,geod_dist_to_target,85,1.478273039235452
33764.44,COL-min-ED,412,9237,697368,0,geod_dist_to_target,90,1.478273039235452
33764.44,COL-min-ED,412,412,697368,0,geod_dist_to_target,95,0.0
33764.44,COL-min-ED,412,412,697368,0,geod_dist_to_target,100,0.0
33764.44,COL-min-ED,412,5784,201469,0,geod_dist_to_target,5,0.6092214683359353
33764.44,COL-min-ED,412,8438,201469,0,geod_dist_to_target,6,1.2405731732733865
33764.44,COL-min-ED,412,8438,201469,0,geod_dist_to_target,7,1.2405731732733865
33764.44,COL-min-ED,412,8438,201469,0,geod_dist_to_target,8,1.2405731732733865
33764.44,COL-min-ED,412,8438,201469,0,geod_dist_to_target,9,1.2405731732733865
33764.44,COL-min-ED,412,11443,201469,0,geod_dist_to_target,10,1.1040225988490742
33764.44,COL-min-ED,412,11443,201469,0,geod_dist_to_target,11,1.1040225988490742
33764.44,COL-min-ED,412,8438,201469,0,geod_dist_to_target,12,1.2405731732733865
33764.44,COL-min-ED,412,11443,201469,0,geod_dist_to_target,13,1.1040225988490742
33764.44,COL-min-ED,412,1447,201469,0,geod_dist_to_target,14,0.6324281012816914
33764.44,COL-min-ED,412,1447,201469,0,geod_dist_to_target,15,0.6324281012816914
33764.44,COL-min-ED,412,1447,201469,0,geod_dist_to_target,16,0.6324281012816914
33764.44,COL-min-ED,412,1951,201469,0,geod_dist_to_target,17,0.2901684246817361
33764.44,COL-min-ED,412,1951,201469,0,geod_dist_to_target,18,0.2901684246817361
33764.44,COL-min-ED,412,1951,201469,0,geod_dist_to_target,19,0.2901684246817361
33764.44,COL-min-ED,412,1951,201469,0,geod_dist_to_target,20,0.2901684246817361
33764.44,COL-min-ED,412,5784,201469,0,geod_dist_to_target,22,0.6092214683359353
33764.44,COL-min-ED,412,1951,201469,0,geod_dist_to_target,24,0.2901684246817361
33764.44,COL-min-ED,412,1951,201469,0,geod_dist_to_target,26,0.2901684246817361
33764.44,COL-min-ED,412,5784,201469,0,geod_dist_to_target,28,0.6092214683359353
33764.44,COL-min-ED,412,1951,201469,0,geod_dist_to_target,30,0.2901684246817361
33764.44,COL-min-ED,412,5784,201469,0,geod_dist_to_target,32,0.6092214683359353
33764.44,COL-min-ED,412,5784,201469,0,geod_dist_to_target,34,0.6092214683359353
33764.44,COL-min-ED,412,5784,201469,0,geod_dist_to_target,36,0.6092214683359353
33764.44,COL-min-ED,412,5784,201469,0,geod_dist_to_target,38,0.6092214683359353
33764.44,COL-min-ED,412,5784,201469,0,geod_dist_to_target,40,0.6092214683359353
33764.44,COL-min-ED,412,5784,201469,0,geod_dist_to_target,42,0.6092214683359353
33764.44,COL-min-ED,412,1951,201469,0,geod_dist_to_target,44,0.2901684246817361
33764.44,COL-min-ED,412,1951,201469,0,geod_dist_to_target,46,0.2901684246817361
33764.44,COL-min-ED,412,1951,201469,0,geod_dist_to_target,48,0.2901684246817361
33764.44,COL-min-ED,412,5784,201469,0,geod_dist_to_target,50,0.6092214683359353
33764.44,COL-min-ED,412,5784,201469,0,geod_dist_to_target,55,0.6092214683359353
33764.44,COL-min-ED,412,5784,201469,0,geod_dist_to_target,60,0.6092214683359353
33764.44,COL-min-ED,412,5784,201469,0,geod_dist_to_target,65,0.6092214683359353
33764.44,COL-min-ED,412,5953,201469,0,geod_dist_to_target,70,0.27150774923821874
33764.44,COL-min-ED,412,5784,201469,0,geod_dist_to_target,75,0.6092214683359353
33764.44,COL-min-ED,412,5784,201469,0,geod_dist_to_target,80,0.6092214683359353
33764.44,COL-min-ED,412,9342,201469,0,geod_dist_to_target,85,1.2981081922744464
33764.44,COL-min-ED,412,9342,201469,0,geod_dist_to_target,90,1.2981081922744464
33764.44,COL-min-ED,412,5784,201469,0,geod_dist_to_target,95,0.6092214683359353
33764.44,COL-min-ED,412,5953,201469,0,geod_dist_to_target,100,0.27150774923821874
33764.44,COL-min-ED,412,412,94177,0,geod_dist_to_target,5,0.0
33764.44,COL-min-ED,412,412,94177,0,geod_dist_to_target,6,0.0
33764.44,COL-min-ED,412,9237,94177,0,geod_dist_to_target,7,1.478273039235452
33764.44,COL-min-ED,412,5884,94177,0,geod_dist_to_target,8,0.689277357296162
33764.44,COL-min-ED,412,1447,94177,0,geod_dist_to_target,9,0.6324281012816914
33764.44,COL-min-ED,412,1447,94177,0,geod_dist_to_target,10,0.6324281012816914
33764.44,COL-min-ED,412,1447,94177,0,geod_dist_to_target,11,0.6324281012816914
33764.44,COL-min-ED,412,412,94177,0,geod_dist_to_target,12,0.0
33764.44,COL-min-ED,412,1951,94177,0,geod_dist_to_target,13,0.2901684246817361
33764.44,COL-min-ED,412,9444,94177,0,geod_dist_to_target,14,0.6570037015080127
33764.44,COL-min-ED,412,12146,94177,0,geod_dist_to_target,15,1.6445521054628263
33764.44,COL-min-ED,412,5784,94177,0,geod_dist_to_target,16,0.6092214683359353
33764.44,COL-min-ED,412,5783,94177,0,geod_dist_to_target,17,1.3499556943916124
33764.44,COL-min-ED,412,5949,94177,0,geod_dist_to_target,18,0.6094584070920324
33764.44,COL-min-ED,412,492,94177,0,geod_dist_to_target,19,1.0882686581162997
33764.44,COL-min-ED,412,492,94177,0,geod_dist_to_target,20,1.0882686581162997
33764.44,COL-min-ED,412,1447,94177,0,geod_dist_to_target,22,0.6324281012816914
33764.44,COL-min-ED,412,1447,94177,0,geod_dist_to_target,24,0.6324281012816914
33764.44,COL-min-ED,412,5949,94177,0,geod_dist_to_target,26,0.6094584070920324
33764.44,COL-min-ED,412,5949,94177,0,geod_dist_to_target,28,0.6094584070920324
33764.44,COL-min-ED,412,5949,94177,0,geod_dist_to_target,30,0.6094584070920324
33764.44,COL-min-ED,412,5949,94177,0,geod_dist_to_target,32,0.6094584070920324
33764.44,COL-min-ED,412,5949,94177,0,geod_dist_to_target,34,0.6094584070920324
33764.44,COL-min-ED,412,492,94177,0,geod_dist_to_target,36,1.0882686581162997
33764.44,COL-min-ED,412,492,94177,0,geod_dist_to_target,38,1.0882686581162997
33764.44,COL-min-ED,412,492,94177,0,geod_dist_to_target,40,1.0882686581162997
33764.44,COL-min-ED,412,492,94177,0,geod_dist_to_target,42,1.0882686581162997
33764.44,COL-min-ED,412,5949,94177,0,geod_dist_to_target,44,0.6094584070920324
33764.44,COL-min-ED,412,5949,94177,0,geod_dist_to_target,46,0.6094584070920324
33764.44,COL-min-ED,412,5949,94177,0,geod_dist_to_target,48,0.6094584070920324
33764.44,COL-min-ED,412,5949,94177,0,geod_dist_to_target,50,0.6094584070920324
33764.44,COL-min-ED,412,5949,94177,0,geod_dist_to_target,55,0.6094584070920324
33764.44,COL-min-ED,412,5949,94177,0,geod_dist_to_target,60,0.6094584070920324
33764.44,COL-min-ED,412,1951,94177,0,geod_dist_to_target,65,0.2901684246817361
33764.44,COL-min-ED,412,1951,94177,0,geod_dist_to_target,70,0.2901684246817361
33764.44,COL-min-ED,412,1951,94177,0,geod_dist_to_target,75,0.2901684246817361
33764.44,COL-min-ED,412,1951,94177,0,geod_dist_to_target,80,0.2901684246817361
33764.44,COL-min-ED,412,1951,94177,0,geod_dist_to_target,85,0.2901684246817361
33764.44,COL-min-ED,412,1951,94177,0,geod_dist_to_target,90,0.2901684246817361
33764.44,COL-min-ED,412,1951,94177,0,geod_dist_to_target,95,0.2901684246817361
33764.44,COL-min-ED,412,1951,94177,0,geod_dist_to_target,100,0.2901684246817361
33764.44,KDPP,412,4003,89250,0,geod_dist_to_target,5,1.1498408316314779
33764.44,KDPP,412,9444,89250,0,geod_dist_to_target,6,0.6570037015080127
33764.44,KDPP,412,9444,89250,0,geod_dist_to_target,7,0.6570037015080127
33764.44,KDPP,412,9444,89250,0,geod_dist_to_target,8,0.6570037015080127
33764.44,KDPP,412,9444,89250,0,geod_dist_to_target,9,0.6570037015080127
33764.44,KDPP,412,6160,89250,0,geod_dist_to_target,10,0.5037172425378162
33764.44,KDPP,412,6160,89250,0,geod_dist_to_target,11,0.5037172425378162
33764.44,KDPP,412,6160,89250,0,geod_dist_to_target,12,0.5037172425378162
33764.44,KDPP,412,6160,89250,0,geod_dist_to_target,13,0.5037172425378162
33764.44,KDPP,412,6160,89250,0,geod_dist_to_target,14,0.5037172425378162
33764.44,KDPP,412,6160,89250,0,geod_dist_to_target,15,0.5037172425378162
33764.44,KDPP,412,6160,89250,0,geod_dist_to_target,16,0.5037172425378162
33764.44,KDPP,412,6160,89250,0,geod_dist_to_target,17,0.5037172425378162
33764.44,KDPP,412,5920,89250,0,geod_dist_to_target,18,0.5601873444409661
33764.44,KDPP,412,5920,89250,0,geod_dist_to_target,19,0.5601873444409661
33764.44,KDPP,412,5920,89250,0,geod_dist_to_target,20,0.5601873444409661
33764.44,KDPP,412,5920,89250,0,geod_dist_to_target,22,0.5601873444409661
33764.44,KDPP,412,5920,89250,0,geod_dist_to_target,24,0.5601873444409661
33764.44,KDPP,412,5920,89250,0,geod_dist_to_target,26,0.5601873444409661
33764.44,KDPP,412,5953,89250,0,geod_dist_to_target,28,0.27150774923821874
33764.44,KDPP,412,5953,89250,0,geod_dist_to_target,30,0.27150774923821874
33764.44,KDPP,412,6159,89250,0,geod_dist_to_target,32,0.2403591873568953
33764.44,KDPP,412,6159,89250,0,geod_dist_to_target,34,0.2403591873568953
33764.44,KDPP,412,6159,89250,0,geod_dist_to_target,36,0.2403591873568953
33764.44,KDPP,412,6159,89250,0,geod_dist_to_target,38,0.2403591873568953
33764.44,KDPP,412,6159,89250,0,geod_dist_to_target,40,0.2403591873568953
33764.44,KDPP,412,2563,89250,0,geod_dist_to_target,42,0.5873768680531021
33764.44,KDPP,412,6159,89250,0,geod_dist_to_target,44,0.2403591873568953
33764.44,KDPP,412,412,89250,0,geod_dist_to_target,46,0.0
33764.44,KDPP,412,6159,89250,0,geod_dist_to_target,48,0.2403591873568953
33764.44,KDPP,412,6159,89250,0,geod_dist_to_target,50,0.2403591873568953
33764.44,KDPP,412,6159,89250,0,geod_dist_to_target,55,0.2403591873568953
33764.44,KDPP,412,2563,89250,0,geod_dist_to_target,60,0.5873768680531021
33764.44,KDPP,412,2563,89250,0,geod_dist_to_target,65,0.5873768680531021
33764.44,KDPP,412,2563,89250,0,geod_dist_to_target,70,0.5873768680531021
33764.44,KDPP,412,2563,89250,0,geod_dist_to_target,75,0.5873768680531021
33764.44,KDPP,412,412,89250,0,geod_dist_to_target,80,0.0
33764.44,KDPP,412,412,89250,0,geod_dist_to_target,85,0.0
33764.44,KDPP,412,412,89250,0,geod_dist_to_target,90,0.0
33764.44,KDPP,412,412,89250,0,geod_dist_to_target,95,0.0
33764.44,KDPP,412,412,89250,0,geod_dist_to_target,100,0.0
33764.44,KDPP,412,11616,773956,0,geod_dist_to_target,5,9.411877472135531
33764.44,KDPP,412,10925,773956,0,geod_dist_to_target,6,21.53064196123137
33764.44,KDPP,412,9352,773956,0,geod_dist_to_target,7,5.728357570677122
33764.44,KDPP,412,9352,773956,0,geod_dist_to_target,8,5.728357570677122
33764.44,KDPP,412,9379,773956,0,geod_dist_to_target,9,4.557457430037588
33764.44,KDPP,412,9379,773956,0,geod_dist_to_target,10,4.557457430037588
33764.44,KDPP,412,6710,773956,0,geod_dist_to_target,11,4.5844826037472615
33764.44,KDPP,412,5884,773956,0,geod_dist_to_target,12,0.689277357296162
33764.44,KDPP,412,636,773956,0,geod_dist_to_target,13,1.640648713393917
33764.44,KDPP,412,10803,773956,0,geod_dist_to_target,14,1.0974423369038628
33764.44,KDPP,412,10803,773956,0,geod_dist_to_target,15,1.0974423369038628
33764.44,KDPP,412,9237,773956,0,geod_dist_to_target,16,1.478273039235452
33764.44,KDPP,412,9237,773956,0,geod_dist_to_target,17,1.478273039235452
33764.44,KDPP,412,9237,773956,0,geod_dist_to_target,18,1.478273039235452
33764.44,KDPP,412,9237,773956,0,geod_dist_to_target,19,1.478273039235452
33764.44,KDPP,412,6159,773956,0,geod_dist_to_target,20,0.2403591873568953
33764.44,KDPP,412,9237,773956,0,geod_dist_to_target,22,1.478273039235452
33764.44,KDPP,412,9237,773956,0,geod_dist_to_target,24,1.478273039235452
33764.44,KDPP,412,6159,773956,0,geod_dist_to_target,26,0.2403591873568953
33764.44,KDPP,412,6159,773956,0,geod_dist_to_target,28,0.2403591873568953
33764.44,KDPP,412,9237,773956,0,geod_dist_to_target,30,1.478273039235452
33764.44,KDPP,412,9237,773956,0,geod_dist_to_target,32,1.478273039235452
33764.44,KDPP,412,9237,773956,0,geod_dist_to_target,34,1.478273039235452
33764.44,KDPP,412,9237,773956,0,geod_dist_to_target,36,1.478273039235452
33764.44,KDPP,412,9237,773956,0,geod_dist_to_target,38,1.478273039235452
33764.44,KDPP,412,9237,773956,0,geod_dist_to_target,40,1.478273039235452
33764.44,KDPP,412,9237,773956,0,geod_dist_to_target,42,1.478273039235452
33764.44,KDPP,412,9237,773956,0,geod_dist_to_target,44,1.478273039235452
33764.44,KDPP,412,9237,773956,0,geod_dist_to_target,46,1.478273039235452
33764.44,KDPP,412,2563,773956,0,geod_dist_to_target,48,0.5873768680531021
33764.44,KDPP,412,2563,773956,0,geod_dist_to_target,50,0.5873768680531021
33764.44,KDPP,412,2563,773956,0,geod_dist_to_target,55,0.5873768680531021
33764.44,KDPP,412,2563,773956,0,geod_dist_to_target,60,0.5873768680531021
33764.44,KDPP,412,2563,773956,0,geod_dist_to_target,65,0.5873768680531021
33764.44,KDPP,412,2563,773956,0,geod_dist_to_target,70,0.5873768680531021
33764.44,KDPP,412,412,773956,0,geod_dist_to_target,75,0.0
33764.44,KDPP,412,412,773956,0,geod_dist_to_target,80,0.0
33764.44,KDPP,412,412,773956,0,geod_dist_to_target,85,0.0
33764.44,KDPP,412,412,773956,0,geod_dist_to_target,90,0.0
33764.44,KDPP,412,412,773956,0,geod_dist_to_target,95,0.0
33764.44,KDPP,412,5953,773956,0,geod_dist_to_target,100,0.27150774923821874
33764.44,KDPP,412,4548,654571,0,geod_dist_to_target,5,27.27454286738275
33764.44,KDPP,412,12291,654571,0,geod_dist_to_target,6,26.501275710233358
33764.44,KDPP,412,3805,654571,0,geod_dist_to_target,7,5.854268102904892
33764.44,KDPP,412,6159,654571,0,geod_dist_to_target,8,0.2403591873568953
33764.44,KDPP,412,6159,654571,0,geod_dist_to_target,9,0.2403591873568953
33764.44,KDPP,412,412,654571,0,geod_dist_to_target,10,0.0
33764.44,KDPP,412,412,654571,0,geod_dist_to_target,11,0.0
33764.44,KDPP,412,1951,654571,0,geod_dist_to_target,12,0.2901684246817361
33764.44,KDPP,412,412,654571,0,geod_dist_to_target,13,0.0
33764.44,KDPP,412,412,654571,0,geod_dist_to_target,14,0.0
33764.44,KDPP,412,5953,654571,0,geod_dist_to_target,15,0.27150774923821874
33764.44,KDPP,412,412,654571,0,geod_dist_to_target,16,0.0
33764.44,KDPP,412,412,654571,0,geod_dist_to_target,17,0.0
33764.44,KDPP,412,412,654571,0,geod_dist_to_target,18,0.0
33764.44,KDPP,412,412,654571,0,geod_dist_to_target,19,0.0
33764.44,KDPP,412,412,654571,0,geod_dist_to_target,20,0.0
33764.44,KDPP,412,412,654571,0,geod_dist_to_target,22,0.0
33764.44,KDPP,412,5953,654571,0,geod_dist_to_target,24,0.27150774923821874
33764.44,KDPP,412,5953,654571,0,geod_dist_to_target,26,0.27150774923821874
33764.44,KDPP,412,5953,654571,0,geod_dist_to_target,28,0.27150774923821874
33764.44,KDPP,412,5953,654571,0,geod_dist_to_target,30,0.27150774923821874
33764.44,KDPP,412,5953,654571,0,geod_dist_to_target,32,0.27150774923821874
33764.44,KDPP,412,6399,654571,0,geod_dist_to_target,34,2.863846359368136
33764.44,KDPP,412,6399,654571,0,geod_dist_to_target,36,2.863846359368136
33764.44,KDPP,412,6399,654571,0,geod_dist_to_target,38,2.863846359368136
33764.44,KDPP,412,6399,654571,0,geod_dist_to_target,40,2.863846359368136
33764.44,KDPP,412,10418,654571,0,geod_dist_to_target,42,4.0990912158700885
33764.44,KDPP,412,5953,654571,0,geod_dist_to_target,44,0.27150774923821874
33764.44,KDPP,412,10418,654571,0,geod_dist_to_target,46,4.0990912158700885
33764.44,KDPP,412,10418,654571,0,geod_dist_to_target,48,4.0990912158700885
33764.44,KDPP,412,5953,654571,0,geod_dist_to_target,50,0.27150774923821874
33764.44,KDPP,412,5953,654571,0,geod_dist_to_target,55,0.27150774923821874
33764.44,KDPP,412,5953,654571,0,geod_dist_to_target,60,0.27150774923821874
33764.44,KDPP,412,5953,654571,0,geod_dist_to_target,65,0.27150774923821874
33764.44,KDPP,412,5953,654571,0,geod_dist_to_target,70,0.27150774923821874
33764.44,KDPP,412,5953,654571,0,geod_dist_to_target,75,0.27150774923821874
33764.44,KDPP,412,5953,654571,0,geod_dist_to_target,80,0.27150774923821874
33764.44,KDPP,412,5953,654571,0,geod_dist_to_target,85,0.27150774923821874
33764.44,KDPP,412,412,654571,0,geod_dist_to_target,90,0.0
33764.44,KDPP,412,412,654571,0,geod_dist_to_target,95,0.0
33764.44,KDPP,412,412,654571,0,geod_dist_to_target,100,0.0
33764.44,KDPP,412,11616,438878,0,geod_dist_to_target,5,9.411877472135531
33764.44,KDPP,412,6616,438878,0,geod_dist_to_target,6,4.683590751049284
33764.44,KDPP,412,6616,438878,0,geod_dist_to_target,7,4.683590751049284
33764.44,KDPP,412,2661,438878,0,geod_dist_to_target,8,6.199189003788344
33764.44,KDPP,412,6733,438878,0,geod_dist_to_target,9,8.045269162084756
33764.44,KDPP,412,6733,438878,0,geod_dist_to_target,10,8.045269162084756
33764.44,KDPP,412,1405,438878,0,geod_dist_to_target,11,1.9857042677697558
33764.44,KDPP,412,1951,438878,0,geod_dist_to_target,12,0.2901684246817361
33764.44,KDPP,412,412,438878,0,geod_dist_to_target,13,0.0
33764.44,KDPP,412,5953,438878,0,geod_dist_to_target,14,0.27150774923821874
33764.44,KDPP,412,5953,438878,0,geod_dist_to_target,15,0.27150774923821874
33764.44,KDPP,412,5953,438878,0,geod_dist_to_target,16,0.27150774923821874
33764.44,KDPP,412,412,438878,0,geod_dist_to_target,17,0.0
33764.44,KDPP,412,412,438878,0,geod_dist_to_target,18,0.0
33764.44,KDPP,412,5953,438878,0,geod_dist_to_target,19,0.27150774923821874
33764.44,KDPP,412,5953,438878,0,geod_dist_to_target,20,0.27150774923821874
33764.44,KDPP,412,412,438878,0,geod_dist_to_target,22,0.0
33764.44,KDPP,412,412,438878,0,geod_dist_to_target,24,0.0
33764.44,KDPP,412,412,438878,0,geod_dist_to_target,26,0.0
33764.44,KDPP,412,412,438878,0,geod_dist_to_target,28,0.0
33764.44,KDPP,412,412,438878,0,geod_dist_to_target,30,0.0
33764.44,KDPP,412,412,438878,0,geod_dist_to_target,32,0.0
33764.44,KDPP,412,2563,438878,0,geod_dist_to_target,34,0.5873768680531021
33764.44,KDPP,412,2563,438878,0,geod_dist_to_target,36,0.5873768680531021
33764.44,KDPP,412,2563,438878,0,geod_dist_to_target,38,0.5873768680531021
33764.44,KDPP,412,2563,438878,0,geod_dist_to_target,40,0.5873768680531021
33764.44,KDPP,412,2563,438878,0,geod_dist_to_target,42,0.5873768680531021
33764.44,KDPP,412,2563,438878,0,geod_dist_to_target,44,0.5873768680531021
33764.44,KDPP,412,2563,438878,0,geod_dist_to_target,46,0.5873768680531021
33764.44,KDPP,412,2563,438878,0,geod_dist_to_target,48,0.5873768680531021
33764.44,KDPP,412,2563,438878,0,geod_dist_to_target,50,0.5873768680531021
33764.44,KDPP,412,2563,438878,0,geod_dist_to_target,55,0.5873768680531021
33764.44,KDPP,412,2563,438878,0,geod_dist_to_target,60,0.5873768680531021
33764.44,KDPP,412,2563,438878,0,geod_dist_to_target,65,0.5873768680531021
33764.44,KDPP,412,412,438878,0,geod_dist_to_target,70,0.0
33764.44,KDPP,412,412,438878,0,geod_dist_to_target,75,0.0
33764.44,KDPP,412,2563,438878,0,geod_dist_to_target,80,0.5873768680531021
33764.44,KDPP,412,2563,438878,0,geod_dist_to_target,85,0.5873768680531021
33764.44,KDPP,412,2563,438878,0,geod_dist_to_target,90,0.5873768680531021
33764.44,KDPP,412,2563,438878,0,geod_dist_to_target,95,0.5873768680531021
33764.44,KDPP,412,2563,438878,0,geod_dist_to_target,100,0.5873768680531021
33764.44,KDPP,412,11309,433015,0,geod_dist_to_target,5,22.504979916830873
33764.44,KDPP,412,4003,433015,0,geod_dist_to_target,6,1.1498408316314779
33764.44,KDPP,412,4003,433015,0,geod_dist_to_target,7,1.1498408316314779
33764.44,KDPP,412,5784,433015,0,geod_dist_to_target,8,0.6092214683359353
33764.44,KDPP,412,8577,433015,0,geod_dist_to_target,9,2.260220419152611
33764.44,KDPP,412,2041,433015,0,geod_dist_to_target,10,24.25081009967286
33764.44,KDPP,412,11322,433015,0,geod_dist_to_target,11,25.578861120353277
33764.44,KDPP,412,6160,433015,0,geod_dist_to_target,12,0.5037172425378162
33764.44,KDPP,412,6160,433015,0,geod_dist_to_target,13,0.5037172425378162
33764.44,KDPP,412,6160,433015,0,geod_dist_to_target,14,0.5037172425378162
33764.44,KDPP,412,6160,433015,0,geod_dist_to_target,15,0.5037172425378162
33764.44,KDPP,412,6160,433015,0,geod_dist_to_target,16,0.5037172425378162
33764.44,KDPP,412,6160,433015,0,geod_dist_to_target,17,0.5037172425378162
33764.44,KDPP,412,5920,433015,0,geod_dist_to_target,18,0.5601873444409661
33764.44,KDPP,412,5920,433015,0,geod_dist_to_target,19,0.5601873444409661
33764.44,KDPP,412,5920,433015,0,geod_dist_to_target,20,0.5601873444409661
33764.44,KDPP,412,5953,433015,0,geod_dist_to_target,22,0.27150774923821874
33764.44,KDPP,412,5953,433015,0,geod_dist_to_target,24,0.27150774923821874
33764.44,KDPP,412,5953,433015,0,geod_dist_to_target,26,0.27150774923821874
33764.44,KDPP,412,5953,433015,0,geod_dist_to_target,28,0.27150774923821874
33764.44,KDPP,412,5953,433015,0,geod_dist_to_target,30,0.27150774923821874
33764.44,KDPP,412,6159,433015,0,geod_dist_to_target,32,0.2403591873568953
33764.44,KDPP,412,6159,433015,0,geod_dist_to_target,34,0.2403591873568953
33764.44,KDPP,412,5920,433015,0,geod_dist_to_target,36,0.5601873444409661
33764.44,KDPP,412,5920,433015,0,geod_dist_to_target,38,0.5601873444409661
33764.44,KDPP,412,6159,433015,0,geod_dist_to_target,40,0.2403591873568953
33764.44,KDPP,412,6159,433015,0,geod_dist_to_target,42,0.2403591873568953
33764.44,KDPP,412,5953,433015,0,geod_dist_to_target,44,0.27150774923821874
33764.44,KDPP,412,5953,433015,0,geod_dist_to_target,46,0.27150774923821874
33764.44,KDPP,412,5953,433015,0,geod_dist_to_target,48,0.27150774923821874
33764.44,KDPP,412,5953,433015,0,geod_dist_to_target,50,0.27150774923821874
33764.44,KDPP,412,5953,433015,0,geod_dist_to_target,55,0.27150774923821874
33764.44,KDPP,412,5953,433015,0,geod_dist_to_target,60,0.27150774923821874
33764.44,KDPP,412,5953,433015,0,geod_dist_to_target,65,0.27150774923821874
33764.44,KDPP,412,5953,433015,0,geod_dist_to_target,70,0.27150774923821874
33764.44,KDPP,412,5953,433015,0,geod_dist_to_target,75,0.27150774923821874
33764.44,KDPP,412,5953,433015,0,geod_dist_to_target,80,0.27150774923821874
33764.44,KDPP,412,412,433015,0,geod_dist_to_target,85,0.0
33764.44,KDPP,412,412,433015,0,geod_dist_to_target,90,0.0
33764.44,KDPP,412,5784,433015,0,geod_dist_to_target,95,0.6092214683359353
33764.44,KDPP,412,5784,433015,0,geod_dist_to_target,100,0.6092214683359353
33764.44,KDPP,412,5952,858597,0,geod_dist_to_target,5,1.386710903594994
33764.44,KDPP,412,5784,858597,0,geod_dist_to_target,6,0.6092214683359353
33764.44,KDPP,412,5784,858597,0,geod_dist_to_target,7,0.6092214683359353
33764.44,KDPP,412,412,858597,0,geod_dist_to_target,8,0.0
33764.44,KDPP,412,9444,858597,0,geod_dist_to_target,9,0.6570037015080127
33764.44,KDPP,412,412,858597,0,geod_dist_to_target,10,0.0
33764.44,KDPP,412,412,858597,0,geod_dist_to_target,11,0.0
33764.44,KDPP,412,412,858597,0,geod_dist_to_target,12,0.0
33764.44,KDPP,412,412,858597,0,geod_dist_to_target,13,0.0
33764.44,KDPP,412,412,858597,0,geod_dist_to_target,14,0.0
33764.44,KDPP,412,412,858597,0,geod_dist_to_target,15,0.0
33764.44,KDPP,412,412,858597,0,geod_dist_to_target,16,0.0
33764.44,KDPP,412,412,858597,0,geod_dist_to_target,17,0.0
33764.44,KDPP,412,412,858597,0,geod_dist_to_target,18,0.0
33764.44,KDPP,412,412,858597,0,geod_dist_to_target,19,0.0
33764.44,KDPP,412,412,858597,0,geod_dist_to_target,20,0.0
33764.44,KDPP,412,6159,858597,0,geod_dist_to_target,22,0.2403591873568953
33764.44,KDPP,412,412,858597,0,geod_dist_to_target,24,0.0
33764.44,KDPP,412,412,858597,0,geod_dist_to_target,26,0.0
33764.44,KDPP,412,2563,858597,0,geod_dist_to_target,28,0.5873768680531021
33764.44,KDPP,412,412,858597,0,geod_dist_to_target,30,0.0
33764.44,KDPP,412,412,858597,0,geod_dist_to_target,32,0.0
33764.44,KDPP,412,1951,858597,0,geod_dist_to_target,34,0.2901684246817361
33764.44,KDPP,412,1951,858597,0,geod_dist_to_target,36,0.2901684246817361
33764.44,KDPP,412,1951,858597,0,geod_dist_to_target,38,0.2901684246817361
33764.44,KDPP,412,412,858597,0,geod_dist_to_target,40,0.0
33764.44,KDPP,412,412,858597,0,geod_dist_to_target,42,0.0
33764.44,KDPP,412,412,858597,0,geod_dist_to_target,44,0.0
33764.44,KDPP,412,412,858597,0,geod_dist_to_target,46,0.0
33764.44,KDPP,412,412,858597,0,geod_dist_to_target,48,0.0
33764.44,KDPP,412,1951,858597,0,geod_dist_to_target,50,0.2901684246817361
33764.44,KDPP,412,412,858597,0,geod_dist_to_target,55,0.0
33764.44,KDPP,412,412,858597,0,geod_dist_to_target,60,0.0
33764.44,KDPP,412,412,858597,0,geod_dist_to_target,65,0.0
33764.44,KDPP,412,5784,858597,0,geod_dist_to_target,70,0.6092214683359353
33764.44,KDPP,412,5784,858597,0,geod_dist_to_target,75,0.6092214683359353
33764.44,KDPP,412,5784,858597,0,geod_dist_to_target,80,0.6092214683359353
33764.44,KDPP,412,5784,858597,0,geod_dist_to_target,85,0.6092214683359353
33764.44,KDPP,412,5784,858597,0,geod_dist_to_target,90,0.6092214683359353
33764.44,KDPP,412,5784,858597,0,geod_dist_to_target,95,0.6092214683359353
33764.44,KDPP,412,5784,858597,0,geod_dist_to_target,100,0.6092214683359353
33764.44,KDPP,412,8438,85945,0,geod_dist_to_target,5,1.2405731732733865
33764.44,KDPP,412,9444,85945,0,geod_dist_to_target,6,0.6570037015080127
33764.44,KDPP,412,9444,85945,0,geod_dist_to_target,7,0.6570037015080127
33764.44,KDPP,412,9444,85945,0,geod_dist_to_target,8,0.6570037015080127
33764.44,KDPP,412,9444,85945,0,geod_dist_to_target,9,0.6570037015080127
33764.44,KDPP,412,412,85945,0,geod_dist_to_target,10,0.0
33764.44,KDPP,412,412,85945,0,geod_dist_to_target,11,0.0
33764.44,KDPP,412,6160,85945,0,geod_dist_to_target,12,0.5037172425378162
33764.44,KDPP,412,5953,85945,0,geod_dist_to_target,13,0.27150774923821874
33764.44,KDPP,412,5953,85945,0,geod_dist_to_target,14,0.27150774923821874
33764.44,KDPP,412,5953,85945,0,geod_dist_to_target,15,0.27150774923821874
33764.44,KDPP,412,5953,85945,0,geod_dist_to_target,16,0.27150774923821874
33764.44,KDPP,412,5953,85945,0,geod_dist_to_target,17,0.27150774923821874
33764.44,KDPP,412,5953,85945,0,geod_dist_to_target,18,0.27150774923821874
33764.44,KDPP,412,5953,85945,0,geod_dist_to_target,19,0.27150774923821874
33764.44,KDPP,412,5953,85945,0,geod_dist_to_target,20,0.27150774923821874
33764.44,KDPP,412,412,85945,0,geod_dist_to_target,22,0.0
33764.44,KDPP,412,412,85945,0,geod_dist_to_target,24,0.0
33764.44,KDPP,412,412,85945,0,geod_dist_to_target,26,0.0
33764.44,KDPP,412,412,85945,0,geod_dist_to_target,28,0.0
33764.44,KDPP,412,6159,85945,0,geod_dist_to_target,30,0.2403591873568953
33764.44,KDPP,412,6159,85945,0,geod_dist_to_target,32,0.2403591873568953
33764.44,KDPP,412,6159,85945,0,geod_dist_to_target,34,0.2403591873568953
33764.44,KDPP,412,6159,85945,0,geod_dist_to_target,36,0.2403591873568953
33764.44,KDPP,412,6159,85945,0,geod_dist_to_target,38,0.2403591873568953
33764.44,KDPP,412,6159,85945,0,geod_dist_to_target,40,0.2403591873568953
33764.44,KDPP,412,6159,85945,0,geod_dist_to_target,42,0.2403591873568953
33764.44,KDPP,412,6159,85945,0,geod_dist_to_target,44,0.2403591873568953
33764.44,KDPP,412,6159,85945,0,geod_dist_to_target,46,0.2403591873568953
33764.44,KDPP,412,6159,85945,0,geod_dist_to_target,48,0.2403591873568953
33764.44,KDPP,412,6159,85945,0,geod_dist_to_target,50,0.2403591873568953
33764.44,KDPP,412,6159,85945,0,geod_dist_to_target,55,0.2403591873568953
33764.44,KDPP,412,6159,85945,0,geod_dist_to_target,60,0.2403591873568953
33764.44,KDPP,412,6159,85945,0,geod_dist_to_target,65,0.2403591873568953
33764.44,KDPP,412,6159,85945,0,geod_dist_to_target,70,0.2403591873568953
33764.44,KDPP,412,6159,85945,0,geod_dist_to_target,75,0.2403591873568953
33764.44,KDPP,412,6159,85945,0,geod_dist_to_target,80,0.2403591873568953
33764.44,KDPP,412,412,85945,0,geod_dist_to_target,85,0.0
33764.44,KDPP,412,412,85945,0,geod_dist_to_target,90,0.0
33764.44,KDPP,412,412,85945,0,geod_dist_to_target,95,0.0
33764.44,KDPP,412,412,85945,0,geod_dist_to_target,100,0.0
33764.44,KDPP,412,2641,697368,0,geod_dist_to_target,5,24.774540113996164
33764.44,KDPP,412,1951,697368,0,geod_dist_to_target,6,0.2901684246817361
33764.44,KDPP,412,1951,697368,0,geod_dist_to_target,7,0.2901684246817361
33764.44,KDPP,412,1951,697368,0,geod_dist_to_target,8,0.2901684246817361
33764.44,KDPP,412,5884,697368,0,geod_dist_to_target,9,0.689277357296162
33764.44,KDPP,412,2563,697368,0,geod_dist_to_target,10,0.5873768680531021
33764.44,KDPP,412,6387,697368,0,geod_dist_to_target,11,2.1570396813695343
33764.44,KDPP,412,5884,697368,0,geod_dist_to_target,12,0.689277357296162
33764.44,KDPP,412,5884,697368,0,geod_dist_to_target,13,0.689277357296162
33764.44,KDPP,412,5884,697368,0,geod_dist_to_target,14,0.689277357296162
33764.44,KDPP,412,5884,697368,0,geod_dist_to_target,15,0.689277357296162
33764.44,KDPP,412,5884,697368,0,geod_dist_to_target,16,0.689277357296162
33764.44,KDPP,412,1951,697368,0,geod_dist_to_target,17,0.2901684246817361
33764.44,KDPP,412,1951,697368,0,geod_dist_to_target,18,0.2901684246817361
33764.44,KDPP,412,1951,697368,0,geod_dist_to_target,19,0.2901684246817361
33764.44,KDPP,412,1951,697368,0,geod_dist_to_target,20,0.2901684246817361
33764.44,KDPP,412,1951,697368,0,geod_dist_to_target,22,0.2901684246817361
33764.44,KDPP,412,2563,697368,0,geod_dist_to_target,24,0.5873768680531021
33764.44,KDPP,412,2563,697368,0,geod_dist_to_target,26,0.5873768680531021
33764.44,KDPP,412,1951,697368,0,geod_dist_to_target,28,0.2901684246817361
33764.44,KDPP,412,1951,697368,0,geod_dist_to_target,30,0.2901684246817361
33764.44,KDPP,412,1951,697368,0,geod_dist_to_target,32,0.2901684246817361
33764.44,KDPP,412,1951,697368,0,geod_dist_to_target,34,0.2901684246817361
33764.44,KDPP,412,412,697368,0,geod_dist_to_target,36,0.0
33764.44,KDPP,412,412,697368,0,geod_dist_to_target,38,0.0
33764.44,KDPP,412,412,697368,0,geod_dist_to_target,40,0.0
33764.44,KDPP,412,412,697368,0,geod_dist_to_target,42,0.0
33764.44,KDPP,412,412,697368,0,geod_dist_to_target,44,0.0
33764.44,KDPP,412,412,697368,0,geod_dist_to_target,46,0.0
33764.44,KDPP,412,5784,697368,0,geod_dist_to_target,48,0.6092214683359353
33764.44,KDPP,412,412,697368,0,geod_dist_to_target,50,0.0
33764.44,KDPP,412,412,697368,0,geod_dist_to_target,55,0.0
33764.44,KDPP,412,412,697368,0,geod_dist_to_target,60,0.0
33764.44,KDPP,412,412,697368,0,geod_dist_to_target,65,0.0
33764.44,KDPP,412,412,697368,0,geod_dist_to_target,70,0.0
33764.44,KDPP,412,412,697368,0,geod_dist_to_target,75,0.0
33764.44,KDPP,412,412,697368,0,geod_dist_to_target,80,0.0
33764.44,KDPP,412,412,697368,0,geod_dist_to_target,85,0.0
33764.44,KDPP,412,412,697368,0,geod_dist_to_target,90,0.0
33764.44,KDPP,412,412,697368,0,geod_dist_to_target,95,0.0
33764.44,KDPP,412,5784,697368,0,geod_dist_to_target,100,0.6092214683359353
33764.44,KDPP,412,11104,201469,0,geod_dist_to_target,5,21.99788818330225
33764.44,KDPP,412,1951,201469,0,geod_dist_to_target,6,0.2901684246817361
33764.44,KDPP,412,1951,201469,0,geod_dist_to_target,7,0.2901684246817361
33764.44,KDPP,412,1951,201469,0,geod_dist_to_target,8,0.2901684246817361
33764.44,KDPP,412,5884,201469,0,geod_dist_to_target,9,0.689277357296162
33764.44,KDPP,412,5884,201469,0,geod_dist_to_target,10,0.689277357296162
33764.44,KDPP,412,5884,201469,0,geod_dist_to_target,11,0.689277357296162
33764.44,KDPP,412,2563,201469,0,geod_dist_to_target,12,0.5873768680531021
33764.44,KDPP,412,636,201469,0,geod_dist_to_target,13,1.640648713393917
33764.44,KDPP,412,636,201469,0,geod_dist_to_target,14,1.640648713393917
33764.44,KDPP,412,636,201469,0,geod_dist_to_target,15,1.640648713393917
33764.44,KDPP,412,5884,201469,0,geod_dist_to_target,16,0.689277357296162
33764.44,KDPP,412,636,201469,0,geod_dist_to_target,17,1.640648713393917
33764.44,KDPP,412,636,201469,0,geod_dist_to_target,18,1.640648713393917
33764.44,KDPP,412,636,201469,0,geod_dist_to_target,19,1.640648713393917
33764.44,KDPP,412,636,201469,0,geod_dist_to_target,20,1.640648713393917
33764.44,KDPP,412,636,201469,0,geod_dist_to_target,22,1.640648713393917
33764.44,KDPP,412,2563,201469,0,geod_dist_to_target,24,0.5873768680531021
33764.44,KDPP,412,2563,201469,0,geod_dist_to_target,26,0.5873768680531021
33764.44,KDPP,412,2563,201469,0,geod_dist_to_target,28,0.5873768680531021
33764.44,KDPP,412,636,201469,0,geod_dist_to_target,30,1.640648713393917
33764.44,KDPP,412,2563,201469,0,geod_dist_to_target,32,0.5873768680531021
33764.44,KDPP,412,636,201469,0,geod_dist_to_target,34,1.640648713393917
33764.44,KDPP,412,2563,201469,0,geod_dist_to_target,36,0.5873768680531021
33764.44,KDPP,412,2563,201469,0,geod_dist_to_target,38,0.5873768680531021
33764.44,KDPP,412,2563,201469,0,geod_dist_to_target,40,0.5873768680531021
33764.44,KDPP,412,2563,201469,0,geod_dist_to_target,42,0.5873768680531021
33764.44,KDPP,412,2563,201469,0,geod_dist_to_target,44,0.5873768680531021
33764.44,KDPP,412,2563,201469,0,geod_dist_to_target,46,0.5873768680531021
33764.44,KDPP,412,2563,201469,0,geod_dist_to_target,48,0.5873768680531021
33764.44,KDPP,412,2563,201469,0,geod_dist_to_target,50,0.5873768680531021
33764.44,KDPP,412,6389,201469,0,geod_dist_to_target,55,2.3435597772822105
33764.44,KDPP,412,9237,201469,0,geod_dist_to_target,60,1.478273039235452
33764.44,KDPP,412,6389,201469,0,geod_dist_to_target,65,2.3435597772822105
33764.44,KDPP,412,9237,201469,0,geod_dist_to_target,70,1.478273039235452
33764.44,KDPP,412,6389,201469,0,geod_dist_to_target,75,2.3435597772822105
33764.44,KDPP,412,9237,201469,0,geod_dist_to_target,80,1.478273039235452
33764.44,KDPP,412,9237,201469,0,geod_dist_to_target,85,1.478273039235452
33764.44,KDPP,412,9237,201469,0,geod_dist_to_target,90,1.478273039235452
33764.44,KDPP,412,6159,201469,0,geod_dist_to_target,95,0.2403591873568953
33764.44,KDPP,412,6159,201469,0,geod_dist_to_target,100,0.2403591873568953
33764.44,KDPP,412,5682,94177,0,geod_dist_to_target,5,17.009234882426338
33764.44,KDPP,412,10405,94177,0,geod_dist_to_target,6,15.25911249870691
33764.44,KDPP,412,10405,94177,0,geod_dist_to_target,7,15.25911249870691
33764.44,KDPP,412,10405,94177,0,geod_dist_to_target,8,15.25911249870691
33764.44,KDPP,412,5784,94177,0,geod_dist_to_target,9,0.6092214683359353
33764.44,KDPP,412,5784,94177,0,geod_dist_to_target,10,0.6092214683359353
33764.44,KDPP,412,5784,94177,0,geod_dist_to_target,11,0.6092214683359353
33764.44,KDPP,412,5784,94177,0,geod_dist_to_target,12,0.6092214683359353
33764.44,KDPP,412,5953,94177,0,geod_dist_to_target,13,0.27150774923821874
33764.44,KDPP,412,5953,94177,0,geod_dist_to_target,14,0.27150774923821874
33764.44,KDPP,412,5953,94177,0,geod_dist_to_target,15,0.27150774923821874
33764.44,KDPP,412,5953,94177,0,geod_dist_to_target,16,0.27150774923821874
33764.44,KDPP,412,5953,94177,0,geod_dist_to_target,17,0.27150774923821874
33764.44,KDPP,412,5953,94177,0,geod_dist_to_target,18,0.27150774923821874
33764.44,KDPP,412,4003,94177,0,geod_dist_to_target,19,1.1498408316314779
33764.44,KDPP,412,5784,94177,0,geod_dist_to_target,20,0.6092214683359353
33764.44,KDPP,412,5784,94177,0,geod_dist_to_target,22,0.6092214683359353
33764.44,KDPP,412,5784,94177,0,geod_dist_to_target,24,0.6092214683359353
33764.44,KDPP,412,5784,94177,0,geod_dist_to_target,26,0.6092214683359353
33764.44,KDPP,412,5784,94177,0,geod_dist_to_target,28,0.6092214683359353
33764.44,KDPP,412,5784,94177,0,geod_dist_to_target,30,0.6092214683359353
33764.44,KDPP,412,412,94177,0,geod_dist_to_target,32,0.0
33764.44,KDPP,412,5953,94177,0,geod_dist_to_target,34,0.27150774923821874
33764.44,KDPP,412,5953,94177,0,geod_dist_to_target,36,0.27150774923821874
33764.44,KDPP,412,5953,94177,0,geod_dist_to_target,38,0.27150774923821874
33764.44,KDPP,412,412,94177,0,geod_dist_to_target,40,0.0
33764.44,KDPP,412,5953,94177,0,geod_dist_to_target,42,0.27150774923821874
33764.44,KDPP,412,412,94177,0,geod_dist_to_target,44,0.0
33764.44,KDPP,412,412,94177,0,geod_dist_to_target,46,0.0
33764.44,KDPP,412,5953,94177,0,geod_dist_to_target,48,0.27150774923821874
33764.44,KDPP,412,5953,94177,0,geod_dist_to_target,50,0.27150774923821874
33764.44,KDPP,412,5953,94177,0,geod_dist_to_target,55,0.27150774923821874
33764.44,KDPP,412,5953,94177,0,geod_dist_to_target,60,0.27150774923821874
33764.44,KDPP,412,5953,94177,0,geod_dist_to_target,65,0.27150774923821874
33764.44,KDPP,412,5953,94177,0,geod_dist_to_target,70,0.27150774923821874
33764.44,KDPP,412,5953,94177,0,geod_dist_to_target,75,0.27150774923821874
33764.44,KDPP,412,5953,94177,0,geod_dist_to_target,80,0.27150774923821874
33764.44,KDPP,412,412,94177,0,geod_dist_to_target,85,0.0
33764.44,KDPP,412,412,94177,0,geod_dist_to_target,90,0.0
33764.44,KDPP,412,412,94177,0,geod_dist_to_target,95,0.0
33764.44,KDPP,412,5953,94177,0,geod_dist_to_target,100,0.27150774923821874
33764.44,KDPP-Norm,412,2733,89250,0,geod_dist_to_target,5,1.0461684241816511
33764.44,KDPP-Norm,412,8577,89250,0,geod_dist_to_target,6,2.260220419152611
33764.44,KDPP-Norm,412,3696,89250,0,geod_dist_to_target,7,8.266442597136416
33764.44,KDPP-Norm,412,11032,89250,0,geod_dist_to_target,8,7.413899560808837
33764.44,KDPP-Norm,412,5953,89250,0,geod_dist_to_target,9,0.27150774923821874
33764.44,KDPP-Norm,412,5784,89250,0,geod_dist_to_target,10,0.6092214683359353
33764.44,KDPP-Norm,412,5953,89250,0,geod_dist_to_target,11,0.27150774923821874
33764.44,KDPP-Norm,412,5953,89250,0,geod_dist_to_target,12,0.27150774923821874
33764.44,KDPP-Norm,412,5953,89250,0,geod_dist_to_target,13,0.27150774923821874
33764.44,KDPP-Norm,412,9342,89250,0,geod_dist_to_target,14,1.2981081922744464
33764.44,KDPP-Norm,412,1027,89250,0,geod_dist_to_target,15,1.9053800141054464
33764.44,KDPP-Norm,412,9342,89250,0,geod_dist_to_target,16,1.2981081922744464
33764.44,KDPP-Norm,412,1027,89250,0,geod_dist_to_target,17,1.9053800141054464
33764.44,KDPP-Norm,412,1027,89250,0,geod_dist_to_target,18,1.9053800141054464
33764.44,KDPP-Norm,412,9342,89250,0,geod_dist_to_target,19,1.2981081922744464
33764.44,KDPP-Norm,412,5953,89250,0,geod_dist_to_target,20,0.27150774923821874
33764.44,KDPP-Norm,412,5953,89250,0,geod_dist_to_target,22,0.27150774923821874
33764.44,KDPP-Norm,412,6159,89250,0,geod_dist_to_target,24,0.2403591873568953
33764.44,KDPP-Norm,412,6159,89250,0,geod_dist_to_target,26,0.2403591873568953
33764.44,KDPP-Norm,412,6159,89250,0,geod_dist_to_target,28,0.2403591873568953
33764.44,KDPP-Norm,412,6160,89250,0,geod_dist_to_target,30,0.5037172425378162
33764.44,KDPP-Norm,412,6159,89250,0,geod_dist_to_target,32,0.2403591873568953
33764.44,KDPP-Norm,412,6159,89250,0,geod_dist_to_target,34,0.2403591873568953
33764.44,KDPP-Norm,412,6159,89250,0,geod_dist_to_target,36,0.2403591873568953
33764.44,KDPP-Norm,412,6159,89250,0,geod_dist_to_target,38,0.2403591873568953
33764.44,KDPP-Norm,412,6159,89250,0,geod_dist_to_target,40,0.2403591873568953
33764.44,KDPP-Norm,412,412,89250,0,geod_dist_to_target,42,0.0
33764.44,KDPP-Norm,412,6159,89250,0,geod_dist_to_target,44,0.2403591873568953
33764.44,KDPP-Norm,412,6159,89250,0,geod_dist_to_target,46,0.2403591873568953
33764.44,KDPP-Norm,412,412,89250,0,geod_dist_to_target,48,0.0
33764.44,KDPP-Norm,412,412,89250,0,geod_dist_to_target,50,0.0
33764.44,KDPP-Norm,412,412,89250,0,geod_dist_to_target,55,0.0
33764.44,KDPP-Norm,412,412,89250,0,geod_dist_to_target,60,0.0
33764.44,KDPP-Norm,412,412,89250,0,geod_dist_to_target,65,0.0
33764.44,KDPP-Norm,412,412,89250,0,geod_dist_to_target,70,0.0
33764.44,KDPP-Norm,412,412,89250,0,geod_dist_to_target,75,0.0
33764.44,KDPP-Norm,412,412,89250,0,geod_dist_to_target,80,0.0
33764.44,KDPP-Norm,412,412,89250,0,geod_dist_to_target,85,0.0
33764.44,KDPP-Norm,412,412,89250,0,geod_dist_to_target,90,0.0
33764.44,KDPP-Norm,412,412,89250,0,geod_dist_to_target,95,0.0
33764.44,KDPP-Norm,412,412,89250,0,geod_dist_to_target,100,0.0
33764.44,KDPP-Norm,412,5964,773956,0,geod_dist_to_target,5,3.882828466931457
33764.44,KDPP-Norm,412,1027,773956,0,geod_dist_to_target,6,1.9053800141054464
33764.44,KDPP-Norm,412,6411,773956,0,geod_dist_to_target,7,6.2785862431771315
33764.44,KDPP-Norm,412,9352,773956,0,geod_dist_to_target,8,5.728357570677122
33764.44,KDPP-Norm,412,9342,773956,0,geod_dist_to_target,9,1.2981081922744464
33764.44,KDPP-Norm,412,2733,773956,0,geod_dist_to_target,10,1.0461684241816511
33764.44,KDPP-Norm,412,2733,773956,0,geod_dist_to_target,11,1.0461684241816511
33764.44,KDPP-Norm,412,2733,773956,0,geod_dist_to_target,12,1.0461684241816511
33764.44,KDPP-Norm,412,5920,773956,0,geod_dist_to_target,13,0.5601873444409661
33764.44,KDPP-Norm,412,2733,773956,0,geod_dist_to_target,14,1.0461684241816511
33764.44,KDPP-Norm,412,9342,773956,0,geod_dist_to_target,15,1.2981081922744464
33764.44,KDPP-Norm,412,9342,773956,0,geod_dist_to_target,16,1.2981081922744464
33764.44,KDPP-Norm,412,9342,773956,0,geod_dist_to_target,17,1.2981081922744464
33764.44,KDPP-Norm,412,5920,773956,0,geod_dist_to_target,18,0.5601873444409661
33764.44,KDPP-Norm,412,5920,773956,0,geod_dist_to_target,19,0.5601873444409661
33764.44,KDPP-Norm,412,5920,773956,0,geod_dist_to_target,20,0.5601873444409661
33764.44,KDPP-Norm,412,9342,773956,0,geod_dist_to_target,22,1.2981081922744464
33764.44,KDPP-Norm,412,9342,773956,0,geod_dist_to_target,24,1.2981081922744464
33764.44,KDPP-Norm,412,9342,773956,0,geod_dist_to_target,26,1.2981081922744464
33764.44,KDPP-Norm,412,9342,773956,0,geod_dist_to_target,28,1.2981081922744464
33764.44,KDPP-Norm,412,9342,773956,0,geod_dist_to_target,30,1.2981081922744464
33764.44,KDPP-Norm,412,5953,773956,0,geod_dist_to_target,32,0.27150774923821874
33764.44,KDPP-Norm,412,5953,773956,0,geod_dist_to_target,34,0.27150774923821874
33764.44,KDPP-Norm,412,5953,773956,0,geod_dist_to_target,36,0.27150774923821874
33764.44,KDPP-Norm,412,5953,773956,0,geod_dist_to_target,38,0.27150774923821874
33764.44,KDPP-Norm,412,5953,773956,0,geod_dist_to_target,40,0.27150774923821874
33764.44,KDPP-Norm,412,5953,773956,0,geod_dist_to_target,42,0.27150774923821874
33764.44,KDPP-Norm,412,5953,773956,0,geod_dist_to_target,44,0.27150774923821874
33764.44,KDPP-Norm,412,5953,773956,0,geod_dist_to_target,46,0.27150774923821874
33764.44,KDPP-Norm,412,5953,773956,0,geod_dist_to_target,48,0.27150774923821874
33764.44,KDPP-Norm,412,5953,773956,0,geod_dist_to_target,50,0.27150774923821874
33764.44,KDPP-Norm,412,5953,773956,0,geod_dist_to_target,55,0.27150774923821874
33764.44,KDPP-Norm,412,5953,773956,0,geod_dist_to_target,60,0.27150774923821874
33764.44,KDPP-Norm,412,5953,773956,0,geod_dist_to_target,65,0.27150774923821874
33764.44,KDPP-Norm,412,5953,773956,0,geod_dist_to_target,70,0.27150774923821874
33764.44,KDPP-Norm,412,5953,773956,0,geod_dist_to_target,75,0.27150774923821874
33764.44,KDPP-Norm,412,5953,773956,0,geod_dist_to_target,80,0.27150774923821874
33764.44,KDPP-Norm,412,5953,773956,0,geod_dist_to_target,85,0.27150774923821874
33764.44,KDPP-Norm,412,5953,773956,0,geod_dist_to_target,90,0.27150774923821874
33764.44,KDPP-Norm,412,5953,773956,0,geod_dist_to_target,95,0.27150774923821874
33764.44,KDPP-Norm,412,5953,773956,0,geod_dist_to_target,100,0.27150774923821874
33764.44,KDPP-Norm,412,5648,654571,0,geod_dist_to_target,5,15.963633984329851
33764.44,KDPP-Norm,412,1900,654571,0,geod_dist_to_target,6,22.80380652123525
33764.44,KDPP-Norm,412,3181,654571,0,geod_dist_to_target,7,35.98873072634721
33764.44,KDPP-Norm,412,3181,654571,0,geod_dist_to_target,8,35.98873072634721
33764.44,KDPP-Norm,412,11406,654571,0,geod_dist_to_target,9,36.03356946393547
33764.44,KDPP-Norm,412,11406,654571,0,geod_dist_to_target,10,36.03356946393547
33764.44,KDPP-Norm,412,2065,654571,0,geod_dist_to_target,11,26.238259909174186
33764.44,KDPP-Norm,412,11768,654571,0,geod_dist_to_target,12,25.50543012044571
33764.44,KDPP-Norm,412,2065,654571,0,geod_dist_to_target,13,26.238259909174186
33764.44,KDPP-Norm,412,1447,654571,0,geod_dist_to_target,14,0.6324281012816914
33764.44,KDPP-Norm,412,7270,654571,0,geod_dist_to_target,15,48.26918732629948
33764.44,KDPP-Norm,412,7270,654571,0,geod_dist_to_target,16,48.26918732629948
33764.44,KDPP-Norm,412,7270,654571,0,geod_dist_to_target,17,48.26918732629948
33764.44,KDPP-Norm,412,412,654571,0,geod_dist_to_target,18,0.0
33764.44,KDPP-Norm,412,412,654571,0,geod_dist_to_target,19,0.0
33764.44,KDPP-Norm,412,412,654571,0,geod_dist_to_target,20,0.0
33764.44,KDPP-Norm,412,412,654571,0,geod_dist_to_target,22,0.0
33764.44,KDPP-Norm,412,5953,654571,0,geod_dist_to_target,24,0.27150774923821874
33764.44,KDPP-Norm,412,5953,654571,0,geod_dist_to_target,26,0.27150774923821874
33764.44,KDPP-Norm,412,5953,654571,0,geod_dist_to_target,28,0.27150774923821874
33764.44,KDPP-Norm,412,5953,654571,0,geod_dist_to_target,30,0.27150774923821874
33764.44,KDPP-Norm,412,5953,654571,0,geod_dist_to_target,32,0.27150774923821874
33764.44,KDPP-Norm,412,5953,654571,0,geod_dist_to_target,34,0.27150774923821874
33764.44,KDPP-Norm,412,5953,654571,0,geod_dist_to_target,36,0.27150774923821874
33764.44,KDPP-Norm,412,5953,654571,0,geod_dist_to_target,38,0.27150774923821874
33764.44,KDPP-Norm,412,5953,654571,0,geod_dist_to_target,40,0.27150774923821874
33764.44,KDPP-Norm,412,5953,654571,0,geod_dist_to_target,42,0.27150774923821874
33764.44,KDPP-Norm,412,5953,654571,0,geod_dist_to_target,44,0.27150774923821874
33764.44,KDPP-Norm,412,5953,654571,0,geod_dist_to_target,46,0.27150774923821874
33764.44,KDPP-Norm,412,6160,654571,0,geod_dist_to_target,48,0.5037172425378162
33764.44,KDPP-Norm,412,6160,654571,0,geod_dist_to_target,50,0.5037172425378162
33764.44,KDPP-Norm,412,5953,654571,0,geod_dist_to_target,55,0.27150774923821874
33764.44,KDPP-Norm,412,5953,654571,0,geod_dist_to_target,60,0.27150774923821874
33764.44,KDPP-Norm,412,5953,654571,0,geod_dist_to_target,65,0.27150774923821874
33764.44,KDPP-Norm,412,5953,654571,0,geod_dist_to_target,70,0.27150774923821874
33764.44,KDPP-Norm,412,5953,654571,0,geod_dist_to_target,75,0.27150774923821874
33764.44,KDPP-Norm,412,5953,654571,0,geod_dist_to_target,80,0.27150774923821874
33764.44,KDPP-Norm,412,5953,654571,0,geod_dist_to_target,85,0.27150774923821874
33764.44,KDPP-Norm,412,5953,654571,0,geod_dist_to_target,90,0.27150774923821874
33764.44,KDPP-Norm,412,5953,654571,0,geod_dist_to_target,95,0.27150774923821874
33764.44,KDPP-Norm,412,5953,654571,0,geod_dist_to_target,100,0.27150774923821874
33764.44,KDPP-Norm,412,9371,438878,0,geod_dist_to_target,5,9.688617944570632
33764.44,KDPP-Norm,412,5800,438878,0,geod_dist_to_target,6,13.183557874220192
33764.44,KDPP-Norm,412,11841,438878,0,geod_dist_to_target,7,2.661532086657773
33764.44,KDPP-Norm,412,6393,438878,0,geod_dist_to_target,8,2.2681502285148465
33764.44,KDPP-Norm,412,6086,438878,0,geod_dist_to_target,9,3.6136669081713557
33764.44,KDPP-Norm,412,10985,438878,0,geod_dist_to_target,10,4.734671892637674
33764.44,KDPP-Norm,412,10985,438878,0,geod_dist_to_target,11,4.734671892637674
33764.44,KDPP-Norm,412,6427,438878,0,geod_dist_to_target,12,12.988470827542521
33764.44,KDPP-Norm,412,6427,438878,0,geod_dist_to_target,13,12.988470827542521
33764.44,KDPP-Norm,412,6427,438878,0,geod_dist_to_target,14,12.988470827542521
33764.44,KDPP-Norm,412,6427,438878,0,geod_dist_to_target,15,12.988470827542521
33764.44,KDPP-Norm,412,5954,438878,0,geod_dist_to_target,16,1.4519716382859904
33764.44,KDPP-Norm,412,5603,438878,0,geod_dist_to_target,17,0.5520376503836683
33764.44,KDPP-Norm,412,1027,438878,0,geod_dist_to_target,18,1.9053800141054464
33764.44,KDPP-Norm,412,2733,438878,0,geod_dist_to_target,19,1.0461684241816511
33764.44,KDPP-Norm,412,412,438878,0,geod_dist_to_target,20,0.0
33764.44,KDPP-Norm,412,412,438878,0,geod_dist_to_target,22,0.0
33764.44,KDPP-Norm,412,6159,438878,0,geod_dist_to_target,24,0.2403591873568953
33764.44,KDPP-Norm,412,6159,438878,0,geod_dist_to_target,26,0.2403591873568953
33764.44,KDPP-Norm,412,412,438878,0,geod_dist_to_target,28,0.0
33764.44,KDPP-Norm,412,412,438878,0,geod_dist_to_target,30,0.0
33764.44,KDPP-Norm,412,412,438878,0,geod_dist_to_target,32,0.0
33764.44,KDPP-Norm,412,412,438878,0,geod_dist_to_target,34,0.0
33764.44,KDPP-Norm,412,412,438878,0,geod_dist_to_target,36,0.0
33764.44,KDPP-Norm,412,412,438878,0,geod_dist_to_target,38,0.0
33764.44,KDPP-Norm,412,6159,438878,0,geod_dist_to_target,40,0.2403591873568953
33764.44,KDPP-Norm,412,6159,438878,0,geod_dist_to_target,42,0.2403591873568953
33764.44,KDPP-Norm,412,6159,438878,0,geod_dist_to_target,44,0.2403591873568953
33764.44,KDPP-Norm,412,6159,438878,0,geod_dist_to_target,46,0.2403591873568953
33764.44,KDPP-Norm,412,412,438878,0,geod_dist_to_target,48,0.0
33764.44,KDPP-Norm,412,412,438878,0,geod_dist_to_target,50,0.0
33764.44,KDPP-Norm,412,412,438878,0,geod_dist_to_target,55,0.0
33764.44,KDPP-Norm,412,412,438878,0,geod_dist_to_target,60,0.0
33764.44,KDPP-Norm,412,412,438878,0,geod_dist_to_target,65,0.0
33764.44,KDPP-Norm,412,6159,438878,0,geod_dist_to_target,70,0.2403591873568953
33764.44,KDPP-Norm,412,2563,438878,0,geod_dist_to_target,75,0.5873768680531021
33764.44,KDPP-Norm,412,2563,438878,0,geod_dist_to_target,80,0.5873768680531021
33764.44,KDPP-Norm,412,2563,438878,0,geod_dist_to_target,85,0.5873768680531021
33764.44,KDPP-Norm,412,2563,438878,0,geod_dist_to_target,90,0.5873768680531021
33764.44,KDPP-Norm,412,2563,438878,0,geod_dist_to_target,95,0.5873768680531021
33764.44,KDPP-Norm,412,2563,438878,0,geod_dist_to_target,100,0.5873768680531021
33764.44,KDPP-Norm,412,6616,433015,0,geod_dist_to_target,5,4.683590751049284
33764.44,KDPP-Norm,412,3560,433015,0,geod_dist_to_target,6,6.865577400808348
33764.44,KDPP-Norm,412,7427,433015,0,geod_dist_to_target,7,6.825112936176652
33764.44,KDPP-Norm,412,7427,433015,0,geod_dist_to_target,8,6.825112936176652
33764.44,KDPP-Norm,412,7048,433015,0,geod_dist_to_target,9,4.993035827273842
33764.44,KDPP-Norm,412,7048,433015,0,geod_dist_to_target,10,4.993035827273842
33764.44,KDPP-Norm,412,7048,433015,0,geod_dist_to_target,11,4.993035827273842
33764.44,KDPP-Norm,412,7048,433015,0,geod_dist_to_target,12,4.993035827273842
33764.44,KDPP-Norm,412,7048,433015,0,geod_dist_to_target,13,4.993035827273842
33764.44,KDPP-Norm,412,7048,433015,0,geod_dist_to_target,14,4.993035827273842
33764.44,KDPP-Norm,412,7048,433015,0,geod_dist_to_target,15,4.993035827273842
33764.44,KDPP-Norm,412,7048,433015,0,geod_dist_to_target,16,4.993035827273842
33764.44,KDPP-Norm,412,6857,433015,0,geod_dist_to_target,17,3.7935334419752738
33764.44,KDPP-Norm,412,6857,433015,0,geod_dist_to_target,18,3.7935334419752738
33764.44,KDPP-Norm,412,6857,433015,0,geod_dist_to_target,19,3.7935334419752738
33764.44,KDPP-Norm,412,2563,433015,0,geod_dist_to_target,20,0.5873768680531021
33764.44,KDPP-Norm,412,2563,433015,0,geod_dist_to_target,22,0.5873768680531021
33764.44,KDPP-Norm,412,9237,433015,0,geod_dist_to_target,24,1.478273039235452
33764.44,KDPP-Norm,412,10803,433015,0,geod_dist_to_target,26,1.0974423369038628
33764.44,KDPP-Norm,412,10803,433015,0,geod_dist_to_target,28,1.0974423369038628
33764.44,KDPP-Norm,412,6159,433015,0,geod_dist_to_target,30,0.2403591873568953
33764.44,KDPP-Norm,412,2563,433015,0,geod_dist_to_target,32,0.5873768680531021
33764.44,KDPP-Norm,412,2563,433015,0,geod_dist_to_target,34,0.5873768680531021
33764.44,KDPP-Norm,412,412,433015,0,geod_dist_to_target,36,0.0
33764.44,KDPP-Norm,412,2563,433015,0,geod_dist_to_target,38,0.5873768680531021
33764.44,KDPP-Norm,412,2563,433015,0,geod_dist_to_target,40,0.5873768680531021
33764.44,KDPP-Norm,412,9237,433015,0,geod_dist_to_target,42,1.478273039235452
33764.44,KDPP-Norm,412,9237,433015,0,geod_dist_to_target,44,1.478273039235452
33764.44,KDPP-Norm,412,9237,433015,0,geod_dist_to_target,46,1.478273039235452
33764.44,KDPP-Norm,412,9237,433015,0,geod_dist_to_target,48,1.478273039235452
33764.44,KDPP-Norm,412,9237,433015,0,geod_dist_to_target,50,1.478273039235452
33764.44,KDPP-Norm,412,5953,433015,0,geod_dist_to_target,55,0.27150774923821874
33764.44,KDPP-Norm,412,5953,433015,0,geod_dist_to_target,60,0.27150774923821874
33764.44,KDPP-Norm,412,5784,433015,0,geod_dist_to_target,65,0.6092214683359353
33764.44,KDPP-Norm,412,5784,433015,0,geod_dist_to_target,70,0.6092214683359353
33764.44,KDPP-Norm,412,5953,433015,0,geod_dist_to_target,75,0.27150774923821874
33764.44,KDPP-Norm,412,5784,433015,0,geod_dist_to_target,80,0.6092214683359353
33764.44,KDPP-Norm,412,5953,433015,0,geod_dist_to_target,85,0.27150774923821874
33764.44,KDPP-Norm,412,5953,433015,0,geod_dist_to_target,90,0.27150774923821874
33764.44,KDPP-Norm,412,5953,433015,0,geod_dist_to_target,95,0.27150774923821874
33764.44,KDPP-Norm,412,412,433015,0,geod_dist_to_target,100,0.0
33764.44,KDPP-Norm,412,6168,858597,0,geod_dist_to_target,5,3.0404221060839096
33764.44,KDPP-Norm,412,485,858597,0,geod_dist_to_target,6,15.843279181677465
33764.44,KDPP-Norm,412,2062,858597,0,geod_dist_to_target,7,7.368636988755267
33764.44,KDPP-Norm,412,10975,858597,0,geod_dist_to_target,8,8.339890340031479
33764.44,KDPP-Norm,412,10975,858597,0,geod_dist_to_target,9,8.339890340031479
33764.44,KDPP-Norm,412,10975,858597,0,geod_dist_to_target,10,8.339890340031479
33764.44,KDPP-Norm,412,10975,858597,0,geod_dist_to_target,11,8.339890340031479
33764.44,KDPP-Norm,412,6560,858597,0,geod_dist_to_target,12,3.3811445990753377
33764.44,KDPP-Norm,412,5553,858597,0,geod_dist_to_target,13,2.7471667675058877
33764.44,KDPP-Norm,412,5553,858597,0,geod_dist_to_target,14,2.7471667675058877
33764.44,KDPP-Norm,412,1460,858597,0,geod_dist_to_target,15,1.4967425149709197
33764.44,KDPP-Norm,412,2768,858597,0,geod_dist_to_target,16,2.0420716141524617
33764.44,KDPP-Norm,412,9237,858597,0,geod_dist_to_target,17,1.478273039235452
33764.44,KDPP-Norm,412,9237,858597,0,geod_dist_to_target,18,1.478273039235452
33764.44,KDPP-Norm,412,9237,858597,0,geod_dist_to_target,19,1.478273039235452
33764.44,KDPP-Norm,412,2563,858597,0,geod_dist_to_target,20,0.5873768680531021
33764.44,KDPP-Norm,412,2563,858597,0,geod_dist_to_target,22,0.5873768680531021
33764.44,KDPP-Norm,412,2563,858597,0,geod_dist_to_target,24,0.5873768680531021
33764.44,KDPP-Norm,412,2563,858597,0,geod_dist_to_target,26,0.5873768680531021
33764.44,KDPP-Norm,412,2563,858597,0,geod_dist_to_target,28,0.5873768680531021
33764.44,KDPP-Norm,412,2563,858597,0,geod_dist_to_target,30,0.5873768680531021
33764.44,KDPP-Norm,412,2563,858597,0,geod_dist_to_target,32,0.5873768680531021
33764.44,KDPP-Norm,412,2563,858597,0,geod_dist_to_target,34,0.5873768680531021
33764.44,KDPP-Norm,412,2563,858597,0,geod_dist_to_target,36,0.5873768680531021
33764.44,KDPP-Norm,412,2563,858597,0,geod_dist_to_target,38,0.5873768680531021
33764.44,KDPP-Norm,412,2563,858597,0,geod_dist_to_target,40,0.5873768680531021
33764.44,KDPP-Norm,412,2563,858597,0,geod_dist_to_target,42,0.5873768680531021
33764.44,KDPP-Norm,412,2563,858597,0,geod_dist_to_target,44,0.5873768680531021
33764.44,KDPP-Norm,412,2563,858597,0,geod_dist_to_target,46,0.5873768680531021
33764.44,KDPP-Norm,412,2563,858597,0,geod_dist_to_target,48,0.5873768680531021
33764.44,KDPP-Norm,412,2563,858597,0,geod_dist_to_target,50,0.5873768680531021
33764.44,KDPP-Norm,412,2563,858597,0,geod_dist_to_target,55,0.5873768680531021
33764.44,KDPP-Norm,412,2563,858597,0,geod_dist_to_target,60,0.5873768680531021
33764.44,KDPP-Norm,412,2563,858597,0,geod_dist_to_target,65,0.5873768680531021
33764.44,KDPP-Norm,412,2563,858597,0,geod_dist_to_target,70,0.5873768680531021
33764.44,KDPP-Norm,412,2563,858597,0,geod_dist_to_target,75,0.5873768680531021
33764.44,KDPP-Norm,412,412,858597,0,geod_dist_to_target,80,0.0
33764.44,KDPP-Norm,412,412,858597,0,geod_dist_to_target,85,0.0
33764.44,KDPP-Norm,412,412,858597,0,geod_dist_to_target,90,0.0
33764.44,KDPP-Norm,412,412,858597,0,geod_dist_to_target,95,0.0
33764.44,KDPP-Norm,412,412,858597,0,geod_dist_to_target,100,0.0
33764.44,KDPP-Norm,412,3012,85945,0,geod_dist_to_target,5,4.820185442833332
33764.44,KDPP-Norm,412,9249,85945,0,geod_dist_to_target,6,7.350297285244138
33764.44,KDPP-Norm,412,3560,85945,0,geod_dist_to_target,7,6.865577400808348
33764.44,KDPP-Norm,412,6086,85945,0,geod_dist_to_target,8,3.6136669081713557
33764.44,KDPP-Norm,412,6569,85945,0,geod_dist_to_target,9,5.813182598582099
33764.44,KDPP-Norm,412,6569,85945,0,geod_dist_to_target,10,5.813182598582099
33764.44,KDPP-Norm,412,7427,85945,0,geod_dist_to_target,11,6.825112936176652
33764.44,KDPP-Norm,412,905,85945,0,geod_dist_to_target,12,2.3727809671522624
33764.44,KDPP-Norm,412,8079,85945,0,geod_dist_to_target,13,3.0335556223761944
33764.44,KDPP-Norm,412,7427,85945,0,geod_dist_to_target,14,6.825112936176652
33764.44,KDPP-Norm,412,8577,85945,0,geod_dist_to_target,15,2.260220419152611
33764.44,KDPP-Norm,412,8577,85945,0,geod_dist_to_target,16,2.260220419152611
33764.44,KDPP-Norm,412,1951,85945,0,geod_dist_to_target,17,0.2901684246817361
33764.44,KDPP-Norm,412,1951,85945,0,geod_dist_to_target,18,0.2901684246817361
33764.44,KDPP-Norm,412,1951,85945,0,geod_dist_to_target,19,0.2901684246817361
33764.44,KDPP-Norm,412,1951,85945,0,geod_dist_to_target,20,0.2901684246817361
33764.44,KDPP-Norm,412,5784,85945,0,geod_dist_to_target,22,0.6092214683359353
33764.44,KDPP-Norm,412,5784,85945,0,geod_dist_to_target,24,0.6092214683359353
33764.44,KDPP-Norm,412,5784,85945,0,geod_dist_to_target,26,0.6092214683359353
33764.44,KDPP-Norm,412,5784,85945,0,geod_dist_to_target,28,0.6092214683359353
33764.44,KDPP-Norm,412,5784,85945,0,geod_dist_to_target,30,0.6092214683359353
33764.44,KDPP-Norm,412,5953,85945,0,geod_dist_to_target,32,0.27150774923821874
33764.44,KDPP-Norm,412,5953,85945,0,geod_dist_to_target,34,0.27150774923821874
33764.44,KDPP-Norm,412,5953,85945,0,geod_dist_to_target,36,0.27150774923821874
33764.44,KDPP-Norm,412,5953,85945,0,geod_dist_to_target,38,0.27150774923821874
33764.44,KDPP-Norm,412,5953,85945,0,geod_dist_to_target,40,0.27150774923821874
33764.44,KDPP-Norm,412,412,85945,0,geod_dist_to_target,42,0.0
33764.44,KDPP-Norm,412,412,85945,0,geod_dist_to_target,44,0.0
33764.44,KDPP-Norm,412,412,85945,0,geod_dist_to_target,46,0.0
33764.44,KDPP-Norm,412,5784,85945,0,geod_dist_to_target,48,0.6092214683359353
33764.44,KDPP-Norm,412,5784,85945,0,geod_dist_to_target,50,0.6092214683359353
33764.44,KDPP-Norm,412,5784,85945,0,geod_dist_to_target,55,0.6092214683359353
33764.44,KDPP-Norm,412,5784,85945,0,geod_dist_to_target,60,0.6092214683359353
33764.44,KDPP-Norm,412,412,85945,0,geod_dist_to_target,65,0.0
33764.44,KDPP-Norm,412,412,85945,0,geod_dist_to_target,70,0.0
33764.44,KDPP-Norm,412,412,85945,0,geod_dist_to_target,75,0.0
33764.44,KDPP-Norm,412,412,85945,0,geod_dist_to_target,80,0.0
33764.44,KDPP-Norm,412,412,85945,0,geod_dist_to_target,85,0.0
33764.44,KDPP-Norm,412,412,85945,0,geod_dist_to_target,90,0.0
33764.44,KDPP-Norm,412,412,85945,0,geod_dist_to_target,95,0.0
33764.44,KDPP-Norm,412,412,85945,0,geod_dist_to_target,100,0.0
33764.44,KDPP-Norm,412,6387,697368,0,geod_dist_to_target,5,2.1570396813695343
33764.44,KDPP-Norm,412,6387,697368,0,geod_dist_to_target,6,2.1570396813695343
33764.44,KDPP-Norm,412,6718,697368,0,geod_dist_to_target,7,5.910394667767403
33764.44,KDPP-Norm,412,4000,697368,0,geod_dist_to_target,8,4.954702460848816
33764.44,KDPP-Norm,412,9338,697368,0,geod_dist_to_target,9,4.694337545091407
33764.44,KDPP-Norm,412,9338,697368,0,geod_dist_to_target,10,4.694337545091407
33764.44,KDPP-Norm,412,5466,697368,0,geod_dist_to_target,11,15.020184985461393
33764.44,KDPP-Norm,412,7048,697368,0,geod_dist_to_target,12,4.993035827273842
33764.44,KDPP-Norm,412,7048,697368,0,geod_dist_to_target,13,4.993035827273842
33764.44,KDPP-Norm,412,7048,697368,0,geod_dist_to_target,14,4.993035827273842
33764.44,KDPP-Norm,412,7048,697368,0,geod_dist_to_target,15,4.993035827273842
33764.44,KDPP-Norm,412,7048,697368,0,geod_dist_to_target,16,4.993035827273842
33764.44,KDPP-Norm,412,7048,697368,0,geod_dist_to_target,17,4.993035827273842
33764.44,KDPP-Norm,412,7048,697368,0,geod_dist_to_target,18,4.993035827273842
33764.44,KDPP-Norm,412,7048,697368,0,geod_dist_to_target,19,4.993035827273842
33764.44,KDPP-Norm,412,9237,697368,0,geod_dist_to_target,20,1.478273039235452
33764.44,KDPP-Norm,412,10803,697368,0,geod_dist_to_target,22,1.0974423369038628
33764.44,KDPP-Norm,412,6689,697368,0,geod_dist_to_target,24,3.207304698973316
33764.44,KDPP-Norm,412,6689,697368,0,geod_dist_to_target,26,3.207304698973316
33764.44,KDPP-Norm,412,6689,697368,0,geod_dist_to_target,28,3.207304698973316
33764.44,KDPP-Norm,412,6689,697368,0,geod_dist_to_target,30,3.207304698973316
33764.44,KDPP-Norm,412,6689,697368,0,geod_dist_to_target,32,3.207304698973316
33764.44,KDPP-Norm,412,6689,697368,0,geod_dist_to_target,34,3.207304698973316
33764.44,KDPP-Norm,412,6689,697368,0,geod_dist_to_target,36,3.207304698973316
33764.44,KDPP-Norm,412,9237,697368,0,geod_dist_to_target,38,1.478273039235452
33764.44,KDPP-Norm,412,9237,697368,0,geod_dist_to_target,40,1.478273039235452
33764.44,KDPP-Norm,412,9237,697368,0,geod_dist_to_target,42,1.478273039235452
33764.44,KDPP-Norm,412,9237,697368,0,geod_dist_to_target,44,1.478273039235452
33764.44,KDPP-Norm,412,9237,697368,0,geod_dist_to_target,46,1.478273039235452
33764.44,KDPP-Norm,412,9237,697368,0,geod_dist_to_target,48,1.478273039235452
33764.44,KDPP-Norm,412,9237,697368,0,geod_dist_to_target,50,1.478273039235452
33764.44,KDPP-Norm,412,2563,697368,0,geod_dist_to_target,55,0.5873768680531021
33764.44,KDPP-Norm,412,2563,697368,0,geod_dist_to_target,60,0.5873768680531021
33764.44,KDPP-Norm,412,412,697368,0,geod_dist_to_target,65,0.0
33764.44,KDPP-Norm,412,412,697368,0,geod_dist_to_target,70,0.0
33764.44,KDPP-Norm,412,412,697368,0,geod_dist_to_target,75,0.0
33764.44,KDPP-Norm,412,412,697368,0,geod_dist_to_target,80,0.0
33764.44,KDPP-Norm,412,412,697368,0,geod_dist_to_target,85,0.0
33764.44,KDPP-Norm,412,412,697368,0,geod_dist_to_target,90,0.0
33764.44,KDPP-Norm,412,412,697368,0,geod_dist_to_target,95,0.0
33764.44,KDPP-Norm,412,412,697368,0,geod_dist_to_target,100,0.0
33764.44,KDPP-Norm,412,1384,201469,0,geod_dist_to_target,5,21.10649063496011
33764.44,KDPP-Norm,412,4203,201469,0,geod_dist_to_target,6,1.6313737394823473
33764.44,KDPP-Norm,412,1835,201469,0,geod_dist_to_target,7,7.870972593173188
33764.44,KDPP-Norm,412,6420,201469,0,geod_dist_to_target,8,7.877433671768876
33764.44,KDPP-Norm,412,1951,201469,0,geod_dist_to_target,9,0.2901684246817361
33764.44,KDPP-Norm,412,412,201469,0,geod_dist_to_target,10,0.0
33764.44,KDPP-Norm,412,5920,201469,0,geod_dist_to_target,11,0.5601873444409661
33764.44,KDPP-Norm,412,5953,201469,0,geod_dist_to_target,12,0.27150774923821874
33764.44,KDPP-Norm,412,5953,201469,0,geod_dist_to_target,13,0.27150774923821874
33764.44,KDPP-Norm,412,5953,201469,0,geod_dist_to_target,14,0.27150774923821874
33764.44,KDPP-Norm,412,5953,201469,0,geod_dist_to_target,15,0.27150774923821874
33764.44,KDPP-Norm,412,5953,201469,0,geod_dist_to_target,16,0.27150774923821874
33764.44,KDPP-Norm,412,5953,201469,0,geod_dist_to_target,17,0.27150774923821874
33764.44,KDPP-Norm,412,5953,201469,0,geod_dist_to_target,18,0.27150774923821874
33764.44,KDPP-Norm,412,5953,201469,0,geod_dist_to_target,19,0.27150774923821874
33764.44,KDPP-Norm,412,412,201469,0,geod_dist_to_target,20,0.0
33764.44,KDPP-Norm,412,412,201469,0,geod_dist_to_target,22,0.0
33764.44,KDPP-Norm,412,5953,201469,0,geod_dist_to_target,24,0.27150774923821874
33764.44,KDPP-Norm,412,5953,201469,0,geod_dist_to_target,26,0.27150774923821874
33764.44,KDPP-Norm,412,5953,201469,0,geod_dist_to_target,28,0.27150774923821874
33764.44,KDPP-Norm,412,5953,201469,0,geod_dist_to_target,30,0.27150774923821874
33764.44,KDPP-Norm,412,5953,201469,0,geod_dist_to_target,32,0.27150774923821874
33764.44,KDPP-Norm,412,5953,201469,0,geod_dist_to_target,34,0.27150774923821874
33764.44,KDPP-Norm,412,412,201469,0,geod_dist_to_target,36,0.0
33764.44,KDPP-Norm,412,412,201469,0,geod_dist_to_target,38,0.0
33764.44,KDPP-Norm,412,412,201469,0,geod_dist_to_target,40,0.0
33764.44,KDPP-Norm,412,412,201469,0,geod_dist_to_target,42,0.0
33764.44,KDPP-Norm,412,412,201469,0,geod_dist_to_target,44,0.0
33764.44,KDPP-Norm,412,412,201469,0,geod_dist_to_target,46,0.0
33764.44,KDPP-Norm,412,412,201469,0,geod_dist_to_target,48,0.0
33764.44,KDPP-Norm,412,5784,201469,0,geod_dist_to_target,50,0.6092214683359353
33764.44,KDPP-Norm,412,412,201469,0,geod_dist_to_target,55,0.0
33764.44,KDPP-Norm,412,412,201469,0,geod_dist_to_target,60,0.0
33764.44,KDPP-Norm,412,412,201469,0,geod_dist_to_target,65,0.0
33764.44,KDPP-Norm,412,412,201469,0,geod_dist_to_target,70,0.0
33764.44,KDPP-Norm,412,412,201469,0,geod_dist_to_target,75,0.0
33764.44,KDPP-Norm,412,412,201469,0,geod_dist_to_target,80,0.0
33764.44,KDPP-Norm,412,412,201469,0,geod_dist_to_target,85,0.0
33764.44,KDPP-Norm,412,412,201469,0,geod_dist_to_target,90,0.0
33764.44,KDPP-Norm,412,412,201469,0,geod_dist_to_target,95,0.0
33764.44,KDPP-Norm,412,412,201469,0,geod_dist_to_target,100,0.0
33764.44,KDPP-Norm,412,5954,94177,0,geod_dist_to_target,5,1.4519716382859904
33764.44,KDPP-Norm,412,7915,94177,0,geod_dist_to_target,6,3.5168419106367614
33764.44,KDPP-Norm,412,9338,94177,0,geod_dist_to_target,7,4.694337545091407
33764.44,KDPP-Norm,412,6399,94177,0,geod_dist_to_target,8,2.863846359368136
33764.44,KDPP-Norm,412,10418,94177,0,geod_dist_to_target,9,4.0990912158700885
33764.44,KDPP-Norm,412,10418,94177,0,geod_dist_to_target,10,4.0990912158700885
33764.44,KDPP-Norm,412,636,94177,0,geod_dist_to_target,11,1.640648713393917
33764.44,KDPP-Norm,412,636,94177,0,geod_dist_to_target,12,1.640648713393917
33764.44,KDPP-Norm,412,636,94177,0,geod_dist_to_target,13,1.640648713393917
33764.44,KDPP-Norm,412,10418,94177,0,geod_dist_to_target,14,4.0990912158700885
33764.44,KDPP-Norm,412,10418,94177,0,geod_dist_to_target,15,4.0990912158700885
33764.44,KDPP-Norm,412,1951,94177,0,geod_dist_to_target,16,0.2901684246817361
33764.44,KDPP-Norm,412,1951,94177,0,geod_dist_to_target,17,0.2901684246817361
33764.44,KDPP-Norm,412,636,94177,0,geod_dist_to_target,18,1.640648713393917
33764.44,KDPP-Norm,412,412,94177,0,geod_dist_to_target,19,0.0
33764.44,KDPP-Norm,412,636,94177,0,geod_dist_to_target,20,1.640648713393917
33764.44,KDPP-Norm,412,1951,94177,0,geod_dist_to_target,22,0.2901684246817361
33764.44,KDPP-Norm,412,412,94177,0,geod_dist_to_target,24,0.0
33764.44,KDPP-Norm,412,5784,94177,0,geod_dist_to_target,26,0.6092214683359353
33764.44,KDPP-Norm,412,5784,94177,0,geod_dist_to_target,28,0.6092214683359353
33764.44,KDPP-Norm,412,1951,94177,0,geod_dist_to_target,30,0.2901684246817361
33764.44,KDPP-Norm,412,1951,94177,0,geod_dist_to_target,32,0.2901684246817361
33764.44,KDPP-Norm,412,1951,94177,0,geod_dist_to_target,34,0.2901684246817361
33764.44,KDPP-Norm,412,1951,94177,0,geod_dist_to_target,36,0.2901684246817361
33764.44,KDPP-Norm,412,1951,94177,0,geod_dist_to_target,38,0.2901684246817361
33764.44,KDPP-Norm,412,1951,94177,0,geod_dist_to_target,40,0.2901684246817361
33764.44,KDPP-Norm,412,412,94177,0,geod_dist_to_target,42,0.0
33764.44,KDPP-Norm,412,412,94177,0,geod_dist_to_target,44,0.0
33764.44,KDPP-Norm,412,412,94177,0,geod_dist_to_target,46,0.0
33764.44,KDPP-Norm,412,412,94177,0,geod_dist_to_target,48,0.0
33764.44,KDPP-Norm,412,412,94177,0,geod_dist_to_target,50,0.0
33764.44,KDPP-Norm,412,412,94177,0,geod_dist_to_target,55,0.0
33764.44,KDPP-Norm,412,412,94177,0,geod_dist_to_target,60,0.0
33764.44,KDPP-Norm,412,412,94177,0,geod_dist_to_target,65,0.0
33764.44,KDPP-Norm,412,412,94177,0,geod_dist_to_target,70,0.0
33764.44,KDPP-Norm,412,412,94177,0,geod_dist_to_target,75,0.0
33764.44,KDPP-Norm,412,412,94177,0,geod_dist_to_target,80,0.0
33764.44,KDPP-Norm,412,412,94177,0,geod_dist_to_target,85,0.0
33764.44,KDPP-Norm,412,412,94177,0,geod_dist_to_target,90,0.0
33764.44,KDPP-Norm,412,412,94177,0,geod_dist_to_target,95,0.0
33764.44,KDPP-Norm,412,5784,94177,0,geod_dist_to_target,100,0.6092214683359353
